state,district,dist_id,sped_enroll_fy23
ALABAMA,Alabama Youth Services,0100002,24
ALABAMA,Albertville City,0100005,491
ALABAMA,Marshall County,0100006,724
ALABAMA,Hoover City,0100007,1319
ALABAMA,Madison City,0100008,1317
ALABAMA,Al Inst Deaf And Blind,0100009,334
ALABAMA,Leeds City,0100011,314
ALABAMA,Boaz City,0100012,223
ALABAMA,Trussville City,0100013,453
ALABAMA,Alexander City,0100030,309
ALABAMA,Andalusia City,0100060,306
ALABAMA,Anniston City,0100090,196
ALABAMA,Arab City,0100100,278
ALABAMA,Athens City,0100120,588
ALABAMA,JF Ingram State Technical College,0100176,14
ALABAMA,Attalla City,0100180,201
ALABAMA,Saraland City,0100185,365
ALABAMA,Chickasaw City,0100188,-8
ALABAMA,Satsuma City,0100189,206
ALABAMA,Alabaster City,0100190,727
ALABAMA,Pelham City,0100194,399
ALABAMA,Pike Road City,0100195,246
ALABAMA,MAEF Public Charter Schools,0100197,85
ALABAMA,University Charter School,0100199,-8
ALABAMA,Legacy Prep,0100201,40
ALABAMA,Gulf Shores City,0100202,233
ALABAMA,LEAD Academy,0100203,-8
ALABAMA,i3 Academy,0100204,93
ALABAMA,LIFE Academy,0100207,5
ALABAMA,Breakthrough Charter School,0100208,-8
ALABAMA,Auburn City,0100210,1084
ALABAMA,Magic City Acceptance Academy,0100211,35
ALABAMA,Alabama Aerospace and Aviation,0100213,7
ALABAMA,Autauga County,0100240,1125
ALABAMA,Baldwin County,0100270,4546
ALABAMA,Barbour County,0100300,87
ALABAMA,Bessemer City,0100330,303
ALABAMA,Bibb County,0100360,398
ALABAMA,Birmingham City,0100390,2351
ALABAMA,Blount County,0100420,1134
ALABAMA,Brewton City,0100450,128
ALABAMA,Bullock County,0100480,125
ALABAMA,Butler County,0100510,346
ALABAMA,Calhoun County,0100540,1232
ALABAMA,Chambers County,0100600,507
ALABAMA,Cherokee County,0100630,499
ALABAMA,Chilton County,0100660,911
ALABAMA,Choctaw County,0100690,129
ALABAMA,Clarke County,0100720,292
ALABAMA,Clay County,0100750,209
ALABAMA,Cleburne County,0100780,295
ALABAMA,Coffee County,0100810,332
ALABAMA,Colbert County,0100840,478
ALABAMA,Conecuh County,0100870,150
ALABAMA,Coosa County,0100900,137
ALABAMA,Covington County,0100930,430
ALABAMA,Crenshaw County,0100960,339
ALABAMA,Cullman City,0100990,374
ALABAMA,Cullman County,0101020,1534
ALABAMA,Dale County,0101050,336
ALABAMA,Daleville City,0101080,155
ALABAMA,Dallas County,0101110,349
ALABAMA,DeKalb County,0101140,989
ALABAMA,Decatur City,0101170,1183
ALABAMA,Demopolis City,0101200,141
ALABAMA,Dothan City,0101230,1309
ALABAMA,Elba City,0101260,95
ALABAMA,Elmore County,0101290,1538
ALABAMA,Enterprise City,0101320,581
ALABAMA,Escambia County,0101350,530
ALABAMA,Etowah County,0101380,1230
ALABAMA,Eufaula City,0101410,860
ALABAMA,Fairfield City,0101440,-8
ALABAMA,Fayette County,0101470,298
ALABAMA,Florence City,0101530,612
ALABAMA,Fort Payne City,0101560,277
ALABAMA,Franklin County,0101590,537
ALABAMA,Gadsden City,0101620,656
ALABAMA,Geneva City,0101640,158
ALABAMA,Geneva County,0101660,413
ALABAMA,Greene County,0101680,-8
ALABAMA,Guntersville City,0101690,181
ALABAMA,Hale County,0101710,187
ALABAMA,Haleyville City,0101720,232
ALABAMA,Hartselle City,0101730,537
ALABAMA,Henry County,0101740,326
ALABAMA,Homewood City,0101760,309
ALABAMA,Houston County,0101770,855
ALABAMA,Huntsville City,0101800,3039
ALABAMA,Jackson County,0101830,732
ALABAMA,Jacksonville City,0101860,252
ALABAMA,Jasper City,0101890,380
ALABAMA,Jefferson County,0101920,4877
ALABAMA,Lamar County,0101950,364
ALABAMA,Lanett City,0101980,119
ALABAMA,Lauderdale County,0102010,1131
ALABAMA,Lawrence County,0102040,820
ALABAMA,Lee County,0102070,1394
ALABAMA,Limestone County,0102100,1968
ALABAMA,Linden City,0102130,-8
ALABAMA,Lowndes County,0102160,127
ALABAMA,Macon County,0102190,187
ALABAMA,Madison County,0102220,2433
ALABAMA,Marengo County,0102250,139
ALABAMA,Marion County,0102310,436
ALABAMA,Midfield City,0102350,-8
ALABAMA,Mobile County,0102370,7768
ALABAMA,Monroe County,0102400,391
ALABAMA,Montgomery County,0102430,2496
ALABAMA,Morgan County,0102480,1062
ALABAMA,Mountain Brook City,0102490,513
ALABAMA,Muscle Shoals City,0102520,322
ALABAMA,Oneonta City,0102550,118
ALABAMA,Opelika City,0102580,525
ALABAMA,Opp City,0102610,174
ALABAMA,Oxford City,0102635,541
ALABAMA,Ozark City,0102640,293
ALABAMA,Pell City,0102650,541
ALABAMA,Perry County,0102670,118
ALABAMA,Phenix City,0102700,744
ALABAMA,Pickens County,0102730,341
ALABAMA,Piedmont City,0102760,146
ALABAMA,Pike County,0102790,321
ALABAMA,Randolph County,0102820,304
ALABAMA,Roanoke City,0102850,149
ALABAMA,Russell County,0102880,421
ALABAMA,Russellville City,0102910,255
ALABAMA,Scottsboro City,0102940,265
ALABAMA,Selma City,0102970,292
ALABAMA,Sheffield City,0103000,166
ALABAMA,Shelby County,0103030,2503
ALABAMA,St Clair County,0103062,1410
ALABAMA,Sumter County,0103090,129
ALABAMA,Sylacauga City,0103120,277
ALABAMA,Talladega City,0103150,260
ALABAMA,Talladega County,0103180,975
ALABAMA,Tallapoosa County,0103210,379
ALABAMA,Tallassee City,0103240,266
ALABAMA,Tarrant City,0103270,148
ALABAMA,Thomasville City,0103300,-8
ALABAMA,Troy City,0103330,295
ALABAMA,Tuscaloosa City,0103360,1262
ALABAMA,Tuscaloosa County,0103390,2674
ALABAMA,Tuscumbia City,0103420,160
ALABAMA,Vestavia Hills City,0103430,667
ALABAMA,Walker County,0103450,1061
ALABAMA,Washington County,0103480,313
ALABAMA,Wilcox County,0103510,-8
ALABAMA,Winfield City,0103540,138
ALABAMA,Winston County,0103580,431
ALABAMA,Orange Beach City,0103581,101
ALABAMA,Empower Community School,0103582,7
ALASKA,Lower Kuskokwim School District,0200001,455
ALASKA,Lower Yukon School District,0200003,251
ALASKA,Yupiit School District,0200004,48
ALASKA,Kashunamiut School District,0200005,30
ALASKA,Mount Edgecumbe,0200006,15
ALASKA,Aleutians East Borough School District,0200007,-8
ALASKA,Aleutian Region School District,0200010,-8
ALASKA,Bering Strait School District,0200020,193
ALASKA,Bristol Bay Borough School District,0200030,19
ALASKA,Alaska Gateway School District,0200050,72
ALASKA,Cordova City School District,0200060,-8
ALASKA,Copper River School District,0200070,68
ALASKA,Craig City School District,0200090,93
ALASKA,Delta/Greely School District,0200100,95
ALASKA,Dillingham City School District,0200120,59
ALASKA,Galena City School District,0200130,-8
ALASKA,Ketchikan Gateway Borough School District,0200150,364
ALASKA,Anchorage School District,0200180,6183
ALASKA,Juneau Borough School District,0200210,840
ALASKA,Sitka School District,0200240,185
ALASKA,Haines Borough School District,0200270,-8
ALASKA,Hoonah City School District,0200300,-8
ALASKA,Hydaburg City School District,0200330,25
ALASKA,Kake City School District,0200360,-8
ALASKA,Kenai Peninsula Borough School District,0200390,1639
ALASKA,Klawock City School District,0200450,-8
ALASKA,Kodiak Island Borough School District,0200480,304
ALASKA,Lake and Peninsula Borough School District,0200485,-8
ALASKA,Matanuska-Susitna Borough School District,0200510,2650
ALASKA,Iditarod Area School District,0200520,-8
ALASKA,Annette Island School District,0200525,76
ALASKA,Nenana City School District,0200540,-8
ALASKA,Nome Public Schools,0200570,84
ALASKA,Fairbanks North Star Borough School District,0200600,2232
ALASKA,North Slope Borough School District,0200610,195
ALASKA,Northwest Arctic Borough School District,0200625,230
ALASKA,Pelican City School District,0200630,3
ALASKA,Petersburg Borough School District,0200660,71
ALASKA,Pribilof School District,0200670,4
ALASKA,Saint Mary's School District,0200680,-8
ALASKA,Skagway School District,0200690,22
ALASKA,Southeast Island School District,0200700,36
ALASKA,Southwest Region School District,0200710,82
ALASKA,Tanana City School District,0200715,8
ALASKA,Unalaska City School District,0200720,22
ALASKA,Chatham School District,0200730,-8
ALASKA,Kuspuk School District,0200760,41
ALASKA,Denali Borough School District,0200770,-8
ALASKA,Yukon Flats School District,0200775,22
ALASKA,Valdez City School District,0200780,98
ALASKA,Chugach School District,0200800,32
ALASKA,Wrangell Public School District,0200810,41
ALASKA,Yakutat School District,0200840,-8
ALASKA,Yukon-Koyukuk School District,0200862,365
ARIZONA,Cave Creek Unified District (4244),0400001,690
ARIZONA,Chino Valley Unified District (4474),0400003,434
ARIZONA,Clarkdale-Jerome Elementary District (4486),0400004,-8
ARIZONA,Salome Consolidated Elementary District (4514),0400005,-8
ARIZONA,"Center for Academic Success, Inc. (4191)",0400016,52
ARIZONA,"Pine Forest Education Association, Inc. (4201)",0400018,22
ARIZONA,Flagstaff Arts And Leadership Academy (4202),0400019,53
ARIZONA,Flagstaff Montessori (4205),0400020,19
ARIZONA,Colorado City Unified District (4370),0400021,138
ARIZONA,Vernon Elementary District (4162),0400022,-8
ARIZONA,Pinon Unified District (4390),0400023,139
ARIZONA,Heber-Overgaard Unified District (4392),0400026,60
ARIZONA,Triumphant Learning Center (4225),0400028,23
ARIZONA,"Ridgeline Academy, Inc. (4301)",0400031,82
ARIZONA,The Boys & Girls Clubs of the Valley (4305),0400033,33
ARIZONA,"Reid Traditional Schools' Valley Academy, Inc. (4306)",0400034,25
ARIZONA,"Twenty First Century Charter School, Inc. Bennett  (4310)",0400037,18
ARIZONA,"STEP UP Schools, Inc. (4313)",0400040,12
ARIZONA,Maricopa County Community College District dba Gat (4314),0400041,25
ARIZONA,New School For The Arts (4316),0400043,22
ARIZONA,Salt River Pima-Maricopa  Community Schools (4320),0400047,10
ARIZONA,Espiritu Community Development Corp. (4335),0400052,39
ARIZONA,"Heritage Academy, Inc. (4336)",0400053,111
ARIZONA,Villa Montessori Charter School (4339),0400054,48
ARIZONA,Arizona School For The Arts (4345),0400056,44
ARIZONA,Arizona Center for Youth Resources (4346),0400057,7
ARIZONA,"Intelli-School, Inc. (4352)",0400061,14
ARIZONA,Benjamin Franklin Charter School - Queen Creek (4355),0400065,296
ARIZONA,"Montessori Day Public Schools Chartered, Inc. (4359)",0400068,21
ARIZONA,Khalsa Montessori Elementary Schools (4360),0400069,9
ARIZONA,Tempe Preparatory Academy (4361),0400070,19
ARIZONA,"Bright Beginnings School, Inc. (4362)",0400071,18
ARIZONA,Montessori Education Centre Charter School (4363),0400072,52
ARIZONA,Kingman Academy Of Learning (4383),0400074,129
ARIZONA,Young Scholars Academy Charter School Corp. (4385),0400075,67
ARIZONA,"Career Development, Inc. (4400)",0400077,17
ARIZONA,"Edge School, Inc., The (4421)",0400078,38
ARIZONA,Tucson Youth Development/ACE Charter High School (4422),0400079,84
ARIZONA,Presidio School (4425),0400081,42
ARIZONA,Colorado River Union High School District (4381),0400082,225
ARIZONA,"Portable Practical Educational Preparation, Inc. ( (4431)",0400083,56
ARIZONA,"Sedona Charter School, Inc. (4492)",0400089,13
ARIZONA,Mingus Springs Charter School (4493),0400090,26
ARIZONA,"Franklin Phonetic Primary School, Inc. (4495)",0400092,74
ARIZONA,"Yuma Private Industry Council, Inc. (4509)",0400095,10
ARIZONA,Northland Preparatory Academy (4204),0400097,53
ARIZONA,Liberty High School (4216),0400099,9
ARIZONA,Ball Charter Schools (Hearn) (4294),0400100,79
ARIZONA,"Friendly House, Inc. (4303)",0400102,51
ARIZONA,"Ombudsman Educational Services, Ltd.,a subsidiary  (4323)",0400103,174
ARIZONA,"Arizona Agribusiness & Equine Center, Inc. (4331)",0400106,23
ARIZONA,"International Commerce Secondary Schools, Inc. (4334)",0400107,18
ARIZONA,Humanities and Sciences Academy of the United Stat (4337),0400108,19
ARIZONA,"Allen-Cochran Enterprises, Inc. (4347)",0400111,50
ARIZONA,"American Leadership Academy, Inc. (4348)",0400112,1355
ARIZONA,Hermosa Montessori Charter School (4426),0400115,35
ARIZONA,Arizona Department of Corrections (8336),0400120,25
ARIZONA,"Accelerated Learning Center, Inc. (4297)",0400121,21
ARIZONA,Acclaim Charter School (4325),0400122,24
ARIZONA,"Genesis Program, Inc. (4332)",0400124,6
ARIZONA,"Montessori Schoolhouse of Tucson, Inc. (4428)",0400126,-8
ARIZONA,Edkey Inc. dba American Heritage Academy  (6365),0400130,29
ARIZONA,"The Charter Foundation, Inc. (6355)",0400131,64
ARIZONA,"BASIS Charter Schools, Inc. (6361)",0400134,39
ARIZONA,"Challenge School, Inc. (6362)",0400135,19
ARIZONA,Discovery Plus Academy (6357),0400141,17
ARIZONA,CPLC Community Schools (4300),0400144,6
ARIZONA,"Gem Charter School, Inc. (6372)",0400145,4
ARIZONA,Ha:san Educational Services (6369),0400147,5
ARIZONA,Kaizen Education Foundation dba El Dorado High Sch (4342),0400149,69
ARIZONA,"Mexicayotl Academy, Inc. (4463)",0400150,8
ARIZONA,New Horizon School for the Performing Arts (4366),0400151,16
ARIZONA,Phoenix School of Academic Excellence The (6379),0400153,8
ARIZONA,"Shonto Governing Board of Education, Inc. (6353)",0400154,16
ARIZONA,"Edkey, Inc. - Sequoia Choice Schools (4329)",0400157,341
ARIZONA,Tucson Preparatory School (6374),0400159,15
ARIZONA,Coconino County Accommodation School District (10386),0400163,19
ARIZONA,"Keystone Montessori Charter School, Inc. (10878)",0400165,27
ARIZONA,"Benchmark School, Inc. (10972)",0400181,35
ARIZONA,"Cambridge Academy  East,  Inc (78888)",0400182,41
ARIZONA,Ball Charter Schools (Dobson) (79204),0400184,66
ARIZONA,"Phoenix Education Management, LLC, (4340)",0400185,25
ARIZONA,Stepping Stones Academy (10966),0400187,45
ARIZONA,Liberty Traditional Charter School (10968),0400190,64
ARIZONA,"Fit Kids, Inc. dba Champion Schools (78783)",0400191,118
ARIZONA,Pima County (4420),0400201,9
ARIZONA,"Academy of Tucson, Inc. (78897)",0400202,64
ARIZONA,"Mountain Rose Academy, Inc. (10879)",0400204,26
ARIZONA,Great Expectations Academy (10974),0400205,36
ARIZONA,"Mountain Oak Charter School, Inc. (78873)",0400208,7
ARIZONA,Painted Pony Ranch Charter School (10967),0400210,12
ARIZONA,Mary Ellen Halvorson Educational Foundation. dba:  (10965),0400211,4
ARIZONA,Benson Unified School District (79226),0400212,213
ARIZONA,"Painted Desert Demonstration Projects, Inc. (79086)",0400213,27
ARIZONA,Little Lamb Community School (79050),0400217,14
ARIZONA,American Basic Schools LLC (79215),0400218,68
ARIZONA,Career Success Schools (79047),0400219,50
ARIZONA,Kaizen Education Foundation dba South Pointe Eleme (79233),0400221,18
ARIZONA,Daisy Education Corporation dba Sonoran Science Ac (79049),0400223,93
ARIZONA,"Horizon Community Learning Center, Inc. (79264)",0400225,55
ARIZONA,Kaizen Education Foundation dba South Pointe Junio (78965),0400227,20
ARIZONA,Milestones Charter School (79207),0400229,15
ARIZONA,Pathfinder Charter School Foundation (79024),0400230,37
ARIZONA,James Madison Preparatory School (79063),0400231,14
ARIZONA,Self Development Charter School (79072),0400232,39
ARIZONA,"Excalibur Charter Schools, Inc. (79214)",0400235,33
ARIZONA,"Metropolitan Arts Institute, Inc. (5181)",0400238,21
ARIZONA,P.L.C. Charter Schools (6235),0400239,52
ARIZONA,"Paragon Management, Inc. (5180)",0400241,304
ARIZONA,"Skyline Schools, Inc. (79084)",0400243,29
ARIZONA,"Edkey, Inc. - Sequoia Charter School (6446)",0400244,139
ARIZONA,"Edkey, Inc. - Sequoia Village School (79211)",0400246,74
ARIZONA,"Telesis Center for Learning, Inc. (79218)",0400248,37
ARIZONA,"Southern Arizona Community Academy, Inc. (79000)",0400254,12
ARIZONA,"Tucson Country Day School, Inc. (79073)",0400255,100
ARIZONA,"Carden of Tucson, Inc. (78858)",0400258,9
ARIZONA,"Southgate Academy, Inc. (79085)",0400259,34
ARIZONA,"Eastpointe High School, Inc. (78833)",0400261,36
ARIZONA,Patagonia Montessori Elementary School (79069),0400263,-8
ARIZONA,"Santa Cruz Valley Opportunities in Education, Inc. (79066)",0400264,11
ARIZONA,"PACE Preparatory Academy, Inc. (79068)",0400266,19
ARIZONA,"Kestrel Schools, Inc. (79065)",0400267,5
ARIZONA,Juniper Tree Academy (79064),0400268,87
ARIZONA,"GAR, LLC dba Student Choice High School (78997)",0400273,147
ARIZONA,AIBT Non-Profit Charter High School - Phoenix (79053),0400274,19
ARIZONA,Highland Free School (79061),0400275,7
ARIZONA,Academy with Community Partners  Inc (79213),0400276,15
ARIZONA,"Deer Valley Charter Schools, Inc. (79496)",0400278,3
ARIZONA,"West Gilbert Charter Elementary School, Inc. (79497)",0400279,36
ARIZONA,Mohave Accelerated Learning Center (79498),0400280,48
ARIZONA,"Masada Charter School, Inc. (79499)",0400281,118
ARIZONA,"Harvest Power Community Development Group, Inc. (79501)",0400282,105
ARIZONA,Omega Alpha Academy (79503),0400284,12
ARIZONA,Premier Charter High School (79569),0400288,14
ARIZONA,Pan-American Elementary Charter (79578),0400290,91
ARIZONA,Kingman Unified School District (79598),0400295,1197
ARIZONA,"North Star Charter School, Inc. (79701)",0400303,132
ARIZONA,Calibre Academy (79055),0400310,49
ARIZONA,"E-Institute Charter Schools, Inc. (79059)",0400311,103
ARIZONA,Yavapai Accommodation School District (79379),0400315,20
ARIZONA,Khalsa Family Services (79420),0400317,21
ARIZONA,Aprender Tucson (79426),0400318,24
ARIZONA,Acorn Montessori Charter School (79437),0400320,80
ARIZONA,"Pinnacle Education-WMCB, Inc. (79439)",0400321,3
ARIZONA,"Desert Rose Academy,Inc. (79441)",0400322,17
ARIZONA,"Crown Charter School, Inc (79443)",0400323,24
ARIZONA,Success School (79453),0400326,119
ARIZONA,Pointe Schools (79455),0400327,69
ARIZONA,American Virtual Academy (79461),0400329,759
ARIZONA,"Compass High School, Inc. (79467)",0400330,107
ARIZONA,James Sandoval Preparatory High School (79475),0400332,5
ARIZONA,"Destiny School, Inc. (6258)",0400339,27
ARIZONA,Noah Webster Schools - Mesa (10760),0400340,70
ARIZONA,"Griffin Foundation, Inc. The (79500)",0400343,12
ARIZONA,Kaizen Education Foundation dba Vista Grove Prepar (79871),0400351,4
ARIZONA,American Charter Schools Foundation d.b.a. Estrell (79873),0400352,11
ARIZONA,American Charter Schools Foundation d.b.a. Peoria  (79875),0400353,73
ARIZONA,American Charter Schools Foundation d.b.a. Sun Val (79877),0400354,44
ARIZONA,American Charter Schools Foundation d.b.a. West Ph (79879),0400355,40
ARIZONA,"Nosotros, Inc (79881)",0400356,40
ARIZONA,American Charter Schools Foundation d.b.a. Apache  (79883),0400357,28
ARIZONA,"Challenger Basic School, Inc. (79886)",0400359,10
ARIZONA,Arizona Community Development Corporation (79947),0400361,260
ARIZONA,"SC Jensen Corporation, Inc. dba Intelli-School (79951)",0400363,11
ARIZONA,"PAS Charter, Inc., dba Intelli-School (79953)",0400364,32
ARIZONA,"Valley of the Sun Waldorf Education Association, d (79957)",0400366,38
ARIZONA,Pima Prevention Partnership dba Pima Partnership S (79959),0400367,27
ARIZONA,"Academy of Mathematics and Science, Inc. (79961)",0400368,55
ARIZONA,Midtown Primary School (79994),0400370,15
ARIZONA,"Tucson International Academy, Inc. (79979)",0400373,56
ARIZONA,"Bell Canyon Charter School, Inc (79983)",0400374,25
ARIZONA,"Cortez Park Charter Middle School, Inc. (79988)",0400376,21
ARIZONA,"West Gilbert Charter Middle School, Inc. (79990)",0400377,13
ARIZONA,Carpe Diem Collegiate High School (80001),0400381,25
ARIZONA,CPLC Community Schools dba Toltecalli High School (80032),0400382,19
ARIZONA,American Charter Schools Foundation d.b.a. Desert  (79872),0400384,42
ARIZONA,American Charter Schools Foundation d.b.a. Crestvi (79874),0400385,17
ARIZONA,Kaizen Education Foundation dba Summit High School (79876),0400386,16
ARIZONA,Kaizen Education Foundation dba Tempe Accelerated  (79878),0400387,12
ARIZONA,Kaizen Education Foundation dba Skyview High Schoo (79880),0400388,23
ARIZONA,Kaizen Education Foundation dba Maya High School (79882),0400389,42
ARIZONA,"Camelback Education, Inc (79905)",0400390,78
ARIZONA,Avondale Learning dba Precision Academy (79929),0400394,0
ARIZONA,LEAD Charter Schools (79967),0400395,124
ARIZONA,"CAFA, Inc. dba Learning Foundation Performing Arts (79971)",0400397,25
ARIZONA,"Montessori Academy, Inc. (80011)",0400399,16
ARIZONA,New World Educational Center (78882),0400401,34
ARIZONA,Cholla Academy (5186),0400402,62
ARIZONA,"Akimel O Otham Pee Posh Charter School, Inc. (5978)",0400403,-8
ARIZONA,"Akimel O'Otham Pee Posh Charter School, Inc. (78966)",0400404,-8
ARIZONA,"Cornerstone Charter School,Inc (79077)",0400405,23
ARIZONA,"Happy Valley School, Inc. (79081)",0400406,27
ARIZONA,CITY Center for Collaborative Learning (85448),0400407,66
ARIZONA,"Satori, Inc. (85454)",0400409,27
ARIZONA,"Mohave Accelerated Elementary School, Inc. (85516)",0400413,61
ARIZONA,"Academy of Building Industries, Inc. (85540)",0400414,24
ARIZONA,"Edkey, Inc. (85749)",0400415,44
ARIZONA,"Arizona Agribusiness & Equine Center, Inc. (85816)",0400417,29
ARIZONA,Gila County Regional School District (87600),0400419,-8
ARIZONA,Pillar Charter School (87334),0400420,-8
ARIZONA,Legacy Education Group (87349),0400423,32
ARIZONA,"Rosefield Charter Elementary School, Inc. (87399)",0400424,62
ARIZONA,"East Mesa Charter Elementary School, Inc. (87401)",0400425,72
ARIZONA,"Arizona Connections Academy Charter School, Inc. (87407)",0400427,361
ARIZONA,Country Gardens Charter Schools (79074),0400429,32
ARIZONA,"Portable Practical Educational Preparation, Inc. ( (87405)",0400432,1064
ARIZONA,"Imagine Charter Elementary at Desert West, Inc. (88367)",0400438,35
ARIZONA,"Desert Star Community School, Inc. (88321)",0400439,9
ARIZONA,Chandler Preparatory Academy (88299),0400440,54
ARIZONA,"Imagine Middle at Surprise, Inc. (88372)",0400441,40
ARIZONA,"Imagine Middle at East Mesa, Inc. (88369)",0400442,21
ARIZONA,Prescott Valley Charter School (88317),0400444,67
ARIZONA,"Imagine Charter Elementary at Camelback, Inc. (88365)",0400445,21
ARIZONA,American Charter Schools Foundation d.b.a. South R (88334),0400447,29
ARIZONA,"Desert Sky Community School, Inc. (88308)",0400448,4
ARIZONA,Agua Fria Union High School District (4289),0400450,1046
ARIZONA,Yavapai County Juvenile Justice Center (79533),0400460,8
ARIZONA,Arizona State Schools for the Deaf and the Blind (6393),0400463,340
ARIZONA,Aguila Elementary District (4249),0400480,-8
ARIZONA,Ajo Unified District (4409),0400520,48
ARIZONA,Alhambra Elementary District (4280),0400600,1141
ARIZONA,"BASIS Charter Schools, Inc. (81078)",0400608,19
ARIZONA,Desert Heights Charter Schools (81099),0400610,103
ARIZONA,"Educational Impact, Inc. (81123)",0400613,19
ARIZONA,MCCCD on behalf of Phoenix College Preparatory Aca (81174),0400614,15
ARIZONA,New School for the Arts Middle School (80985),0400616,6
ARIZONA,American Charter Schools Foundation d.b.a. South P (80989),0400618,83
ARIZONA,American Charter Schools Foundation d.b.a. Alta Vi (80995),0400619,58
ARIZONA,"Pinnacle Education-Tempe, Inc. (81001)",0400621,20
ARIZONA,"Pinnacle Education-Kino, Inc. (81009)",0400625,0
ARIZONA,"Pinnacle Education-Casa Grande, Inc. (81011)",0400626,5
ARIZONA,Alpine Elementary District (4161),0400630,10
ARIZONA,Cochise Community Development Corporation (81027),0400632,60
ARIZONA,"Canyon Rose Academy, Inc. (81029)",0400633,32
ARIZONA,Blueprint Education (81041),0400636,86
ARIZONA,"Edkey, Inc. - Redwood Academy (81043)",0400637,17
ARIZONA,"Edkey, Inc. - Pathfinder Academy (81045)",0400638,89
ARIZONA,"Edkey, Inc. - Sequoia School for the Deaf and Hard (81050)",0400640,68
ARIZONA,"Edkey, Inc. - Sequoia Ranch School (81052)",0400641,11
ARIZONA,Heritage Elementary School (81076),0400649,80
ARIZONA,"Edkey, Inc. - Arizona Conservatory for Arts and Ac (79981)",0400653,28
ARIZONA,Veritas Preparatory Academy (80992),0400655,44
ARIZONA,Amphitheater Unified District (4406),0400680,2125
ARIZONA,Antelope Union High School District (4506),0400720,29
ARIZONA,Legacy Traditional School - Maricopa (88360),0400745,84
ARIZONA,"Eduprize Schools, LLC (89412)",0400746,429
ARIZONA,Scottsdale Preparatory Academy (89756),0400747,33
ARIZONA,"Sage Academy, Inc. (89414)",0400748,14
ARIZONA,Apache Elementary District (4178),0400750,0
ARIZONA,"Concordia Charter School, Inc. (89556)",0400751,12
ARIZONA,"Imagine Desert West Middle, Inc. (89563)",0400754,35
ARIZONA,"Freedom Academy, Inc. (89506)",0400755,29
ARIZONA,"Imagine Camelback Middle, Inc. (89561)",0400756,15
ARIZONA,Arete Preparatory Academy (89486),0400757,34
ARIZONA,"Candeo Schools, Inc. (89758)",0400758,24
ARIZONA,Glendale Preparatory Academy (89829),0400760,26
ARIZONA,"EAGLE South Mountain Charter, Inc. (89850)",0400763,58
ARIZONA,ASU Preparatory Academy (89949),0400764,43
ARIZONA,"Imagine Coolidge Elementary, Inc. (89786)",0400766,70
ARIZONA,Pima Prevention Partnership dba Pima Partnership A (89864),0400768,11
ARIZONA,"Imagine Prep Coolidge, Inc. (90034)",0400769,78
ARIZONA,"Imagine Prep Surprise, Inc. (89790)",0400770,59
ARIZONA,Blue Adobe Project (89871),0400771,13
ARIZONA,Yuma County Sheriff's Office (79472),0400773,5
ARIZONA,Daisy Education Corporation dba Sonoran Science Ac (89915),0400774,47
ARIZONA,"San Tan Montessori School, Inc. (89798)",0400775,111
ARIZONA,Daisy Education Corporation dba Sonoran Science Ac (89914),0400776,26
ARIZONA,Daisy Education Corporation dba Paragon Science Ac (89917),0400778,15
ARIZONA,"Imagine Avondale Elementary, Inc. (89784)",0400780,37
ARIZONA,"Math and Science Success Academy, Inc. (89852)",0400781,50
ARIZONA,"Haven Montessori Children's House, Inc. (89951)",0400782,14
ARIZONA,"Imagine Prep Superstition, Inc. (89788)",0400783,34
ARIZONA,"AZ Compass Schools, Inc. (89869)",0400785,31
ARIZONA,"West Valley Arts and Technology Academy, Inc. (90036)",0400786,19
ARIZONA,Kaizen Education Foundation dba Vista Grove Prepar (90330),0400787,13
ARIZONA,ASU Preparatory Academy (90273),0400788,21
ARIZONA,Kaizen Education Foundation dba Liberty Arts Acade (90334),0400789,59
ARIZONA,Apache Junction Unified District (4443),0400790,496
ARIZONA,"Vector School District, Inc. (90317)",0400792,23
ARIZONA,"Morrison Education Group, Inc. (90192)",0400793,62
ARIZONA,"Academy Del Sol, Inc. (90199)",0400797,71
ARIZONA,Pioneer Preparatory School (90140),0400798,42
ARIZONA,Kaizen Education Foundation dba Gilbert Arts Acade (90333),0400799,28
ARIZONA,"The Odyssey Preparatory Academy, Inc. (90287)",0400800,373
ARIZONA,"Skyline Gila River Schools, LLC (90329)",0400801,41
ARIZONA,"Imagine Avondale Middle, Inc. (90162)",0400802,16
ARIZONA,"CAFA, Inc. dba Learning Foundation and Performing  (90327)",0400803,81
ARIZONA,"Choice Academies, Inc. (90138)",0400805,36
ARIZONA,Daisy Education Corporation dba. Sonoran Science A (90284),0400807,23
ARIZONA,"Imagine Superstition Middle, Inc. (90160)",0400810,20
ARIZONA,CPLC Community Schools dba Hiaki High School (90331),0400814,21
ARIZONA,Educational Options Foundation (90201),0400816,29
ARIZONA,Ed Ahead (90506),0400817,-8
ARIZONA,"BASIS Charter Schools, Inc. (90508)",0400818,13
ARIZONA,Anthem Preparatory Academy (90532),0400819,77
ARIZONA,"Compass Points International, Inc (90533)",0400820,33
ARIZONA,Pima Prevention Partnership (90536),0400821,8
ARIZONA,Daisy Education Corporation dba. Sonoran Science A (90541),0400822,26
ARIZONA,Kaizen Education Foundation dba Mission Heights Pr (90548),0400823,69
ARIZONA,Leading Edge Academy Maricopa (90637),0400824,116
ARIZONA,Arizona Education Solutions (90758),0400827,133
ARIZONA,"Arizona Agribusiness & Equine Center, Inc. (90779)",0400828,22
ARIZONA,"BASIS Charter Schools, Inc. (90841)",0400829,15
ARIZONA,"BASIS Charter Schools, Inc. (90842)",0400830,12
ARIZONA,"BASIS Charter Schools, Inc. (90862)",0400831,26
ARIZONA,Archway Classical Academy Trivium West (90915),0400832,86
ARIZONA,Archway Classical Academy Veritas (90916),0400833,55
ARIZONA,Archway Classical Academy Chandler (90917),0400834,34
ARIZONA,"Arizona Agribusiness & Equine Center, Inc. (91131)",0400838,23
ARIZONA,"Pima Rose Academy, Inc. (90997)",0400839,56
ARIZONA,Arlington Elementary District (4274),0400840,36
ARIZONA,Archway Classical Academy Scottsdale (90857),0400841,48
ARIZONA,Legacy Traditional School - Northwest Tucson (91137),0400842,125
ARIZONA,"BASIS Charter Schools, Inc. (91280)",0400843,11
ARIZONA,"La Tierra Community School, Inc (90900)",0400844,15
ARIZONA,Leading Edge Academy Queen Creek  (91174),0400845,50
ARIZONA,"South Valley Academy, Inc. (90540)",0400846,15
ARIZONA,Legacy Traditional School - Avondale (91135),0400847,112
ARIZONA,"EAGLE College Prep Harmony, LLC (91170)",0400849,16
ARIZONA,Reid Traditional Schools' Painted Rock Academy Inc (91317),0400850,35
ARIZONA,Trivium Preparatory Academy (90859),0400851,71
ARIZONA,Kaizen Education Foundation dba Havasu Preparatory (90535),0400852,26
ARIZONA,South Phoenix Academy Inc. (91108),0400853,18
ARIZONA,Legacy Traditional School - Chandler (91133),0400855,78
ARIZONA,ASU Preparatory Academy (91307),0400857,58
ARIZONA,ASU Preparatory Academy (91303),0400858,38
ARIZONA,ASU Preparatory Academy (91305),0400859,52
ARIZONA,North Phoenix Preparatory Academy (90879),0400861,30
ARIZONA,"The Paideia Academies, Inc (91250)",0400863,103
ARIZONA,Happy Valley East (90906),0400864,50
ARIZONA,Archway Classical Academy Glendale (91878),0400866,38
ARIZONA,Ball Charter Schools (Val Vista) (90885),0400867,66
ARIZONA,Ash Creek Elementary District (4187),0400870,4
ARIZONA,Legacy Traditional School ? Laveen Village (91763),0400871,94
ARIZONA,"Institute for Transformative Education, Inc. (90876)",0400872,8
ARIZONA,Archway Classical Academy North Phoenix (91758),0400873,67
ARIZONA,Maryvale Preparatory Academy (90861),0400875,146
ARIZONA,"George Gervin Youth Center, Inc. (90884)",0400876,20
ARIZONA,Empower College Prep (91277),0400877,119
ARIZONA,"BASIS Charter Schools, Inc. (91309)",0400878,11
ARIZONA,Scottsdale Country Day School (91110),0400879,4
ARIZONA,Southwest Leadership Academy (92043),0400880,28
ARIZONA,"BASIS Charter Schools, Inc. (92349)",0400881,25
ARIZONA,Kaizen Education Foundation dba Advance U (91329),0400882,4
ARIZONA,ASU Preparatory Academy (92327),0400884,41
ARIZONA,Incito Schools (91326),0400885,55
ARIZONA,Archway Classical Academy Cicero (92314),0400886,51
ARIZONA,"Vista College Preparatory, Inc. (91948)",0400887,164
ARIZONA,Archway Classical Academy Arete (92312),0400888,51
ARIZONA,ASU Preparatory Academy (92325),0400890,48
ARIZONA,"Academy of Mathematics and Science South, Inc. (90878)",0400891,405
ARIZONA,Legacy Traditional School - Casa Grande (92199),0400892,108
ARIZONA,Hirsch Academy A Challenge Foundation (91275),0400893,23
ARIZONA,Kaizen Education Foundation dba Discover U Element (91328),0400894,24
ARIZONA,Espiritu Community Development Corp. (92250),0400895,36
ARIZONA,"BASIS Charter Schools, Inc. (91339)",0400897,9
ARIZONA,"BASIS Charter Schools, Inc. (91949)",0400898,40
ARIZONA,Legacy Traditional School - Gilbert (92047),0400899,89
ARIZONA,Cicero Preparatory Academy (92316),0400900,44
ARIZONA,The Farm at Mission Montessori Academy (91340),0400902,-8
ARIZONA,"BASIS Charter Schools, Inc. (92320)",0400903,34
ARIZONA,"Edkey, Inc. - Sequoia Pathway Academy (92226)",0400904,82
ARIZONA,"BASIS Charter Schools, Inc. (92318)",0400905,36
ARIZONA,StrengthBuilding Partners (91992),0400907,8
ARIZONA,Madison Highland Prep (91935),0400909,30
ARIZONA,Ash Fork Joint Unified District (4471),0400910,46
ARIZONA,"Heritage Academy Gateway, Inc. (92519)",0400911,116
ARIZONA,"EAGLE College Prep Mesa, LLC. (91939)",0400912,14
ARIZONA,"Arizona Autism Charter Schools, Inc. (91958)",0400913,633
ARIZONA,"Franklin Phonetic Primary School, Inc. (92596)",0400914,19
ARIZONA,CASA Academy (91934),0400915,28
ARIZONA,"EAGLE College Prep Maryvale, LLC (91938)",0400916,25
ARIZONA,Arizona Language Preparatory (92566),0400918,-8
ARIZONA,Lincoln Preparatory Academy (92657),0400919,29
ARIZONA,"Horizon Community Learning Center, Inc. (92620)",0400921,41
ARIZONA,Desert Star Academy (92302),0400922,46
ARIZONA,"Western School of Science and Technology, Inc. (91937)",0400924,44
ARIZONA,Archway Classical Academy Lincoln (92656),0400925,65
ARIZONA,"Heritage Academy Laveen, Inc. (92520)",0400926,38
ARIZONA,Legacy Traditional School - Queen Creek (92610),0400927,119
ARIZONA,Noah Webster Schools-Pima (92374),0400929,62
ARIZONA,Roosevelt Preparatory Academy (92704),0400930,57
ARIZONA,Legacy Traditional School - Surprise (92879),0400933,199
ARIZONA,Self Development Academy-Phoenix (92381),0400934,35
ARIZONA,"BASIS Charter Schools, Inc. (92865)",0400936,19
ARIZONA,"BASIS Charter Schools, Inc. (92863)",0400937,27
ARIZONA,Espiritu Schools (92902),0400939,9
ARIZONA,"Academy of Mathematics and Science, Inc. (92768)",0400940,54
ARIZONA,"BASIS Charter Schools, Inc. (92734)",0400941,4
ARIZONA,Ethos Academy - A Challenge Foundation Academy (92379),0400942,39
ARIZONA,"BASIS Charter Schools, Inc. (92736)",0400943,45
ARIZONA,"Leman Academy of Excellence, Inc. (92730)",0400944,447
ARIZONA,Pensar Academy (92972),0400945,29
ARIZONA,ASU Preparatory Academy (346763),0400946,35
ARIZONA,ASU Preparatory Academy - Casa Grande (92987),0400947,8
ARIZONA,Legacy Traditional School - Glendale (850100),0400948,94
ARIZONA,"Pathways In Education-Arizona, Inc. (92983)",0400950,7
ARIZONA,Legacy Traditional School - Peoria (850099),0400951,61
ARIZONA,Kaizen Education Foundation dba Colegio Petite Pho (92989),0400952,23
ARIZONA,The Grande Innovation Academy (92978),0400953,53
ARIZONA,Legacy Traditional School - North Chandler (850101),0400954,71
ARIZONA,Estrella Educational Foundation (92988),0400955,10
ARIZONA,ASU Preparatory Academy (92716),0400956,3
ARIZONA,"BASIS Charter Schools, Inc. (92997)",0400958,25
ARIZONA,Legacy Traditional School - Phoenix (873957),0400959,88
ARIZONA,Avondale Elementary District (4272),0400960,822
ARIZONA,"BASIS Charter Schools, Inc. (549803)",0400961,45
ARIZONA,Legacy Traditional School - East Mesa (834265),0400962,123
ARIZONA,"BASIS Charter Schools, Inc. (273398)",0400963,22
ARIZONA,"Synergy Public School, Inc. (92981)",0400964,55
ARIZONA,ASU Preparatory Academy Digital (522074),0400965,185
ARIZONA,Highland Prep (92982),0400966,28
ARIZONA,"BASIS Charter Schools, Inc. (934316)",0400967,32
ARIZONA,Victory Collegiate Academy Corporation (92985),0400968,23
ARIZONA,Arizona Agribusiness & Equine Center INC. (134379),0400969,12
ARIZONA,"AIBT Non-Profit Charter High School, Inc. (449790)",0400970,-8
ARIZONA,Phoenix International Academy (903484),0400975,34
ARIZONA,Think Through Academy (92976),0400976,3
ARIZONA,The French American School of Arizona (395879),0400977,0
ARIZONA,Edison Project (743644),0400978,26
ARIZONA,"BASIS Charter Schools, Inc. (783027)",0400980,16
ARIZONA,Science Technology Engineering and Math Arizona (1000050),0400981,46
ARIZONA,Navajo County Sheriff's Office (79520),0400982,-8
ARIZONA,Yavapai County Sheriff's Office (79492),0400983,-8
ARIZONA,Pinal County Detention Education Center (79516),0400985,3
ARIZONA,Maricopa County Detention Education Center (1000313),0400986,38
ARIZONA,"Somerset Academy Arizona, Inc. (1000160)",0400987,18
ARIZONA,"Valor Preparatory Academy, LLC (1000291)",0400988,19
ARIZONA,ARCHES Academy (92980),0400989,5
ARIZONA,"New Learning Ventures, Inc. (320470)",0400990,18
ARIZONA,Legacy Traditional School - Goodyear (1000283),0400991,58
ARIZONA,Kaleidoscope School (1000164),0400992,32
ARIZONA,Legacy Traditional School - West Surprise (1000560),0400996,107
ARIZONA,Legacy Traditional School - North Phoenix (1000568),0400997,65
ARIZONA,A+ Charter Schools (1000166),0400998,47
ARIZONA,Freedom Preparatory Academy (1000979),0400999,23
ARIZONA,Bagdad Unified District (4468),0401000,96
ARIZONA,Scholars Academy Sunnyslope (1000377),0401002,32
ARIZONA,"Morrison Education Group, Inc. (1001157)",0401003,30
ARIZONA,"Candeo Schools, Inc. (1001161)",0401004,23
ARIZONA,American Charter Schools Foundation dba Ridgeview  (1001346),0401005,24
ARIZONA,Legacy Traditional School - Mesa (1001397),0401006,38
ARIZONA,Legacy Traditional School - Deer Valley (1001398),0401007,51
ARIZONA,Legacy Traditional School - East Tucson (1001399),0401008,51
ARIZONA,Glen Canyon Outdoor Academy (1001519),0401009,9
ARIZONA,Madison Highland Prep Phoenix (1001521),0401011,14
ARIZONA,"Co-Learn Club, Inc. (1001669)",0401012,17
ARIZONA,Online School of Arizona (1001719),0401013,8
ARIZONA,Copper State Academy (1001671),0401014,-8
ARIZONA,Cochise County Accommodation School District (1001687),0401015,4
ARIZONA,"SLAM Arizona, Inc. (1001859)",0401016,9
ARIZONA,Balsz Elementary District (4268),0401050,267
ARIZONA,Beaver Creek Elementary District (4481),0401080,83
ARIZONA,Bicentennial Union High School District (4515),0401160,24
ARIZONA,Bisbee Unified District (4169),0401180,55
ARIZONA,Bonita Elementary District (4224),0401260,11
ARIZONA,Bouse Elementary District (4513),0401290,8
ARIZONA,Bowie Unified District (4171),0401330,-8
ARIZONA,Buckeye Elementary District (4269),0401380,836
ARIZONA,Buckeye Union High School District (4284),0401410,718
ARIZONA,Sierra Vista Unified District (4175),0401460,481
ARIZONA,Bullhead City School District (4378),0401500,313
ARIZONA,Camp Verde Unified District (4470),0401600,209
ARIZONA,Canon Elementary District (4484),0401650,26
ARIZONA,Cartwright Elementary District (4282),0401680,1389
ARIZONA,Casa Grande Elementary District (4446),0401710,934
ARIZONA,Casa Grande Union High School District (4453),0401740,528
ARIZONA,Catalina Foothills Unified District (4410),0401760,445
ARIZONA,Cedar Unified District (4395),0401810,10
ARIZONA,Chandler Unified District #80 (4242),0401870,4841
ARIZONA,Chinle Unified District (4158),0401940,314
ARIZONA,Cochise Elementary District (4177),0402130,11
ARIZONA,Concho Elementary District (4160),0402190,-8
ARIZONA,Congress Elementary District (4479),0402220,-8
ARIZONA,Continental Elementary District (4416),0402250,107
ARIZONA,Coolidge Unified District (4442),0402320,329
ARIZONA,Cottonwood-Oak Creek Elementary District (4487),0402370,262
ARIZONA,Crane Elementary District (4501),0402400,563
ARIZONA,Creighton Elementary District (4263),0402430,561
ARIZONA,Double Adobe Elementary District (4179),0402490,6
ARIZONA,Douglas Unified District (4174),0402530,280
ARIZONA,Duncan Unified District (4228),0402600,60
ARIZONA,Dysart Unified District (4243),0402690,3606
ARIZONA,Mary C O'Brien Accommodation District (4435),0402740,28
ARIZONA,Elfrida Elementary District (4185),0402760,-8
ARIZONA,Eloy Elementary District (4448),0402790,83
ARIZONA,Flagstaff Unified District (4192),0402860,1336
ARIZONA,Florence Unified School District (4437),0402920,1534
ARIZONA,Flowing Wells Unified District (4405),0403010,777
ARIZONA,Fountain Hills Unified District (4247),0403040,139
ARIZONA,Fowler Elementary District (4273),0403060,426
ARIZONA,Fredonia-Moccasin Unified District (4195),0403080,34
ARIZONA,Fort Huachuca Accommodation District (4167),0403150,107
ARIZONA,Fort Thomas Unified District (4221),0403200,-8
ARIZONA,Gadsden Elementary District (4505),0403240,583
ARIZONA,Ganado Unified School District (4157),0403290,33
ARIZONA,Gila Bend Unified District (4238),0403310,-8
ARIZONA,Gilbert Unified District (4239),0403400,4306
ARIZONA,Glendale Elementary District (4271),0403420,1155
ARIZONA,Glendale Union High School District (4285),0403450,2019
ARIZONA,Globe Unified District (4208),0403500,206
ARIZONA,Grand Canyon Unified District (4194),0403550,-8
ARIZONA,Hackberry School District (4371),0403660,9
ARIZONA,Hayden-Winkelman Unified District (4212),0403730,-8
ARIZONA,Higley Unified School District (4248),0403780,1659
ARIZONA,Holbrook Unified District (4389),0403820,214
ARIZONA,Maricopa County Regional School District (4234),0403860,16
ARIZONA,Humboldt Unified District (4469),0403870,738
ARIZONA,Hyder Elementary District (4502),0403900,17
ARIZONA,Baboquivari Unified School District #40 (4412),0403950,143
ARIZONA,Isaac Elementary District (4259),0403960,598
ARIZONA,J O Combs Unified School District (4445),0403990,581
ARIZONA,Joseph City Unified District (4388),0404010,65
ARIZONA,Kayenta Unified School District #27 (4396),0404060,208
ARIZONA,Kirkland Elementary District (4480),0404170,17
ARIZONA,Kyrene Elementary District (4267),0404230,1792
ARIZONA,Lake Havasu Unified District (4368),0404280,751
ARIZONA,Laveen Elementary District (4276),0404290,933
ARIZONA,Liberty Elementary District (4266),0404320,600
ARIZONA,Litchfield Elementary District (4281),0404380,1327
ARIZONA,Littlefield Unified District (4374),0404410,-8
ARIZONA,Littleton Elementary District (4278),0404440,692
ARIZONA,Madison Elementary District (4270),0404500,525
ARIZONA,Maine Consolidated School District (4199),0404530,-8
ARIZONA,Mammoth-San Manuel Unified District (4439),0404570,-8
ARIZONA,Marana Unified District (4404),0404630,2322
ARIZONA,Maricopa Unified School District (4441),0404720,1379
ARIZONA,Altar Valley Elementary District (4418),0404770,-8
ARIZONA,Mayer Unified School District (4473),0404820,95
ARIZONA,Mcnary Elementary District (4163),0404860,25
ARIZONA,McNeal Elementary District (4181),0404920,19
ARIZONA,Mesa Unified District (4235),0404970,9509
ARIZONA,Miami Unified District (4211),0405030,117
ARIZONA,Mingus Union High School District (4488),0405070,157
ARIZONA,Mobile Elementary District (4253),0405100,4
ARIZONA,Mohave Valley Elementary District (4379),0405190,139
ARIZONA,Mohawk Valley Elementary District (4503),0405220,-8
ARIZONA,Morenci Unified District (4230),0405320,161
ARIZONA,Morristown Elementary District (4251),0405340,-8
ARIZONA,Pima County Accommodation School District (4401),0405360,106
ARIZONA,Murphy Elementary District (4265),0405400,117
ARIZONA,Naco Elementary District (4176),0405430,39
ARIZONA,Nadaburg Unified School District (4252),0405460,226
ARIZONA,Navajo County Accommodation District #99 (4386),0405500,3
ARIZONA,Nogales Unified District (4457),0405530,551
ARIZONA,Oracle Elementary District (4444),0405640,117
ARIZONA,Osborn Elementary District (4262),0405670,327
ARIZONA,Owens School District No.6 (4373),0405730,5
ARIZONA,Tonto Basin Elementary District (4215),0405760,21
ARIZONA,Page Unified School District #8  (4196),0405820,381
ARIZONA,Palo Verde Elementary District (4275),0405850,66
ARIZONA,Palominas Elementary School District 49 (4180),0405880,146
ARIZONA,Paradise Valley Unified District (4241),0405930,4179
ARIZONA,Parker Unified School District (4510),0405980,369
ARIZONA,Patagonia Elementary District (4460),0406000,-8
ARIZONA,Patagonia Union High School District (4462),0406030,12
ARIZONA,Payson Unified District (4209),0406070,333
ARIZONA,Peach Springs Unified District (4369),0406120,-8
ARIZONA,Pearce Elementary District (4186),0406150,23
ARIZONA,Pendergast Elementary District (4283),0406210,1038
ARIZONA,Peoria Unified School District (4237),0406250,4889
ARIZONA,Phoenix Elementary District (4256),0406300,660
ARIZONA,Phoenix Union High School District (4286),0406330,3300
ARIZONA,Picacho Elementary District (4452),0406360,17
ARIZONA,Pima Unified District (4220),0406440,199
ARIZONA,Pine Strawberry Elementary District (4214),0406510,-8
ARIZONA,Blue Ridge Unified School District No. 32 (4397),0406580,208
ARIZONA,Pomerene Elementary District (4188),0406630,22
ARIZONA,Prescott Unified District (4466),0406730,472
ARIZONA,Sanders Unified District (4156),0406740,76
ARIZONA,Quartzsite Elementary District (4511),0406780,-8
ARIZONA,Queen Creek Unified District (4245),0406810,1627
ARIZONA,Ray Unified District (4438),0406850,-8
ARIZONA,Red Mesa Unified District (4159),0406870,-8
ARIZONA,Red Rock Elementary District (4447),0406900,83
ARIZONA,San Carlos Unified District (4210),0406960,163
ARIZONA,Riverside Elementary District (4257),0407020,100
ARIZONA,Roosevelt Elementary District (4279),0407080,1018
ARIZONA,Round Valley Unified District (4155),0407130,226
ARIZONA,Saddle Mountain Unified School District (4254),0407170,492
ARIZONA,Sacaton Elementary District (4449),0407200,74
ARIZONA,Safford Unified District (4218),0407240,467
ARIZONA,Sahuarita Unified District (4411),0407300,767
ARIZONA,San Fernando Elementary District (4414),0407380,0
ARIZONA,San Simon Unified District (4172),0407430,14
ARIZONA,Santa Cruz Elementary District (4459),0407500,18
ARIZONA,Santa Cruz Valley Unified District (4458),0407520,420
ARIZONA,Santa Cruz Valley Union High School District (4454),0407530,56
ARIZONA,Scottsdale Unified District (4240),0407570,2087
ARIZONA,Seligman Unified District (4472),0407630,30
ARIZONA,Sentinel Elementary District (4250),0407680,4
ARIZONA,Show Low Unified District  (4393),0407700,356
ARIZONA,Deer Valley Unified District (4246),0407750,3936
ARIZONA,Skull Valley Elementary District (4478),0407770,-8
ARIZONA,Snowflake Unified District (4391),0407820,403
ARIZONA,Solomon Elementary District (4222),0407860,-8
ARIZONA,Somerton Elementary District (4500),0407890,357
ARIZONA,Sonoita Elementary District (4461),0407920,-8
ARIZONA,St David Unified District (4173),0408020,84
ARIZONA,St Johns Unified District (4153),0408080,134
ARIZONA,Stanfield Elementary District (4451),0408130,-8
ARIZONA,Sunnyside Unified District (4407),0408170,1763
ARIZONA,Superior Unified School District (4440),0408230,56
ARIZONA,Tanque Verde Unified District (4408),0408280,227
ARIZONA,Tempe School District (4258),0408310,1440
ARIZONA,Tempe Union High School District (4287),0408340,1237
ARIZONA,Thatcher Unified District (4219),0408410,313
ARIZONA,Paloma School District (4255),0408430,23
ARIZONA,Hillside Elementary District (4482),0408460,-8
ARIZONA,Tolleson Elementary District (4264),0408490,315
ARIZONA,Tolleson Union High School District (4288),0408520,1421
ARIZONA,Toltec School District (4450),0408550,202
ARIZONA,Tombstone Unified District (4168),0408600,126
ARIZONA,Topock Elementary District (4376),0408640,11
ARIZONA,Tuba City Unified School District #15 (4197),0408680,198
ARIZONA,Tucson Unified District (4403),0408800,5721
ARIZONA,Union Elementary District (4277),0408820,202
ARIZONA,Vail Unified District (4413),0408850,1778
ARIZONA,Valentine Elementary District (4380),0408880,22
ARIZONA,Valley Union High School District (4190),0408910,18
ARIZONA,Washington Elementary School District (4260),0409060,2877
ARIZONA,Wellton Elementary District (4504),0409090,19
ARIZONA,Wenden Elementary District (4512),0409120,10
ARIZONA,Whiteriver Unified District (4394),0409160,258
ARIZONA,Wickenburg Unified District (4236),0409190,142
ARIZONA,Willcox Unified District (4170),0409250,141
ARIZONA,Williams Unified District (4193),0409310,102
ARIZONA,Wilson Elementary District (4261),0409390,99
ARIZONA,Window Rock Unified District (4154),0409430,-8
ARIZONA,Winslow Unified District (4387),0409460,285
ARIZONA,Yarnell Elementary District (4485),0409510,11
ARIZONA,Young Elementary District (4213),0409540,-8
ARIZONA,Yucca Elementary District (4377),0409570,12
ARIZONA,Yuma Elementary District (4499),0409600,1070
ARIZONA,Yuma Union High School District (4507),0409630,1063
ARIZONA,Sedona-Oak Creek JUSD #9 (4467),0409733,-8
ARIZONA,Arizona Department of Juvenile Corrections (8326),0409734,45
ARIZONA,Desert Sage School (1001917),0409735,3
ARIZONA,Legacy Traditional School-San Tan (1001927),0409736,73
ARIZONA,Archway Classical Academy Trivium West (1001937),0409737,18
ARIZONA,Arizona Goodwill Education Services (1001949),0409738,3
ARKANSAS,DEWITT SCHOOL DISTRICT,0500001,186
ARKANSAS,OZARKS UNLITD. RESOURCE COOP,0500005,NA
ARKANSAS,WARREN SCHOOL DISTRICT,0500006,174
ARKANSAS,DAWSON EDUCATION SERVICE COOP,0500008,NA
ARKANSAS,CORNING SCHOOL DISTRICT,0500009,121
ARKANSAS,ARCH FORD EDUC. SERVICE COOP,0500011,NA
ARKANSAS,RIVERSIDE SCHOOL DISTRICT,0500012,142
ARKANSAS,SOUTHEAST ARK. EDUC. COOP,0500013,NA
ARKANSAS,WESTERN ARKANSAS COOP,0500014,NA
ARKANSAS,SHERIDAN SCHOOL DISTRICT,0500015,629
ARKANSAS,MARMADUKE SCHOOL DISTRICT,0500016,142
ARKANSAS,PARAGOULD SCHOOL DISTRICT,0500017,626
ARKANSAS,SOUTHWEST ARK. COOP,0500018,NA
ARKANSAS,BATESVILLE SCHOOL DISTRICT,0500019,424
ARKANSAS,MIDLAND SCHOOL DISTRICT,0500020,102
ARKANSAS,IZARD CO. CONS. SCHOOL DIST.,0500021,118
ARKANSAS,NORTH CENTRAL ARK. EDUC COOP,0500022,NA
ARKANSAS,NEWPORT SCHOOL DISTRICT,0500023,259
ARKANSAS,ARK. RIVER EDUC  SERVICE COOP,0500024,NA
ARKANSAS,ARKANSAS CORRECTIONAL SCHOOLS,0500025,8
ARKANSAS,PINE BLUFF SCHOOL DISTRICT,0500026,537
ARKANSAS,NORTHEAST ARK. EDUC. COOP,0500027,NA
ARKANSAS,STAR CITY SCHOOL DISTRICT,0500028,166
ARKANSAS,GOSNELL SCHOOL DISTRICT,0500029,159
ARKANSAS,NEVADA SCHOOL DISTRICT,0500030,58
ARKANSAS,SOUTH CENTRAL SERVICE COOP,0500031,NA
ARKANSAS,BEARDEN SCHOOL DISTRICT,0500032,64
ARKANSAS,GREAT RIVERS EDUC. SERV. COOP,0500033,NA
ARKANSAS,CROWLEY'S RIDGE EDUCATION COOP,0500034,NA
ARKANSAS,ARK. SCHOOL FOR THE BLIND,0500035,68
ARKANSAS,ARK. SCHOOL FOR THE DEAF,0500036,104
ARKANSAS,DEQUEEN/MENA EDUC. COOP,0500037,NA
ARKANSAS,NORTHWEST ARK. EDUCATION COOP,0500039,NA
ARKANSAS,WILBUR D. MILLS EDUC. COOP,0500040,NA
ARKANSAS,WESTERN YELL CO. SCHOOL DIST.,0500041,63
ARKANSAS,HAMBURG SCHOOL DISTRICT,0500042,175
ARKANSAS,MOUNTAIN HOME SCHOOL DISTRICT,0500043,559
ARKANSAS,MAGNOLIA SCHOOL DISTRICT,0500044,348
ARKANSAS,RIVERCREST SCHOOL DISTRICT #57,0500045,134
ARKANSAS,MANILA SCHOOL DISTRICT,0500046,169
ARKANSAS,TRUMANN SCHOOL DISTRICT,0500047,306
ARKANSAS,EAST POINSETT CO. SCHOOL DIST.,0500048,90
ARKANSAS,DEQUEEN SCHOOL DISTRICT,0500049,268
ARKANSAS,PALESTINE-WHEATLEY SCH. DIST.,0500051,105
ARKANSAS,BENTON COUNTY SCHOOL OF ARTS,0500055,106
ARKANSAS,ACADEMICS PLUS CHARTER SCHOOL,0500059,142
ARKANSAS,IMBODEN CHARTER SCHOOL DISTRICT,0500061,5
ARKANSAS,KIPP DELTA PUBLIC SCHOOLS,0500062,114
ARKANSAS,LAFAYETTE COUNTY SCHOOL DISTRICT,0500065,74
ARKANSAS,CLEVELAND COUNTY SCHOOL DIST.,0500067,122
ARKANSAS,EMERSON-TAYLOR SCHOOL DISTRICT,0500068,117
ARKANSAS,CEDAR RIDGE SCHOOL DISTRICT,0500070,141
ARKANSAS,HILLCREST SCHOOL DISTRICT,0500071,75
ARKANSAS,DEER/MT. JUDEA SCHOOL DISTRICT,0500072,30
ARKANSAS,OUACHITA RIVER SCHOOL DISTRICT,0500073,102
ARKANSAS,LISA ACADEMY CHARTER,0500074,530
ARKANSAS,OZARK MOUNTAIN SCHOOL DISTRICT,0500076,73
ARKANSAS,HAAS HALL ACADEMY,0500078,15
ARKANSAS,TWO RIVERS SCHOOL DISTRICT,0500079,187
ARKANSAS,LAWRENCE COUNTY SCHOOL DISTRICT,0500082,196
ARKANSAS,DHS DIVISION OF DEVELOPMENTAL DISABILITIES SERVICES,0500389,42
ARKANSAS,ARKANSAS YOUTH SERVICES SCHOOL SYSTEM,0500390,56
ARKANSAS,ARKANSAS VIRTUAL ACADEMY,0500394,625
ARKANSAS,ESTEM HIGH CHARTER,0500398,393
ARKANSAS,ARKANSAS LIGHTHOUSE ACADEMIES,0500402,129
ARKANSAS,COSSATOT RIVER SCHOOL DISTRICT,0500405,131
ARKANSAS,GRADUATE ARKANSAS SCHOOL,0500407,44
ARKANSAS,RESPONSIVE ED SOLUTIONS PREMIER HIGH SCHOOL OF LITTLE ROCK,0500408,38
ARKANSAS,FOUNDERS CLASSICAL ACADEMIES OF ARKANSAS,0500409,105
ARKANSAS,EXALT ACADEMY OF SOUTHWEST LITTLE ROCK,0500411,57
ARKANSAS,ARKANSAS CONNECTIONS ACADEMY,0500417,548
ARKANSAS,FUTURE SCHOOL OF FORT SMITH,0500418,50
ARKANSAS,JACKSONVILLE NORTH PULASKI SCHOOL DISTRICT,0500419,603
ARKANSAS,SCHOLARMADE ACHIEVEMENT PLACE,0500421,45
ARKANSAS,FRIENDSHIP ASPIRE ACADEMY PINE BLUFF,0500423,81
ARKANSAS,RESPONSIVE ED SOLUTIONS PREMIER HIGH SCHOOL OF N LITTLE ROCK,0500425,10
ARKANSAS,HOPE ACADEMY OF NW ARKANSAS,0500426,17
ARKANSAS,WESTWIND SCHOOL FOR PERFORMING ARTS,0500440,13
ARKANSAS,RESPONSIVE ED SOLUTIONS PREMIER HIGH SCHOOL OF SPRINGDALE,0500441,9
ARKANSAS,ALMA SCHOOL DISTRICT,0502250,423
ARKANSAS,ALPENA SCHOOL DISTRICT,0502280,105
ARKANSAS,ARKADELPHIA SCHOOL DISTRICT,0502430,287
ARKANSAS,ARMOREL SCHOOL DISTRICT,0502550,82
ARKANSAS,ASHDOWN SCHOOL DISTRICT,0502580,200
ARKANSAS,ATKINS SCHOOL DISTRICT,0502610,177
ARKANSAS,AUGUSTA SCHOOL DISTRICT,0502670,63
ARKANSAS,BALD KNOB SCHOOL DISTRICT,0502700,177
ARKANSAS,BARTON-LEXA SCHOOL DISTRICT,0502730,90
ARKANSAS,BAUXITE SCHOOL DISTRICT,0502790,239
ARKANSAS,BAY SCHOOL DISTRICT,0502820,125
ARKANSAS,BEEBE SCHOOL DISTRICT,0502880,578
ARKANSAS,BENTON SCHOOL DISTRICT,0502960,646
ARKANSAS,PEA RIDGE SCHOOL DISTRICT,0503030,311
ARKANSAS,BENTONVILLE SCHOOL DISTRICT,0503060,2070
ARKANSAS,BERGMAN SCHOOL DISTRICT,0503090,136
ARKANSAS,BERRYVILLE SCHOOL DISTRICT,0503150,335
ARKANSAS,BISMARCK SCHOOL DISTRICT,0503240,132
ARKANSAS,BLEVINS SCHOOL DISTRICT,0503300,50
ARKANSAS,BLYTHEVILLE SCHOOL DISTRICT,0503320,206
ARKANSAS,LEAD HILL SCHOOL DISTRICT,0503420,63
ARKANSAS,BOONEVILLE SCHOOL DISTRICT,0503450,188
ARKANSAS,BRADFORD SCHOOL DISTRICT,0503480,104
ARKANSAS,BRINKLEY SCHOOL DISTRICT,0503630,95
ARKANSAS,BROOKLAND SCHOOL DISTRICT,0503640,519
ARKANSAS,BRYANT SCHOOL DISTRICT,0503690,1395
ARKANSAS,BUFFALO IS. CENTRAL SCH. DIST.,0503710,116
ARKANSAS,CABOT SCHOOL DISTRICT,0503750,1561
ARKANSAS,CADDO HILLS SCHOOL DISTRICT,0503770,92
ARKANSAS,CALICO ROCK SCHOOL DISTRICT,0503840,53
ARKANSAS,CARLISLE SCHOOL DISTRICT,0503960,81
ARKANSAS,WESTSIDE CONS. SCHOOL DISTRICT,0504020,282
ARKANSAS,CAVE CITY SCHOOL DISTRICT,0504050,207
ARKANSAS,CEDARVILLE SCHOOL DISTRICT,0504080,117
ARKANSAS,GENOA CENTRAL SCHOOL DISTRICT,0504110,100
ARKANSAS,WHITE CO. CENTRAL SCHOOL DIST.,0504170,119
ARKANSAS,CHARLESTON SCHOOL DISTRICT,0504200,135
ARKANSAS,CLARENDON SCHOOL DISTRICT,0504350,89
ARKANSAS,RECTOR SCHOOL DISTRICT,0504370,94
ARKANSAS,CLARKSVILLE SCHOOL DISTRICT,0504380,374
ARKANSAS,CLINTON SCHOOL DISTRICT,0504410,221
ARKANSAS,CONCORD SCHOOL DISTRICT,0504560,87
ARKANSAS,CONWAY SCHOOL DISTRICT,0504590,1592
ARKANSAS,COTTER SCHOOL DISTRICT,0504680,110
ARKANSAS,COUNTY LINE SCHOOL DISTRICT,0504740,98
ARKANSAS,CROSSETT SCHOOL DISTRICT,0504800,187
ARKANSAS,CUTTER-MORNING STAR SCH. DIST.,0504860,108
ARKANSAS,DANVILLE SCHOOL DISTRICT,0504890,131
ARKANSAS,DARDANELLE SCHOOL DISTRICT,0504930,383
ARKANSAS,DECATUR SCHOOL DISTRICT,0504980,102
ARKANSAS,DERMOTT SCHOOL DISTRICT,0505170,60
ARKANSAS,DES ARC SCHOOL DISTRICT,0505190,79
ARKANSAS,DIERKS SCHOOL DISTRICT,0505340,88
ARKANSAS,DOVER SCHOOL DISTRICT,0505430,212
ARKANSAS,DREW CENTRAL SCHOOL DISTRICT,0505470,190
ARKANSAS,DUMAS SCHOOL DISTRICT,0505500,153
ARKANSAS,EARLE SCHOOL DISTRICT,0505550,76
ARKANSAS,EAST END SCHOOL DISTRICT,0505580,146
ARKANSAS,EL DORADO SCHOOL DISTRICT,0505680,416
ARKANSAS,ELKINS SCHOOL DISTRICT,0505760,208
ARKANSAS,ENGLAND SCHOOL DISTRICT,0505850,94
ARKANSAS,EUREKA SPRINGS SCHOOL DISTRICT,0505970,87
ARKANSAS,CAMDEN FAIRVIEW SCHOOL DIST.,0506060,254
ARKANSAS,FARMINGTON SCHOOL DISTRICT,0506090,349
ARKANSAS,FAYETTEVILLE SCHOOL DISTRICT,0506120,1406
ARKANSAS,FLIPPIN SCHOOL DISTRICT,0506150,150
ARKANSAS,FORDYCE SCHOOL DISTRICT,0506210,266
ARKANSAS,FOREMAN SCHOOL DISTRICT,0506240,86
ARKANSAS,FORREST CITY SCHOOL DISTRICT,0506270,303
ARKANSAS,FORT SMITH SCHOOL DISTRICT,0506330,2107
ARKANSAS,FOUKE SCHOOL DISTRICT,0506360,136
ARKANSAS,FOUNTAIN LAKE SCHOOL DISTRICT,0506420,212
ARKANSAS,GENTRY SCHOOL DISTRICT,0506540,251
ARKANSAS,GLEN ROSE SCHOOL DISTRICT,0506630,118
ARKANSAS,CENTERPOINT SCHOOL DISTRICT,0506690,157
ARKANSAS,GRAVETTE SCHOOL DISTRICT,0506840,303
ARKANSAS,GREEN FOREST SCHOOL DISTRICT,0506870,262
ARKANSAS,GREENBRIER SCHOOL DISTRICT,0506900,437
ARKANSAS,GREENLAND SCHOOL DISTRICT,0506930,114
ARKANSAS,GREENWOOD SCHOOL DISTRICT,0506990,655
ARKANSAS,GURDON SCHOOL DISTRICT,0507110,100
ARKANSAS,GUY-PERKINS SCHOOL DISTRICT,0507140,60
ARKANSAS,HACKETT SCHOOL DISTRICT,0507170,128
ARKANSAS,HAMPTON SCHOOL DISTRICT,0507230,76
ARKANSAS,HARMONY GROVE SCHOOL DISTRICT,0507290,95
ARKANSAS,HARMONY GROVE SCHOOL DISTRICT,0507320,167
ARKANSAS,HARRISBURG SCHOOL DISTRICT,0507350,265
ARKANSAS,HARRISON SCHOOL DISTRICT,0507380,411
ARKANSAS,HAZEN SCHOOL DISTRICT,0507530,70
ARKANSAS,HEBER SPRINGS SCHOOL DISTRICT,0507560,227
ARKANSAS,HECTOR SCHOOL DISTRICT,0507620,111
ARKANSAS,HELENA/ W.HELENA SCHOOL DIST.,0507680,156
ARKANSAS,HERMITAGE SCHOOL DISTRICT,0507710,59
ARKANSAS,CROSS COUNTY SCHOOL DISTRICT,0507740,101
ARKANSAS,HIGHLAND SCHOOL DISTRICT,0507770,245
ARKANSAS,HOPE SCHOOL DISTRICT,0507840,268
ARKANSAS,HORATIO SCHOOL DISTRICT,0507860,100
ARKANSAS,HOT SPRINGS SCHOOL DISTRICT,0507890,608
ARKANSAS,JESSIEVILLE SCHOOL DISTRICT,0507920,101
ARKANSAS,HOXIE SCHOOL DISTRICT,0507990,131
ARKANSAS,WEST MEMPHIS SCHOOL DISTRICT,0508040,514
ARKANSAS,HUNTSVILLE SCHOOL DISTRICT,0508130,436
ARKANSAS,JASPER SCHOOL DISTRICT,0508240,123
ARKANSAS,JONESBORO SCHOOL DISTRICT,0508280,1056
ARKANSAS,JUNCTION CITY SCHOOL DISTRICT,0508340,65
ARKANSAS,RIVERVIEW SCHOOL DISTRICT,0508400,190
ARKANSAS,KIRBY SCHOOL DISTRICT,0508490,70
ARKANSAS,LAKE HAMILTON SCHOOL DISTRICT,0508610,494
ARKANSAS,LAKESIDE SCHOOL DISTRICT (CHICOT COUNTY),0508640,119
ARKANSAS,LAKESIDE SCHOOL DISTRICT,0508670,423
ARKANSAS,LAMAR SCHOOL DISTRICT,0508700,221
ARKANSAS,LAVACA SCHOOL DISTRICT,0508730,134
ARKANSAS,LINCOLN SCHOOL DISTRICT,0508940,210
ARKANSAS,LITTLE ROCK SCHOOL DISTRICT,0509000,3178
ARKANSAS,LONOKE SCHOOL DISTRICT,0509060,232
ARKANSAS,MAGAZINE SCHOOL DISTRICT,0509150,69
ARKANSAS,MAGNET COVE SCHOOL DIST.,0509190,143
ARKANSAS,MALVERN SCHOOL DISTRICT,0509240,353
ARKANSAS,MAMMOTH SPRING SCHOOL DISTRICT,0509270,79
ARKANSAS,MANSFIELD SCHOOL DISTRICT,0509330,115
ARKANSAS,LEE COUNTY SCHOOL DISTRICT,0509360,101
ARKANSAS,MARION SCHOOL DISTRICT,0509390,398
ARKANSAS,MARKED TREE SCHOOL DISTRICT,0509420,80
ARKANSAS,SEARCY COUNTY SCHOOL DISTRICT,0509480,108
ARKANSAS,MARVELL SCHOOL DISTRICT,0509510,27
ARKANSAS,MAYFLOWER SCHOOL DISTRICT,0509540,180
ARKANSAS,MAYNARD SCHOOL DISTRICT,0509570,88
ARKANSAS,MCCRORY SCHOOL DISTRICT,0509600,93
ARKANSAS,MCGEHEE SCHOOL DISTRICT,0509630,162
ARKANSAS,MELBOURNE SCHOOL DISTRICT,0509720,122
ARKANSAS,MENA SCHOOL DISTRICT,0509750,272
ARKANSAS,MINERAL SPRINGS SCHOOL DIST.,0509780,72
ARKANSAS,MONTICELLO SCHOOL DISTRICT,0509840,195
ARKANSAS,MOUNT IDA SCHOOL DISTRICT,0509990,75
ARKANSAS,MT. VERNON/ENOLA SCHOOL DIST.,0510080,72
ARKANSAS,MOUNTAIN PINE SCHOOL DISTRICT,0510170,131
ARKANSAS,MOUNTAIN VIEW SCHOOL DISTRICT,0510200,231
ARKANSAS,MOUNTAINBURG SCHOOL DISTRICT,0510260,129
ARKANSAS,MULBERRY SCHOOL DISTRICT,0510290,74
ARKANSAS,SOUTH PIKE COUNTY SCHOOL DISTRICT,0510320,119
ARKANSAS,NASHVILLE SCHOOL DISTRICT,0510380,261
ARKANSAS,NEMO VISTA SCHOOL DISTRICT,0510410,98
ARKANSAS,NETTLETON SCHOOL DISTRICT,0510440,634
ARKANSAS,NORFORK SCHOOL DISTRICT,0510560,75
ARKANSAS,N. LITTLE ROCK SCHOOL DISTRICT,0510680,1060
ARKANSAS,OMAHA SCHOOL DISTRICT,0510920,51
ARKANSAS,OSCEOLA SCHOOL DISTRICT,0510950,123
ARKANSAS,OUACHITA SCHOOL DISTRICT,0510980,64
ARKANSAS,OZARK SCHOOL DISTRICT,0511010,206
ARKANSAS,PANGBURN SCHOOL DISTRICT,0511070,120
ARKANSAS,PARIS SCHOOL DISTRICT,0511130,113
ARKANSAS,PARKERS CHAPEL SCHOOL DIST.,0511220,82
ARKANSAS,PERRYVILLE SCHOOL DISTRICT,0511340,187
ARKANSAS,PIGGOTT SCHOOL DISTRICT,0511370,155
ARKANSAS,POCAHONTAS SCHOOL DISTRICT,0511610,321
ARKANSAS,POTTSVILLE SCHOOL DISTRICT,0511700,331
ARKANSAS,POYEN SCHOOL DISTRICT,0511730,91
ARKANSAS,PRAIRIE GROVE SCHOOL DISTRICT,0511760,273
ARKANSAS,PRESCOTT SCHOOL DISTRICT,0511820,109
ARKANSAS,PULASKI CO. SPEC. SCHOOL DIST.,0511850,1926
ARKANSAS,QUITMAN SCHOOL DISTRICT,0511880,146
ARKANSAS,ROGERS SCHOOL DISTRICT,0511970,1990
ARKANSAS,ROSE BUD SCHOOL DISTRICT,0512000,131
ARKANSAS,RUSSELLVILLE SCHOOL DISTRICT,0512060,834
ARKANSAS,SALEM SCHOOL DISTRICT,0512090,133
ARKANSAS,SCRANTON SCHOOL DISTRICT,0512180,68
ARKANSAS,SEARCY SCHOOL DISTRICT,0512210,612
ARKANSAS,SHIRLEY SCHOOL DISTRICT,0512420,60
ARKANSAS,SILOAM SPRINGS SCHOOL DISTRICT,0512450,598
ARKANSAS,SLOAN-HENDRIX SCHOOL DIST.,0512480,127
ARKANSAS,SMACKOVER SCHOOL DISTRICT,0512510,125
ARKANSAS,SO. CONWAY CO. SCHOOL DISTRICT,0512520,375
ARKANSAS,SOUTHSIDE SCHOOL DISTRICT,0512540,367
ARKANSAS,SOUTH SIDE SCHOOL DISTRICT,0512570,87
ARKANSAS,SPRING HILL SCHOOL DISTRICT,0512630,83
ARKANSAS,SPRINGDALE SCHOOL DISTRICT,0512660,2454
ARKANSAS,STRONG-HUTTIG SCHOOL DISTRICT,0512930,62
ARKANSAS,STUTTGART SCHOOL DISTRICT,0512960,202
ARKANSAS,GREENE CO. TECH SCHOOL DIST.,0513080,700
ARKANSAS,TEXARKANA SCHOOL DISTRICT,0513110,461
ARKANSAS,JACKSON CO. SCHOOL DISTRICT,0513230,129
ARKANSAS,VALLEY SPRINGS SCHOOL DISTRICT,0513350,117
ARKANSAS,VALLEY VIEW SCHOOL DISTRICT,0513380,448
ARKANSAS,VAN BUREN SCHOOL DISTRICT,0513410,928
ARKANSAS,VILONIA SCHOOL DISTRICT,0513530,386
ARKANSAS,VIOLA SCHOOL DISTRICT,0513560,75
ARKANSAS,WALDRON SCHOOL DISTRICT,0513680,217
ARKANSAS,WATSON CHAPEL SCHOOL DISTRICT,0513930,224
ARKANSAS,WEST FORK SCHOOL DISTRICT,0514010,135
ARKANSAS,WESTSIDE SCHOOL DISTRICT,0514020,131
ARKANSAS,WEST SIDE SCHOOL DISTRICT,0514040,96
ARKANSAS,WHITE HALL SCHOOL DISTRICT,0514140,423
ARKANSAS,WONDERVIEW SCHOOL DISTRICT,0514370,68
ARKANSAS,WOODLAWN SCHOOL DISTRICT,0514400,67
ARKANSAS,WYNNE SCHOOL DISTRICT,0514430,422
ARKANSAS,YELLVILLE-SUMMIT SCHOOL DIST.,0514490,169
BUREAU OF INDIAN EDUCATION,Turtle Mountain Middle School,5900025,63
BUREAU OF INDIAN EDUCATION,Naa Tsis'aan Community School,5900026,14
BUREAU OF INDIAN EDUCATION,Flandreau Indian Boarding School,5900027,10
BUREAU OF INDIAN EDUCATION,San Ildefonso Day School,5900028,6
BUREAU OF INDIAN EDUCATION,Hopi Day School,5900029,16
BUREAU OF INDIAN EDUCATION,Santa Rosa Day School,5900030,16
BUREAU OF INDIAN EDUCATION,Choctaw Central High School,5900031,91
BUREAU OF INDIAN EDUCATION,Cottonwood Day School,5900032,11
BUREAU OF INDIAN EDUCATION,Dzilth-Na-O-Dith-Hle Community School,5900033,21
BUREAU OF INDIAN EDUCATION,Sequoyah High School,5900034,46
BUREAU OF INDIAN EDUCATION,Red Rock Day School,5900035,11
BUREAU OF INDIAN EDUCATION,Chief Leschi School,5900036,111
BUREAU OF INDIAN EDUCATION,Tuba City Boarding School,5900037,178
BUREAU OF INDIAN EDUCATION,Circle of Life Academy,5900038,27
BUREAU OF INDIAN EDUCATION,Te Tsu Geh Oweenge Day School,5900039,-8
BUREAU OF INDIAN EDUCATION,Moencopi Day School,5900040,9
BUREAU OF INDIAN EDUCATION,Northern Cheyenne Tribal School,5900041,8
BUREAU OF INDIAN EDUCATION,Indian Township School,5900042,38
BUREAU OF INDIAN EDUCATION,Nazlini Community School,5900043,5
BUREAU OF INDIAN EDUCATION,Na' Neelzhiin Ji'Olta,5900044,-8
BUREAU OF INDIAN EDUCATION,Isna Wica Owayawa,5900045,43
BUREAU OF INDIAN EDUCATION,Alamo Navajo Community School,5900046,46
BUREAU OF INDIAN EDUCATION,Muckleshoot Tribal School,5900047,126
BUREAU OF INDIAN EDUCATION,Ch'ooshgai Community School,5900048,20
BUREAU OF INDIAN EDUCATION,Hunters Point Boarding School,5900049,10
BUREAU OF INDIAN EDUCATION,Laguna Middle School,5900050,11
BUREAU OF INDIAN EDUCATION,Cheyenne-Eagle Butte School,5900051,167
BUREAU OF INDIAN EDUCATION,Chilchinbeto Community School,5900052,13
BUREAU OF INDIAN EDUCATION,Standing Pine Elementary School,5900053,24
BUREAU OF INDIAN EDUCATION,JKL Bahweting Anishnabe School,5900054,52
BUREAU OF INDIAN EDUCATION,Marty Indian School,5900055,23
BUREAU OF INDIAN EDUCATION,Tse'ii'ahi' Community School,5900056,7
BUREAU OF INDIAN EDUCATION,Yakama Nation Tribal School,5900057,15
BUREAU OF INDIAN EDUCATION,Tate Topa Tribal School,5900058,65
BUREAU OF INDIAN EDUCATION,Wingate Elementary School,5900059,39
BUREAU OF INDIAN EDUCATION,T'siya Day School,5900060,0
BUREAU OF INDIAN EDUCATION,Pyramid Lake High School,5900061,10
BUREAU OF INDIAN EDUCATION,Wide Ruins Community School,5900062,9
BUREAU OF INDIAN EDUCATION,Kayenta Community School,5900063,22
BUREAU OF INDIAN EDUCATION,Nay-Ah-Shing School,5900064,38
BUREAU OF INDIAN EDUCATION,Cove Day School,5900065,7
BUREAU OF INDIAN EDUCATION,Cherokee Central Elementary School,5900066,95
BUREAU OF INDIAN EDUCATION,Standing Rock Community School,5900067,90
BUREAU OF INDIAN EDUCATION,Ojibwa Indian School,5900068,53
BUREAU OF INDIAN EDUCATION,Kha'p'o Community School,5900069,17
BUREAU OF INDIAN EDUCATION,American Horse School,5900070,25
BUREAU OF INDIAN EDUCATION,Coeur d' Alene Tribal School,5900071,27
BUREAU OF INDIAN EDUCATION,Hopi Jr/Sr High School,5900072,104
BUREAU OF INDIAN EDUCATION,Crow Creek Reservation High School,5900073,29
BUREAU OF INDIAN EDUCATION,Hanaa'dli Community School,5900074,-8
BUREAU OF INDIAN EDUCATION,Sanostee Day School,5900075,4
BUREAU OF INDIAN EDUCATION,John F. Kennedy Day School,5900076,27
BUREAU OF INDIAN EDUCATION,Twin Buttes Day School,5900077,4
BUREAU OF INDIAN EDUCATION,Choctaw Central Middle School,5900078,29
BUREAU OF INDIAN EDUCATION,Jeehdeez'a Elementary School,5900079,8
BUREAU OF INDIAN EDUCATION,Pine Ridge School,5900080,80
BUREAU OF INDIAN EDUCATION,Isleta Elementary School,5900081,17
BUREAU OF INDIAN EDUCATION,Second Mesa Day School,5900082,18
BUREAU OF INDIAN EDUCATION,Paschal Sherman Indian School,5900083,29
BUREAU OF INDIAN EDUCATION,Ojo Encino Day School,5900084,8
BUREAU OF INDIAN EDUCATION,Lower Brule Day School,5900085,64
BUREAU OF INDIAN EDUCATION,Santa Rosa Ranch School,5900086,9
BUREAU OF INDIAN EDUCATION,Baca/Dlo'ay Azhi Community School,5900087,19
BUREAU OF INDIAN EDUCATION,Pinon Community School,5900088,-8
BUREAU OF INDIAN EDUCATION,Rocky Ridge Boarding School,5900089,10
BUREAU OF INDIAN EDUCATION,Miccosukee Indian School,5900090,31
BUREAU OF INDIAN EDUCATION,St. Francis Indian School,5900091,80
BUREAU OF INDIAN EDUCATION,Ahfachkee Day School,5900092,37
BUREAU OF INDIAN EDUCATION,Mescalero Apache School,5900093,140
BUREAU OF INDIAN EDUCATION,Aneth Community School,5900094,13
BUREAU OF INDIAN EDUCATION,Circle of Nations,5900095,37
BUREAU OF INDIAN EDUCATION,Theodore Jamerson Elementary School,5900096,18
BUREAU OF INDIAN EDUCATION,Shoshone-Bannock School District No 512,5900097,38
BUREAU OF INDIAN EDUCATION,Crystal Boarding School,5900098,-8
BUREAU OF INDIAN EDUCATION,Dennehotso Boarding School,5900099,9
BUREAU OF INDIAN EDUCATION,Tucker Elementary School,5900100,34
BUREAU OF INDIAN EDUCATION,Cherokee Central High School,5900101,124
BUREAU OF INDIAN EDUCATION,Black Mesa Community School,5900102,5
BUREAU OF INDIAN EDUCATION,Kickapoo Nation School,5900103,3
BUREAU OF INDIAN EDUCATION,Lac Courte Oreilles Ojibwa School,5900104,64
BUREAU OF INDIAN EDUCATION,Sherman Indian High School,5900105,20
BUREAU OF INDIAN EDUCATION,Turtle Mountain Elementary School,5900106,111
BUREAU OF INDIAN EDUCATION,Pierre Indian Learning Center,5900107,50
BUREAU OF INDIAN EDUCATION,Pine Hill Schools,5900108,40
BUREAU OF INDIAN EDUCATION,Kin Dah Lichi'i Olta,5900109,5
BUREAU OF INDIAN EDUCATION,Leupp School Inc.,5900110,13
BUREAU OF INDIAN EDUCATION,Conehatta Elementary School,5900111,41
BUREAU OF INDIAN EDUCATION,Lukachukai Community School,5900112,26
BUREAU OF INDIAN EDUCATION,Crazy Horse School,5900113,42
BUREAU OF INDIAN EDUCATION,Oneida Nation School,5900114,94
BUREAU OF INDIAN EDUCATION,LUMMI HIGH SCHOOL,5900115,41
BUREAU OF INDIAN EDUCATION,Navajo Preparatory School,5900116,-8
BUREAU OF INDIAN EDUCATION,White Shield School,5900117,30
BUREAU OF INDIAN EDUCATION,Crow Creek Sioux Tribal Elementary School,5900118,48
BUREAU OF INDIAN EDUCATION,Wingate High School,5900119,56
BUREAU OF INDIAN EDUCATION,Salt River Elementary School,5900120,55
BUREAU OF INDIAN EDUCATION,First Mesa Elementary School,5900121,14
BUREAU OF INDIAN EDUCATION,Rock Point Community School,5900122,38
BUREAU OF INDIAN EDUCATION,Pearl River Elementary School,5900123,115
BUREAU OF INDIAN EDUCATION,Pahin Sinte Owayawa School,5900124,11
BUREAU OF INDIAN EDUCATION,Lake Valley Navajo School,5900125,3
BUREAU OF INDIAN EDUCATION,Northwest High School,5900126,17
BUREAU OF INDIAN EDUCATION,Quileute Tribal School,5900127,20
BUREAU OF INDIAN EDUCATION,Shonto Preparatory School,5900128,13
BUREAU OF INDIAN EDUCATION,Tiospa Zina Tribal School,5900129,98
BUREAU OF INDIAN EDUCATION,Santa Fe Indian School,5900130,92
BUREAU OF INDIAN EDUCATION,Hotevilla Bacavi Community School,5900131,14
BUREAU OF INDIAN EDUCATION,Theodore Roosevelt School,5900132,15
BUREAU OF INDIAN EDUCATION,Greyhills Academy High School,5900133,26
BUREAU OF INDIAN EDUCATION,Rock Creek Grant School,5900134,10
BUREAU OF INDIAN EDUCATION,Fond du Lac Ojibwe School,5900135,35
BUREAU OF INDIAN EDUCATION,Pueblo Pintado Community School,5900136,7
BUREAU OF INDIAN EDUCATION,Sipayik Elementary School,5900137,48
BUREAU OF INDIAN EDUCATION,Bread Springs Day School,5900138,6
BUREAU OF INDIAN EDUCATION,Dilcon Community School,5900139,15
BUREAU OF INDIAN EDUCATION,Jemez Day School,5900140,10
BUREAU OF INDIAN EDUCATION,St. Stephens Indian School,5900141,37
BUREAU OF INDIAN EDUCATION,Blackwater Community School,5900142,27
BUREAU OF INDIAN EDUCATION,Takini School,5900143,15
BUREAU OF INDIAN EDUCATION,Menominee Tribal School,5900144,27
BUREAU OF INDIAN EDUCATION,Dishchii'bikoh Community School,5900145,77
BUREAU OF INDIAN EDUCATION,Chitimacha Tribal School,5900146,21
BUREAU OF INDIAN EDUCATION,Atsa' Biya' a'zh Community School,5900147,5
BUREAU OF INDIAN EDUCATION,Many Farms Community School,5900148,21
BUREAU OF INDIAN EDUCATION,Dunseith Day School,5900149,43
BUREAU OF INDIAN EDUCATION,Tohaali' Community School,5900150,0
BUREAU OF INDIAN EDUCATION,San Felipe Pueblo Elementary School,5900151,22
BUREAU OF INDIAN EDUCATION,Pine Springs Day School,5900152,6
BUREAU OF INDIAN EDUCATION,Duckwater Shoshone Elementary School,5900153,0
BUREAU OF INDIAN EDUCATION,Enemy Swim Day School,5900154,34
BUREAU OF INDIAN EDUCATION,Dibe Yazhi Habitiin Olta' Inc.,5900155,6
BUREAU OF INDIAN EDUCATION,San Simon School,5900156,36
BUREAU OF INDIAN EDUCATION,Nenahnezad Community School,5900157,5
BUREAU OF INDIAN EDUCATION,Turtle Mountain High School,5900158,126
BUREAU OF INDIAN EDUCATION,Little Singer Community School,5900159,8
BUREAU OF INDIAN EDUCATION,Indian Island School,5900160,23
BUREAU OF INDIAN EDUCATION,Many Farms High School,5900161,41
BUREAU OF INDIAN EDUCATION,Ohkay Owingeh Community School,5900162,16
BUREAU OF INDIAN EDUCATION,Riverside Indian School,5900163,30
BUREAU OF INDIAN EDUCATION,Chemawa Indian School,5900164,24
BUREAU OF INDIAN EDUCATION,Havasupai Elementary School,5900165,4
BUREAU OF INDIAN EDUCATION,Bug-O-Nay-Ge-Shig School,5900166,34
BUREAU OF INDIAN EDUCATION,Mariano Lake Community School,5900167,7
BUREAU OF INDIAN EDUCATION,T'iis Nazbas Community School,5900168,13
BUREAU OF INDIAN EDUCATION,Tohono O'odham High School,5900169,18
BUREAU OF INDIAN EDUCATION,Tonalea Day School,5900170,10
BUREAU OF INDIAN EDUCATION,Rough Rock Community School,5900171,12
BUREAU OF INDIAN EDUCATION,Red Water Elementary School,5900172,26
BUREAU OF INDIAN EDUCATION,Little Wound School,5900173,127
BUREAU OF INDIAN EDUCATION,Taos Day School,5900174,13
BUREAU OF INDIAN EDUCATION,Keams Canyon Elementary School,5900175,11
BUREAU OF INDIAN EDUCATION,LUMMI ELEMENTARY SCHOOL,5900176,63
BUREAU OF INDIAN EDUCATION,T'iis Ts'ozi Bi'Olta' Community School,5900177,32
BUREAU OF INDIAN EDUCATION,Two Eagle River School,5900178,4
BUREAU OF INDIAN EDUCATION,Chi Chil'tah Community School,5900179,8
BUREAU OF INDIAN EDUCATION,Kaibeto Boarding School,5900180,18
BUREAU OF INDIAN EDUCATION,Little Eagle School,5900181,16
BUREAU OF INDIAN EDUCATION,Greasewood Springs Community School Inc.,5900182,18
BUREAU OF INDIAN EDUCATION,Wounded Knee District School,5900183,12
BUREAU OF INDIAN EDUCATION,Laguna Elementary School,5900184,32
BUREAU OF INDIAN EDUCATION,Wa He Lut Indian School,5900185,20
BUREAU OF INDIAN EDUCATION,Casa Blanca Community School,5900186,35
BUREAU OF INDIAN EDUCATION,Hannahville Indian School,5900187,20
BUREAU OF INDIAN EDUCATION,Beclabito Day School,5900188,6
BUREAU OF INDIAN EDUCATION,Mandaree Day School,5900189,24
BUREAU OF INDIAN EDUCATION,Tiospaye Topa School,5900190,30
BUREAU OF INDIAN EDUCATION,To'hajiilee Day School,5900191,50
BUREAU OF INDIAN EDUCATION,Gila Crossing Community School,5900192,57
BUREAU OF INDIAN EDUCATION,Seba Dalkai Boarding School,5900193,13
BUREAU OF INDIAN EDUCATION,Bogue Chitto Elementary School,5900194,41
BUREAU OF INDIAN EDUCATION,Haak'u Community Academy (Sky City),5900195,39
BUREAU OF INDIAN EDUCATION,Meskwaki Settlement School,5900196,54
BUREAU OF INDIAN EDUCATION,Noli School,5900197,9
BUREAU OF INDIAN EDUCATION,Jones Academy,5900200,10
CALIFORNIA,Acton-Agua Dulce Unified,0600001,179
CALIFORNIA,California School for the Blind (State Special Schl),0600002,3
CALIFORNIA,California School for the Deaf-Fremont (State Special Schl),0600003,5
CALIFORNIA,Ross Valley Elementary,0600006,219
CALIFORNIA,CA Sch for the Deaf-Riverside (State Special Schl),0600007,12
CALIFORNIA,Cuyama Joint Unified,0600009,-8
CALIFORNIA,Fort Sage Unified,0600011,43
CALIFORNIA,Twin Ridges Elementary,0600012,20
CALIFORNIA,Rocklin Unified,0600013,1516
CALIFORNIA,Hesperia Unified,0600014,3154
CALIFORNIA,Lucerne Valley Unified,0600015,-8
CALIFORNIA,Upland Unified,0600016,1428
CALIFORNIA,Apple Valley Unified,0600017,1980
CALIFORNIA,Mountain Valley Unified,0600018,47
CALIFORNIA,Dublin Unified,0600019,903
CALIFORNIA,Pleasanton Unified,0600020,1169
CALIFORNIA,Sunol Glen Unified,0600021,12
CALIFORNIA,Mendota Unified,0600022,216
CALIFORNIA,Manhattan Beach Unified,0600025,861
CALIFORNIA,El Tejon Unified,0600026,117
CALIFORNIA,Lake Elsinore Unified,0600027,2888
CALIFORNIA,Temecula Valley Unified,0600028,3961
CALIFORNIA,Murrieta Valley Unified,0600029,3852
CALIFORNIA,Big Sur Unified,0600031,4
CALIFORNIA,Redondo Beach Unified,0600032,1163
CALIFORNIA,Dos Palos Oro Loma Joint Unified,0600033,312
CALIFORNIA,Windsor Unified,0600034,665
CALIFORNIA,Farmersville Unified,0600035,214
CALIFORNIA,Natomas Unified,0600036,1684
CALIFORNIA,Ferndale Unified,0600037,-8
CALIFORNIA,Mattole Unified,0600038,5
CALIFORNIA,Delhi Unified,0600039,284
CALIFORNIA,Riverdale Joint Unified,0600040,153
CALIFORNIA,Warner Unified,0600042,35
CALIFORNIA,Scotts Valley Unified,0600043,252
CALIFORNIA,Healdsburg Unified,0600044,203
CALIFORNIA,Orland Joint Unified,0600045,337
CALIFORNIA,Gonzales Unified,0600046,289
CALIFORNIA,Tracy Joint Unified,0600047,2075
CALIFORNIA,Paso Robles Joint Unified,0600048,936
CALIFORNIA,Coast Unified,0600049,73
CALIFORNIA,Gridley Unified,0600051,313
CALIFORNIA,Eureka City Schools,0600052,583
CALIFORNIA,Hughson Unified,0600060,248
CALIFORNIA,Riverbank Unified,0600061,303
CALIFORNIA,Oakdale Joint Unified,0600062,753
CALIFORNIA,Waterford Unified,0600063,355
CALIFORNIA,Porterville Unified,0600064,1226
CALIFORNIA,Dinuba Unified,0600065,586
CALIFORNIA,Caruthers Unified,0600067,153
CALIFORNIA,Golden Valley Unified,0600068,315
CALIFORNIA,Valley Center-Pauma Unified,0600069,636
CALIFORNIA,Chawanakee Unified,0600116,139
CALIFORNIA,Alhambra Unified,0600153,1482
CALIFORNIA,Turlock Unified,0600158,1727
CALIFORNIA,Scott Valley Unified,0600159,-8
CALIFORNIA,Yosemite Unified,0600160,-8
CALIFORNIA,Trinity Alps Unified,0601331,100
CALIFORNIA,Twin Rivers Unified,0601332,3830
CALIFORNIA,Hamilton Unified,0601339,110
CALIFORNIA,Bishop Unified,0601409,274
CALIFORNIA,Lammersville Joint Unified,0601410,511
CALIFORNIA,Santa Barbara Unified,0601414,1655
CALIFORNIA,Washington Unified,0601415,385
CALIFORNIA,Woodlake Unified,0601418,161
CALIFORNIA,Fortuna Elementary,0601420,289
CALIFORNIA,Santa Paula Unified,0601421,861
CALIFORNIA,California Education Authority (CEA) Headquarters,0601422,35
CALIFORNIA,Exeter Unified,0601423,333
CALIFORNIA,Bonsall Unified,0601426,324
CALIFORNIA,Penn Valley Union Elementary,0601427,66
CALIFORNIA,Wiseburn Unified,0601428,317
CALIFORNIA,Upper Lake Unified,0601442,-8
CALIFORNIA,Community Montessori District,0601464,-8
CALIFORNIA,Oakland Charter High District,0601465,40
CALIFORNIA,America's Finest Charter District,0601468,85
CALIFORNIA,Sycamore Valley Academy District,0601469,43
CALIFORNIA,Classical Academy Vista District,0601473,76
CALIFORNIA,B. Roberto Cruz Leadership Academy District,0601474,39
CALIFORNIA,Pathways to College K8 District,0601475,3
CALIFORNIA,American Indian Public Charter District,0601479,17
CALIFORNIA,SD Global Vision Academy District,0601483,62
CALIFORNIA,Crescent Valley Public Charter II District,0601485,78
CALIFORNIA,Palm Lane Elementary Charter District,0601486,33
CALIFORNIA,The Heights Charter District,0601489,21
CALIFORNIA,Downtown Charter Academy District,0601493,29
CALIFORNIA,Wilder's Preparatory Academy Charter Middle District,0601495,11
CALIFORNIA,Aspire Triumph Technology Academy District,0601496,32
CALIFORNIA,Options for Youth-Acton District,0601500,277
CALIFORNIA,Making Waves Academy District,0601502,87
CALIFORNIA,Elevate District,0601503,66
CALIFORNIA,Da Vinci Communications District,0601505,67
CALIFORNIA,Valley Life Charter District,0601508,-8
CALIFORNIA,Sutter Peak Charter Academy District,0601512,-8
CALIFORNIA,High Tech High Media Arts District,0601515,73
CALIFORNIA,Harbor Springs Charter District,0601516,-8
CALIFORNIA,Compass Charter Schools of San Diego District,0601517,104
CALIFORNIA,EPIC CHRTR(Excellence Perf Innovation Citzenship) DIST,0601519,164
CALIFORNIA,Howard Gardner Community Charter District,0601520,38
CALIFORNIA,All Tribes Elementary Charter District,0601521,-8
CALIFORNIA,Audeo Charter District,0601522,88
CALIFORNIA,Encore Jr./Sr. High Sch for the Perf & Visual Arts District,0601523,4
CALIFORNIA,Iftin Charter District,0601527,25
CALIFORNIA,Ingenuity Charter District,0601533,48
CALIFORNIA,Intellectual Virtues Academy District,0601535,22
CALIFORNIA,Rocketship Si Se Puede Academy District,0601536,-8
CALIFORNIA,Pacific View Charter District,0601537,117
CALIFORNIA,Environmental Charter Middle - Inglewood District,0601540,39
CALIFORNIA,KIPP Comienza Community Prep District,0601544,159
CALIFORNIA,Keiller Leadership Academy District,0601545,-8
CALIFORNIA,Aspire Richmond Technology Academy District,0601547,79
CALIFORNIA,Pivot Charter School North Valley II District,0601549,20
CALIFORNIA,Urban Discovery Academy Charter District,0601551,-8
CALIFORNIA,Aspire Golden State College Preparatory Academy District,0601552,61
CALIFORNIA,Inspire School of Arts and Sciences District,0601554,51
CALIFORNIA,Glacier High School Charter District,0601555,18
CALIFORNIA,Norton Science and Language Academy District,0601558,-8
CALIFORNIA,Classical Academy District,0601560,-8
CALIFORNIA,ACE Charter High District,0601561,87
CALIFORNIA,Mission View Public District,0601562,65
CALIFORNIA,Sherman Thomas Charter High District,0601563,7
CALIFORNIA,North Valley Military INST College ACAD District,0601564,167
CALIFORNIA,Nova Academy Early College High District,0601565,28
CALIFORNIA,International School of Monterey District,0601567,33
CALIFORNIA,Monterey Bay Charter District,0601570,-8
CALIFORNIA,KIPP Adelante Preparatory Academy District,0601576,72
CALIFORNIA,Opportunities for Learning - Santa Clarita District,0601579,98
CALIFORNIA,Caliber: ChangeMakers Academy District,0601582,-8
CALIFORNIA,King-Chavez Academy of Excellence District,0601585,-8
CALIFORNIA,Edison-Bethune Charter Academy District,0601588,30
CALIFORNIA,Heartland Charter District,0601590,462
CALIFORNIA,JCS - Pine Hills District,0601592,145
CALIFORNIA,Redding STEM Academy District,0601595,33
CALIFORNIA,Downtown College Preparatory District,0601597,92
CALIFORNIA,Aspire Capitol Heights Academy District,0601598,16
CALIFORNIA,Scholarship Prep - Oceanside District,0601600,66
CALIFORNIA,Oasis Charter Public District,0601603,14
CALIFORNIA,Aspire East Palo Alto Charter District,0601604,80
CALIFORNIA,Family First Charter District,0601605,5
CALIFORNIA,Northern United - Siskiyou Charter District,0601606,17
CALIFORNIA,Summit Leadership Academy-High Desert District,0601607,53
CALIFORNIA,Sierra Charter District,0601609,43
CALIFORNIA,Orange County Workforce Innovation High District,0601611,44
CALIFORNIA,LA's Promise Charter High #1 District,0601612,54
CALIFORNIA,Envision Academy for Arts & Technology District,0601614,48
CALIFORNIA,California Virtual Academy at Fresno District,0601616,135
CALIFORNIA,"Lennox Mathematics, Science and Technology Academy District",0601617,46
CALIFORNIA,KIPP Heartwood Academy District,0601619,37
CALIFORNIA,ABC Unified,0601620,2141
CALIFORNIA,Rocketship Discovery Prep District,0601621,32
CALIFORNIA,Alta Vista Innovation High District,0601625,388
CALIFORNIA,KIPP San Francisco Bay Academy District,0601626,50
CALIFORNIA,Innovations Academy District,0601627,84
CALIFORNIA,"Humphreys College Academy of Business, Law and ED District",0601628,58
CALIFORNIA,Community Collaborative Virtual - Sage Oak Charter District,0601629,354
CALIFORNIA,Trivium Charter School Adventure District,0601631,49
CALIFORNIA,Pacific View Charter 2.0 District,0601632,31
CALIFORNIA,Alternatives in Action District,0601635,22
CALIFORNIA,Alpha Cindy Avitia High District,0601636,80
CALIFORNIA,Rocketship Alma Academy District,0601637,-8
CALIFORNIA,County Collaborative Charter District,0601639,38
CALIFORNIA,Leadership Military Academy District,0601640,28
CALIFORNIA,Provisional Accelerated Learning Academy District,0601641,13
CALIFORNIA,The Academy of Alameda District,0601642,68
CALIFORNIA,Impact Academy of Arts & Technology District,0601647,65
CALIFORNIA,Summit Public School: Shasta District,0601648,31
CALIFORNIA,Acalanes Union High,0601650,724
CALIFORNIA,California Montessori Project-San Juan Campuses District,0601653,231
CALIFORNIA,Kavod Charter District,0601662,39
CALIFORNIA,Alameda Community Learning Center District,0601664,53
CALIFORNIA,Chico Country Day District,0601665,54
CALIFORNIA,Richmond Charter Elementary-Benito Juarez District,0601670,44
CALIFORNIA,Alpha: Cornerstone Academy Preparatory District,0601671,42
CALIFORNIA,Oxford Preparatory Academy - Saddleback Valley District,0601672,54
CALIFORNIA,Rocklin Academy at Meyers Street District,0601674,15
CALIFORNIA,Crescent View West Public Charter District,0601677,217
CALIFORNIA,Ackerman Charter,0601680,-8
CALIFORNIA,MethodSchools District,0601682,45
CALIFORNIA,Lifeline Education Charter District,0601683,54
CALIFORNIA,LaVerne Elementary Preparatory Academy District,0601686,4
CALIFORNIA,King-Chavez Preparatory Academy District,0601687,55
CALIFORNIA,JCS - Cedar Cove District,0601688,15
CALIFORNIA,Pivot Charter School - San Diego II District,0601689,24
CALIFORNIA,Community School for Creative Education District,0601691,33
CALIFORNIA,KIPP Academy of Opportunity District,0601693,69
CALIFORNIA,San Jose Charter Academy District,0601695,-8
CALIFORNIA,KIPP Compton Community District,0601696,72
CALIFORNIA,San Jose Conservation Corps Charter District,0601697,27
CALIFORNIA,Millennium Charter District,0601698,27
CALIFORNIA,City Heights Preparatory Charter District,0601700,30
CALIFORNIA,Empire Springs Charter District,0601701,-8
CALIFORNIA,Aspire Alexander Twilight Secondary Academy District,0601703,72
CALIFORNIA,ASCEND District,0601704,-8
CALIFORNIA,Guajome Park Academy Charter District,0601705,164
CALIFORNIA,Magnolia Science Academy District,0601706,110
CALIFORNIA,Environmental Charter Middle District,0601708,59
CALIFORNIA,Adelanto Elementary,0601710,1283
CALIFORNIA,ASA Charter District,0601711,-8
CALIFORNIA,Aspen Valley Prep Academy District,0601714,-8
CALIFORNIA,Vista Norte Public Charter District,0601715,83
CALIFORNIA,California Virtual Academy @ Los Angeles District,0601716,-8
CALIFORNIA,Cox Academy District,0601718,44
CALIFORNIA,Manzanita Public Charter District,0601719,46
CALIFORNIA,AeroSTEM Academy District,0601724,25
CALIFORNIA,ICEF Inglewood Elementary Charter Academy District,0601725,-8
CALIFORNIA,Caliber: Beta Academy District,0601726,-8
CALIFORNIA,Kings Valley Academy II District,0601728,148
CALIFORNIA,Rocketship Rising Stars District,0601729,-8
CALIFORNIA,Horizon Charter District,0601730,296
CALIFORNIA,Opportunities for Learning - Baldwin Park District,0601733,81
CALIFORNIA,Village Charter Academy District,0601736,-8
CALIFORNIA,Bella Mente Montessori Academy District,0601737,60
CALIFORNIA,REACH Leadership STEAM Academy District,0601738,-8
CALIFORNIA,South Sutter Charter District,0601740,-8
CALIFORNIA,Sky Mountain Charter District,0601743,218
CALIFORNIA,Ballington Academy for the Arts and Sciences District,0601744,29
CALIFORNIA,Insight School of California District,0601745,86
CALIFORNIA,Mission Academy District,0601746,65
CALIFORNIA,North Oakland Community Charter District,0601747,10
CALIFORNIA,Dr. Lewis Dolphin Stallworth Sr. Charter District,0601748,28
CALIFORNIA,Hume Lake Charter District,0601752,9
CALIFORNIA,High Tech High District,0601753,102
CALIFORNIA,Scholarship Prep District,0601754,69
CALIFORNIA,Lodestar: A Lighthouse Community Charter Public District,0601755,90
CALIFORNIA,National Univ Acad HomeSch/Independent Study Orange Co DIST,0601757,10
CALIFORNIA,El Sol Santa Ana Science and Arts Academy District,0601758,70
CALIFORNIA,Vista Condor Global Academy District,0601760,35
CALIFORNIA,Classical Academy High District,0601763,140
CALIFORNIA,KIPP Raices Academy District,0601764,69
CALIFORNIA,Rio Valley Charter District,0601765,122
CALIFORNIA,Yav Pem Suab Academy - Preparing for Future Charter District,0601767,30
CALIFORNIA,High Tech Elementary Explorer District,0601768,67
CALIFORNIA,Alameda Unified,0601770,1075
CALIFORNIA,Voices College-Bound Language ACAD at Morgan Hill District,0601771,-8
CALIFORNIA,Plumas Charter District,0601773,-8
CALIFORNIA,Futures High District,0601775,17
CALIFORNIA,California Montessori Project - Elk Grove Campus District,0601776,-8
CALIFORNIA,ISANA Achernar Academy District,0601777,54
CALIFORNIA,Aspire University Charter District,0601778,42
CALIFORNIA,Vista Oaks Charter District,0601779,167
CALIFORNIA,SIATech District,0601781,-8
CALIFORNIA,Rocketship Mateo Sheedy Elementary District,0601782,-8
CALIFORNIA,Mare Island Technology Academy District,0601783,26
CALIFORNIA,Desert Sands Charter District,0601784,167
CALIFORNIA,The Language Academy of Sacramento District,0601786,55
CALIFORNIA,Gompers Preparatory Academy District,0601788,225
CALIFORNIA,Compass Charter Schools of Los Angeles District,0601790,142
CALIFORNIA,Stockton Collegiate International Secondary District,0601792,26
CALIFORNIA,Rocketship Redwood City District,0601793,-8
CALIFORNIA,SAVA- Sacramento ACAD and Vocational Academy- EGUSD District,0601796,92
CALIFORNIA,Aspire Langston Hughes Academy District,0601801,95
CALIFORNIA,California Virtual Academy San Mateo District,0601802,121
CALIFORNIA,iLEAD Online District,0601806,28
CALIFORNIA,High Tech Middle District,0601808,86
CALIFORNIA,San Diego Cooperative Charter District,0601809,-8
CALIFORNIA,Cottonwood Creek Charter District,0601811,22
CALIFORNIA,REACH District,0601812,10
CALIFORNIA,Bellevue-Santa Fe Charter District,0601813,18
CALIFORNIA,Barona Indian Charter District,0601814,21
CALIFORNIA,Leadership Public Schools - Hayward District,0601815,47
CALIFORNIA,Urban Montessori Charter District,0601816,30
CALIFORNIA,Harriet Tubman Village Charter District,0601817,-8
CALIFORNIA,Aspire Antonio Maria Lugo Academy District,0601821,64
CALIFORNIA,Antioch Charter Academy II District,0601822,30
CALIFORNIA,Gorman Learning Center San Bernardino/Santa Clarita District,0601823,193
CALIFORNIA,Higher Learning Academy District,0601824,43
CALIFORNIA,Opportunities for Learning - Duarte District,0601825,18
CALIFORNIA,Aspire Vanguard College Preparatory Academy District,0601826,85
CALIFORNIA,Bay Area Technology District,0601827,57
CALIFORNIA,Journey District,0601828,76
CALIFORNIA,Big Picture Educational Academy District,0601829,63
CALIFORNIA,Gilroy Prep (a Navigator School) District,0601831,-8
CALIFORNIA,Kairos Public School Vacaville Academy District,0601832,62
CALIFORNIA,University High District,0601834,3
CALIFORNIA,Francophone Charter School of Oakland District,0601839,17
CALIFORNIA,Thompson Peak Charter District,0601840,22
CALIFORNIA,JCS - Manzanita District,0601841,50
CALIFORNIA,San Carlos Charter Learning Center District,0601842,23
CALIFORNIA,CORE Butte Charter District,0601843,-8
CALIFORNIA,Sherwood Montessori District,0601845,22
CALIFORNIA,TEAM Charter District,0601846,35
CALIFORNIA,Mirus Secondary District,0601847,55
CALIFORNIA,Rocketship Academy Brilliant Minds District,0601848,-8
CALIFORNIA,California Connections Academy Southern California District,0601851,-8
CALIFORNIA,ACE Esperanza Middle District,0601852,42
CALIFORNIA,Wonderful College Prep Academy - Lost Hills District,0601853,29
CALIFORNIA,Antelope Valley Learning Academy District,0601854,229
CALIFORNIA,Audeo Charter II District,0601855,56
CALIFORNIA,Aspire Ollin University Preparatory Academy District,0601857,90
CALIFORNIA,Albany City Unified,0601860,302
CALIFORNIA,Kepler Neighborhood District,0601862,-8
CALIFORNIA,Rising Sun Montessori District,0601868,-8
CALIFORNIA,Options for Youth-San Bernardino District,0601870,111
CALIFORNIA,MIT Griffin Academy Middle District,0601875,3
CALIFORNIA,Charter School of San Diego District,0601876,353
CALIFORNIA,High Tech Middle Media Arts District,0601878,63
CALIFORNIA,American Indian Public Charter II District,0601880,-8
CALIFORNIA,California Virtual Academy at Kings District,0601884,91
CALIFORNIA,Magnolia Science Academy 5 District,0601885,39
CALIFORNIA,Learning Without Limits District,0601886,34
CALIFORNIA,Nea Community Learning Center District,0601887,-8
CALIFORNIA,Discovery Charter District,0601888,19
CALIFORNIA,Alexander Valley Union Elementary,0601890,10
CALIFORNIA,High Tech High International District,0601891,68
CALIFORNIA,Leadership Public Schools: Richmond District,0601892,56
CALIFORNIA,Santiago Middle District,0601894,144
CALIFORNIA,Albert Einstein Academy Charter Middle District,0601896,182
CALIFORNIA,Scale Leadership Academy - East District,0601897,73
CALIFORNIA,Escuela Popular Accelerated Family Learning District,0601906,-8
CALIFORNIA,Northern United - Humboldt Charter District,0601909,45
CALIFORNIA,Summit Public School K2 District,0601912,72
CALIFORNIA,Charter School of Morgan Hill District,0601913,51
CALIFORNIA,California School of the Arts - San Gabriel Valley District,0601914,111
CALIFORNIA,Odyssey Charter District,0601915,8
CALIFORNIA,KIPP Corazon Academy District,0601920,148
CALIFORNIA,Voices College-Bound Lang Acad @ W. Contra Costa Co District,0601921,32
CALIFORNIA,Anahuacalmecac International Univ Prep N. America District,0601925,42
CALIFORNIA,JCS - Mountain Oaks District,0601929,21
CALIFORNIA,"Ridgecrest Elem Acad for Language, Music, and Sci District",0601931,24
CALIFORNIA,Latino College Preparatory Academy District,0601932,41
CALIFORNIA,Primary Charter District,0601933,41
CALIFORNIA,Novato Charter District,0601936,-8
CALIFORNIA,Lighthouse Community Charter District,0601937,69
CALIFORNIA,Trivium Charter School Voyage District,0601938,35
CALIFORNIA,Almond Acres Charter Academy District,0601943,65
CALIFORNIA,Palmdale Aerospace Academy District,0601945,-8
CALIFORNIA,Empower Generations District,0601947,25
CALIFORNIA,GOALS Academy District,0601948,-8
CALIFORNIA,Alisal Union,0601950,844
CALIFORNIA,Today's Fresh Start-Compton District,0601952,78
CALIFORNIA,National University Academy Dual Language Institute District,0601954,-8
CALIFORNIA,Lashon Academy District,0601955,57
CALIFORNIA,Elite ACAD Academy - Adult Work Force Investment District,0601956,-8
CALIFORNIA,KIPP San Francisco College Preparatory District,0601957,57
CALIFORNIA,Pacific Coast Academy District,0601961,555
CALIFORNIA,Oxford Preparatory Academy - South Orange County District,0601962,-8
CALIFORNIA,iQ Academy California-Los Angeles District,0601964,-8
CALIFORNIA,Soleil Academy Charter District,0601965,28
CALIFORNIA,Excelsior Charter School Corona-Norco District,0601966,11
CALIFORNIA,LPS Oakland R & D Campus District,0601967,46
CALIFORNIA,John Adams Academy - El Dorado Hills District,0601969,129
CALIFORNIA,Taylion High Desert Academy/Adelanto District,0601970,21
CALIFORNIA,"Oakland Military Institute,College Preparatory ACAD District",0601971,69
CALIFORNIA,Woodland Star Charter District,0601972,27
CALIFORNIA,Da Vinci Design District,0601973,61
CALIFORNIA,Clarksville Charter District,0601975,-8
CALIFORNIA,CA Montessori Project-Shingle Springs Campus District,0601976,-8
CALIFORNIA,Knowledge Enlightens You (KEY) Academy District,0601977,32
CALIFORNIA,Delta Elementary Charter District,0601979,-8
CALIFORNIA,Allensworth Elementary,0601980,5
CALIFORNIA,John Adams Academy - Lincoln District,0601986,-8
CALIFORNIA,MAAC Community Charter District,0601988,16
CALIFORNIA,All Tribes Charter District,0601989,9
CALIFORNIA,California Virtual Academy @ San Joaquin District,0601990,314
CALIFORNIA,Dimensions Collaborative District,0601991,92
CALIFORNIA,Leonardo da Vinci Health Sciences Charter District,0601992,20
CALIFORNIA,Voices College-Bound Language Academy District,0601993,40
CALIFORNIA,Yuba City Charter District,0601996,36
CALIFORNIA,Monarch Learning Center District,0601997,11
CALIFORNIA,Five Keys Charter (SF Sheriff's) District,0601998,13
CALIFORNIA,Old Town Academy K-8 Charter District,0602002,-8
CALIFORNIA,Natomas Charter District,0602003,-8
CALIFORNIA,Julian Charter District,0602005,49
CALIFORNIA,Pasadena Rosebud Academy District,0602007,6
CALIFORNIA,Gateway College and Career Academy District,0602008,13
CALIFORNIA,Sycamore Academy of Science and Cultural Arts District,0602009,79
CALIFORNIA,Alpaugh Unified,0602010,-8
CALIFORNIA,Yu Ming Charter District,0602013,43
CALIFORNIA,Nord Country District,0602014,22
CALIFORNIA,King-Chavez Primary Academy District,0602015,23
CALIFORNIA,Oxford Day Academy District,0602016,9
CALIFORNIA,KIPP Promesa Prep District,0602017,59
CALIFORNIA,Barack Obama Charter District,0602018,40
CALIFORNIA,Jardin de la Infancia District,0602019,-8
CALIFORNIA,Sierra Academy of Expeditionary Learning District,0602021,29
CALIFORNIA,Summit Public School: Tamalpais District,0602026,42
CALIFORNIA,Antioch Charter Academy District,0602027,27
CALIFORNIA,KIPP Excelencia Community Preparatory District,0602030,-8
CALIFORNIA,Gateway International District,0602034,34
CALIFORNIA,Pacific Springs Charter District,0602035,71
CALIFORNIA,Eleanor Roosevelt Community Learning Center District,0602036,61
CALIFORNIA,Invictus Academy of Richmond District,0602037,51
CALIFORNIA,Luis Valdez Leadership Academy District,0602038,34
CALIFORNIA,Golden Eagle Charter District,0602039,43
CALIFORNIA,NOVA Academy - Coachella District,0602040,38
CALIFORNIA,Ednovate - Legacy College Prep. District,0602043,59
CALIFORNIA,Desert Trails Preparatory Academy District,0602044,4
CALIFORNIA,Aspire Berkley Maynard Academy District,0602046,-8
CALIFORNIA,KIPP San Jose Collegiate District,0602047,28
CALIFORNIA,Samueli Academy District,0602051,103
CALIFORNIA,Animo Leadership High District,0602052,66
CALIFORNIA,Maria Montessori Charter Academy District,0602053,31
CALIFORNIA,Thomas Edison Charter Academy District,0602054,50
CALIFORNIA,Paragon Collegiate Academy District,0602055,29
CALIFORNIA,STREAM Charter District,0602057,66
CALIFORNIA,Aspire Rosa Parks Academy District,0602059,31
CALIFORNIA,iLEAD Lancaster Charter District,0602060,115
CALIFORNIA,Blue Ridge Academy District,0602062,-8
CALIFORNIA,Ingenium Clarion Charter Middle District,0602063,29
CALIFORNIA,Voices College-Bound Language ACAD at Mt. Pleasant District,0602064,23
CALIFORNIA,Sacramento Valley Charter District,0602065,15
CALIFORNIA,Temecula Valley Charter District,0602068,67
CALIFORNIA,Aspire Benjamin Holt Middle District,0602069,40
CALIFORNIA,Alpine County Unified,0602070,14
CALIFORNIA,Highland Academy District,0602073,42
CALIFORNIA,Aveson School of Leaders District,0602074,-8
CALIFORNIA,Hawking S.T.E.A.M. Charter District,0602075,121
CALIFORNIA,Environmental Charter High District,0602076,48
CALIFORNIA,Diego Hills Central Public Charter District,0602079,54
CALIFORNIA,Community Outreach Academy District,0602081,-8
CALIFORNIA,Temecula Preparatory District,0602084,-8
CALIFORNIA,Rocketship Spark Academy District,0602087,-8
CALIFORNIA,Pathways Charter District,0602088,39
CALIFORNIA,River Springs Charter District,0602089,943
CALIFORNIA,Grimmway Academy Shafter District,0602091,50
CALIFORNIA,St. HOPE Public School 7 District,0602094,73
CALIFORNIA,Aspire Summit Charter Academy District,0602095,32
CALIFORNIA,Literacy First Charter District,0602098,210
CALIFORNIA,Alpine Union Elementary,0602100,230
CALIFORNIA,Santa Rosa Academy District,0602101,136
CALIFORNIA,City Arts and Tech High District,0602103,98
CALIFORNIA,Museum District,0602106,45
CALIFORNIA,San Diego Workforce Innovation High District,0602108,481
CALIFORNIA,School for Entrepreneurship and Technology District,0602110,81
CALIFORNIA,Aspire College Academy District,0602112,29
CALIFORNIA,Unity Middle College High District,0602113,24
CALIFORNIA,Public Safety Academy District,0602115,21
CALIFORNIA,Gorman Learning Center District,0602117,159
CALIFORNIA,Five Keys Independence HS (SF Sheriff's) District,0602118,99
CALIFORNIA,Bay View Academy District,0602120,62
CALIFORNIA,Richmond Charter Academy District,0602121,34
CALIFORNIA,Learning Choice Academy - Chula Vista District,0602122,72
CALIFORNIA,Aspire Alexander Twilight College Preparatory ACAD District,0602123,42
CALIFORNIA,Career Technical Education Charter District,0602124,19
CALIFORNIA,California Connections Academy North Bay District,0602127,16
CALIFORNIA,Edward B. Cole Academy District,0602130,-8
CALIFORNIA,Achieve Charter School of Paradise Inc. District,0602133,20
CALIFORNIA,The O'Farrell Charter District,0602136,-8
CALIFORNIA,Santa Clarita Valley International District,0602137,137
CALIFORNIA,ACE Inspire Academy District,0602138,42
CALIFORNIA,KIPP Iluminar Academy District,0602142,81
CALIFORNIA,Alpha: Jose Hernandez District,0602144,42
CALIFORNIA,Empowering Possibilities International Charter District,0602147,22
CALIFORNIA,Preuss School UCSD District,0602148,72
CALIFORNIA,"Method Schools, LA District",0602150,22
CALIFORNIA,KIPP King Collegiate High District,0602152,67
CALIFORNIA,Ezequiel Tafoya Alvarado Academy District,0602153,-8
CALIFORNIA,KIPP Scholar Academy District,0602154,62
CALIFORNIA,Creative Arts Charter District,0602155,3
CALIFORNIA,Connecting Waters Charter - East Bay District,0602159,40
CALIFORNIA,Alta Loma Elementary,0602160,624
CALIFORNIA,Rocketship Futuro Academy District,0602162,-8
CALIFORNIA,Achieve Academy District,0602165,46
CALIFORNIA,Sunrise Middle District,0602166,39
CALIFORNIA,Ambassador Phillip V. Sanchez II Public Charter District,0602167,36
CALIFORNIA,Summit Public School: Denali District,0602169,108
CALIFORNIA,Insight @ San Joaquin District,0602171,47
CALIFORNIA,KIPP Bayview Academy District,0602172,52
CALIFORNIA,iLead Agua Dulce District,0602174,54
CALIFORNIA,Allegiance STEAM Academy - Thrive District,0602175,-8
CALIFORNIA,Blue Oak Charter District,0602177,32
CALIFORNIA,School of Arts and Enterprise District,0602180,110
CALIFORNIA,Growth Public District,0602183,36
CALIFORNIA,King-Chavez Community High District,0602185,56
CALIFORNIA,Animo Compton Charter District,0602187,64
CALIFORNIA,Paseo Grande Charter District,0602188,8
CALIFORNIA,Rocketship Los Suenos Academy District,0602191,41
CALIFORNIA,East Bay Innovation Academy District,0602192,95
CALIFORNIA,Magnolia Science Academy 3 District,0602194,40
CALIFORNIA,New Opportunities Charter District,0602195,6
CALIFORNIA,Life Source International Charter District,0602199,20
CALIFORNIA,River Montessori Elementary Charter District,0602204,8
CALIFORNIA,Elite Academic Academy - Lucerne District,0602207,99
CALIFORNIA,Oakland Charter Academy District,0602208,25
CALIFORNIA,Kinetic Academy District,0602210,-8
CALIFORNIA,Aspire Lionel Wilson College Preparatory Academy District,0602212,66
CALIFORNIA,Pivot Charter School Riverside District,0602214,37
CALIFORNIA,Da Vinci RISE High District,0602215,52
CALIFORNIA,ACE Empower Academy District,0602217,33
CALIFORNIA,PREPA TEC - Los Angeles District,0602218,31
CALIFORNIA,Alta Vista Elementary,0602220,28
CALIFORNIA,Alpha: Blanca Alvarado District,0602221,-8
CALIFORNIA,Summit Public School: Tahoma District,0602222,57
CALIFORNIA,Sherman Thomas STEM Academy District,0602225,7
CALIFORNIA,American Indian Public High District,0602227,15
CALIFORNIA,Everest Public High District,0602229,57
CALIFORNIA,Ross Valley Charter District,0602234,24
CALIFORNIA,Mission Preparatory District,0602236,56
CALIFORNIA,Silver Oak High Public Montessori Charter District,0602238,81
CALIFORNIA,Wildflower Open Classroom District,0602239,19
CALIFORNIA,Kipp Prize Preparatory Academy District,0602240,44
CALIFORNIA,Orange County Academy of Sciences and Arts District,0602243,23
CALIFORNIA,Great Valley Academy - Salida District,0602244,-8
CALIFORNIA,Orange County Educational Arts Academy District,0602245,70
CALIFORNIA,Guajome Learning Center District,0602247,3
CALIFORNIA,Audeo Charter School III District,0602248,38
CALIFORNIA,Alta-Dutch Flat Union Elementary,0602250,-8
CALIFORNIA,Downtown College Preparatory Middle District,0602251,47
CALIFORNIA,Dixon Montessori Charter District,0602252,-8
CALIFORNIA,Chrysalis Charter District,0602253,19
CALIFORNIA,Valiente College Preparatory Charter District,0602256,22
CALIFORNIA,Coastal Academy Charter District,0602258,-8
CALIFORNIA,KIPP Heritage Academy District,0602259,26
CALIFORNIA,Sonoma Charter District,0602260,-8
CALIFORNIA,John Adams Academy - Roseville District,0602261,113
CALIFORNIA,Tree of Life Charter District,0602267,11
CALIFORNIA,Rocklin Academy Gateway District,0602268,-8
CALIFORNIA,Credo High District,0602269,53
CALIFORNIA,Temecula International Academy District,0602271,-8
CALIFORNIA,Tomorrow's Leadership Collaborative (TLC) Charter District,0602272,-8
CALIFORNIA,Cabrillo Point Academy District,0602274,411
CALIFORNIA,McGill School of Success District,0602275,-8
CALIFORNIA,KIPP Bridge Academy District,0602276,83
CALIFORNIA,Twin Rivers Charter District,0602278,31
CALIFORNIA,King-Chavez Arts Academy District,0602280,18
CALIFORNIA,OCSA District,0602284,141
CALIFORNIA,SAVA - Sacramento Academic and Vocational Academy District,0602285,50
CALIFORNIA,Rocketship Delta Prep District,0602286,46
CALIFORNIA,Summit Preparatory Charter High District,0602287,76
CALIFORNIA,Elite Academic Academy - Mountain Empire District,0602288,-8
CALIFORNIA,Oakland Unity High District,0602292,52
CALIFORNIA,Da Vinci Connect District,0602293,95
CALIFORNIA,San Diego Mission Academy District,0602294,23
CALIFORNIA,Long Valley District,0602296,34
CALIFORNIA,Blue Oak Academy District,0602299,-8
CALIFORNIA,Holly Drive Leadership Academy District,0602302,21
CALIFORNIA,Sacramento Charter High District,0602303,58
CALIFORNIA,California Montessori Project - Capitol Campus District,0602305,64
CALIFORNIA,Shasta Charter Academy District,0602306,27
CALIFORNIA,Animo City of Champions Charter High District,0602307,78
CALIFORNIA,Inland Leaders Charter District,0602309,-8
CALIFORNIA,Alum Rock Union Elementary,0602310,1016
CALIFORNIA,Opportunities for Learning - Capistrano District,0602311,25
CALIFORNIA,Rocklin Academy District,0602312,48
CALIFORNIA,Excelsior Charter District,0602313,268
CALIFORNIA,River Charter Schools Lighthouse Charter District,0602314,-8
CALIFORNIA,Wonderful College Prep Academy District,0602315,133
CALIFORNIA,California Virtual Academy @ Sonoma District,0602316,115
CALIFORNIA,Citrus Springs Charter District,0602317,52
CALIFORNIA,Learning for Life Charter District,0602318,30
CALIFORNIA,Magnolia Science Academy 2 District,0602319,94
CALIFORNIA,Hollister Prep District,0602320,67
CALIFORNIA,Aspen Meadow Public District,0602321,-8
CALIFORNIA,Learning Choice Academy District,0602323,45
CALIFORNIA,Design Tech High District,0602324,80
CALIFORNIA,California Pacific Charter - San Diego District,0602328,40
CALIFORNIA,Pivot Charter School - North Bay District,0602330,106
CALIFORNIA,Community Roots Academy District,0602331,100
CALIFORNIA,Contra Costa School of Performing Arts District,0602336,58
CALIFORNIA,Peak to Peak Mountain Charter District,0602337,5
CALIFORNIA,Northern Summit Academy Shasta District,0602338,35
CALIFORNIA,Clayton Valley Charter High District,0602342,186
CALIFORNIA,Adelante Charter District,0602343,33
CALIFORNIA,Oakland Unity Middle District,0602346,18
CALIFORNIA,SAVA- Sacramento ACAD and Vocational Academy- SCUSD District,0602348,161
CALIFORNIA,e3 Civic High District,0602350,84
CALIFORNIA,Team Charter Academy District,0602352,15
CALIFORNIA,California Pacific Charter- Los Angeles District,0602354,-8
CALIFORNIA,Lighthouse Community Charter High District,0602356,36
CALIFORNIA,Connect Community Charter District,0602357,-8
CALIFORNIA,Manzanita Middle District,0602358,8
CALIFORNIA,Alview-Dairyland Union Elementary,0602360,26
CALIFORNIA,Academia Moderna District,0602361,34
CALIFORNIA,Darnall Charter District,0602364,-8
CALIFORNIA,Mountain Home Charter (Alternative) District,0602365,24
CALIFORNIA,JCS - Pine Valley District,0602366,20
CALIFORNIA,Aspire APEX Academy District,0602367,-8
CALIFORNIA,KIPP Sol Academy District,0602369,61
CALIFORNIA,Alvina Elementary,0602370,16
CALIFORNIA,"Imagine Schools, Riverside County District",0602372,137
CALIFORNIA,Health Sciences High District,0602374,64
CALIFORNIA,Empower Charter District,0602375,20
CALIFORNIA,Aspire Benjamin Holt College Preparatory Academy District,0602376,59
CALIFORNIA,Marconi Learning Academy District,0602377,78
CALIFORNIA,Family Partnership Charter District,0602378,30
CALIFORNIA,Rocketship Fuerza Community Prep District,0602379,-8
CALIFORNIA,LA's Promise Charter Middle #1 District,0602380,30
CALIFORNIA,COM Collaborative Virtual - Keppel Partnership ACAD District,0602381,-8
CALIFORNIA,Redding School of the Arts District,0602385,66
CALIFORNIA,Diego Valley East Public Charter District,0602386,86
CALIFORNIA,Magnolia Science Academy San Diego District,0602387,75
CALIFORNIA,California Connections Academy @ Ripon District,0602388,296
CALIFORNIA,Crescent View South II District,0602395,166
CALIFORNIA,OCS - South District,0602399,4
CALIFORNIA,Inspire Charter School - North District,0602400,195
CALIFORNIA,Trivium Charter District,0602401,28
CALIFORNIA,Aspire Richmond Ca. College Preparatory Academy District,0602403,109
CALIFORNIA,Lazear Charter Academy District,0602405,57
CALIFORNIA,Connecting Waters Charter School - Central Valley District,0602406,77
CALIFORNIA,Alma Fuerte Public District,0602408,30
CALIFORNIA,California Connections Academy@Central District,0602411,124
CALIFORNIA,Da Vinci Science District,0602416,32
CALIFORNIA,Stockton Collegiate International Elementary District,0602418,39
CALIFORNIA,Century Community Charter District,0602419,41
CALIFORNIA,Hardy Brown College Prep District,0602423,23
CALIFORNIA,Nevada City School of the Arts District,0602424,-8
CALIFORNIA,Ceiba College Preparatory Academy District,0602428,45
CALIFORNIA,High Tech Elementary District,0602429,60
CALIFORNIA,Alvord Unified,0602430,2313
CALIFORNIA,Fortune District,0602432,-8
CALIFORNIA,Community Collaborative Charter District,0602433,90
CALIFORNIA,Vista Heritage Global Academy District,0602434,63
CALIFORNIA,Julia Lee Performing Arts Academy District,0602436,-8
CALIFORNIA,Assurance Learning Academy District,0602437,688
CALIFORNIA,Rocketship Mosaic Elementary District,0602444,58
CALIFORNIA,Aspire Port City Academy District,0602445,36
CALIFORNIA,Capitol Collegiate Academy District,0602447,51
CALIFORNIA,Aspire Monarch Academy District,0602448,46
CALIFORNIA,Wilder's Preparatory Academy Charter District,0602449,14
CALIFORNIA,Amador County Unified,0602450,721
CALIFORNIA,California Virtual Academy at Maricopa District,0602451,120
CALIFORNIA,Aspire River Oaks Charter District,0602452,-8
CALIFORNIA,Grimmway Academy District,0602454,60
CALIFORNIA,KIPP Summit Academy District,0602457,26
CALIFORNIA,Oakland School for the Arts District,0602458,92
CALIFORNIA,Aurum Preparatory Academy District,0602459,33
CALIFORNIA,Yosemite Valley Charter District,0602460,-8
CALIFORNIA,ARISE High District,0602462,57
CALIFORNIA,Rocky Point Charter District,0602463,-8
CALIFORNIA,Vista Real Charter High District,0602465,271
CALIFORNIA,Sherman Thomas Charter District,0602467,14
CALIFORNIA,Big Sur Charter District,0602469,10
CALIFORNIA,Animo Inglewood Charter High District,0602471,54
CALIFORNIA,Western Sierra Collegiate Academy District,0602473,51
CALIFORNIA,Aspire Vincent Shalvey Academy District,0602476,-8
CALIFORNIA,Sebastopol Independent Charter District,0602477,25
CALIFORNIA,Valley View Charter Prep District,0602478,57
CALIFORNIA,KIPP Valiant Community Prep District,0602481,82
CALIFORNIA,iLEAD Hybrid District,0602482,536
CALIFORNIA,MIT Academy District,0602483,31
CALIFORNIA,Elite Public District,0602485,61
CALIFORNIA,Sycamore Creek Community Charter District,0602486,17
CALIFORNIA,Excel Academy Charter District,0602487,54
CALIFORNIA,California Connections Academy Central Coast District,0602488,14
CALIFORNIA,Lashon Academy City District,0602489,4
CALIFORNIA,Pathways Academy Charter - Adult Education District,0602491,9
CALIFORNIA,The Learning Choice Academy - East County District,0602498,90
CALIFORNIA,Excel Academy Charter District,0602500,98
CALIFORNIA,Sage Oak Charter - South District,0602505,41
CALIFORNIA,Shasta View Academy District,0602506,52
CALIFORNIA,International School for Science and Culture District,0602507,14
CALIFORNIA,Monarch River Academy District,0602508,128
CALIFORNIA,California Pacific Charter - Sonoma District,0602510,24
CALIFORNIA,Garvey/Allen Visual & Performing Arts Academy for STEM DIST,0602511,27
CALIFORNIA,Heartwood Charter District,0602512,-8
CALIFORNIA,Mission Vista Academy District,0602513,544
CALIFORNIA,Granite Mountain Charter District,0602516,412
CALIFORNIA,California Connections Academy Monterey Bay District,0602517,71
CALIFORNIA,Sycamore Academy of Science and Cultural Arts Chino VLY DIST,0602518,-8
CALIFORNIA,Lake View Charter District,0602520,61
CALIFORNIA,Compass Charter School of Yolo District,0602521,-8
CALIFORNIA,Hayward Collegiate Charter District,0602523,11
CALIFORNIA,Cottonwood District,0602524,-8
CALIFORNIA,We the People High District,0602529,8
CALIFORNIA,Griffin Academy High District,0602530,11
CALIFORNIA,Aspire Stockton 6-12 Secondary Academy District,0602532,16
CALIFORNIA,KIPP Esperanza High District,0602533,47
CALIFORNIA,Aspire Stockton TK-5 Elementary Academy District,0602534,15
CALIFORNIA,Orange County Classical Academy District,0602535,50
CALIFORNIA,Endeavor Charter District,0602538,37
CALIFORNIA,OCASA College Prep District,0602539,18
CALIFORNIA,American River Collegiate Academy District,0602541,7
CALIFORNIA,Pacific Collegiate Charter District,0602542,18
CALIFORNIA,Agnes J. Johnson Charter District,0602543,14
CALIFORNIA,Voices College Bound Language Academy at Stockton District,0602545,10
CALIFORNIA,Invictus Leadership Academy District,0602547,6
CALIFORNIA,Clovis Global Academy District,0602548,-8
CALIFORNIA,Irvine International Academy District,0602552,9
CALIFORNIA,KIPP Poder Public District,0602553,14
CALIFORNIA,Golden Charter Academy District,0602556,26
CALIFORNIA,Environmental Charter High - Gardena District,0602557,36
CALIFORNIA,Entrepreneur High Fontana District,0602558,50
CALIFORNIA,Aspen Ridge Public District,0602559,26
CALIFORNIA,Audeo Valley Charter District,0602560,45
CALIFORNIA,T.I.M.E. Community District,0602561,14
CALIFORNIA,KIPP Stockton Kindergarten-12 Grade District,0602563,10
CALIFORNIA,Bridges Preparatory Academy District,0602564,14
CALIFORNIA,Yuba River Charter District,0602565,26
CALIFORNIA,Achieve Charter School of Chico District,0602570,35
CALIFORNIA,Banta Unified,0602571,229
CALIFORNIA,KIPP Stockton Kindergarten-8 Grade District,0602575,9
CALIFORNIA,Phoenix Charter Academy College View District,0602578,15
CALIFORNIA,Astronaut Jose' M. Hernandez Academy District,0602581,35
CALIFORNIA,New Pacific School - Roseville District,0602582,-8
CALIFORNIA,The SEED School of Los Angeles County District,0602583,23
CALIFORNIA,Anaheim Elementary,0602610,2083
CALIFORNIA,Anaheim Union High,0602630,3792
CALIFORNIA,West Sonoma County Union High,0602670,223
CALIFORNIA,Anderson Union High,0602700,223
CALIFORNIA,Anderson Valley Unified,0602730,48
CALIFORNIA,Antelope Elementary,0602760,107
CALIFORNIA,Antelope Valley Union High,0602820,3674
CALIFORNIA,Antioch Unified,0602850,2457
CALIFORNIA,Arcadia Unified,0602970,624
CALIFORNIA,Arcata Elementary,0603000,197
CALIFORNIA,Northern Humboldt Union High,0603030,-8
CALIFORNIA,Arcohe Union Elementary,0603060,-8
CALIFORNIA,Arena Union Elementary,0603090,47
CALIFORNIA,Armona Union Elementary,0603180,133
CALIFORNIA,Arvin Union,0603270,272
CALIFORNIA,Atascadero Unified,0603300,631
CALIFORNIA,Atwater Elementary,0603420,757
CALIFORNIA,Auburn Union Elementary,0603480,242
CALIFORNIA,Azusa Unified,0603600,1004
CALIFORNIA,Baker Valley Unified,0603610,16
CALIFORNIA,Bakersfield City,0603630,3010
CALIFORNIA,Baldwin Park Unified,0603690,1847
CALIFORNIA,Ballard Elementary,0603720,-8
CALIFORNIA,Ballico-Cressey Elementary,0603750,46
CALIFORNIA,Bangor Union Elementary,0603780,19
CALIFORNIA,Banning Unified,0603840,649
CALIFORNIA,Barstow Unified,0604020,1130
CALIFORNIA,Bass Lake Joint Union Elementary,0604080,133
CALIFORNIA,Bassett Unified,0604110,444
CALIFORNIA,Bayshore Elementary,0604200,25
CALIFORNIA,Bear Valley Unified,0604230,303
CALIFORNIA,Beardsley Elementary,0604260,283
CALIFORNIA,Beaumont Unified,0604290,1613
CALIFORNIA,Bella Vista Elementary,0604350,46
CALIFORNIA,Bellevue Union,0604380,265
CALIFORNIA,Bellflower Unified,0604440,1544
CALIFORNIA,Belleview Elementary,0604500,-8
CALIFORNIA,Belmont-Redwood Shores Elementary,0604530,356
CALIFORNIA,Benicia Unified,0604620,486
CALIFORNIA,Bennett Valley Union Elementary,0604650,101
CALIFORNIA,Berkeley Unified,0604740,1055
CALIFORNIA,Berryessa Union Elementary,0604800,641
CALIFORNIA,Beverly Hills Unified,0604830,421
CALIFORNIA,Big Creek Elementary,0604860,6
CALIFORNIA,Big Lagoon Union Elementary,0604890,-8
CALIFORNIA,Big Pine Unified,0604950,26
CALIFORNIA,Big Springs Union Elementary,0604980,-8
CALIFORNIA,Big Valley Joint Unified,0605010,-8
CALIFORNIA,Biggs Unified,0605040,76
CALIFORNIA,Bitterwater-Tully Elementary,0605190,3
CALIFORNIA,Black Butte Union Elementary,0605220,-8
CALIFORNIA,Black Oak Mine Unified,0605240,188
CALIFORNIA,Blochman Union Elementary,0605280,25
CALIFORNIA,Blue Lake Union Elementary,0605400,-8
CALIFORNIA,Bogus Elementary,0605490,-8
CALIFORNIA,Bolinas-Stinson Union,0605520,-8
CALIFORNIA,Santa Maria-Bonita,0605580,1706
CALIFORNIA,Bonita Unified,0605610,1076
CALIFORNIA,Bonny Doon Union Elementary,0605640,20
CALIFORNIA,Borrego Springs Unified,0605700,-8
CALIFORNIA,Bradley Union Elementary,0605730,6
CALIFORNIA,Brawley Elementary,0605790,536
CALIFORNIA,Brawley Union High,0605820,274
CALIFORNIA,Brea-Olinda Unified,0605880,695
CALIFORNIA,Brentwood Union Elementary,0605910,1319
CALIFORNIA,Bret Harte Union High,0605940,106
CALIFORNIA,Bridgeville Elementary,0606000,6
CALIFORNIA,Briggs Elementary,0606030,56
CALIFORNIA,Brisbane Elementary,0606060,48
CALIFORNIA,Brittan Elementary,0606090,80
CALIFORNIA,Browns Elementary,0606100,14
CALIFORNIA,Buckeye Union Elementary,0606270,624
CALIFORNIA,Buellton Union Elementary,0606330,61
CALIFORNIA,Buena Park Elementary,0606360,538
CALIFORNIA,Panama-Buena Vista Union,0606390,2176
CALIFORNIA,Buena Vista Elementary,0606420,-8
CALIFORNIA,Burbank Unified,0606450,1825
CALIFORNIA,Burlingame Elementary,0606480,263
CALIFORNIA,Burnt Ranch Elementary,0606510,-8
CALIFORNIA,Burrel Union Elementary,0606540,-8
CALIFORNIA,Burton Elementary,0606570,372
CALIFORNIA,Butte Valley Unified,0606580,-8
CALIFORNIA,Butteville Union Elementary,0606690,-8
CALIFORNIA,Buttonwillow Union Elementary,0606720,33
CALIFORNIA,Byron Union Elementary,0606750,131
CALIFORNIA,Cabrillo Unified,0606780,397
CALIFORNIA,Cajon Valley Union,0606810,2928
CALIFORNIA,Calaveras Unified,0606870,560
CALIFORNIA,Calexico Unified,0606900,909
CALIFORNIA,Caliente Union Elementary,0606960,7
CALIFORNIA,Calipatria Unified,0606990,144
CALIFORNIA,Calistoga Joint Unified,0607020,120
CALIFORNIA,Cambrian,0607140,349
CALIFORNIA,Camino Union Elementary,0607170,64
CALIFORNIA,Campbell Union,0607200,727
CALIFORNIA,Campbell Union High,0607230,1039
CALIFORNIA,Camptonville Elementary,0607260,85
CALIFORNIA,Canyon Elementary,0607350,3
CALIFORNIA,Capay Joint Union Elementary,0607410,-8
CALIFORNIA,Capistrano Unified,0607440,5700
CALIFORNIA,Cardiff Elementary,0607470,104
CALIFORNIA,Carlsbad Unified,0607500,1727
CALIFORNIA,Carmel Unified,0607530,285
CALIFORNIA,Carpinteria Unified,0607560,314
CALIFORNIA,Cascade Union Elementary,0607680,231
CALIFORNIA,Castaic Union,0607740,234
CALIFORNIA,Castle Rock Union Elementary,0607770,5
CALIFORNIA,Castro Valley Unified,0607800,926
CALIFORNIA,Cayucos Elementary,0607840,8
CALIFORNIA,Center Joint Unified,0607900,649
CALIFORNIA,Centinela Valley Union High,0607920,816
CALIFORNIA,Central Elementary,0607950,740
CALIFORNIA,Central Unified,0607970,1757
CALIFORNIA,Central Union Elementary,0607980,186
CALIFORNIA,Central Union High,0608010,532
CALIFORNIA,Centralia Elementary,0608070,469
CALIFORNIA,Ceres Unified,0608130,1391
CALIFORNIA,Chaffey Joint Union High,0608160,3369
CALIFORNIA,Charter Oak Unified,0608190,640
CALIFORNIA,Chatom Union,0608250,66
CALIFORNIA,Chicago Park Elementary,0608340,-8
CALIFORNIA,Chico Unified,0608370,1795
CALIFORNIA,Chino Valley Unified,0608460,3200
CALIFORNIA,Chowchilla Elementary,0608520,279
CALIFORNIA,Chowchilla Union High,0608550,110
CALIFORNIA,Chualar Union,0608580,-8
CALIFORNIA,Chula Vista Elementary,0608610,3786
CALIFORNIA,Cienega Union Elementary,0608640,-8
CALIFORNIA,Cinnabar Elementary,0608700,29
CALIFORNIA,Claremont Unified,0608760,806
CALIFORNIA,Clay Joint Elementary,0608850,17
CALIFORNIA,Clear Creek Elementary,0608880,16
CALIFORNIA,Cloverdale Unified,0608970,173
CALIFORNIA,Clovis Unified,0609030,3916
CALIFORNIA,Coachella Valley Unified,0609070,2013
CALIFORNIA,Coalinga-Huron Unified,0609120,426
CALIFORNIA,Coffee Creek Elementary,0609240,-8
CALIFORNIA,Cold Spring Elementary,0609270,-8
CALIFORNIA,Colfax Elementary,0609300,45
CALIFORNIA,College Elementary,0609330,60
CALIFORNIA,Colton Joint Unified,0609390,2578
CALIFORNIA,Columbia Elementary,0609450,92
CALIFORNIA,Columbia Union,0609480,63
CALIFORNIA,Columbine Elementary,0609510,8
CALIFORNIA,Colusa Unified,0609570,211
CALIFORNIA,Compton Unified,0609620,2277
CALIFORNIA,Conejo Valley Unified,0609640,1932
CALIFORNIA,Leggett Valley Unified,0609665,-8
CALIFORNIA,Corcoran Joint Unified,0609690,310
CALIFORNIA,Corning Union Elementary,0609780,260
CALIFORNIA,Corning Union High,0609810,180
CALIFORNIA,Corona-Norco Unified,0609850,6499
CALIFORNIA,Coronado Unified,0609870,375
CALIFORNIA,Cotati-Rohnert Park Unified,0609940,811
CALIFORNIA,Cottonwood Union Elementary,0609990,129
CALIFORNIA,Covina-Valley Unified,0610050,1500
CALIFORNIA,Cuddeback Union Elementary,0610230,-8
CALIFORNIA,Culver City Unified,0610260,664
CALIFORNIA,Cupertino Union,0610290,1023
CALIFORNIA,Curtis Creek Elementary,0610320,-8
CALIFORNIA,Cutler-Orosi Joint Unified,0610350,383
CALIFORNIA,Cutten Elementary,0610380,88
CALIFORNIA,Cypress Elementary,0610440,510
CALIFORNIA,Davis Joint Unified,0610620,1219
CALIFORNIA,Death Valley Unified,0610680,3
CALIFORNIA,Dehesa Elementary,0610710,-8
CALIFORNIA,Del Mar Union Elementary,0610740,411
CALIFORNIA,Del Norte County Unified,0610770,651
CALIFORNIA,Delano Joint Union High,0610860,362
CALIFORNIA,Delano Union Elementary,0610890,588
CALIFORNIA,Delphic Elementary,0610980,-8
CALIFORNIA,Denair Unified,0611040,148
CALIFORNIA,Desert Center Unified,0611100,3
CALIFORNIA,Desert Sands Unified,0611110,3108
CALIFORNIA,Di Giorgio Elementary,0611130,-8
CALIFORNIA,Miller Creek Elementary,0611220,239
CALIFORNIA,Dixon Unified,0611280,455
CALIFORNIA,Douglas City Elementary,0611430,19
CALIFORNIA,Downey Unified,0611460,3077
CALIFORNIA,Dry Creek Joint Elementary,0611490,733
CALIFORNIA,Duarte Unified,0611520,916
CALIFORNIA,Ducor Union Elementary,0611550,9
CALIFORNIA,Dunham Elementary,0611610,19
CALIFORNIA,Dunsmuir Elementary,0611670,10
CALIFORNIA,Dunsmuir Joint Union High,0611700,13
CALIFORNIA,Durham Unified,0611730,109
CALIFORNIA,Earlimart Elementary,0611760,72
CALIFORNIA,East Nicolaus Joint Union High,0611780,31
CALIFORNIA,East Side Union High,0611820,2720
CALIFORNIA,East Whittier City Elementary,0611850,916
CALIFORNIA,Eastern Sierra Unified,0611870,-8
CALIFORNIA,Eastside Union Elementary,0611910,392
CALIFORNIA,Edison Elementary,0611940,96
CALIFORNIA,El Centro Elementary,0612030,732
CALIFORNIA,El Dorado Union High,0612070,956
CALIFORNIA,El Monte City,0612090,797
CALIFORNIA,El Monte Union High,0612120,1116
CALIFORNIA,El Nido Elementary,0612150,20
CALIFORNIA,El Rancho Unified,0612180,933
CALIFORNIA,El Segundo Unified,0612210,276
CALIFORNIA,Elk Grove Unified,0612330,8143
CALIFORNIA,Elk Hills Elementary,0612360,27
CALIFORNIA,Elverta Joint Elementary,0612600,-8
CALIFORNIA,Emery Unified,0612630,80
CALIFORNIA,Empire Union Elementary,0612690,362
CALIFORNIA,Encinitas Union Elementary,0612750,619
CALIFORNIA,Enterprise Elementary,0612810,520
CALIFORNIA,Escalon Unified,0612840,316
CALIFORNIA,Escondido Union,0612880,2372
CALIFORNIA,Escondido Union High,0612910,1158
CALIFORNIA,Esparto Unified,0612930,125
CALIFORNIA,Etiwanda Elementary,0612960,1608
CALIFORNIA,Eureka Union,0613080,378
CALIFORNIA,Evergreen Elementary,0613140,861
CALIFORNIA,Evergreen Union,0613170,130
CALIFORNIA,Fairfax Elementary,0613290,256
CALIFORNIA,Fairfield-Suisun Unified,0613360,2788
CALIFORNIA,Fall River Joint Unified,0613470,198
CALIFORNIA,Fallbrook Union Elementary,0613500,841
CALIFORNIA,Fallbrook Union High,0613530,299
CALIFORNIA,Fieldbrook Elementary,0613740,11
CALIFORNIA,Fillmore Unified,0613800,530
CALIFORNIA,Firebaugh-Las Deltas Unified,0613840,268
CALIFORNIA,Flournoy Union Elementary,0613860,6
CALIFORNIA,Folsom-Cordova Unified,0613890,2566
CALIFORNIA,Fontana Unified,0613920,4207
CALIFORNIA,Foresthill Union Elementary,0613980,59
CALIFORNIA,Forestville Union Elementary,0614010,34
CALIFORNIA,Fort Bragg Unified,0614070,229
CALIFORNIA,Fort Ross Elementary,0614130,-8
CALIFORNIA,Fortuna Union High,0614190,207
CALIFORNIA,Fountain Valley Elementary,0614220,570
CALIFORNIA,Fowler Unified,0614250,276
CALIFORNIA,Franklin Elementary,0614340,-8
CALIFORNIA,Franklin-McKinley Elementary,0614370,770
CALIFORNIA,Fremont Unified,0614400,3189
CALIFORNIA,Fremont Union High,0614430,921
CALIFORNIA,French Gulch-Whiskeytown Elementary,0614490,5
CALIFORNIA,Freshwater Elementary,0614520,29
CALIFORNIA,Fresno Unified,0614550,8861
CALIFORNIA,Fruitvale Elementary,0614700,365
CALIFORNIA,Fullerton Elementary,0614730,1384
CALIFORNIA,Fullerton Joint Union High,0614760,1481
CALIFORNIA,Galt Joint Union Elementary,0614790,560
CALIFORNIA,Galt Joint Union High,0614820,313
CALIFORNIA,Garden Grove Unified,0614880,5257
CALIFORNIA,Garfield Elementary,0614910,16
CALIFORNIA,Garvey Elementary,0614940,424
CALIFORNIA,Gateway Unified,0614950,417
CALIFORNIA,Gazelle Union Elementary,0614970,6
CALIFORNIA,General Shafter Elementary,0615000,7
CALIFORNIA,Gerber Union Elementary,0615090,65
CALIFORNIA,Geyserville Unified,0615150,-8
CALIFORNIA,Gilroy Unified,0615180,1456
CALIFORNIA,Glendale Unified,0615240,2442
CALIFORNIA,Glendora Unified,0615270,944
CALIFORNIA,Gold Oak Union Elementary,0615390,-8
CALIFORNIA,Gold Trail Union Elementary,0615450,-8
CALIFORNIA,Golden Feather Union Elementary,0615480,-8
CALIFORNIA,Goleta Union Elementary,0615510,420
CALIFORNIA,Gorman Joint,0615600,10
CALIFORNIA,Grant Elementary,0615690,37
CALIFORNIA,Grass Valley Elementary,0615780,215
CALIFORNIA,Gratton Elementary,0615810,7
CALIFORNIA,Gravenstein Union Elementary,0615840,-8
CALIFORNIA,Graves Elementary,0615870,3
CALIFORNIA,Green Point Elementary,0615990,-8
CALIFORNIA,Greenfield Union,0616050,857
CALIFORNIA,Greenfield Union Elementary,0616080,447
CALIFORNIA,Grenada Elementary,0616110,18
CALIFORNIA,Grossmont Union High,0616230,3529
CALIFORNIA,Guadalupe Union Elementary,0616260,161
CALIFORNIA,Cucamonga Elementary,0616300,292
CALIFORNIA,Guerneville Elementary,0616320,25
CALIFORNIA,Gustine Unified,0616323,241
CALIFORNIA,Hacienda la Puente Unified,0616325,2004
CALIFORNIA,Hanford Elementary,0616470,610
CALIFORNIA,Hanford Joint Union High,0616500,432
CALIFORNIA,Happy Camp Union Elementary,0616530,16
CALIFORNIA,Happy Valley Elementary,0616560,12
CALIFORNIA,Happy Valley Union Elementary,0616570,55
CALIFORNIA,Harmony Union Elementary,0616620,-8
CALIFORNIA,Hart-Ransom Union Elementary,0616650,-8
CALIFORNIA,Hawthorne,0616680,626
CALIFORNIA,Hayward Unified,0616740,2331
CALIFORNIA,Heber Elementary,0616830,120
CALIFORNIA,Helendale Elementary,0616860,115
CALIFORNIA,Hemet Unified,0616920,3337
CALIFORNIA,Hermosa Beach City Elementary,0617040,117
CALIFORNIA,Hickman Community Charter,0617160,-8
CALIFORNIA,Hillsborough City Elementary,0617190,155
CALIFORNIA,Hilmar Unified,0617220,208
CALIFORNIA,Hollister,0617340,790
CALIFORNIA,Holtville Unified,0617430,158
CALIFORNIA,Hope Elementary,0617490,113
CALIFORNIA,Hope Elementary,0617520,10
CALIFORNIA,Horicon Elementary,0617580,-8
CALIFORNIA,Hornbrook Elementary,0617620,-8
CALIFORNIA,Hot Springs Elementary,0617640,-8
CALIFORNIA,Howell Mountain Elementary,0617760,13
CALIFORNIA,Hueneme Elementary,0617850,961
CALIFORNIA,Hughes-Elizabeth Lakes Union Elementary,0617880,21
CALIFORNIA,Huntington Beach City Elementary,0618030,589
CALIFORNIA,Huntington Beach Union High,0618060,1711
CALIFORNIA,Hydesville Elementary,0618120,-8
CALIFORNIA,"Igo, Ono, Platina Union Elementary",0618160,3
CALIFORNIA,Imperial Unified,0618210,639
CALIFORNIA,Indian Diggings Elementary,0618240,-8
CALIFORNIA,Inglewood Unified,0618390,1097
CALIFORNIA,Island Union Elementary,0618510,-8
CALIFORNIA,Jacoby Creek Elementary,0618660,80
CALIFORNIA,Jamestown Elementary,0618690,64
CALIFORNIA,Jamul-Dulzura Union Elementary,0618730,85
CALIFORNIA,Janesville Union Elementary,0618780,-8
CALIFORNIA,Jefferson Elementary,0618810,-8
CALIFORNIA,Jefferson Elementary,0618840,275
CALIFORNIA,Jefferson Elementary,0618870,562
CALIFORNIA,Jefferson Union High,0618930,465
CALIFORNIA,John Swett Unified,0618990,230
CALIFORNIA,Johnstonville Elementary,0619050,-8
CALIFORNIA,Julian Union High,0619110,20
CALIFORNIA,Julian Union Elementary,0619140,65
CALIFORNIA,Junction City Elementary,0619170,5
CALIFORNIA,Junction Elementary,0619200,48
CALIFORNIA,Junction Elementary,0619230,-8
CALIFORNIA,Jurupa Unified,0619260,2347
CALIFORNIA,Kelseyville Unified,0619320,212
CALIFORNIA,Kentfield Elementary,0619380,124
CALIFORNIA,Kenwood,0619410,-8
CALIFORNIA,Keppel Union Elementary,0619440,374
CALIFORNIA,Kerman Unified,0619490,567
CALIFORNIA,Kern High,0619540,5358
CALIFORNIA,Kernville Union Elementary,0619590,-8
CALIFORNIA,Keyes Union,0619620,140
CALIFORNIA,South Monterey County Joint Union High,0619650,318
CALIFORNIA,King City Union,0619680,464
CALIFORNIA,Kings Canyon Joint Unified,0619700,917
CALIFORNIA,Kings River Union Elementary,0619740,32
CALIFORNIA,Kings River-Hardwick Union Elementary,0619770,-8
CALIFORNIA,Kingsburg Elementary Charter,0619800,227
CALIFORNIA,Kingsburg Joint Union High,0619830,89
CALIFORNIA,Kirkwood Elementary,0619860,21
CALIFORNIA,Kit Carson Union Elementary,0619890,-8
CALIFORNIA,Klamath River Union Elementary,0619920,-8
CALIFORNIA,Klamath-Trinity Joint Unified,0619950,172
CALIFORNIA,Kneeland Elementary,0619980,-8
CALIFORNIA,Knights Ferry Elementary,0620010,6
CALIFORNIA,Knightsen Elementary,0620040,61
CALIFORNIA,Konocti Unified,0620070,533
CALIFORNIA,La Canada Unified,0620130,316
CALIFORNIA,La Habra City Elementary,0620190,630
CALIFORNIA,La Honda-Pescadero Unified,0620220,42
CALIFORNIA,La Mesa-Spring Valley,0620250,1913
CALIFORNIA,Lafayette Elementary,0620310,398
CALIFORNIA,Laguna Beach Unified,0620370,261
CALIFORNIA,Laguna Joint Elementary,0620430,6
CALIFORNIA,Pacifica,0620460,328
CALIFORNIA,Lagunita Elementary,0620490,6
CALIFORNIA,Lagunitas Elementary,0620520,-8
CALIFORNIA,Lake Elementary,0620610,22
CALIFORNIA,Lake Tahoe Unified,0620640,441
CALIFORNIA,Lakeport Unified,0620670,-8
CALIFORNIA,Lakeside Joint,0620700,-8
CALIFORNIA,Lakeside Union,0620730,201
CALIFORNIA,Lakeside Union Elementary,0620760,-8
CALIFORNIA,Lakeside Union Elementary,0620790,853
CALIFORNIA,Lamont Elementary,0620850,222
CALIFORNIA,Lancaster Elementary,0620880,2095
CALIFORNIA,Larkspur-Corte Madera,0620910,138
CALIFORNIA,Las Virgenes Unified,0621000,1088
CALIFORNIA,Lassen Union High,0621060,82
CALIFORNIA,Lassen View Union Elementary,0621090,-8
CALIFORNIA,Laton Joint Unified,0621150,89
CALIFORNIA,Latrobe,0621180,-8
CALIFORNIA,Lawndale Elementary,0621210,587
CALIFORNIA,Le Grand Union Elementary,0621240,-8
CALIFORNIA,Le Grand Union High,0621270,38
CALIFORNIA,Lemon Grove,0621330,473
CALIFORNIA,Lemoore Union Elementary,0621360,300
CALIFORNIA,Lemoore Union High,0621400,274
CALIFORNIA,Lennox,0621420,536
CALIFORNIA,Richland Union Elementary,0621450,323
CALIFORNIA,Lewiston Elementary,0621480,14
CALIFORNIA,Liberty Elementary,0621540,-8
CALIFORNIA,Liberty Elementary,0621570,43
CALIFORNIA,Liberty Union High,0621600,1257
CALIFORNIA,Lincoln Unified,0621690,1183
CALIFORNIA,Linden Unified,0621810,289
CALIFORNIA,Lindsay Unified,0621870,399
CALIFORNIA,Linns Valley-Poso Flat Union,0621900,-8
CALIFORNIA,Little Lake City Elementary,0621930,512
CALIFORNIA,Live Oak Elementary,0621990,251
CALIFORNIA,Live Oak Unified,0622050,270
CALIFORNIA,Livermore Valley Joint Unified,0622110,1955
CALIFORNIA,Livingston Union,0622170,233
CALIFORNIA,Lodi Unified,0622230,4000
CALIFORNIA,Loleta Union Elementary,0622320,41
CALIFORNIA,Loma Prieta Joint Union Elementary,0622350,74
CALIFORNIA,Las Lomitas Elementary,0622380,152
CALIFORNIA,Lompoc Unified,0622410,1476
CALIFORNIA,Lone Pine Unified,0622440,-8
CALIFORNIA,Long Beach Unified,0622500,8787
CALIFORNIA,Loomis Union Elementary,0622560,288
CALIFORNIA,Los Alamitos Unified,0622590,1016
CALIFORNIA,Los Altos Elementary,0622650,328
CALIFORNIA,Los Angeles Unified,0622710,74938
CALIFORNIA,Los Banos Unified,0622740,1400
CALIFORNIA,Los Gatos-Saratoga Union High,0622800,326
CALIFORNIA,Los Gatos Union Elementary,0622830,229
CALIFORNIA,Los Molinos Unified,0622860,66
CALIFORNIA,Los Nietos,0622890,208
CALIFORNIA,Los Olivos Elementary,0622920,-8
CALIFORNIA,Lost Hills Union Elementary,0622950,32
CALIFORNIA,Lowell Joint,0623010,401
CALIFORNIA,Lucerne Elementary,0623040,42
CALIFORNIA,Lucia Mar Unified,0623080,1384
CALIFORNIA,Luther Burbank,0623130,-8
CALIFORNIA,Lynwood Unified,0623160,1670
CALIFORNIA,Madera Unified,0623340,1811
CALIFORNIA,Magnolia Elementary,0623430,618
CALIFORNIA,Magnolia Union Elementary,0623460,18
CALIFORNIA,Mammoth Unified,0623530,-8
CALIFORNIA,Manchester Union Elementary,0623550,6
CALIFORNIA,Manteca Unified,0623610,3204
CALIFORNIA,Manzanita Elementary,0623700,36
CALIFORNIA,Maple Creek Elementary,0623730,-8
CALIFORNIA,Maple Elementary,0623760,-8
CALIFORNIA,Marcum-Illinois Union Elementary,0623800,25
CALIFORNIA,Maricopa Unified,0623820,52
CALIFORNIA,Mariposa County Unified,0623940,236
CALIFORNIA,Mark Twain Union Elementary,0623970,120
CALIFORNIA,Mark West Union Elementary,0624000,128
CALIFORNIA,Martinez Unified,0624030,590
CALIFORNIA,Marysville Joint Unified,0624090,1491
CALIFORNIA,Maxwell Unified,0624150,47
CALIFORNIA,McCabe Union Elementary,0624180,138
CALIFORNIA,McCloud Union Elementary,0624210,-8
CALIFORNIA,McFarland Unified,0624230,355
CALIFORNIA,McKinleyville Union Elementary,0624300,163
CALIFORNIA,McKittrick Elementary,0624330,-8
CALIFORNIA,McSwain Union Elementary,0624360,120
CALIFORNIA,Meadows Union Elementary,0624390,-8
CALIFORNIA,Mendocino Unified,0624480,52
CALIFORNIA,Milpitas Unified,0624500,908
CALIFORNIA,Menifee Union,0624540,1643
CALIFORNIA,Menlo Park City Elementary,0624570,229
CALIFORNIA,Merced City Elementary,0624600,1070
CALIFORNIA,Merced River Union Elementary,0624630,27
CALIFORNIA,Merced Union High,0624660,1462
CALIFORNIA,Meridian Elementary,0624690,-8
CALIFORNIA,Mesa Union Elementary,0624720,77
CALIFORNIA,Middletown Unified,0624750,182
CALIFORNIA,Midway Elementary,0624780,12
CALIFORNIA,Mill Valley Elementary,0624870,263
CALIFORNIA,Millbrae Elementary,0624900,159
CALIFORNIA,Millville Elementary,0624930,24
CALIFORNIA,Mission Union Elementary,0625110,7
CALIFORNIA,Modesto City Elementary,0625130,1720
CALIFORNIA,Modesto City High,0625150,2062
CALIFORNIA,Modoc Joint Unified,0625190,-8
CALIFORNIA,Mojave Unified,0625230,506
CALIFORNIA,Monroe Elementary,0625290,-8
CALIFORNIA,Monrovia Unified,0625320,672
CALIFORNIA,Monson-Sultana Joint Union Elementary,0625350,-8
CALIFORNIA,Montague Elementary,0625380,-8
CALIFORNIA,Monte Rio Union Elementary,0625410,-8
CALIFORNIA,Montebello Unified,0625470,3124
CALIFORNIA,Montecito Union Elementary,0625500,-8
CALIFORNIA,Monterey Peninsula Unified,0625530,1335
CALIFORNIA,Montgomery Elementary,0625650,-8
CALIFORNIA,Moorpark Unified,0625690,1003
CALIFORNIA,Moraga Elementary,0625740,188
CALIFORNIA,Moreland,0625770,531
CALIFORNIA,Moreno Valley Unified,0625800,4580
CALIFORNIA,Morgan Hill Unified,0625830,1047
CALIFORNIA,Morongo Unified,0625860,1145
CALIFORNIA,Mother Lode Union Elementary,0625980,137
CALIFORNIA,Mt. Shasta Union Elementary,0626040,-8
CALIFORNIA,Mountain Elementary,0626070,-8
CALIFORNIA,Mountain Empire Unified,0626100,348
CALIFORNIA,Mountain House Elementary,0626130,-8
CALIFORNIA,Mountain View Elementary,0626190,693
CALIFORNIA,Mountain View Elementary,0626220,379
CALIFORNIA,Mountain View Whisman,0626280,509
CALIFORNIA,Mountain View-Los Altos Union High,0626310,459
CALIFORNIA,Mt. Baldy Joint Elementary,0626340,19
CALIFORNIA,Mt. Diablo Unified,0626370,3922
CALIFORNIA,Mount Pleasant Elementary,0626400,237
CALIFORNIA,Mulberry Elementary,0626430,-8
CALIFORNIA,Mupu Elementary,0626460,-8
CALIFORNIA,Muroc Joint Unified,0626490,258
CALIFORNIA,Napa Valley Unified,0626640,2177
CALIFORNIA,National Elementary,0626670,633
CALIFORNIA,Needles Unified,0626760,197
CALIFORNIA,Nevada City Elementary,0626820,89
CALIFORNIA,Nevada Joint Union High,0626880,385
CALIFORNIA,New Haven Unified,0626910,1130
CALIFORNIA,New Hope Elementary,0626970,30
CALIFORNIA,New Jerusalem Elementary,0627030,-8
CALIFORNIA,Mountain Union Elementary,0627040,-8
CALIFORNIA,Newark Unified,0627060,709
CALIFORNIA,Newcastle Elementary,0627120,82
CALIFORNIA,Newhall,0627180,707
CALIFORNIA,Newman-Crows Landing Unified,0627200,422
CALIFORNIA,Newport-Mesa Unified,0627240,2322
CALIFORNIA,Nicasio,0627300,8
CALIFORNIA,Norris Elementary,0627450,384
CALIFORNIA,North County Joint Union Elementary,0627480,77
CALIFORNIA,North Cow Creek Elementary,0627510,-8
CALIFORNIA,North Monterey County Unified,0627590,550
CALIFORNIA,Norwalk-La Mirada Unified,0627690,2093
CALIFORNIA,Novato Unified,0627720,870
CALIFORNIA,Nuestro Elementary,0627750,25
CALIFORNIA,Nuview Union,0627780,244
CALIFORNIA,Oak Grove Elementary,0627810,1036
CALIFORNIA,Oak Grove Union Elementary,0627840,86
CALIFORNIA,Oak Park Unified,0627850,301
CALIFORNIA,Oak Run Elementary,0627870,9
CALIFORNIA,Oak Valley Union Elementary,0627900,-8
CALIFORNIA,Oak View Union Elementary,0627930,47
CALIFORNIA,Oakland Unified,0628050,5318
CALIFORNIA,Oakley Union Elementary,0628080,780
CALIFORNIA,Ocean View,0628140,919
CALIFORNIA,Ocean View,0628170,288
CALIFORNIA,Oceanside Unified,0628250,2444
CALIFORNIA,Ojai Unified,0628270,328
CALIFORNIA,Old Adobe Union,0628320,192
CALIFORNIA,Ontario-Montclair,0628470,2488
CALIFORNIA,Orange Center,0628530,-8
CALIFORNIA,Orange Unified,0628650,3180
CALIFORNIA,Orchard Elementary,0628680,83
CALIFORNIA,Orcutt Union Elementary,0628710,586
CALIFORNIA,Orick Elementary,0628830,4
CALIFORNIA,Orinda Union Elementary,0628860,223
CALIFORNIA,Oro Grande,0628950,18
CALIFORNIA,Oroville City Elementary,0629100,360
CALIFORNIA,Oroville Union High,0629130,363
CALIFORNIA,Outside Creek Elementary,0629160,-8
CALIFORNIA,Owens Valley Unified,0629190,-8
CALIFORNIA,Oxnard,0629220,2449
CALIFORNIA,Oxnard Union High,0629270,2322
CALIFORNIA,Pacheco Union Elementary,0629280,82
CALIFORNIA,Pacific Elementary,0629340,-8
CALIFORNIA,Pacific Grove Unified,0629370,237
CALIFORNIA,Pacific Union Elementary,0629400,41
CALIFORNIA,Pacific Union Elementary,0629430,85
CALIFORNIA,Pajaro Valley Unified,0629490,2714
CALIFORNIA,Palermo Union Elementary,0629540,139
CALIFORNIA,Palm Springs Unified,0629550,2474
CALIFORNIA,Palmdale Elementary,0629580,2527
CALIFORNIA,Palo Alto Unified,0629610,1062
CALIFORNIA,Palo Verde Unified,0629640,366
CALIFORNIA,Palo Verde Union Elementary,0629670,25
CALIFORNIA,Palos Verdes Peninsula Unified,0629700,1158
CALIFORNIA,Panoche Elementary,0629770,-8
CALIFORNIA,Paradise Elementary,0629790,14
CALIFORNIA,Paradise Unified,0629820,346
CALIFORNIA,Paramount Unified,0629850,1666
CALIFORNIA,Parlier Unified,0629910,375
CALIFORNIA,Pasadena Unified,0629940,2316
CALIFORNIA,Patterson Joint Unified,0630030,985
CALIFORNIA,Peninsula Union,0630090,-8
CALIFORNIA,Perris Elementary,0630180,559
CALIFORNIA,Perris Union High,0630210,1791
CALIFORNIA,Petaluma City Elementary,0630230,369
CALIFORNIA,Petaluma Joint Union High,0630250,861
CALIFORNIA,Piedmont City Unified,0630330,288
CALIFORNIA,Pierce Joint Unified,0630360,179
CALIFORNIA,Pine Ridge Elementary,0630390,8
CALIFORNIA,Piner-Olivet Union Elementary,0630450,135
CALIFORNIA,Pioneer Union,0630480,40
CALIFORNIA,Pioneer Union Elementary,0630510,157
CALIFORNIA,Pioneer Union Elementary,0630520,-8
CALIFORNIA,Pittsburg Unified,0630600,1259
CALIFORNIA,Pixley Union Elementary,0630630,57
CALIFORNIA,Placentia-Yorba Linda Unified,0630660,2843
CALIFORNIA,Placer Hills Union Elementary,0630720,124
CALIFORNIA,Placer Union High,0630750,445
CALIFORNIA,Placerville Union Elementary,0630780,158
CALIFORNIA,Plainsburg Union Elementary,0630810,5
CALIFORNIA,Planada Elementary,0630840,80
CALIFORNIA,Plaza Elementary,0630870,17
CALIFORNIA,Pleasant Grove Joint Union,0630900,15
CALIFORNIA,Pleasant Ridge Union Elementary,0630930,225
CALIFORNIA,Pleasant Valley,0630990,1039
CALIFORNIA,Pleasant Valley Joint Union Elementary,0631020,-8
CALIFORNIA,Pleasant View Elementary,0631050,-8
CALIFORNIA,Plumas Unified,0631170,257
CALIFORNIA,Plumas Lake Elementary,0631180,193
CALIFORNIA,Point Arena Joint Union High,0631230,21
CALIFORNIA,Pollock Pines Elementary,0631290,106
CALIFORNIA,Pomona Unified,0631320,2876
CALIFORNIA,Pond Union Elementary,0631350,20
CALIFORNIA,Pope Valley Union Elementary,0631380,9
CALIFORNIA,Potter Valley Community Unified,0631400,41
CALIFORNIA,Portola Valley Elementary,0631470,-8
CALIFORNIA,Poway Unified,0631530,4927
CALIFORNIA,Princeton Joint Unified,0631620,-8
CALIFORNIA,Raisin City Elementary,0631680,26
CALIFORNIA,Ramona City Unified,0631710,836
CALIFORNIA,Rancho Santa Fe Elementary,0631740,79
CALIFORNIA,Ravendale-Termo Elementary,0631830,-8
CALIFORNIA,Ravenswood City Elementary,0631860,246
CALIFORNIA,Raymond-Knowles Union Elementary,0631920,15
CALIFORNIA,Red Bluff Union Elementary,0631980,255
CALIFORNIA,Red Bluff Joint Union High,0632010,261
CALIFORNIA,Redding Elementary,0632040,379
CALIFORNIA,Redlands Unified,0632070,2910
CALIFORNIA,Redwood City Elementary,0632130,979
CALIFORNIA,Reed Union Elementary,0632160,95
CALIFORNIA,Reeds Creek Elementary,0632250,-8
CALIFORNIA,Reef-Sunset Unified,0632270,269
CALIFORNIA,Rescue Union Elementary,0632310,476
CALIFORNIA,Kashia Elementary,0632340,5
CALIFORNIA,Rialto Unified,0632370,2709
CALIFORNIA,Richfield Elementary,0632400,34
CALIFORNIA,Richgrove Elementary,0632430,40
CALIFORNIA,Richmond Elementary,0632520,-8
CALIFORNIA,West Contra Costa Unified,0632550,3605
CALIFORNIA,Rim of the World Unified,0632610,388
CALIFORNIA,Rincon Valley Union Elementary,0632640,373
CALIFORNIA,Rio Bravo-Greeley Union Elementary,0632710,88
CALIFORNIA,Rio Dell Elementary,0632730,52
CALIFORNIA,Rio Elementary,0632760,709
CALIFORNIA,Ripon Unified,0632880,384
CALIFORNIA,River Delta Joint Unified,0633110,218
CALIFORNIA,Riverside Unified,0633150,4954
CALIFORNIA,Roberts Ferry Union Elementary,0633210,-8
CALIFORNIA,Robla Elementary,0633240,263
CALIFORNIA,Rockford Elementary,0633270,-8
CALIFORNIA,Romoland Elementary,0633390,622
CALIFORNIA,Rosedale Union Elementary,0633480,711
CALIFORNIA,Roseland,0633510,331
CALIFORNIA,Rosemead Elementary,0633570,268
CALIFORNIA,Roseville City Elementary,0633600,1555
CALIFORNIA,Roseville Joint Union High,0633630,812
CALIFORNIA,Ross Elementary,0633660,-8
CALIFORNIA,Round Valley Joint Elementary,0633690,-8
CALIFORNIA,Round Valley Unified,0633720,-8
CALIFORNIA,Rowland Unified,0633750,1445
CALIFORNIA,Sacramento City Unified,0633840,6014
CALIFORNIA,Saddleback Valley Unified,0633860,3167
CALIFORNIA,Salida Union Elementary,0633900,343
CALIFORNIA,Salinas City Elementary,0633930,920
CALIFORNIA,Salinas Union High,0633980,1773
CALIFORNIA,San Antonio Union Elementary,0634050,29
CALIFORNIA,San Ardo Union Elementary,0634080,-8
CALIFORNIA,San Benito High,0634140,449
CALIFORNIA,San Bernardino City Unified,0634170,6495
CALIFORNIA,San Bruno Park Elementary,0634230,253
CALIFORNIA,San Carlos Elementary,0634290,233
CALIFORNIA,San Diego Unified,0634320,14344
CALIFORNIA,San Dieguito Union High,0634380,1553
CALIFORNIA,San Francisco Unified,0634410,6595
CALIFORNIA,San Gabriel Unified,0634425,573
CALIFORNIA,San Jacinto Unified,0634440,1645
CALIFORNIA,San Jose Unified,0634590,3408
CALIFORNIA,San Juan Unified,0634620,6257
CALIFORNIA,San Leandro Unified,0634680,1282
CALIFORNIA,San Lorenzo Unified,0634710,1031
CALIFORNIA,San Lorenzo Valley Unified,0634740,650
CALIFORNIA,San Lucas Union Elementary,0634770,-8
CALIFORNIA,San Luis Coastal Unified,0634800,1141
CALIFORNIA,San Marino Unified,0634860,197
CALIFORNIA,San Marcos Unified,0634880,2717
CALIFORNIA,San Mateo-Foster City,0634920,1013
CALIFORNIA,San Mateo Union High,0634980,985
CALIFORNIA,San Miguel Joint Union,0635010,93
CALIFORNIA,San Pasqual Union Elementary,0635040,51
CALIFORNIA,San Pasqual Valley Unified,0635070,106
CALIFORNIA,San Rafael City Elementary,0635090,501
CALIFORNIA,San Rafael City High,0635110,328
CALIFORNIA,San Ramon Valley Unified,0635130,2973
CALIFORNIA,San Ysidro Elementary,0635220,613
CALIFORNIA,Sanger Unified,0635250,1041
CALIFORNIA,Santa Ana Unified,0635310,5955
CALIFORNIA,Santa Clara Unified,0635430,1925
CALIFORNIA,Santa Clara Elementary,0635490,-8
CALIFORNIA,Santa Cruz City Elementary,0635590,317
CALIFORNIA,Santa Cruz City High,0635600,614
CALIFORNIA,Santa Maria Joint Union High,0635670,1041
CALIFORNIA,Santa Monica-Malibu Unified,0635700,1237
CALIFORNIA,Santa Rita Union Elementary,0635790,377
CALIFORNIA,Santa Rosa Elementary,0635810,699
CALIFORNIA,Santa Rosa High,0635830,1804
CALIFORNIA,Santa Ynez Valley Union High,0635850,80
CALIFORNIA,Santee,0635880,1156
CALIFORNIA,Saratoga Union Elementary,0635910,174
CALIFORNIA,Saucelito Elementary,0635940,4
CALIFORNIA,Saugus Union,0635970,1294
CALIFORNIA,Sausalito Marin City,0636000,67
CALIFORNIA,Savanna Elementary,0636030,229
CALIFORNIA,Scotia Union Elementary,0636100,-8
CALIFORNIA,Sebastopol Union Elementary,0636180,69
CALIFORNIA,Seeley Union Elementary,0636210,71
CALIFORNIA,Seiad Elementary,0636240,-8
CALIFORNIA,Selma Unified,0636270,795
CALIFORNIA,Semitropic Elementary,0636330,8
CALIFORNIA,Sequoia Union Elementary,0636360,-8
CALIFORNIA,Sequoia Union High,0636390,1292
CALIFORNIA,Shaffer Union Elementary,0636420,31
CALIFORNIA,Shandon Joint Unified,0636450,-8
CALIFORNIA,Shasta Union Elementary,0636570,-8
CALIFORNIA,Shasta Union High,0636600,565
CALIFORNIA,Shiloh Elementary,0636660,14
CALIFORNIA,Shoreline Unified,0636670,-8
CALIFORNIA,Sierra-Plumas Joint Unified,0636780,59
CALIFORNIA,Sierra Sands Unified,0636800,794
CALIFORNIA,Sierra Unified,0636805,211
CALIFORNIA,Silver Fork Elementary,0636810,5
CALIFORNIA,Silver Valley Unified,0636820,275
CALIFORNIA,Simi Valley Unified,0636840,2045
CALIFORNIA,Siskiyou Union High,0636940,64
CALIFORNIA,Snelling-Merced Falls Union Elementary,0636960,-8
CALIFORNIA,Snowline Joint Unified,0636970,1292
CALIFORNIA,Victor Valley Union High,0636972,1991
CALIFORNIA,Solana Beach Elementary,0636990,287
CALIFORNIA,Soledad Unified,0637050,736
CALIFORNIA,Solvang Elementary,0637110,56
CALIFORNIA,Somis Union,0637140,39
CALIFORNIA,Sonoma Valley Unified,0637200,537
CALIFORNIA,Sonora Elementary,0637230,123
CALIFORNIA,Sonora Union High,0637260,167
CALIFORNIA,Soquel Union Elementary,0637290,217
CALIFORNIA,Soulsbyville Elementary,0637320,69
CALIFORNIA,South Bay Union Elementary,0637350,143
CALIFORNIA,South Bay Union,0637380,895
CALIFORNIA,South Fork Union,0637470,-8
CALIFORNIA,South Pasadena Unified,0637500,437
CALIFORNIA,South San Francisco Unified,0637530,1270
CALIFORNIA,South Whittier Elementary,0637560,341
CALIFORNIA,Southern Humboldt Joint Unified,0637590,86
CALIFORNIA,Southern Kern Unified,0637620,595
CALIFORNIA,Southern Trinity Joint Unified,0637630,10
CALIFORNIA,Southside Elementary,0637650,-8
CALIFORNIA,Spencer Valley Elementary,0637680,-8
CALIFORNIA,Spreckels Union Elementary,0637710,98
CALIFORNIA,Springville Union Elementary,0637770,-8
CALIFORNIA,Saint Helena Unified,0637830,115
CALIFORNIA,Standard Elementary,0637890,407
CALIFORNIA,Stanislaus Union Elementary,0637950,397
CALIFORNIA,Stockton Unified,0638010,4515
CALIFORNIA,Stone Corral Elementary,0638040,-8
CALIFORNIA,Stony Creek Joint Unified,0638070,-8
CALIFORNIA,Strathmore Union Elementary,0638130,58
CALIFORNIA,Sulphur Springs Union,0638220,749
CALIFORNIA,Summerville Elementary,0638250,-8
CALIFORNIA,Summerville Union High,0638280,123
CALIFORNIA,Sundale Union Elementary,0638340,43
CALIFORNIA,Sunnyside Union Elementary,0638430,-8
CALIFORNIA,Sunnyvale,0638460,671
CALIFORNIA,Surprise Valley Joint Unified,0638520,11
CALIFORNIA,Susanville Elementary,0638550,122
CALIFORNIA,Sutter Union High,0638610,82
CALIFORNIA,Sweetwater Union High,0638640,5335
CALIFORNIA,Sylvan Union Elementary,0638670,1185
CALIFORNIA,Taft City,0638700,298
CALIFORNIA,Taft Union High,0638730,142
CALIFORNIA,Tahoe-Truckee Unified,0638770,572
CALIFORNIA,Tamalpais Union High,0638790,698
CALIFORNIA,Tehachapi Unified,0638880,594
CALIFORNIA,Temple City Unified,0638980,518
CALIFORNIA,Templeton Unified,0639000,238
CALIFORNIA,Terra Bella Union Elementary,0639060,61
CALIFORNIA,Thermalito Union Elementary,0639180,166
CALIFORNIA,Three Rivers Union Elementary,0639210,8
CALIFORNIA,Tipton Elementary,0639300,24
CALIFORNIA,Torrance Unified,0639420,2536
CALIFORNIA,Traver Joint Elementary,0639600,-8
CALIFORNIA,Travis Unified,0639630,706
CALIFORNIA,Tres Pinos Union Elementary,0639690,-8
CALIFORNIA,Trinidad Union Elementary,0639720,-8
CALIFORNIA,Trona Joint Unified,0639840,61
CALIFORNIA,Tulare City,0639870,1018
CALIFORNIA,Tulare Joint Union High,0639930,682
CALIFORNIA,Tulelake Basin Joint Unified,0639940,-8
CALIFORNIA,Tustin Unified,0640150,2700
CALIFORNIA,Twain Harte,0640200,41
CALIFORNIA,Twin Hills Union Elementary,0640230,-8
CALIFORNIA,Two Rock Union,0640260,-8
CALIFORNIA,Ukiah Unified,0640300,853
CALIFORNIA,Union Elementary,0640320,590
CALIFORNIA,Union Hill Elementary,0640380,91
CALIFORNIA,Vacaville Unified,0640590,1675
CALIFORNIA,Valle Lindo Elementary,0640650,91
CALIFORNIA,Vallecito Union,0640680,65
CALIFORNIA,Vallecitos Elementary,0640710,-8
CALIFORNIA,Vallejo City Unified,0640740,1323
CALIFORNIA,Valley Home Joint Elementary,0640800,-8
CALIFORNIA,Ventura Unified,0640980,2009
CALIFORNIA,Victor Elementary,0641040,1744
CALIFORNIA,Vineland Elementary,0641130,74
CALIFORNIA,Visalia Unified,0641160,3591
CALIFORNIA,Vista Unified,0641190,3396
CALIFORNIA,Vista del Mar Union,0641220,5
CALIFORNIA,Walnut Creek Elementary,0641250,334
CALIFORNIA,Walnut Valley Unified,0641280,1011
CALIFORNIA,Wasco Union Elementary,0641400,397
CALIFORNIA,Wasco Union High,0641430,165
CALIFORNIA,Washington Colony Elementary,0641460,-8
CALIFORNIA,Washington Unified,0641580,916
CALIFORNIA,Washington Union Elementary,0641610,-8
CALIFORNIA,Waugh Elementary,0641790,81
CALIFORNIA,Waukena Joint Union Elementary,0641820,18
CALIFORNIA,Weaver Union,0641880,381
CALIFORNIA,Weed Union Elementary,0641980,-8
CALIFORNIA,West Covina Unified,0642000,1003
CALIFORNIA,West Park Elementary,0642060,-8
CALIFORNIA,Westside Union Elementary,0642120,1182
CALIFORNIA,Western Placer Unified,0642140,1059
CALIFORNIA,Westminster,0642150,903
CALIFORNIA,Westmorland Union Elementary,0642180,45
CALIFORNIA,Westside Elementary,0642210,-8
CALIFORNIA,West Side Union Elementary,0642270,12
CALIFORNIA,Westwood Unified,0642300,23
CALIFORNIA,Wheatland,0642330,167
CALIFORNIA,Wheatland Union High,0642350,168
CALIFORNIA,Whitmore Union Elementary,0642420,5
CALIFORNIA,Whittier City Elementary,0642450,833
CALIFORNIA,Whittier Union High,0642480,1521
CALIFORNIA,William S. Hart Union High,0642510,3108
CALIFORNIA,Williams Unified,0642540,184
CALIFORNIA,Willits Unified,0642560,268
CALIFORNIA,Laytonville Unified,0642580,51
CALIFORNIA,Willow Creek Elementary,0642600,8
CALIFORNIA,Willows Unified,0642710,183
CALIFORNIA,Wilmar Union Elementary,0642750,25
CALIFORNIA,Wilsona Elementary,0642810,171
CALIFORNIA,Winship-Robbins,0642900,8
CALIFORNIA,Winters Joint Unified,0642930,227
CALIFORNIA,Winton,0642960,191
CALIFORNIA,Woodland Joint Unified,0643080,1585
CALIFORNIA,Woodside Elementary,0643140,68
CALIFORNIA,Woodville Union Elementary,0643170,22
CALIFORNIA,Wright Elementary,0643200,194
CALIFORNIA,Yreka Union Elementary,0643380,116
CALIFORNIA,Yreka Union High,0643410,74
CALIFORNIA,Yuba City Unified,0643470,1501
CALIFORNIA,Yucaipa-Calimesa Joint Unified,0643560,1248
CALIFORNIA,Irvine Unified,0684500,3389
CALIFORNIA,Amador County Office of Education,0691001,12
CALIFORNIA,Butte County Office of Education,0691002,48
CALIFORNIA,Calaveras County Office of Education,0691003,13
CALIFORNIA,Colusa County Office of Education,0691004,34
CALIFORNIA,Contra Costa County Office of Education,0691005,22
CALIFORNIA,El Dorado County Office of Education,0691006,107
CALIFORNIA,Fresno County Office of Education,0691007,-8
CALIFORNIA,Glenn County Office of Education,0691008,-8
CALIFORNIA,Humboldt County Office of Education,0691009,-8
CALIFORNIA,Imperial County Office of Education,0691010,-8
CALIFORNIA,Inyo County Office of Education,0691011,-8
CALIFORNIA,Kern County Office of Education,0691012,131
CALIFORNIA,Kings County Office of Education,0691013,20
CALIFORNIA,Lake County Office of Education,0691014,12
CALIFORNIA,Lassen County Office of Education,0691015,-8
CALIFORNIA,Madera County Superintendent of Schools,0691017,-8
CALIFORNIA,Marin County Office of Education,0691018,5
CALIFORNIA,Mendocino County Office of Education,0691019,-8
CALIFORNIA,Merced County Office of Education,0691020,70
CALIFORNIA,Monterey County Office of Education,0691021,51
CALIFORNIA,Napa County Office of Education,0691022,27
CALIFORNIA,Nevada County Office of Education,0691023,81
CALIFORNIA,Orange County Department of Education,0691024,12
CALIFORNIA,Placer County Office of Education,0691025,61
CALIFORNIA,Riverside County Office of Education,0691026,63
CALIFORNIA,Sacramento County Office of Education,0691027,24
CALIFORNIA,San Benito County Office of Education,0691028,3
CALIFORNIA,San Bernardino County Office of Education,0691029,35
CALIFORNIA,San Diego County Office of Education,0691030,-8
CALIFORNIA,San Joaquin County Office of Education,0691031,278
CALIFORNIA,San Luis Obispo County Office of Education,0691032,37
CALIFORNIA,San Mateo County Office of Education,0691033,7
CALIFORNIA,Santa Barbara County Office of Education,0691034,17
CALIFORNIA,Santa Clara County Office of Education,0691035,-8
CALIFORNIA,Santa Cruz County Office of Education,0691036,-8
CALIFORNIA,Shasta County Office of Education,0691037,20
CALIFORNIA,Siskiyou County Office of Education,0691038,-8
CALIFORNIA,Sonoma County Office of Education,0691040,43
CALIFORNIA,Stanislaus County Office of Education,0691041,82
CALIFORNIA,Sutter County Office of Education,0691042,-8
CALIFORNIA,Tehama County Department of Education,0691043,38
CALIFORNIA,Trinity County Office of Education,0691044,23
CALIFORNIA,Tulare County Office of Education,0691045,-8
CALIFORNIA,Tuolumne County Superintendent of Schools,0691046,15
CALIFORNIA,Ventura County Office of Education,0691047,210
CALIFORNIA,Yuba County Office of Education,0691048,96
CALIFORNIA,Yolo County Office of Education,0691049,7
CALIFORNIA,Alameda County Office of Education,0691051,-8
CALIFORNIA,Mono County Office of Education,0691052,11
CALIFORNIA,Del Norte County Office of Education,0691063,10
CALIFORNIA,Los Angeles County Office of Education,0691078,291
CALIFORNIA,Mariposa County Office of Education,0691090,8
CALIFORNIA,Modoc County Office of Education,0691093,NA
CALIFORNIA,Plumas County Office of Education,0691102,-8
CALIFORNIA,San Francisco County Office of Education,0691111,184
CALIFORNIA,Solano County Office of Education,0691122,9
CALIFORNIA,Golden Plains Unified,0691134,157
CALIFORNIA,Val Verde Unified,0691135,2388
CALIFORNIA,Aromas - San Juan Unified,0691136,128
CALIFORNIA,Big Oak Flat-Groveland Unified,0691137,39
COLORADO,El Paso 8 Fountain AU,0800220,1355
COLORADO,Pueblo 60 Urban AU,0800221,2104
COLORADO,Jefferson R-1 AU,0800222,9030
COLORADO,El Paso 3 Widefield AU,0800223,1218
COLORADO,Arapahoe 6 Littleton AU,0800224,1644
COLORADO,El Paso 20 Academy AU,0800225,2136
COLORADO,Centennial BOCES AU,0800226,1022
COLORADO,Boulder Re-2 Boulder AU,0800227,3382
COLORADO,Arapahoe 2 Sheridan AU,0800228,144
COLORADO,Northeast BOCES AU,0800229,692
COLORADO,Department of Corrections AU,0800230,23
COLORADO,"El Paso 38, Lewis Palmer AU",0800231,648
COLORADO,Division of Youth Services AU,0800232,61
COLORADO,Fremont Re-1 Canon City AU,0800233,495
COLORADO,East Central BOCES AU,0800234,1500
COLORADO,Logan Re-1 Valley AU,0800235,275
COLORADO,El Paso 2 Harrison AU,0800236,1498
COLORADO,"Adams 27J, School District 27J AU",0800237,2471
COLORADO,Mt Evans BOCES AU,0800238,198
COLORADO,Delta 50J AU,0800239,709
COLORADO,Gunnison Re-1J AU,0800240,172
COLORADO,South Central BOCES AU,0800241,557
COLORADO,EL PASO COUNTY COLORADO SCHOOL DISTRICT 49 AU,0800242,2781
COLORADO,"Morgan Re-3, Fort Morgan AU",0800243,386
COLORADO,Denver 1 AU,0800245,10448
COLORADO,Mesa 51 Grand Junction AU,0800246,3077
COLORADO,Arapahoe 5 Cherry Creek AU,0800247,6786
COLORADO,Northwest BOCES AU,0800248,675
COLORADO,Larimer R-1 Poudre AU,0800249,2613
COLORADO,Weld RE-4 Windsor AU,0800250,733
COLORADO,Larimer R-2J Thompson AU,0800251,1865
COLORADO,San Juan BOCES AU,0800253,1048
COLORADO,Moffat Re-1 Craig AU,0800254,297
COLORADO,Adams-Arap 28J Aurora AU,0800255,4995
COLORADO,Southeastern BOCES AU,0800256,388
COLORADO,Westminster Public Schools AU,0800257,998
COLORADO,Adams 1 Mapleton AU,0800258,791
COLORADO,Colorado Mental Health Institute Pueblo AU,0800259,-8
COLORADO,Douglas RE-1 AU,0800260,7493
COLORADO,San Luis Valley BOCES AU,0800261,821
COLORADO,Uncompahgre BOCES AU,0800262,208
COLORADO,Boulder RE-1J St Vrain AU,0800263,3707
COLORADO,"El Paso 12, Cheyenne Mountain AU",0800264,397
COLORADO,Fort Lupton/Keenesburg AU,0800265,516
COLORADO,Charter School Institute AU,0800266,1681
COLORADO,Larimer R-3 Park AU,0800267,90
COLORADO,Adams 12 Northglenn AU,0800268,4208
COLORADO,Montrose RE-1J AU,0800269,932
COLORADO,Weld 6 Greeley AU,0800270,2691
COLORADO,Santa Fe Trail BOCES AU,0800271,538
COLORADO,Adams 14 Commerce City AU,0800272,742
COLORADO,Arapahoe 1 Englewood AU,0800273,369
COLORADO,Mountain BOCES AU,0800274,494
COLORADO,Ute Pass BOCES AU,0800275,350
COLORADO,Pikes Peak BOCES AU,0800276,624
COLORADO,Rio Blanco BOCES AU,0800277,166
COLORADO,Pueblo 70 Rural AU,0800278,1550
COLORADO,El Paso 11 Colo Springs AU,0800279,2564
COLORADO,Colorado School for the Deaf and Blind AU,0800280,152
COLORADO,"Weld RE-5J, Johnstown-Milliken AU",0800281,441
COLORADO,Eagle County School District RE-50J AU,0800283,825
COLORADO,Elizabeth School District AU,0800284,304
COLORADO,Summit RE-1 AU,0800288,401
COLORADO,Aspen 1 AU,0800289,186
COLORADO,Durango 9-R AU,0800291,661
COLORADO,Colorado River BOCES AU,0800293,675
COLORADO,Education reEnvisioned BOCES AU,0800294,559
COLORADO,Roaring Fork School District AU,0800295,620
CONNECTICUT,Connecticut Technical Education and Career System,0900002,1862
CONNECTICUT,Unified School District #1,0900003,100
CONNECTICUT,Unified School District #2,0900004,63
CONNECTICUT,Regional School District 19,0900005,168
CONNECTICUT,Department of Mental Health and Addiction Services,0900027,-8
CONNECTICUT,Andover School District,0900030,23
CONNECTICUT,Ansonia School District,0900060,395
CONNECTICUT,Ashford School District,0900090,50
CONNECTICUT,Avon School District,0900120,356
CONNECTICUT,Barkhamsted School District,0900150,-8
CONNECTICUT,Berlin School District,0900210,394
CONNECTICUT,Bethany School District,0900240,53
CONNECTICUT,Bethel School District,0900270,470
CONNECTICUT,Bloomfield School District,0900330,437
CONNECTICUT,Bolton School District,0900360,87
CONNECTICUT,Bozrah School District,0900390,45
CONNECTICUT,Branford School District,0900420,322
CONNECTICUT,Bridgeport School District,0900450,3986
CONNECTICUT,Bristol School District,0900510,1553
CONNECTICUT,Brookfield School District,0900540,381
CONNECTICUT,Brooklyn School District,0900570,190
CONNECTICUT,Canaan School District,0900630,10
CONNECTICUT,Canterbury School District,0900660,66
CONNECTICUT,Canton School District,0900690,260
CONNECTICUT,Chaplin School District,0900720,22
CONNECTICUT,Cheshire School District,0900750,537
CONNECTICUT,Chester School District,0900780,27
CONNECTICUT,Clinton School District,0900810,222
CONNECTICUT,Colchester School District,0900840,328
CONNECTICUT,Colebrook School District,0900870,16
CONNECTICUT,Columbia School District,0900900,68
CONNECTICUT,Cornwall School District,0900930,11
CONNECTICUT,Coventry School District,0900960,216
CONNECTICUT,Cromwell School District,0900990,251
CONNECTICUT,Danbury School District,0901020,1574
CONNECTICUT,Darien School District,0901050,822
CONNECTICUT,Deep River School District,0901080,34
CONNECTICUT,Derby School District,0901110,293
CONNECTICUT,East Granby School District,0901170,108
CONNECTICUT,East Haddam School District,0901200,132
CONNECTICUT,East Hampton School District,0901230,279
CONNECTICUT,East Hartford School District,0901260,1576
CONNECTICUT,East Haven School District,0901290,521
CONNECTICUT,East Lyme School District,0901320,463
CONNECTICUT,East Windsor School District,0901350,213
CONNECTICUT,Eastford School District,0901380,28
CONNECTICUT,Easton School District,0901410,106
CONNECTICUT,Ellington School District,0901440,388
CONNECTICUT,Enfield School District,0901470,907
CONNECTICUT,Essex School District,0901500,48
CONNECTICUT,Fairfield School District,0901530,1555
CONNECTICUT,Farmington School District,0901560,512
CONNECTICUT,Franklin School District,0901590,21
CONNECTICUT,Glastonbury School District,0901620,623
CONNECTICUT,Granby School District,0901680,263
CONNECTICUT,Greenwich School District,0901710,1196
CONNECTICUT,Griswold School District,0901740,278
CONNECTICUT,Groton School District,0901770,740
CONNECTICUT,Guilford School District,0901800,416
CONNECTICUT,Hamden School District,0901860,1132
CONNECTICUT,Hampton School District,0901890,13
CONNECTICUT,Hartford School District,0901920,3883
CONNECTICUT,Hartland School District,0901950,-8
CONNECTICUT,Hebron School District,0902010,74
CONNECTICUT,Kent School District,0902040,22
CONNECTICUT,Killingly School District,0902070,452
CONNECTICUT,Lebanon School District,0902130,130
CONNECTICUT,Ledyard School District,0902160,406
CONNECTICUT,Lisbon School District,0902190,102
CONNECTICUT,Litchfield School District,0902220,146
CONNECTICUT,Madison School District,0902280,378
CONNECTICUT,Manchester School District,0902310,1158
CONNECTICUT,Mansfield School District,0902340,138
CONNECTICUT,Marlborough School District,0902370,50
CONNECTICUT,Meriden School District,0902400,1718
CONNECTICUT,Middletown School District,0902490,678
CONNECTICUT,Milford School District,0902520,869
CONNECTICUT,Monroe School District,0902550,475
CONNECTICUT,Montville School District,0902580,408
CONNECTICUT,Naugatuck School District,0902640,795
CONNECTICUT,New Britain School District,0902670,2258
CONNECTICUT,New Canaan School District,0902700,502
CONNECTICUT,New Fairfield School District,0902730,346
CONNECTICUT,New Hartford School District,0902760,61
CONNECTICUT,New Haven School District,0902790,3055
CONNECTICUT,New London School District,0902820,639
CONNECTICUT,New Milford School District,0902850,601
CONNECTICUT,Newington School District,0902880,592
CONNECTICUT,Newtown School District,0902910,620
CONNECTICUT,Norfolk School District,0902940,-8
CONNECTICUT,North Branford School District,0902970,237
CONNECTICUT,North Canaan School District,0903000,32
CONNECTICUT,North Haven School District,0903030,418
CONNECTICUT,North Stonington School District,0903060,83
CONNECTICUT,Norwalk School District,0903090,1756
CONNECTICUT,Norwich School District,0903120,936
CONNECTICUT,Old Saybrook School District,0903180,172
CONNECTICUT,Orange School District,0903210,129
CONNECTICUT,Oxford School District,0903240,259
CONNECTICUT,Plainfield School District,0903270,332
CONNECTICUT,Plainville School District,0903300,317
CONNECTICUT,Plymouth School District,0903330,271
CONNECTICUT,Pomfret School District,0903360,77
CONNECTICUT,Portland School District,0903390,230
CONNECTICUT,Preston School District,0903420,81
CONNECTICUT,Putnam School District,0903480,212
CONNECTICUT,Redding School District,0903510,114
CONNECTICUT,Regional School District 06,0903515,119
CONNECTICUT,Regional School District 10,0903520,301
CONNECTICUT,Regional School District 12,0903530,106
CONNECTICUT,Regional School District 13,0903535,296
CONNECTICUT,Regional School District 14,0903536,240
CONNECTICUT,Regional School District 15,0903537,614
CONNECTICUT,Regional School District 16,0903538,290
CONNECTICUT,Regional School District 17,0903539,298
CONNECTICUT,Regional School District 18,0903540,168
CONNECTICUT,Regional School District 11,0903570,61
CONNECTICUT,Regional School District 01,0903600,61
CONNECTICUT,Regional School District 04,0903630,156
CONNECTICUT,Regional School District 05,0903660,276
CONNECTICUT,Regional School District 07,0903720,185
CONNECTICUT,Regional School District 08,0903750,202
CONNECTICUT,Regional School District 09,0903780,129
CONNECTICUT,Ridgefield School District,0903810,753
CONNECTICUT,Rocky Hill School District,0903840,352
CONNECTICUT,Salem School District,0903900,89
CONNECTICUT,Salisbury School District,0903930,33
CONNECTICUT,Scotland School District,0903960,-8
CONNECTICUT,Seymour School District,0903990,322
CONNECTICUT,Sharon School District,0904020,-8
CONNECTICUT,Shelton School District,0904050,717
CONNECTICUT,Sherman School District,0904080,47
CONNECTICUT,Simsbury School District,0904110,690
CONNECTICUT,Somers School District,0904140,189
CONNECTICUT,South Windsor School District,0904170,611
CONNECTICUT,Southington School District,0904230,956
CONNECTICUT,Sprague School District,0904260,73
CONNECTICUT,Stafford School District,0904290,259
CONNECTICUT,Stamford School District,0904320,2398
CONNECTICUT,Sterling School District,0904350,77
CONNECTICUT,Stonington School District,0904380,293
CONNECTICUT,Stratford School District,0904440,1122
CONNECTICUT,Suffield School District,0904470,278
CONNECTICUT,Thomaston School District,0904500,118
CONNECTICUT,Thompson School District,0904530,188
CONNECTICUT,Tolland School District,0904560,343
CONNECTICUT,Torrington School District,0904590,728
CONNECTICUT,Trumbull School District,0904620,923
CONNECTICUT,Union School District,0904650,-8
CONNECTICUT,Vernon School District,0904680,572
CONNECTICUT,Voluntown School District,0904710,50
CONNECTICUT,Wallingford School District,0904740,903
CONNECTICUT,Waterbury School District,0904830,3582
CONNECTICUT,Waterford School District,0904860,376
CONNECTICUT,Watertown School District,0904890,422
CONNECTICUT,West Hartford School District,0904920,1548
CONNECTICUT,West Haven School District,0904950,1149
CONNECTICUT,Westbrook School District,0904980,92
CONNECTICUT,Weston School District,0905010,287
CONNECTICUT,Westport School District,0905040,731
CONNECTICUT,Wethersfield School District,0905070,545
CONNECTICUT,Willington School District,0905100,68
CONNECTICUT,Wilton School District,0905130,632
CONNECTICUT,Winchester School District,0905160,179
CONNECTICUT,Windham School District,0905190,601
CONNECTICUT,Windsor School District,0905220,713
CONNECTICUT,Windsor Locks School District,0905250,266
CONNECTICUT,Wolcott School District,0905280,325
CONNECTICUT,Woodbridge School District,0905310,106
CONNECTICUT,Woodstock School District,0905370,146
DELAWARE,Charter School of Wilmington,1000004,12
DELAWARE,Positive Outcomes Charter School,1000005,77
DELAWARE,East Side Charter School,1000006,64
DELAWARE,Campus Community School,1000007,67
DELAWARE,Edison (Thomas A.) Charter School,1000010,64
DELAWARE,Sussex Academy,1000011,77
DELAWARE,Kuumba Academy Charter School,1000014,107
DELAWARE,Newark Charter School,1000015,281
DELAWARE,Delaware Military Academy,1000016,19
DELAWARE,Academy of Dover Charter School,1000017,75
DELAWARE,Providence Creek Academy Charter School,1000018,102
DELAWARE,MOT Charter School,1000019,129
DELAWARE,Delaware Adolescent Program Inc. (DAPI),1000020,0
DELAWARE,Charter School of New Castle,1000024,102
DELAWARE,Odyssey Charter School,1000026,252
DELAWARE,Las Americas Aspira Academy,1000050,212
DELAWARE,Gateway Charter School,1000052,88
DELAWARE,Academia Antonia Alonso,1000053,70
DELAWARE,First State Montessori Academy,1000054,87
DELAWARE,Early College High School at Del State,1000055,41
DELAWARE,First State Military Academy,1000057,85
DELAWARE,Freire Charter School Wilmington,1000059,119
DELAWARE,Great Oaks Charter School,1000062,64
DELAWARE,Sussex Montessori School,1000063,0
DELAWARE,Appoquinimink School District,1000080,2167
DELAWARE,Cape Henlopen School District,1000170,1167
DELAWARE,Caesar Rodney School District,1000180,1458
DELAWARE,Capital School District,1000190,1322
DELAWARE,Christina School District,1000200,2971
DELAWARE,Colonial School District,1000230,1963
DELAWARE,Delmar School District,1000270,115
DELAWARE,Indian River School District,1000680,1781
DELAWARE,POLYTECH School District,1000750,156
DELAWARE,Lake Forest School District,1000790,775
DELAWARE,Laurel School District,1000810,456
DELAWARE,Milford School District,1001080,786
DELAWARE,Brandywine School District,1001240,1858
DELAWARE,New Castle County Vocational-Technical School District,1001280,631
DELAWARE,Red Clay Consolidated School District,1001300,2946
DELAWARE,Seaford School District,1001530,595
DELAWARE,Smyrna School District,1001620,1106
DELAWARE,Sussex Technical School District,1001680,159
DELAWARE,Woodbridge School District,1001850,479
DISTRICT OF COLUMBIA,Cesar Chavez PCS for Public Policy,1100005,90
DISTRICT OF COLUMBIA,Friendship PCS,1100008,822
DISTRICT OF COLUMBIA,Elsie Whitlow Stokes Community Freedom PCS,1100009,64
DISTRICT OF COLUMBIA,Perry Street Preparatory PCS,1100011,69
DISTRICT OF COLUMBIA,IDEA PCS,1100013,112
DISTRICT OF COLUMBIA,Maya Angelou PCS,1100014,121
DISTRICT OF COLUMBIA,Meridian PCS,1100015,100
DISTRICT OF COLUMBIA,Briya PCS,1100016,0
DISTRICT OF COLUMBIA,The Next Step/El Proximo Paso PCS,1100017,6
DISTRICT OF COLUMBIA,Washington Latin PCS,1100019,109
DISTRICT OF COLUMBIA,Roots PCS,1100020,4
DISTRICT OF COLUMBIA,SEED PCS,1100022,70
DISTRICT OF COLUMBIA,Cedar Tree Academy PCS,1100029,48
DISTRICT OF COLUMBIA,District of Columbia Public Schools,1100030,7139
DISTRICT OF COLUMBIA,KIPP DC PCS,1100031,1050
DISTRICT OF COLUMBIA,Latin American Montessori Bilingual PCS,1100032,59
DISTRICT OF COLUMBIA,Thurgood Marshall Academy PCS,1100034,69
DISTRICT OF COLUMBIA,Capital City PCS,1100035,192
DISTRICT OF COLUMBIA,Paul PCS,1100039,160
DISTRICT OF COLUMBIA,DC Bilingual PCS,1100042,41
DISTRICT OF COLUMBIA,E.L. Haynes PCS,1100043,218
DISTRICT OF COLUMBIA,Mary McLeod Bethune Day Academy PCS,1100044,38
DISTRICT OF COLUMBIA,Two Rivers PCS,1100045,161
DISTRICT OF COLUMBIA,DC Prep PCS,1100048,228
DISTRICT OF COLUMBIA,Eagle Academy PCS,1100049,60
DISTRICT OF COLUMBIA,Hope Community PCS,1100051,-8
DISTRICT OF COLUMBIA,AppleTree Early Learning PCS,1100054,0
DISTRICT OF COLUMBIA,Bridges PCS,1100055,114
DISTRICT OF COLUMBIA,Early Childhood Academy PCS,1100057,28
DISTRICT OF COLUMBIA,Howard University Middle School of Math and Science PCS,1100058,39
DISTRICT OF COLUMBIA,YouthBuild DC PCS,1100059,23
DISTRICT OF COLUMBIA,St. Coletta Special Education PCS,1100064,228
DISTRICT OF COLUMBIA,Achievement Preparatory Academy PCS,1100072,23
DISTRICT OF COLUMBIA,Center City PCS,1100073,166
DISTRICT OF COLUMBIA,Washington Yu Ying PCS,1100077,56
DISTRICT OF COLUMBIA,Inspired Teaching Demonstration PCS,1100080,91
DISTRICT OF COLUMBIA,Shining Stars Montessori Academy PCS,1100081,25
DISTRICT OF COLUMBIA,Richard Wright PCS for Journalism and Media Arts,1100082,59
DISTRICT OF COLUMBIA,BASIS DC PCS,1100083,41
DISTRICT OF COLUMBIA,Creative Minds International PCS,1100084,111
DISTRICT OF COLUMBIA,DC Scholars PCS,1100085,73
DISTRICT OF COLUMBIA,Mundo Verde Bilingual PCS,1100086,84
DISTRICT OF COLUMBIA,DYRS,1100087,25
DISTRICT OF COLUMBIA,Sela PCS,1100088,27
DISTRICT OF COLUMBIA,Ingenuity Prep PCS,1100090,118
DISTRICT OF COLUMBIA,LAYC Career Academy PCS,1100091,6
DISTRICT OF COLUMBIA,Lee Montessori PCS,1100093,57
DISTRICT OF COLUMBIA,Harmony DC PCS,1100096,29
DISTRICT OF COLUMBIA,District of Columbia International School,1100097,304
DISTRICT OF COLUMBIA,Kingsman Academy PCS,1100099,72
DISTRICT OF COLUMBIA,Monument Academy PCS,1100100,60
DISTRICT OF COLUMBIA,The Children's Guild DC PCS,1100101,97
DISTRICT OF COLUMBIA,Washington Global PCS,1100102,50
DISTRICT OF COLUMBIA,Washington Leadership Academy PCS,1100103,108
DISTRICT OF COLUMBIA,Breakthrough Montessori PCS,1100104,34
DISTRICT OF COLUMBIA,Goodwill Excel Center PCS,1100105,16
DISTRICT OF COLUMBIA,Rocketship Education DC PCS,1100106,145
DISTRICT OF COLUMBIA,Digital Pioneers Academy PCS,1100109,104
DISTRICT OF COLUMBIA,Statesmen College Preparatory Academy for Boys PCS,1100110,82
DISTRICT OF COLUMBIA,The Sojourner Truth School PCS,1100111,52
DISTRICT OF COLUMBIA,Capital Village PCS,1100112,43
DISTRICT OF COLUMBIA,Girls Global Academy PCS,1100113,45
DISTRICT OF COLUMBIA,I Dream PCS,1100114,-8
DISTRICT OF COLUMBIA,Social Justice PCS,1100115,36
DISTRICT OF COLUMBIA,Global Citizens PCS,1100116,-8
DISTRICT OF COLUMBIA,LEARN DC PCS,1100117,9
DISTRICT OF COLUMBIA,DC Wildflower PCS,1100118,-8
FLORIDA,FL VIRTUAL,1200002,759
FLORIDA,ALACHUA,1200030,3907
FLORIDA,BAKER,1200060,684
FLORIDA,LAKE WALES CHARTER SCHOOLS,1200080,564
FLORIDA,SOUTH TECH ACADEMY,1200081,316
FLORIDA,UCP,1200082,433
FLORIDA,KIPP CHARTER,1200083,147
FLORIDA,IDEA PUBLIC SCHOOLS,1200084,250
FLORIDA,BAY,1200090,5131
FLORIDA,BRADFORD,1200120,691
FLORIDA,BREVARD,1200150,12840
FLORIDA,BROWARD,1200180,35547
FLORIDA,CALHOUN,1200210,439
FLORIDA,CHARLOTTE,1200240,3260
FLORIDA,CITRUS,1200270,2256
FLORIDA,CLAY,1200300,7720
FLORIDA,COLLIER,1200330,7419
FLORIDA,COLUMBIA,1200360,1584
FLORIDA,MIAMI-DADE,1200390,38534
FLORIDA,DESOTO,1200420,613
FLORIDA,DIXIE,1200450,382
FLORIDA,DUVAL,1200480,20583
FLORIDA,ESCAMBIA,1200510,5809
FLORIDA,FLAGLER,1200540,2169
FLORIDA,FRANKLIN,1200570,244
FLORIDA,GADSDEN,1200600,722
FLORIDA,GILCHRIST,1200630,521
FLORIDA,GLADES,1200660,330
FLORIDA,GULF,1200690,399
FLORIDA,HAMILTON,1200720,183
FLORIDA,HARDEE,1200750,676
FLORIDA,HENDRY,1200780,1489
FLORIDA,HERNANDO,1200810,3428
FLORIDA,HIGHLANDS,1200840,2027
FLORIDA,HILLSBOROUGH,1200870,31889
FLORIDA,HOLMES,1200900,471
FLORIDA,INDIAN RIVER,1200930,2619
FLORIDA,JACKSON,1200960,1030
FLORIDA,JEFFERSON,1200990,120
FLORIDA,LAFAYETTE,1201020,232
FLORIDA,LAKE,1201050,7598
FLORIDA,LEE,1201080,10839
FLORIDA,LEON,1201110,4962
FLORIDA,LEVY,1201140,1011
FLORIDA,LIBERTY,1201170,255
FLORIDA,MADISON,1201200,435
FLORIDA,MANATEE,1201230,7510
FLORIDA,MARION,1201260,6967
FLORIDA,MARTIN,1201290,2878
FLORIDA,MONROE,1201320,1577
FLORIDA,NASSAU,1201350,1865
FLORIDA,OKALOOSA,1201380,5212
FLORIDA,OKEECHOBEE,1201410,1392
FLORIDA,ORANGE,1201440,22108
FLORIDA,OSCEOLA,1201470,8681
FLORIDA,PALM BEACH,1201500,29714
FLORIDA,PASCO,1201530,12468
FLORIDA,PINELLAS,1201560,12698
FLORIDA,POLK,1201590,15551
FLORIDA,PUTNAM,1201620,2231
FLORIDA,SANTA ROSA,1201650,4410
FLORIDA,SARASOTA,1201680,7020
FLORIDA,SEMINOLE,1201710,9748
FLORIDA,ST. JOHNS,1201740,8015
FLORIDA,ST. LUCIE,1201770,6145
FLORIDA,SUMTER,1201800,1583
FLORIDA,SUWANNEE,1201830,888
FLORIDA,TAYLOR,1201860,562
FLORIDA,UNION,1201890,462
FLORIDA,VOLUSIA,1201920,11680
FLORIDA,WAKULLA,1201950,860
FLORIDA,WALTON,1201980,1645
FLORIDA,WASHINGTON,1202010,671
FLORIDA,FAU LAB SCH,1202012,212
FLORIDA,FSU LAB SCH,1202013,209
FLORIDA,FAMU LAB SCH,1202014,27
FLORIDA,UF LAB SCH,1202015,117
FLORIDA,DEAF/BLIND,1202016,477
FLORIDA,SAN JOSE SCHOOLS,1202017,154
FLORIDA,MATER ACADEMY,1202018,41
GEORGIA,Troup County,1300001,1413
GEORGIA,State Charter Schools II- Statesboro STEAM Academy,1300005,30
GEORGIA,State Charter Schools- Odyssey Charter School,1300023,28
GEORGIA,Department of Corrections,1300025,83
GEORGIA,Department of Juvenile Justice,1300026,290
GEORGIA,Appling County,1300060,500
GEORGIA,Atkinson County,1300090,-8
GEORGIA,Atlanta Public Schools,1300120,5690
GEORGIA,Bacon County,1300150,346
GEORGIA,Baker County,1300180,-8
GEORGIA,Baldwin County,1300210,582
GEORGIA,State Charter Schools- Mountain Education Charter High Scho,1300214,456
GEORGIA,State Charter Schools II- Fulton Leadership Academy,1300217,43
GEORGIA,State Charter Schools II- Pataula Charter Academy,1300218,62
GEORGIA,State Charter Schools II- Atlanta Heights Charter School,1300221,35
GEORGIA,State Charter Schools II- Coweta Charter Academy,1300222,73
GEORGIA,State Charter Schools- Ivy Preparatory Academy- Inc,1300226,26
GEORGIA,State Charter Schools- Georgia Connections Academy,1300227,922
GEORGIA,State Charter Schools- Cherokee Charter Academy,1300230,101
GEORGIA,State Charter Schools- Georgia Cyber Academy,1300232,1444
GEORGIA,State Charter Schools- Utopian Academy for the Arts Charter,1300233,31
GEORGIA,State Charter Schools- International Charter School of Atla,1300234,51
GEORGIA,State Charter Schools- Foothills Charter High School (Centr,1300235,423
GEORGIA,State Charter Schools- Scintilla Charter Academy,1300236,87
GEORGIA,State Charter Schools- Dubois Integrity Academy,1300237,91
GEORGIA,State Charter Schools- Georgia School for Innovation and th,1300238,87
GEORGIA,State Charter Schools II- Cirrus Charter Academy,1300239,17
GEORGIA,Banks County,1300240,425
GEORGIA,State Charter Schools II- Liberty Tech Charter Academy,1300241,61
GEORGIA,State Charter Schools II- Brookhaven Innovation Academy,1300242,49
GEORGIA,State Charter Schools II- Southwest Georgia S.T.E.M. Charte,1300243,-8
GEORGIA,State Charter Schools II- Genesis Innovation Academy for Gi,1300244,13
GEORGIA,State Charter Schools II- SAIL Charter Academy - School for,1300245,77
GEORGIA,State Charter Schools- Coastal Plains Charter High School -,1300246,304
GEORGIA,State Charter Schools II- Resurgence Hall Charter School,1300247,31
GEORGIA,State Charter Schools II- Genesis Innovation Academy for Bo,1300248,26
GEORGIA,State Charter Schools II- International Academy of Smyrna,1300249,32
GEORGIA,State Charter Schools II- International Charter Academy of,1300250,6
GEORGIA,State Charter Schools II- SLAM Academy of Atlanta,1300251,7
GEORGIA,State Charter Schools II- Academy For Classical Education,1300252,88
GEORGIA,State Charter Schools II- Spring Creek Charter Academy,1300253,43
GEORGIA,State Schools,1300254,298
GEORGIA,State Charter Schools II- Ethos Classical Charter School,1300255,32
GEORGIA,State Charter Schools II- Baconton Community Charter School,1300256,103
GEORGIA,State Charter Schools II- Yi Hwang Academy of Language Exce,1300257,7
GEORGIA,State Charter Schools II- Furlow Charter School,1300258,73
GEORGIA,State Charter Schools II- Atlanta SMART Academy,1300259,27
GEORGIA,State Charter Schools II- Atlanta Unbound Academy,1300261,35
GEORGIA,State Charter Schools II- D.E.L.T.A. STEAM Academy,1300262,11
GEORGIA,State Charter Schools II- Georgia Fugees Academy Charter Sc,1300263,4
GEORGIA,State Charter Schools II- Northwest Classical Academy,1300264,67
GEORGIA,State Charter Schools II- Amana Academy West Atlanta,1300265,5
GEORGIA,Barrow County,1300290,2217
GEORGIA,Bartow County,1300330,1847
GEORGIA,Ben Hill County,1300360,330
GEORGIA,Berrien County,1300390,303
GEORGIA,Bibb County,1300420,2295
GEORGIA,Bleckley County,1300440,394
GEORGIA,Brantley County,1300480,390
GEORGIA,Bremen City,1300510,246
GEORGIA,Brooks County,1300540,222
GEORGIA,Bryan County,1300570,1189
GEORGIA,Buford City,1300600,564
GEORGIA,Bulloch County,1300630,1594
GEORGIA,Burke County,1300660,446
GEORGIA,Butts County,1300690,448
GEORGIA,Calhoun City,1300720,421
GEORGIA,Calhoun County,1300750,40
GEORGIA,Camden County,1300780,1650
GEORGIA,Candler County,1300810,302
GEORGIA,Carroll County,1300840,2015
GEORGIA,Carrollton City,1300870,610
GEORGIA,Cartersville City,1300900,490
GEORGIA,Catoosa County,1300930,1633
GEORGIA,Charlton County,1300990,281
GEORGIA,Savannah-Chatham County,1301020,4599
GEORGIA,Chattahoochee County,1301050,-8
GEORGIA,Chattooga County,1301080,402
GEORGIA,Cherokee County,1301110,5325
GEORGIA,Chickamauga City,1301140,-8
GEORGIA,Clarke County,1301170,1811
GEORGIA,Clay County,1301200,34
GEORGIA,Clayton County,1301230,5342
GEORGIA,Clinch County,1301260,148
GEORGIA,Cobb County,1301290,13656
GEORGIA,Coffee County,1301350,868
GEORGIA,Colquitt County,1301380,1104
GEORGIA,Columbia County,1301410,3266
GEORGIA,Commerce City,1301440,234
GEORGIA,Cook County,1301470,367
GEORGIA,Coweta County,1301500,2718
GEORGIA,Crawford County,1301530,201
GEORGIA,Crisp County,1301560,487
GEORGIA,Dade County,1301590,271
GEORGIA,Dalton Public Schools,1301620,1034
GEORGIA,Dawson County,1301650,578
GEORGIA,City Schools of Decatur,1301680,508
GEORGIA,Decatur County,1301710,441
GEORGIA,DeKalb County,1301740,9329
GEORGIA,Dodge County,1301770,439
GEORGIA,Dooly County,1301800,96
GEORGIA,Dougherty County,1301830,1507
GEORGIA,Douglas County,1301860,3472
GEORGIA,Dublin City,1301870,234
GEORGIA,Laurens County,1301890,709
GEORGIA,Early County,1301920,184
GEORGIA,Echols County,1301950,75
GEORGIA,Effingham County,1301980,2064
GEORGIA,Elbert County,1302010,442
GEORGIA,Emanuel County,1302040,601
GEORGIA,Evans County,1302070,245
GEORGIA,Fannin County,1302100,456
GEORGIA,Fayette County,1302130,2101
GEORGIA,Floyd County,1302190,1360
GEORGIA,Forsyth County,1302220,6532
GEORGIA,Franklin County,1302250,598
GEORGIA,Fulton County,1302280,9152
GEORGIA,Gainesville City,1302310,819
GEORGIA,Gilmer County,1302340,413
GEORGIA,Glascock County,1302370,73
GEORGIA,Glynn County,1302400,1933
GEORGIA,Gordon County,1302430,734
GEORGIA,Grady County,1302460,449
GEORGIA,Greene County,1302490,324
GEORGIA,Griffin-Spalding County,1302520,1276
GEORGIA,Gwinnett County,1302550,23132
GEORGIA,Habersham County,1302580,1179
GEORGIA,Hall County,1302610,3804
GEORGIA,Hancock County,1302640,-8
GEORGIA,Haralson County,1302670,537
GEORGIA,Harris County,1302700,605
GEORGIA,Hart County,1302730,511
GEORGIA,Heard County,1302790,255
GEORGIA,Henry County,1302820,5713
GEORGIA,Houston County,1302880,4188
GEORGIA,Irwin County,1302910,244
GEORGIA,Jackson County,1302940,1484
GEORGIA,Jasper County,1302970,304
GEORGIA,Jeff Davis County,1303000,338
GEORGIA,Jefferson City,1303030,427
GEORGIA,Jefferson County,1303060,258
GEORGIA,Jenkins County,1303090,135
GEORGIA,Johnson County,1303120,132
GEORGIA,Jones County,1303150,841
GEORGIA,Lamar County,1303210,270
GEORGIA,Lanier County,1303240,230
GEORGIA,Lee County,1303270,673
GEORGIA,Liberty County,1303300,1405
GEORGIA,Lincoln County,1303330,161
GEORGIA,Long County,1303360,545
GEORGIA,Lowndes County,1303390,1546
GEORGIA,Lumpkin County,1303420,560
GEORGIA,Macon County,1303450,109
GEORGIA,Madison County,1303480,837
GEORGIA,Marietta City,1303510,939
GEORGIA,Marion County,1303540,132
GEORGIA,McDuffie County,1303570,538
GEORGIA,McIntosh County,1303600,180
GEORGIA,Meriwether County,1303630,399
GEORGIA,Miller County,1303660,-8
GEORGIA,Mitchell County,1303690,126
GEORGIA,Monroe County,1303720,588
GEORGIA,Montgomery County,1303750,124
GEORGIA,Morgan County,1303780,406
GEORGIA,Murray County,1303840,805
GEORGIA,Muscogee County,1303870,4465
GEORGIA,Newton County,1303930,2362
GEORGIA,Oconee County,1303960,989
GEORGIA,Oglethorpe County,1303990,274
GEORGIA,Paulding County,1304020,4589
GEORGIA,Peach County,1304050,427
GEORGIA,Pelham City,1304080,158
GEORGIA,Pickens County,1304110,664
GEORGIA,Pierce County,1304140,522
GEORGIA,Pike County,1304170,349
GEORGIA,Polk County,1304200,1061
GEORGIA,Pulaski County,1304220,163
GEORGIA,Putnam County,1304260,391
GEORGIA,Quitman County,1304290,63
GEORGIA,Rabun County,1304320,319
GEORGIA,Randolph County,1304350,-8
GEORGIA,Richmond County,1304380,3797
GEORGIA,Rockdale County,1304410,1835
GEORGIA,Rome City,1304440,648
GEORGIA,Schley County,1304470,139
GEORGIA,Screven County,1304500,308
GEORGIA,Seminole County,1304530,116
GEORGIA,Social Circle City,1304540,216
GEORGIA,Stephens County,1304560,599
GEORGIA,Stewart County,1304590,-8
GEORGIA,Sumter County,1304620,480
GEORGIA,Talbot County,1304650,64
GEORGIA,Taliaferro County,1304680,31
GEORGIA,Tattnall County,1304770,513
GEORGIA,Taylor County,1304800,163
GEORGIA,Telfair County,1304830,159
GEORGIA,Terrell County,1304860,128
GEORGIA,Thomas County,1304890,1058
GEORGIA,Thomasville City,1304950,429
GEORGIA,Tift County,1304980,819
GEORGIA,Toombs County,1305040,479
GEORGIA,Towns County,1305070,144
GEORGIA,Treutlen County,1305100,154
GEORGIA,Trion City,1305130,96
GEORGIA,Turner County,1305190,158
GEORGIA,Twiggs County,1305220,-8
GEORGIA,Union County,1305250,441
GEORGIA,Thomaston-Upson County,1305280,602
GEORGIA,Valdosta City,1305310,1187
GEORGIA,Vidalia City,1305340,311
GEORGIA,Walker County,1305370,1564
GEORGIA,Walton County,1305390,1614
GEORGIA,Ware County,1305430,1040
GEORGIA,Warren County,1305460,123
GEORGIA,Washington County,1305490,384
GEORGIA,Wayne County,1305550,790
GEORGIA,Webster County,1305580,40
GEORGIA,Wheeler County,1305640,135
GEORGIA,White County,1305670,602
GEORGIA,Whitfield County,1305700,1969
GEORGIA,Wilcox County,1305730,-8
GEORGIA,Wilkes County,1305760,146
GEORGIA,Wilkinson County,1305790,138
GEORGIA,Worth County,1305850,298
GEORGIA,State Charter Schools II- DeKalb Brilliance Academy,1305851,8
GEORGIA,State Charter Schools II- Resurgence Hall Middle Academy,1305852,3
GEORGIA,State Charter Schools II- Destination Career Academy of Geor,1305853,62
HAWAII,Hawaii Department of Education,1500030,18040
IDAHO,WEST BONNER COUNTY DISTRICT,1600001,-8
IDAHO,LAKE PEND OREILLE SCHOOL DISTRICT,1600002,479
IDAHO,"VICTORY CHARTER SCHOOL, INC.",1600003,23
IDAHO,"IDAHO VIRTUAL ACADEMY, INC.",1600004,222
IDAHO,"IDAHO VIRTUAL HIGH SCHOOL, INC.",1600005,31
IDAHO,"ROLLING HILLS PUBLIC CHARTER SCHOOL, INC.",1600006,21
IDAHO,"COMPASS PUBLIC CHARTER SCHOOL, INC.",1600007,39
IDAHO,"FALCON RIDGE PUBLIC CHARTER SCHOOL, INC.",1600008,31
IDAHO,TROY SCHOOL DISTRICT,1600009,30
IDAHO,WHITEPINE JOINT SCHOOL DISTRICT,1600010,28
IDAHO,"INSPIRE ACADEMICS, INC.",1600011,180
IDAHO,"LIBERTY CHARTER SCHOOL, INC.",1600012,18
IDAHO,"THE ACADEMY, INC.",1600014,48
IDAHO,"TAYLOR'S CROSSING PUBLIC CHARTER SCHOOL, INC.",1600015,31
IDAHO,IDAHO DEPARTMENT OF JUVENILE CORRECTIONS,1600016,46
IDAHO,IDAHO DEPARTMENT OF CORRECTIONS,1600017,27
IDAHO,ABERDEEN DISTRICT,1600030,132
IDAHO,AMERICAN FALLS JOINT DISTRICT,1600060,136
IDAHO,ARBON ELEMENTARY DISTRICT,1600090,-8
IDAHO,SALMON RIVER JOINT SCHOOL DISTRICT,1600138,-8
IDAHO,MOUNTAIN VIEW SCHOOL DISTRICT,1600139,171
IDAHO,"XAVIER CHARTER SCHOOL, INC.",1600140,60
IDAHO,"VISION CHARTER SCHOOL, INC.",1600141,54
IDAHO,"WHITE PINE CHARTER SCHOOL, INC.",1600142,59
IDAHO,"NORTH VALLEY ACADEMY, INC.",1600143,13
IDAHO,"ISUCCEED VIRTUAL HIGH SCHOOL, INC.",1600144,117
IDAHO,"IDAHO SCIENCE AND TECHNOLOGY CHARTER SCHOOL, INC.",1600145,39
IDAHO,"IDAHO VIRTUAL EDUCATION PARTNERS, INC.",1600148,42
IDAHO,"THE KOOTENAI BRIDGE ACADEMY, INC.",1600149,37
IDAHO,AVERY SCHOOL DISTRICT,1600150,0
IDAHO,"PALOUSE PRAIRIE EDUCATIONAL ORGANIZATION, INC.",1600151,28
IDAHO,CANYON-OWYHEE SCHOOL SERVICE AGENCY (COSSA),1600152,34
IDAHO,"BLACKFOOT CHARTER COMMUNITY LEARNING CENTER, INC.",1600153,63
IDAHO,"MONTICELLO MONTESSORI CHARTER SCHOOL, INC.",1600154,16
IDAHO,"THE SAGE INTERNATIONAL SCHOOL OF BOISE, A PUBLIC CHARTER SCH",1600156,87
IDAHO,"THE VILLAGE CHARTER SCHOOL, INC.",1600157,30
IDAHO,"LEGACY PUBLIC CHARTER SCHOOL, INC.",1600158,33
IDAHO,"HERITAGE ACADEMY, INC.",1600159,22
IDAHO,"NORTH IDAHO STEM CHARTER ACADEMY, INC.",1600160,9
IDAHO,"HERITAGE COMMUNITY CHARTER SCHOOL, INC.",1600161,48
IDAHO,"AMERICAN HERITAGE CHARTER SCHOOL, INC.",1600162,35
IDAHO,"CHIEF TAHGEE ELEMENTARY ACADEMY, INC.",1600163,23
IDAHO,"SANDPOINT CHARTER SCHOOL, INC.",1600165,49
IDAHO,"SYRINGA MOUNTAIN SCHOOL, INC.",1600166,12
IDAHO,KTEC - Kootenai Tech Ed Campus,1600167,0
IDAHO,"IDAHO STEM ACADEMY, INC.",1600169,8
IDAHO,"UPPER CARMEN PUBLIC CHARTER SCHOOL, INC.",1600170,0
IDAHO,"IDAHO COLLEGE AND CAREER READINESS ACADEMY, INC.",1600171,13
IDAHO,GEM PREP: ONLINE LLC,1600172,20
IDAHO,"COEUR D'ALENE CHARTER ACADEMY, INC.",1600173,6
IDAHO,"NORTH STAR CHARTER SCHOOL, INC.",1600174,64
IDAHO,"ALTURAS INTERNATIONAL ACADEMY, INC.",1600175,39
IDAHO,"THE POCATELLO COMMUNITY CHARTER SCHOOL, INC.",1600176,42
IDAHO,"GEM PREP: POCATELLO, LLC",1600177,70
IDAHO,"PEACE VALLEY CHARTER SCHOOL, INC.",1600178,29
IDAHO,"GEM PREP: MERIDIAN, LLC",1600179,51
IDAHO,BASIN SCHOOL DISTRICT,1600180,48
IDAHO,"FUTURE PUBLIC SCHOOL, INC.",1600181,53
IDAHO,"PROJECT IMPACT STEM ACADEMY, INC.",1600182,29
IDAHO,"PATHWAYS IN EDUCATION - NAMPA, INC.",1600183,12
IDAHO,"HAYDEN CANYON CHARTER SCHOOL, INC.",1600184,30
IDAHO,"FERN-WATERS PUBLIC CHARTER SCHOOL, INC.",1600186,5
IDAHO,Idaho Digital Learning Academy,1600187,0
IDAHO,"TREASURE VALLEY CLASSICAL ACADEMY, INC.",1600188,50
IDAHO,ELEVATE ACADEMY INC.,1600189,98
IDAHO,"FORGE INTERNATIONAL, LLC",1600190,47
IDAHO,"MOSAICS PUBLIC SCHOOL, INC.",1600191,44
IDAHO,"ISLAND PARK CHARTER SCHOOL, INC.",1600192,-8
IDAHO,"MCCALL COMMUNITY SCHOOL, INC",1600193,4
IDAHO,"THOMAS JEFFERSON CHARTER SCHOOL, INC.",1600194,23
IDAHO,"ANSER OF IDAHO, INC.",1600195,64
IDAHO,"GEM PREP: MERIDIAN NORTH, LLC",1600196,23
IDAHO,"DORAL ACADEMY OF IDAHO, INC.",1600197,38
IDAHO,"PINECREST ACADEMY OF IDAHO, INC.",1600198,23
IDAHO,"ALTURAS PREPARATORY ACADEMY, INC",1600199,47
IDAHO,CARDINAL ACADEMY INCORPORATED,1600200,9
IDAHO,GEM PREP: MERIDIAN SOUTH LLC,1600201,18
IDAHO,"ELEVATE ACADEMY NORTH, LLC",1600202,43
IDAHO,"ELEVATE ACADEMY NAMPA, LLC",1600203,65
IDAHO,"IDAHO ARTS CHARTER SCHOOL, INC.",1600204,154
IDAHO,"GEM PREP: NAMPA, LLC",1600205,42
IDAHO,BEAR LAKE COUNTY DISTRICT,1600240,164
IDAHO,BLACKFOOT DISTRICT,1600270,511
IDAHO,BLAINE COUNTY DISTRICT,1600300,292
IDAHO,BLISS JOINT DISTRICT,1600330,17
IDAHO,BOISE INDEPENDENT DISTRICT,1600360,2885
IDAHO,BOUNDARY COUNTY DISTRICT,1600420,219
IDAHO,BRUNEAU-GRAND VIEW JOINT SCHOOL DISTRICT,1600450,-8
IDAHO,BUHL JOINT DISTRICT,1600480,154
IDAHO,BUTTE COUNTY JOINT DISTRICT,1600490,75
IDAHO,CALDWELL DISTRICT,1600510,774
IDAHO,CAMAS COUNTY DISTRICT,1600540,29
IDAHO,CAMBRIDGE JOINT DISTRICT,1600570,-8
IDAHO,VALLIVUE SCHOOL DISTRICT,1600600,1281
IDAHO,CASCADE DISTRICT,1600630,-8
IDAHO,CASSIA COUNTY JOINT DISTRICT,1600660,541
IDAHO,CASTLEFORD DISTRICT,1600690,35
IDAHO,CHALLIS JOINT DISTRICT,1600720,-8
IDAHO,CLARK COUNTY DISTRICT,1600750,-8
IDAHO,COEUR D'ALENE DISTRICT,1600780,1087
IDAHO,COTTONWOOD JOINT DISTRICT,1600810,-8
IDAHO,PLUMMER-WORLEY JOINT DISTRICT,1600815,72
IDAHO,COUNCIL DISTRICT,1600840,50
IDAHO,CULDESAC JOINT DISTRICT,1600870,13
IDAHO,DIETRICH DISTRICT,1600900,29
IDAHO,BONNEVILLE JOINT DISTRICT,1600930,1554
IDAHO,PRESTON JOINT DISTRICT,1600960,289
IDAHO,EMMETT INDEPENDENT DISTRICT,1601020,312
IDAHO,FILER DISTRICT,1601050,191
IDAHO,FIRTH DISTRICT,1601080,75
IDAHO,FREMONT COUNTY JOINT DISTRICT,1601110,175
IDAHO,FRUITLAND DISTRICT,1601140,195
IDAHO,GARDEN VALLEY DISTRICT,1601170,-8
IDAHO,GENESEE JOINT DISTRICT,1601200,35
IDAHO,GLENNS FERRY JOINT DISTRICT,1601230,-8
IDAHO,GOODING JOINT DISTRICT,1601260,164
IDAHO,GRACE JOINT DISTRICT,1601290,50
IDAHO,HAGERMAN JOINT DISTRICT,1601380,-8
IDAHO,HANSEN DISTRICT,1601410,-8
IDAHO,HIGHLAND JOINT DISTRICT,1601440,20
IDAHO,HOMEDALE JOINT DISTRICT,1601470,141
IDAHO,HORSESHOE BEND SCHOOL DISTRICT,1601500,51
IDAHO,IDAHO FALLS DISTRICT,1601530,1236
IDAHO,JEFFERSON COUNTY JOINT DISTRICT,1601570,540
IDAHO,JEROME JOINT DISTRICT,1601590,455
IDAHO,KAMIAH JOINT DISTRICT,1601620,-8
IDAHO,KELLOGG JOINT DISTRICT,1601650,182
IDAHO,KENDRICK JOINT DISTRICT,1601680,34
IDAHO,KIMBERLY DISTRICT,1601710,160
IDAHO,KOOTENAI DISTRICT,1601740,24
IDAHO,KUNA JOINT DISTRICT,1601770,774
IDAHO,LAKELAND DISTRICT,1601800,534
IDAHO,LAPWAI DISTRICT,1601830,88
IDAHO,LEWISTON INDEPENDENT DISTRICT,1601860,627
IDAHO,MACKAY JOINT DISTRICT,1601900,-8
IDAHO,MADISON DISTRICT,1601920,706
IDAHO,MARSH VALLEY JOINT DISTRICT,1601950,156
IDAHO,MARSING JOINT DISTRICT,1601980,88
IDAHO,MCCALL-DONNELLY JOINT SCHOOL DISTRICT,1602030,150
IDAHO,MEADOWS VALLEY DISTRICT,1602060,-8
IDAHO,MELBA JOINT DISTRICT,1602070,-8
IDAHO,JOINT SCHOOL DISTRICT NO. 2,1602100,4181
IDAHO,MIDDLETON DISTRICT,1602130,371
IDAHO,MIDVALE DISTRICT,1602160,-8
IDAHO,MINIDOKA COUNTY JOINT DISTRICT,1602190,513
IDAHO,MOSCOW DISTRICT,1602220,290
IDAHO,MOUNTAIN HOME DISTRICT,1602250,506
IDAHO,MULLAN DISTRICT,1602280,11
IDAHO,MURTAUGH JOINT DISTRICT,1602310,-8
IDAHO,NAMPA SCHOOL DISTRICT,1602340,1615
IDAHO,NEW PLYMOUTH DISTRICT,1602370,96
IDAHO,NEZPERCE JOINT DISTRICT,1602400,-8
IDAHO,NORTH GEM DISTRICT,1602430,18
IDAHO,NOTUS DISTRICT,1602460,41
IDAHO,ONEIDA COUNTY DISTRICT,1602490,455
IDAHO,OROFINO JOINT DISTRICT,1602520,187
IDAHO,PARMA DISTRICT,1602550,124
IDAHO,PAYETTE JOINT DISTRICT,1602580,178
IDAHO,PLEASANT VALLEY ELEMENTARY DISTRICT,1602610,0
IDAHO,POCATELLO DISTRICT,1602640,1483
IDAHO,POST FALLS DISTRICT,1602670,775
IDAHO,POTLATCH DISTRICT,1602700,84
IDAHO,PRAIRIE ELEMENTARY DISTRICT,1602730,0
IDAHO,RICHFIELD DISTRICT,1602760,26
IDAHO,RIRIE JOINT DISTRICT,1602790,91
IDAHO,ROCKLAND DISTRICT,1602820,5
IDAHO,SALMON DISTRICT,1602850,107
IDAHO,SHELLEY JOINT DISTRICT,1602910,259
IDAHO,SHOSHONE JOINT DISTRICT,1602940,52
IDAHO,SNAKE RIVER DISTRICT,1602970,203
IDAHO,SODA SPRINGS JOINT DISTRICT,1603000,115
IDAHO,SOUTH LEMHI DISTRICT,1603030,8
IDAHO,ST MARIES JOINT DISTRICT,1603060,139
IDAHO,SUGAR-SALEM JOINT DISTRICT,1603090,147
IDAHO,SWAN VALLEY ELEMENTARY DISTRICT,1603120,9
IDAHO,TETON COUNTY DISTRICT,1603180,245
IDAHO,THREE CREEK JOINT ELEMENTARY DISTRICT,1603210,0
IDAHO,TWIN FALLS DISTRICT,1603240,1008
IDAHO,VALLEY DISTRICT,1603270,-8
IDAHO,WALLACE DISTRICT,1603300,-8
IDAHO,WEISER DISTRICT,1603330,199
IDAHO,WENDELL DISTRICT,1603360,105
IDAHO,WEST JEFFERSON DISTRICT,1603400,-8
IDAHO,WEST SIDE JOINT DISTRICT,1603420,69
IDAHO,WILDER DISTRICT,1603480,113
IDAHO,IDAHO BUREAU OF EDUCATIONAL SERVICES FOR THE DEAF AND THE BL,1603511,99
ILLINOIS,River Ridge CUSD 210,1700001,77
ILLINOIS,Casey-Westfield CUSD 4C,1700002,111
ILLINOIS,Blue Ridge CUSD 18,1700003,83
ILLINOIS,Norris City-Omaha-Enfield CUSD 3,1700004,127
ILLINOIS,Prairie Central CUSD 8,1700005,280
ILLINOIS,IDJJ Sch Dist 428,1700006,50
ILLINOIS,Eastland CUSD 308,1700007,97
ILLINOIS,Pinckneyville SD 50,1700009,91
ILLINOIS,Beach Park CCSD 3,1700010,323
ILLINOIS,Goreville CUD 1,1700014,78
ILLINOIS,Joppa-Maple Grove UD 38,1700015,24
ILLINOIS,Eastern IL Area of Spec Educ,1700023,0
ILLINOIS,A E R O  Spec Educ Coop,1700024,0
ILLINOIS,Speed SEJA #802,1700029,0
ILLINOIS,Proviso Area Exceptional Child,1700030,0
ILLINOIS,TrueNorth Educl Cooprtv 804,1700031,0
ILLINOIS,NW Suburban Spec Educ Org,1700032,0
ILLINOIS,Philip J Rock Center and School,1700039,0
ILLINOIS,Gibson City-Melvin-Sibley CUSD 5,1700041,136
ILLINOIS,Farmington Central CUSD 265,1700044,178
ILLINOIS,Gallatin CUSD 7,1700045,138
ILLINOIS,Franklin-Jefferson Co Sp Ed Dist,1700048,0
ILLINOIS,Iroquois Special Education,1700051,0
ILLINOIS,Tri-County Sp Ed Jnt Agreement,1700052,0
ILLINOIS,Mid-Valley Special Ed Coop,1700054,0
ILLINOIS,Kankakee Area Spec Educ Coop,1700056,0
ILLINOIS,Spec Educ Dist Lake County/Sedol,1700059,0
ILLINOIS,Saunemin CCSD 438,1700065,28
ILLINOIS,Macon-Piatt Spec Educ Jnt Agr,1700069,0
ILLINOIS,Kaskaskia Spec Educ District,1700074,0
ILLINOIS,Marengo-Union E Cons D 165,1700077,118
ILLINOIS,Four Rivers Spec Educ Dist,1700080,0
ILLINOIS,Ogle Co Education Cooperative,1700081,0
ILLINOIS,Black Hawk Area Sp Ed District,1700084,0
ILLINOIS,Tazewell-Mason Cntys Sp Ed Assoc,1700091,0
ILLINOIS,Georgetown-Ridge Farm CUD 4,1700092,172
ILLINOIS,Lincoln-Way Area Spec Ed JA Dist,1700097,0
ILLINOIS,Dept of Human Services,1700098,0
ILLINOIS,ISU  Laboratory Schools,1700099,0
ILLINOIS,University of Ill Lab School,1700100,0
ILLINOIS,Il Mathematics & Science Academy,1700101,0
ILLINOIS,Brussels CUSD 42,1700102,9
ILLINOIS,New Holland-Middletown ED 88,1700103,11
ILLINOIS,A-C Central CUSD 262,1700105,-8
ILLINOIS,Heritage CUSD 8,1700106,-8
ILLINOIS,Ridgeview CUSD 19,1700109,76
ILLINOIS,North Chicago SD 187,1700110,515
ILLINOIS,Streator ESD 44,1700112,280
ILLINOIS,Illini Central CUSD 189,1700113,122
ILLINOIS,South Central CUD 401,1700114,137
ILLINOIS,Henry-Senachwine CUSD 5,1700115,89
ILLINOIS,Sangamon Area Spec Ed Dist,1700116,0
ILLINOIS,Williamson Co Spec Educ District,1700118,0
ILLINOIS,North Shore SD 112,1700119,578
ILLINOIS,Lostant CUSD 425,1700120,15
ILLINOIS,Shiloh CUSD 1,1700122,52
ILLINOIS,Meridian CUSD 15,1700123,117
ILLINOIS,Bureau Valley CUSD 340,1700125,188
ILLINOIS,Midland CUSD 7,1700126,92
ILLINOIS,St Clair ROE Special Education,1700147,0
ILLINOIS,North DuPage Sp Ed Cooperative,1700152,0
ILLINOIS,Lewistown CUSD 97,1700153,126
ILLINOIS,Adam/Brwn/Cass/Morgn/Pik/Sctt ROE,1700162,0
ILLINOIS,BMP Tri County Special Ed Coop,1700164,0
ILLINOIS,Bnd/Chrstn/Effngh/Fytt/Mntgmr ROE,1700165,0
ILLINOIS,Boone/Winnebago ROE,1700166,0
ILLINOIS,Bureau/Henry/Stark ROE,1700168,0
ILLINOIS,Calhoun/Greene/Jersy/Macoupin ROE,1700169,0
ILLINOIS,Carroll/Jo Daviess/Stephenson ROE,1700170,0
ILLINOIS,Champaign/Ford ROE,1700171,0
ILLINOIS,Clay/Cwford/Jsper/Lwrnce/Rhland,1700173,0
ILLINOIS,Clintn/Jeffrsn/Marin/Washngtn ROE,1700174,0
ILLINOIS,Clk/Cls/Cmbn/Dglas/Edgr/Mltr/Shlb,1700175,0
ILLINOIS,Cowden-Herrick CUSD 3A,1700176,52
ILLINOIS,DeWitt/Livingstn/Logan/McLean ROE,1700177,0
ILLINOIS,De Kalb ROE,1700178,0
ILLINOIS,DuPage ROE,1700179,0
ILLINOIS,Edw/Glt/Hlt/Hdn/Pop/Sln/Wbh/Wn/Wh,1700180,0
ILLINOIS,Frankln/Johnsn/Massc/Willimsn ROE,1700182,0
ILLINOIS,Grundy/Kendall ROE,1700184,0
ILLINOIS,Hancck/Fultn/Schuylr/McDonogh ROE,1700186,0
ILLINOIS,Region 07 South Cook ISC 4,1700188,0
ILLINOIS,Iroquois/Kankakee ROE,1700189,0
ILLINOIS,Alxndr/Jcksn/Pulsk/Prry/Union ROE,1700190,0
ILLINOIS,Kane ROE,1700191,0
ILLINOIS,Henderson/Knox/Mercer/Warren ROE,1700192,0
ILLINOIS,Lake ROE,1700193,0
ILLINOIS,La Salle/Marshall/Putnam ROE,1700194,0
ILLINOIS,Lee/Ogle/Whiteside ROE,1700195,0
ILLINOIS,Macon/Piatt ROE,1700197,0
ILLINOIS,Madison ROE,1700198,0
ILLINOIS,McHenry ROE,1700200,0
ILLINOIS,Mid-State Spec Educ Jnt Agr,1700201,0
ILLINOIS,Monroe/Randolph ROE,1700202,0
ILLINOIS,Peoria ROE,1700203,0
ILLINOIS,Rock Island ROE,1700204,0
ILLINOIS,Menard/Sangamon ROE,1700206,0
ILLINOIS,Spec Ed Dist of McHenry Co-Sedom,1700207,0
ILLINOIS,Saint Clair ROE,1700208,0
ILLINOIS,Mason/Tazewell/Woodford ROE,1700209,0
ILLINOIS,Vermilion ROE,1700211,0
ILLINOIS,Will ROE,1700213,0
ILLINOIS,Christopher USD 99,1700217,131
ILLINOIS,Prairie Crossing Charter School,1700218,51
ILLINOIS,Region 05 North Cook ISC 1,1700220,0
ILLINOIS,Region 06 West Cook ISC 2,1700221,0
ILLINOIS,Nippersink SD 2,1700222,164
ILLINOIS,Okaw Valley CUSD 302,1700223,53
ILLINOIS,Spec Educ Assoc of Peoria County,1700225,0
ILLINOIS,Bi-County Special Educ Coop,1700227,0
ILLINOIS,LaSalle Putnam Alliance,1700228,0
ILLINOIS,Livingston Co Spec Services Unit,1700229,0
ILLINOIS,West Central Regional System,1700231,0
ILLINOIS,Five County Reg Voc System,1700233,0
ILLINOIS,Bond Fayette Effingham EFE 410,1700234,0
ILLINOIS,Career Educ Assoc of N Central IL,1700235,0
ILLINOIS,Eagle Ridge Vocational Del Sys,1700236,0
ILLINOIS,Career & Tech Educ Consortium,1700238,0
ILLINOIS,Ford Special Education Coop,1700239,0
ILLINOIS,Eastern IL EFE System,1700242,0
ILLINOIS,Twin Rivers Career & Tech Ed Sys,1700243,0
ILLINOIS,Clay/Jasper/Richland/N Wayne RDS,1700244,0
ILLINOIS,Marion/Clinton/Wash Co CTES,1700245,0
ILLINOIS,Evanston Dists 65/202 Jnt Agr,1700246,0
ILLINOIS,Morton Regional Del Sys,1700248,0
ILLINOIS,Career Development System,1700249,0
ILLINOIS,North Suburban Educ Reg for Voc,1700250,0
ILLINOIS,Moraine Area Career System,1700252,0
ILLINOIS,Niles Twp District for Spec Educ,1700255,0
ILLINOIS,Kishwaukee Educ Consortium,1700258,0
ILLINOIS,Livingston Area Educ for Employ,1700261,0
ILLINOIS,Heart of IL Low Incidence  Hilia,1700262,0
ILLINOIS,McLean/Dewitt Reg Voc System,1700263,0
ILLINOIS,DuPage Area Occup Educ Sys,1700264,0
ILLINOIS,Ohio & Wabash Valley Reg Voc Sys,1700265,0
ILLINOIS,Franklin County Reg Del System,1700266,0
ILLINOIS,Rend Lake Area Reg Del System,1700270,0
ILLINOIS,Western Area Career System 265,1700271,0
ILLINOIS,West Central IL Spec Educ Coop,1700272,0
ILLINOIS,Delabar CTE System,1700273,0
ILLINOIS,Jackson/Perry Co Reg Del System,1700274,0
ILLINOIS,Kankakee Area Reg Voc Ed System,1700276,0
ILLINOIS,Iroquois Area Reg Del System,1700277,0
ILLINOIS,Valley Educ for Employ System,1700278,0
ILLINOIS,Northern Kane Co Reg Voc System,1700279,0
ILLINOIS,Lake County Area Voc System,1700281,0
ILLINOIS,Starved Rock for Voc Tech Ed,1700283,0
ILLINOIS,Lincolnland Reg Del System,1700284,0
ILLINOIS,Heartland Region,1700285,0
ILLINOIS,Central Ill Rural Region,1700286,0
ILLINOIS,Madison Co Career & Tech Ed Sys,1700288,0
ILLINOIS,Central IL Voc Ed Coop,1700289,0
ILLINOIS,Okaw Regional Voc System,1700292,0
ILLINOIS,Two Rivers Career Educ System,1700293,0
ILLINOIS,Peoria Educ Reg for Empl Traing,1700294,0
ILLINOIS,Quad City Career and Tech Ed Cons,1700295,0
ILLINOIS,Southwestern Illinois Career & TE,1700297,0
ILLINOIS,ESL Regional Vocational System,1700298,0
ILLINOIS,Regional Office of Car/Tech Educ,1700299,0
ILLINOIS,Vermilion Voc Ed Deliver System,1700304,0
ILLINOIS,Whiteside Regional Voc System,1700306,0
ILLINOIS,Three Rivers EFE System,1700308,0
ILLINOIS,Tazewell Co Area EFE RDS,1700309,0
ILLINOIS,West Carroll CUSD 314,1700310,144
ILLINOIS,South Eastern Sp Ed Program,1700311,0
ILLINOIS,Eisenhower Cooperative,1700312,0
ILLINOIS,Educ for Employment Sys 330,1700313,0
ILLINOIS,West Prairie CUSD 103,1700314,-8
ILLINOIS,NW Educ Cncl for Student Success,1700317,0
ILLINOIS,West Central CUSD 235,1700319,-8
ILLINOIS,Monmouth-Roseville CUSD 238,1700320,225
ILLINOIS,United CUSD 304,1700321,163
ILLINOIS,Henry-Stark County Spec Ed Dist,1700322,0
ILLINOIS,Crescent Iroquois CUSD 249,1700323,-8
ILLINOIS,Sangamon Valley CUSD 9,1700324,98
ILLINOIS,Region III Spec Ed Coop,1700325,0
ILLINOIS,El Paso-Gridley CUSD 11,1700326,143
ILLINOIS,McHenry Co Coop for Employ Educ,1700327,0
ILLINOIS,Jamp Spec Educ Services,1700329,0
ILLINOIS,Prairieview-Ogden CCSD 197,1700330,27
ILLINOIS,Schuyler-Industry CUSD 5,1700332,163
ILLINOIS,Chester N HSD 122,1700333,11
ILLINOIS,La Harpe CSD 347,1701381,38
ILLINOIS,Thompsonville CUSD 174,1701382,55
ILLINOIS,Illini West H S Dist 307,1701384,40
ILLINOIS,Carthage ESD 317,1701385,52
ILLINOIS,Western CUSD 12,1701387,77
ILLINOIS,Dallas ESD 327,1701388,-8
ILLINOIS,Flanagan-Cornell Dist 74,1701390,71
ILLINOIS,Wilmette Comm Sp Ed Agreement,1701391,0
ILLINOIS,Southwest Cook Coop Spec Ed,1701392,0
ILLINOIS,Grundy County Spec Educ Coop,1701393,0
ILLINOIS,Des Plaines Valley EFE,1701394,0
ILLINOIS,Mercer County School District 404,1701395,231
ILLINOIS,Coop Assoc for Spec Educ,1701396,0
ILLINOIS,Paris Cooperative High School,1701397,0
ILLINOIS,Southland College Prep Chtr HS,1701400,68
ILLINOIS,North Mac CUSD 34,1701403,185
ILLINOIS,Odin PSD 722,1701404,65
ILLINOIS,South Macoupin Association,1701408,0
ILLINOIS,Williamson Co CTE System,1701409,0
ILLINOIS,Horizon Science Acad-McKinley Pk,1701410,86
ILLINOIS,East Coloma - Nelson CESD 20,1701411,39
ILLINOIS,Horizon Science Acad-Belmont,1701412,50
ILLINOIS,Abingdon-Avon CUSD 276,1701413,156
ILLINOIS,Rural Champaign Co Spec Ed Coop,1701414,0
ILLINOIS,STEM Partnership School,1701415,0
ILLINOIS,Milford Area PSD 124,1701416,71
ILLINOIS,Bluford Unit School District 318,1701417,74
ILLINOIS,Salt Fork CUSD 512,1701418,134
ILLINOIS,Spring Garden CCSD 178,1701419,44
ILLINOIS,Exceptional Learners,1701420,0
ILLINOIS,Northwest Sp Ed Cooperative,1701421,0
ILLINOIS,Woodlawn Unit School District 209,1701422,54
ILLINOIS,LEARN 9 Chtr  Campus in Waukegan,1701423,46
ILLINOIS,Betty Shabazz  Internl Chrtr Sch,1701424,26
ILLINOIS,School Assn For Special Educ,1701425,0
ILLINOIS,ACE Amandla Charter School,1701426,41
ILLINOIS,Plano Area Special Ed Coop,1701428,0
ILLINOIS,IL Dept of Chldrn and Family Svcs,1701429,0
ILLINOIS,Career Preparation Network,1701430,0
ILLINOIS,Bronzeville Academy Chtr School,1701431,32
ILLINOIS,Knox Warren Spec Ed Districts,1701432,0
ILLINOIS,B H R A Cooperative HS,1701433,0
ILLINOIS,Dimmick Comm Cons SD #175,1701434,16
ILLINOIS,Elgin Math and Science Acad Chtr,1701435,55
ILLINOIS,Urban Prep Chrtr Sch for Yng Men,1701436,15
ILLINOIS,Woodford Cty Special Ed Assoc,1701437,0
ILLINOIS,Intrinsic 2 Charter High School,1701438,113
ILLINOIS,S Will Co Coop for Spec Ed,1701439,0
ILLINOIS,IL Spec Ed Charter Coop,1701441,0
ILLINOIS,NPT Special Education Coop,1701442,0
ILLINOIS,Addison SD 4,1703150,575
ILLINOIS,Akin CCSD 91,1703210,14
ILLINOIS,Albers SD 63,1703270,19
ILLINOIS,Alden Hebron SD 19,1703300,55
ILLINOIS,Allen-Otter Creek CCSD 65,1703420,-8
ILLINOIS,Allendale CCSD 17,1703450,28
ILLINOIS,Alsip-Hazlgrn-Oaklwn SD 126,1703480,224
ILLINOIS,Altamont CUSD 10,1703510,119
ILLINOIS,Alton CUSD 11,1703600,1190
ILLINOIS,AlWood CUSD 225,1703660,50
ILLINOIS,Amboy CUSD 272,1703690,82
ILLINOIS,Anna CCSD 37,1703750,128
ILLINOIS,Anna Jonesboro CHSD 81,1703780,88
ILLINOIS,Annawan CUSD 226,1703810,37
ILLINOIS,Antioch CCSD 34,1703840,357
ILLINOIS,CHSD 117,1703870,396
ILLINOIS,Aptakisic-Tripp CCSD 102,1703900,249
ILLINOIS,Arbor Park SD 145,1703930,125
ILLINOIS,Arcola CUSD 306,1703960,85
ILLINOIS,Argenta-Oreana CUSD 1,1703990,141
ILLINOIS,Argo CHSD 217,1704020,299
ILLINOIS,Summit SD 104,1704050,146
ILLINOIS,Arlington Heights SD 25,1704140,589
ILLINOIS,Township HSD 214,1704170,1409
ILLINOIS,Armstrong-Ellis Cons SD 61,1704200,-8
ILLINOIS,Armstrong Twp HSD 225,1704230,8
ILLINOIS,Arthur CUSD 305,1704260,177
ILLINOIS,Ashley CCSD 15,1704340,23
ILLINOIS,Ashton-Franklin Center CUSD 275,1704380,-8
ILLINOIS,Astoria CUSD 1,1704440,58
ILLINOIS,Athens CUSD 213,1704470,162
ILLINOIS,Atwood Heights SD 125,1704560,103
ILLINOIS,Auburn CUSD 10,1704620,158
ILLINOIS,Aurora East USD 131,1704680,1555
ILLINOIS,Aurora West USD 129,1704710,1605
ILLINOIS,Aviston SD 21,1704740,53
ILLINOIS,Central CHSD 71,1704770,75
ILLINOIS,Avoca SD 37,1704800,81
ILLINOIS,Ball Chatham CUSD 5,1704920,552
ILLINOIS,Bannockburn SD 106,1704950,22
ILLINOIS,Barrington CUSD 220,1705050,1359
ILLINOIS,Bartelso SD 57,1705160,-8
ILLINOIS,Bartonville SD 66,1705190,58
ILLINOIS,Batavia USD 101,1705220,760
ILLINOIS,Beardstown CUSD 15,1705310,231
ILLINOIS,Beecher CUSD 200U,1705430,173
ILLINOIS,Beecher City CUSD 20,1705460,41
ILLINOIS,Marseilles ESD 150,1705466,103
ILLINOIS,Opdyke-Belle-Rive CCSD 5,1705570,-8
ILLINOIS,Belle Valley SD 119,1705580,233
ILLINOIS,Belleville SD 118,1705610,813
ILLINOIS,Belleville Twp HSD 201,1705640,942
ILLINOIS,Bellwood SD 88,1705760,289
ILLINOIS,Belvidere CUSD 100,1705790,1063
ILLINOIS,Bement CUSD 5,1705820,39
ILLINOIS,Benjamin SD 25,1705880,73
ILLINOIS,Bensenville SD 2,1705910,266
ILLINOIS,Benton CCSD 47,1705950,204
ILLINOIS,Benton Cons HSD 103,1705970,93
ILLINOIS,Berkeley SD 87,1706000,418
ILLINOIS,Berwyn North SD 98,1706060,380
ILLINOIS,Berwyn South SD 100,1706090,413
ILLINOIS,Bethalto CUSD 8,1706120,266
ILLINOIS,Bethel SD 82,1706180,30
ILLINOIS,Big Hollow SD 38,1706270,220
ILLINOIS,Bismarck Henning CUSD,1706390,112
ILLINOIS,Bloom Twp HSD 206,1706420,514
ILLINOIS,Bloomingdale SD 13,1706450,175
ILLINOIS,Bloomington SD 87,1706480,817
ILLINOIS,Cook County SD 130,1706510,449
ILLINOIS,CHSD 218,1706540,1021
ILLINOIS,Scott-Morgan CUSD 2,1706600,30
ILLINOIS,Bourbonnais SD 53,1706750,423
ILLINOIS,Braceville SD 75,1706840,22
ILLINOIS,Bradford CUSD 1,1706880,38
ILLINOIS,Bradley SD 61,1706930,228
ILLINOIS,Bradley Bourbonnais CHSD 307,1706960,320
ILLINOIS,Breese ESD 12,1707010,86
ILLINOIS,Bremen CHSD 228,1707050,853
ILLINOIS,Indian Springs SD 109,1707170,377
ILLINOIS,Brimfield CUSD 309,1707200,78
ILLINOIS,Lemont-Bromberek CSD 113A,1707290,290
ILLINOIS,Brookfield Lagrange Park SD 95,1707320,182
ILLINOIS,Brownstown CUSD 201,1707440,59
ILLINOIS,Paxton-Buckley-Loda CUD 10,1707650,186
ILLINOIS,Buncombe Cons SD 43,1707740,-8
ILLINOIS,Bunker Hill CUSD 8,1707770,112
ILLINOIS,Central CUSD 301,1707830,502
ILLINOIS,Burnham SD 154-5,1707860,23
ILLINOIS,Bushnell Prairie City CUSD 170,1707950,154
ILLINOIS,Butler SD 53,1707980,51
ILLINOIS,Byron CUSD 226,1708010,227
ILLINOIS,Cahokia CUSD 187,1708040,627
ILLINOIS,Cairo USD 1,1708070,65
ILLINOIS,Lincoln ESD 156,1708100,106
ILLINOIS,Calumet Public SD 132,1708130,101
ILLINOIS,Cambridge CUSD 227,1708160,57
ILLINOIS,Central CUSD 3,1708220,137
ILLINOIS,Trico CUSD 176,1708250,145
ILLINOIS,Canton Union SD 66,1708280,398
ILLINOIS,Carbon Cliff-Barstow SD 36,1708310,44
ILLINOIS,Carbondale ESD 95,1708340,227
ILLINOIS,Carbondale CHSD 165,1708370,164
ILLINOIS,Cons HSD 230,1708400,1015
ILLINOIS,Carlinville CUSD 1,1708430,220
ILLINOIS,Carlyle CUSD 1,1708460,191
ILLINOIS,Carmi-White County CUSD 5,1708500,265
ILLINOIS,CUSD 300,1708550,2704
ILLINOIS,Carrier Mills-Stonefort CUSD 2,1708580,84
ILLINOIS,Carrollton CUSD 1,1708610,82
ILLINOIS,Carterville CUSD 5,1708640,287
ILLINOIS,Cary CCSD 26,1708730,343
ILLINOIS,Cass SD 63,1708790,75
ILLINOIS,Center Cass SD 66,1708970,109
ILLINOIS,Central A & M CUD 21,1709100,124
ILLINOIS,Central SD 51,1709150,138
ILLINOIS,Central SD 104,1709170,92
ILLINOIS,Central City SD 133,1709180,65
ILLINOIS,Lockport SD 91,1709210,129
ILLINOIS,Centralia SD 135,1709270,260
ILLINOIS,Centralia HSD 200,1709300,161
ILLINOIS,Cerro Gordo CUSD 100,1709330,50
ILLINOIS,Chadwick-Milledgeville CUSD 399,1709400,57
ILLINOIS,Champaign CUSD 4,1709420,1474
ILLINOIS,Chaney-Monge SD 88,1709510,76
ILLINOIS,Channahon SD 17,1709540,131
ILLINOIS,Charleston CUSD 1,1709600,456
ILLINOIS,Chester CUSD 139,1709810,171
ILLINOIS,Chester-East Lincoln CCSD 61,1709850,31
ILLINOIS,City of Chicago SD 299,1709930,47409
ILLINOIS,Chicago Heights SD 170,1709960,352
ILLINOIS,Chicago Ridge SD 127-5,1709990,205
ILLINOIS,Cicero SD 99,1710200,1236
ILLINOIS,North Wayne CUSD 200,1710240,-8
ILLINOIS,Cissna Park CUSD 6,1710290,54
ILLINOIS,Clay City CUSD 10,1710340,-8
ILLINOIS,Skokie SD 73-5,1710380,136
ILLINOIS,Central CUSD 4,1710410,181
ILLINOIS,Clinton CUSD 15,1710440,271
ILLINOIS,CCSD 93,1710470,517
ILLINOIS,Coal City CUSD 1,1710530,279
ILLINOIS,Cobden SUD 17,1710570,71
ILLINOIS,Collinsville CUSD 10,1710650,1072
ILLINOIS,Colona SD 190,1710690,69
ILLINOIS,Columbia CUSD 4,1710740,213
ILLINOIS,Hamilton Co CUSD 10,1710790,191
ILLINOIS,Oakwood CUSD 76,1710800,103
ILLINOIS,Westville CUSD 2,1710820,250
ILLINOIS,Triopia CUSD 27,1710830,55
ILLINOIS,Cornell CCSD 426,1710860,15
ILLINOIS,Ford Heights SD 169,1710950,37
ILLINOIS,Coulterville USD 1,1710980,-8
ILLINOIS,Country Club Hills SD 160,1711010,188
ILLINOIS,Crab Orchard CUSD 3,1711100,-8
ILLINOIS,Creston CCSD 161,1711220,13
ILLINOIS,Crete Monee CUSD 201U,1711250,783
ILLINOIS,Creve Coeur SD 76,1711290,105
ILLINOIS,Crystal Lake CCSD 47,1711350,848
ILLINOIS,CHSD 155,1711370,699
ILLINOIS,CUSD 3 Fulton County,1711400,62
ILLINOIS,Cypress SD 64,1711520,17
ILLINOIS,Dakota CUSD 201,1711610,80
ILLINOIS,Dalzell SD 98,1711700,-8
ILLINOIS,Damiansville SD 62,1711730,8
ILLINOIS,Danville CCSD 118,1711790,786
ILLINOIS,Decatur SD 61,1711850,1311
ILLINOIS,Deer Creek-Mackinaw CUSD 701,1711880,128
ILLINOIS,Deer Park CCSD 82,1711910,7
ILLINOIS,Deerfield SD 109,1711980,333
ILLINOIS,DeKalb CUSD 428,1712000,1112
ILLINOIS,Deland-Weldon CUSD 57,1712030,22
ILLINOIS,Delavan CUSD 703,1712060,71
ILLINOIS,DePue USD 103,1712090,53
ILLINOIS,CCSD 62,1712120,620
ILLINOIS,DeSoto Cons SD 86,1712150,23
ILLINOIS,Diamond Lake SD 76,1712210,122
ILLINOIS,Dieterich CUSD 30,1712240,79
ILLINOIS,Dixon USD 170,1712330,454
ILLINOIS,Dolton SD 149,1712420,302
ILLINOIS,Dolton SD 148,1712450,223
ILLINOIS,Dongola USD 66,1712480,-8
ILLINOIS,Donovan CUSD 3,1712510,47
ILLINOIS,Downers Grove GSD 58,1712540,709
ILLINOIS,CHSD 99,1712570,706
ILLINOIS,Dunlap CUSD 323,1712700,592
ILLINOIS,Comm Unit School District No 196,1712720,152
ILLINOIS,Du Quoin CUSD 300,1712760,207
ILLINOIS,Durand CUSD 322,1712810,62
ILLINOIS,Dwight Common SD 232,1712840,74
ILLINOIS,Dwight Twp HSD 230,1712870,38
ILLINOIS,E St Louis Area Joint Agreement,1712900,0
ILLINOIS,Earlville CUSD 9,1712930,68
ILLINOIS,East Alton SD 13,1712960,134
ILLINOIS,East Alton-Wood River CHSD 14,1712990,121
ILLINOIS,East Dubuque USD 119,1713050,111
ILLINOIS,East Maine SD 63,1713140,471
ILLINOIS,East Moline SD 37,1713170,415
ILLINOIS,East Peoria CHSD 309,1713230,172
ILLINOIS,East Peoria SD 86,1713240,320
ILLINOIS,East Prairie SD 73,1713260,53
ILLINOIS,Richland County CUSD 1,1713290,274
ILLINOIS,East St Louis SD 189,1713320,603
ILLINOIS,Edgar County CUD 6,1713370,68
ILLINOIS,Edinburg CUSD 4,1713410,44
ILLINOIS,Lindop SD 92,1713440,64
ILLINOIS,Edwards County CUSD 1,1713500,129
ILLINOIS,Edwardsville CUSD 7,1713530,827
ILLINOIS,Effingham CUSD 40,1713560,381
ILLINOIS,Egyptian CUSD 5,1713590,70
ILLINOIS,Eldorado CUSD 4,1713660,213
ILLINOIS,SD U-46,1713710,4932
ILLINOIS,Comm Cons SD 59,1713770,686
ILLINOIS,Elverado CUSD 196,1713860,75
ILLINOIS,Tri Valley CUSD 3,1713920,124
ILLINOIS,DuPage HSD 88,1713940,522
ILLINOIS,Elmhurst SD 205,1713970,1253
ILLINOIS,Elmwood CUSD 322,1714050,84
ILLINOIS,Elmwood Park CUSD 401,1714100,431
ILLINOIS,Elwood CCSD 203,1714160,45
ILLINOIS,Harmony Emge SD 175,1714220,108
ILLINOIS,Emmons SD 33,1714250,29
ILLINOIS,Erie CUSD 1,1714350,120
ILLINOIS,Eswood CCSD 269,1714410,-8
ILLINOIS,Eureka CUD 140,1714430,146
ILLINOIS,Evanston CCSD 65,1714460,967
ILLINOIS,Evanston Twp HSD 202,1714490,512
ILLINOIS,Evergreen Park ESD 124,1714550,248
ILLINOIS,Evergreen Park CHSD 231,1714580,148
ILLINOIS,Ewing Northern CCSD 115,1714640,22
ILLINOIS,Fairfield PSD 112,1714710,120
ILLINOIS,Fairmont SD 89,1714760,61
ILLINOIS,Fairview SD 72,1714820,111
ILLINOIS,Farrington CCSD 99,1714940,8
ILLINOIS,Fenton CHSD 100,1715030,206
ILLINOIS,Field CCSD 3,1715090,-8
ILLINOIS,Fieldcrest CUSD 6,1715100,115
ILLINOIS,Fisher CUSD 1,1715180,78
ILLINOIS,Flora CUSD 35,1715400,231
ILLINOIS,Flossmoor SD 161,1715420,295
ILLINOIS,Forest Park SD 91,1715450,127
ILLINOIS,Forest Ridge SD 142,1715480,235
ILLINOIS,Forrestville Valley CUSD 221,1715490,153
ILLINOIS,Fox Lake GSD 114,1715630,111
ILLINOIS,Fox River Grove Cons SD 3,1715660,60
ILLINOIS,Frankfort CCSD 157C,1715700,260
ILLINOIS,Franklin CUSD 1,1715750,-8
ILLINOIS,Franklin Park SD 84,1715780,157
ILLINOIS,Freeburg CCSD 70,1715820,103
ILLINOIS,Freeburg CHSD 77,1715840,70
ILLINOIS,Serena CUSD 2,1715880,85
ILLINOIS,Freeport SD 145,1715900,494
ILLINOIS,Fremont SD 79,1715930,243
ILLINOIS,Galatia CUSD 1,1716020,67
ILLINOIS,Galena USD 120,1716050,93
ILLINOIS,Galesburg CUSD 205,1716080,559
ILLINOIS,Galva CUSD 224,1716140,65
ILLINOIS,Gardner CCSD 72C,1716230,21
ILLINOIS,Gardner S Wilmington Twp HSD 73,1716260,29
ILLINOIS,Gavin SD 37,1716290,113
ILLINOIS,Geff CCSD 14,1716320,16
ILLINOIS,Geneseo CUSD 228,1716350,273
ILLINOIS,Geneva CUSD 304,1716380,699
ILLINOIS,Genoa Kingston CUSD 424,1716410,164
ILLINOIS,Germantown SD 60,1716530,32
ILLINOIS,Germantown Hills SD 69,1716560,67
ILLINOIS,Giant City CCSD 130,1716590,22
ILLINOIS,Gifford CCSD 188,1716650,-8
ILLINOIS,Gillespie CUSD 7,1716680,259
ILLINOIS,Glen Ellyn SD 41,1716800,368
ILLINOIS,Glenbard Twp HSD 87,1716830,1096
ILLINOIS,Glencoe SD 35,1716860,150
ILLINOIS,Glenview CCSD 34,1716920,408
ILLINOIS,Brookwood SD 167,1716950,120
ILLINOIS,Woodridge SD 68,1717040,406
ILLINOIS,Gower SD 62,1717160,121
ILLINOIS,Grand Prairie CCSD 6,1717190,-8
ILLINOIS,Grand Ridge CCSD 95,1717220,31
ILLINOIS,Granite City CUSD 9,1717280,1202
ILLINOIS,Grant CCSD 110,1717310,130
ILLINOIS,Grant CHSD 124,1717340,275
ILLINOIS,Grant Park CUSD 6,1717370,44
ILLINOIS,Grass Lake SD 36,1717490,27
ILLINOIS,Grayslake CCSD 46,1717520,705
ILLINOIS,Grayslake CHSD 127,1717550,442
ILLINOIS,Grayville CUSD 1,1717580,76
ILLINOIS,Greenfield CUSD 10,1717670,64
ILLINOIS,Greenview CUSD 200,1717700,26
ILLINOIS,Bond County CUSD 2,1717730,375
ILLINOIS,Griggsville-Perry CUSD 4,1717790,65
ILLINOIS,Gurnee SD 56,1717800,321
ILLINOIS,Northbrook ESD 27,1717850,166
ILLINOIS,Hall HSD 502,1718030,74
ILLINOIS,Hamilton CCSD 328,1718060,-8
ILLINOIS,Hampton SD 29,1718090,-8
ILLINOIS,Calhoun CUSD 40,1718180,81
ILLINOIS,Hardin County CUSD 1,1718200,98
ILLINOIS,Harlem UD 122,1718240,1099
ILLINOIS,Harrisburg CUSD 3,1718270,349
ILLINOIS,Harrison SD 36,1718360,73
ILLINOIS,Hartsburg Emden CUSD 21,1718390,-8
ILLINOIS,Harvard CUSD 50,1718420,294
ILLINOIS,Harvey SD 152,1718450,139
ILLINOIS,W Harvey-Dixmoor PSD 147,1718480,101
ILLINOIS,Havana CUSD 126,1718510,176
ILLINOIS,Hawthorn CCSD 73,1718570,503
ILLINOIS,Hazel Crest SD 152-5,1718600,111
ILLINOIS,Herrin CUSD 4,1718810,389
ILLINOIS,Herscher CUSD 2,1718840,233
ILLINOIS,Heyworth CUSD 4,1718870,85
ILLINOIS,High Mount SD 116,1718960,60
ILLINOIS,Highland CUSD 5,1718990,489
ILLINOIS,Twp HSD 113,1719080,545
ILLINOIS,LaGrange Highlands SD 106,1719110,96
ILLINOIS,Hillsboro CUSD 3,1719200,347
ILLINOIS,Hillside SD 93,1719230,79
ILLINOIS,Hinckley Big Rock CUSD 429,1719260,108
ILLINOIS,Hinsdale CCSD 181,1719290,397
ILLINOIS,Hinsdale Twp HSD 86,1719320,565
ILLINOIS,Hollis Cons SD 328,1719420,22
ILLINOIS,Homer CCSD 33C,1719500,532
ILLINOIS,Homewood SD 153,1719530,283
ILLINOIS,Homewood Flossmoor CHSD 233,1719560,387
ILLINOIS,Hononegah CHD 207,1719620,260
ILLINOIS,Hoopeston Area CUSD 11,1719660,241
ILLINOIS,Hoover-Schrum Memorial SD 157,1719680,95
ILLINOIS,Huntley Comm Sch Dist 158,1719830,997
ILLINOIS,Hutsonville CUSD 1,1719920,50
ILLINOIS,Illini Bluffs CUSD 327,1719960,102
ILLINOIS,Il Valley Central USD 321,1719970,358
ILLINOIS,Iroquois County CUSD 9,1720170,172
ILLINOIS,Iroquois West CUSD 10,1720180,195
ILLINOIS,Irvington CCSD 11,1720190,-8
ILLINOIS,Itasca SD 10,1720220,128
ILLINOIS,Iuka CCSD 7,1720250,43
ILLINOIS,Jacksonville SD 117,1720280,701
ILLINOIS,Jasper CCSD 17,1720370,-8
ILLINOIS,Jasper County CUD 1,1720380,183
ILLINOIS,Jersey CUSD 100,1720430,284
ILLINOIS,Johnsburg CUSD 12,1720490,268
ILLINOIS,Johnston City CUSD 1,1720550,187
ILLINOIS,Joliet PSD 86,1720580,1535
ILLINOIS,Joliet Twp HSD 204,1720610,1079
ILLINOIS,County of Union Sch Dist No43,1720640,57
ILLINOIS,Kankakee SD 111,1720760,592
ILLINOIS,Kansas CUSD 3,1720790,26
ILLINOIS,Keeneyville SD 20,1720880,182
ILLINOIS,Kell Cons SD 2,1720910,16
ILLINOIS,Kenilworth SD 38,1720970,50
ILLINOIS,Kewanee CUSD 229,1721000,325
ILLINOIS,Kildeer Countryside CCSD 96,1721030,338
ILLINOIS,Kings Cons SD 144,1721130,17
ILLINOIS,Kinnikinnick CCSD 131,1721180,273
ILLINOIS,Kirby SD 140,1721270,603
ILLINOIS,Hiawatha CUSD 426,1721300,44
ILLINOIS,Knoxville CUSD 202,1721390,166
ILLINOIS,Komarek SD 94,1721420,89
ILLINOIS,Darien SD 61,1721450,185
ILLINOIS,Ladd CCSD 94,1721510,30
ILLINOIS,Lagrange Area Dept Spec Ed-Ladse,1721590,0
ILLINOIS,La Grange SD 102,1721600,457
ILLINOIS,La Grange SD 105 South,1721630,195
ILLINOIS,La Moille CUSD 303,1721680,-8
ILLINOIS,Lake Bluff ESD 65,1721720,107
ILLINOIS,Lake Forest SD 67,1721750,211
ILLINOIS,Lake Forest CHSD 115,1721780,199
ILLINOIS,Lake Park CHSD 108,1721840,317
ILLINOIS,Lake Villa CCSD 41,1721870,399
ILLINOIS,Lake Zurich CUSD 95,1721900,682
ILLINOIS,Lansing SD 158,1722020,409
ILLINOIS,Laraway CCSD 70C,1722050,85
ILLINOIS,La Salle ESD 122,1722080,184
ILLINOIS,La Salle-Peru Twp HSD 120,1722110,147
ILLINOIS,Red Hill CUSD 10,1722130,94
ILLINOIS,Lawrence County CUD 20,1722150,147
ILLINOIS,Lebanon CUSD 9,1722300,106
ILLINOIS,Paw Paw CUSD 271,1722350,-8
ILLINOIS,Lee County Spec Educ Assoc,1722360,0
ILLINOIS,Lemont Twp HSD 210,1722500,130
ILLINOIS,Lena Winslow CUSD 202,1722530,96
ILLINOIS,LeRoy CUSD 2,1722620,93
ILLINOIS,Lexington CUSD 7,1722710,49
ILLINOIS,Leyden Area Spec Educ Coop,1722730,0
ILLINOIS,Leyden CHSD 212,1722740,514
ILLINOIS,Liberty CUSD 2,1722770,114
ILLINOIS,Libertyville SD 70,1722800,229
ILLINOIS,CHSD 128,1722830,386
ILLINOIS,Lick Creek CCSD 16,1722860,-8
ILLINOIS,Leland CUSD 1,1722870,52
ILLINOIS,Limestone Walters CCSD 316,1722920,-8
ILLINOIS,Limestone CHSD 310,1722950,174
ILLINOIS,Lincoln ESD 27,1722980,197
ILLINOIS,Lincoln CHSD 404,1723050,110
ILLINOIS,Lincoln Way CHSD 210,1723070,924
ILLINOIS,Lincolnshire-Prairieview SD 103,1723090,219
ILLINOIS,Lincolnwood SD 74,1723100,165
ILLINOIS,Lisbon CCSD 90,1723160,-8
ILLINOIS,Lisle CUSD 202,1723200,260
ILLINOIS,Litchfield CUSD 12,1723250,252
ILLINOIS,Lockport Area Spec Educ Coop,1723340,0
ILLINOIS,Lockport Twp HSD 205,1723350,549
ILLINOIS,Lombard SD 44,1723460,413
ILLINOIS,Brooklyn UD 188,1723640,7
ILLINOIS,Ludlow CCSD 142,1723700,9
ILLINOIS,Will County SD 92,1723730,182
ILLINOIS,Lyons SD 103,1723850,307
ILLINOIS,Lyons Twp HSD 204,1723880,449
ILLINOIS,Macomb CUSD 185,1723920,395
ILLINOIS,Madison CUSD 12,1723970,114
ILLINOIS,Madison Co Reg I Spec Educ Coop,1723985,0
ILLINOIS,Madison County Voc Adj Counseling,1723990,0
ILLINOIS,Maercker SD 60,1724000,113
ILLINOIS,Mahomet-Seymour CUSD 3,1724060,336
ILLINOIS,Maine Township HSD 207,1724090,878
ILLINOIS,Malden CCSD 84,1724120,16
ILLINOIS,Manhattan SD 114,1724270,268
ILLINOIS,Mannheim SD 83,1724330,312
ILLINOIS,Manteno CUSD 5,1724390,307
ILLINOIS,Northbrook/Glenview SD 30,1724420,162
ILLINOIS,Kaneland CUSD 302,1724480,551
ILLINOIS,Marengo CHSD 154,1724570,83
ILLINOIS,Marion CUSD 2,1724600,594
ILLINOIS,Marissa CUSD 40,1724650,92
ILLINOIS,Prairie-Hills ESD 144,1724720,247
ILLINOIS,Maroa Forsyth CUSD 2,1724750,110
ILLINOIS,Marquardt SD 15,1724780,351
ILLINOIS,Marshall CUSD 2C,1724870,260
ILLINOIS,Martinsville CUSD 3C,1724900,78
ILLINOIS,Mascoutah CUD 19,1724940,578
ILLINOIS,Massac UD 1,1725000,316
ILLINOIS,Matteson ESD 162,1725020,356
ILLINOIS,Mattoon CUSD 2,1725050,454
ILLINOIS,Maywood-Melrose Park-Broadview 89,1725110,454
ILLINOIS,Mazon-Verona-Kinsman ESD 2C,1725190,59
ILLINOIS,McClellan CCSD 12,1725260,12
ILLINOIS,McHenry CCSD 15,1725290,640
ILLINOIS,McHenry CHSD 156,1725320,335
ILLINOIS,Medinah SD 11,1725500,81
ILLINOIS,CUSD 4,1725590,95
ILLINOIS,Mendota CCSD 289,1725620,200
ILLINOIS,Mendota Twp HSD 280,1725650,79
ILLINOIS,Meredosia-Chambersburg CUSD 11,1725680,51
ILLINOIS,Meridian CUSD 223,1725690,206
ILLINOIS,Metamora CCSD 1,1725740,94
ILLINOIS,County of Woodford School,1725770,120
ILLINOIS,Midlothian SD 143,1725920,257
ILLINOIS,Millburn CCSD 24,1726100,140
ILLINOIS,Fairfield Comm H S Dist 225,1726180,74
ILLINOIS,Millstadt CCSD 160,1726190,117
ILLINOIS,Miller Twp CCSD 210,1726250,35
ILLINOIS,Minooka CCSD 201,1726310,546
ILLINOIS,Minooka CHSD 111,1726340,353
ILLINOIS,Mokena SD 159,1726370,221
ILLINOIS,Moline-Coal Valley CUSD 40,1726400,1000
ILLINOIS,Momence CUSD 1,1726430,136
ILLINOIS,Monroe SD 70,1726490,36
ILLINOIS,Monticello CUSD 25,1726550,232
ILLINOIS,Montmorency CCSD 145,1726590,41
ILLINOIS,Morris SD 54,1726610,237
ILLINOIS,Morris CHSD 101,1726640,124
ILLINOIS,Morrison CUSD 6,1726710,150
ILLINOIS,Morrisonville CUSD 1,1726760,57
ILLINOIS,Morton CUSD 709,1726800,464
ILLINOIS,Golf ESD 67,1726820,106
ILLINOIS,Morton Grove SD 70,1726850,130
ILLINOIS,J S Morton HSD 201,1726880,1106
ILLINOIS,Meridian CUSD 101,1726970,91
ILLINOIS,Mount Olive CUSD 5,1727180,84
ILLINOIS,Mount Prospect SD 57,1727210,196
ILLINOIS,Mt Pulaski CUSD 23,1727290,69
ILLINOIS,Brown County CUSD 1,1727300,102
ILLINOIS,Mount Vernon SD 80,1727340,293
ILLINOIS,Mt Vernon Twp HSD 201,1727360,231
ILLINOIS,Mt Zion CUSD 3,1727390,253
ILLINOIS,Mulberry Grove CUSD 1,1727450,75
ILLINOIS,Mundelein ESD 75,1727540,257
ILLINOIS,Mundelein Cons HSD 120,1727570,383
ILLINOIS,Murphysboro CUSD 186,1727610,367
ILLINOIS,Naperville CUSD 203,1727710,1785
ILLINOIS,Nashville CCSD 49,1727720,86
ILLINOIS,Nashville CHSD 99,1727740,46
ILLINOIS,Nauvoo-Colusa CUSD 325,1727780,45
ILLINOIS,Neoga CUSD 3,1727840,89
ILLINOIS,Nettle Creek CCSD 24C,1727930,-8
ILLINOIS,New Athens CUSD 60,1727960,97
ILLINOIS,New Berlin CUSD 16,1727990,92
ILLINOIS,New Hope CCSD 6,1728110,21
ILLINOIS,New Lenox SD 122,1728140,815
ILLINOIS,New Simpson Hill SD 32,1728160,35
ILLINOIS,New Trier Twp HSD 203,1728200,675
ILLINOIS,Newark CHSD 18,1728260,20
ILLINOIS,Newark CCSD 66,1728270,22
ILLINOIS,Niles ESD 71,1728500,68
ILLINOIS,Niles Twp HSD 219,1728530,583
ILLINOIS,Nokomis CUSD 22,1728560,92
ILLINOIS,McLean County USD 5,1728620,2161
ILLINOIS,Norridge SD 80,1728650,115
ILLINOIS,North Boone CUSD 200,1728700,250
ILLINOIS,North Clay CUSD 25,1728810,85
ILLINOIS,North Palos SD 117,1728890,355
ILLINOIS,N Pekin & Marquette Hght SD 102,1728920,56
ILLINOIS,Northbrook SD 28,1728980,228
ILLINOIS,Glenbrook HSD 225,1729010,680
ILLINOIS,Northwestern Illinois Assn,1729020,0
ILLINOIS,Norwood ESD 63,1729040,76
ILLINOIS,Oak Grove SD 68  Bartonville,1729100,52
ILLINOIS,Oak Grove SD 68 Green Oaks,1729130,111
ILLINOIS,Oak Lawn-Hometown SD 123,1729190,465
ILLINOIS,Oak Lawn CHSD 229,1729220,290
ILLINOIS,Oak Park ESD 97,1729250,880
ILLINOIS,Oak Park - River Forest SD 200,1729280,559
ILLINOIS,Oakdale CCSD 1,1729310,-8
ILLINOIS,Oakland CUSD 5,1729340,35
ILLINOIS,Oblong CUSD 4,1729420,94
ILLINOIS,Odell CCSD 435,1729520,43
ILLINOIS,Oglesby ESD 125,1729670,69
ILLINOIS,Ohio CCSD 17,1729700,17
ILLINOIS,Ohio CHSD 505,1729730,3
ILLINOIS,O Fallon CCSD 90,1729760,595
ILLINOIS,O Fallon Twp HSD 203,1729790,387
ILLINOIS,Olympia CUSD 16,1729890,237
ILLINOIS,R O W V A CUSD 208,1729940,81
ILLINOIS,Orangeville CUSD 203,1730060,48
ILLINOIS,Oregon CUSD 220,1730160,191
ILLINOIS,Orion CUSD 223,1730200,154
ILLINOIS,Orland SD 135,1730220,713
ILLINOIS,CUSD 308,1730270,2239
ILLINOIS,Ottawa ESD 141,1730300,319
ILLINOIS,Ottawa Twp HSD 140,1730330,245
ILLINOIS,Palatine CCSD 15,1730420,1250
ILLINOIS,Township HSD 211,1730450,1306
ILLINOIS,Palestine CUSD 3,1730480,58
ILLINOIS,CCSD 180,1730510,69
ILLINOIS,Northwestern CUSD 2,1730540,70
ILLINOIS,Palos Heights SD 128,1730570,109
ILLINOIS,Palos CCSD 118,1730600,307
ILLINOIS,Pana CUSD 8,1730630,221
ILLINOIS,Panhandle CUSD 2,1730660,-8
ILLINOIS,Paris-Union SD 95,1730750,224
ILLINOIS,Paris CUSD 4,1730780,72
ILLINOIS,Park Forest SD 163,1730810,230
ILLINOIS,Park Ridge CCSD 64,1730840,588
ILLINOIS,Patoka CUSD 100,1730870,-8
ILLINOIS,Gen George Patton SD 133,1730900,16
ILLINOIS,Pawnee CUSD 11,1730930,122
ILLINOIS,Payson CUSD 1,1730990,77
ILLINOIS,Pearl City CUSD 200,1731020,51
ILLINOIS,Pecatonica CUSD 321,1731050,170
ILLINOIS,Pekin PSD 108,1731080,664
ILLINOIS,Pekin CSD 303,1731110,322
ILLINOIS,Pembroke CCSD 259,1731140,21
ILLINOIS,Pennoyer SD 79,1731200,29
ILLINOIS,Peoria SD 150,1731230,2077
ILLINOIS,Peoria Heights CUSD 325,1731270,144
ILLINOIS,Peotone CUSD 207U,1731290,193
ILLINOIS,Perandoe Spec Educ District,1731310,0
ILLINOIS,Peru ESD 124,1731380,143
ILLINOIS,Porta CUSD 202,1731410,205
ILLINOIS,Southwestern CUSD 9,1731500,165
ILLINOIS,CCSD 204,1731560,-8
ILLINOIS,Pinckneyville CHSD 101,1731620,63
ILLINOIS,Pikeland CUSD 10,1731710,232
ILLINOIS,Plainfield SD 202,1731740,3744
ILLINOIS,Plano CUSD 88,1731770,352
ILLINOIS,Pleasant Hill SD 69,1731860,47
ILLINOIS,Pleasant Hill CUSD 3,1731890,72
ILLINOIS,Pleasant Plains CUSD 8,1731920,128
ILLINOIS,Pleasant Valley SD 62,1731950,95
ILLINOIS,Pleasantdale SD 107,1732040,96
ILLINOIS,Potomac CUSD 10,1732090,-8
ILLINOIS,Polo CUSD 222,1732100,68
ILLINOIS,Pontiac CCSD 429,1732160,264
ILLINOIS,Pontiac-W Holliday SD 105,1732190,116
ILLINOIS,Pontiac Twp HSD 90,1732220,118
ILLINOIS,Pope Co CUD 1,1732280,82
ILLINOIS,Posen-Robbins ESD 143-5,1732370,153
ILLINOIS,Prairie Du Rocher CCSD 134,1732490,24
ILLINOIS,Prairie Grove CSD 46,1732520,118
ILLINOIS,Prairie Hill CCSD 133,1732550,116
ILLINOIS,Adlai E Stevenson HSD 125,1732580,397
ILLINOIS,Princeton ESD 115,1732670,200
ILLINOIS,Princeton HSD 500,1732700,83
ILLINOIS,Princeville CUSD 326,1732770,65
ILLINOIS,Prophetstown-Lyndon-Tampico CUSD3,1732830,168
ILLINOIS,Prospect Heights SD 23,1732850,138
ILLINOIS,Proviso Twp HSD 209,1732910,709
ILLINOIS,Putnam County CUSD 535,1732960,121
ILLINOIS,Queen Bee SD 16,1732970,202
ILLINOIS,Quincy SD 172,1733000,1071
ILLINOIS,Raccoon Cons SD 1,1733030,57
ILLINOIS,Ramsey CUSD 204,1733090,70
ILLINOIS,Rankin CSD 98,1733120,34
ILLINOIS,Rantoul City SD 137,1733210,279
ILLINOIS,Rantoul Township HSD 193,1733240,146
ILLINOIS,Reavis Twp HSD 220,1733270,280
ILLINOIS,Red Bud CUSD 132,1733300,152
ILLINOIS,Reed Custer CUSD 255U,1733380,193
ILLINOIS,Rhodes SD 84-5,1733390,62
ILLINOIS,Rich Twp HSD 227,1733420,507
ILLINOIS,Richland GSD 88A,1733450,97
ILLINOIS,Richmond-Burton CHSD 157,1733510,78
ILLINOIS,Ridgeland SD 122,1733690,296
ILLINOIS,Ridgewood CHSD 234,1733720,104
ILLINOIS,Riley CCSD 18,1733750,-8
ILLINOIS,River Forest SD 90,1733810,193
ILLINOIS,River Grove SD 85-5,1733840,69
ILLINOIS,River Trails SD 26,1733870,164
ILLINOIS,Riverdale CUSD 100,1733930,151
ILLINOIS,River Bend CUSD 2,1733950,138
ILLINOIS,Riverside SD 96,1733990,204
ILLINOIS,Riverside-Brookfield Twp SD 208,1734020,225
ILLINOIS,Riverton CUSD 14,1734100,259
ILLINOIS,Riverview CCSD 2,1734110,51
ILLINOIS,Roanoke Benson CUSD 60,1734140,61
ILLINOIS,Robein SD 85,1734170,38
ILLINOIS,Robinson CUSD 2,1734230,267
ILLINOIS,Rochelle CCSD 231,1734260,207
ILLINOIS,Rochelle Twp HSD 212,1734290,140
ILLINOIS,Rochester CUSD 3A,1734320,241
ILLINOIS,Rock Falls ESD 13,1734350,162
ILLINOIS,Rock Falls Twp HSD 301,1734380,92
ILLINOIS,Rock Island SD 41,1734410,1097
ILLINOIS,Rockridge CUSD 300,1734440,107
ILLINOIS,Rockdale SD 84,1734470,33
ILLINOIS,Rockford SD 205,1734510,3995
ILLINOIS,Rockton SD 140,1734540,230
ILLINOIS,Rome CCSD 2,1734590,48
ILLINOIS,Rondout SD 72,1734620,46
ILLINOIS,Rooks Creek CCSD 425,1734650,-8
ILLINOIS,Roselle SD 12,1734710,111
ILLINOIS,Schaumburg CCSD 54,1734740,1528
ILLINOIS,Rosemont ESD 78,1734770,30
ILLINOIS,Rossville-Alvin CUSD 7,1734870,64
ILLINOIS,Round Lake CUSD 116,1734990,1019
ILLINOIS,Roxana CUSD 1,1735010,207
ILLINOIS,Rutland CCSD 230,1735100,13
ILLINOIS,Salem SD 111,1735160,177
ILLINOIS,Salem CHSD 600,1735190,98
ILLINOIS,Salt Creek SD 48,1735220,87
ILLINOIS,Sandoval CUSD 501,1735310,112
ILLINOIS,Sandridge SD 172,1735340,73
ILLINOIS,Sandwich CUSD 430,1735370,296
ILLINOIS,Saratoga CCSD 60C,1735400,107
ILLINOIS,CCSD 168,1735460,215
ILLINOIS,Scales Mound CUSD 211,1735610,40
ILLINOIS,Schiller Park SD 81,1735640,144
ILLINOIS,Selmaville CCSD 10,1735770,34
ILLINOIS,Seneca CCSD 170,1735820,72
ILLINOIS,Seneca Twp HSD 160,1735850,59
ILLINOIS,Sesser-Valier CUSD 196,1735940,94
ILLINOIS,Indian Creek CUSD 425,1735970,95
ILLINOIS,Shelbyville CUSD 4,1736090,147
ILLINOIS,Sherrard CUSD 200,1736180,161
ILLINOIS,Shiloh Village SD 85,1736210,101
ILLINOIS,Shirland CCSD 134,1736240,-8
ILLINOIS,ESD 159,1736300,177
ILLINOIS,Signal Hill SD 181,1736330,77
ILLINOIS,Silvis SD 34,1736360,87
ILLINOIS,Skokie SD 68,1736450,251
ILLINOIS,Skokie SD 69,1736480,221
ILLINOIS,Smithton CCSD 130,1736510,77
ILLINOIS,Somonauk CUSD 432,1736570,94
ILLINOIS,County of Winnebago SD 320,1736600,93
ILLINOIS,Southeastern CUSD 337,1736610,71
ILLINOIS,South Fork SD 14,1736640,-8
ILLINOIS,South Holland SD 150,1736720,87
ILLINOIS,South Holland SD 151,1736750,180
ILLINOIS,South Pekin SD 137,1736780,33
ILLINOIS,Burbank SD 111,1736810,487
ILLINOIS,South Wilmington CCSD 74,1736840,19
ILLINOIS,Sparta CUSD 140,1736900,200
ILLINOIS,Spec Educ Assoc of Adams County,1736920,0
ILLINOIS,Spoon River Valley CUSD 4,1736960,37
ILLINOIS,Spring Lake CCSD 606,1737020,9
ILLINOIS,Spring Valley CCSD 99,1737050,97
ILLINOIS,Springfield SD 186,1737080,2659
ILLINOIS,St Anne CCSD 256,1737120,48
ILLINOIS,St Anne CHSD 302,1737140,29
ILLINOIS,St Charles CUSD 303,1737170,1477
ILLINOIS,St Elmo CUSD 202,1737230,61
ILLINOIS,St George CCSD 258,1737320,67
ILLINOIS,Triad CUSD 2,1737350,570
ILLINOIS,St Joseph CCSD 169,1737380,80
ILLINOIS,St Joseph Ogden CHSD 305,1737410,44
ILLINOIS,St Libory Cons SD 30,1737440,9
ILLINOIS,St Rose SD 14-15,1737470,-8
ILLINOIS,Stark County CUSD 100,1737490,100
ILLINOIS,Staunton CUSD 6,1737590,243
ILLINOIS,Steeleville CUSD 138,1737650,69
ILLINOIS,Steger SD 194,1737680,162
ILLINOIS,Steward ESD 220,1737800,14
ILLINOIS,Stewardson-Strasburg CUD 5A,1737830,-8
ILLINOIS,Central Stickney SD 110,1737860,38
ILLINOIS,Stockton CUSD 206,1737980,85
ILLINOIS,Woodland CUSD 5,1738070,81
ILLINOIS,Streator Twp HSD 40,1738100,142
ILLINOIS,Sullivan CUSD 300,1738130,127
ILLINOIS,Summersville SD 79,1738190,35
ILLINOIS,Summit Hill SD 161,1738220,389
ILLINOIS,Sunnybrook SD 171,1738370,143
ILLINOIS,Sunset Ridge SD 29,1738400,76
ILLINOIS,Sycamore CUSD 427,1738460,517
ILLINOIS,V I T CUSD 2,1738490,65
ILLINOIS,Taft SD 90,1738520,59
ILLINOIS,Tamaroa School Dist 5,1738550,-8
ILLINOIS,Taylorville CUSD 3,1738700,361
ILLINOIS,Teutopolis CUSD 50,1738760,114
ILLINOIS,Thomasboro CCSD 130,1738790,-8
ILLINOIS,Thornton SD 154,1738910,41
ILLINOIS,Thornton Fractional Twp HSD 215,1738940,510
ILLINOIS,Thornton Twp HSD 205,1738970,754
ILLINOIS,CCSD 146,1739030,310
ILLINOIS,Cumberland CUSD 77,1739090,111
ILLINOIS,Tolono CUSD 7,1739120,213
ILLINOIS,Tonica CCSD 79,1739180,25
ILLINOIS,Tremont CUSD 702,1739390,134
ILLINOIS,Wesclin CUSD 3,1739420,211
ILLINOIS,Tri City CUSD 1,1739450,107
ILLINOIS,Tri-County Spec Educ Assoc,1739460,0
ILLINOIS,Tri Point CUSD 6-J,1739480,91
ILLINOIS,Troy CCSD 30C,1739510,569
ILLINOIS,Tuscola CUSD 301,1739600,142
ILLINOIS,Century CUSD 100,1739630,58
ILLINOIS,Union SD 81,1739660,11
ILLINOIS,Union Ridge SD 86,1739780,75
ILLINOIS,United Twp HSD 30,1739870,302
ILLINOIS,Unity Point CCSD 140,1739930,75
ILLINOIS,Urbana SD 116,1739960,737
ILLINOIS,Valley View CUSD 365U,1740070,2437
ILLINOIS,Valmeyer CUSD 3,1740080,48
ILLINOIS,Vandalia CUSD 203,1740140,251
ILLINOIS,Venice CUSD 3,1740200,21
ILLINOIS,Vermilion Assoc for Spec Educ,1740220,0
ILLINOIS,Vienna SD 55,1740260,72
ILLINOIS,Vienna HSD 133,1740290,39
ILLINOIS,Villa Grove CUSD 302,1740320,118
ILLINOIS,SD 45 DuPage County,1740350,605
ILLINOIS,Virginia CUSD 64,1740410,49
ILLINOIS,CHSD 94,1740440,300
ILLINOIS,Wabash CUSD 348,1740470,208
ILLINOIS,Wabash & Ohio Valley Sp Ed Dist,1740480,0
ILLINOIS,CCSD 89,1740500,302
ILLINOIS,Wallace CCSD 195,1740530,57
ILLINOIS,Waltham CCSD 185,1740620,39
ILLINOIS,Waltonville CUSD 1,1740650,45
ILLINOIS,North Wamac SD 186,1740680,-8
ILLINOIS,Warren CUSD 205,1740740,69
ILLINOIS,Warren Twp HSD 121,1740800,515
ILLINOIS,Warrensburg-Latham CUSD 11,1740830,113
ILLINOIS,Warsaw CUSD 316,1740890,37
ILLINOIS,Lowpoint-Washburn CUSD 21,1740920,61
ILLINOIS,Washington CHSD 308,1740980,168
ILLINOIS,District 50 Schools,1741010,131
ILLINOIS,Washington SD 52,1741040,123
ILLINOIS,Waterloo CUSD 5,1741070,367
ILLINOIS,Wauconda CUSD 118,1741190,601
ILLINOIS,Waukegan CUSD 60,1741250,1834
ILLINOIS,Waverly CUSD 6,1741280,60
ILLINOIS,Wayne City CUSD 100,1741360,76
ILLINOIS,Calumet City SD 155,1741520,119
ILLINOIS,West Chicago ESD 33,1741550,452
ILLINOIS,Frankfort CUSD 168,1741580,313
ILLINOIS,West Lincoln-Broadwell ESD 92,1741600,20
ILLINOIS,Indian Prairie CUSD 204,1741690,2706
ILLINOIS,West Northfield SD 31,1741700,86
ILLINOIS,West Washington Co CUD 10,1741750,77
ILLINOIS,Westchester SD 92-5,1741790,205
ILLINOIS,Western Springs SD 101,1741820,142
ILLINOIS,CUSD 201,1741980,250
ILLINOIS,Wethersfield CUSD 230,1742060,48
ILLINOIS,CUSD 200,1742180,1602
ILLINOIS,Wheeling CCSD 21,1742210,773
ILLINOIS,North Greene CUSD 3,1742240,195
ILLINOIS,Whiteside SD 115,1742300,238
ILLINOIS,Sterling CUSD 5,1742310,618
ILLINOIS,Williamsfield CUSD 210,1742450,36
ILLINOIS,Williamsville CUSD 15,1742480,176
ILLINOIS,Willow Grove SD 46,1742510,36
ILLINOIS,Willow Springs SD 108,1742570,89
ILLINOIS,Wilmette SD 39,1742600,501
ILLINOIS,Wilmington CUSD 209U,1742630,201
ILLINOIS,Winchester CUSD 1,1742660,101
ILLINOIS,Windsor CUSD 1,1742690,50
ILLINOIS,Winfield SD 34,1742720,48
ILLINOIS,Winnebago CUSD 323,1742790,228
ILLINOIS,Winnebago County Spec Educ Coop,1742810,0
ILLINOIS,Winnetka SD 36,1742840,328
ILLINOIS,Winthrop Harbor SD 1,1742900,77
ILLINOIS,Wolf Branch SD 113,1742960,125
ILLINOIS,Shawnee CUSD 84,1742990,65
ILLINOIS,Wood Dale SD 7,1743020,122
ILLINOIS,Wood River-Hartford ESD 15,1743050,115
ILLINOIS,Woodland CCSD 50,1743110,607
ILLINOIS,Woodstock CUSD 200,1743330,832
ILLINOIS,Worth SD 127,1743380,161
ILLINOIS,Zeigler-Royalton CUSD 188,1743800,101
ILLINOIS,Zion ESD 6,1743860,290
ILLINOIS,Zion-Benton Twp HSD 126,1743890,364
ILLINOIS,Yorkville CUSD 115,1743960,1031
ILLINOIS,Midwest Central CUSD 191,1743962,126
ILLINOIS,Belleville Area Special Services,1743963,0
ILLINOIS,Exc Children Have Opportunities,1743965,0
INDIANA,Indiana Department of Correction,1800006,182
INDIANA,White River Valley School District,1800008,132
INDIANA,Community Montessori Inc,1800011,123
INDIANA,Timothy L Johnson Academy,1800013,19
INDIANA,Irvington Community School,1800014,150
INDIANA,Options Charter Schools,1800016,299
INDIANA,Christel House Academy South,1800018,110
INDIANA,Thea Bowman Leadership Academy,1800025,70
INDIANA,Charter School of the Dunes,1800027,73
INDIANA,KIPP Indy College Prep Middle,1800028,54
INDIANA,MSD Southwest Allen County Schls,1800030,876
INDIANA,SE Neighborhood Sch of Excellence,1800033,96
INDIANA,Joshua Academy,1800037,10
INDIANA,Burris Laboratory School,1800038,120
INDIANA,Indiana Academy for Sci Math Hmn,1800041,4
INDIANA,Andrew J Brown Academy,1800042,54
INDIANA,Rural Community Schools Inc,1800043,32
INDIANA,Charles A Tindley Accelerated Sch,1800045,36
INDIANA,21st Century Charter Sch of Gary,1800046,172
INDIANA,East Chicago Urban Enterprise Academy,1800048,43
INDIANA,Victory College Prep Academy,1800051,86
INDIANA,Gary Lighthouse Charter School,1800052,147
INDIANA,East Chicago Lighthouse Charter,1800054,46
INDIANA,Avondale Meadows Academy,1800057,30
INDIANA,Herron Charter,1800058,124
INDIANA,Adams Central Community Schools,1800060,201
INDIANA,Geist Montessori Academy,1800061,36
INDIANA,Indianapolis Metropolitan High Sch,1800064,59
INDIANA,Renaissance Academy Charter School,1800065,30
INDIANA,IN Math & Science Academy,1800067,51
INDIANA,Aspire Charter Academy,1800071,99
INDIANA,Anderson Preparatory Academy,1800077,188
INDIANA,Hammond Academy of Science & Tech,1800082,49
INDIANA,The Bloomington Project School,1800083,80
INDIANA,Paramount Brookside,1800086,115
INDIANA,Discovery Charter School,1800088,99
INDIANA,Excel Center for Adult Learners,1800093,47
INDIANA,IN Math & Science Academy - North,1800094,79
INDIANA,Indiana Connections Academy,1800098,1151
INDIANA,Rock Creek Community Academy,1800099,148
INDIANA,Career Academy High School,1800101,112
INDIANA,Gary Middle College,1800102,18
INDIANA,Tri-Township Cons School Corp,1800107,62
INDIANA,Damar Charter Academy,1800108,168
INDIANA,Neighbors' New Vistas High School,1800113,33
INDIANA,Excel Center - Anderson,1800116,31
INDIANA,North Central Parke Comm Schl Corp,1800118,244
INDIANA,Alexandria Community School Corp,1800120,296
INDIANA,Christel House DORS,1800122,32
INDIANA,Inspire Academy - A Sch of Inquiry,1800123,43
INDIANA,Phalen Leadership Academy - IN Inc,1800124,17
INDIANA,Canaan Community Academy,1800129,52
INDIANA,Smith Academy for Excellence,1800131,25
INDIANA,Excel Center - Richmond,1800134,20
INDIANA,Excel Center - Kokomo,1800135,43
INDIANA,Enlace Academy,1800137,67
INDIANA,Excel Center - Lafayette Square,1800138,7
INDIANA,Excel Center - Lafayette,1800142,54
INDIANA,Tindley Genesis Academy,1800145,33
INDIANA,Vision Academy,1800146,76
INDIANA,KIPP Indy Unite Elementary,1800147,55
INDIANA,Tindley Summit Academy,1800148,23
INDIANA,Christel House Academy West,1800149,63
INDIANA,Anderson Community School Corp,1800150,1283
INDIANA,Excel Center - University Heights,1800159,7
INDIANA,Success Academy Primary School,1800161,140
INDIANA,Excel Center - Noblesville,1800163,14
INDIANA,Career Academy Middle School,1800164,78
INDIANA,Dugger Union Community School Corp,1800165,137
INDIANA,Mays Community Academy,1800168,53
INDIANA,Excel Center - South Bend,1800169,4
INDIANA,Global Preparatory Academy,1800170,73
INDIANA,Steel City Academy,1800171,42
INDIANA,ACE Preparatory Academy,1800172,31
INDIANA,Excel Center - Shelbyville,1800175,18
INDIANA,Seven Oaks Classical School,1800176,63
INDIANA,Higher Institute of Arts & Tech,1800178,26
INDIANA,Hoosier College and Career Academy,1800179,176
INDIANA,Argos Community Schools,1800180,130
INDIANA,Circle City Prep Charter School,1800181,45
INDIANA,Excel Center - Clarksville,1800182,43
INDIANA,Purdue Polytechnic High School Ind,1800183,72
INDIANA,Avondale Meadows Middle School,1800184,36
INDIANA,Excel Center - Hammond,1800185,6
INDIANA,Riverside High School,1800187,72
INDIANA,James & Rosemary Phalen Leadership Academy Middle School,1800188,30
INDIANA,Otwell Miller Academy,1800189,24
INDIANA,Indiana Connections Career Academy,1800191,124
INDIANA,Urban ACT Academy,1800192,45
INDIANA,Vanguard Collegiate of Indy,1800193,12
INDIANA,Matchbook Learning,1800194,69
INDIANA,Paramount Cottage Home,1800196,42
INDIANA,Excel Center - Muncie,1800197,21
INDIANA,Indiana Agriculture and Technology,1800198,59
INDIANA,Allegiant Preparatory Academy,1800199,13
INDIANA,Excel Center - Gary,1800200,4
INDIANA,pilotED Schools,1800202,20
INDIANA,Timothy L. Johnson Academy Middle,1800203,21
INDIANA,PLA at George H Fisher School 93,1800204,49
INDIANA,Dynamic Minds Academy,1800205,112
INDIANA,KIPP Indy Legacy High,1800206,79
INDIANA,Invent Learning Hub,1800207,31
INDIANA,Paramount Englewood,1800208,44
INDIANA,Excel Center - Bloomington,1800209,10
INDIANA,Attica Consolidated School Corp,1800210,127
INDIANA,Purdue Polytechnic High Sch North,1800211,51
INDIANA,Borden-Henryville School Corporation,1800212,348
INDIANA,Silver Creek School Corporation,1800213,551
INDIANA,Purdue Polytechnic High School South Bend,1800214,27
INDIANA,James and Rosemary Phalen Leadership Academy High School,1800215,67
INDIANA,Adelante Schools,1800216,60
INDIANA,The Hope Academy Inc.,1800217,13
INDIANA,Phalen Leadership Academy at Francis Scott Key School 103,1800218,38
INDIANA,GEO Next Generation Academy,1800219,13
INDIANA,The PATH School,1800220,-8
INDIANA,HIM By HER Collegiate School for the Arts,1800221,12
INDIANA,Phalen Virtual Leadership Academy,1800222,62
INDIANA,BELIEVE Circle City High School,1800223,25
INDIANA,Rooted School Indianapolis,1800224,20
INDIANA,Phalen Leadership Academy at Louis B Russell School 48,1800225,39
INDIANA,Paramount Online Academy,1800226,36
INDIANA,Promise Prep,1800227,4
INDIANA,Indy Steam Academy,1800228,7
INDIANA,Lawrence County Independent Schools,1800229,55
INDIANA,The Nature School of Central Indiana,1800230,26
INDIANA,Herron Preparatory Academy,1800231,20
INDIANA,Excel Center - Elkhart,1800232,9
INDIANA,South Dearborn Community Sch Corp,1800240,501
INDIANA,Avon Community School Corp,1800270,1579
INDIANA,Barr-Reeve Community Schools Inc,1800330,143
INDIANA,Bartholomew Con School Corp,1800360,1742
INDIANA,Batesville Community School Corp,1800390,355
INDIANA,Baugo Community Schools,1800420,205
INDIANA,Beech Grove City Schools,1800450,570
INDIANA,Benton Community School Corp,1800480,314
INDIANA,Blackford County Schools,1800570,296
INDIANA,Bloomfield School District,1800600,121
INDIANA,Monroe County Community Sch Corp,1800630,1882
INDIANA,Blue River Valley Schools,1800660,114
INDIANA,North Harrison Com School Corp,1800690,420
INDIANA,MSD Bluffton-Harrison,1800720,300
INDIANA,MSD Boone Township,1800750,183
INDIANA,Clay Community Schools,1800840,935
INDIANA,Bremen Public Schools,1800900,230
INDIANA,Brown County School Corporation,1800960,332
INDIANA,Brownsburg Community School Corp,1801020,1372
INDIANA,Brownstown Cnt Com Sch Corp,1801050,269
INDIANA,C A Beard Memorial School Corp,1801060,197
INDIANA,Cannelton City Schools,1801170,54
INDIANA,Carmel Clay Schools,1801200,2120
INDIANA,Medora Community School Corp,1801230,-8
INDIANA,Carroll Consolidated School Corp,1801290,132
INDIANA,Caston School Corporation,1801410,127
INDIANA,Center Grove Community School Corp,1801440,1388
INDIANA,Centerville-Abington Com Schs,1801560,268
INDIANA,DeKalb Co Ctl United Sch Dist,1801590,669
INDIANA,Central Noble Com School Corp,1801710,270
INDIANA,Perry Central Com Schools Corp,1801740,256
INDIANA,Randolph Central School Corp,1801770,320
INDIANA,Clark-Pleasant Community Sch Corp,1801890,1165
INDIANA,Clarksville Community School Corp,1801920,824
INDIANA,Northwestern School Corp,1802040,277
INDIANA,Clinton Central School Corporation,1802130,153
INDIANA,Clinton Prairie School Corporation,1802160,172
INDIANA,South Central Com School Corp,1802190,161
INDIANA,Cloverdale Community Schools,1802220,280
INDIANA,Whitley County Con Schools,1802280,709
INDIANA,Concord Community Schools,1802400,693
INDIANA,Covington Community School Corp,1802430,147
INDIANA,Crawford County Community Sch Corp,1802440,339
INDIANA,Crawfordsville Community Schools,1802460,537
INDIANA,Crown Point Community School Corp,1802490,1229
INDIANA,Culver Community Schools Corp,1802520,146
INDIANA,Danville Community School Corp,1802550,450
INDIANA,Decatur County Community Schools,1802610,341
INDIANA,MSD Decatur Township,1802640,1102
INDIANA,Delaware Community School Corp,1802660,433
INDIANA,Delphi Community School Corp,1802700,141
INDIANA,Duneland School Corporation,1802800,968
INDIANA,Zionsville Community Schools,1802830,904
INDIANA,East Allen County Schools,1802850,1591
INDIANA,School City of East Chicago,1802880,558
INDIANA,Lake Station Community Schools,1802910,222
INDIANA,East Gibson School Corporation,1802940,181
INDIANA,East Noble School Corporation,1802970,659
INDIANA,East Washington School Corp,1803000,278
INDIANA,Eastbrook Community Sch Corp,1803030,308
INDIANA,DeKalb Co Eastern Com Sch Dist,1803060,226
INDIANA,Eastern Greene Schools,1803090,185
INDIANA,Eastern Hancock Co Com Sch Corp,1803120,230
INDIANA,Eastern Howard School Corporation,1803150,253
INDIANA,Randolph Eastern School Corp,1803180,132
INDIANA,Shelby Eastern Schools,1803210,202
INDIANA,Edinburgh Community School Corp,1803240,161
INDIANA,Elkhart Community Schools,1803270,1849
INDIANA,Elwood Community School Corp,1803300,307
INDIANA,Eminence Community School Corp,1803330,73
INDIANA,Evansville Vanderburgh School Corp,1803450,3749
INDIANA,Fairfield Community Schools,1803480,276
INDIANA,Fayette County School Corporation,1803510,614
INDIANA,Flat Rock-Hawcreek School Corp,1803570,181
INDIANA,Fort Wayne Community Schools,1803630,5114
INDIANA,Community Schools of Frankfort,1803660,446
INDIANA,Franklin Community School Corp,1803690,926
INDIANA,Franklin County Community Sch Corp,1803700,417
INDIANA,Lanesville Community School Corp,1803720,101
INDIANA,Franklin Township Com Sch Corp,1803750,1733
INDIANA,Fremont Community Schools,1803780,138
INDIANA,Frontier School Corporation,1803810,111
INDIANA,Garrett-Keyser-Butler Com Sch Corp,1803840,391
INDIANA,Gary Community School Corp,1803870,654
INDIANA,Goshen Community Schools,1803930,870
INDIANA,Greater Clark County Schools,1803940,1835
INDIANA,Greater Jasper Consolidated Schs,1803960,496
INDIANA,Greencastle Community School Corp,1803990,353
INDIANA,Greenfield-Central Com Schools,1804050,694
INDIANA,Greensburg Community Schools,1804080,389
INDIANA,Greenwood Community Sch Corp,1804110,722
INDIANA,Monroe-Gregg School District,1804140,235
INDIANA,Griffith Public Schools,1804170,286
INDIANA,Hamilton Community Schools,1804230,-8
INDIANA,Hamilton Heights School Corp,1804260,361
INDIANA,School City of Hammond,1804320,1477
INDIANA,Hanover Community School Corp,1804350,395
INDIANA,Western School Corporation,1804470,350
INDIANA,Wes-Del Community Schools,1804500,127
INDIANA,School Town of Highland,1804560,485
INDIANA,School City of Hobart,1804590,734
INDIANA,River Forest Community Sch Corp,1804620,284
INDIANA,Huntington Co Com Sch Corp,1804710,981
INDIANA,Indianapolis Public Schools,1804770,3967
INDIANA,Jac-Cen-Del Community Sch Corp,1804800,173
INDIANA,Jay School Corporation,1804980,802
INDIANA,Jennings County School Corporation,1805190,987
INDIANA,Kankakee Valley School Corp,1805280,560
INDIANA,Knox Community School Corp,1805340,254
INDIANA,Kokomo School Corporation,1805370,828
INDIANA,Lafayette School Corporation,1805400,1544
INDIANA,Lake Central School Corporation,1805450,1384
INDIANA,Lake Ridge New Tech Schools,1805460,288
INDIANA,Lakeland School Corporation,1805520,357
INDIANA,Wawasee Community School Corp,1805550,506
INDIANA,LaPorte Community School Corp,1805580,1081
INDIANA,MSD Lawrence Township,1805670,2146
INDIANA,Lawrenceburg Community School Corp,1805700,452
INDIANA,Lebanon Community School Corp,1805790,832
INDIANA,Liberty-Perry Community Sch Corp,1805880,222
INDIANA,Linton-Stockton School Corporation,1805910,179
INDIANA,Logansport Community Sch Corp,1806030,533
INDIANA,Loogootee Community Sch Corp,1806060,154
INDIANA,MSD Warren County,1806080,271
INDIANA,Maconaquah School Corp,1806090,356
INDIANA,Madison Consolidated Schools,1806120,466
INDIANA,Madison-Grant United School Corp,1806240,307
INDIANA,Manchester Community Schools,1806270,186
INDIANA,Marion Community Schools,1806390,593
INDIANA,Sheridan Community Schools,1806480,222
INDIANA,MSD Martinsville Schools,1806510,844
INDIANA,Michigan City Area Schools,1806570,1201
INDIANA,Middlebury Community Schools,1806600,530
INDIANA,Milan Community Schools,1806630,215
INDIANA,Mill Creek Community Sch Corp,1806660,311
INDIANA,School City of Mishawaka,1806840,927
INDIANA,Mississinewa Community School Corp,1806870,455
INDIANA,Mitchell Community Schools,1806900,336
INDIANA,Cowan Community School Corp,1807020,-8
INDIANA,Monroe Central School Corp,1807080,208
INDIANA,Eastern Pulaski Community Sch Corp,1807110,164
INDIANA,Mooresville Con School Corp,1807140,701
INDIANA,Yorktown Community Schools,1807230,366
INDIANA,Mt Vernon Community School Corp,1807260,707
INDIANA,MSD Mount Vernon,1807290,555
INDIANA,Muncie Community Schools,1807320,1000
INDIANA,School Town of Munster,1807350,530
INDIANA,Nettle Creek School Corporation,1807380,190
INDIANA,New Albany-Floyd Co Con Sch,1807410,2392
INDIANA,New Castle Community School Corp,1807440,652
INDIANA,MSD of New Durham Township,1807470,179
INDIANA,New Prairie United School Corp,1807560,526
INDIANA,Nineveh-Hensley-Jackson United,1807620,324
INDIANA,Noblesville Schools,1807650,1826
INDIANA,North Adams Community Schools,1807680,322
INDIANA,North Daviess Com Schools,1807710,185
INDIANA,North Gibson School Corporation,1807770,490
INDIANA,North Judson-San Pierre Sch Corp,1807800,189
INDIANA,North Knox School Corp,1807830,222
INDIANA,North Lawrence Com Schools,1807860,723
INDIANA,North Miami Community Schools,1807890,138
INDIANA,North Montgomery Com Sch Corp,1807900,379
INDIANA,North Newton School Corp,1807920,276
INDIANA,MSD North Posey Co Schools,1807950,274
INDIANA,North Putnam Community Schools,1807980,274
INDIANA,North Spencer County Sch Corp,1808010,416
INDIANA,Tri-Central Community Schools,1808040,121
INDIANA,North Vermillion Com Sch Corp,1808070,122
INDIANA,North West Hendricks Schools,1808100,294
INDIANA,Northeast Dubois Co Sch Corp,1808120,160
INDIANA,North White School Corp,1808130,129
INDIANA,Northeast School Corp,1808160,173
INDIANA,Northeastern Wayne Schools,1808190,220
INDIANA,Northern Wells Community Schools,1808220,357
INDIANA,Northwest Allen County Schools,1808250,1204
INDIANA,Shenandoah School Corporation,1808280,234
INDIANA,Northwestern Con School Corp,1808310,209
INDIANA,Oak Hill United School Corp,1808340,208
INDIANA,Oregon-Davis School Corp,1808460,91
INDIANA,Orleans Community Schools,1808490,187
INDIANA,Paoli Community School Corp,1808640,205
INDIANA,Penn-Harris-Madison School Corp,1808760,1342
INDIANA,Perry Township Schools,1808820,2664
INDIANA,Peru Community Schools,1808850,312
INDIANA,Pike County School Corp,1808900,291
INDIANA,MSD Pike Township,1808910,1481
INDIANA,Pioneer Regional School Corp,1808940,121
INDIANA,Plainfield Community School Corp,1808970,1016
INDIANA,East Porter County School Corp,1809000,407
INDIANA,Plymouth Community School Corp,1809060,420
INDIANA,John Glenn School Corporation,1809120,302
INDIANA,Portage Township Schools,1809150,1247
INDIANA,Porter Township School Corp,1809180,261
INDIANA,Prairie Heights Community Sch Corp,1809300,282
INDIANA,West Central School Corp,1809360,130
INDIANA,Rensselaer Central School Corp,1809420,267
INDIANA,Richland-Bean Blossom C S C,1809480,458
INDIANA,Richmond Community Schools,1809510,1125
INDIANA,Rising Sun-Ohio Co Com,1809600,180
INDIANA,Rochester Community School Corp,1809630,230
INDIANA,Merrillville Community School Corp,1809690,970
INDIANA,Rossville Con School District,1809720,137
INDIANA,Rush County Schools,1809750,348
INDIANA,Salem Community Schools,1809810,393
INDIANA,Daleville Community Schools,1809840,-8
INDIANA,Scott County School District 1,1809990,267
INDIANA,Scott County School District 2,1810020,541
INDIANA,Seymour Community Schools,1810080,896
INDIANA,MSD Shakamak Schools,1810110,123
INDIANA,Shelbyville Central Schools,1810140,662
INDIANA,Shoals Community School Corp,1810170,187
INDIANA,Smith-Green Community Schools,1810230,189
INDIANA,South Adams Schools,1810260,241
INDIANA,South Bend Community School Corp,1810290,3048
INDIANA,South Gibson School Corporation,1810350,455
INDIANA,South Harrison Com Schools,1810360,576
INDIANA,South Henry School Corp,1810380,133
INDIANA,South Knox School Corp,1810410,194
INDIANA,South Madison Com Sch Corp,1810440,691
INDIANA,South Montgomery Com Sch Corp,1810450,284
INDIANA,South Newton School Corp,1810470,150
INDIANA,South Putnam Community Schools,1810500,244
INDIANA,South Ripley Com Sch Corp,1810530,233
INDIANA,South Spencer County Sch Corp,1810560,237
INDIANA,South Vermillion Com Sch Corp,1810590,303
INDIANA,Southeast Fountain School Corp,1810620,164
INDIANA,Southeast Dubois Co Sch Corp,1810640,203
INDIANA,Hamilton Southeastern Schools,1810650,2178
INDIANA,Lewis Cass Schools,1810680,189
INDIANA,Southern Hancock Co Com Sch Corp,1810710,583
INDIANA,Randolph Southern School Corp,1810740,111
INDIANA,Southern Wells Com Schools,1810770,108
INDIANA,Southwestern-Jefferson Co Con,1810800,192
INDIANA,Southwestern Con Sch Shelby Co,1810830,86
INDIANA,Southwest School Corporation,1810860,303
INDIANA,Southwest Dubois Co Sch Corp,1810870,283
INDIANA,Southwest Parke Com Sch Corp,1810900,201
INDIANA,School Town of Speedway,1810920,229
INDIANA,Spencer-Owen Community Schools,1810950,474
INDIANA,Springs Valley Com School Corp,1810980,141
INDIANA,MSD Steuben County,1811100,399
INDIANA,Sunman-Dearborn Com Sch Corp,1811190,665
INDIANA,Switzerland County School Corp,1811220,298
INDIANA,Taylor Community School Corp,1811250,221
INDIANA,Tell City-Troy Twp School Corp,1811260,316
INDIANA,Tippecanoe School Corp,1811340,2369
INDIANA,Tippecanoe Valley School Corp,1811370,337
INDIANA,Tipton Community School Corp,1811400,230
INDIANA,Tri-County School Corporation,1811430,138
INDIANA,Tri-Creek School Corporation,1811460,498
INDIANA,Triton School Corporation,1811490,117
INDIANA,Twin Lakes School Corp,1811580,339
INDIANA,Union Co/Clg Corner Joint Sch Dist,1811610,262
INDIANA,Union Township School Corp,1811700,238
INDIANA,Union School Corporation,1811730,1558
INDIANA,Union-North United School Corp,1811910,196
INDIANA,Valparaiso Community Schools,1811970,1080
INDIANA,Crothersville Community Schools,1812060,-8
INDIANA,Vigo County School Corp,1812090,2860
INDIANA,Vincennes Community School Corp,1812120,480
INDIANA,Wabash City Schools,1812150,252
INDIANA,MSD Wabash County Schools,1812180,353
INDIANA,Wa-Nee Community Schools,1812240,386
INDIANA,MSD Warren Township,1812360,1777
INDIANA,Warrick County School Corp,1812390,2127
INDIANA,Warsaw Community Schools,1812420,1210
INDIANA,Washington Community Schools,1812450,719
INDIANA,MSD Washington Township,1812720,1677
INDIANA,MSD Wayne Township,1812810,2282
INDIANA,West Lafayette Com School Corp,1812870,216
INDIANA,Frankton-Lapel Community Schools,1812880,569
INDIANA,West Noble School Corporation,1812900,334
INDIANA,West Washington School Corp,1812930,234
INDIANA,Western Boone Co Com Sch Dist,1812990,259
INDIANA,Western Wayne Schools,1813050,133
INDIANA,Westfield-Washington Schools,1813080,1337
INDIANA,Westview School Corporation,1813110,286
INDIANA,School City of Whiting,1813200,160
INDIANA,Whitko Community School Corp,1813230,284
INDIANA,The Genius School,1813231,8
INDIANA,Springville Community Academy,1813232,38
INDIANA,Liberty Grove Schools,1813233,35
INDIANA,Monarca Academy,1813234,-8
IOWA,North Fayette Valley Comm School District,1900006,214
IOWA,Colfax-Mingo Comm School District,1900009,101
IOWA,Sibley-Ocheyedan Comm School District,1900015,81
IOWA,Okoboji Comm School District,1900021,144
IOWA,Union Comm School District,1900022,161
IOWA,Sioux Central Comm School District,1900023,-8
IOWA,South Central Calhoun Comm School District,1900024,122
IOWA,Panorama Comm School District,1900025,102
IOWA,South O'Brien  Comm School District,1900026,123
IOWA,Riverside Comm School District,1900027,90
IOWA,Prairie Valley Comm School District,1900028,71
IOWA,Albert City-Truesdale Comm School District,1900031,33
IOWA,Alden Comm School District,1900032,23
IOWA,East Marshall Comm School District,1900040,61
IOWA,GMG Comm School District,1900060,-8
IOWA,Choice Charter Schools,1900488,0
IOWA,AGWSR Comm School District,1903060,109
IOWA,Adair-Casey Comm School District,1903090,-8
IOWA,Adel DeSoto Minburn Comm School District,1903150,217
IOWA,Akron Westfield Comm School District,1903220,73
IOWA,Albia Comm School District,1903270,141
IOWA,Alburnett Comm School District,1903300,54
IOWA,Algona Comm School District,1903360,227
IOWA,Allamakee Comm School District,1903390,166
IOWA,North Butler Comm School District,1903450,71
IOWA,Alta-Aurelia Comm School District,1903480,88
IOWA,Ames Comm School District,1903540,597
IOWA,Anamosa Comm School District,1903570,143
IOWA,Andrew Comm School District,1903630,32
IOWA,Ankeny Comm School District,1903690,1359
IOWA,Aplington-Parkersburg Comm School District,1903750,118
IOWA,Ar-We-Va Comm School District,1903780,36
IOWA,North Union Comm School District,1903850,-8
IOWA,Atlantic Comm School District,1903930,214
IOWA,Audubon Comm School District,1903960,83
IOWA,AHSTW Comm School District,1904080,99
IOWA,Ballard Comm School District,1904200,220
IOWA,Baxter Comm School District,1904380,41
IOWA,BCLUW Comm School District,1904440,61
IOWA,Bedford Comm School District,1904560,-8
IOWA,Belle Plaine Comm School District,1904620,50
IOWA,Bellevue Comm School District,1904650,67
IOWA,Belmond-Klemme Comm School District,1904680,102
IOWA,Bennett Comm School District,1904740,-8
IOWA,Benton Comm School District,1904830,172
IOWA,Bettendorf Comm School District,1904860,514
IOWA,Eddyville-Blakesburg- Fremont CSD,1904950,90
IOWA,Bondurant-Farrar Comm School District,1905070,294
IOWA,Boone Comm School District,1905130,350
IOWA,Boyden-Hull Comm School District,1905190,98
IOWA,West Hancock Comm School District,1905430,-8
IOWA,Brooklyn-Guernsey-Malcom Comm School District,1905490,88
IOWA,North Iowa Comm School District,1905750,64
IOWA,Burlington Comm School District,1905790,742
IOWA,CAM Comm School District,1905940,57
IOWA,CAL Comm School District,1905970,29
IOWA,Calamus-Wheatland Comm School District,1906000,43
IOWA,Camanche Comm School District,1906060,110
IOWA,Cardinal Comm School District,1906240,91
IOWA,Carlisle Comm School District,1906270,215
IOWA,Carroll Comm School District,1906330,268
IOWA,Cedar Falls Comm School District,1906510,698
IOWA,Cedar Rapids Comm School District,1906540,2469
IOWA,Center Point-Urbana Comm School District,1906660,125
IOWA,Centerville Comm School District,1906750,193
IOWA,Central City Comm School District,1906780,41
IOWA,Central DeWitt School District,1906810,184
IOWA,Central Comm School District,1906840,61
IOWA,Central Decatur Comm School District,1906900,106
IOWA,Central Lee Comm School District,1906930,109
IOWA,Central Lyon Comm School District,1906960,94
IOWA,Chariton Comm School District,1907050,177
IOWA,Charles City Comm School District,1907080,290
IOWA,Charter Oak-Ute Comm School District,1907110,45
IOWA,Cherokee Comm School District,1907170,130
IOWA,Clarinda Comm School District,1907350,119
IOWA,Clarion-Goldfield-Dows Comm School District,1907380,117
IOWA,Clarke Comm School District,1907410,190
IOWA,Clarksville Comm School District,1907440,44
IOWA,Clay Central-Everly Comm School District,1907470,-8
IOWA,Clear Creek Amana Comm School District,1907590,395
IOWA,Clear Lake Comm School District,1907620,132
IOWA,Clinton Comm School District,1907710,683
IOWA,College Comm School District,1907860,622
IOWA,Collins-Maxwell Comm School District,1907900,70
IOWA,Colo-NESCO  Comm School District,1907920,60
IOWA,Columbus Comm School District,1907980,101
IOWA,Coon Rapids-Bayard Comm School District,1908070,-8
IOWA,Corning Comm School District,1908130,50
IOWA,Council Bluffs Comm School District,1908220,1713
IOWA,Creston Comm School District,1908310,199
IOWA,Dallas Center-Grimes Comm School District,1908520,364
IOWA,Danville  Comm School District,1908550,-8
IOWA,Davenport Comm School District,1908580,2231
IOWA,Davis County Comm School District,1908610,154
IOWA,Decorah Community School District,1908730,218
IOWA,Delwood Comm School District,1908880,-8
IOWA,Denison Comm School District,1908910,227
IOWA,Denver Comm School District,1908940,81
IOWA,Des Moines Independent Comm School District,1908970,5145
IOWA,Diagonal Comm School District,1909060,13
IOWA,Dike-New Hartford Comm School District,1909120,114
IOWA,Dubuque Comm School District,1909480,1752
IOWA,Dunkerton Comm School District,1909540,61
IOWA,Boyer Valley Comm School District,1909570,34
IOWA,Durant Comm School District,1909600,58
IOWA,Eagle Grove Comm School District,1909990,141
IOWA,Earlham Comm School District,1910050,42
IOWA,East Buchanan Comm School District,1910110,84
IOWA,Easton Valley Comm School District,1910130,96
IOWA,River Valley Comm School District,1910340,55
IOWA,East Union Comm School District,1910350,70
IOWA,Eastern Allamakee Comm School District,1910410,56
IOWA,Edgewood-Colesburg Comm School District,1910500,-8
IOWA,Eldora-New Providence Comm School District,1910690,106
IOWA,Emmetsburg Comm School District,1910950,108
IOWA,English Valleys Comm School District,1910980,-8
IOWA,Essex Comm School District,1911040,-8
IOWA,Estherville Lincoln Central Com Sch Dist,1911070,170
IOWA,Exira-Elk Horn- Kimballton Comm Sch Dist,1911250,59
IOWA,Fairfield Comm School District,1911340,226
IOWA,Forest City Comm School District,1911790,155
IOWA,Fort Dodge Comm School District,1911820,554
IOWA,Fort Madison Comm School District,1911850,384
IOWA,Fremont-Mills Comm School District,1912120,80
IOWA,Galva-Holstein Comm School District,1912230,53
IOWA,Garner-Hayfield-Ventura Comm School District,1912330,86
IOWA,George-Little Rock Comm School District,1912480,-8
IOWA,Gilbert Comm School District,1912510,128
IOWA,Gilmore City-Bradgate Comm School District,1912600,34
IOWA,Gladbrook-Reinbeck Comm School District,1912660,87
IOWA,Glenwood Comm School District,1912690,234
IOWA,Glidden-Ralston Comm School District,1912750,35
IOWA,Graettinger-Terril Comm School District,1912810,-8
IOWA,Nodaway Valley Comm School District,1913110,97
IOWA,Grinnell-Newburg Comm School District,1913200,204
IOWA,Griswold Comm School District,1913230,84
IOWA,Grundy Center Comm School District,1913290,97
IOWA,Guthrie Center Comm School District,1913320,-8
IOWA,Clayton Ridge Comm School District,1913350,69
IOWA,H-L-V Comm School District,1913380,-8
IOWA,Hamburg Comm School District,1913440,-8
IOWA,Hampton-Dumont Comm School District,1913470,146
IOWA,Harlan Comm School District,1913500,189
IOWA,Hartley-Melvin-Sanborn Comm School District,1913660,100
IOWA,Highland  Comm School District,1914010,72
IOWA,Hinton Comm School District,1914160,47
IOWA,Howard-Winneshiek Comm School District,1914280,180
IOWA,Hubbard-Radcliffe Comm School District,1914310,41
IOWA,Hudson Comm School District,1914340,87
IOWA,Humboldt Comm School District,1914370,167
IOWA,Independence Comm School District,1914580,188
IOWA,Indianola Comm School District,1914640,522
IOWA,Interstate 35 Comm School District,1914670,105
IOWA,Iowa City Comm School District,1914700,1591
IOWA,Iowa Falls Comm School District,1914730,119
IOWA,Iowa Valley Comm School District,1914850,61
IOWA,IKM-Manning Comm School District,1914880,86
IOWA,Janesville Consolidated School District,1915180,59
IOWA,Greene County Comm School District,1915210,160
IOWA,Jesup Comm School District,1915330,90
IOWA,Johnston Comm School District,1915450,753
IOWA,Keokuk Comm School District,1915630,323
IOWA,Keota Comm School District,1915660,50
IOWA,Kingsley-Pierson Comm School District,1915750,68
IOWA,Knoxville Comm School District,1915840,256
IOWA,Lake Mills Comm School District,1916110,72
IOWA,Harris-Lake Park Comm School District,1916140,-8
IOWA,Lamoni Comm School District,1916320,56
IOWA,Laurens-Marathon Comm School District,1916420,55
IOWA,Lawton-Bronson Comm School District,1916440,58
IOWA,Le Mars Comm School District,1916530,321
IOWA,Lenox Comm School District,1916620,50
IOWA,Lewis Central Comm School District,1916680,355
IOWA,North Cedar Comm School District,1917100,125
IOWA,Linn-Mar Comm School District,1917220,848
IOWA,Lisbon Comm School District,1917250,77
IOWA,Logan-Magnolia Comm School District,1917460,55
IOWA,Lone Tree Comm School District,1917550,40
IOWA,Louisa-Muscatine Comm School District,1917820,80
IOWA,LuVerne Comm School District,1917880,29
IOWA,Lynnville-Sully Comm School District,1918030,-8
IOWA,MFL MarMac Comm School District,1918120,91
IOWA,Madrid Comm School District,1918180,95
IOWA,East Mills Comm School District,1918240,86
IOWA,Manson Northwest Webster Comm School District,1918330,68
IOWA,Maple Valley-Anthon Oto Comm School District,1918480,-8
IOWA,Maquoketa Comm School District,1918510,229
IOWA,Maquoketa Valley Comm School District,1918540,76
IOWA,Marcus-Meriden-Cleghorn Comm School District,1918630,50
IOWA,Marion Independent School District,1918690,271
IOWA,Marshalltown Comm School District,1918720,782
IOWA,Martensdale-St Marys Comm School District,1918750,45
IOWA,Mason City Comm School District,1918780,551
IOWA,MOC-Floyd Valley Comm School District,1918840,205
IOWA,Mediapolis Comm School District,1918930,107
IOWA,Melcher-Dallas Comm School District,1918960,-8
IOWA,Mid-Prairie Comm School District,1919140,148
IOWA,Midland Comm School District,1919200,82
IOWA,Missouri Valley Comm School District,1919440,116
IOWA,Montezuma Comm School District,1919590,52
IOWA,Monticello Comm School District,1919650,145
IOWA,Moravia Comm School District,1919710,50
IOWA,Mormon Trail Comm School District,1919740,48
IOWA,Morning Sun Comm School District,1919770,-8
IOWA,Moulton-Udell Comm School District,1919800,20
IOWA,Mount Ayr Comm School District,1919860,96
IOWA,Mount Pleasant Comm School District,1919890,270
IOWA,Mount Vernon Comm School District,1920040,117
IOWA,Murray Comm School District,1920100,33
IOWA,Muscatine Comm School District,1920130,613
IOWA,Nashua-Plainfield Comm School District,1920190,78
IOWA,Nevada Comm School District,1920250,175
IOWA,New Hampton Comm School District,1920340,109
IOWA,New London Comm School District,1920460,-8
IOWA,Newell-Fonda Comm School District,1920580,59
IOWA,Newton Comm School District,1920610,504
IOWA,Central Springs Comm School District,1920760,104
IOWA,North Linn Comm School District,1920820,53
IOWA,North Kossuth Comm School District,1920830,-8
IOWA,North Mahaska Comm School District,1920850,84
IOWA,North Polk Comm School District,1920910,166
IOWA,North Scott Comm School District,1920940,313
IOWA,North Tama County Comm School District,1921000,62
IOWA,Northeast Comm School District,1921090,64
IOWA,Northwood-Kensett Comm School District,1921210,71
IOWA,Norwalk Comm School District,1921240,413
IOWA,Odebolt Arthur Battle Creek Ida Grove Comm School District,1921600,128
IOWA,Oelwein Comm School District,1921630,283
IOWA,Ogden Comm School District,1921660,48
IOWA,Olin Consolidated School District,1921720,-8
IOWA,Orient-Macksburg Comm School District,1921810,36
IOWA,Osage Comm School District,1921840,88
IOWA,Oskaloosa Comm School District,1921870,299
IOWA,Ottumwa Comm School District,1922110,671
IOWA,Paton-Churdan Comm School District,1922380,-8
IOWA,Pekin Comm School District,1922440,76
IOWA,Pella Comm School District,1922470,236
IOWA,Perry Comm School District,1922530,300
IOWA,Pleasant Valley Comm School District,1923110,404
IOWA,Pleasantville Comm School District,1923160,112
IOWA,Pocahontas Area Comm School District,1923190,102
IOWA,Postville Comm School District,1923340,102
IOWA,Red Oak Comm School District,1924000,159
IOWA,Remsen-Union Comm School District,1924120,57
IOWA,Riceville Comm School District,1924150,32
IOWA,Rock Valley Comm School District,1924660,83
IOWA,Roland-Story Comm School District,1924870,109
IOWA,Rudd-Rockford-Marble Rk Comm School District,1924960,64
IOWA,Ruthven-Ayrshire Comm School District,1925050,-8
IOWA,St Ansgar Comm School District,1925200,58
IOWA,Saydel Comm School District,1925320,149
IOWA,Schaller-Crestland Comm School District,1925380,48
IOWA,Schleswig Comm School District,1925410,-8
IOWA,Sergeant Bluff-Luton Comm School District,1925590,181
IOWA,Seymour Comm School District,1925620,-8
IOWA,West Fork Comm School District,1925920,90
IOWA,Sheldon Comm School District,1925980,148
IOWA,Shenandoah Comm School District,1926070,156
IOWA,Sidney Comm School District,1926250,-8
IOWA,Sigourney Comm School District,1926280,71
IOWA,Sioux Center Comm School District,1926370,180
IOWA,Sioux City Comm School District,1926400,2142
IOWA,Solon Comm School District,1926580,118
IOWA,South Hamilton Comm School District,1926640,78
IOWA,South Page Comm School District,1926670,27
IOWA,South Tama County,1926730,223
IOWA,South Winneshiek Comm School District,1926790,-8
IOWA,Southeast Polk Comm School District,1926820,978
IOWA,Southeast Warren Comm School District,1926850,-8
IOWA,Spencer Comm School District,1926910,369
IOWA,Spirit Lake Comm School District,1927000,137
IOWA,Springville Comm School District,1927060,53
IOWA,Stanton Comm School District,1927240,-8
IOWA,Starmont Comm School District,1927270,104
IOWA,Storm Lake Comm School District,1927390,307
IOWA,Stratford Comm School District,1927480,-8
IOWA,West Central Valley Comm School District,1927500,141
IOWA,Sumner-Fredericksburg Comm School District,1927600,121
IOWA,Tipton Comm School District,1927870,146
IOWA,Treynor Comm School District,1927960,-8
IOWA,Tri-Center Comm School District,1927990,-8
IOWA,Tri-County Comm School District,1928020,43
IOWA,Tripoli Comm School District,1928050,56
IOWA,Turkey Valley Comm School District,1928110,48
IOWA,Twin Cedars Comm School District,1928170,73
IOWA,Twin Rivers Comm School District,1928200,-8
IOWA,Underwood Comm School District,1928230,78
IOWA,United Comm School District,1928560,41
IOWA,Urbandale Comm School District,1928680,439
IOWA,Van Buren County Comm School District,1928980,154
IOWA,Van Meter Comm School District,1929010,65
IOWA,Villisca Comm School District,1929280,44
IOWA,Vinton-Shellsburg Comm School District,1929310,245
IOWA,Waco Comm School District,1929490,-8
IOWA,East Sac County Comm School District,1929580,129
IOWA,Wapello Comm School District,1929730,-8
IOWA,Wapsie Valley Comm School District,1929760,76
IOWA,Washington Comm School District,1930240,224
IOWA,Waterloo Comm School District,1930480,1893
IOWA,Waukee Comm School District,1930510,1308
IOWA,Waverly-Shell Rock Comm School District,1930540,249
IOWA,Wayne Comm School District,1930560,102
IOWA,Webster City Comm School District,1930630,204
IOWA,West Bend-Mallard Comm School District,1930720,-8
IOWA,West Branch Comm School District,1930750,107
IOWA,West Burlington Ind School District,1930780,49
IOWA,West Central Comm School District,1930870,-8
IOWA,West Delaware County Comm School District,1930900,198
IOWA,West Des Moines Comm School District,1930930,1026
IOWA,West Harrison Comm School District,1930960,61
IOWA,West Liberty Comm School District,1930990,139
IOWA,West Lyon Comm School District,1931020,-8
IOWA,West Marshall Comm School District,1931080,75
IOWA,West Monona Comm School District,1931110,110
IOWA,West Sioux Comm School District,1931290,107
IOWA,Western Dubuque Comm School District,1931350,450
IOWA,Westwood Comm School District,1931470,67
IOWA,Whiting Comm School District,1931620,26
IOWA,Williamsburg Comm School District,1931680,125
IOWA,Wilton Comm School District,1931800,86
IOWA,Winfield-Mt Union Comm School District,1931830,44
IOWA,Winterset Comm School District,1931860,188
IOWA,Woodbine Comm School District,1931920,67
IOWA,Woodbury Central Comm School District,1931950,71
IOWA,Woodward-Granger Comm School District,1932010,119
IOWA,PCM Comm School District,1999017,126
IOWA,Southeast Webster Grand Comm School District,1999019,-8
KANSAS,Southeast Of Saline,2000001,76
KANSAS,Smoky Valley,2000002,110
KANSAS,Wamego,2000003,275
KANSAS,Rock Creek,2000004,182
KANSAS,Hiawatha,2000006,183
KANSAS,Smith Center,2000007,74
KANSAS,Barnes,2000012,47
KANSAS,Triplains,2000013,-8
KANSAS,Central Heights,2000014,112
KANSAS,Ottawa,2000015,361
KANSAS,Marysville,2000016,151
KANSAS,Scott County,2000017,84
KANSAS,School for Blind,2000018,33
KANSAS,School for Deaf,2000019,118
KANSAS,Western Plains,2000020,-8
KANSAS,St. Hosp. Training Center Parsons,2000022,16
KANSAS,Rawlins County,2000023,-8
KANSAS,Department of Corrections,2000024,52
KANSAS,Washington Co. Schools,2000028,58
KANSAS,Rock Hills,2000029,62
KANSAS,Republic County,2000030,81
KANSAS,Thunder Ridge Schools,2000346,40
KANSAS,Doniphan West Schools,2000348,80
KANSAS,Central Plains,2000349,101
KANSAS,Prairie Hills,2000350,119
KANSAS,Riverside,2000351,132
KANSAS,Nemaha Central,2000353,87
KANSAS,Abilene,2003180,236
KANSAS,Auburn Washburn,2003200,1019
KANSAS,North Lyon County,2003210,59
KANSAS,Wabaunsee,2003240,53
KANSAS,Northern Valley,2003270,22
KANSAS,Labette County,2003300,242
KANSAS,Andover,2003360,732
KANSAS,Chaparral Schools,2003390,149
KANSAS,Argonia Public Schools,2003430,-8
KANSAS,Arkansas City,2003450,659
KANSAS,Northeast,2003480,111
KANSAS,Ashland,2003510,29
KANSAS,Atchison Public Schools,2003540,354
KANSAS,Attica,2003570,42
KANSAS,Augusta,2003630,311
KANSAS,Baldwin City,2003720,207
KANSAS,Basehor-Linwood,2003780,422
KANSAS,Baxter Springs,2003810,149
KANSAS,Beloit,2003870,139
KANSAS,Belle Plaine,2003900,131
KANSAS,Twin Valley,2003960,110
KANSAS,Otis-Bison,2004020,29
KANSAS,Bonner Springs,2004050,368
KANSAS,Brewster,2004080,24
KANSAS,Bucklin,2004140,-8
KANSAS,Altoona-Midway,2004170,-8
KANSAS,Buhler,2004200,382
KANSAS,Central,2004230,52
KANSAS,Burlingame Public School,2004260,71
KANSAS,Burlington,2004290,138
KANSAS,Burrton,2004350,-8
KANSAS,Caldwell,2004380,40
KANSAS,Caney Valley,2004410,104
KANSAS,Canton-Galva,2004440,61
KANSAS,Waconda,2004470,49
KANSAS,Cedar Vale,2004500,41
KANSAS,Vermillion,2004560,62
KANSAS,Chanute Public Schools,2004590,306
KANSAS,Chapman,2004620,189
KANSAS,Chase-Raymond,2004650,36
KANSAS,Cheney,2004670,140
KANSAS,Cherokee,2004710,87
KANSAS,Cherryvale,2004740,99
KANSAS,Chetopa-St. Paul,2004770,62
KANSAS,Cheylin,2004790,17
KANSAS,Cimarron-Ensign,2004800,75
KANSAS,North Jackson,2004830,55
KANSAS,Clay County,2004890,233
KANSAS,Clearwater,2004920,203
KANSAS,Clifton-Clyde,2004950,43
KANSAS,Coffeyville,2004980,249
KANSAS,Colby Public Schools,2005010,125
KANSAS,Comanche County,2005040,65
KANSAS,Columbus,2005070,182
KANSAS,Concordia,2005100,120
KANSAS,Conway Springs,2005130,87
KANSAS,Copeland,2005190,-8
KANSAS,Chase County,2005250,-8
KANSAS,Morris County,2005280,127
KANSAS,Pike Valley,2005310,36
KANSAS,Cunningham,2005370,39
KANSAS,Deerfield,2005400,31
KANSAS,Derby,2005460,1261
KANSAS,De Soto,2005490,688
KANSAS,Dexter,2005520,82
KANSAS,Dighton,2005550,49
KANSAS,Dodge City,2005580,794
KANSAS,Douglass Public Schools,2005610,139
KANSAS,Easton,2005640,85
KANSAS,Atchison Co Comm Schools,2005700,93
KANSAS,El Dorado,2005730,394
KANSAS,Elk Valley,2005760,30
KANSAS,Elkhart,2005790,157
KANSAS,Ell-Saline,2005800,60
KANSAS,Ellinwood Public Schools,2005820,81
KANSAS,Ellis,2005850,65
KANSAS,Ellsworth,2005870,97
KANSAS,Emporia,2005940,694
KANSAS,Erie-Galesburg,2006000,77
KANSAS,Mission Valley,2006060,75
KANSAS,Eudora,2006090,271
KANSAS,Eureka,2006120,88
KANSAS,Fort Scott,2006180,347
KANSAS,Fowler,2006210,6
KANSAS,Remington-Whitewater,2006240,66
KANSAS,Fredonia,2006270,120
KANSAS,Frontenac Public Schools,2006300,112
KANSAS,Fort Leavenworth,2006330,166
KANSAS,Galena,2006360,166
KANSAS,Garden City,2006390,946
KANSAS,Gardner Edgerton,2006420,979
KANSAS,Garnett,2006450,195
KANSAS,Girard,2006480,124
KANSAS,Southern Cloud,2006510,27
KANSAS,Goddard,2006540,997
KANSAS,Goessel,2006570,50
KANSAS,Goodland,2006580,120
KANSAS,Wheatland,2006630,-8
KANSAS,Great Bend,2006660,500
KANSAS,Greeley County Schools,2006690,-8
KANSAS,Kiowa County,2006720,50
KANSAS,Grinnell Public Schools,2006780,13
KANSAS,Halstead,2006840,129
KANSAS,Hamilton,2006870,-8
KANSAS,Southern Lyon County,2006930,72
KANSAS,Haven Public Schools,2006960,122
KANSAS,Haviland,2006990,13
KANSAS,Hays,2007020,578
KANSAS,Haysville,2007050,941
KANSAS,Healy Public Schools,2007080,11
KANSAS,Herington,2007110,99
KANSAS,Hesston,2007170,82
KANSAS,Graham County,2007260,63
KANSAS,Durham-Hillsboro-Lehigh,2007290,105
KANSAS,Hoisington,2007320,127
KANSAS,Holcomb,2007350,90
KANSAS,Holton,2007380,116
KANSAS,Rural Vista,2007440,42
KANSAS,South Brown County,2007470,123
KANSAS,West Elk,2007500,129
KANSAS,Hoxie Community Schools,2007530,48
KANSAS,Hugoton Public Schools,2007560,113
KANSAS,Humboldt,2007590,119
KANSAS,Hutchinson Public Schools,2007620,854
KANSAS,Independence,2007650,336
KANSAS,Ingalls,2007680,-8
KANSAS,Inman,2007710,79
KANSAS,Iola,2007740,225
KANSAS,Jayhawk,2007750,90
KANSAS,Hodgeman County Schools,2007800,31
KANSAS,Stanton County,2007860,28
KANSAS,Geary County Schools,2007890,1199
KANSAS,Kansas City,2007950,2633
KANSAS,Kaw Valley,2007970,201
KANSAS,Crest,2008040,-8
KANSAS,Kingman - Norwich,2008070,216
KANSAS,Kinsley-Offerle,2008100,39
KANSAS,South Barber,2008130,57
KANSAS,Kismet-Plains,2008190,79
KANSAS,LaCrosse,2008220,54
KANSAS,Prairie View,2008250,188
KANSAS,Lakin,2008280,82
KANSAS,Fairfield,2008310,47
KANSAS,Lansing,2008340,447
KANSAS,Ft Larned,2008370,188
KANSAS,Lawrence,2008400,1584
KANSAS,Leavenworth,2008430,620
KANSAS,Bluestem,2008550,86
KANSAS,Leoti,2008610,48
KANSAS,LeRoy-Gridley,2008670,16
KANSAS,Lewis,2008700,19
KANSAS,Liberal,2008730,539
KANSAS,Lincoln,2008790,-8
KANSAS,Little River,2008880,39
KANSAS,Logan,2008910,-8
KANSAS,Centre,2008940,48
KANSAS,Louisburg,2008970,180
KANSAS,Lyndon,2009000,59
KANSAS,Lyons,2009030,131
KANSAS,Macksville,2009060,-8
KANSAS,Madison-Virgil,2009090,42
KANSAS,Maize,2009140,1245
KANSAS,Manhattan-Ogden,2009180,1205
KANSAS,Marion-Florence,2009240,87
KANSAS,Royal Valley,2009320,103
KANSAS,McLouth,2009360,94
KANSAS,McPherson,2009390,461
KANSAS,Meade,2009420,59
KANSAS,Barber County North,2009450,98
KANSAS,Marais Des Cygnes Valley,2009480,39
KANSAS,Jefferson West,2009510,153
KANSAS,North Ottawa County,2009570,113
KANSAS,Minneola,2009600,-8
KANSAS,Montezuma,2009630,25
KANSAS,Marmaton Valley,2009660,-8
KANSAS,Moscow Public Schools,2009720,22
KANSAS,Moundridge,2009780,74
KANSAS,Mulvane,2009840,324
KANSAS,Paradise,2009850,22
KANSAS,Neodesha,2009900,124
KANSAS,Ness City,2009930,54
KANSAS,Newton,2009960,529
KANSAS,Nickerson,2009990,188
KANSAS,Norton Community Schools,2010020,107
KANSAS,Oakley,2010050,68
KANSAS,Oberlin,2010080,50
KANSAS,Olathe,2010140,3904
KANSAS,Onaga-Havensville-Wheaton,2010170,44
KANSAS,Osage City,2010230,149
KANSAS,Osawatomie,2010260,257
KANSAS,Osborne County,2010290,55
KANSAS,Oskaloosa Public Schools,2010320,124
KANSAS,Oswego,2010350,78
KANSAS,Santa Fe Trail,2010410,183
KANSAS,Oxford,2010440,80
KANSAS,Palco,2010470,-8
KANSAS,Paola,2010500,346
KANSAS,Parsons,2010560,254
KANSAS,Peabody-Burns,2010590,52
KANSAS,Perry Public Schools,2010620,136
KANSAS,Phillipsburg,2010650,83
KANSAS,Piper-Kansas City,2010680,311
KANSAS,Pittsburg,2010710,587
KANSAS,Plainville,2010740,58
KANSAS,Pleasanton,2010770,81
KANSAS,West Franklin,2010800,110
KANSAS,Pratt,2010890,213
KANSAS,Pretty Prairie,2010920,49
KANSAS,Quinter Public Schools,2010950,53
KANSAS,Blue Valley,2010980,32
KANSAS,Golden Plains,2011040,-8
KANSAS,Renwick,2011080,308
KANSAS,Riley County,2011100,86
KANSAS,Riverton,2011130,121
KANSAS,Rolla,2011190,-8
KANSAS,Flinthills,2011220,58
KANSAS,Rose Hill Public Schools,2011250,232
KANSAS,Pawnee Heights,2011280,21
KANSAS,Russell County,2011310,162
KANSAS,Salina,2011370,1281
KANSAS,Satanta,2011400,29
KANSAS,Skyline Schools,2011430,-8
KANSAS,Seaman,2011490,558
KANSAS,Chautauqua Co Community,2011520,95
KANSAS,Sedgwick Public Schools,2011550,78
KANSAS,Wallace County Schools,2011610,17
KANSAS,Shawnee Mission Pub Sch,2011640,2758
KANSAS,Silver Lake,2011700,70
KANSAS,Solomon,2011760,57
KANSAS,South Haven,2011790,32
KANSAS,Spearville,2011820,38
KANSAS,Spring Hill,2011850,732
KANSAS,St Francis Comm Sch,2011880,39
KANSAS,St John-Hudson,2011910,69
KANSAS,Stafford,2011970,57
KANSAS,Blue Valley,2012000,2536
KANSAS,Sterling,2012030,66
KANSAS,Stockton,2012060,62
KANSAS,Sublette,2012090,42
KANSAS,Sylvan Grove,2012120,48
KANSAS,Syracuse,2012150,67
KANSAS,Shawnee Heights,2012180,594
KANSAS,Tonganoxie,2012210,273
KANSAS,Topeka Public Schools,2012260,2712
KANSAS,Circle,2012300,297
KANSAS,Troy Public Schools,2012330,54
KANSAS,Turner-Kansas City,2012360,411
KANSAS,Udall,2012390,90
KANSAS,Ulysses,2012420,215
KANSAS,Uniontown,2012450,59
KANSAS,Valley Center Pub Sch,2012510,526
KANSAS,Valley Falls,2012540,69
KANSAS,Victoria,2012600,50
KANSAS,Wakeeney,2012630,63
KANSAS,Valley Heights,2012780,61
KANSAS,Lebo-Waverly,2012810,85
KANSAS,Wellington,2012840,328
KANSAS,Wellsville,2012870,159
KANSAS,Weskan,2012900,18
KANSAS,Wichita,2012990,7271
KANSAS,Jefferson County North,2013020,82
KANSAS,Winfield,2013050,487
KANSAS,Woodson,2013110,77
KENTUCKY,Adair County,2100030,367
KENTUCKY,Allen County,2100070,531
KENTUCKY,Muhlenberg County,2100081,735
KENTUCKY,Anchorage Independent,2100090,38
KENTUCKY,Kentucky School for the Blind District,2100094,69
KENTUCKY,Kentucky School for the Deaf District,2100095,-8
KENTUCKY,Anderson County,2100120,507
KENTUCKY,Ashland Independent,2100150,542
KENTUCKY,Augusta Independent,2100180,52
KENTUCKY,Ballard County,2100210,133
KENTUCKY,Barbourville Independent,2100240,67
KENTUCKY,Bardstown Independent,2100270,426
KENTUCKY,Kentucky Tech System,2100289,0
KENTUCKY,Craft Academy,2100290,0
KENTUCKY,Model Laboratory Schools at EKU,2100291,77
KENTUCKY,Barren County,2100300,791
KENTUCKY,Bath County,2100330,304
KENTUCKY,Beechwood Independent,2100360,139
KENTUCKY,Bell County,2100390,396
KENTUCKY,Bellevue Independent,2100420,95
KENTUCKY,Berea Independent,2100480,239
KENTUCKY,Boone County,2100510,2476
KENTUCKY,Bourbon County,2100540,384
KENTUCKY,Bowling Green Independent,2100570,500
KENTUCKY,Boyd County,2100620,668
KENTUCKY,Boyle County,2100630,489
KENTUCKY,Bracken County,2100660,206
KENTUCKY,Breathitt County,2100690,292
KENTUCKY,Breckinridge County,2100720,436
KENTUCKY,Bullitt County,2100750,1623
KENTUCKY,Burgin Independent,2100780,65
KENTUCKY,Butler County,2100810,391
KENTUCKY,Caldwell County,2100840,205
KENTUCKY,Calloway County,2100870,468
KENTUCKY,Campbell County,2100900,802
KENTUCKY,Campbellsville Independent,2100930,231
KENTUCKY,Carlisle County,2100960,101
KENTUCKY,Carroll County,2100990,252
KENTUCKY,Carter County,2101020,706
KENTUCKY,Casey County,2101050,383
KENTUCKY,Caverna Independent,2101110,125
KENTUCKY,Christian County,2101150,1154
KENTUCKY,Clark County,2101200,819
KENTUCKY,Clay County,2101230,593
KENTUCKY,Clinton County,2101260,295
KENTUCKY,Cloverport Independent,2101290,35
KENTUCKY,Corbin Independent,2101320,378
KENTUCKY,Covington Independent,2101350,578
KENTUCKY,Crittenden County,2101380,187
KENTUCKY,Cumberland County,2101410,172
KENTUCKY,Danville Independent,2101440,341
KENTUCKY,Daviess County,2101470,1574
KENTUCKY,Dawson Springs Independent,2101500,100
KENTUCKY,Dayton Independent,2101530,173
KENTUCKY,East Bernstadt Independent,2101590,75
KENTUCKY,Edmonson County,2101620,321
KENTUCKY,Elizabethtown Independent,2101650,329
KENTUCKY,Elliott County,2101680,171
KENTUCKY,Eminence Independent,2101710,127
KENTUCKY,Erlanger-Elsmere Independent,2101740,351
KENTUCKY,Estill County,2101760,344
KENTUCKY,Fairview Independent,2101800,127
KENTUCKY,Fayette County,2101860,4731
KENTUCKY,Fleming County,2101920,368
KENTUCKY,Floyd County,2101950,990
KENTUCKY,Frankfort Independent,2101980,121
KENTUCKY,Franklin County,2102010,891
KENTUCKY,Fort Thomas Independent,2102040,224
KENTUCKY,Fulton Independent,2102070,-8
KENTUCKY,Fulton County,2102100,97
KENTUCKY,Gallatin County,2102130,200
KENTUCKY,Garrard County,2102160,360
KENTUCKY,Glasgow Independent,2102220,396
KENTUCKY,Grant County,2102250,557
KENTUCKY,Graves County,2102280,608
KENTUCKY,Grayson County,2102300,631
KENTUCKY,Green County,2102340,284
KENTUCKY,Greenup County,2102400,402
KENTUCKY,Hancock County,2102460,207
KENTUCKY,Hardin County,2102490,2271
KENTUCKY,Harlan Independent,2102520,176
KENTUCKY,Harlan County,2102540,921
KENTUCKY,Harrison County,2102580,458
KENTUCKY,Hart County,2102640,515
KENTUCKY,Hazard Independent,2102670,191
KENTUCKY,Henderson County,2102710,937
KENTUCKY,Henry County,2102760,310
KENTUCKY,Hickman County,2102790,96
KENTUCKY,Hopkins County,2102860,1207
KENTUCKY,Jackson Independent,2102910,51
KENTUCKY,Jackson County,2102940,507
KENTUCKY,Jefferson County,2102990,11667
KENTUCKY,Jenkins Independent,2103000,103
KENTUCKY,Jessamine County,2103030,1199
KENTUCKY,Johnson County,2103060,612
KENTUCKY,Kenton County,2103090,1807
KENTUCKY,Knott County,2103120,464
KENTUCKY,Knox County,2103150,824
KENTUCKY,LaRue County,2103180,393
KENTUCKY,Laurel County,2103210,1883
KENTUCKY,Lawrence County,2103240,485
KENTUCKY,Lee County,2103270,119
KENTUCKY,Leslie County,2103330,339
KENTUCKY,Letcher County,2103360,697
KENTUCKY,Lewis County,2103390,360
KENTUCKY,Lincoln County,2103480,546
KENTUCKY,Livingston County,2103510,134
KENTUCKY,Logan County,2103540,600
KENTUCKY,Ludlow Independent,2103630,153
KENTUCKY,Lyon County,2103690,116
KENTUCKY,Madison County,2103720,1849
KENTUCKY,Magoffin County,2103750,422
KENTUCKY,Marion County,2103780,435
KENTUCKY,Marshall County,2103810,668
KENTUCKY,Martin County,2103840,307
KENTUCKY,Mason County,2103870,433
KENTUCKY,Mayfield Independent,2103900,317
KENTUCKY,McCracken County,2103960,972
KENTUCKY,McCreary County,2103990,523
KENTUCKY,McLean County,2104020,183
KENTUCKY,Meade County,2104050,834
KENTUCKY,Menifee County,2104080,178
KENTUCKY,Mercer County,2104110,488
KENTUCKY,Metcalfe County,2104140,220
KENTUCKY,Middlesboro Independent,2104170,223
KENTUCKY,Monroe County,2104200,317
KENTUCKY,Montgomery County,2104250,770
KENTUCKY,Morgan County,2104290,374
KENTUCKY,Murray Independent,2104380,229
KENTUCKY,Nelson County,2104410,636
KENTUCKY,Newport Independent,2104440,189
KENTUCKY,Nicholas County,2104470,166
KENTUCKY,Ohio County,2104500,526
KENTUCKY,Oldham County,2104530,1484
KENTUCKY,Owen County,2104560,262
KENTUCKY,Owensboro Independent,2104590,736
KENTUCKY,Owsley County,2104620,104
KENTUCKY,Paducah Independent,2104650,294
KENTUCKY,Paintsville Independent,2104680,126
KENTUCKY,Paris Independent,2104710,117
KENTUCKY,Pendleton County,2104740,339
KENTUCKY,Perry County,2104770,788
KENTUCKY,Pike County,2104800,1300
KENTUCKY,Pikeville Independent,2104830,142
KENTUCKY,Pineville Independent,2104860,93
KENTUCKY,Powell County,2104890,371
KENTUCKY,Pulaski County,2104950,1205
KENTUCKY,Raceland-Worthington Independent,2104980,144
KENTUCKY,Robertson County,2105040,77
KENTUCKY,Rockcastle County,2105070,577
KENTUCKY,Rowan County,2105100,406
KENTUCKY,Russell Independent,2105130,298
KENTUCKY,Russell County,2105160,453
KENTUCKY,Russellville Independent,2105190,188
KENTUCKY,Science Hill Independent,2105220,89
KENTUCKY,Scott County,2105260,1686
KENTUCKY,Shelby County,2105320,1007
KENTUCKY,Simpson County,2105400,443
KENTUCKY,Somerset Independent,2105430,262
KENTUCKY,Southgate Independent,2105460,33
KENTUCKY,Spencer County,2105490,532
KENTUCKY,Taylor County,2105520,419
KENTUCKY,Todd County,2105550,268
KENTUCKY,Trigg County,2105580,283
KENTUCKY,Trimble County,2105610,168
KENTUCKY,Union County,2105640,322
KENTUCKY,Walton-Verona Independent,2105700,241
KENTUCKY,Warren County,2105730,2311
KENTUCKY,Washington County,2105760,302
KENTUCKY,Wayne County,2105790,578
KENTUCKY,Webster County,2105820,331
KENTUCKY,Whitley County,2105880,1053
KENTUCKY,Williamsburg Independent,2105910,118
KENTUCKY,Williamstown Independent,2105940,108
KENTUCKY,Wolfe County,2105970,308
KENTUCKY,Woodford County,2106000,563
LOUISIANA,LA Schools for the Deaf and Visually Impaired,2200018,150
LOUISIANA,Southern University Lab School,2200023,4
LOUISIANA,New Vision Learning Academy,2200025,-8
LOUISIANA,Acadia Parish,2200030,971
LOUISIANA,V. B. Glencoe Charter School,2200032,38
LOUISIANA,International School of Louisiana,2200033,123
LOUISIANA,Avoyelles Public Charter School,2200035,62
LOUISIANA,New Orleans Center for Creative Arts,2200036,11
LOUISIANA,Delhi Charter School,2200038,-8
LOUISIANA,Zachary Community School District,2200039,541
LOUISIANA,City of Baker School District,2200040,119
LOUISIANA,Belle Chasse Academy,2200041,96
LOUISIANA,Office of Juvenile Justice,2200047,86
LOUISIANA,Recovery School District-LDE,2200054,-8
LOUISIANA,Allen Parish,2200060,446
LOUISIANA,Ascension Parish,2200090,2457
LOUISIANA,Assumption Parish,2200120,430
LOUISIANA,Central Community School District,2200125,471
LOUISIANA,The MAX Charter School,2200126,29
LOUISIANA,D'Arbonne Woods Charter School,2200146,136
LOUISIANA,"Community School for Apprenticeship Learning, Inc.",2200148,29
LOUISIANA,Avoyelles Parish,2200150,533
LOUISIANA,Howard School,2200151,53
LOUISIANA,Voices for International Business & Education,2200156,34
LOUISIANA,"University View Academy, Inc. (FRM LA Connections)",2200157,-8
LOUISIANA,"Lake Charles Charter Academy Foundation, Inc.",2200158,-8
LOUISIANA,Lycee Francais de la Nouvelle-Orleans,2200159,90
LOUISIANA,New Orleans Military & Maritime Academy,2200160,103
LOUISIANA,Beauregard Parish,2200180,878
LOUISIANA,Sophie B Wright Institute of Academic Excellence,2200186,80
LOUISIANA,Success Preparatory Academy,2200187,-8
LOUISIANA,The NET Charter High School,2200188,53
LOUISIANA,Southwest Louisiana Charter Academy,2200189,113
LOUISIANA,Impact Charter School,2200190,103
LOUISIANA,Arthur Ashe Charter School,2200192,125
LOUISIANA,ReNew Dolores T Aaron Elementary,2200195,139
LOUISIANA,Dalton Charter School,2200196,-8
LOUISIANA,Frederick A. Douglass High School,2200197,106
LOUISIANA,Lake Charles College Prep,2200198,88
LOUISIANA,Morris Jeff Community School,2200203,269
LOUISIANA,Langston Hughes Charter Academy,2200206,100
LOUISIANA,Lord Beaconsfield Landry-Oliver Perry Walker High,2200207,118
LOUISIANA,Akili Academy of New Orleans,2200208,304
LOUISIANA,Bienville Parish,2200210,335
LOUISIANA,KIPP Leadership,2200211,111
LOUISIANA,Louisiana Key Academy Baton Rouge,2200213,-8
LOUISIANA,JS Clark Leadership Academy,2200215,105
LOUISIANA,KIPP Believe,2200216,134
LOUISIANA,Dr Martin Luther King Charter School for Sci Tech,2200217,-8
LOUISIANA,Iberville Charter Academy,2200219,-8
LOUISIANA,Harriet Tubman Charter School,2200220,160
LOUISIANA,Lanier Charter School,2200226,36
LOUISIANA,GEO Prep Academy of Greater Baton Rouge,2200230,99
LOUISIANA,Acadiana Renaissance Charter Academy,2200231,149
LOUISIANA,Louisiana Virtual Charter Academy,2200233,-8
LOUISIANA,Lafayette Charter Foundation,2200235,-8
LOUISIANA,Martin Behrman Elementary School,2200236,129
LOUISIANA,Sci Academy,2200237,135
LOUISIANA,Cohen College Prep,2200238,39
LOUISIANA,City of Bogalusa School District,2200240,283
LOUISIANA,JCFA-East,2200241,55
LOUISIANA,ReNEW SciTech Academy at Laurel,2200242,209
LOUISIANA,Paul Habans Charter School,2200243,132
LOUISIANA,KIPP Central City,2200246,97
LOUISIANA,Delta Charter Group,2200247,-8
LOUISIANA,KIPP East Community Primary,2200248,159
LOUISIANA,Mildred Osborne Charter School,2200249,79
LOUISIANA,Northeast Claiborne Charter,2200252,24
LOUISIANA,Phillis Wheatley Community School,2200253,88
LOUISIANA,Democracy Prep Baton Rouge,2200254,-8
LOUISIANA,ReNEW Schaumburg Elementary,2200255,133
LOUISIANA,Kenilworth Science and Technology Charter School,2200258,124
LOUISIANA,Samuel J Green Charter School,2200259,-8
LOUISIANA,KIPP Ernest N. Dutch Morial,2200262,126
LOUISIANA,Willow Charter Academy,2200263,-8
LOUISIANA,G W Carver Collegiate Academy,2200265,162
LOUISIANA,Fannie C Williams Charter School,2200267,56
LOUISIANA,Advantage Charter Academy,2200268,61
LOUISIANA,Bossier Parish,2200270,3122
LOUISIANA,Lincoln Preparatory School,2200275,-8
LOUISIANA,Livingston Collegiate Academy,2200276,139
LOUISIANA,KIPP Booker T. Washington,2200277,111
LOUISIANA,Noble Minds,2200278,-8
LOUISIANA,Alice M Harte Elementary Charter School,2200279,59
LOUISIANA,Einstein Charter Middle Sch at Sarah Towles Reed,2200280,34
LOUISIANA,New Orleans Charter Science and Mathematics HS,2200281,72
LOUISIANA,Lake Forest Elementary Charter School,2200282,71
LOUISIANA,Einstein Charter School at Village De L'Est,2200283,26
LOUISIANA,McDonogh 42 Charter School,2200284,-8
LOUISIANA,Audubon Charter School,2200285,140
LOUISIANA,Robert Russa Moton Charter School,2200286,-8
LOUISIANA,ENCORE Academy,2200287,-8
LOUISIANA,Collegiate Baton Rouge,2200288,104
LOUISIANA,Bricolage Academy,2200289,208
LOUISIANA,Thrive Academy,2200290,6
LOUISIANA,Eleanor McMain Secondary School,2200291,88
LOUISIANA,Einstein Charter at Sherwood Forest,2200292,64
LOUISIANA,The NET2 High School,2200293,39
LOUISIANA,Edna Karr High School,2200294,89
LOUISIANA,Sarah Towles Reed High School,2200295,49
LOUISIANA,Wilson Charter School,2200296,73
LOUISIANA,The Willow School,2200297,104
LOUISIANA,GEO Prep Mid-City of Greater Baton Rouge,2200298,-8
LOUISIANA,Benjamin Franklin High School,2200299,12
LOUISIANA,Caddo Parish,2200300,4295
LOUISIANA,JCFA Lafayette,2200301,11
LOUISIANA,Audubon Charter Gentilly,2200303,68
LOUISIANA,New Harmony High Institute,2200304,46
LOUISIANA,Athlos Academy of Jefferson Parish,2200305,114
LOUISIANA,Dwight D. Eisenhower Charter School,2200306,70
LOUISIANA,Rosenwald Collegiate Academy,2200307,84
LOUISIANA,Red River Charter Academy,2200308,14
LOUISIANA,Opportunities Academy,2200309,91
LOUISIANA,Glen Oaks Middle School (Redesign Schools LA),2200311,23
LOUISIANA,McDonogh 35 Senior High School,2200312,124
LOUISIANA,GEO Next Generation High School,2200313,55
LOUISIANA,"Living School, Inc.",2200314,31
LOUISIANA,RSD-Capitol Education Foundation,2200315,50
LOUISIANA,"Warren Easton Charter Foundation, Inc.",2200316,91
LOUISIANA,Edward Hynes Charter School - Lakeview,2200317,68
LOUISIANA,Edward Hynes Charter School - UNO,2200318,75
LOUISIANA,John F. Kennedy High School,2200319,99
LOUISIANA,Pierre A. Capdau Charter School,2200320,60
LOUISIANA,Foundation Preparatory Academy,2200321,38
LOUISIANA,Lafayette Academy Charter School,2200322,-8
LOUISIANA,Esperanza Charter School,2200323,-8
LOUISIANA,New Orleans Accelerated High School,2200324,73
LOUISIANA,Williams Scholar Academy Inc.,2200325,7
LOUISIANA,"St. Landry Primary School, Incl.",2200326,20
LOUISIANA,Hynes Parkview,2200327,-8
LOUISIANA,Homer Plessy Community School,2200328,116
LOUISIANA,YACS at Lawrence D. Crocker,2200329,48
LOUISIANA,Calcasieu Parish,2200330,4457
LOUISIANA,Rooted School,2200331,31
LOUISIANA,Caldwell Parish,2200360,255
LOUISIANA,Cameron Parish,2200390,168
LOUISIANA,Catahoula Parish,2200420,163
LOUISIANA,Claiborne Parish,2200450,332
LOUISIANA,Concordia Parish,2200480,360
LOUISIANA,DeSoto Parish,2200510,543
LOUISIANA,East Baton Rouge Parish,2200540,3974
LOUISIANA,East Carroll Parish,2200570,112
LOUISIANA,East Feliciana Parish,2200600,215
LOUISIANA,Evangeline Parish,2200630,921
LOUISIANA,Franklin Parish,2200660,510
LOUISIANA,Grant Parish,2200690,531
LOUISIANA,Iberia Parish,2200720,1553
LOUISIANA,Iberville Parish,2200750,457
LOUISIANA,Jackson Parish,2200780,321
LOUISIANA,Jefferson Davis Parish,2200810,749
LOUISIANA,Jefferson Parish,2200840,5503
LOUISIANA,Lafayette Parish,2200870,2629
LOUISIANA,Lafourche Parish,2200900,1337
LOUISIANA,LaSalle Parish,2200960,290
LOUISIANA,Lincoln Parish,2200990,968
LOUISIANA,Livingston Parish,2201020,3428
LOUISIANA,Madison Parish,2201050,513
LOUISIANA,City of Monroe School District,2201080,1292
LOUISIANA,Morehouse Parish,2201110,564
LOUISIANA,Natchitoches Parish,2201140,540
LOUISIANA,Orleans Parish,2201170,323
LOUISIANA,Ouachita Parish,2201200,2418
LOUISIANA,Plaquemines Parish,2201230,749
LOUISIANA,Pointe Coupee Parish,2201260,337
LOUISIANA,Rapides Parish,2201290,2899
LOUISIANA,Red River Parish,2201320,190
LOUISIANA,Richland Parish,2201350,415
LOUISIANA,Sabine Parish,2201380,518
LOUISIANA,St. Bernard Parish,2201410,918
LOUISIANA,St. Charles Parish,2201440,1009
LOUISIANA,St. Helena Parish,2201470,210
LOUISIANA,St. James Parish,2201500,475
LOUISIANA,St. John the Baptist Parish,2201530,658
LOUISIANA,St. Landry Parish,2201560,1661
LOUISIANA,St. Martin Parish,2201590,768
LOUISIANA,St. Mary Parish,2201620,1889
LOUISIANA,St. Tammany Parish,2201650,6357
LOUISIANA,Tangipahoa Parish,2201680,2377
LOUISIANA,Tensas Parish,2201710,109
LOUISIANA,Terrebonne Parish,2201740,1615
LOUISIANA,Union Parish,2201770,230
LOUISIANA,Vermilion Parish,2201800,1119
LOUISIANA,Vernon Parish,2201830,1106
LOUISIANA,Washington Parish,2201860,961
LOUISIANA,Webster Parish,2201890,732
LOUISIANA,West Baton Rouge Parish,2201920,426
LOUISIANA,West Carroll Parish,2201950,256
LOUISIANA,West Feliciana Parish,2201980,413
LOUISIANA,Winn Parish,2202010,255
LOUISIANA,Special School District,2280100,-8
LOUISIANA,GEO Prep Baker,2280101,-8
LOUISIANA,Louisiana Key Academy,2280102,67
MAINE,Bridgewater Public Schools,2300004,-8
MAINE,Grand Isle Public Schools,2300005,10
MAINE,Fayette Public Schools,2300008,17
MAINE,Long Island Public Schools,2300009,5
MAINE,Arthur R. Gould Sch--LCYDC,2300050,6
MAINE,The Forks Plt School Dept,2300052,NA
MAINE,Five Town CSD,2300053,120
MAINE,Seboeis Plt Public Schools,2300057,NA
MAINE,West Forks Plt Public Schools,2300058,-8
MAINE,Lake View Plt. Public Schools,2300059,-8
MAINE,Caratunk Public Schools,2300061,NA
MAINE,East Machias Public Schools,2300062,52
MAINE,Lowell Public Schools,2300063,7
MAINE,Indian Township,2300064,81
MAINE,Cutler Public Schools,2300065,14
MAINE,Indian Island,2300066,37
MAINE,Machiasport Public Schools,2300067,17
MAINE,Whiting Public Schools,2300068,6
MAINE,Pleasant Point,2300069,-8
MAINE,Acton Public Schools,2302220,55
MAINE,Alexander Public Schools,2302280,15
MAINE,Airline CSD,2302500,16
MAINE,Appleton Public Schools,2302510,37
MAINE,Auburn Public Schools,2302610,679
MAINE,Augusta Public Schools,2302640,419
MAINE,Baileyville Public Schools,2302730,-8
MAINE,Bangor Public Schools,2302820,-8
MAINE,Bar Harbor Public Schools,2302850,65
MAINE,Baring Plt Public Schools,2302880,6
MAINE,Beals Public Schools,2302950,5
MAINE,Beaver Cove Public Schools,2302960,NA
MAINE,Beddington Public Schools,2302980,NA
MAINE,Biddeford Public Schools,2303150,-8
MAINE,Blue Hill Public Schools,2303210,67
MAINE,Boothbay-Boothbay Hbr CSD,2303290,-8
MAINE,Bowerbank Public Schools,2303390,3
MAINE,Bremen Public Schools,2303480,3
MAINE,Brewer Public Schools,2303510,349
MAINE,Bristol Public Schools,2303600,-8
MAINE,Brooklin Public Schools,2303610,-8
MAINE,Brooksville Public Schools,2303640,23
MAINE,Brunswick Public Schools,2303780,399
MAINE,Calais Public Schools,2303870,-8
MAINE,Cape Elizabeth Public Schools,2303930,174
MAINE,Carrabassett Valley Public Schools,2303980,3
MAINE,Carroll Plt Public Schools,2303990,4
MAINE,Castine Public Schools,2304080,15
MAINE,Caswell Public Schools,2304110,16
MAINE,Charlotte Public Schools,2304160,5
MAINE,Cooper Public Schools,2304440,-8
MAINE,Coplin Plt Public Schools,2304500,-8
MAINE,Cranberry Isles Public Schools,2304620,3
MAINE,Crawford Public Schools,2304650,NA
MAINE,Damariscotta Public Schools,2304830,13
MAINE,Dayton Public Schools,2304860,58
MAINE,Deblois Public Schools,2304880,4
MAINE,Dedham Public Schools,2304890,39
MAINE,Deer Isle-Stonington CSD,2304895,62
MAINE,Dennistown Plt Public Schools,2304897,3
MAINE,Dennysville Public Schools,2304900,9
MAINE,Drew Plt Public Schools,2305160,3
MAINE,East Millinocket Public Schools,2305280,31
MAINE,Easton Public Schools,2305310,-8
MAINE,Eastport Public Schools,2305360,21
MAINE,East Range CSD,2305380,NA
MAINE,Edgecomb Public Schools,2305400,-8
MAINE,Ellsworth Public Schools,2305500,253
MAINE,Falmouth Public Schools,2305670,293
MAINE,Georgetown Public Schools,2305970,19
MAINE,Gilead Public Schools,2305980,5
MAINE,Glenburn Public Schools,2306000,109
MAINE,Gorham Public Schools,2306060,-8
MAINE,Grand Lake Stream Plt School Dept,2306150,-8
MAINE,Great Salt Bay CSD,2306160,68
MAINE,Greenbush Public Schools,2306180,71
MAINE,Greenville Public Schools,2306250,14
MAINE,Hancock Public Schools,2306260,66
MAINE,Harmony Public Schools,2306330,18
MAINE,Hermon Public Schools,2306510,170
MAINE,Highland Plt Public Schools,2306600,NA
MAINE,Hope Public Schools,2306610,31
MAINE,Isle Au Haut Public Schools,2306780,NA
MAINE,Islesboro Public Schools,2306810,12
MAINE,Jefferson Public Schools,2306870,77
MAINE,Jonesboro Public Schools,2306900,24
MAINE,Jonesport Public Schools,2307100,16
MAINE,Kittery Public Schools,2307140,-8
MAINE,Lakeville Public Schools,2307200,-8
MAINE,Lamoine Public Schools,2307250,26
MAINE,Lewiston Public Schools,2307320,1098
MAINE,Lincoln Plt Public Schools,2307440,NA
MAINE,Lincolnville Public Schools,2307450,35
MAINE,Lisbon Public Schools,2307530,215
MAINE,Frenchboro Public Schools,2307590,3
MAINE,Machias Public Schools,2307710,61
MAINE,Macwahoc Plt School Dept,2307770,-8
MAINE,Madawaska Public Schools,2307800,94
MAINE,Marshfield Public Schools,2307980,9
MAINE,Meddybemps Public Schools,2308135,-8
MAINE,Medford Public Schools,2308140,5
MAINE,Medway Public Schools,2308160,24
MAINE,Milford Public Schools,2308250,83
MAINE,Millinocket Public Schools,2308280,95
MAINE,Monhegan Plt School Dept,2308340,NA
MAINE,Moosabec CSD,2308400,11
MAINE,Mount Desert Public Schools,2308490,22
MAINE,Mt Desert CSD,2308500,66
MAINE,Nashville Plt Public Schools,2308580,-8
MAINE,New Sweden Public Schools,2308700,14
MAINE,Newcastle Public Schools,2308760,13
MAINE,Nobleboro Public Schools,2308940,36
MAINE,Northfield Public Schools,2309090,-8
MAINE,Orient Public Schools,2309240,5
MAINE,Orrington Public Schools,2309330,86
MAINE,Otis Public Schools,2309390,20
MAINE,Pembroke Public Schools,2309560,18
MAINE,Penobscot Public Schools,2309630,28
MAINE,Perry Public Schools,2309650,15
MAINE,Pleasant Ridge Plt School Dept,2309810,-8
MAINE,Portland Public Schools,2309930,-8
MAINE,Princeton Public Schools,2309990,34
MAINE,Reed Plt Public Schools,2310140,-8
MAINE,Robbinston Public Schools,2310190,14
MAINE,Roque Bluffs Public Schools,2310320,-8
MAINE,Saco Public Schools,2310380,500
MAINE,Sanford Public Schools,2310500,700
MAINE,Scarborough Public Schools,2310530,456
MAINE,MSAD 10,2310560,6
MAINE,RSU 11/MSAD 11,2310590,-8
MAINE,RSU 82/MSAD 12,2310620,39
MAINE,RSU 83/MSAD 13,2310650,40
MAINE,RSU 84/MSAD 14,2310680,-8
MAINE,RSU 15/MSAD 15,2310710,-8
MAINE,RSU 17/MSAD 17,2310770,614
MAINE,RSU 85/MSAD 19,2310830,22
MAINE,RSU 79/MSAD 01,2310860,271
MAINE,RSU 86/MSAD 20,2310890,117
MAINE,RSU 87/MSAD 23,2310980,146
MAINE,RSU 88/MSAD 24,2311010,49
MAINE,MSAD 27,2311100,120
MAINE,RSU 28/MSAD 28,2311130,127
MAINE,RSU 29/MSAD 29,2311160,-8
MAINE,RSU 30/MSAD 30,2311220,52
MAINE,RSU 31/MSAD 31,2311250,82
MAINE,RSU 32/MSAD 32,2311280,47
MAINE,RSU 33/MSAD 33,2311310,27
MAINE,RSU 35/MSAD 35,2311370,285
MAINE,RSU 37/MSAD 37,2311430,165
MAINE,RSU 03/MSAD 03,2311520,187
MAINE,RSU 40/MSAD 40,2311550,388
MAINE,RSU 41/MSAD 41,2311580,140
MAINE,RSU 42/MSAD 42,2311610,72
MAINE,RSU 44/MSAD 44,2311670,82
MAINE,RSU 45/MSAD 45,2311700,53
MAINE,RSU 80/MSAD 04,2311730,94
MAINE,RSU 06/MSAD 06,2311790,607
MAINE,RSU 07/MSAD 07,2311820,14
MAINE,RSU 08/MSAD 08,2311850,41
MAINE,MSAD 76,2311910,7
MAINE,Education in Unorganized Terr,2312100,-8
MAINE,Sedgwick Public Schools,2312140,31
MAINE,Shirley Public Schools,2312180,4
MAINE,South Bristol Public Schools,2312300,14
MAINE,South Portland Public Schools,2312330,631
MAINE,Southport Public Schools,2312360,8
MAINE,Southwest Harbor Public Schools,2312390,23
MAINE,Surry Public Schools,2312750,47
MAINE,Talmadge Public Schools,2312810,NA
MAINE,Tremont Public Schools,2312960,31
MAINE,Trenton Public Schools,2312980,52
MAINE,Vanceboro Public Schools,2313080,-8
MAINE,Vassalboro Public Schools,2313110,-8
MAINE,Veazie Public Schools,2313140,54
MAINE,Waite Public Schools,2313200,-8
MAINE,Waterville Public Schools,2313350,-8
MAINE,Wells-Ogunquit CSD,2313490,-8
MAINE,Wesley Public Schools,2313500,-8
MAINE,West Bath Public Schools,2313530,43
MAINE,Westbrook Public Schools,2313560,-8
MAINE,Westmanland Public Schools,2313590,-8
MAINE,Whitneyville Public Schools,2313710,5
MAINE,Willimantic Public Schools,2313740,6
MAINE,Winslow Schools,2313860,266
MAINE,Winthrop Public Schools,2313970,-8
MAINE,Wiscasset Public Schools,2313980,-8
MAINE,Woodland Public Schools,2314010,24
MAINE,Woodville Public Schools,2314040,5
MAINE,Yarmouth Schools,2314100,-8
MAINE,York Public Schools,2314130,237
MAINE,RSU 52/MSAD 52,2314160,376
MAINE,RSU 55/MSAD 55,2314190,222
MAINE,RSU 61/MSAD 61,2314210,-8
MAINE,RSU 51/MSAD 51,2314240,270
MAINE,RSU 58/MSAD 58,2314300,137
MAINE,RSU 49/MSAD 49,2314330,-8
MAINE,RSU 65/MSAD 65,2314410,NA
MAINE,RSU 64/MSAD 64,2314440,183
MAINE,RSU 63/MSAD 63,2314470,135
MAINE,MSAD 46,2314530,-8
MAINE,RSU 59/MSAD 59,2314560,117
MAINE,RSU 54/MSAD 54,2314590,523
MAINE,RSU 53/MSAD 53,2314610,129
MAINE,RSU 57/MSAD 57,2314670,-8
MAINE,RSU 60/MSAD 60,2314700,478
MAINE,RSU 68/MSAD 68,2314761,143
MAINE,RSU 70/MSAD 70,2314762,-8
MAINE,RSU 72/MSAD 72,2314765,195
MAINE,RSU 74/MSAD 74,2314767,119
MAINE,RSU 75/MSAD 75,2314768,544
MAINE,Chebeague Island Public Schools,2314771,4
MAINE,RSU 01 - LKRSU,2314772,365
MAINE,RSU 21,2314773,470
MAINE,RSU 16,2314775,-8
MAINE,RSU 02,2314776,380
MAINE,RSU 67,2314777,130
MAINE,RSU 26,2314778,-8
MAINE,RSU 18,2314779,489
MAINE,RSU 12,2314780,303
MAINE,RSU 34,2314782,-8
MAINE,RSU 04,2314783,-8
MAINE,RSU 23,2314784,150
MAINE,RSU 19,2314785,362
MAINE,RSU 13,2314787,356
MAINE,RSU 38,2314788,-8
MAINE,RSU 05,2314789,-8
MAINE,RSU 24,2314790,125
MAINE,RSU 20,2314791,136
MAINE,RSU 14,2314793,-8
MAINE,RSU 39,2314794,-8
MAINE,RSU 10,2314795,-8
MAINE,RSU 25,2314796,-8
MAINE,RSU 78,2314803,-8
MAINE,RSU 73,2314805,-8
MAINE,RSU 50,2314806,-8
MAINE,Community Regional Charter School,2314807,91
MAINE,Maine Academy of Natural Sciences,2314808,50
MAINE,RSU 09,2314809,383
MAINE,Portage Lake Public Schools,2314810,4
MAINE,Brighton Plt School Department,2314811,-8
MAINE,Baxter Academy for Technology and Science,2314812,75
MAINE,Fiddlehead School of Arts and Sciences,2314813,53
MAINE,Cherryfield Public Schools,2314814,25
MAINE,RSU 22,2314815,427
MAINE,Harpswell Coastal Academy,2314816,48
MAINE,Athens Public Schools,2314817,25
MAINE,Eustis Public Schools,2314818,10
MAINE,Maine Connections Academy,2314819,92
MAINE,St George Public Schools,2314820,-8
MAINE,Maine Virtual Academy,2314821,86
MAINE,RSU 71,2314822,313
MAINE,Andover Public Schools,2314823,17
MAINE,Northport Public Schools,2314824,22
MAINE,Winterville Plt Public Schools,2314825,9
MAINE,Acadia Academy,2314831,40
MAINE,Maine Arts Academy,2314832,30
MAINE,RSU 56,2314833,133
MAINE,Burlington Public Schools,2314834,13
MAINE,Byron Public Schools,2314835,-8
MAINE,Moro Plantation Public Schools,2314836,NA
MAINE,Sebago Public Schools,2314837,-8
MAINE,RSU 89,2314838,-8
MAINE,Eagle Lake Public Schools,2314839,17
MAINE,Ecology Learning Center,2314841,22
MAINE,Limestone Public Schools,2314842,47
MARYLAND,SEED School of Maryland,2400027,37
MARYLAND,Allegany County Public Schools,2400030,1087
MARYLAND,Anne Arundel County Public Schools,2400060,9148
MARYLAND,Baltimore City Public Schools,2400090,10311
MARYLAND,Baltimore County Public Schools,2400120,15185
MARYLAND,Calvert County Public Schools,2400150,1486
MARYLAND,Caroline County Public Schools,2400180,487
MARYLAND,Carroll County Public Schools,2400210,3030
MARYLAND,Cecil County Public Schools,2400240,2320
MARYLAND,Charles County Public Schools,2400270,2848
MARYLAND,Dorchester County Public Schools,2400300,370
MARYLAND,Frederick County Public Schools,2400330,5023
MARYLAND,Garrett County Public Schools,2400360,286
MARYLAND,Harford County Public Schools,2400390,5235
MARYLAND,Howard County Public Schools,2400420,5787
MARYLAND,Kent County Public Schools,2400450,230
MARYLAND,Montgomery County Public Schools,2400480,19499
MARYLAND,Prince George's County Public Schools,2400510,12997
MARYLAND,Queen Anne's County Public Schools,2400540,751
MARYLAND,Somerset County Public Schools,2400570,397
MARYLAND,St. Mary's County Public Schools,2400600,1883
MARYLAND,Talbot County Public Schools,2400630,470
MARYLAND,Washington County Public Schools,2400660,2354
MARYLAND,Wicomico County Public Schools,2400690,1442
MARYLAND,Worcester County Public Schools,2400720,661
MASSACHUSETTS,Quabbin,2500001,455
MASSACHUSETTS,Spencer-E Brookfield,2500002,288
MASSACHUSETTS,Southwick-Tolland-Granville Regional School District,2500013,227
MASSACHUSETTS,Chesterfield-Goshen,2500014,19
MASSACHUSETTS,Academy Of the Pacific Rim Charter Public (District),2500021,115
MASSACHUSETTS,Benjamin Banneker Charter Public (District),2500022,-8
MASSACHUSETTS,Cape Cod Lighthouse Charter (District),2500024,49
MASSACHUSETTS,Innovation Academy Charter (District),2500025,186
MASSACHUSETTS,City on a Hill Charter Public School (District),2500026,35
MASSACHUSETTS,Community Day Charter Public School (District),2500027,151
MASSACHUSETTS,Springfield International Charter (District),2500028,260
MASSACHUSETTS,Neighborhood House Charter (District),2500029,187
MASSACHUSETTS,Benjamin Franklin Classical Charter Public (District),2500030,150
MASSACHUSETTS,Hilltown Cooperative Charter Public (District),2500031,37
MASSACHUSETTS,Lawrence Family Development Charter (District),2500032,60
MASSACHUSETTS,Lowell Middlesex Academy Charter (District),2500033,30
MASSACHUSETTS,Marblehead Community Charter Public (District),2500034,63
MASSACHUSETTS,Martha's Vineyard Charter Public School (District),2500035,45
MASSACHUSETTS,Ma Academy for Math and Science,2500036,0
MASSACHUSETTS,Francis W. Parker Charter Essential (District),2500038,70
MASSACHUSETTS,Boston Renaissance Charter Public (District),2500039,78
MASSACHUSETTS,South Shore Charter Public (District),2500040,211
MASSACHUSETTS,Atlantis Charter (District),2500041,194
MASSACHUSETTS,Up-Island Regional,2500043,78
MASSACHUSETTS,Pioneer Valley Performing Arts Charter Public (District),2500044,87
MASSACHUSETTS,Learning First Charter Public School  (District),2500045,-8
MASSACHUSETTS,Prospect Hill Academy Charter (District),2500046,-8
MASSACHUSETTS,Boston Day and Evening Academy Charter (District),2500049,122
MASSACHUSETTS,Abby Kelley Foster Charter Public (District),2500051,-8
MASSACHUSETTS,Foxborough Regional Charter (District),2500052,146
MASSACHUSETTS,Boston Collegiate Charter (District),2500053,137
MASSACHUSETTS,Edward M. Kennedy Academy for Health Careers (Horace Mann Ch,2500054,85
MASSACHUSETTS,Mystic Valley Regional Charter (District),2500055,163
MASSACHUSETTS,Rising Tide Charter Public (District),2500057,152
MASSACHUSETTS,Sturgis Charter Public (District),2500058,124
MASSACHUSETTS,Conservatory Lab Charter (District),2500060,79
MASSACHUSETTS,River Valley Charter (District),2500062,51
MASSACHUSETTS,Roxbury Preparatory Charter (District),2500063,239
MASSACHUSETTS,Lowell Community Charter Public (District),2500065,-8
MASSACHUSETTS,MATCH Charter Public School (District),2500066,242
MASSACHUSETTS,Manchester Essex Regional,2500067,218
MASSACHUSETTS,Christa McAuliffe Charter School (District),2500068,64
MASSACHUSETTS,Codman Academy Charter Public (District),2500070,73
MASSACHUSETTS,Brooke Charter School (District),2500071,297
MASSACHUSETTS,Sizer School: A North Central Charter Essential (District),2500073,94
MASSACHUSETTS,Excel Academy Charter (District),2500075,240
MASSACHUSETTS,Four Rivers Charter Public (District),2500076,33
MASSACHUSETTS,Helen Y. Davis Leadership Academy Charter Public (District),2500077,26
MASSACHUSETTS,Berkshire Arts and Technology Charter Public (District),2500079,64
MASSACHUSETTS,Boston Preparatory Charter Public (District),2500080,148
MASSACHUSETTS,KIPP Academy Lynn Charter (District),2500082,170
MASSACHUSETTS,Hill View Montessori Charter Public (District),2500083,62
MASSACHUSETTS,Salem Academy Charter (District),2500084,87
MASSACHUSETTS,Advanced Math and Science Academy Charter (District),2500085,66
MASSACHUSETTS,Community Charter School of Cambridge (District),2500086,47
MASSACHUSETTS,Holyoke Community Charter (District),2500087,138
MASSACHUSETTS,Martin Luther King Jr. Charter School of Excellence (Distric,2500089,49
MASSACHUSETTS,Phoenix Academy Charter Public High School Chelsea (District,2500090,18
MASSACHUSETTS,Pioneer Valley Chinese Immersion Charter (District),2500517,68
MASSACHUSETTS,Pioneer Charter School of Science (District),2500518,69
MASSACHUSETTS,Global Learning Charter Public (District),2500519,69
MASSACHUSETTS,Hampden Charter School of Science East (District),2500522,58
MASSACHUSETTS,Alma del Mar Charter School (District),2500525,167
MASSACHUSETTS,Boston Green Academy Horace Mann Charter School (District),2500526,150
MASSACHUSETTS,Bridge Boston Charter School (District),2500527,70
MASSACHUSETTS,UP Academy Charter School of Boston (District),2500533,68
MASSACHUSETTS,Veritas Preparatory Charter School (District),2500536,114
MASSACHUSETTS,KIPP Academy Boston Charter School (District),2500537,113
MASSACHUSETTS,Somerset Berkley Regional School District,2500541,172
MASSACHUSETTS,Ayer Shirley School District,2500542,301
MASSACHUSETTS,Dudley Street Neighborhood Charter School (District),2500543,46
MASSACHUSETTS,Monomoy Regional School District,2500544,309
MASSACHUSETTS,Collegiate Charter School of Lowell (District),2500545,79
MASSACHUSETTS,Pioneer Charter School of Science II (District),2500546,52
MASSACHUSETTS,Paulo Freire Social Justice Charter School (District),2500547,59
MASSACHUSETTS,UP Academy Charter School of Dorchester (District),2500549,64
MASSACHUSETTS,Baystate Academy Charter Public School (District),2500550,89
MASSACHUSETTS,Greater Commonwealth Virtual District,2500551,260
MASSACHUSETTS,Argosy Collegiate Charter School (District),2500552,134
MASSACHUSETTS,Essex North Shore Agricultural and Technical School District,2500554,311
MASSACHUSETTS,Phoenix Academy Public Charter High School Springfield (Dist,2500555,40
MASSACHUSETTS,TEC Connections Academy Commonwealth Virtual School District,2500556,544
MASSACHUSETTS,Springfield Preparatory Charter School (District),2500557,90
MASSACHUSETTS,New Heights Charter School of Brockton (District),2500559,83
MASSACHUSETTS,Libertas Academy Charter School (District),2500586,126
MASSACHUSETTS,Old Sturbridge Academy Charter Public School (District),2500587,60
MASSACHUSETTS,Hampden Charter School of Science West (District),2500588,59
MASSACHUSETTS,Map Academy Charter School (District),2500589,132
MASSACHUSETTS,Phoenix Academy Public Charter High School Lawrence (Distric,2500590,31
MASSACHUSETTS,Abington,2501650,358
MASSACHUSETTS,Acton-Boxborough,2501710,751
MASSACHUSETTS,Acushnet,2501740,138
MASSACHUSETTS,Hoosac Valley Regional,2501780,238
MASSACHUSETTS,Agawam,2501800,593
MASSACHUSETTS,Amesbury,2501860,405
MASSACHUSETTS,Amherst,2501890,215
MASSACHUSETTS,Amherst-Pelham,2501920,302
MASSACHUSETTS,Andover,2501950,1035
MASSACHUSETTS,Arlington,2501980,980
MASSACHUSETTS,Ashburnham-Westminster,2502040,369
MASSACHUSETTS,Ashland,2502100,533
MASSACHUSETTS,Assabet Valley Regional Vocational Technical,2502110,272
MASSACHUSETTS,Athol-Royalston,2502160,380
MASSACHUSETTS,Attleboro,2502190,1024
MASSACHUSETTS,Auburn,2502220,303
MASSACHUSETTS,Avon,2502250,139
MASSACHUSETTS,Barnstable,2502310,795
MASSACHUSETTS,Bedford,2502400,458
MASSACHUSETTS,Belchertown,2502430,428
MASSACHUSETTS,Bellingham,2502460,400
MASSACHUSETTS,Belmont,2502490,617
MASSACHUSETTS,Berkley,2502520,140
MASSACHUSETTS,Berkshire Hills,2502530,212
MASSACHUSETTS,Berlin-Boylston,2502580,172
MASSACHUSETTS,Beverly,2502640,913
MASSACHUSETTS,Billerica,2502670,1056
MASSACHUSETTS,Blackstone Valley Regional Vocational Technical,2502710,154
MASSACHUSETTS,Blackstone-Millville,2502715,230
MASSACHUSETTS,Blue Hills Regional Vocational Technical,2502740,247
MASSACHUSETTS,Boston,2502790,9546
MASSACHUSETTS,Bourne,2502820,310
MASSACHUSETTS,Boxford,2502880,151
MASSACHUSETTS,Braintree,2502940,1128
MASSACHUSETTS,Brewster,2502970,77
MASSACHUSETTS,Bridgewater-Raynham,2503030,994
MASSACHUSETTS,Brimfield,2503060,32
MASSACHUSETTS,Bristol County Agricultural,2503070,86
MASSACHUSETTS,Bristol-Plymouth Regional Vocational Technical,2503080,199
MASSACHUSETTS,Brockton,2503090,2535
MASSACHUSETTS,Brookfield,2503120,28
MASSACHUSETTS,Brookline,2503150,1229
MASSACHUSETTS,Burlington,2503240,531
MASSACHUSETTS,Cambridge,2503270,1458
MASSACHUSETTS,Canton,2503300,497
MASSACHUSETTS,Cape Cod Regional Vocational Technical,2503310,148
MASSACHUSETTS,Carlisle,2503330,81
MASSACHUSETTS,Carver,2503360,284
MASSACHUSETTS,Central Berkshire,2503390,255
MASSACHUSETTS,Chelmsford,2503510,844
MASSACHUSETTS,Chelsea,2503540,1030
MASSACHUSETTS,Chicopee,2503660,1169
MASSACHUSETTS,Clarksburg,2503720,-8
MASSACHUSETTS,Clinton,2503750,384
MASSACHUSETTS,Cohasset,2503780,216
MASSACHUSETTS,Concord,2503840,334
MASSACHUSETTS,Concord-Carlisle,2503870,249
MASSACHUSETTS,Conway,2503900,25
MASSACHUSETTS,Danvers,2503990,608
MASSACHUSETTS,Dartmouth,2504020,634
MASSACHUSETTS,Dedham,2504050,522
MASSACHUSETTS,Deerfield,2504080,65
MASSACHUSETTS,Dennis-Yarmouth,2504140,462
MASSACHUSETTS,Dighton-Rehoboth,2504200,475
MASSACHUSETTS,Douglas,2504230,221
MASSACHUSETTS,Dover,2504260,73
MASSACHUSETTS,Dover-Sherborn,2504290,215
MASSACHUSETTS,Dracut,2504320,587
MASSACHUSETTS,Dudley-Charlton Reg,2504360,583
MASSACHUSETTS,Duxbury,2504410,316
MASSACHUSETTS,East Bridgewater,2504440,364
MASSACHUSETTS,East Longmeadow,2504500,507
MASSACHUSETTS,Eastham,2504530,-8
MASSACHUSETTS,Nauset,2504560,254
MASSACHUSETTS,Easthampton,2504590,329
MASSACHUSETTS,Easton,2504620,632
MASSACHUSETTS,Oak Bluffs,2504650,94
MASSACHUSETTS,Erving,2504710,21
MASSACHUSETTS,Everett,2504770,1098
MASSACHUSETTS,Fairhaven,2504800,320
MASSACHUSETTS,Fall River,2504830,2220
MASSACHUSETTS,Falmouth,2504860,605
MASSACHUSETTS,Fitchburg,2504890,1217
MASSACHUSETTS,Florida,2504920,17
MASSACHUSETTS,Foxborough,2504950,454
MASSACHUSETTS,Framingham,2504980,1959
MASSACHUSETTS,Franklin,2505010,874
MASSACHUSETTS,Franklin County Regional Vocational Technical,2505020,131
MASSACHUSETTS,Freetown-Lakeville,2505070,471
MASSACHUSETTS,Frontier,2505100,125
MASSACHUSETTS,Gardner,2505130,494
MASSACHUSETTS,Gateway,2505160,173
MASSACHUSETTS,Georgetown,2505220,211
MASSACHUSETTS,Gill-Montague,2505270,243
MASSACHUSETTS,Gloucester,2505280,693
MASSACHUSETTS,Gosnold,2505340,0
MASSACHUSETTS,Grafton,2505370,538
MASSACHUSETTS,Granby,2505400,144
MASSACHUSETTS,Greater Lawrence Regional Vocational Technical,2505470,204
MASSACHUSETTS,Greater Lowell Regional Vocational Technical,2505480,378
MASSACHUSETTS,Greater Fall River Regional Vocational Technical,2505485,140
MASSACHUSETTS,Greenfield,2505490,292
MASSACHUSETTS,Groton-Dunstable,2505500,372
MASSACHUSETTS,Hadley,2505580,80
MASSACHUSETTS,Halifax,2505610,-8
MASSACHUSETTS,Hamilton-Wenham,2505670,329
MASSACHUSETTS,Hampden-Wilbraham,2505730,467
MASSACHUSETTS,Hampshire,2505740,170
MASSACHUSETTS,Hancock,2505760,-8
MASSACHUSETTS,Hanover,2505790,537
MASSACHUSETTS,Harvard,2505880,102
MASSACHUSETTS,Hatfield,2505940,86
MASSACHUSETTS,Haverhill,2505970,1736
MASSACHUSETTS,Hawlemont,2506000,19
MASSACHUSETTS,Hingham,2506090,590
MASSACHUSETTS,Holbrook,2506150,256
MASSACHUSETTS,Holland,2506210,-8
MASSACHUSETTS,Holliston,2506240,477
MASSACHUSETTS,Holyoke,2506270,1464
MASSACHUSETTS,Hopedale,2506300,214
MASSACHUSETTS,Hopkinton,2506330,523
MASSACHUSETTS,Hudson,2506390,452
MASSACHUSETTS,Hull,2506420,158
MASSACHUSETTS,Ipswich,2506480,304
MASSACHUSETTS,King Philip,2506510,350
MASSACHUSETTS,Kingston,2506540,226
MASSACHUSETTS,Lawrence,2506660,2180
MASSACHUSETTS,Lee,2506690,103
MASSACHUSETTS,Leicester,2506720,265
MASSACHUSETTS,Lenox,2506750,78
MASSACHUSETTS,Leominster,2506780,1405
MASSACHUSETTS,Leverett,2506810,23
MASSACHUSETTS,Lexington,2506840,986
MASSACHUSETTS,Lincoln,2506900,182
MASSACHUSETTS,Lincoln-Sudbury,2506930,354
MASSACHUSETTS,Littleton,2506960,260
MASSACHUSETTS,Longmeadow,2506990,546
MASSACHUSETTS,Lowell,2507020,2530
MASSACHUSETTS,Ludlow,2507050,405
MASSACHUSETTS,Lunenburg,2507080,216
MASSACHUSETTS,Lynn,2507110,2751
MASSACHUSETTS,Lynnfield,2507140,374
MASSACHUSETTS,Malden,2507170,1009
MASSACHUSETTS,Mansfield,2507230,549
MASSACHUSETTS,Marblehead,2507260,540
MASSACHUSETTS,Marion,2507290,74
MASSACHUSETTS,Marlborough,2507320,669
MASSACHUSETTS,Marshfield,2507350,700
MASSACHUSETTS,Martha's Vineyard,2507380,156
MASSACHUSETTS,Masconomet,2507410,323
MASSACHUSETTS,Mashpee,2507440,209
MASSACHUSETTS,Mattapoisett,2507470,75
MASSACHUSETTS,Maynard,2507500,210
MASSACHUSETTS,Medfield,2507530,340
MASSACHUSETTS,Medford,2507560,838
MASSACHUSETTS,Medway,2507590,318
MASSACHUSETTS,Melrose,2507620,620
MASSACHUSETTS,Mendon-Upton,2507680,328
MASSACHUSETTS,Methuen,2507740,1289
MASSACHUSETTS,Middleborough,2507770,544
MASSACHUSETTS,Middleton,2507830,123
MASSACHUSETTS,Milford,2507860,715
MASSACHUSETTS,Millbury,2507890,320
MASSACHUSETTS,Millis,2507920,173
MASSACHUSETTS,Milton,2507980,721
MASSACHUSETTS,Minuteman Regional Vocational Technical,2507985,258
MASSACHUSETTS,Mohawk Trail,2507990,176
MASSACHUSETTS,Monson,2508040,179
MASSACHUSETTS,Montachusett Regional Vocational Technical,2508050,228
MASSACHUSETTS,Mount Greylock,2508160,179
MASSACHUSETTS,Nahant,2508220,-8
MASSACHUSETTS,Nantucket,2508250,296
MASSACHUSETTS,Narragansett,2508280,268
MASSACHUSETTS,Nashoba,2508310,511
MASSACHUSETTS,Nashoba Valley Regional Vocational Technical,2508320,244
MASSACHUSETTS,Natick,2508340,891
MASSACHUSETTS,Needham,2508370,989
MASSACHUSETTS,New Bedford,2508430,2680
MASSACHUSETTS,Greater New Bedford Regional Vocational Technical,2508440,237
MASSACHUSETTS,New Salem-Wendell,2508530,-8
MASSACHUSETTS,Newburyport,2508580,456
MASSACHUSETTS,Newton,2508610,2113
MASSACHUSETTS,Norfolk,2508640,167
MASSACHUSETTS,Norfolk County Agricultural,2508650,139
MASSACHUSETTS,North Adams,2508670,285
MASSACHUSETTS,North Andover,2508700,856
MASSACHUSETTS,North Attleborough,2508730,742
MASSACHUSETTS,North Brookfield,2508760,105
MASSACHUSETTS,North Middlesex,2508790,713
MASSACHUSETTS,North Reading,2508820,438
MASSACHUSETTS,Northampton,2508850,574
MASSACHUSETTS,Northampton-Smith Vocational Agricultural,2508860,226
MASSACHUSETTS,Northborough,2508880,359
MASSACHUSETTS,Northboro-Southboro,2508910,199
MASSACHUSETTS,Northbridge,2508940,350
MASSACHUSETTS,Northern Berkshire Regional Vocational Technical,2508950,80
MASSACHUSETTS,Northeast Metropolitan Regional Vocational Technical,2508960,307
MASSACHUSETTS,Norton,2509000,497
MASSACHUSETTS,Norwell,2509030,330
MASSACHUSETTS,Norwood,2509060,848
MASSACHUSETTS,Edgartown,2509090,92
MASSACHUSETTS,Old Colony Regional Vocational Technical,2509140,118
MASSACHUSETTS,Old Rochester,2509150,161
MASSACHUSETTS,Orange,2509180,143
MASSACHUSETTS,Orleans,2509210,27
MASSACHUSETTS,Oxford,2509270,283
MASSACHUSETTS,Palmer,2509300,241
MASSACHUSETTS,Pathfinder Regional Vocational Technical,2509310,154
MASSACHUSETTS,Peabody,2509360,1230
MASSACHUSETTS,Pelham,2509390,24
MASSACHUSETTS,Pembroke,2509420,426
MASSACHUSETTS,Pentucket,2509450,506
MASSACHUSETTS,Petersham,2509540,-8
MASSACHUSETTS,Pioneer Valley,2509600,114
MASSACHUSETTS,Pittsfield,2509630,1038
MASSACHUSETTS,Plainville,2509690,125
MASSACHUSETTS,Plymouth,2509720,1488
MASSACHUSETTS,Plympton,2509780,-8
MASSACHUSETTS,Provincetown,2509840,-8
MASSACHUSETTS,Quincy,2509870,1824
MASSACHUSETTS,Ralph C Mahar,2509900,152
MASSACHUSETTS,Randolph,2509930,530
MASSACHUSETTS,Reading,2509990,664
MASSACHUSETTS,Revere,2510050,1186
MASSACHUSETTS,Richmond,2510080,-8
MASSACHUSETTS,Rochester,2510140,90
MASSACHUSETTS,Rockland,2510170,359
MASSACHUSETTS,Rockport,2510200,171
MASSACHUSETTS,Rowe,2510230,21
MASSACHUSETTS,Salem,2510380,909
MASSACHUSETTS,Sandwich,2510470,418
MASSACHUSETTS,Saugus,2510500,383
MASSACHUSETTS,Savoy,2510530,-8
MASSACHUSETTS,Scituate,2510560,450
MASSACHUSETTS,Seekonk,2510590,381
MASSACHUSETTS,Shawsheen Valley Regional Vocational Technical,2510615,330
MASSACHUSETTS,Sharon,2510620,583
MASSACHUSETTS,Sherborn,2510710,63
MASSACHUSETTS,Shrewsbury,2510770,817
MASSACHUSETTS,Shutesbury,2510800,-8
MASSACHUSETTS,Silver Lake,2510830,261
MASSACHUSETTS,Somerset,2510860,294
MASSACHUSETTS,Somerville,2510890,928
MASSACHUSETTS,South Hadley,2510920,376
MASSACHUSETTS,South Shore Regional Vocational Technical,2510930,178
MASSACHUSETTS,Southampton,2510950,104
MASSACHUSETTS,Southborough,2510980,171
MASSACHUSETTS,Southbridge,2511010,452
MASSACHUSETTS,Southeastern Regional Vocational Technical,2511020,212
MASSACHUSETTS,Southern Berkshire,2511040,-8
MASSACHUSETTS,Southern Worcester County Regional Vocational District,2511050,165
MASSACHUSETTS,South Middlesex Regional Vocational Technical,2511060,277
MASSACHUSETTS,Springfield,2511130,5463
MASSACHUSETTS,Stoneham,2511220,451
MASSACHUSETTS,Stoughton,2511250,634
MASSACHUSETTS,Sturbridge,2511310,125
MASSACHUSETTS,Sudbury,2511340,516
MASSACHUSETTS,Sunderland,2511370,33
MASSACHUSETTS,Sutton,2511400,228
MASSACHUSETTS,Swampscott,2511430,414
MASSACHUSETTS,Swansea,2511460,276
MASSACHUSETTS,Tantasqua,2511490,238
MASSACHUSETTS,Taunton,2511520,1571
MASSACHUSETTS,Tewksbury,2511580,594
MASSACHUSETTS,Topsfield,2511670,124
MASSACHUSETTS,Truro,2511730,-8
MASSACHUSETTS,Tri-County Regional Vocational Technical,2511735,305
MASSACHUSETTS,Triton,2511740,423
MASSACHUSETTS,Tyngsborough,2511760,318
MASSACHUSETTS,Upper Cape Cod Regional Vocational Technical,2511800,193
MASSACHUSETTS,Uxbridge,2511850,298
MASSACHUSETTS,Wachusett,2511880,918
MASSACHUSETTS,Wakefield,2511910,561
MASSACHUSETTS,Wales,2511940,22
MASSACHUSETTS,Walpole,2511970,554
MASSACHUSETTS,Waltham,2512000,937
MASSACHUSETTS,Ware,2512030,211
MASSACHUSETTS,Wareham,2512060,523
MASSACHUSETTS,Quaboag Regional,2512100,234
MASSACHUSETTS,Watertown,2512180,473
MASSACHUSETTS,Wayland,2512210,488
MASSACHUSETTS,Webster,2512240,414
MASSACHUSETTS,Wellesley,2512270,697
MASSACHUSETTS,Wellfleet,2512300,11
MASSACHUSETTS,West Boylston,2512390,168
MASSACHUSETTS,West Bridgewater,2512420,170
MASSACHUSETTS,West Springfield,2512510,674
MASSACHUSETTS,Tisbury,2512570,50
MASSACHUSETTS,Westborough,2512600,571
MASSACHUSETTS,Westfield,2512630,1016
MASSACHUSETTS,Westford,2512660,697
MASSACHUSETTS,Westhampton,2512690,-8
MASSACHUSETTS,Weston,2512750,341
MASSACHUSETTS,Westport,2512780,292
MASSACHUSETTS,Westwood,2512810,610
MASSACHUSETTS,Weymouth,2512840,1225
MASSACHUSETTS,Whately,2512870,14
MASSACHUSETTS,Whitman-Hanson,2512930,594
MASSACHUSETTS,Whittier Regional Vocational Technical,2512950,221
MASSACHUSETTS,Williamsburg,2512990,13
MASSACHUSETTS,Wilmington,2513050,479
MASSACHUSETTS,Winchendon,2513080,217
MASSACHUSETTS,Winchester,2513110,671
MASSACHUSETTS,Winthrop,2513170,280
MASSACHUSETTS,Woburn,2513200,829
MASSACHUSETTS,Worcester,2513230,4911
MASSACHUSETTS,Worthington,2513260,14
MASSACHUSETTS,Wrentham,2513290,156
MASSACHUSETTS,Farmington River Reg,2513321,26
MICHIGAN,Michigan Department of Corrections,2600001,43
MICHIGAN,Michigan Department of Human Services,2600004,25
MICHIGAN,Battle Creek Public Schools,2600005,569
MICHIGAN,Bessemer Area School District,2600006,70
MICHIGAN,Harbor Beach Community Schools,2600007,94
MICHIGAN,Sigel Township S/D #3F,2600010,4
MICHIGAN,Sigel Township S/D #4F,2600011,-8
MICHIGAN,St. Ignace Area Schools,2600012,64
MICHIGAN,Marquette Area Public Schools,2600013,529
MICHIGAN,Ewen-Trout Creek Consolidated School District,2600014,21
MICHIGAN,Wayne-Westland Community School District,2600015,1630
MICHIGAN,Crestwood School District,2600016,262
MICHIGAN,Bad Axe Public Schools,2600017,176
MICHIGAN,L'Anse Area Schools,2600018,74
MICHIGAN,Superior Central School District,2600019,69
MICHIGAN,Windover High School,2600020,21
MICHIGAN,Bay-Arenac Community High School,2600067,37
MICHIGAN,Pansophia Academy,2600068,58
MICHIGAN,Concord Academy - Boyne,2600069,19
MICHIGAN,Charlevoix Academy,2600070,12
MICHIGAN,Joseph K. Lumsden Bahweting Anishnabe Academy,2600071,89
MICHIGAN,Island City Academy,2600073,10
MICHIGAN,Concord Academy - Petoskey,2600074,25
MICHIGAN,Woodland Park Academy,2600076,46
MICHIGAN,Woodland School,2600078,19
MICHIGAN,Cole Academy,2600079,43
MICHIGAN,Mid-Michigan Leadership Academy,2600082,42
MICHIGAN,Renaissance Public School Academy,2600087,56
MICHIGAN,Da Vinci Institute,2600088,83
MICHIGAN,New Branches Charter Academy,2600090,42
MICHIGAN,West MI Academy of Environmental Science,2600092,108
MICHIGAN,Excel Charter Academy,2600093,73
MICHIGAN,Byron Center Charter School,2600096,25
MICHIGAN,Vista Charter Academy,2600097,58
MICHIGAN,Vanguard Charter Academy,2600098,53
MICHIGAN,Kensington Woods Schools,2600099,23
MICHIGAN,Charyl Stockwell Academy,2600100,97
MICHIGAN,Macomb Academy,2600101,44
MICHIGAN,Nah Tah Wahsh Public School Academy,2600103,36
MICHIGAN,Big Jackson School District,2600105,-8
MICHIGAN,AGBU Alex-Marie Manoogian School,2600106,12
MICHIGAN,Walden Green Montessori,2600112,26
MICHIGAN,West MI Academy of Arts and Academics,2600113,67
MICHIGAN,Black River Public School,2600114,127
MICHIGAN,Vanderbilt Charter Academy,2600115,68
MICHIGAN,Honey Creek Community School,2600121,33
MICHIGAN,Plymouth Educational Center Charter School,2600125,29
MICHIGAN,Martin Luther King Jr. Education Center Academy,2600131,15
MICHIGAN,Eaton Academy,2600136,37
MICHIGAN,River Heights Academy,2600137,27
MICHIGAN,Cesar Chavez Academy,2600139,320
MICHIGAN,Commonwealth Community Development Academy,2600140,10
MICHIGAN,Countryside Academy,2600142,106
MICHIGAN,Hillsdale Preparatory School,2600143,24
MICHIGAN,Flat River Academy,2600145,23
MICHIGAN,Knapp Charter Academy,2600148,72
MICHIGAN,Walker Charter Academy,2600149,72
MICHIGAN,Cross Creek Charter Academy,2600150,70
MICHIGAN,Chatfield School,2600151,48
MICHIGAN,Casman Alternative Academy,2600152,18
MICHIGAN,North Star Montessori Academy,2600153,-8
MICHIGAN,Pontiac Academy for Excellence,2600156,40
MICHIGAN,Great Lakes Academy,2600157,16
MICHIGAN,Eagle Crest Charter Academy,2600159,85
MICHIGAN,Saginaw Preparatory Academy,2600161,59
MICHIGAN,Central Academy,2600163,45
MICHIGAN,Washtenaw Technical Middle College,2600164,21
MICHIGAN,Academy for Business and Technology,2600166,70
MICHIGAN,Chandler Park Academy,2600168,82
MICHIGAN,Marvin L. Winans Academy of Performing Arts,2600169,9
MICHIGAN,Detroit Community Schools,2600170,51
MICHIGAN,Henry Ford Academy,2600171,48
MICHIGAN,The Dearborn Academy,2600173,35
MICHIGAN,Detroit Academy of Arts and Sciences,2600174,69
MICHIGAN,Dove Academy of Detroit,2600175,41
MICHIGAN,Barack Obama Leadership Academy,2600178,20
MICHIGAN,Arbor Academy,2600181,23
MICHIGAN,Will Carleton Charter School Academy,2600182,37
MICHIGAN,Oakland Academy,2600184,15
MICHIGAN,William C. Abney Academy,2600185,43
MICHIGAN,Crossroads Charter Academy,2600186,32
MICHIGAN,Benton Harbor Charter School Academy,2600191,39
MICHIGAN,Endeavor Charter Academy,2600192,85
MICHIGAN,Grand Blanc Academy,2600193,47
MICHIGAN,Northridge Academy,2600194,20
MICHIGAN,International Academy of Flint,2600195,112
MICHIGAN,Linden Charter Academy,2600197,79
MICHIGAN,White Pine Academy,2600200,9
MICHIGAN,Windemere Park Charter Academy,2600203,84
MICHIGAN,Paragon Charter Academy,2600204,43
MICHIGAN,Paramount Charter Academy,2600206,59
MICHIGAN,Creative Technologies Academy,2600207,47
MICHIGAN,Ridge Park Charter Academy,2600208,59
MICHIGAN,Chandler Woods Charter Academy,2600209,68
MICHIGAN,Michigan Collegiate,2600210,118
MICHIGAN,Huron Academy,2600211,38
MICHIGAN,New Bedford Academy,2600213,15
MICHIGAN,Timberland Academy,2600214,78
MICHIGAN,Dr. Joseph F. Pollack Academic Center of Excellence,2600215,57
MICHIGAN,Holly Academy,2600216,41
MICHIGAN,Oakland International Academy,2600217,41
MICHIGAN,Francis Reh PSA,2600218,70
MICHIGAN,North Saginaw Charter Academy,2600219,79
MICHIGAN,Landmark Academy,2600220,123
MICHIGAN,South Arbor Charter Academy,2600223,55
MICHIGAN,George Crockett Academy,2600224,29
MICHIGAN,Summit Academy North,2600225,233
MICHIGAN,Voyageur Academy,2600227,79
MICHIGAN,Star International Academy,2600228,106
MICHIGAN,Hope Academy,2600229,36
MICHIGAN,Weston Preparatory Academy,2600230,37
MICHIGAN,Detroit Edison Public School Academy,2600232,59
MICHIGAN,David Ellis Academy,2600234,9
MICHIGAN,Universal Academy,2600237,42
MICHIGAN,Detroit Service Learning Academy,2600239,92
MICHIGAN,Old Redford Academy,2600242,91
MICHIGAN,Hope of Detroit Academy,2600243,124
MICHIGAN,Joy Preparatory Academy,2600244,14
MICHIGAN,West Village Academy,2600245,36
MICHIGAN,George Washington Carver Academy,2600249,25
MICHIGAN,Marshall Academy,2600250,58
MICHIGAN,Burton Glen Charter Academy,2600251,73
MICHIGAN,Grand Rapids Child Discovery Center,2600252,23
MICHIGAN,Walton Charter Academy,2600254,69
MICHIGAN,Advanced Technology Academy,2600255,83
MICHIGAN,Metro Charter Academy,2600262,58
MICHIGAN,Canton Charter Academy,2600263,58
MICHIGAN,State Street Academy,2600264,32
MICHIGAN,Grand Traverse Academy,2600265,82
MICHIGAN,Arts and Technology Academy of Pontiac,2600267,76
MICHIGAN,Presque Isle Academy,2600269,0
MICHIGAN,Creative Montessori Academy,2600270,150
MICHIGAN,Warrendale Charter Academy,2600271,62
MICHIGAN,Arts Academy in the Woods,2600273,70
MICHIGAN,Outlook Academy,2600274,20
MICHIGAN,Battle Creek Area Learning Center,2600275,47
MICHIGAN,Trillium Academy,2600277,102
MICHIGAN,Detroit Merit Charter Academy,2600278,48
MICHIGAN,Michigan School for the Deaf,2600280,0
MICHIGAN,Merritt Academy,2600281,73
MICHIGAN,Mt. Clemens Montessori Academy,2600283,20
MICHIGAN,Bradford Academy,2600284,126
MICHIGAN,Ojibwe Charter School,2600285,42
MICHIGAN,Richfield Public School Academy,2600286,89
MICHIGAN,Hamtramck Academy,2600287,22
MICHIGAN,Three Oaks Public School Academy,2600288,74
MICHIGAN,Keystone Academy,2600289,56
MICHIGAN,Riverside Academy,2600291,37
MICHIGAN,Life Skills Center of Pontiac,2600292,7
MICHIGAN,Great Oaks Academy,2600294,62
MICHIGAN,Crescent Academy,2600295,41
MICHIGAN,Laurus Academy,2600296,80
MICHIGAN,Mildred C. Wells Preparatory Academy,2600297,21
MICHIGAN,Universal Learning Academy,2600300,56
MICHIGAN,Frontier International Academy,2600301,20
MICHIGAN,Detroit Enterprise Academy,2600302,72
MICHIGAN,Hanley International Academy,2600305,60
MICHIGAN,Bridge Academy,2600306,42
MICHIGAN,Detroit Premier Academy,2600307,40
MICHIGAN,Academy of Warren,2600308,68
MICHIGAN,Prevail Academy,2600310,81
MICHIGAN,Triumph Academy,2600311,92
MICHIGAN,American Montessori Academy,2600312,50
MICHIGAN,Fortis Academy,2600314,62
MICHIGAN,Multicultural Academy,2600315,9
MICHIGAN,St. Clair County Intervention Academy,2600316,5
MICHIGAN,Madison Academy,2600317,51
MICHIGAN,Covenant House Academy Detroit,2600322,98
MICHIGAN,Academic and Career Education Academy,2600330,20
MICHIGAN,Taylor Exemplar Academy,2600331,62
MICHIGAN,David Ellis Academy West,2600333,46
MICHIGAN,Flagship Charter Academy,2600945,35
MICHIGAN,International Academy of Saginaw,2600946,6
MICHIGAN,Clara B. Ford Academy (SDA),2600947,21
MICHIGAN,Lighthouse Academy,2600949,112
MICHIGAN,Reach Charter Academy,2600950,62
MICHIGAN,Vista Meadows Academy,2600951,20
MICHIGAN,University Preparatory Science and Math (PSAD),2600952,98
MICHIGAN,Youth Advancement Academy,2600955,6
MICHIGAN,University Preparatory Academy (PSAD),2600956,196
MICHIGAN,Washington-Parks Academy,2600958,36
MICHIGAN,Lansing Charter Academy,2600959,61
MICHIGAN,Michigan Department of Community Health,2600960,0
MICHIGAN,University Preparatory Art & Design,2600961,142
MICHIGAN,Achieve Charter Academy,2600963,45
MICHIGAN,Four Corners Montessori Academy,2600964,28
MICHIGAN,Quest Charter Academy,2600965,77
MICHIGAN,Three Lakes Academy,2600966,15
MICHIGAN,Michigan Mathematics and Science Academy,2600967,68
MICHIGAN,Virtual Learning Academy of St. Clair County,2600968,18
MICHIGAN,Michigan Connections Academy,2600969,230
MICHIGAN,Leelanau Montessori Public School Academy,2600970,-8
MICHIGAN,University Yes Academy,2600971,25
MICHIGAN,Michigan Virtual Charter Academy,2600972,520
MICHIGAN,Global Heights Academy,2600973,21
MICHIGAN,Detroit Leadership Academy,2600974,95
MICHIGAN,West Michigan Aviation Academy,2600977,14
MICHIGAN,Legacy Charter Academy,2600979,50
MICHIGAN,DeTour Arts and Technology Academy,2600980,5
MICHIGAN,Wellspring Preparatory High School,2600981,30
MICHIGAN,Relevant Academy of Eaton County,2600982,17
MICHIGAN,The Greenspire School,2600983,61
MICHIGAN,FlexTech High School,2600984,24
MICHIGAN,Regent Park Scholars Charter Academy,2600985,65
MICHIGAN,American International Academy,2600986,82
MICHIGAN,Hope Academy of West Michigan,2600988,28
MICHIGAN,Arbor Preparatory High School,2600989,37
MICHIGAN,Forest Academy,2600990,7
MICHIGAN,Blue Water Middle College,2600992,3
MICHIGAN,Jalen Rose Leadership Academy,2600993,44
MICHIGAN,Noor International Academy,2600995,9
MICHIGAN,East Arbor Charter Academy,2600996,44
MICHIGAN,South Canton Scholars Charter Academy,2600997,62
MICHIGAN,New Paradigm Glazer-Loving Academy,2600998,25
MICHIGAN,Bay City Academy,2601000,83
MICHIGAN,Detroit Innovation Academy,2601003,30
MICHIGAN,WSC Academy,2601006,9
MICHIGAN,Madison-Carver Academy,2601008,38
MICHIGAN,Michigan Educational Choice Center,2601010,17
MICHIGAN,Innocademy,2601011,39
MICHIGAN,Rutherford Winans Academy,2601012,10
MICHIGAN,Capstone Academy Charter School (SDA),2601013,14
MICHIGAN,Highland Park Public School Academy System,2601014,25
MICHIGAN,Caniff Liberty Academy,2601016,16
MICHIGAN,NexTech High School,2601017,10
MICHIGAN,The New Standard Academy,2601018,54
MICHIGAN,Plymouth Scholars Charter Academy,2601020,74
MICHIGAN,South Pointe Scholars Charter Academy,2601021,81
MICHIGAN,W-A-Y Academy,2601023,18
MICHIGAN,Faxon Academy,2601027,7
MICHIGAN,Charlton Heston Academy,2601028,98
MICHIGAN,Muskegon Heights Public School Academy System,2601029,97
MICHIGAN,River City Scholars Charter Academy,2601031,45
MICHIGAN,Escuela Avancemos,2601032,27
MICHIGAN,MacDowell Preparatory Academy,2601033,18
MICHIGAN,Alternative Educational Academy of Iosco County,2601034,44
MICHIGAN,Macomb Montessori Academy,2601035,26
MICHIGAN,Tipton Academy,2601036,54
MICHIGAN,Greater Heights Academy,2601037,33
MICHIGAN,ICademy Global,2601040,33
MICHIGAN,Oakland County Academy of Media & Technology,2601041,8
MICHIGAN,Branch Line School,2601042,18
MICHIGAN,Oakland FlexTech High School,2601043,21
MICHIGAN,Jackson Preparatory & Early College,2601044,19
MICHIGAN,Momentum Academy,2601045,18
MICHIGAN,Kingsbury Country Day School,2601046,29
MICHIGAN,Rising Stars Academy,2601047,57
MICHIGAN,Detroit Achievement Academy,2601048,62
MICHIGAN,Great Lakes Learning Academy,2601050,136
MICHIGAN,The James and Grace Lee Boggs School,2601051,29
MICHIGAN,Waterford Montessori Academy,2601053,77
MICHIGAN,Battle Creek Montessori Academy,2601055,20
MICHIGAN,WAY Academy - Flint,2601056,8
MICHIGAN,LifeTech Academy,2601058,48
MICHIGAN,Taylor Preparatory High School,2601061,63
MICHIGAN,Detroit Public Safety Academy,2601062,45
MICHIGAN,Global Tech Academy,2601064,22
MICHIGAN,Covenant House Academy Grand Rapids,2601066,26
MICHIGAN,Muskegon Montessori Academy for Environmental Change,2601067,21
MICHIGAN,Oakside Prep Academy,2601068,119
MICHIGAN,Michigan Great Lakes Virtual Academy,2601070,555
MICHIGAN,Innocademy Allegan Campus,2601071,17
MICHIGAN,Blended Learning Academies Credit Recovery High School,2601072,45
MICHIGAN,WAY Michigan,2601074,19
MICHIGAN,New Paradigm College Prep,2601075,13
MICHIGAN,Pathways Academy,2601076,9
MICHIGAN,Insight School of Michigan,2601077,119
MICHIGAN,Canton Preparatory High School,2601080,50
MICHIGAN,Grand River Academy,2601082,60
MICHIGAN,Eagle's Nest Academy,2601083,16
MICHIGAN,Muskegon Covenant Academy,2601088,19
MICHIGAN,New School High,2601089,19
MICHIGAN,East Shore Leadership Academy,2601090,27
MICHIGAN,Alternative Educational Academy of Ogemaw County,2601092,26
MICHIGAN,Lake Superior Academy,2601093,12
MICHIGAN,Grand River Preparatory High School,2601095,32
MICHIGAN,Light of the World Academy,2601096,35
MICHIGAN,Gateway To Success Academy,2601097,27
MICHIGAN,Kalamazoo Covenant Academy,2601099,32
MICHIGAN,Keys Grace Academy,2601100,24
MICHIGAN,Cornerstone Jefferson-Douglass Academy,2601101,40
MICHIGAN,Detroit Public Schools Community District,2601103,6236
MICHIGAN,Success Virtual Learning Centers of Michigan,2601104,151
MICHIGAN,Saginaw Covenant Academy,2601106,33
MICHIGAN,Highpoint Virtual Academy of Michigan,2601107,324
MICHIGAN,Livingston Classical Academy,2601108,25
MICHIGAN,Inkster Preparatory Academy,2601110,15
MICHIGAN,Francis Street Primary School,2601111,4
MICHIGAN,Michigan Online School,2601112,155
MICHIGAN,Michigan International Prep School,2601114,131
MICHIGAN,Distinctive College Prep.,2601115,91
MICHIGAN,Pembroke Academy,2601116,17
MICHIGAN,Flex High School of Michigan,2601117,50
MICHIGAN,Lighthouse Connections Academy,2601118,378
MICHIGAN,Old Mission Peninsula School,2601119,15
MICHIGAN,Uplift Michigan Academy,2601120,154
MICHIGAN,Saginaw Academy of Excellence,2601121,8
MICHIGAN,Flextech High School Shepherd,2601122,12
MICHIGAN,Ivywood Classical Academy,2601123,50
MICHIGAN,Flint Cultural Center Academy,2601124,50
MICHIGAN,Westfield Charter Academy,2601125,187
MICHIGAN,Sigma Academy for Leadership and Early Middle College,2601129,10
MICHIGAN,Center Line Preparatory Academy,2601131,64
MICHIGAN,PrepNet Virtual Academy,2601132,154
MICHIGAN,Fostering Leadership Academy,2601133,14
MICHIGAN,New Dawn Academy of Warren,2601135,7
MICHIGAN,Bridge Academy of Southwest Michigan,2601136,17
MICHIGAN,Copper Island Academy,2601137,25
MICHIGAN,Lincoln-King Adams-Young Academy,2601139,128
MICHIGAN,Explore Academy-Livonia,2601140,-8
MICHIGAN,KIPP Detroit Imani Academy,2601141,0
MICHIGAN,Adams Township School District,2601890,46
MICHIGAN,Addison Community Schools,2601920,103
MICHIGAN,Adrian Public Schools,2601950,435
MICHIGAN,Airport Community Schools,2601980,345
MICHIGAN,Akron-Fairgrove Schools,2602010,30
MICHIGAN,Alba Public Schools,2602040,18
MICHIGAN,Alcona Community Schools,2602160,99
MICHIGAN,Algonac Community School District,2602190,204
MICHIGAN,Allegan Public Schools,2602220,246
MICHIGAN,Allen Park Public Schools,2602520,477
MICHIGAN,Allendale Public Schools,2602550,314
MICHIGAN,Alma Public Schools,2602640,325
MICHIGAN,Almont Community Schools,2602670,181
MICHIGAN,Alpena Public Schools,2602730,473
MICHIGAN,Anchor Bay School District,2602790,803
MICHIGAN,Ann Arbor Public Schools,2602820,2170
MICHIGAN,Armada Area Schools,2603240,199
MICHIGAN,Arvon Township School District,2603270,0
MICHIGAN,Ashley Community Schools,2603480,44
MICHIGAN,Athens Area Schools,2603510,85
MICHIGAN,Atherton Community Schools,2603540,152
MICHIGAN,Atlanta Community Schools,2603570,47
MICHIGAN,Au Gres-Sims School District,2603600,56
MICHIGAN,AuTrain-Onota Public Schools,2603660,3
MICHIGAN,Avondale School District,2603690,496
MICHIGAN,Baldwin Community Schools,2603810,109
MICHIGAN,Bangor Public Schools (Van Buren),2603870,117
MICHIGAN,Bangor Township Schools,2603900,272
MICHIGAN,Bangor Township S/D #8,2603960,0
MICHIGAN,Baraga Area Schools,2603990,68
MICHIGAN,Bark River-Harris School District,2604020,84
MICHIGAN,Bath Community Schools,2604170,121
MICHIGAN,Bay City School District,2604260,946
MICHIGAN,Beal City Public Schools,2604290,83
MICHIGAN,Bear Lake Schools,2604320,29
MICHIGAN,Beaver Island Community School,2604350,-8
MICHIGAN,Beaverton Schools,2604440,182
MICHIGAN,Bedford Public Schools,2604470,396
MICHIGAN,Beecher Community School District,2604500,83
MICHIGAN,Belding Area School District,2604530,254
MICHIGAN,Bellaire Public Schools,2604620,39
MICHIGAN,Bellevue Community Schools,2604650,115
MICHIGAN,Bendle Public Schools,2604740,140
MICHIGAN,Bentley Community School District,2604800,118
MICHIGAN,Benton Harbor Area Schools,2604830,259
MICHIGAN,Benzie County Central Schools,2604950,171
MICHIGAN,Berkley School District,2605010,341
MICHIGAN,Berlin Township S/D #3,2605100,0
MICHIGAN,Berrien Springs Public Schools,2605430,444
MICHIGAN,Big Bay De Noc School District,2605690,34
MICHIGAN,Big Rapids Public Schools,2605780,303
MICHIGAN,Birch Run Area Schools,2605820,270
MICHIGAN,Birmingham Public Schools,2605850,929
MICHIGAN,Blissfield Community Schools,2606000,139
MICHIGAN,Bloomfield Hills Schools,2606090,751
MICHIGAN,Bloomingdale Public School District,2606270,178
MICHIGAN,Bois Blanc Pines School District,2606300,-8
MICHIGAN,Boyne City Public Schools,2606500,154
MICHIGAN,Boyne Falls Public School District,2606510,36
MICHIGAN,Brandon School District in the Counties of Oakland and Lapee,2606570,286
MICHIGAN,Brandywine Community Schools,2606600,147
MICHIGAN,Breckenridge Community Schools,2606630,81
MICHIGAN,Breitung Township School District,2606720,329
MICHIGAN,Bridgeport-Spaulding Community School District,2606780,240
MICHIGAN,Bridgman Public Schools,2606840,118
MICHIGAN,Brighton Area Schools,2606870,744
MICHIGAN,Brimley Area Schools,2606900,64
MICHIGAN,Britton Deerfield Schools,2606930,57
MICHIGAN,Bronson Community School District,2606960,114
MICHIGAN,Columbia School District,2606990,205
MICHIGAN,Brown City Community Schools,2607040,114
MICHIGAN,Flat Rock Community Schools,2607080,278
MICHIGAN,Buchanan Community Schools,2607140,178
MICHIGAN,Buckley Community Schools,2607170,67
MICHIGAN,Bullock Creek School District,2607320,231
MICHIGAN,Burr Oak Community School District,2607410,51
MICHIGAN,Burt Township School District,2607470,7
MICHIGAN,Byron Area Schools,2607530,95
MICHIGAN,Byron Center Public Schools,2607560,405
MICHIGAN,Cadillac Area Public Schools,2607590,480
MICHIGAN,Caledonia Community Schools,2607620,535
MICHIGAN,Public Schools of Calumet Laurium & Keweenaw,2607690,184
MICHIGAN,Camden-Frontier School,2607710,57
MICHIGAN,Capac Community Schools,2607800,135
MICHIGAN,Carman-Ainsworth Community Schools,2607890,517
MICHIGAN,Carney-Nadeau Public Schools,2608010,41
MICHIGAN,Caro Community Schools,2608040,204
MICHIGAN,Carrollton Public Schools,2608070,339
MICHIGAN,Carson City-Crystal Area Schools,2608130,134
MICHIGAN,Carsonville-Port Sanilac School District,2608160,66
MICHIGAN,Caseville Public Schools,2608280,40
MICHIGAN,Cass City Public Schools,2608400,109
MICHIGAN,Cassopolis Public Schools,2608430,134
MICHIGAN,Cedar Springs Public Schools,2608520,412
MICHIGAN,Center Line Public Schools,2608580,300
MICHIGAN,Central Lake Public Schools,2608610,43
MICHIGAN,Central Montcalm Public Schools,2608640,185
MICHIGAN,Centreville Public Schools,2608670,105
MICHIGAN,Charlevoix Public Schools,2608730,117
MICHIGAN,Charlotte Public Schools,2608770,280
MICHIGAN,Chassell Township School District,2608880,31
MICHIGAN,Cheboygan Area Schools,2608910,157
MICHIGAN,Chelsea School District,2608940,242
MICHIGAN,Chesaning Union Schools,2609150,195
MICHIGAN,Chippewa Hills School District,2609560,245
MICHIGAN,Chippewa Valley Schools,2609570,1770
MICHIGAN,Church School District,2609630,6
MICHIGAN,Clare Public Schools,2609750,177
MICHIGAN,Clarenceville School District,2609840,173
MICHIGAN,Clarkston Community School District,2609900,946
MICHIGAN,Clawson Public Schools,2609930,244
MICHIGAN,Climax-Scotts Community Schools,2610020,53
MICHIGAN,Clinton Community Schools,2610050,114
MICHIGAN,Clintondale Community Schools,2610080,355
MICHIGAN,Clio Area School District,2610110,272
MICHIGAN,Coldwater Community Schools,2610140,250
MICHIGAN,Coleman Community Schools,2610200,115
MICHIGAN,Colfax Township S/D #1F,2610230,0
MICHIGAN,Coloma Community Schools,2610380,130
MICHIGAN,Colon Community School District,2610410,78
MICHIGAN,Fairview Area School District,2610560,50
MICHIGAN,Comstock Public Schools,2610590,262
MICHIGAN,Comstock Park Public Schools,2610620,228
MICHIGAN,Concord Community Schools,2610650,102
MICHIGAN,Constantine Public School District,2610750,169
MICHIGAN,Coopersville Area Public School District,2610830,361
MICHIGAN,Corunna Public Schools,2610860,313
MICHIGAN,Covert Public Schools,2610980,45
MICHIGAN,Crawford AuSable Schools,2611030,223
MICHIGAN,Croswell-Lexington Community Schools,2611140,264
MICHIGAN,Forest Park School District,2611190,75
MICHIGAN,Dansville Schools,2611400,-8
MICHIGAN,Davison Community Schools,2611430,646
MICHIGAN,DeWitt Public Schools,2611550,295
MICHIGAN,Dearborn City School District,2611600,1870
MICHIGAN,Dearborn Heights School District #7,2611610,318
MICHIGAN,Westwood Community School District,2611640,249
MICHIGAN,Decatur Public Schools,2611670,102
MICHIGAN,Deckerville Community School District,2611700,103
MICHIGAN,Delton Kellogg Schools,2611910,180
MICHIGAN,DeTour Area Schools,2611970,0
MICHIGAN,Dexter Community School District,2612030,429
MICHIGAN,Dowagiac Union School District,2612150,379
MICHIGAN,Dryden Community Schools,2612240,80
MICHIGAN,Dundee Community Schools,2612300,161
MICHIGAN,Durand Area Schools,2612330,220
MICHIGAN,East China School District,2612420,585
MICHIGAN,Eastpointe Community Schools,2612450,418
MICHIGAN,East Grand Rapids Public Schools,2612480,202
MICHIGAN,East Jackson Community Schools,2612540,155
MICHIGAN,East Jordan Public Schools,2612560,-8
MICHIGAN,East Lansing School District,2612600,366
MICHIGAN,Easton Township S/D #6,2612660,-8
MICHIGAN,Eaton Rapids Public Schools,2612690,293
MICHIGAN,Eau Claire Public Schools,2612810,54
MICHIGAN,Ecorse Public Schools,2612930,135
MICHIGAN,Montabella Community Schools,2612960,-8
MICHIGAN,Edwardsburg Public Schools,2612990,274
MICHIGAN,Elk Rapids Schools,2613050,148
MICHIGAN,Elkton-Pigeon-Bay Port Laker Schools,2613090,180
MICHIGAN,Ellsworth Community School,2613110,28
MICHIGAN,Elm River Township School District,2613140,0
MICHIGAN,Escanaba Area Public Schools,2613500,310
MICHIGAN,Essexville-Hampton Public Schools,2613530,131
MICHIGAN,Evart Public Schools,2613560,142
MICHIGAN,Excelsior Township S/D #1,2613680,-8
MICHIGAN,Farmington Public School District,2614070,1059
MICHIGAN,Farwell Area Schools,2614100,186
MICHIGAN,Fennville Public Schools,2614230,113
MICHIGAN,Fenton Area Public Schools,2614250,425
MICHIGAN,Ferndale Public Schools,2614280,357
MICHIGAN,Fitzgerald Public Schools,2614460,296
MICHIGAN,Flint School District of the City of,2614520,615
MICHIGAN,Flushing Community Schools,2614550,500
MICHIGAN,Forest Area Community Schools,2614570,93
MICHIGAN,Forest Hills Public Schools,2614610,851
MICHIGAN,Gwinn Area Community Schools,2614690,199
MICHIGAN,Fowler Public Schools,2614700,64
MICHIGAN,Fowlerville Community Schools,2614730,323
MICHIGAN,Frankenmuth School District,2614760,142
MICHIGAN,Frankfort-Elberta Area Schools,2614790,-8
MICHIGAN,Fraser Public Schools,2614820,579
MICHIGAN,Freeland Community School District,2615060,165
MICHIGAN,Fremont Public School District,2615150,246
MICHIGAN,Fruitport Community Schools,2615390,421
MICHIGAN,Fulton Schools,2615420,99
MICHIGAN,Galesburg-Augusta Community Schools,2615450,146
MICHIGAN,Glenn Public School District,2615510,3
MICHIGAN,Garden City Public Schools,2615540,617
MICHIGAN,Engadine Consolidated Schools,2615600,-8
MICHIGAN,Gaylord Community Schools,2615730,316
MICHIGAN,Genesee School District,2615750,129
MICHIGAN,Roscommon Area Public Schools,2615830,122
MICHIGAN,Gibraltar School District,2615870,536
MICHIGAN,Gladstone Area Schools,2615970,172
MICHIGAN,Gladwin Community Schools,2615990,283
MICHIGAN,Glen Lake Community Schools,2616020,77
MICHIGAN,Gobles Public School District,2616050,104
MICHIGAN,Godfrey-Lee Public Schools,2616080,207
MICHIGAN,Godwin Heights Public Schools,2616110,272
MICHIGAN,Goodrich Area Schools,2616320,182
MICHIGAN,Grand Blanc Community Schools,2616350,973
MICHIGAN,Grand Haven Area Public Schools,2616380,751
MICHIGAN,Grand Ledge Public Schools,2616410,652
MICHIGAN,Grand Rapids Public Schools,2616440,2108
MICHIGAN,Grandville Public Schools,2616470,605
MICHIGAN,Grant Public School District,2616500,237
MICHIGAN,Grant Township S/D #2,2616560,-8
MICHIGAN,Grass Lake Community Schools,2616830,153
MICHIGAN,Greenville Public Schools,2617160,443
MICHIGAN,Grosse Ile Township Schools,2617220,184
MICHIGAN,Gull Lake Community Schools,2617250,308
MICHIGAN,Hagar Township S/D #6,2617340,11
MICHIGAN,Hale Area Schools,2617370,55
MICHIGAN,Hamilton Community Schools,2617400,330
MICHIGAN,Hamtramck School District of the City of,2617520,-8
MICHIGAN,Hancock Public Schools,2617550,71
MICHIGAN,Hanover-Horton School District,2617640,102
MICHIGAN,Harbor Springs School District,2617700,64
MICHIGAN,Harper Creek Community Schools,2617730,363
MICHIGAN,Harper Woods The School District of the City of,2617760,245
MICHIGAN,Harrison Community Schools,2617820,251
MICHIGAN,Hart Public School District,2617860,182
MICHIGAN,Hartford Public Schools,2617880,155
MICHIGAN,Hartland Consolidated Schools,2617910,477
MICHIGAN,Haslett Public Schools,2617940,288
MICHIGAN,Hastings Area School District,2617970,367
MICHIGAN,Hazel Park School District of the City of,2618030,444
MICHIGAN,Hemlock Public School District,2618180,183
MICHIGAN,Hesperia Community Schools,2618270,186
MICHIGAN,Hillman Community Schools,2618360,56
MICHIGAN,Hillsdale Community Schools,2618390,169
MICHIGAN,Holland City School District,2618420,516
MICHIGAN,Holly Area School District,2618450,451
MICHIGAN,Holt Public Schools,2618480,688
MICHIGAN,Holton Public Schools,2618510,143
MICHIGAN,Homer Community School District,2618540,184
MICHIGAN,Hopkins Public Schools,2618570,125
MICHIGAN,Houghton Lake Community Schools,2618600,159
MICHIGAN,Howell Public Schools,2618720,907
MICHIGAN,Hudson Area Schools,2618810,151
MICHIGAN,Hudsonville Public School District,2618840,827
MICHIGAN,Huron School District,2618930,415
MICHIGAN,Huron Valley Schools,2618990,1100
MICHIGAN,Ida Public School District,2619050,-8
MICHIGAN,Imlay City Community Schools,2619100,199
MICHIGAN,Inland Lakes Schools,2619170,69
MICHIGAN,Ionia Public Schools,2619250,478
MICHIGAN,Ionia Township S/D #2,2619290,5
MICHIGAN,Iron Mountain Public Schools,2619410,110
MICHIGAN,Ironwood Area Schools of Gogebic County,2619470,136
MICHIGAN,Ishpeming Public School District No. 1,2619530,163
MICHIGAN,Ithaca Public Schools,2619580,187
MICHIGAN,Jackson Public Schools,2619620,627
MICHIGAN,Jefferson Schools (Monroe),2619800,265
MICHIGAN,Jenison Public Schools,2619830,508
MICHIGAN,Johannesburg-Lewiston Area Schools,2619890,87
MICHIGAN,Jonesville Community Schools,2619920,119
MICHIGAN,Kalamazoo Public Schools,2619950,1593
MICHIGAN,Kaleva Norman Dickson School District,2620010,85
MICHIGAN,Kalkaska Public Schools,2620050,261
MICHIGAN,Kearsley Community School District,2620070,448
MICHIGAN,Kelloggsville Public Schools,2620160,265
MICHIGAN,Kenowa Hills Public Schools,2620280,454
MICHIGAN,Kent City Community Schools,2620310,143
MICHIGAN,Kentwood Public Schools,2620340,1281
MICHIGAN,Kingsley Area Schools,2620380,169
MICHIGAN,Kingston Community School District,2620400,64
MICHIGAN,Laingsburg Community Schools,2620550,141
MICHIGAN,Lake City Area School District,2620610,132
MICHIGAN,Lake Fenton Community Schools,2620670,213
MICHIGAN,Lake Linden-Hubbell School District,2620700,71
MICHIGAN,Lake Orion Community Schools,2620730,742
MICHIGAN,Lakeshore School District (Berrien),2620820,291
MICHIGAN,Lakeview Sch. District (Calhoun),2620850,539
MICHIGAN,Lakeview Public Schools (Macomb),2620880,523
MICHIGAN,Lakeview Community Schools (Montcalm),2620910,180
MICHIGAN,LakeVille Community School District,2620940,111
MICHIGAN,Lakewood Public Schools,2620980,190
MICHIGAN,Lamphere Public Schools,2621120,358
MICHIGAN,Lansing Public School District,2621150,1686
MICHIGAN,Lapeer Community Schools,2621180,733
MICHIGAN,Lawrence Public Schools,2621210,68
MICHIGAN,Lawton Community School District,2621240,144
MICHIGAN,Leland Public School District,2621390,37
MICHIGAN,Les Cheneaux Community Schools,2621420,20
MICHIGAN,Leslie Public Schools,2621450,113
MICHIGAN,Lincoln Consolidated School District,2621570,732
MICHIGAN,Lincoln Park School District of the City of,2621600,788
MICHIGAN,Linden Community Schools,2621690,369
MICHIGAN,Litchfield Community Schools,2621750,35
MICHIGAN,Alanson Public Schools,2621810,51
MICHIGAN,Livonia Public Schools School District,2621840,1591
MICHIGAN,L'Anse Creuse Public Schools,2621870,1245
MICHIGAN,Lowell Area Schools,2622050,340
MICHIGAN,Ludington Area School District,2622200,301
MICHIGAN,Mackinac Island Public Schools,2622230,6
MICHIGAN,Mackinaw City Public Schools,2622260,11
MICHIGAN,Madison District Public Schools,2622290,118
MICHIGAN,Madison School District (Lenawee),2622320,221
MICHIGAN,Mancelona Public Schools,2622350,129
MICHIGAN,Manchester Community Schools,2622380,88
MICHIGAN,Manistee Area Public Schools,2622410,160
MICHIGAN,Manistique Area Schools,2622470,92
MICHIGAN,Manton Consolidated Schools,2622500,143
MICHIGAN,Maple Valley Schools,2622620,129
MICHIGAN,Marcellus Community Schools,2622740,86
MICHIGAN,Marion Public Schools,2622800,83
MICHIGAN,Mar Lee School District,2622830,70
MICHIGAN,Marlette Community Schools,2622860,125
MICHIGAN,Marshall Public Schools,2622970,468
MICHIGAN,Martin Public Schools,2622980,61
MICHIGAN,Marysville Public Schools,2623040,226
MICHIGAN,Mason Public Schools (Ingham),2623070,310
MICHIGAN,Mason Consolidated Schools (Monroe),2623100,-8
MICHIGAN,Mason County Central Schools,2623130,211
MICHIGAN,Mason County Eastern Schools,2623160,72
MICHIGAN,Mattawan Consolidated School,2623250,394
MICHIGAN,Mayville Community School District,2623280,88
MICHIGAN,McBain Rural Agricultural Schools,2623310,109
MICHIGAN,Melvindale-Northern Allen Park Schools,2623460,304
MICHIGAN,Memphis Community Schools,2623490,135
MICHIGAN,Mendon Community School District,2623520,47
MICHIGAN,Menominee Area Public Schools,2623550,216
MICHIGAN,Meridian Public Schools,2623580,215
MICHIGAN,Merrill Community Schools,2623610,114
MICHIGAN,Mesick Consolidated Schools,2623670,106
MICHIGAN,Michigan Center School District,2623790,213
MICHIGAN,Midland Public Schools,2623820,1169
MICHIGAN,Mid Peninsula School District,2623830,46
MICHIGAN,Milan Area Schools,2623850,277
MICHIGAN,Millington Community Schools,2623910,160
MICHIGAN,Mio-AuSable Schools,2624000,105
MICHIGAN,Mona Shores Public School District,2624120,468
MICHIGAN,Monroe Public Schools,2624150,711
MICHIGAN,Montague Area Public Schools,2624180,251
MICHIGAN,Montrose Community Schools,2624420,190
MICHIGAN,Moran Township School District,2624540,20
MICHIGAN,Morenci Area Schools,2624570,77
MICHIGAN,Morley Stanwood Community Schools,2624600,177
MICHIGAN,Morrice Area Schools,2624630,86
MICHIGAN,Mount Clemens Community School District,2624690,177
MICHIGAN,Mt. Morris Consolidated Schools,2624720,283
MICHIGAN,Mt. Pleasant City School District,2624750,584
MICHIGAN,Munising Public Schools,2624810,114
MICHIGAN,Muskegon Public Schools of the City of,2624840,421
MICHIGAN,Napoleon Community Schools,2624960,161
MICHIGAN,Negaunee Public Schools,2625020,175
MICHIGAN,New Buffalo Area Schools,2625140,79
MICHIGAN,New Haven Community Schools,2625230,187
MICHIGAN,New Lothrop Area Public Schools,2625290,102
MICHIGAN,Newaygo Public School District,2625320,177
MICHIGAN,Tahquamenon Area Schools,2625350,76
MICHIGAN,NICE Community School District,2625400,213
MICHIGAN,Niles Community Schools,2625560,473
MICHIGAN,North Adams-Jerome Public Schools,2625650,48
MICHIGAN,North Branch Area Schools,2625680,346
MICHIGAN,Grosse Pointe Public Schools,2625740,851
MICHIGAN,North Huron School District,2625780,53
MICHIGAN,North Muskegon Public Schools,2625800,96
MICHIGAN,Northport Public School District,2625920,18
MICHIGAN,Northview Public Schools,2625950,350
MICHIGAN,Northville Public Schools,2625980,631
MICHIGAN,Northwest Community Schools,2626010,470
MICHIGAN,Norway-Vulcan Area Schools,2626040,83
MICHIGAN,Nottawa Community School,2626100,19
MICHIGAN,Novi Community School District,2626130,433
MICHIGAN,Oak Park School District of the City of,2626190,305
MICHIGAN,Oakridge Public Schools,2626220,266
MICHIGAN,Okemos Public Schools,2626280,479
MICHIGAN,Olivet Community Schools,2626370,187
MICHIGAN,Onaway Area Community School District,2626400,33
MICHIGAN,Oneida Township S/D #3,2626430,-8
MICHIGAN,Onekama Consolidated Schools,2626490,53
MICHIGAN,Onsted Community Schools,2626520,199
MICHIGAN,Ontonagon Area School District,2626550,51
MICHIGAN,Orchard View Schools,2626760,384
MICHIGAN,Dollar Bay-Tamarack City Area Schools,2626940,40
MICHIGAN,Oscoda Area Schools,2626970,144
MICHIGAN,Otsego Public Schools,2627060,263
MICHIGAN,Ovid-Elsie Area Schools,2627150,201
MICHIGAN,Owendale-Gagetown Area School District,2627180,28
MICHIGAN,Owosso Public Schools,2627210,487
MICHIGAN,Oxford Community Schools,2627240,651
MICHIGAN,Parchment School District,2627420,209
MICHIGAN,Paw Paw Public School District,2627660,284
MICHIGAN,Peck Community School District,2627690,-8
MICHIGAN,Pellston Public Schools,2627720,73
MICHIGAN,Pennfield Schools,2627810,305
MICHIGAN,Pentwater Public School District,2627840,35
MICHIGAN,Perry Public Schools,2627900,174
MICHIGAN,Public Schools of Petoskey,2627930,329
MICHIGAN,Pewamo-Westphalia Community Schools,2627960,54
MICHIGAN,Pickford Public Schools,2628020,80
MICHIGAN,Pinckney Community Schools,2628140,281
MICHIGAN,Pinconning Area Schools,2628170,157
MICHIGAN,Pine River Area Schools,2628200,126
MICHIGAN,Pittsford Area Schools,2628500,43
MICHIGAN,Plainwell Community Schools,2628530,289
MICHIGAN,Plymouth-Canton Community Schools,2628560,1661
MICHIGAN,Pontiac City School District,2628740,513
MICHIGAN,Port Huron Area School District,2628830,921
MICHIGAN,Houghton-Portage Township School District,2628890,122
MICHIGAN,Portage Public Schools,2628950,796
MICHIGAN,Portland Public Schools,2629120,234
MICHIGAN,Posen Consolidated School District No. 9,2629130,14
MICHIGAN,Potterville Public Schools,2629160,81
MICHIGAN,Powell Township Schools,2629190,-8
MICHIGAN,North Central Area Schools,2629220,36
MICHIGAN,Quincy Community Schools,2629250,133
MICHIGAN,Rapid River Public Schools,2629340,34
MICHIGAN,Ravenna Public Schools,2629370,106
MICHIGAN,Reading Community Schools,2629400,97
MICHIGAN,Redford Union Schools District No. 1,2629460,461
MICHIGAN,Reed City Area Public Schools,2629490,190
MICHIGAN,Reese Public Schools,2629520,69
MICHIGAN,Reeths-Puffer Schools,2629540,488
MICHIGAN,Republic-Michigamme Schools,2629580,12
MICHIGAN,Richmond Community Schools,2629670,159
MICHIGAN,River Rouge School District of the City of,2629760,-8
MICHIGAN,River Valley School District,2629790,-8
MICHIGAN,Riverview Community School District,2629910,331
MICHIGAN,Rochester Community School District,2629940,1595
MICHIGAN,Rockford Public Schools,2630030,614
MICHIGAN,Rogers City Area Schools,2630060,61
MICHIGAN,Romeo Community Schools,2630090,569
MICHIGAN,Romulus Community Schools,2630120,338
MICHIGAN,Roseville Community Schools,2630210,604
MICHIGAN,Royal Oak Schools,2630300,697
MICHIGAN,Rudyard Area Schools,2630360,91
MICHIGAN,Saginaw School District of the City of,2630390,724
MICHIGAN,Saginaw Township Community Schools,2630450,736
MICHIGAN,North Dickinson County Schools,2630480,44
MICHIGAN,Saline Area Schools,2630660,691
MICHIGAN,Sand Creek Community Schools,2630780,109
MICHIGAN,Sandusky Community School District,2630840,130
MICHIGAN,Saranac Community Schools,2630930,141
MICHIGAN,Saugatuck Public Schools,2630960,-8
MICHIGAN,Sault Ste. Marie Area Schools,2630990,304
MICHIGAN,Schoolcraft Community Schools,2631020,114
MICHIGAN,Shelby Public Schools,2631320,173
MICHIGAN,Shepherd Public Schools,2631380,342
MICHIGAN,Sodus Township S/D #5,2632070,8
MICHIGAN,South Lake Schools,2632220,209
MICHIGAN,South Lyon Community Schools,2632250,1092
MICHIGAN,South Redford School District,2632280,397
MICHIGAN,South Haven Public Schools,2632300,267
MICHIGAN,Southfield Public School District,2632310,674
MICHIGAN,Southgate Community School District,2632340,683
MICHIGAN,Sparta Area Schools,2632370,373
MICHIGAN,Spring Lake Public Schools,2632550,234
MICHIGAN,Springport Public Schools,2632610,126
MICHIGAN,St. Charles Community Schools,2632640,152
MICHIGAN,Lake Shore Public Schools (Macomb),2632670,556
MICHIGAN,St. Johns Public Schools,2632820,311
MICHIGAN,St. Joseph Public Schools,2632850,257
MICHIGAN,St. Louis Public Schools,2632880,148
MICHIGAN,West Iron County Public Schools,2632910,131
MICHIGAN,Standish-Sterling Community Schools,2632940,231
MICHIGAN,Stanton Township Public Schools,2632970,9
MICHIGAN,Stephenson Area Public Schools,2633000,54
MICHIGAN,Stockbridge Community Schools,2633030,-8
MICHIGAN,Sturgis Public Schools,2633090,323
MICHIGAN,Summerfield Schools,2633120,45
MICHIGAN,Suttons Bay Public Schools,2633360,80
MICHIGAN,Swan Valley School District,2633410,239
MICHIGAN,Swartz Creek Community Schools,2633420,509
MICHIGAN,Tawas Area Schools,2633510,155
MICHIGAN,Taylor School District,2633540,1205
MICHIGAN,Tecumseh Public Schools,2633720,358
MICHIGAN,Tekonsha Community Schools,2633750,34
MICHIGAN,Thornapple Kellogg School District,2633810,350
MICHIGAN,Three Rivers Community Schools,2633840,285
MICHIGAN,Traverse City Area Public Schools,2633870,1177
MICHIGAN,Trenton Public Schools,2633900,357
MICHIGAN,Tri County Area Schools,2633930,289
MICHIGAN,Troy School District,2634260,1078
MICHIGAN,Ubly Community Schools,2634380,86
MICHIGAN,Union City Community Schools,2634410,174
MICHIGAN,Unionville-Sebewaing Area S.D.,2634440,48
MICHIGAN,Utica Community Schools,2634470,3088
MICHIGAN,Van Buren Public Schools,2634560,662
MICHIGAN,Vanderbilt Area Schools,2634620,16
MICHIGAN,Vandercook Lake Public Schools,2634650,138
MICHIGAN,Van Dyke Public Schools,2634680,338
MICHIGAN,Vassar Public Schools,2634710,182
MICHIGAN,Verona Township S/D #1F,2634860,4
MICHIGAN,Vestaburg Community Schools,2634920,133
MICHIGAN,Vicksburg Community Schools,2634950,248
MICHIGAN,Wakefield-Marenisco School District,2635010,40
MICHIGAN,Waldron Area Schools,2635040,64
MICHIGAN,Walkerville Public Schools,2635130,78
MICHIGAN,Walled Lake Consolidated Schools,2635160,1654
MICHIGAN,Warren Consolidated Schools,2635190,1543
MICHIGAN,Warren Woods Public Schools,2635220,490
MICHIGAN,Waterford School District,2635310,1149
MICHIGAN,Watersmeet Township School District,2635340,33
MICHIGAN,Watervliet School District,2635460,-8
MICHIGAN,Waverly Community Schools,2635520,503
MICHIGAN,Wayland Union Schools,2635550,310
MICHIGAN,Webberville Community Schools,2635730,81
MICHIGAN,Wells Township School District,2635790,6
MICHIGAN,West Bloomfield School District,2635820,544
MICHIGAN,West Branch-Rose City Area Schools,2635850,178
MICHIGAN,West Ottawa Public School District,2635910,684
MICHIGAN,Western School District,2635940,334
MICHIGAN,Westwood Heights Schools,2635970,129
MICHIGAN,White Cloud Public Schools,2636060,162
MICHIGAN,White Pigeon Community Schools,2636120,121
MICHIGAN,Whitefish Township Schools,2636240,15
MICHIGAN,Whiteford Agricultural School District of the Counties of Le,2636270,-8
MICHIGAN,Whitehall District Schools,2636300,229
MICHIGAN,Whitmore Lake Public School District,2636330,143
MICHIGAN,Whittemore-Prescott Area Schools,2636390,157
MICHIGAN,Williamston Community Schools,2636420,201
MICHIGAN,Wolverine Community School District,2636480,28
MICHIGAN,Woodhaven-Brownstown School District,2636485,798
MICHIGAN,Wyandotte School District of the City of,2636540,1014
MICHIGAN,Wyoming Public Schools,2636570,499
MICHIGAN,Yale Public Schools,2636600,240
MICHIGAN,Ypsilanti Community Schools,2636630,615
MICHIGAN,Zeeland Public Schools,2636660,664
MICHIGAN,Wexford-Missaukee ISD,2680000,111
MICHIGAN,Allegan Area Educational Service Agency,2680100,99
MICHIGAN,Alpena-Montmorency-Alcona ESD,2680120,40
MICHIGAN,Barry ISD,2680140,57
MICHIGAN,Berrien RESA,2680160,254
MICHIGAN,Branch ISD,2680180,256
MICHIGAN,Calhoun Intermediate School District,2680200,250
MICHIGAN,Heritage Southwest Intermediate School District,2680220,101
MICHIGAN,Charlevoix-Emmet ISD,2680240,95
MICHIGAN,Cheb-Otsego-Presque Isle ESD,2680260,73
MICHIGAN,Eastern Upper Peninsula ISD,2680280,57
MICHIGAN,Clare-Gladwin Regional Education Service District,2680300,49
MICHIGAN,Clinton County RESA,2680320,50
MICHIGAN,Delta-Schoolcraft ISD,2680340,77
MICHIGAN,Dickinson-Iron ISD,2680360,56
MICHIGAN,Eaton RESA,2680380,80
MICHIGAN,Genesee ISD,2680400,673
MICHIGAN,Gogebic-Ontonagon ISD,2680420,48
MICHIGAN,Northwest Education Services,2680440,265
MICHIGAN,Gratiot-Isabella RESD,2680460,162
MICHIGAN,Hillsdale ISD,2680480,39
MICHIGAN,Huron ISD,2680500,71
MICHIGAN,Bay-Arenac ISD,2680504,140
MICHIGAN,Copper Country ISD,2680505,75
MICHIGAN,Ingham ISD,2680520,162
MICHIGAN,Ionia ISD,2680540,121
MICHIGAN,Iosco RESA,2680560,41
MICHIGAN,Jackson ISD,2680580,470
MICHIGAN,Kalamazoo RESA,2680600,380
MICHIGAN,Kent ISD,2680620,518
MICHIGAN,Lapeer ISD,2680660,-8
MICHIGAN,Lenawee ISD,2680680,142
MICHIGAN,Livingston ESA,2680700,138
MICHIGAN,Macomb ISD,2680720,1028
MICHIGAN,Manistee ISD,2680740,48
MICHIGAN,Marquette-Alger RESA,2680750,16
MICHIGAN,West Shore Educational Service District,2680755,114
MICHIGAN,Mecosta-Osceola ISD,2680770,108
MICHIGAN,Menominee ISD,2680790,13
MICHIGAN,Midland County Educational Service Agency,2680800,146
MICHIGAN,Monroe ISD,2680820,575
MICHIGAN,Montcalm Area ISD,2680830,161
MICHIGAN,Muskegon Area ISD,2680850,135
MICHIGAN,Newaygo County RESA,2680860,25
MICHIGAN,Oakland Schools,2680880,5
MICHIGAN,Ottawa Area ISD,2680900,229
MICHIGAN,C.O.O.R. ISD,2680920,47
MICHIGAN,Saginaw ISD,2680930,276
MICHIGAN,St. Clair County RESA,2680940,-8
MICHIGAN,St. Joseph County ISD,2680960,97
MICHIGAN,Sanilac ISD,2680965,57
MICHIGAN,Shiawassee Regional ESD,2680975,202
MICHIGAN,Tuscola ISD,2680980,90
MICHIGAN,Van Buren ISD,2680985,182
MICHIGAN,Washtenaw ISD,2680990,157
MICHIGAN,Wayne RESA,2680995,45
MICHIGAN,Muskegon Maritime Academy,2680996,0
MICHIGAN,Pittsfield Acres Academy,2680997,0
MICHIGAN,SER YouthBuild Learning Academy,2680998,0
MINNESOTA,MOUNTAIN IRON-BUHL SCHOOL DISTRICT,2700001,89
MINNESOTA,United South Central Schools,2700005,160
MINNESOTA,MAPLE RIVER SCHOOL DISTRICT,2700006,159
MINNESOTA,KINGSLAND PUBLIC SCHOOL DISTRICT,2700007,118
MINNESOTA,ST. LOUIS COUNTY SCHOOL DISTRICT,2700008,429
MINNESOTA,WATERVILLE-ELYSIAN-MORRISTOWN,2700013,136
MINNESOTA,Freshwater Education District,2700014,NA
MINNESOTA,CHISAGO LAKES SCHOOL DISTRICT,2700017,441
MINNESOTA,MINNEWASKA SCHOOL DISTRICT,2700019,246
MINNESOTA,WADENA-DEER CREEK SCHOOL DISTRICT,2700022,322
MINNESOTA,Buffalo Lake-Hector-Stewart,2700023,101
MINNESOTA,WARREN-ALVARADO-OSLO SCHOOL DIST.,2700024,87
MINNESOTA,INTERMEDIATE SCHOOL DISTRICT 917,2700026,NA
MINNESOTA,METRO DEAF SCHOOL,2700028,122
MINNESOTA,Lake Agassiz Education Cooperative,2700040,NA
MINNESOTA,Midwest Special Education Co-op,2700041,NA
MINNESOTA,FERGUS FALLS AREA SP. ED. COOP.,2700043,NA
MINNESOTA,MEEKER AND WRIGHT SPECIAL EDUCATION,2700045,NA
MINNESOTA,SOUTHERN PLAINS EDUCATION COOP.,2700046,NA
MINNESOTA,BEMIDJI REGIONAL INTERDIST. COUNCIL,2700051,NA
MINNESOTA,ZUMBRO EDUCATION DISTRICT,2700054,NA
MINNESOTA,Hiawatha Valley Education District,2700055,NA
MINNESOTA,Minnesota Valley Education District,2700063,NA
MINNESOTA,Benton-Stearns Education District,2700071,NA
MINNESOTA,Mid-State Education District,2700073,NA
MINNESOTA,LAKEVIEW SCHOOL DISTRICT,2700088,84
MINNESOTA,NRHEG SCHOOL DISTRICT,2700089,118
MINNESOTA,Murray County Central Schools,2700090,116
MINNESOTA,MACCRAY School District,2700091,156
MINNESOTA,Minnesota New Country School,2700092,73
MINNESOTA,PACT CHARTER SCHOOL,2700093,136
MINNESOTA,Athlos Leadership Academy,2700096,69
MINNESOTA,YELLOW MEDICINE EAST,2700099,191
MINNESOTA,FILLMORE CENTRAL,2700100,-8
MINNESOTA,NORMAN COUNTY EAST SCHOOL DISTRICT,2700101,57
MINNESOTA,SIBLEY EAST SCHOOL DISTRICT,2700102,215
MINNESOTA,CLEARBROOK-GONVICK SCHOOL DISTRICT,2700103,69
MINNESOTA,WEST CENTRAL AREA,2700104,164
MINNESOTA,BELGRADE-BROOTEN-ELROSA SCHOOL DIST,2700105,97
MINNESOTA,A.C.G.C. Public School District,2700106,178
MINNESOTA,Greenbush Middle River Schools,2700107,62
MINNESOTA,PIPESTONE AREA SCHOOL DISTRICT,2700108,210
MINNESOTA,Long Prairie-Grey Eagle School Dist,2700109,248
MINNESOTA,CEDAR MOUNTAIN SCHOOL DISTRICT,2700110,82
MINNESOTA,COMMUNITY OF PEACE ACADEMY,2700115,-8
MINNESOTA,WORLD LEARNER CHARTER SCHOOL,2700116,48
MINNESOTA,Minnesota Transitions Charter Sch,2700117,1041
MINNESOTA,ACHIEVE LANGUAGE ACADEMY,2700118,-8
MINNESOTA,HOWARD LAKE-WAVERLY-WINSTED,2700123,223
MINNESOTA,FAIRMONT AREA SCHOOL DISTRICT,2700124,315
MINNESOTA,Lac qui Parle Valley Schools,2700125,189
MINNESOTA,STEPHEN-ARGYLE CENTRAL SCHOOLS,2700127,-8
MINNESOTA,GLENCOE-SILVER LAKE SCHOOL DISTRICT,2700128,299
MINNESOTA,MINNESOTA STATE ACADEMIES,2700129,103
MINNESOTA,Blue Earth Area School District,2700130,194
MINNESOTA,RED ROCK CENTRAL SCHOOL DISTRICT,2700132,-8
MINNESOTA,DULUTH PUBLIC SCHOOLS ACADEMY,2700133,244
MINNESOTA,CYBER VILLAGE ACADEMY,2700138,67
MINNESOTA,E.C.H.O. CHARTER SCHOOL,2700139,17
MINNESOTA,HIGHER GROUND ACADEMY,2700140,37
MINNESOTA,ST. PAUL CITY SCHOOL,2700142,-8
MINNESOTA,GLENVILLE-EMMONS SCHOOL DISTRICT,2700148,39
MINNESOTA,CLINTON-GRACEVILLE-BEARDSLEY,2700150,60
MINNESOTA,LIFE PREP,2700156,18
MINNESOTA,FACE TO FACE ACADEMY,2700157,25
MINNESOTA,SOJOURNER TRUTH ACADEMY,2700159,44
MINNESOTA,HIGH SCHOOL FOR RECORDING ARTS,2700160,71
MINNESOTA,LAKE PARK AUDUBON SCHOOL DISTRICT,2700162,131
MINNESOTA,Renville County West Schools,2700163,121
MINNESOTA,MATH AND SCIENCE ACADEMY,2700167,37
MINNESOTA,NORTHWEST PASSAGE HIGH SCHOOL,2700173,52
MINNESOTA,NORTH LAKES ACADEMY,2700177,151
MINNESOTA,La Crescent Montessori & STEM Schoo,2700178,22
MINNESOTA,NERSTRAND CHARTER SCHOOL,2700179,19
MINNESOTA,Rosa Parks Charter High School,2700180,17
MINNESOTA,EL COLEGIO CHARTER SCHOOL,2700181,18
MINNESOTA,REDWOOD AREA SCHOOL DISTRICT,2700182,271
MINNESOTA,WESTBROOK-WALNUT GROVE SCHOOLS,2700183,78
MINNESOTA,EXCELL ACADEMY CHARTER,2700184,-8
MINNESOTA,ACADEMIA CESAR CHAVEZ CHARTER SCH.,2700185,65
MINNESOTA,AFSA HIGH SCHOOL,2700186,100
MINNESOTA,AVALON SCHOOL,2700187,130
MINNESOTA,Twin Cities International Schools,2700189,49
MINNESOTA,Friendship Academy of the Arts,2700190,31
MINNESOTA,PILLAGER AREA CHARTER SCHOOL,2700191,15
MINNESOTA,Discovery Public School - Faribault,2700192,25
MINNESOTA,BLUESKY CHARTER SCHOOL,2700193,138
MINNESOTA,RIDGEWAY COMMUNITY SCHOOL,2700194,3
MINNESOTA,NORTH SHORE COMMUNITY SCHOOL,2700208,36
MINNESOTA,HARBOR CITY INTERNATIONAL CHARTER,2700209,24
MINNESOTA,SAGE ACADEMY CHARTER SCHOOL,2700211,21
MINNESOTA,PRAIRIE CREEK COMMUNITY SCHOOL,2700212,36
MINNESOTA,WATERSHED HIGH SCHOOL,2700213,22
MINNESOTA,New Century Academy,2700214,41
MINNESOTA,CROSSLAKE COMMUNITY CHARTER SCHOOL,2700218,95
MINNESOTA,AURORA CHARTER SCHOOL,2700220,51
MINNESOTA,Riverway Learning Community Charter,2700221,36
MINNESOTA,SCHOOLCRAFT LEARNING COMMUNITY CHTR,2700225,47
MINNESOTA,Kato Public Charter School,2700226,17
MINNESOTA,HOPE COMMUNITY ACADEMY,2700230,52
MINNESOTA,JACKSON COUNTY CENTRAL SCHOOL DIST.,2700231,226
MINNESOTA,TRIO WOLF CREEK DISTANCE LEARNING,2700235,36
MINNESOTA,"PARTNERSHIP ACADEMY, INC.",2700237,85
MINNESOTA,PRAIRIE SEEDS ACADEMY,2700240,91
MINNESOTA,TEAM ACADEMY,2700241,19
MINNESOTA,METRO SCHOOLS CHARTER,2700245,53
MINNESOTA,Twin Cities Academy,2700246,91
MINNESOTA,ROCHESTER MATH AND SCIENCE ACADEMY,2700247,35
MINNESOTA,Swan River Montessori Charter Sch,2700249,30
MINNESOTA,STRIDE Academy,2700252,54
MINNESOTA,New Millennium Academy,2700253,49
MINNESOTA,GREEN ISLE COMMUNITY SCHOOL,2700254,8
MINNESOTA,BIRCH GROVE COMMUNITY SCHOOL,2700255,7
MINNESOTA,NORTHERN LIGHTS COMMUNITY SCHOOL,2700256,33
MINNESOTA,MINNESOTA ONLINE HIGH SCHOOL,2700260,52
MINNESOTA,EDVISIONS OFF CAMPUS SCHOOL,2700261,41
MINNESOTA,Twin Cities German Immersion Chtr,2700262,74
MINNESOTA,Midway Star Academy,2700263,26
MINNESOTA,MINNESOTA DEPARTMENT OF CORRECTIONS,2700272,66
MINNESOTA,LOVEWORKS ACADEMY FOR ARTS,2700273,15
MINNESOTA,NAYTAHWAUSH COMMUNITY SCHOOL,2700275,24
MINNESOTA,SPECTRUM HIGH SCHOOL,2700276,87
MINNESOTA,NEW DISCOVERIES MONTESSORI ACADEMY,2700277,87
MINNESOTA,SOUTHSIDE FAMILY CHARTER SCHOOL,2700278,16
MINNESOTA,YINGHUA ACADEMY,2700281,61
MINNESOTA,Seven Hills Preparatory Academy,2700284,122
MINNESOTA,PLAINVIEW-ELGIN-MILLVILLE,2700287,185
MINNESOTA,HIAWATHA ACADEMIES,2700288,213
MINNESOTA,Stonebridge World School,2700289,32
MINNESOTA,EAST RANGE ACADEMY OF TECH-SCIENCE,2700291,36
MINNESOTA,LAURA JEFFREY ACADEMY CHARTER,2700292,13
MINNESOTA,GLACIAL HILLS ELEMENTARY,2700293,26
MINNESOTA,RTR PUBLIC SCHOOLS,2700294,95
MINNESOTA,NOBLE ACADEMY,2700295,30
MINNESOTA,International Spanish Language Acad,2700296,29
MINNESOTA,Lincoln International High School,2700299,6
MINNESOTA,COMMUNITY SCHOOL OF EXCELLENCE,2700304,-8
MINNESOTA,KIPP MINNESOTA CHARTER SCHOOL,2700308,72
MINNESOTA,BEST ACADEMY,2700309,65
MINNESOTA,ASPEN ACADEMY,2700311,88
MINNESOTA,GLOBAL ACADEMY,2700313,31
MINNESOTA,LIONSGATE ACADEMY,2700315,374
MINNESOTA,Legacy of Dr Josie R Johnson Montes,2700316,14
MINNESOTA,COLOGNE ACADEMY,2700319,94
MINNESOTA,DAVINCI ACADEMY,2700320,139
MINNESOTA,OSHKI OGIMAAG CHARTER SCHOOL,2700321,6
MINNESOTA,CANNON RIVER STEM SCHOOL,2700324,34
MINNESOTA,COLLEGE PREPARATORY ELEMENTARY,2700325,14
MINNESOTA,TRACY AREA PUBLIC SCHOOL DISTRICT,2700326,142
MINNESOTA,SOUTHERN MN EDUCATION CONSORTIUM,2700327,NA
MINNESOTA,ORTONVILLE PUBLIC SCHOOLS,2700328,113
MINNESOTA,PARNASSUS PREPARATORY CHARTER SCH,2700333,94
MINNESOTA,Hennepin Schools,2700335,33
MINNESOTA,Nova Classical Academy,2700337,88
MINNESOTA,GREAT EXPECTATIONS,2700339,42
MINNESOTA,MINNESOTA INTERNSHIP CENTER,2700341,58
MINNESOTA,HMONG COLLEGE PREP ACADEMY,2700342,251
MINNESOTA,Paladin Career and Tech High School,2700343,63
MINNESOTA,GREAT RIVER SCHOOL,2700344,124
MINNESOTA,TREKNORTH HIGH SCHOOL,2700345,82
MINNESOTA,VOYAGEURS EXPEDITIONARY,2700346,44
MINNESOTA,PIM Arts High School,2700349,66
MINNESOTA,AUGSBURG FAIRVIEW ACADEMY,2700350,27
MINNESOTA,ST PAUL CONSERVATORY PERFORMING ART,2700351,28
MINNESOTA,Spero Academy,2700352,182
MINNESOTA,Urban Academy,2700353,48
MINNESOTA,NEW CITY SCHOOL,2700354,40
MINNESOTA,ARCADIA CHARTER SCHOOL,2700355,45
MINNESOTA,Lakes International Language Academ,2700358,172
MINNESOTA,KALEIDOSCOPE CHARTER SCHOOL,2700360,125
MINNESOTA,ACADEMIC ARTS HIGH SCHOOL,2700361,43
MINNESOTA,ST. CROIX PREPARATORY ACADEMY,2700362,171
MINNESOTA,UBAH MEDICAL ACADEMY CHARTER SCHOOL,2700363,8
MINNESOTA,EAGLE RIDGE ACADEMY CHARTER SCHOOL,2700364,90
MINNESOTA,BEACON ACADEMY,2700366,82
MINNESOTA,STEP Academy,2700367,44
MINNESOTA,CORNERSTONE MONTESSORI ELEMENTARY,2700368,23
MINNESOTA,Discovery Woods,2700369,32
MINNESOTA,ROCHESTER STEM ACADEMY,2700370,10
MINNESOTA,Vermilion Country School,2700372,13
MINNESOTA,Upper Mississippi Academy,2700376,66
MINNESOTA,NASHA SHKOLA CHARTER SCHOOL,2700378,3
MINNESOTA,TRI-CITY UNITED SCHOOL DISTRICT,2700379,405
MINNESOTA,Prodeo Academy,2700380,134
MINNESOTA,BRANDON-EVANSVILLE PUBLIC SCHOOLS,2700382,97
MINNESOTA,MORRIS AREA PUBLIC SCHOOLS,2700383,164
MINNESOTA,Venture Academy,2700384,77
MINNESOTA,RED LAKE COUNTY CENTRAL PUBLIC SCH,2700385,-8
MINNESOTA,Sejong Academy of Minnesota,2700386,24
MINNESOTA,ROUND LAKE-BREWSTER PUBLIC SCHOOLS,2700388,52
MINNESOTA,TECHNICAL ACADEMIES OF MINNESOTA,2700389,48
MINNESOTA,Star of the North Academy Charter S,2700390,17
MINNESOTA,Discovery Charter School,2700391,37
MINNESOTA,Universal Academy Charter School,2700393,20
MINNESOTA,Agamim Classical Academy,2700394,43
MINNESOTA,Saint Cloud Math and Science Academ,2700395,25
MINNESOTA,Bdote Learning Center,2700396,15
MINNESOTA,Art and Science Academy,2700397,64
MINNESOTA,Northeast College Prep,2700398,41
MINNESOTA,Minnesota Math and Science Academy,2700399,28
MINNESOTA,Woodbury Leadership Academy,2700401,83
MINNESOTA,Career Pathways,2700402,15
MINNESOTA,Jane Goodall Environmental Sciences,2700403,38
MINNESOTA,Success Academy,2700404,10
MINNESOTA,Minnesota Excellence in Learning Ac,2700406,-8
MINNESOTA,Level Up Academy,2700408,44
MINNESOTA,New Century School,2700410,36
MINNESOTA,Rochester Beacon Academy,2700412,71
MINNESOTA,Sherburne and Northern Wright Speci,2700413,NA
MINNESOTA,Twin Lakes STEM Academy,2700415,13
MINNESOTA,North Metro Flex Academy,2700423,51
MINNESOTA,FIT Academy,2700425,74
MINNESOTA,Phoenix Academy Charter School,2700429,14
MINNESOTA,Athlos Academy of Saint Cloud,2700430,49
MINNESOTA,Skyline Math and Science Academy,2700433,10
MINNESOTA,Marine Area Community School,2700437,65
MINNESOTA,The Journey School,2700438,20
MINNESOTA,SciTech Academy Charter School,2700439,8
MINNESOTA,Progeny Academy Charter School,2700444,9
MINNESOTA,Gateway STEM Academy,2700445,9
MINNESOTA,Minnesota Wildflower Montessori Sch,2700446,-8
MINNESOTA,Three Rivers Montessori School,2700449,35
MINNESOTA,Horizon Science Academy Twin Cities,2700450,8
MINNESOTA,Quantum STEAM Academy Charter,2700451,11
MINNESOTA,STEAM Academy Charter School,2700453,3
MINNESOTA,Great Oaks Academy Charter School,2700454,30
MINNESOTA,Aurora Waasakone Community of Learn,2700455,36
MINNESOTA,Modern Montessori Charter School,2700456,36
MINNESOTA,St. Paul School of Northern Lights,2700458,64
MINNESOTA,Notre Ecole Academy,2700459,5
MINNESOTA,Exploration High School,2700462,16
MINNESOTA,Innovation Sci & Tech Academy,2700464,3
MINNESOTA,Aspire Academy Charter School,2700465,7
MINNESOTA,Rock Ridge Public Schools,2700466,405
MINNESOTA,Escuela Exitos Charter School,2700467,16
MINNESOTA,Gentry Academy Charter School,2700468,9
MINNESOTA,Aim Academy of Science & Technology,2700469,8
MINNESOTA,Oak Hill Montessori Community,2700473,13
MINNESOTA,Kalon Prep Academy,2700474,39
MINNESOTA,Creekstone Montessori Charter,2700475,17
MINNESOTA,Rollingstone Community School,2700477,10
MINNESOTA,Ada-Borup-West Public Schools,2700480,99
MINNESOTA,Bultum Academy Charter School,2700481,5
MINNESOTA,Endazhi-Nitaawiging,2700484,4
MINNESOTA,NORTHEAST METRO 916,2702264,NA
MINNESOTA,LESTER PRAIRIE PUBLIC SCHOOL DIST.,2702640,90
MINNESOTA,SOUTHLAND PUBLIC SCHOOL DISTRICT,2702720,91
MINNESOTA,ADRIAN PUBLIC SCHOOL DISTRICT,2702730,56
MINNESOTA,AITKIN PUBLIC SCHOOL DISTRICT,2702760,170
MINNESOTA,WALKER-HACKENSACK-AKELEY SCHL. DIST,2702910,201
MINNESOTA,ALBANY PUBLIC SCHOOL DISTRICT,2702930,319
MINNESOTA,ALBERT LEA PUBLIC SCHOOL DISTRICT,2702970,619
MINNESOTA,ALDEN-CONGER PUBLIC SCHOOL DISTRICT,2703030,-8
MINNESOTA,ALEXANDRIA PUBLIC SCHOOL DISTRICT,2703060,706
MINNESOTA,ANNANDALE PUBLIC SCHOOL DISTRICT,2703150,289
MINNESOTA,Anoka-Hennepin School District,2703180,6390
MINNESOTA,ASHBY PUBLIC SCHOOL DISTRICT,2703300,-8
MINNESOTA,AUSTIN PUBLIC SCHOOL DISTRICT,2703450,970
MINNESOTA,BADGER PUBLIC SCHOOL DISTRICT,2703540,-8
MINNESOTA,BAGLEY PUBLIC SCHOOL DISTRICT,2703570,151
MINNESOTA,BARNESVILLE PUBLIC SCHOOL DIST.,2703660,118
MINNESOTA,BARNUM PUBLIC SCHOOL DISTRICT,2703690,104
MINNESOTA,BATTLE LAKE PUBLIC SCHOOL DISTRICT,2703750,65
MINNESOTA,BECKER PUBLIC SCHOOL DISTRICT,2703870,396
MINNESOTA,BELLE PLAINE PUBLIC SCHOOL DISTRICT,2704050,289
MINNESOTA,BEMIDJI PUBLIC SCHOOL DISTRICT,2704440,1032
MINNESOTA,BENSON PUBLIC SCHOOL DISTRICT,2704470,167
MINNESOTA,BERTHA-HEWITT PUBLIC SCHOOL DIST.,2705430,101
MINNESOTA,BIG LAKE PUBLIC SCHOOL DISTRICT,2705460,660
MINNESOTA,BIRD ISLAND-OLIVIA-LAKE LILLIAN,2705660,105
MINNESOTA,BLACKDUCK PUBLIC SCHOOL DISTRICT,2705730,105
MINNESOTA,BLOOMING PRAIRIE PUBLIC SCHOOL DIST,2705760,123
MINNESOTA,BLOOMINGTON PUBLIC SCHOOL DISTRICT,2705790,1681
MINNESOTA,BLUFFVIEW MONTESSORI,2705850,18
MINNESOTA,BRAHAM PUBLIC SCHOOL DISTRICT,2706060,162
MINNESOTA,BRAINERD PUBLIC SCHOOL DISTRICT,2706090,1392
MINNESOTA,BRECKENRIDGE PUBLIC SCHOOL DISTRICT,2706150,172
MINNESOTA,BROOKLYN CENTER SCHOOL DISTRICT,2706240,235
MINNESOTA,BROWERVILLE PUBLIC SCHOOL DISTRICT,2706300,104
MINNESOTA,Browns Valley Public School Dist,2707110,-8
MINNESOTA,Buffalo-Hanover-Montrose Schools,2707200,1063
MINNESOTA,Burnsville-Eagan-Savage Schools,2707290,1492
MINNESOTA,Butterfield-Odin Public Schools,2707320,34
MINNESOTA,BYRON PUBLIC SCHOOL DISTRICT,2707350,213
MINNESOTA,CALEDONIA PUBLIC SCHOOL DISTRICT,2707380,142
MINNESOTA,CAMBRIDGE-ISANTI PUBLIC SCHOOL DIST,2707410,907
MINNESOTA,Campbell-Tintah Public Schools,2707450,26
MINNESOTA,CANBY PUBLIC SCHOOL DISTRICT,2707470,85
MINNESOTA,CANNON FALLS PUBLIC SCHOOL DISTRICT,2707500,194
MINNESOTA,CARLTON PUBLIC SCHOOL DISTRICT,2707590,112
MINNESOTA,CASS LAKE-BENA PUBLIC SCHOOLS,2708070,222
MINNESOTA,CENTENNIAL PUBLIC SCHOOL DISTRICT,2708100,939
MINNESOTA,EASTERN CARVER COUNTY PUBLIC SCHOOL,2708190,1452
MINNESOTA,CHATFIELD PUBLIC SCHOOLS,2708220,113
MINNESOTA,FRANCONIA PUBLIC SCHOOL DISTRICT,2708880,3
MINNESOTA,CHISHOLM PUBLIC SCHOOL DISTRICT,2708910,170
MINNESOTA,Chokio-Alberta Public Schools,2708940,-8
MINNESOTA,CLEVELAND PUBLIC SCHOOL DISTRICT,2709330,-8
MINNESOTA,CLIMAX-SHELLY PUBLIC SCHOOLS,2709360,-8
MINNESOTA,CLOQUET PUBLIC SCHOOL DISTRICT,2709420,508
MINNESOTA,ROCORI PUBLIC SCHOOL DISTRICT,2709440,263
MINNESOTA,GREENWAY PUBLIC SCHOOL DISTRICT,2709480,297
MINNESOTA,COLUMBIA HEIGHTS PUBLIC SCHOOL DIST,2709510,513
MINNESOTA,COMFREY PUBLIC SCHOOL DISTRICT,2709540,29
MINNESOTA,CROMWELL-WRIGHT PUBLIC SCHOOLS,2709690,37
MINNESOTA,CROOKSTON PUBLIC SCHOOL DISTRICT,2709720,292
MINNESOTA,CROSBY-IRONTON PUBLIC SCHOOL DIST.,2709750,252
MINNESOTA,Dassel-Cokato Public Schools,2710060,239
MINNESOTA,DAWSON-BOYD PUBLIC SCHOOL DISTRICT,2710090,85
MINNESOTA,DEER RIVER PUBLIC SCHOOL DISTRICT,2710140,204
MINNESOTA,DELANO PUBLIC SCHOOL DISTRICT,2710170,348
MINNESOTA,DETROIT LAKES PUBLIC SCHOOL DIST.,2710230,518
MINNESOTA,DILWORTH-GLYNDON-FELTON,2710260,212
MINNESOTA,DOVER-EYOTA PUBLIC SCHOOL DISTRICT,2711010,100
MINNESOTA,DULUTH PUBLIC SCHOOL DISTRICT,2711040,1706
MINNESOTA,EAST CENTRAL SCHOOL DISTRICT,2711085,140
MINNESOTA,East Grand Forks Public Schools,2711130,370
MINNESOTA,EDEN VALLEY-WATKINS SCHOOL DISTRICT,2711190,152
MINNESOTA,EDGERTON PUBLIC SCHOOL DISTRICT,2711220,37
MINNESOTA,EDINA PUBLIC SCHOOL DISTRICT,2711250,955
MINNESOTA,Elk River Public School District,2711370,2179
MINNESOTA,ELLSWORTH PUBLIC SCHOOL DISTRICT,2711460,26
MINNESOTA,ELY PUBLIC SCHOOL DISTRICT,2711520,-8
MINNESOTA,MINNETONKA PUBLIC SCHOOL DISTRICT,2711670,919
MINNESOTA,FARIBAULT PUBLIC SCHOOL DISTRICT,2711760,722
MINNESOTA,FARMINGTON PUBLIC SCHOOL DISTRICT,2711820,1265
MINNESOTA,FERGUS FALLS PUBLIC SCHOOL DISTRICT,2711880,434
MINNESOTA,FERTILE-BELTRAMI SCHOOL DISTRICT,2711910,-8
MINNESOTA,FISHER PUBLIC SCHOOL DISTRICT,2712180,26
MINNESOTA,FLOODWOOD PUBLIC SCHOOL DISTRICT,2712210,-8
MINNESOTA,FOLEY PUBLIC SCHOOL DISTRICT,2712240,291
MINNESOTA,FOREST LAKE PUBLIC SCHOOL DISTRICT,2712270,1009
MINNESOTA,FOSSTON PUBLIC SCHOOL DISTRICT,2712300,90
MINNESOTA,FRAZEE-VERGAS PUBLIC SCHOOL DIST.,2712360,224
MINNESOTA,FRIDLEY PUBLIC SCHOOL DISTRICT,2712420,337
MINNESOTA,FULDA PUBLIC SCHOOL DISTRICT,2712480,-8
MINNESOTA,GFW Public Schools,2712580,165
MINNESOTA,GOODHUE PUBLIC SCHOOL DISTRICT,2712900,58
MINNESOTA,GOODRIDGE PUBLIC SCHOOL DISTRICT,2713020,-8
MINNESOTA,Granada Huntley East Chain,2713040,29
MINNESOTA,COOK COUNTY PUBLIC SCHOOLS,2713110,104
MINNESOTA,GRAND MEADOW PUBLIC SCHOOL DISTRICT,2713140,49
MINNESOTA,GRAND RAPIDS PUBLIC SCHOOL DISTRICT,2713170,730
MINNESOTA,HANCOCK PUBLIC SCHOOL DISTRICT,2713380,54
MINNESOTA,HASTINGS PUBLIC SCHOOL DISTRICT,2713530,642
MINNESOTA,HAWLEY PUBLIC SCHOOL DISTRICT,2713560,133
MINNESOTA,HAYFIELD PUBLIC SCHOOL DISTRICT,2713590,113
MINNESOTA,HENDRICKS PUBLIC SCHOOL DISTRICT,2713680,15
MINNESOTA,HENNING PUBLIC SCHOOL DISTRICT,2713860,62
MINNESOTA,HERMAN-NORCROSS SCHOOL DISTRICT,2713890,-8
MINNESOTA,Hermantown Community Schools,2713920,265
MINNESOTA,HERON LAKE-OKABENA SCHOOL DISTRICT,2713930,-8
MINNESOTA,HIBBING PUBLIC SCHOOL DISTRICT,2713980,520
MINNESOTA,HILL CITY PUBLIC SCHOOL DISTRICT,2714010,54
MINNESOTA,HILLS-BEAVER CREEK SCHOOL DISTRICT,2714040,-8
MINNESOTA,HINCKLEY-FINLAYSON SCHOOL DISTRICT,2714070,205
MINNESOTA,HOLDINGFORD PUBLIC SCHOOL DISTRICT,2714190,114
MINNESOTA,EDEN PRAIRIE PUBLIC SCHOOL DISTRICT,2714220,1023
MINNESOTA,HOPKINS PUBLIC SCHOOL DISTRICT,2714260,1034
MINNESOTA,HOUSTON PUBLIC SCHOOL DISTRICT,2714280,82
MINNESOTA,HUTCHINSON PUBLIC SCHOOL DISTRICT,2714970,425
MINNESOTA,INTERNATIONAL FALLS SCHOOL DISTRICT,2715000,213
MINNESOTA,INVER GROVE HEIGHTS SCHOOLS,2715030,573
MINNESOTA,ISLE PUBLIC SCHOOL DISTRICT,2715510,-8
MINNESOTA,IVANHOE PUBLIC SCHOOL DISTRICT,2715540,29
MINNESOTA,JORDAN PUBLIC SCHOOL DISTRICT,2715750,300
MINNESOTA,PRINSBURG PUBLIC SCHOOL DISTRICT,2716830,21
MINNESOTA,KASSON-MANTORVILLE SCHOOL DISTRICT,2716980,285
MINNESOTA,KELLIHER PUBLIC SCHOOL DISTRICT,2717010,-8
MINNESOTA,KENYON-WANAMINGO SCHOOL DISTRICT,2717100,128
MINNESOTA,KERKHOVEN-MURDOCK-SUNBURG,2717120,85
MINNESOTA,KIMBALL PUBLIC SCHOOL DISTRICT,2717220,143
MINNESOTA,LA CRESCENT-HOKAH SCHOOL DISTRICT,2717250,164
MINNESOTA,LAKE BENTON PUBLIC SCHOOL DISTRICT,2717460,24
MINNESOTA,LAKE CITY PUBLIC SCHOOL DISTRICT,2717520,159
MINNESOTA,LAKE OF THE WOODS SCHOOL DISTRICT,2717570,55
MINNESOTA,Lakeville Area Schools,2717780,1724
MINNESOTA,LANCASTER PUBLIC SCHOOL DISTRICT,2717880,30
MINNESOTA,LANESBORO PUBLIC SCHOOL DISTRICT,2717910,-8
MINNESOTA,Laporte Public School District,2717940,45
MINNESOTA,LEROY-OSTRANDER PUBLIC SCHOOLS,2718060,-8
MINNESOTA,LE SUEUR-HENDERSON SCHOOL DISTRICT,2718070,209
MINNESOTA,Lewiston-Altura Public School Dist,2718090,98
MINNESOTA,LITCHFIELD PUBLIC SCHOOL DISTRICT,2718210,355
MINNESOTA,Little Falls Community Schools,2718240,497
MINNESOTA,LITTLEFORK-BIG FALLS SCHOOL DIST.,2718270,-8
MINNESOTA,LUVERNE PUBLIC SCHOOL DISTRICT,2718330,199
MINNESOTA,LYLE PUBLIC SCHOOL DISTRICT,2718360,53
MINNESOTA,LYND PUBLIC SCHOOL DISTRICT,2718390,-8
MINNESOTA,Mabel-Canton Public School District,2718540,48
MINNESOTA,MADELIA PUBLIC SCHOOL DISTRICT,2718570,106
MINNESOTA,MAHNOMEN PUBLIC SCHOOL DISTRICT,2718660,150
MINNESOTA,MAHTOMEDI PUBLIC SCHOOL DISTRICT,2718750,308
MINNESOTA,MANKATO PUBLIC SCHOOL DISTRICT,2718780,1381
MINNESOTA,MAPLE LAKE PUBLIC SCHOOL DISTRICT,2718810,166
MINNESOTA,GRYGLA PUBLIC SCHOOL DISTRICT,2718920,-8
MINNESOTA,MARSHALL PUBLIC SCHOOL DISTRICT,2718940,389
MINNESOTA,MARTIN COUNTY WEST SCHOOL DISTRICT,2718960,99
MINNESOTA,MCGREGOR PUBLIC SCHOOL DISTRICT,2719170,112
MINNESOTA,MEDFORD PUBLIC SCHOOL DISTRICT,2719320,87
MINNESOTA,MELROSE PUBLIC SCHOOL DISTRICT,2720550,221
MINNESOTA,MENAHGA PUBLIC SCHOOL DISTRICT,2720580,143
MINNESOTA,MILACA PUBLIC SCHOOL DISTRICT,2720670,414
MINNESOTA,MILROY PUBLIC SCHOOL DISTRICT,2721210,12
MINNESOTA,Minneapolis Public School District,2721240,5260
MINNESOTA,MINNEOTA PUBLIC SCHOOL DISTRICT,2721270,76
MINNESOTA,MONTEVIDEO PUBLIC SCHOOL DISTRICT,2721320,257
MINNESOTA,MONTICELLO PUBLIC SCHOOL DISTRICT,2721390,614
MINNESOTA,Moorhead Area Public Schools,2721420,1384
MINNESOTA,MOOSE LAKE PUBLIC SCHOOL DISTRICT,2721450,114
MINNESOTA,MORA PUBLIC SCHOOL DISTRICT,2721480,324
MINNESOTA,WESTONKA PUBLIC SCHOOL DISTRICT,2722920,419
MINNESOTA,MOUNDS VIEW PUBLIC SCHOOL DISTRICT,2722950,1457
MINNESOTA,MOUNTAIN LAKE PUBLIC SCHOOLS,2723010,115
MINNESOTA,NASHWAUK-KEEWATIN SCHOOL DISTRICT,2723310,120
MINNESOTA,NEVIS PUBLIC SCHOOL DISTRICT,2723370,75
MINNESOTA,"NEW HEIGHTS SCHOOL, INC.",2723380,43
MINNESOTA,NEW LONDON-SPICER SCHOOL DISTRICT,2723400,179
MINNESOTA,NEW PRAGUE AREA SCHOOLS,2723430,536
MINNESOTA,NEW ULM PUBLIC SCHOOL DISTRICT,2723490,441
MINNESOTA,NEW YORK MILLS PUBLIC SCHOOL DIST.,2723520,133
MINNESOTA,MARSHALL COUNTY CENTRAL SCHOOLS,2723550,33
MINNESOTA,NICOLLET PUBLIC SCHOOL DISTRICT,2723580,64
MINNESOTA,North Branch Area Public Schools,2723820,446
MINNESOTA,North St. Paul-Maplewood Oakdale,2723850,1815
MINNESOTA,NORTHFIELD PUBLIC SCHOOL DISTRICT,2723880,608
MINNESOTA,CENTRAL PUBLIC SCHOOL DISTRICT,2723910,179
MINNESOTA,OGILVIE PUBLIC SCHOOL DISTRICT,2723970,117
MINNESOTA,ONAMIA PUBLIC SCHOOL DISTRICT,2725050,209
MINNESOTA,ORONO PUBLIC SCHOOL DISTRICT,2725080,288
MINNESOTA,OSAKIS PUBLIC SCHOOL DISTRICT,2725140,106
MINNESOTA,OSSEO PUBLIC SCHOOL DISTRICT,2725200,2913
MINNESOTA,OWATONNA PUBLIC SCHOOL DISTRICT,2728050,814
MINNESOTA,PARK RAPIDS PUBLIC SCHOOL DISTRICT,2728080,315
MINNESOTA,PARKERS PRAIRIE PUBLIC SCHOOL DIST.,2728110,80
MINNESOTA,PAYNESVILLE PUBLIC SCHOOL DISTRICT,2728140,171
MINNESOTA,Pelican Rapids Public Schools,2728170,153
MINNESOTA,PEQUOT LAKES PUBLIC SCHOOLS,2728200,194
MINNESOTA,PERHAM-DENT PUBLIC SCHOOL DISTRICT,2728230,249
MINNESOTA,RUSHFORD-PETERSON PUBLIC SCHOOLS,2728290,69
MINNESOTA,PIERZ PUBLIC SCHOOL DISTRICT,2728320,134
MINNESOTA,PILLAGER PUBLIC SCHOOL DISTRICT,2728350,128
MINNESOTA,PINE CITY PUBLIC SCHOOL DISTRICT,2728380,213
MINNESOTA,Pine Island Public School District,2728950,165
MINNESOTA,PINE POINT PUBLIC SCHOOL DISTRICT,2728960,20
MINNESOTA,PINE RIVER-BACKUS SCHOOL DISTRICT,2728970,215
MINNESOTA,PRINCETON PUBLIC SCHOOL DISTRICT,2730030,539
MINNESOTA,PRIOR LAKE-SAVAGE AREA SCHOOLS,2730060,980
MINNESOTA,PROCTOR PUBLIC SCHOOL DISTRICT,2730090,283
MINNESOTA,RANDOLPH PUBLIC SCHOOL DISTRICT,2730150,50
MINNESOTA,RED LAKE FALLS PUBLIC SCHOOL DIST.,2730450,49
MINNESOTA,Red Wing Public School District,2730480,453
MINNESOTA,RED LAKE PUBLIC SCHOOL DISTRICT,2730510,404
MINNESOTA,NORTHLAND COMMUNITY SCHOOLS,2730870,89
MINNESOTA,RICHFIELD PUBLIC SCHOOL DISTRICT,2731750,633
MINNESOTA,ROBBINSDALE PUBLIC SCHOOL DISTRICT,2731780,1779
MINNESOTA,ROCHESTER PUBLIC SCHOOL DISTRICT,2731800,3023
MINNESOTA,ROCKFORD PUBLIC SCHOOL DISTRICT,2732070,207
MINNESOTA,ROSEAU PUBLIC SCHOOL DISTRICT,2732250,184
MINNESOTA,ROSEMOUNT-APPLE VALLEY-EAGAN,2732390,4167
MINNESOTA,ROSEVILLE PUBLIC SCHOOL DISTRICT,2732430,935
MINNESOTA,ROTHSAY PUBLIC SCHOOL DISTRICT,2732460,33
MINNESOTA,ROYALTON PUBLIC SCHOOL DISTRICT,2732520,138
MINNESOTA,RUSH CITY PUBLIC SCHOOL DISTRICT,2732550,160
MINNESOTA,SOUTH KOOCHICHING SCHOOL DISTRICT,2732700,-8
MINNESOTA,SARTELL-ST. STEPHEN SCHOOL DISTRICT,2732820,729
MINNESOTA,SAUK CENTRE PUBLIC SCHOOL DISTRICT,2732850,248
MINNESOTA,SAUK RAPIDS-RICE PUBLIC SCHOOLS,2732880,830
MINNESOTA,SEBEKA PUBLIC SCHOOL DISTRICT,2732970,102
MINNESOTA,SHAKOPEE PUBLIC SCHOOL DISTRICT,2733000,1294
MINNESOTA,SLEEPY EYE PUBLIC SCHOOL DISTRICT,2733210,128
MINNESOTA,South St. Paul Public School Dist,2733270,490
MINNESOTA,SPRING GROVE SCHOOL DISTRICT,2733300,-8
MINNESOTA,SPRING LAKE PARK PUBLIC SCHOOLS,2733330,757
MINNESOTA,SPRINGFIELD PUBLIC SCHOOL DISTRICT,2733390,92
MINNESOTA,ST. ANTHONY-NEW BRIGHTON SCHOOLS,2733420,190
MINNESOTA,ST. CHARLES PUBLIC SCHOOL DISTRICT,2733450,125
MINNESOTA,ST. CLAIR PUBLIC SCHOOL DISTRICT,2733480,45
MINNESOTA,ST. CLOUD PUBLIC SCHOOL DISTRICT,2733510,2330
MINNESOTA,St. Francis Area Schools,2733540,712
MINNESOTA,ST. JAMES PUBLIC SCHOOL DISTRICT,2733600,200
MINNESOTA,NETT LAKE PUBLIC SCHOOL DISTRICT,2733720,21
MINNESOTA,ST. LOUIS PARK PUBLIC SCHOOL DIST.,2733780,576
MINNESOTA,St. Michael-Albertville Schools,2733790,662
MINNESOTA,South Washington County Schools,2733810,3035
MINNESOTA,Saint Paul Public Schools,2733840,5082
MINNESOTA,ST. PETER PUBLIC SCHOOL DISTRICT,2733870,361
MINNESOTA,STAPLES-MOTLEY SCHOOL DISTRICT,2733900,325
MINNESOTA,STEWARTVILLE PUBLIC SCHOOL DISTRICT,2738160,337
MINNESOTA,Stillwater Area Public Schools,2738190,1347
MINNESOTA,SWANVILLE PUBLIC SCHOOL DISTRICT,2738280,-8
MINNESOTA,THIEF RIVER FALLS SCHOOL DISTRICT,2738850,309
MINNESOTA,ESKO PUBLIC SCHOOL DISTRICT,2738880,146
MINNESOTA,TRITON SCHOOL DISTRICT,2740665,229
MINNESOTA,TRUMAN PUBLIC SCHOOL DISTRICT,2740680,70
MINNESOTA,LAKE SUPERIOR PUBLIC SCHOOL DIST.,2740740,296
MINNESOTA,ULEN-HITTERDAL PUBLIC SCHOOL DIST,2740810,46
MINNESOTA,UNDERWOOD PUBLIC SCHOOL DISTRICT,2740830,35
MINNESOTA,UPSALA PUBLIC SCHOOL DISTRICT,2740860,50
MINNESOTA,VERNDALE PUBLIC SCHOOL DISTRICT,2740920,77
MINNESOTA,Wabasha-Kellogg School District,2741060,94
MINNESOTA,WABASSO PUBLIC SCHOOL DISTRICT,2741430,43
MINNESOTA,WACONIA PUBLIC SCHOOL DISTRICT,2741460,678
MINNESOTA,WARROAD PUBLIC SCHOOL DISTRICT,2741850,205
MINNESOTA,WASECA PUBLIC SCHOOL DISTRICT,2741880,312
MINNESOTA,Watertown-Mayer Public School Dist,2741910,332
MINNESOTA,Waubun-Ogema-White Earth Schools,2742120,90
MINNESOTA,WAYZATA PUBLIC SCHOOL DISTRICT,2742160,1400
MINNESOTA,West St. Paul-Mendota Heights-Eagan,2742270,920
MINNESOTA,WHEATON AREA PUBLIC SCHOOL DISTRICT,2742330,55
MINNESOTA,WHITE BEAR LAKE SCHOOL DISTRICT,2742360,1405
MINNESOTA,WILLMAR PUBLIC SCHOOL DISTRICT,2742720,804
MINNESOTA,WILLOW RIVER PUBLIC SCHOOL DISTRICT,2742750,93
MINNESOTA,WINDOM PUBLIC SCHOOL DISTRICT,2742780,236
MINNESOTA,WINONA AREA PUBLIC SCHOOL DISTRICT,2744070,559
MINNESOTA,WORTHINGTON PUBLIC SCHOOL DISTRICT,2744160,529
MINNESOTA,WRENSHALL PUBLIC SCHOOL DISTRICT,2744190,48
MINNESOTA,ZUMBROTA-MAZEPPA SCHOOL DISTRICT,2745735,184
MINNESOTA,RIVER BEND EDUCATION DISTRICT,2791353,NA
MINNESOTA,LAKE CRYSTAL-WELLCOME MEMORIAL,2791445,193
MINNESOTA,TRI-COUNTY SCHOOL DISTRICT,2791446,45
MINNESOTA,KITTSON CENTRAL SCHOOL DISTRICT,2791447,37
MINNESOTA,WIN-E-MAC SCHOOL DISTRICT,2791449,70
MINNESOTA,MESABI EAST SCHOOL DISTRICT,2791450,145
MINNESOTA,JANESVILLE-WALDORF-PEMBERTON,2791451,161
MINNESOTA,WEST CENTRAL EDUCATION DISTRICT,2791455,NA
MINNESOTA,PERPICH CENTER FOR ARTS EDUCATION,2791456,12
MISSISSIPPI,MS SCHOOL FOR THE ARTS,2800031,0
MISSISSIPPI,ROGER AMOS MCMURTRY ADM,2800183,6
MISSISSIPPI,WEST BOLIVAR CONS SCHOOL DIST,2800185,148
MISSISSIPPI,NORTH BOLIVAR CONS SCHOOL DIST,2800186,107
MISSISSIPPI,SUNFLOWER CTY CONS SCHOOL DISTRICT,2800187,394
MISSISSIPPI,REIMAGINE PREP,2800188,41
MISSISSIPPI,STARKVILLE- OKTIBBEHA CONS DIST,2800189,712
MISSISSIPPI,MIDTOWN PUBLIC CHARTER SCHOOL,2800190,32
MISSISSIPPI,WEST POINT CONSOLIDATED SCHOOL DIST,2800191,414
MISSISSIPPI,JOEL E. SMILLOW PREP,2800192,20
MISSISSIPPI,JOEL E SMILOW COLLEGIATE,2800193,59
MISSISSIPPI,CLARKSDALE COLLEGIATE DISTRICT,2800194,58
MISSISSIPPI,HOLMES COUNTY CONSOLIDATED SD,2800195,305
MISSISSIPPI,WINONA-MONTGOMERY CONSOLIDATED,2800196,202
MISSISSIPPI,Ambition Preparatory Charter School,2800197,28
MISSISSIPPI,GREENWOOD-LEFLORE CONS SCH DISTRICT,2800198,474
MISSISSIPPI,Leflore Legacy Academy,2800199,22
MISSISSIPPI,CHICKASAW CO SCHOOL DIST,2800200,329
MISSISSIPPI,ABERDEEN SCHOOL DIST,2800360,145
MISSISSIPPI,ALCORN SCHOOL DIST,2800390,539
MISSISSIPPI,AMITE COUNTY SCHOOL DISTRICT,2800420,183
MISSISSIPPI,AMORY SCHOOL DIST,2800450,235
MISSISSIPPI,ATTALA CO SCHOOL DIST,2800510,168
MISSISSIPPI,BALDWYN SCHOOL DISTRICT,2800540,105
MISSISSIPPI,BAY ST LOUIS WAVELAND SCHOOL DIST,2800570,260
MISSISSIPPI,BENTON CO SCHOOL DIST,2800600,192
MISSISSIPPI,BILOXI PUBLIC SCHOOL DIST,2800630,750
MISSISSIPPI,CLEVELAND SCHOOL DIST,2800750,422
MISSISSIPPI,BOONEVILLE SCHOOL DIST,2800820,214
MISSISSIPPI,BROOKHAVEN SCHOOL DIST,2800840,372
MISSISSIPPI,CALHOUN CO SCHOOL DIST,2800870,345
MISSISSIPPI,CANTON PUBLIC SCHOOL DIST,2800900,329
MISSISSIPPI,CARROLL COUNTY SCHOOL DIST,2800930,132
MISSISSIPPI,CHOCTAW CO SCHOOL DIST,2800990,267
MISSISSIPPI,CLAIBORNE CO SCHOOL DIST,2801020,172
MISSISSIPPI,CLARKSDALE MUNICIPAL SCHOOL DIST,2801050,210
MISSISSIPPI,CLINTON PUBLIC SCHOOL DIST,2801090,583
MISSISSIPPI,COAHOMA COUNTY SCHOOL DISTRICT,2801110,153
MISSISSIPPI,COFFEEVILLE SCHOOL DIST,2801140,-8
MISSISSIPPI,COLUMBIA SCHOOL DISTRICT,2801170,352
MISSISSIPPI,MS SCHLS FOR THE DEAF AND THE BLIND,2801189,-8
MISSISSIPPI,MDHS DIVISION OF YOUTH SERVICES,2801191,15
MISSISSIPPI,MS SCHOOL FOR MATH AND SCIENCE,2801194,0
MISSISSIPPI,HUDSPETH CENTER ADMINISTRATION,2801196,0
MISSISSIPPI,COLUMBUS MUNICIPAL SCHOOL DIST,2801200,474
MISSISSIPPI,COPIAH CO SCHOOL DIST,2801220,332
MISSISSIPPI,CORINTH SCHOOL DIST,2801260,291
MISSISSIPPI,COVINGTON COUNTY SCHOOL DISTRICT,2801290,568
MISSISSIPPI,DESOTO CO SCHOOL DIST,2801320,4975
MISSISSIPPI,EAST JASPER CONSOLIDATED SCH DIST,2801380,116
MISSISSIPPI,EAST TALLAHATCHIE CONSOL SCH DIST,2801410,96
MISSISSIPPI,ENTERPRISE SCHOOL DIST,2801440,153
MISSISSIPPI,FOREST MUNICIPAL SCHOOL DIST,2801470,228
MISSISSIPPI,FORREST COUNTY SCHOOL DISTRICT,2801490,386
MISSISSIPPI,FORREST COUNTY AG HIGH SCHOOL,2801510,113
MISSISSIPPI,FRANKLIN CO SCHOOL DIST,2801530,246
MISSISSIPPI,GEORGE CO SCHOOL DIST,2801560,664
MISSISSIPPI,GREENE COUNTY SCHOOL DISTRICT,2801590,217
MISSISSIPPI,GREENVILLE PUBLIC SCHOOLS,2801620,367
MISSISSIPPI,GRENADA SCHOOL DIST,2801680,627
MISSISSIPPI,GULFPORT SCHOOL DIST,2801710,933
MISSISSIPPI,HANCOCK CO SCHOOL DIST,2801740,676
MISSISSIPPI,HARRISON CO SCHOOL DIST,2801770,2018
MISSISSIPPI,HATTIESBURG PUBLIC SCHOOL DIST,2801800,451
MISSISSIPPI,HAZLEHURST CITY SCHOOL DISTRICT,2801830,107
MISSISSIPPI,HINDS CO SCHOOL DIST,2801860,604
MISSISSIPPI,HOLLANDALE SCHOOL DIST,2801890,80
MISSISSIPPI,HOLLY SPRINGS SCHOOL DIST,2801950,164
MISSISSIPPI,HUMPHREYS CO SCHOOL DIST,2802040,197
MISSISSIPPI,ITAWAMBA COUNTY SCHOOL DIST,2802100,691
MISSISSIPPI,JACKSON CO SCHOOL DIST,2802160,1220
MISSISSIPPI,JACKSON PUBLIC SCHOOL DISTRICT,2802190,2110
MISSISSIPPI,JEFFERSON CO SCHOOL DIST,2802220,-8
MISSISSIPPI,JEFFERSON DAVIS CO SCHOOL DIST,2802250,192
MISSISSIPPI,JONES CO SCHOOL DIST,2802280,1518
MISSISSIPPI,KEMPER CO SCHOOL DIST,2802310,112
MISSISSIPPI,KOSCIUSKO SCHOOL DISTRICT,2802340,348
MISSISSIPPI,LAFAYETTE CO SCHOOL DIST,2802370,516
MISSISSIPPI,LAMAR COUNTY SCHOOL DISTRICT,2802400,1828
MISSISSIPPI,LAUDERDALE CO SCHOOL DIST,2802430,820
MISSISSIPPI,LAUREL SCHOOL DISTRICT,2802460,394
MISSISSIPPI,LAWRENCE CO SCHOOL DIST,2802490,262
MISSISSIPPI,LEAKE CO SCHOOL DIST,2802520,413
MISSISSIPPI,LEE COUNTY SCHOOL DISTRICT,2802550,948
MISSISSIPPI,LELAND SCHOOL DIST,2802610,78
MISSISSIPPI,LINCOLN COUNTY SCHOOL DISTRICT,2802640,414
MISSISSIPPI,LONG BEACH SCHOOL DIST,2802670,481
MISSISSIPPI,LOUISVILLE MUNICIPAL SCHOOL DIST,2802700,270
MISSISSIPPI,LOWNDES CO SCHOOL DIST,2802730,827
MISSISSIPPI,MADISON CO SCHOOL DIST,2802790,1601
MISSISSIPPI,MARION CO SCHOOL DIST,2802820,323
MISSISSIPPI,MARSHALL CO SCHOOL DIST,2802850,329
MISSISSIPPI,MCCOMB SCHOOL DISTRICT,2802880,268
MISSISSIPPI,MERIDIAN PUBLIC SCHOOLS,2802910,615
MISSISSIPPI,MONROE CO SCHOOL DIST,2802940,376
MISSISSIPPI,MOSS POINT SEPARATE SCHOOL DIST,2803000,230
MISSISSIPPI,NATCHEZ-ADAMS SCHOOL DISTRICT,2803030,455
MISSISSIPPI,NESHOBA COUNTY SCHOOL DISTRICT,2803060,514
MISSISSIPPI,NETTLETON SCHOOL DIST,2803090,177
MISSISSIPPI,NEW ALBANY PUBLIC SCHOOLS,2803120,360
MISSISSIPPI,NEWTON COUNTY SCHOOL DISTRICT,2803150,232
MISSISSIPPI,NEWTON MUNICIPAL SCHOOL DISTRICT,2803180,125
MISSISSIPPI,NORTH PANOLA SCHOOL DISTRICT,2803210,159
MISSISSIPPI,NORTH PIKE SCHOOL DIST,2803240,383
MISSISSIPPI,NORTH TIPPAH SCHOOL DIST,2803270,295
MISSISSIPPI,NOXUBEE COUNTY SCHOOL DISTRICT,2803300,164
MISSISSIPPI,OCEAN SPRINGS SCHOOL DIST,2803360,919
MISSISSIPPI,OKOLONA SEPARATE SCHOOL DIST,2803390,84
MISSISSIPPI,OXFORD SCHOOL DISTRICT,2803450,596
MISSISSIPPI,PASCAGOULA-GAUTIER SCHOOL DISTRICT,2803480,845
MISSISSIPPI,PASS CHRISTIAN PUBLIC SCHOOL DIST,2803510,288
MISSISSIPPI,PEARL PUBLIC SCHOOL DISTRICT,2803520,672
MISSISSIPPI,PETAL SCHOOL DIST,2803530,845
MISSISSIPPI,PEARL RIVER CO SCHOOL DIST,2803540,488
MISSISSIPPI,PERRY CO SCHOOL DIST,2803570,177
MISSISSIPPI,PHILADELPHIA PUBLIC SCHOOL DIST,2803600,183
MISSISSIPPI,PICAYUNE SCHOOL DISTRICT,2803630,471
MISSISSIPPI,PONTOTOC CO SCHOOL DIST,2803660,525
MISSISSIPPI,PONTOTOC CITY SCHOOLS,2803690,496
MISSISSIPPI,POPLARVILLE SEPARATE SCHOOL DIST,2803720,281
MISSISSIPPI,PRENTISS CO SCHOOL DIST,2803750,513
MISSISSIPPI,QUITMAN SCHOOL DIST,2803780,293
MISSISSIPPI,QUITMAN CO SCHOOL DIST,2803810,134
MISSISSIPPI,RANKIN CO SCHOOL DIST,2803830,2587
MISSISSIPPI,RICHTON SCHOOL DIST,2803870,93
MISSISSIPPI,SCOTT CO SCHOOL DIST,2803900,696
MISSISSIPPI,SENATOBIA MUNICIPAL SCHOOL DIST,2803930,323
MISSISSIPPI,SOUTH DELTA SCHOOL DISTRICT,2803960,84
MISSISSIPPI,SIMPSON CO SCHOOL DIST,2803990,584
MISSISSIPPI,SMITH CO SCHOOL DIST,2804020,309
MISSISSIPPI,SOUTH PANOLA SCHOOL DISTRICT,2804050,677
MISSISSIPPI,SOUTH PIKE SCHOOL DIST,2804080,210
MISSISSIPPI,SOUTH TIPPAH SCHOOL DIST,2804110,559
MISSISSIPPI,STONE CO SCHOOL DIST,2804170,303
MISSISSIPPI,TATE CO SCHOOL DIST,2804230,330
MISSISSIPPI,TISHOMINGO CO SP MUN SCH DIST,2804260,493
MISSISSIPPI,TUNICA COUNTY SCHOOL DISTRICT,2804290,170
MISSISSIPPI,TUPELO PUBLIC SCHOOL DIST,2804320,1047
MISSISSIPPI,UNION CO SCHOOL DIST,2804350,486
MISSISSIPPI,UNION PUBLIC SCHOOL DIST,2804380,228
MISSISSIPPI,WALTHALL CO SCHOOL DIST,2804440,240
MISSISSIPPI,VICKSBURG WARREN SCHOOL DIST,2804470,879
MISSISSIPPI,WATER VALLEY SCHOOL DISTRICT,2804500,157
MISSISSIPPI,WAYNE CO SCHOOL DIST,2804530,585
MISSISSIPPI,WEBSTER CO SCHOOL DIST,2804560,292
MISSISSIPPI,WEST JASPER CONSOLIDATED SCHOOLS,2804590,290
MISSISSIPPI,WEST TALLAHATCHIE SCHOOL DISTRICT,2804650,75
MISSISSIPPI,WESTERN LINE SCHOOL DISTRICT,2804680,229
MISSISSIPPI,WILKINSON CO SCHOOL DIST,2804710,131
MISSISSIPPI,YAZOO CITY MUNICIPAL SCHOOL DIST,2804770,267
MISSISSIPPI,YAZOO CO SCHOOL DIST,2804800,215
MISSISSIPPI,REVIVE PREP,2804801,-8
MISSOURI,MARIES CO. R-II,2900001,94
MISSOURI,SOUTH HARRISON CO. R-II,2900002,106
MISSOURI,PORTAGEVILLE,2900003,60
MISSOURI,NEW MADRID CO. R-I,2900004,165
MISSOURI,STATE FAIR COMMUNITY COLLEGE,2900005,0
MISSOURI,JEFFERSON COLLEGE,2900006,0
MISSOURI,CROWDER COLLEGE,2900007,0
MISSOURI,OZARKS TECHNICAL COMM COLLEGE,2900008,0
MISSOURI,DIVISION OF YOUTH SERVICE,2900009,64
MISSOURI,KC INTERNATIONAL ACADEMY,2900013,56
MISSOURI,HOGAN PREPARATORY ACADEMY,2900014,104
MISSOURI,GORDON PARKS ELEM.,2900015,14
MISSOURI,GENESIS SCHOOL INC.,2900016,26
MISSOURI,ACADEMIE LAFAYETTE,2900017,96
MISSOURI,SCUOLA VITA NUOVA,2900019,29
MISSOURI,MO SCHOOL FOR THE DEAF,2900020,46
MISSOURI,MO SCHOOL FOR THE BLIND,2900021,42
MISSOURI,MO SCHLS FOR THE SEV DISABLED,2900022,728
MISSOURI,BROOKSIDE CHARTER SCH.,2900024,136
MISSOURI,ALLEN VILLAGE,2900025,37
MISSOURI,UNIVERSITY ACADEMY,2900027,-8
MISSOURI,LEE A. TOLBERT COM. ACADEMY,2900028,34
MISSOURI,GUADALUPE CENTERS SCHOOLS,2900029,-8
MISSOURI,DEPARTMENT OF CORRECTIONS,2900030,47
MISSOURI,KIPP: ENDEAVOR ACADEMY,2900031,-8
MISSOURI,LIFT FOR LIFE ACADEMY,2900574,-8
MISSOURI,PREMIER CHARTER SCHOOL,2900576,137
MISSOURI,CONFLUENCE ACADEMIES,2900579,-8
MISSOURI,CITY GARDEN MONTESSORI,2900585,35
MISSOURI,ST. LOUIS LANG IMMERSION SCH,2900586,-8
MISSOURI,NORTH SIDE COMMUNITY SCHOOL,2900589,40
MISSOURI,FRONTIER SCHOOLS,2900590,125
MISSOURI,KIPP ST LOUIS PUBLIC SCHOOLS,2900591,265
MISSOURI,GATEWAY SCIENCE ACAD/ST LOUIS,2900592,98
MISSOURI,DELASALLE CHARTER SCHOOL,2900593,21
MISSOURI,EWING MARION KAUFFMAN SCHOOL,2900597,80
MISSOURI,HOPE LEADERSHIP ACADEMY,2900601,11
MISSOURI,CROSSROADS CHARTER SCHOOLS,2900603,138
MISSOURI,ACADEMY FOR INTEGRATED ARTS,2900604,20
MISSOURI,MOMENTUM ACADEMY,2900605,79
MISSOURI,LAFAYETTE PREPARATORY ACADEMY,2900606,51
MISSOURI,MO VIRTUAL INSTRUCTION PROGRAM,2900607,0
MISSOURI,HAWTHORN LEADERSHIP SCHL GIRLS,2900608,17
MISSOURI,THE BIOME,2900609,20
MISSOURI,LA SALLE CHARTER SCHOOL,2900611,12
MISSOURI,CITIZENS OF THE WORLD CHARTER,2900612,59
MISSOURI,KANSAS CITY GIRLS PREP ACADEMY,2900615,16
MISSOURI,KAIROS ACADEMIES,2900616,70
MISSOURI,THE SOULARD SCHOOL,2900617,13
MISSOURI,ATLAS PUBLIC SCHOOLS,2900618,14
MISSOURI,COLUMBIA 93,2901000,1930
MISSOURI,ADRIAN R-III,2902850,71
MISSOURI,ADVANCE R-IV,2902880,45
MISSOURI,AFFTON 101,2902910,387
MISSOURI,ALBANY R-III,2902970,58
MISSOURI,SANTA FE R-X,2903000,-8
MISSOURI,ALTENBURG 48,2903040,10
MISSOURI,ALTON R-IV,2903060,-8
MISSOURI,APPLETON CITY R-II,2903120,-8
MISSOURI,ARCADIA VALLEY R-II,2903150,147
MISSOURI,ARCHIE R-V,2903200,77
MISSOURI,ASH GROVE R-IV,2903270,73
MISSOURI,ATLANTA C-3,2903480,17
MISSOURI,AURORA R-VIII,2904020,355
MISSOURI,AVA R-I,2904050,187
MISSOURI,AVENUE CITY R-IX,2904080,26
MISSOURI,AVILLA R-XIII,2904110,12
MISSOURI,BAKERSFIELD R-IV,2904140,-8
MISSOURI,BALLARD R-II,2904170,19
MISSOURI,BAYLESS,2904500,242
MISSOURI,BELL CITY R-II,2904530,19
MISSOURI,BELLEVIEW R-III,2904590,-8
MISSOURI,BELTON 124,2904620,674
MISSOURI,SCOTT CO. R-IV,2904890,144
MISSOURI,BERNIE R-XIII,2904950,59
MISSOURI,BEVIER C-4,2904980,31
MISSOURI,BILLINGS R-IV,2905070,56
MISSOURI,BISMARCK R-V,2905130,-8
MISSOURI,BLACKWATER R-II,2905190,-8
MISSOURI,BLOOMFIELD R-XIV,2905250,74
MISSOURI,BLUE EYE R-V,2905280,99
MISSOURI,BLUE SPRINGS R-IV,2905310,1637
MISSOURI,BOLIVAR R-I,2905370,344
MISSOURI,BONCL R-X,2905400,-8
MISSOURI,NORTH ST. FRANCOIS CO. R-I,2905430,298
MISSOURI,BOONVILLE R-I,2905580,267
MISSOURI,BOSWORTH R-V,2905610,7
MISSOURI,CRAWFORD CO. R-I,2905640,128
MISSOURI,BOWLING GREEN R-I,2905660,206
MISSOURI,BRADLEYVILLE R-I,2905700,36
MISSOURI,DELTA C-7,2905730,7
MISSOURI,BRANSON R-IV,2905760,600
MISSOURI,ADAIR CO. R-II,2905790,18
MISSOURI,BRAYMER C-4,2905820,35
MISSOURI,BRECKENRIDGE R-I,2905850,-8
MISSOURI,BRENTWOOD,2905880,91
MISSOURI,BRONAUGH R-VII,2905910,-8
MISSOURI,BROOKFIELD R-III,2905940,121
MISSOURI,LINN CO. R-I,2906000,42
MISSOURI,BRUNSWICK R-II,2906030,47
MISSOURI,BUCKLIN R-II,2906090,20
MISSOURI,DALLAS CO. R-I,2906120,257
MISSOURI,COOPER CO. R-IV,2906150,-8
MISSOURI,BUNKER R-III,2906170,33
MISSOURI,BUTLER R-V,2906360,137
MISSOURI,CABOOL R-IV,2906430,132
MISSOURI,CAINSVILLE R-I,2906450,22
MISSOURI,CALHOUN R-VIII,2906480,14
MISSOURI,MONITEAU CO. R-I,2906510,100
MISSOURI,CALLAO C-8,2906540,8
MISSOURI,CAMDENTON R-III,2906990,436
MISSOURI,CAMERON R-I,2907020,215
MISSOURI,CAMPBELL R-II,2907050,79
MISSOURI,CANTON R-V,2907080,100
MISSOURI,CAPE GIRARDEAU 63,2907120,610
MISSOURI,NELL HOLCOMB R-IV,2907320,35
MISSOURI,CARL JUNCTION R-I,2907350,352
MISSOURI,CARROLLTON R-VII,2907380,116
MISSOURI,CARTHAGE R-IX,2907460,552
MISSOURI,CARUTHERSVILLE 18,2907470,70
MISSOURI,CASSVILLE R-IV,2908170,207
MISSOURI,CENTER 58,2908250,322
MISSOURI,JOHNSON CO. R-VII,2908320,-8
MISSOURI,CENTERVILLE R-I,2908340,5
MISSOURI,FT. ZUMWALT R-II,2908370,2591
MISSOURI,CENTRALIA R-VI,2908400,110
MISSOURI,CHADWICK R-I,2908430,51
MISSOURI,CHAFFEE R-II,2908460,89
MISSOURI,OSAGE CO. R-I,2908490,-8
MISSOURI,CHARLESTON R-I,2908670,80
MISSOURI,CHILHOWEE R-IV,2908730,-8
MISSOURI,CHILLICOTHE R-II,2908760,249
MISSOURI,LIVINGSTON CO. R-III,2908790,-8
MISSOURI,CLARKSBURG C-2,2909090,-8
MISSOURI,CLARKTON C-4,2909120,39
MISSOURI,CLAYTON,2909720,265
MISSOURI,CLEARWATER R-I,2909750,127
MISSOURI,CLEVER R-V,2909780,111
MISSOURI,CLIMAX SPRINGS R-IV,2909810,28
MISSOURI,CLINTON,2909860,239
MISSOURI,COLE CAMP R-I,2909900,-8
MISSOURI,BLAIR OAKS R-II,2909930,142
MISSOURI,COMMUNITY R-VI,2910020,42
MISSOURI,CONCORDIA R-II,2910080,54
MISSOURI,LACLEDE CO. R-I,2910110,88
MISSOURI,COOTER R-IV,2910140,11
MISSOURI,COUCH R-I,2910200,37
MISSOURI,COWGILL R-VI,2910230,9
MISSOURI,CRAIG R-III,2910260,9
MISSOURI,CRANE R-III,2910290,65
MISSOURI,SHERWOOD CASS R-VIII,2910320,122
MISSOURI,CROCKER R-II,2910350,-8
MISSOURI,CRYSTAL CITY 47,2910380,84
MISSOURI,CRAWFORD CO. R-II,2910410,221
MISSOURI,DADEVILLE R-II,2910440,18
MISSOURI,DAVIS R-XII,2910470,4
MISSOURI,DESOTO 73,2910500,368
MISSOURI,LAKELAND R-III,2910520,49
MISSOURI,BUCHANAN CO. R-IV,2910590,-8
MISSOURI,DELTA R-V,2910620,20
MISSOURI,NORTH WOOD R-IV,2910650,30
MISSOURI,DENT-PHELPS R-III,2910710,35
MISSOURI,DEXTER R-XI,2910770,302
MISSOURI,DIAMOND R-IV,2910800,132
MISSOURI,DIXON R-I,2910830,-8
MISSOURI,DONIPHAN R-I,2910920,190
MISSOURI,DORA R-III,2910950,-8
MISSOURI,SKYLINE R-II,2911010,12
MISSOURI,PLAINVIEW R-VIII,2911040,14
MISSOURI,DREXEL R-IV,2911070,-8
MISSOURI,EAST CARTER CO. R-II,2911100,101
MISSOURI,EAST LYNNE 40,2911160,-8
MISSOURI,EAST PRAIRIE R-II,2911220,123
MISSOURI,EAST BUCHANAN CO. C-1,2911250,-8
MISSOURI,KNOX CO. R-I,2911280,74
MISSOURI,EL DORADO SPRINGS R-II,2911310,139
MISSOURI,ELDON R-I,2911340,185
MISSOURI,ELSBERRY R-II,2911400,99
MISSOURI,EMINENCE R-I,2911450,34
MISSOURI,COLE CO. R-V,2911550,34
MISSOURI,EVERTON R-III,2911580,19
MISSOURI,EXCELSIOR SPRINGS 40,2911650,312
MISSOURI,EXETER R-VI,2911670,50
MISSOURI,FAIR GROVE R-X,2911700,112
MISSOURI,FAIR PLAY R-II,2911730,47
MISSOURI,FAIRFAX R-III,2911760,17
MISSOURI,FAIRVIEW R-XI,2911850,72
MISSOURI,FARMINGTON R-VII,2911910,346
MISSOURI,MID-BUCHANAN CO. R-V,2911940,57
MISSOURI,FAYETTE R-III,2911990,71
MISSOURI,FERGUSON-FLORISSANT R-II,2912010,1336
MISSOURI,FESTUS R-VI,2912030,347
MISSOURI,FORDLAND R-III,2912180,72
MISSOURI,FORSYTH R-III,2912240,227
MISSOURI,FORT OSAGE R-I,2912290,610
MISSOURI,FOX C-6,2912300,1771
MISSOURI,SPRING BLUFF R-XV,2912450,17
MISSOURI,STRAIN-JAPAN R-XVI,2912480,11
MISSOURI,FRANKLIN CO. R-II,2912510,13
MISSOURI,FREDERICKTOWN R-I,2912540,275
MISSOURI,FULTON 58,2912550,350
MISSOURI,GAINESVILLE R-V,2912600,91
MISSOURI,GALENA R-II,2912630,84
MISSOURI,GALLATIN R-V,2912660,98
MISSOURI,GRUNDY CO. R-V,2912690,23
MISSOURI,GASCONADE C-4,2912720,16
MISSOURI,GIDEON 37,2912780,-8
MISSOURI,GILLIAM C-4,2912840,-8
MISSOURI,GILMAN CITY R-IV,2912870,-8
MISSOURI,GLASGOW,2912900,55
MISSOURI,GOLDEN CITY R-III,2912930,13
MISSOURI,GRAIN VALLEY R-V,2913080,546
MISSOURI,GRANDVIEW C-4,2913140,442
MISSOURI,GRANDVIEW R-II,2913170,-8
MISSOURI,GREEN CITY R-I,2913230,22
MISSOURI,GREEN FOREST R-II,2913260,17
MISSOURI,GREEN RIDGE R-VIII,2913290,54
MISSOURI,GREENFIELD R-IV,2913320,54
MISSOURI,GREENVILLE R-II,2913380,107
MISSOURI,PLEASANT VIEW R-VI,2913440,17
MISSOURI,HALE R-I,2913500,19
MISSOURI,HALFWAY R-III,2913530,48
MISSOURI,HALLSVILLE R-IV,2913560,159
MISSOURI,HAMILTON R-II,2913590,-8
MISSOURI,HANCOCK PLACE,2913620,175
MISSOURI,HANNIBAL 60,2913650,505
MISSOURI,HARDIN-CENTRAL C-2,2913680,-8
MISSOURI,HARRISBURG R-VIII,2913710,-8
MISSOURI,HARRISONVILLE R-IX,2913760,232
MISSOURI,HARTVILLE R-II,2913770,81
MISSOURI,HAYTI R-II,2913800,49
MISSOURI,HAZELWOOD,2913830,2428
MISSOURI,DUNKLIN R-V,2914250,246
MISSOURI,GASCONADE CO. R-I,2914280,137
MISSOURI,HERMITAGE R-IV,2914310,36
MISSOURI,HICKORY CO. R-I,2914320,76
MISSOURI,HICKMAN MILLS C-1,2914340,715
MISSOURI,HIGBEE R-VIII,2914370,30
MISSOURI,LAFAYETTE CO. C-1,2914400,134
MISSOURI,HILLSBORO R-III,2914430,467
MISSOURI,HOLCOMB R-III,2914460,-8
MISSOURI,HOLDEN R-III,2914490,123
MISSOURI,HOLLIDAY C-2,2914520,11
MISSOURI,HOLLISTER R-V,2914550,149
MISSOURI,HOUSTON R-I,2914840,140
MISSOURI,JUNCTION HILL C-12,2915060,44
MISSOURI,GLENWOOD R-VIII,2915180,34
MISSOURI,HOWELL VALLEY R-I,2915210,29
MISSOURI,HUDSON R-IX,2915240,-8
MISSOURI,PETTIS CO. R-V,2915270,34
MISSOURI,HUMANSVILLE R-IV,2915300,48
MISSOURI,HUME R-VIII,2915330,13
MISSOURI,HURLEY R-I,2915390,31
MISSOURI,IBERIA R-V,2915420,80
MISSOURI,SCOTT CITY R-I,2915450,99
MISSOURI,INDEPENDENCE 30,2915480,1480
MISSOURI,IRON CO. C-4,2915510,56
MISSOURI,JACKSON R-II,2915600,724
MISSOURI,NORTH DAVIESS R-III,2915630,10
MISSOURI,JAMESTOWN C-1,2915660,29
MISSOURI,JASPER CO. R-V,2916140,52
MISSOURI,JEFFERSON CITY,2916190,1058
MISSOURI,JEFFERSON C-123,2916200,8
MISSOURI,JEFFERSON CO. R-VII,2916230,116
MISSOURI,JENNINGS,2916290,394
MISSOURI,JOPLIN SCHOOLS,2916350,1169
MISSOURI,CLARK CO. R-I,2916380,160
MISSOURI,KANSAS CITY 33,2916400,1481
MISSOURI,KEARNEY R-I,2916450,376
MISSOURI,KELSO C-7,2916470,29
MISSOURI,KENNETT 39,2916500,258
MISSOURI,KEYTESVILLE R-III,2916530,-8
MISSOURI,KING CITY R-I,2916590,-8
MISSOURI,KINGSTON 42,2916620,-8
MISSOURI,KINGSVILLE R-I,2916660,29
MISSOURI,KIRBYVILLE R-VI,2916710,50
MISSOURI,KIRKSVILLE R-III,2916740,278
MISSOURI,KIRKWOOD R-VII,2916770,781
MISSOURI,KNOB NOSTER R-VIII,2916830,191
MISSOURI,OREGON-HOWELL R-III,2916860,-8
MISSOURI,LA MONTE R-IV,2916920,25
MISSOURI,LA PLATA R-II,2916950,39
MISSOURI,LACLEDE CO. C-5,2917000,95
MISSOURI,LADUE,2917820,495
MISSOURI,LAMAR R-I,2917850,203
MISSOURI,LAQUEY R-V,2917880,-8
MISSOURI,LAREDO R-VII,2917910,21
MISSOURI,LATHROP R-II,2917970,100
MISSOURI,LAWSON R-XIV,2918220,126
MISSOURI,WEST ST. FRANCOIS CO. R-IV,2918240,165
MISSOURI,LEBANON R-III,2918270,701
MISSOURI,LEE'S SUMMIT R-VII,2918300,1733
MISSOURI,LEESVILLE R-IX,2918330,-8
MISSOURI,LEETON R-X,2918360,-8
MISSOURI,LEOPOLD R-III,2918420,15
MISSOURI,LESTERVILLE R-IV,2918450,47
MISSOURI,LEWIS CO. C-1,2918460,142
MISSOURI,LEXINGTON R-V,2918480,114
MISSOURI,LIBERAL R-II,2918510,29
MISSOURI,LIBERTY 53,2918540,1381
MISSOURI,LICKING R-VIII,2918600,96
MISSOURI,LINCOLN R-II,2918670,91
MISSOURI,LINDBERGH SCHOOLS,2918690,1133
MISSOURI,OSAGE CO. R-II,2919080,57
MISSOURI,LOCKWOOD R-I,2919140,30
MISSOURI,LOGAN-ROGERSVILLE R-VIII,2919170,249
MISSOURI,LONEDELL R-14,2919200,53
MISSOURI,LONE JACK C-6,2919230,55
MISSOURI,LOUISIANA R-II,2919260,88
MISSOURI,WOODLAND R-IV,2919350,122
MISSOURI,MACKS CREEK R-V,2919380,37
MISSOURI,MACON CO. R-I,2919410,108
MISSOURI,MADISON C-3,2919840,22
MISSOURI,MALDEN R-I,2919890,115
MISSOURI,MALTA BEND R-V,2919920,4
MISSOURI,MANES R-V,2919950,6
MISSOURI,MANSFIELD R-IV,2919980,92
MISSOURI,MAPLEWOOD-RICHMOND HEIGHTS,2920010,220
MISSOURI,MARCELINE R-V,2920050,86
MISSOURI,MARION C. EARLY R-V,2920160,67
MISSOURI,MARION CO. R-II,2920280,21
MISSOURI,MARIONVILLE R-IX,2920310,122
MISSOURI,MARK TWAIN R-VIII,2920340,9
MISSOURI,MARQUAND-ZION R-VI,2920370,13
MISSOURI,MARSHALL,2920410,243
MISSOURI,MARSHFIELD R-I,2920430,373
MISSOURI,MARYVILLE R-II,2920490,188
MISSOURI,MAYSVILLE R-I,2920550,60
MISSOURI,MCDONALD CO. R-I,2920610,546
MISSOURI,MEADVILLE R-IV,2920640,32
MISSOURI,MEHLVILLE R-IX,2920670,1474
MISSOURI,SCOTLAND CO. R-I,2920700,96
MISSOURI,NORTH MERCER CO. R-III,2920750,16
MISSOURI,MEXICO 59,2920810,306
MISSOURI,MIAMI R-I,2920820,-8
MISSOURI,MIAMI R-I,2920840,4
MISSOURI,MIDDLE GROVE C-1,2920880,3
MISSOURI,MILAN C-2,2920940,49
MISSOURI,MILLER R-II,2921000,70
MISSOURI,MIRABILE C-1,2921030,-8
MISSOURI,MISSOURI CITY 56,2921060,-8
MISSOURI,MOBERLY,2921100,354
MISSOURI,MONETT R-I,2921120,312
MISSOURI,HIGH POINT R-III,2921150,-8
MISSOURI,MONITEAU CO. R-V,2921180,0
MISSOURI,MONROE CITY R-I,2921210,127
MISSOURI,MONTGOMERY CO. R-II,2921330,137
MISSOURI,MONTROSE R-XIV,2921360,13
MISSOURI,SCOTT CO. CENTRAL,2921420,37
MISSOURI,MOUND CITY R-II,2921480,-8
MISSOURI,MOUNTAIN GROVE R-III,2921510,199
MISSOURI,MOUNTAIN VIEW-BIRCH TREE R-III,2921540,185
MISSOURI,MT. VERNON R-V,2921600,183
MISSOURI,NORTHEAST NODAWAY CO. R-V,2921660,-8
MISSOURI,NORTH NODAWAY CO. R-VI,2921690,-8
MISSOURI,NAYLOR R-II,2921720,46
MISSOURI,NEELYVILLE R-IV,2921750,83
MISSOURI,NEOSHO SCHOOL DISTRICT,2921810,493
MISSOURI,NEVADA R-V,2921840,329
MISSOURI,NEW BLOOMFIELD R-III,2921875,78
MISSOURI,MACON CO. R-IV,2921880,10
MISSOURI,NEW FRANKLIN R-I,2921940,57
MISSOURI,NEW HAVEN,2921960,87
MISSOURI,NEW YORK R-IV,2922110,4
MISSOURI,NEWBURG R-II,2922140,57
MISSOURI,NEWTOWN-HARRIS R-III,2922470,13
MISSOURI,NIANGUA R-V,2922500,55
MISSOURI,Nixa Public Schools,2922530,676
MISSOURI,NODAWAY-HOLT R-VII,2922560,-8
MISSOURI,NORBORNE R-VIII,2922620,27
MISSOURI,NORMANDY SCHOOLS COLLABORATIVE,2922650,409
MISSOURI,NORTH ANDREW CO. R-VI,2922710,34
MISSOURI,NORTH CALLAWAY CO. R-I,2922740,164
MISSOURI,NORTH HARRISON R-III,2922770,23
MISSOURI,NORTH KANSAS CITY 74,2922800,2454
MISSOURI,NORTH PLATTE CO. R-I,2922830,65
MISSOURI,NORTHEAST RANDOLPH CO. R-IV,2922860,39
MISSOURI,NORTHWEST R-I,2922890,719
MISSOURI,NORTHWESTERN R-I,2922920,20
MISSOURI,NORWOOD R-I,2922950,48
MISSOURI,ADAIR CO. R-I,2922980,29
MISSOURI,OAK GROVE R-VI,2923010,248
MISSOURI,OAK HILL R-I,2923040,22
MISSOURI,OAK RIDGE R-VI,2923070,-8
MISSOURI,ODESSA R-VII,2923100,220
MISSOURI,ORAN R-III,2923130,48
MISSOURI,ORCHARD FARM R-V,2923160,327
MISSOURI,SOUTH HOLT CO. R-I,2923190,-8
MISSOURI,ORRICK R-XI,2923220,49
MISSOURI,OSBORN R-O,2923250,-8
MISSOURI,OSCEOLA,2923270,95
MISSOURI,OTTERVILLE R-VI,2923310,-8
MISSOURI,GASCONADE CO. R-II,2923340,263
MISSOURI,THORNFIELD R-I,2923370,8
MISSOURI,LUTIE R-VI,2923400,8
MISSOURI,OZARK R-VI,2923430,682
MISSOURI,MERAMEC VALLEY R-III,2923460,444
MISSOURI,PALMYRA R-I,2923490,174
MISSOURI,PARIS R-II,2923530,67
MISSOURI,PARK HILL,2923550,1206
MISSOURI,PARKWAY C-2,2923580,2463
MISSOURI,MEADOW HEIGHTS R-II,2923640,-8
MISSOURI,PATTONSBURG R-II,2923670,21
MISSOURI,PATTONVILLE R-III,2923700,913
MISSOURI,RAYMORE-PECULIAR R-II,2923730,565
MISSOURI,NORTH PEMISCOT CO. R-I,2923760,20
MISSOURI,PEMISCOT CO. SPEC. SCH. DIST.,2923780,0
MISSOURI,PEMISCOT CO. R-III,2923790,3
MISSOURI,PERRY CO. 32,2924530,321
MISSOURI,PETTIS CO. R-XII,2924690,12
MISSOURI,PHELPS CO. R-III,2925080,31
MISSOURI,PIERCE CITY R-VI,2925110,72
MISSOURI,PIKE CO. R-III,2925140,34
MISSOURI,PILOT GROVE C-4,2925170,34
MISSOURI,PLATO R-V,2925210,72
MISSOURI,PLATTE CO. R-III,2925230,391
MISSOURI,CLINTON CO. R-III,2925290,102
MISSOURI,PLEASANT HILL R-III,2925330,215
MISSOURI,PLEASANT HOPE R-VI,2925350,135
MISSOURI,POLO R-VII,2925410,67
MISSOURI,POPLAR BLUFF R-I,2925450,835
MISSOURI,POTOSI R-III,2925500,321
MISSOURI,PRAIRIE HOME R-V,2925530,13
MISSOURI,PRINCETON R-V,2925590,40
MISSOURI,PURDY R-II,2925620,108
MISSOURI,PUTNAM CO. R-I,2925640,75
MISSOURI,PUXICO R-VIII,2925650,78
MISSOURI,RALLS CO. R-II,2925710,123
MISSOURI,RAYMONDVILLE R-VII,2926040,36
MISSOURI,RAYTOWN C-2,2926070,1249
MISSOURI,REEDS SPRING R-IV,2926160,265
MISSOURI,RENICK R-V,2926190,20
MISSOURI,REPUBLIC R-III,2926220,672
MISSOURI,RICH HILL R-IV,2926310,42
MISSOURI,RICHARDS R-V,2926370,52
MISSOURI,RICHLAND R-I,2926400,19
MISSOURI,RICHLAND R-IV,2926430,73
MISSOURI,RICHMOND R-XVI,2926480,181
MISSOURI,RIDGEWAY R-V,2926490,12
MISSOURI,RIPLEY CO. R-III,2926550,-8
MISSOURI,RIPLEY CO. R-IV,2926580,16
MISSOURI,RISCO R-II,2926610,19
MISSOURI,RITENOUR,2926640,1082
MISSOURI,RIVERVIEW GARDENS,2926670,767
MISSOURI,SPECL. SCH. DST. ST. LOUIS CO.,2926760,1831
MISSOURI,ROCK PORT R-II,2926790,-8
MISSOURI,ROCKWOOD R-VI,2926850,2651
MISSOURI,ROLLA 31,2926890,599
MISSOURI,ROSCOE C-1,2926940,4
MISSOURI,COLE CO. R-I,2926970,83
MISSOURI,ST. JOSEPH,2927060,1079
MISSOURI,SALEM R-80,2927090,187
MISSOURI,HARDEMAN R-X,2927330,-8
MISSOURI,OREARVILLE R-IV,2927450,10
MISSOURI,SALISBURY R-IV,2927520,-8
MISSOURI,SARCOXIE R-II,2927540,76
MISSOURI,SAVANNAH R-III,2927570,230
MISSOURI,NORTHEAST VERNON CO. R-I,2927600,-8
MISSOURI,SCHOOL OF THE OSAGE,2927630,265
MISSOURI,SCHUYLER CO. R-I,2927660,91
MISSOURI,SEDALIA 200,2927830,692
MISSOURI,SENATH-HORNERSVILLE C-8,2927870,72
MISSOURI,SENECA R-VII,2927900,184
MISSOURI,SEYMOUR R-II,2927930,108
MISSOURI,SHAWNEE R-III,2928080,8
MISSOURI,SHELBY CO. R-IV,2928110,87
MISSOURI,NORTH SHELBY,2928140,36
MISSOURI,SHELDON R-VIII,2928170,-8
MISSOURI,SHELL KNOB 78,2928200,19
MISSOURI,SIKESTON R-6,2928260,381
MISSOURI,SILEX R-I,2928290,-8
MISSOURI,SLATER,2928360,36
MISSOURI,SMITHTON R-VI,2928380,67
MISSOURI,SMITHVILLE R-II,2928410,188
MISSOURI,SOUTH CALLAWAY CO. R-II,2928430,77
MISSOURI,SOUTH IRON CO. R-I,2928470,60
MISSOURI,SOUTH NODAWAY CO. R-IV,2928500,24
MISSOURI,SOUTH PEMISCOT CO. R-V,2928530,-8
MISSOURI,SOUTHERN BOONE CO. R-I,2928560,181
MISSOURI,SOUTHERN REYNOLDS CO. R-II,2928590,-8
MISSOURI,SOUTHLAND C-9,2928620,-8
MISSOURI,SOUTHWEST LIVINGSTON CO. R-I,2928680,25
MISSOURI,SOUTHWEST R-V,2928710,132
MISSOURI,SPARTA R-III,2928740,66
MISSOURI,SPICKARD R-II,2928770,4
MISSOURI,SPOKANE R-VII,2928800,84
MISSOURI,SPRINGFIELD R-XII,2928860,2718
MISSOURI,ST. CHARLES R-VI,2928920,834
MISSOURI,FRANCIS HOWELL R-III,2928950,2030
MISSOURI,ST. CLAIR R-XIII,2929100,309
MISSOURI,ST. ELIZABETH R-IV,2929130,-8
MISSOURI,CENTRAL R-III,2929170,268
MISSOURI,ST. JAMES R-I,2929250,258
MISSOURI,ST. LOUIS CITY,2929280,2274
MISSOURI,STANBERRY R-II,2929340,39
MISSOURI,STE. GENEVIEVE CO. R-II,2929370,296
MISSOURI,STEELVILLE R-III,2929430,138
MISSOURI,STEWARTSVILLE C-2,2929490,31
MISSOURI,STOCKTON R-I,2929520,89
MISSOURI,STOUTLAND R-II,2929580,66
MISSOURI,MORGAN CO. R-I,2929610,125
MISSOURI,STRAFFORD R-VI,2929640,145
MISSOURI,STRASBURG C-3,2929670,13
MISSOURI,STURGEON R-V,2929700,149
MISSOURI,SUCCESS R-VI,2929730,16
MISSOURI,SULLIVAN,2929760,264
MISSOURI,SUMMERSVILLE R-II,2929810,-8
MISSOURI,SUNRISE R-IX,2929820,60
MISSOURI,SWEDEBORG R-III,2929850,-8
MISSOURI,SWEET SPRINGS R-VII,2929880,57
MISSOURI,TANEYVILLE R-II,2929910,21
MISSOURI,TARKIO R-I,2929940,-8
MISSOURI,THAYER R-II,2930270,102
MISSOURI,TINA-AVALON R-II,2930300,19
MISSOURI,TIPTON R-VI,2930330,103
MISSOURI,TRENTON R-IX,2930360,168
MISSOURI,TRI-COUNTY R-VII,2930390,45
MISSOURI,EAST NEWTON CO. R-VI,2930420,220
MISSOURI,TROY R-III,2930450,965
MISSOURI,MILLER CO. R-III,2930510,-8
MISSOURI,TWIN RIVERS R-X,2930520,129
MISSOURI,UNION R-XI,2930570,364
MISSOURI,UNION STAR R-II,2930600,-8
MISSOURI,UNIVERSITY CITY,2930660,353
MISSOURI,VALLEY PARK,2930690,105
MISSOURI,VALLEY R-VI,2930720,50
MISSOURI,VAN BUREN R-I,2930750,74
MISSOURI,VAN-FAR R-I,2930780,72
MISSOURI,VERONA R-VII,2930810,-8
MISSOURI,MORGAN CO. R-II,2930840,164
MISSOURI,MARIES CO. R-I,2930870,31
MISSOURI,WEST NODAWAY CO. R-I,2930900,-8
MISSOURI,WALNUT GROVE R-V,2930990,31
MISSOURI,WARRENSBURG R-VI,2931020,375
MISSOURI,WARREN CO. R-III,2931050,562
MISSOURI,WARSAW R-IX,2931070,197
MISSOURI,WASHINGTON,2931110,339
MISSOURI,KINGSTON K-14,2931140,118
MISSOURI,RICHWOODS R-VII,2931230,21
MISSOURI,WAYNESVILLE R-VI,2931440,1063
MISSOURI,WEAUBLEAU R-III,2931460,29
MISSOURI,WEBB CITY R-VII,2931500,600
MISSOURI,WEBSTER GROVES,2931530,552
MISSOURI,WELLINGTON-NAPOLEON R-IX,2931560,-8
MISSOURI,WELLSVILLE MIDDLETOWN R-I,2931620,18
MISSOURI,WENTZVILLE R-IV,2931650,2615
MISSOURI,WEST PLAINS R-VII,2931680,389
MISSOURI,WEST PLATTE CO. R-II,2931710,68
MISSOURI,MIDWAY R-I,2931800,78
MISSOURI,OSAGE CO. R-III,2931830,92
MISSOURI,WESTRAN R-I,2931860,90
MISSOURI,WESTVIEW C-6,2931890,26
MISSOURI,WHEATLAND R-II,2931920,37
MISSOURI,WHEATON R-III,2931950,43
MISSOURI,WILLARD R-II,2932010,533
MISSOURI,WILLOW SPRINGS R-IV,2932070,152
MISSOURI,WINDSOR C-1,2932100,344
MISSOURI,HENRY CO. R-I,2932110,104
MISSOURI,WINFIELD R-IV,2932190,273
MISSOURI,WINONA R-III,2932220,-8
MISSOURI,WINSTON R-VI,2932250,-8
MISSOURI,WORTH CO. R-III,2932300,35
MISSOURI,WRIGHT CITY R-II OF WARREN CO.,2932310,266
MISSOURI,ZALMA R-V,2932490,-8
MISSOURI,THE LEADERSHIP SCHOOL,2932491,12
MONTANA,Chouteau Co Joint Service,3000001,NA
MONTANA,Somers Elem,3000002,-8
MONTANA,Cut Bank Elem,3000003,76
MONTANA,Mountain View Elem,3000004,-8
MONTANA,Helena Elem,3000005,985
MONTANA,Broadus Elem,3000006,18
MONTANA,South Stacey Elem,3000007,0
MONTANA,Ashland Elem,3000008,-8
MONTANA,Bear Paw Cooperative,3000012,NA
MONTANA,North Ctrl Learn Res Ctr,3000017,NA
MONTANA,Big Country Coop,3000020,NA
MONTANA,Sheridan/Daniels Coop,3000022,NA
MONTANA,Prairie View Coop,3000024,NA
MONTANA,Central Mt Learn Res Ctr,3000029,NA
MONTANA,Flathead Special Ed. Coop.,3000031,NA
MONTANA,Gallatin/Madison Coop,3000033,NA
MONTANA,Prickly Pear Coop,3000045,NA
MONTANA,Missoula Area Education Coop,3000053,NA
MONTANA,Park County Coop,3000056,NA
MONTANA,Big Sky Special Needs Coop,3000060,NA
MONTANA,Tri County Coop,3000063,NA
MONTANA,Great Divide Educ Serv,3000065,NA
MONTANA,Bitterroot Valley Coop,3000068,NA
MONTANA,Roose-Valley Sp Ed Coop,3000070,NA
MONTANA,Cabinet Mountain Cooperative,3000074,NA
MONTANA,Stillwater/Swt Grass Coop,3000078,NA
MONTANA,E. Yellowstone Spec. Ser  Coop,3000087,NA
MONTANA,Yellowstone/W Carbon Coop,3000088,NA
MONTANA,Noxon Elem,3000090,15
MONTANA,Dept of Corrections-Youth,3000091,6
MONTANA,Liberty Elem,3000093,-8
MONTANA,West Glacier Elem,3000094,8
MONTANA,Lame Deer H S,3000095,20
MONTANA,North Star Elem,3000096,-8
MONTANA,North Star HS,3000097,4
MONTANA,Chester-Joplin-Inverness El,3000098,-8
MONTANA,Heart Butte K-12 Schools,3000099,16
MONTANA,Mont Sch for Deaf Blind,3000100,34
MONTANA,Chester-Joplin-Inverness HS,3000101,3
MONTANA,Dutton/Brady K-12 Schools,3000102,10
MONTANA,Intermtn Childrens Home,3000104,-8
MONTANA,Yellowstone Boys & Girls Ranch,3000105,14
MONTANA,Shodair Specialty Hosp,3000106,6
MONTANA,Dept of Corrections-Adult,3000653,3
MONTANA,Big Sky School K-12,3000654,-8
MONTANA,East Helena K-12,3000655,217
MONTANA,Lockwood K-12,3000656,204
MONTANA,Shields Valley Elem,3000932,19
MONTANA,Shields Valley H S,3000933,6
MONTANA,Absarokee Elem,3001710,12
MONTANA,Absarokee H S,3001740,14
MONTANA,Alberton K-12 Schools,3001860,38
MONTANA,Alzada Elem,3001950,-8
MONTANA,Amsterdam Elem,3001980,15
MONTANA,Anaconda Elem,3002010,162
MONTANA,Anaconda H S,3002030,64
MONTANA,Anderson Elem,3002070,4
MONTANA,Arlee Elem,3002220,51
MONTANA,Arlee H S,3002250,44
MONTANA,Arrowhead Elem,3002300,-8
MONTANA,Augusta Elem,3002430,4
MONTANA,Augusta H S,3002450,0
MONTANA,Auchard Creek Elem,3002490,0
MONTANA,Avon Elem,3002550,3
MONTANA,Ayers Elem,3002570,0
MONTANA,Bainville K-12 Schools,3002640,19
MONTANA,Baker K-12 Schools,3002730,76
MONTANA,Basin Elem,3002820,-8
MONTANA,Smith Valley Elem,3002850,-8
MONTANA,Bear Paw Elem,3003000,0
MONTANA,Beaverhead County H S,3003090,39
MONTANA,Belfry K-12 Schools,3003270,-8
MONTANA,Belgrade Elem,3003290,259
MONTANA,Belgrade H S,3003330,93
MONTANA,Belt Elem,3003420,-8
MONTANA,Belt H S,3003450,5
MONTANA,Benton Lake Elem,3003480,0
MONTANA,Biddle Elem,3003600,4
MONTANA,Spring Creek Elem,3003660,0
MONTANA,Big Sandy K-12,3003750,40
MONTANA,Big Timber Elem,3003800,-8
MONTANA,Bigfork Elem,3003820,-8
MONTANA,Bigfork H S,3003840,24
MONTANA,Billings Elem,3003870,1568
MONTANA,Billings H S,3003900,752
MONTANA,Birney Elem,3003990,0
MONTANA,Cleveland Elem,3004050,-8
MONTANA,Bloomfield Elem,3004200,-8
MONTANA,Blue Creek Elem,3004230,-8
MONTANA,Bonner Elem,3004260,-8
MONTANA,Boulder Elem,3004380,34
MONTANA,Box Elder Elem,3004440,58
MONTANA,Box Elder H S,3004500,14
MONTANA,Bozeman Elem,3004560,566
MONTANA,Bozeman H S,3004590,315
MONTANA,Bridger K-12 Schools,3004800,28
MONTANA,Powder River Co Dist H S,3004860,8
MONTANA,Broadview Elem,3004890,13
MONTANA,Broadview H S,3004920,8
MONTANA,Townsend K-12 Schools,3004980,79
MONTANA,Brockton Elem,3005010,17
MONTANA,Brockton H S,3005040,8
MONTANA,Brorson Elem,3005130,0
MONTANA,Browning Elem,3005140,150
MONTANA,Browning H S,3005190,54
MONTANA,Butte Elem,3005280,410
MONTANA,Butte H S,3005310,170
MONTANA,Bynum Elem,3005330,-8
MONTANA,Canyon Creek Elem,3005460,37
MONTANA,Cardwell Elem,3005550,5
MONTANA,Carter County H S,3005610,8
MONTANA,Carter Elem,3005760,-8
MONTANA,Vaughn Elem,3005850,30
MONTANA,Cascade Elem,3005880,-8
MONTANA,Cascade H S,3005910,7
MONTANA,Cayuse Prairie Elem,3005990,-8
MONTANA,McCormick Elem,3006030,0
MONTANA,St Ignatius K-12 Schools,3006110,-8
MONTANA,Charlo Elem,3006112,16
MONTANA,Charlo H S,3006115,11
MONTANA,Chinook Elem,3006260,-8
MONTANA,Chinook H S,3006270,18
MONTANA,Choteau Elem,3006320,29
MONTANA,Choteau H S,3006330,15
MONTANA,Circle Elem,3006790,13
MONTANA,Circle H S,3006810,5
MONTANA,Clancy Elem,3006840,36
MONTANA,Clinton Elem,3006870,-8
MONTANA,Cohagen Elem,3007030,3
MONTANA,Colstrip Elem,3007050,-8
MONTANA,Colstrip H S,3007080,25
MONTANA,Columbia Falls Elem,3007110,246
MONTANA,Columbia Falls H S,3007140,69
MONTANA,Columbus Elem,3007190,59
MONTANA,Columbus H S,3007200,38
MONTANA,Conrad H S,3007320,15
MONTANA,Conrad Elem,3007330,27
MONTANA,Cooke City Elem,3007350,-8
MONTANA,Corvallis K-12 Schools,3007410,127
MONTANA,Cottonwood Elem,3007500,-8
MONTANA,Creston Elem,3007710,20
MONTANA,Culbertson Elem,3007830,-8
MONTANA,Culbertson H S,3007860,7
MONTANA,Custer County H S,3007930,56
MONTANA,Kinsey Elem,3007980,17
MONTANA,S Y Elem,3008010,-8
MONTANA,Custer K-12 Schools,3008130,10
MONTANA,Cut Bank H S,3008190,30
MONTANA,Darby K-12 Schools,3008280,-8
MONTANA,Davey Elem,3008310,5
MONTANA,Dawson H S,3008340,36
MONTANA,Lindsay Elem,3008400,0
MONTANA,Deer Creek Elem,3008470,-8
MONTANA,Deer Lodge Elem,3008670,92
MONTANA,Deer Park Elem,3008700,15
MONTANA,Deerfield Elem,3008730,0
MONTANA,Denton H S,3008850,0
MONTANA,Denton Elem,3008860,-8
MONTANA,DeSmet Elem,3008880,27
MONTANA,Dillon Elem,3008910,113
MONTANA,Divide Elem,3009000,3
MONTANA,Dixon Elem,3009030,15
MONTANA,Dodson K-12,3009120,15
MONTANA,Drummond Elem,3009180,20
MONTANA,Drummond H S,3009210,7
MONTANA,Dupuyer Elem,3009330,3
MONTANA,East Glacier Park Elem,3009510,6
MONTANA,Ekalaka Elem,3009670,12
MONTANA,Elder Grove Elem,3009720,76
MONTANA,Elliston Elem,3009780,3
MONTANA,Elysian Elem,3009840,50
MONTANA,Ennis K-12 Schools,3009930,-8
MONTANA,Eureka Elem,3010080,74
MONTANA,Fairfield Elem,3010140,16
MONTANA,Fairfield H S,3010170,7
MONTANA,Fairview Elem,3010210,-8
MONTANA,Fair-Mont-Egan Elem,3010230,-8
MONTANA,Fairview H S,3010290,11
MONTANA,Fergus H S,3010530,51
MONTANA,Fishtail Elem,3010800,3
MONTANA,Wise River Elem,3010820,-8
MONTANA,Evergreen Elem,3010920,158
MONTANA,Olney-Bissell Elem,3010950,-8
MONTANA,Florence-Carlton K-12 Schls,3011100,98
MONTANA,Forsyth Elem,3011160,-8
MONTANA,Forsyth H S,3011190,9
MONTANA,Fort Benton Elem,3011240,28
MONTANA,Fort Benton H S,3011260,19
MONTANA,Fortine Elem,3011340,12
MONTANA,Frazer Elem,3011420,8
MONTANA,Frazer H S,3011460,4
MONTANA,Frenchtown K-12 Schools,3011520,168
MONTANA,Froid Elem,3011550,-8
MONTANA,Froid H S,3011580,4
MONTANA,Fromberg K-12,3011650,13
MONTANA,Frontier Elem,3011670,9
MONTANA,Galata Elem,3011730,-8
MONTANA,Gallatin Gateway Elem,3011790,13
MONTANA,Gardiner Elem,3011820,12
MONTANA,Gardiner H S,3011850,7
MONTANA,Garfield County H S,3011880,6
MONTANA,Ross Elem,3011990,0
MONTANA,Sand Springs Elem,3012060,0
MONTANA,Geraldine K-12,3012210,-8
MONTANA,Geyser K-12 Schools,3012300,3
MONTANA,Gildford Colony Elem,3012350,-8
MONTANA,Glasgow K-12 Schools,3012420,107
MONTANA,Glendive Elem,3012510,151
MONTANA,Golden Ridge Elem,3012600,-8
MONTANA,Philipsburg K-12 Schools,3012840,32
MONTANA,Grant Elem,3012900,0
MONTANA,Grass Range Elem,3012960,6
MONTANA,Grass Range H S,3012990,6
MONTANA,Great Falls Elem,3013040,778
MONTANA,Great Falls H S,3013050,355
MONTANA,Greenfield Elem,3013110,-8
MONTANA,Greycliff Elem,3013140,-8
MONTANA,Hall Elem,3013200,3
MONTANA,Hamilton K-12 Schools,3013260,228
MONTANA,Hawks Home Elem,3013280,-8
MONTANA,Hardin Elem,3013310,157
MONTANA,Hardin H S,3013340,63
MONTANA,Plenty Coups H S,3013360,-8
MONTANA,Harlem Elem,3013395,59
MONTANA,Harlem H S,3013400,33
MONTANA,Harlowton K-12,3013470,36
MONTANA,Harrison K-12 Schools,3013530,15
MONTANA,Havre Elem,3013560,137
MONTANA,Havre H S,3013590,53
MONTANA,Hays-Lodge Pole K-12 Schls,3013660,48
MONTANA,Helena Flats Elem,3013800,34
MONTANA,Helena H S,3013830,350
MONTANA,Hellgate Elem,3013860,219
MONTANA,Helmville Elem,3013890,-8
MONTANA,Highwood K-12,3014070,7
MONTANA,Cottonwood Elem,3014150,3
MONTANA,Hinsdale Elem,3014340,-8
MONTANA,Hinsdale H S,3014370,5
MONTANA,Hobson K-12 Schools,3014430,14
MONTANA,Hot Springs K-12,3014640,18
MONTANA,Huntley Project K-12 Schools,3014700,-8
MONTANA,Hysham K-12 Schools,3014760,9
MONTANA,Independent Elem,3014820,56
MONTANA,Jackson Elem,3015060,-8
MONTANA,Jefferson H S,3015120,34
MONTANA,Joliet Elem,3015200,27
MONTANA,Joliet H S,3015260,24
MONTANA,Jordan Elem,3015340,-8
MONTANA,Judith Gap Elem,3015360,3
MONTANA,Judith Gap H S,3015390,0
MONTANA,Flathead H S,3015420,357
MONTANA,Kalispell Elem,3015450,446
MONTANA,Kester Elem,3015510,-8
MONTANA,Kila Elem,3015570,-8
MONTANA,King Colony Elem,3015610,0
MONTANA,Kircher Elem,3015640,11
MONTANA,Knees Elem,3015690,0
MONTANA,Upper West Shore Elem,3015900,-8
MONTANA,Swan Lake-Salmon Elem,3015930,-8
MONTANA,Lambert Elem,3015990,-8
MONTANA,Lambert H S,3016020,4
MONTANA,Lame Deer Elem,3016050,33
MONTANA,LaMotte Elem,3016110,9
MONTANA,Laurel Elem,3016200,163
MONTANA,Laurel H S,3016230,78
MONTANA,Lavina K-12 Schools,3016290,9
MONTANA,Lewistown Elem,3016490,125
MONTANA,Libby K-12 Schools,3016530,125
MONTANA,Lima K-12 Schools,3016710,-8
MONTANA,Lincoln County H S,3016770,20
MONTANA,Lincoln K-12 Schools,3016810,35
MONTANA,Livingston Elem,3016880,157
MONTANA,Lodge Grass Elem,3017010,24
MONTANA,Lodge Grass H S,3017040,32
MONTANA,Lolo Elem,3017130,-8
MONTANA,Lone Rock Elem,3017190,-8
MONTANA,Lustre Elem,3017340,5
MONTANA,Luther Elem,3017370,-8
MONTANA,Alder Elem,3017460,0
MONTANA,Malmborg Elem,3017520,-8
MONTANA,Malta K-12 Schools,3017580,-8
MONTANA,Manhattan School,3017610,73
MONTANA,Manhattan High School,3017640,24
MONTANA,Marion Elem,3017700,29
MONTANA,McLeod Elem,3018060,-8
MONTANA,Medicine Lake K-12 Schools,3018170,-8
MONTANA,Melrose Elem,3018210,-8
MONTANA,Melstone Elem,3018240,10
MONTANA,Melstone H S,3018270,-8
MONTANA,Melville Elem,3018290,6
MONTANA,Miles City Elem,3018410,160
MONTANA,Missoula H S,3018540,553
MONTANA,Missoula Elem,3018570,867
MONTANA,Monforton Elem,3018750,40
MONTANA,Montana City Elem,3018780,49
MONTANA,Moore Elem,3018870,4
MONTANA,Moore H S,3018900,-8
MONTANA,Morin Elem,3018960,3
MONTANA,Nashua K-12 Schools,3019170,29
MONTANA,North Harlem Colony Elem,3019310,0
MONTANA,Noxon H S,3019500,12
MONTANA,Nye Elem,3019530,0
MONTANA,Opheim K-12 Schools,3019740,3
MONTANA,Ovando Elem,3019950,-8
MONTANA,Park City Elem,3020040,-8
MONTANA,Park City H S,3020070,15
MONTANA,Park H S,3020100,56
MONTANA,Pass Creek Elem,3020170,0
MONTANA,Pendroy Elem,3020240,-8
MONTANA,Pine Creek Elem,3020670,-8
MONTANA,Pine Grove Elem,3020690,0
MONTANA,Pioneer Elem,3020790,-8
MONTANA,Plains K-12,3020850,49
MONTANA,Pleasant Valley Elem,3020880,-8
MONTANA,Plentywood K-12 Schools,3020960,74
MONTANA,Plevna K-12 Schools,3021000,17
MONTANA,Polaris Elem,3021030,-8
MONTANA,Polson Elem,3021060,172
MONTANA,Polson H S,3021090,56
MONTANA,Miami Elem,3021150,-8
MONTANA,Poplar Elem,3021240,130
MONTANA,Poplar H S,3021270,65
MONTANA,Potomac Elem,3021330,17
MONTANA,Powell County H S,3021450,28
MONTANA,Garrison Elem,3021480,-8
MONTANA,Power Elem,3021510,3
MONTANA,Power H S,3021540,-8
MONTANA,Pryor Elem,3021720,18
MONTANA,Ramsay Elem,3021850,7
MONTANA,Rapelje Elem,3021870,-8
MONTANA,Rapelje H S,3021900,0
MONTANA,Rau Elem,3021960,5
MONTANA,Red Lodge Elem,3022080,-8
MONTANA,Red Lodge H S,3022110,17
MONTANA,Reed Point Elem,3022230,-8
MONTANA,Reed Point H S,3022260,-8
MONTANA,Reichle Elem,3022290,-8
MONTANA,Richey Elem,3022370,11
MONTANA,Richey H S,3022410,-8
MONTANA,Roberts K-12 Schools,3022710,-8
MONTANA,Rocky Boy Elem,3022750,54
MONTANA,Ronan Elem,3022790,167
MONTANA,Ronan H S,3022800,42
MONTANA,Rosebud K-12,3022920,6
MONTANA,Roundup Elem,3023040,70
MONTANA,Roundup High School,3023070,34
MONTANA,Roy K-12 Schools,3023160,5
MONTANA,Ryegate K-12 Schools,3023340,-8
MONTANA,Saco Elem,3023370,-8
MONTANA,Saco H S,3023400,0
MONTANA,Savage Elem,3023520,13
MONTANA,Savage H S,3023550,-8
MONTANA,Scobey K-12 Schools,3023670,35
MONTANA,Seeley Lake Elem,3023730,32
MONTANA,Shelby Elem,3023900,59
MONTANA,Shelby H S,3023910,19
MONTANA,Shepherd Elem,3023940,80
MONTANA,Shepherd H S,3023970,35
MONTANA,Sheridan Elem,3024150,-8
MONTANA,Sheridan H S,3024180,12
MONTANA,Sidney Elem,3024200,127
MONTANA,Sidney H S,3024230,51
MONTANA,Sun River Valley Elem,3024300,-8
MONTANA,Simms H S,3024330,14
MONTANA,Spring Creek Colony Elem,3024690,0
MONTANA,Springhill Elem,3024810,0
MONTANA,St Regis K-12 Schools,3024930,32
MONTANA,Stanford K-12 Schools,3024990,-8
MONTANA,Stevensville Elem,3025020,91
MONTANA,Stevensville H S,3025050,55
MONTANA,Centerville Elem,3025130,-8
MONTANA,Centerville H S,3025140,8
MONTANA,Sunburst K-12 Schools,3025320,-8
MONTANA,Sunset Elem,3025380,-8
MONTANA,Superior K-12 Schools,3025470,-8
MONTANA,Swan River Elem,3025500,-8
MONTANA,Swan Valley Elem,3025530,5
MONTANA,Sweet Grass County H S,3025560,11
MONTANA,Target Range Elem,3025890,81
MONTANA,Terry K-12 Schools,3025950,13
MONTANA,Thompson Falls Elem,3026070,-8
MONTANA,Thompson Falls H S,3026100,25
MONTANA,Three Forks Elem,3026160,54
MONTANA,Three Forks H S,3026190,25
MONTANA,Trail Creek Elem,3026400,-8
MONTANA,Trego Elem,3026460,3
MONTANA,Trinity Elem,3026490,-8
MONTANA,Trout Creek Elem,3026520,9
MONTANA,Troy Elem,3026550,-8
MONTANA,Troy H S,3026580,23
MONTANA,Turner Elem,3026640,-8
MONTANA,Turner H S,3026670,-8
MONTANA,Twin Bridges K-12 Schools,3026730,-8
MONTANA,Ulm Elem,3026880,9
MONTANA,Valier Elem,3027060,7
MONTANA,Valier H S,3027090,4
MONTANA,Valley View Elem,3027150,0
MONTANA,Victor K-12 Schools,3027270,49
MONTANA,Vida Elem,3027340,7
MONTANA,West Valley Elem,3027570,-8
MONTANA,West Yellowstone K-12,3027630,25
MONTANA,Westby K-12 Schools,3027730,-8
MONTANA,Whitefish Elem,3027740,147
MONTANA,Whitefish H S,3027790,65
MONTANA,Whitehall Elem,3027810,48
MONTANA,Whitehall H S,3027840,32
MONTANA,Whitewater K-12 Schools,3027930,-8
MONTANA,Wibaux K-12 Schools,3028020,18
MONTANA,Willow Creek Elem,3028140,3
MONTANA,Willow Creek H S,3028170,-8
MONTANA,Winifred K-12 Schools,3028380,20
MONTANA,Winnett K-12 Schools,3028470,8
MONTANA,Wisdom Elem,3028500,-8
MONTANA,Wolf Creek Elem,3028550,-8
MONTANA,Wolf Point Elem,3028590,82
MONTANA,Wolf Point H S,3028620,30
MONTANA,Woodman Elem,3028650,15
MONTANA,White Sulphur Spgs K-12,3028770,22
MONTANA,Wyola Elem,3028800,7
MONTANA,Yaak Elem,3028830,0
MONTANA,Yellowstone Academy Elem,3028860,33
MONTANA,Zurich Elem,3028910,-8
MONTANA,Rocky Boy H S,3028911,23
NEBRASKA,DAVID CITY PUBLIC SCHOOLS,3100002,132
NEBRASKA,EAST BUTLER PUBLIC SCHOOLS,3100003,-8
NEBRASKA,LAUREL-CONCORD-COLERIDGE SCHOOL,3100004,60
NEBRASKA,WEST POINT PUBLIC SCHOOLS,3100006,95
NEBRASKA,WISNER-PILGER PUBLIC SCHOOLS,3100008,51
NEBRASKA,ANSELMO-MERNA PUBLIC SCHOOLS,3100010,-8
NEBRASKA,BROKEN BOW PUBLIC SCHOOLS,3100011,97
NEBRASKA,CALLAWAY PUBLIC SCHOOLS,3100012,33
NEBRASKA,CAMBRIDGE PUBLIC SCHOOLS,3100015,53
NEBRASKA,GRAND ISLAND PUBLIC SCHOOLS,3100016,1593
NEBRASKA,WAUNETA-PALISADE PUBLIC SCHS,3100018,-8
NEBRASKA,WAVERLY SCHOOL DISTRICT 145,3100021,339
NEBRASKA,NORTH PLATTE PUBLIC SCHOOLS,3100022,803
NEBRASKA,MAXWELL PUBLIC SCHOOLS,3100023,-8
NEBRASKA,SUTHERLAND PUBLIC SCHOOLS,3100024,47
NEBRASKA,ELKHORN VALLEY SCHOOLS,3100025,57
NEBRASKA,SUPERIOR PUBLIC SCHOOLS,3100029,113
NEBRASKA,ASHLAND-GREENWOOD PUBLIC SCHS,3100034,198
NEBRASKA,STANTON COMMUNITY SCHOOLS,3100041,-8
NEBRASKA,WEST KEARNEY HIGH SCHOOL,3100046,0
NEBRASKA,PINE RIDGE JOB CORPS,3100047,0
NEBRASKA,UNIVERSITY OF NEBRASKA HIGH SCHOOL,3100059,0
NEBRASKA,FRANKLIN PUBLIC SCHOOLS,3100065,35
NEBRASKA,SILVER LAKE PUBLIC SCHOOLS,3100066,63
NEBRASKA,BANNER COUNTY PUBLIC SCHOOLS,3100067,13
NEBRASKA,AMHERST PUBLIC SCHOOLS,3100070,-8
NEBRASKA,TEKAMAH-HERMAN COMMUNITY SCHS,3100071,101
NEBRASKA,LEYTON PUBLIC SCHOOLS,3100072,-8
NEBRASKA,ARNOLD PUBLIC SCHOOLS,3100073,-8
NEBRASKA,SCRIBNER-SNYDER COMMUNITY SCHS,3100076,46
NEBRASKA,DUNDY CO STRATTON PUBLIC SCHS,3100077,36
NEBRASKA,ALMA PUBLIC SCHOOLS,3100080,59
NEBRASKA,STUART PUBLIC SCHOOLS,3100082,-8
NEBRASKA,ST PAUL PUBLIC SCHOOLS,3100085,75
NEBRASKA,NORRIS SCHOOL DIST 160,3100088,204
NEBRASKA,PALMER PUBLIC SCHOOLS,3100089,21
NEBRASKA,BAYARD PUBLIC SCHOOLS,3100090,69
NEBRASKA,FULLERTON PUBLIC SCHOOLS,3100091,45
NEBRASKA,CRETE PUBLIC SCHOOLS,3100095,296
NEBRASKA,FRIEND PUBLIC SCHOOLS,3100096,34
NEBRASKA,MORRILL PUBLIC SCHOOLS,3100097,38
NEBRASKA,GERING PUBLIC SCHOOLS,3100098,297
NEBRASKA,CENTENNIAL PUBLIC SCHOOLS,3100099,63
NEBRASKA,BRIDGEPORT PUBLIC SCHOOLS,3100105,69
NEBRASKA,SOUTHERN VALLEY SCHOOLS,3100109,90
NEBRASKA,SOUTH PLATTE PUBLIC SCHOOLS,3100110,-8
NEBRASKA,EUSTIS-FARNAM PUBLIC SCHOOLS,3100111,30
NEBRASKA,LAKEVIEW COMMUNITY SCHOOLS,3100112,121
NEBRASKA,LOGAN VIEW PUBLIC SCHOOLS,3100114,78
NEBRASKA,NORTH BEND CENTRAL PUBLIC SCHS,3100115,73
NEBRASKA,FREEMAN PUBLIC SCHOOLS,3100116,48
NEBRASKA,HEARTLAND COMMUNITY SCHOOLS,3100117,49
NEBRASKA,FILLMORE CENTRAL PUBLIC SCHS,3100118,84
NEBRASKA,HITCHCOCK CO SCH SYSTEM,3100120,-8
NEBRASKA,DONIPHAN-TRUMBULL PUBLIC SCHS,3100121,44
NEBRASKA,SOUTH CENTRAL NEBRASKA UNIFIED 5,3100122,166
NEBRASKA,HIGH PLAINS COMMUNITY SCHOOLS,3100123,-8
NEBRASKA,BRUNING-DAVENPORT UNIFIED SYS,3100124,45
NEBRASKA,DILLER-ODELL PUBLIC SCHOOLS,3100125,-8
NEBRASKA,TWIN RIVER PUBLIC SCHOOLS,3100129,65
NEBRASKA,CROSS COUNTY COMMUNITY SCHOOLS,3100130,-8
NEBRASKA,THAYER CENTRAL COMMUNITY SCHS,3100132,66
NEBRASKA,EXETER-MILLIGAN PUBLIC SCHOOLS,3100133,-8
NEBRASKA,WILCOX-HILDRETH PUBLIC SCHOOLS,3100134,41
NEBRASKA,CREEK VALLEY SCHOOLS,3100140,41
NEBRASKA,EMERSON-HUBBARD PUBLIC SCHOOLS,3100141,-8
NEBRASKA,PERKINS COUNTY SCHOOLS,3100157,54
NEBRASKA,CHASE COUNTY SCHOOLS,3100163,82
NEBRASKA,DOUGLAS CO WEST COMMUNITY SCHS,3100165,133
NEBRASKA,GORDON-RUSHVILLE PUBLIC SCHS,3100170,80
NEBRASKA,WEST HOLT PUBLIC SCHOOLS,3100172,51
NEBRASKA,JOHNSON CO CENTRAL PUBLIC SCHS,3100176,116
NEBRASKA,NCYF COMMUNITY HIGH SCHOOL,3100177,0
NEBRASKA,SOUTHWEST PUBLIC SCHOOLS,3100178,21
NEBRASKA,HUMBOLDT TABLE ROCK STEINAUER,3100179,81
NEBRASKA,HOWELLS-DODGE CONSOLIDATED SCHOOLS,3100183,58
NEBRASKA,RIVERSIDE PUBLIC SCHOOLS,3100184,-8
NEBRASKA,CENTRAL VALLEY PUBLIC SCHOOLS,3100185,56
NEBRASKA,BOYD COUNTY SCHOOLS,3100187,48
NEBRASKA,SUMMERLAND PUBLIC SCHOOLS,3100189,73
NEBRASKA,WEST HASTINGS SCHOOL,3100190,0
NEBRASKA,ELMWOOD-MURDOCK PUBLIC SCHOOLS,3101992,47
NEBRASKA,ADAMS CENTRAL PUBLIC SCHOOLS,3102770,143
NEBRASKA,AINSWORTH COMMUNITY SCHOOLS,3102790,60
NEBRASKA,BOONE CENTRAL SCHOOLS,3102820,92
NEBRASKA,ALLEN CONSOLIDATED SCHOOLS,3102880,-8
NEBRASKA,ALLIANCE PUBLIC SCHOOLS,3102910,331
NEBRASKA,ANSLEY PUBLIC SCHOOLS,3103060,27
NEBRASKA,ARAPAHOE PUBLIC SCHOOLS,3103090,47
NEBRASKA,ARCADIA PUBLIC SCHOOLS,3103120,17
NEBRASKA,ARLINGTON PUBLIC SCHOOLS,3103130,77
NEBRASKA,ARTHUR COUNTY SCHOOLS,3103210,7
NEBRASKA,AUBURN PUBLIC SCHOOLS,3103330,130
NEBRASKA,AURORA PUBLIC SCHOOLS,3103360,229
NEBRASKA,AXTELL COMMUNITY SCHOOLS,3103420,40
NEBRASKA,BANCROFT-ROSALIE COMM SCHOOLS,3103440,-8
NEBRASKA,BATTLE CREEK PUBLIC SCHOOLS,3103540,69
NEBRASKA,BEATRICE PUBLIC SCHOOLS,3103600,484
NEBRASKA,BELLEVUE PUBLIC SCHOOLS,3103810,1670
NEBRASKA,BENNINGTON PUBLIC SCHOOLS,3103990,595
NEBRASKA,BERTRAND PUBLIC SCHOOLS,3104020,-8
NEBRASKA,BLAIR COMMUNITY SCHOOLS,3104100,298
NEBRASKA,BLOOMFIELD COMMUNITY SCHOOLS,3104140,-8
NEBRASKA,BLUE HILL COMMUNITY SCHOOLS,3104200,51
NEBRASKA,BRADY PUBLIC SCHOOLS,3104290,25
NEBRASKA,BURWELL PUBLIC SCHOOLS,3104640,25
NEBRASKA,CEDAR BLUFFS PUBLIC SCHOOLS,3104870,46
NEBRASKA,CENTRAL CITY PUBLIC SCHOOLS,3104920,125
NEBRASKA,RAYMOND CENTRAL PUBLIC SCHOOLS,3104950,102
NEBRASKA,CHADRON PUBLIC SCHOOLS,3104980,121
NEBRASKA,CHAMBERS PUBLIC SCHOOLS,3105010,19
NEBRASKA,CLARKSON PUBLIC SCHOOLS,3105160,24
NEBRASKA,CODY-KILGORE PUBLIC SCHS,3105280,-8
NEBRASKA,COLUMBUS PUBLIC SCHOOLS,3105340,719
NEBRASKA,COZAD COMMUNITY SCHOOLS,3105460,114
NEBRASKA,CRAWFORD PUBLIC SCHOOLS,3105520,-8
NEBRASKA,CREIGHTON COMMUNITY PUBLIC SCHOOLS,3105550,51
NEBRASKA,CROFTON COMMUNITY SCHOOLS,3105630,57
NEBRASKA,DESHLER PUBLIC SCHOOLS,3105910,54
NEBRASKA,TRI COUNTY PUBLIC SCHOOLS,3105970,62
NEBRASKA,HAYES CENTER PUBLIC SCHOOLS,3109120,7
NEBRASKA,UMO N HO N NATION PUBLIC SCHS,3119560,118
NEBRASKA,CENTURA PUBLIC SCHOOLS,3162950,63
NEBRASKA,DORCHESTER PUBLIC SCHOOL,3169840,26
NEBRASKA,ELBA PUBLIC SCHOOLS,3170020,8
NEBRASKA,ELGIN PUBLIC SCHOOLS,3170050,-8
NEBRASKA,ELKHORN PUBLIC SCHOOLS,3170110,1320
NEBRASKA,ELM CREEK PUBLIC SCHOOLS,3170140,38
NEBRASKA,ELWOOD PUBLIC SCHOOLS,3170220,47
NEBRASKA,FAIRBURY PUBLIC SCHOOLS,3170440,147
NEBRASKA,FALLS CITY PUBLIC SCHOOLS,3170530,150
NEBRASKA,FORT CALHOUN COMMUNITY SCHS,3170650,108
NEBRASKA,FREMONT PUBLIC SCHOOLS,3170710,1027
NEBRASKA,GARDEN COUNTY SCHOOLS,3170800,47
NEBRASKA,GIBBON PUBLIC SCHOOLS,3170980,89
NEBRASKA,GILTNER PUBLIC SCHOOLS,3171010,19
NEBRASKA,GOTHENBURG PUBLIC SCHOOLS,3171100,93
NEBRASKA,GRETNA PUBLIC SCHOOLS,3171220,833
NEBRASKA,HAMPTON PUBLIC SCHOOL,3171370,-8
NEBRASKA,HARTINGTON NEWCASTLE PUBLIC SCHOOLS,3171520,92
NEBRASKA,HARVARD PUBLIC SCHOOLS,3171550,64
NEBRASKA,HASTINGS PUBLIC SCHOOLS,3171580,747
NEBRASKA,HAY SPRINGS PUBLIC SCHOOLS,3171610,22
NEBRASKA,HEMINGFORD PUBLIC SCHOOLS,3171730,54
NEBRASKA,HERSHEY PUBLIC SCHOOLS,3171820,66
NEBRASKA,HOLDREGE PUBLIC SCHOOLS,3171940,200
NEBRASKA,HOMER COMMUNITY SCHOOLS,3172000,-8
NEBRASKA,HUMPHREY PUBLIC SCHOOLS,3172150,44
NEBRASKA,HYANNIS AREA SCHOOLS,3172210,19
NEBRASKA,JOHNSON-BROCK PUBLIC SCHOOLS,3172335,28
NEBRASKA,KEARNEY PUBLIC SCHOOLS,3172390,909
NEBRASKA,KENESAW PUBLIC SCHOOLS,3172420,39
NEBRASKA,KEYA PAHA COUNTY SCHOOLS,3172480,-8
NEBRASKA,KIMBALL PUBLIC SCHOOLS,3172570,83
NEBRASKA,LEIGH COMMUNITY SCHOOLS,3172720,22
NEBRASKA,LEWISTON CONSOLIDATED SCHOOLS,3172780,-8
NEBRASKA,LEXINGTON PUBLIC SCHOOLS,3172810,413
NEBRASKA,LINCOLN PUBLIC SCHOOLS,3172840,6574
NEBRASKA,LITCHFIELD PUBLIC SCHOOLS,3172910,9
NEBRASKA,LOOMIS PUBLIC SCHOOLS,3172990,-8
NEBRASKA,LOUISVILLE PUBLIC SCHOOLS,3173050,93
NEBRASKA,LOUP CITY PUBLIC SCHOOLS,3173090,58
NEBRASKA,LOUP COUNTY PUBLIC SCHOOLS,3173120,-8
NEBRASKA,LYONS-DECATUR NORTHEAST SCHS,3173210,-8
NEBRASKA,MADISON PUBLIC SCHOOLS,3173230,81
NEBRASKA,MALCOLM PUBLIC SCHOOLS,3173290,48
NEBRASKA,MAYWOOD PUBLIC SCHOOLS,3173440,15
NEBRASKA,MC COOK PUBLIC SCHOOLS,3173470,224
NEBRASKA,MC COOL JUNCTION PUBLIC SCHS,3173500,28
NEBRASKA,MC PHERSON COUNTY SCHOOLS,3173560,9
NEBRASKA,MEAD PUBLIC SCHOOLS,3173590,36
NEBRASKA,MEDICINE VALLEY PUBLIC SCHOOLS,3173600,28
NEBRASKA,MERIDIAN PUBLIC SCHOOLS,3173660,-8
NEBRASKA,MILFORD PUBLIC SCHOOLS,3173710,123
NEBRASKA,MILLARD PUBLIC SCHOOLS,3173740,2698
NEBRASKA,MINATARE PUBLIC SCHOOLS,3173800,-8
NEBRASKA,MINDEN PUBLIC SCHOOLS,3173830,154
NEBRASKA,MITCHELL PUBLIC SCHOOLS,3173890,60
NEBRASKA,MULLEN PUBLIC SCHOOLS,3174040,25
NEBRASKA,NEBRASKA CITY PUBLIC SCHOOLS,3174160,265
NEBRASKA,CONESTOGA PUBLIC SCHOOLS,3174200,108
NEBRASKA,NELIGH-OAKDALE SCHOOLS,3174220,74
NEBRASKA,NEWMAN GROVE PUBLIC SCHOOLS,3174340,34
NEBRASKA,NIOBRARA PUBLIC SCHOOLS,3174370,-8
NEBRASKA,NORFOLK PUBLIC SCHOOLS,3174430,762
NEBRASKA,NORTHWEST PUBLIC SCHOOLS,3174580,94
NEBRASKA,OAKLAND CRAIG PUBLIC SCHOOLS,3174640,84
NEBRASKA,OGALLALA PUBLIC SCHOOLS,3174760,157
NEBRASKA,OMAHA PUBLIC SCHOOLS,3174820,9782
NEBRASKA,O'NEILL PUBLIC SCHOOLS,3174850,141
NEBRASKA,ORD PUBLIC SCHOOLS,3174940,83
NEBRASKA,OSCEOLA PUBLIC SCHOOLS,3175000,-8
NEBRASKA,OSMOND COMMUNITY SCHOOLS,3175030,20
NEBRASKA,OVERTON PUBLIC SCHOOLS,3175060,24
NEBRASKA,PALMYRA DISTRICT O R 1,3175210,122
NEBRASKA,PAPILLION LA VISTA COMMUNITY SCHOOLS,3175270,1806
NEBRASKA,PAWNEE CITY PUBLIC SCHOOLS,3175330,44
NEBRASKA,PAXTON CONSOLIDATED SCHOOLS,3175360,-8
NEBRASKA,PENDER PUBLIC SCHOOLS,3175390,54
NEBRASKA,PIERCE PUBLIC SCHOOLS,3175510,121
NEBRASKA,PLAINVIEW PUBLIC SCHOOLS,3175570,53
NEBRASKA,SPRINGFIELD PLATTEVIEW COMMUNITY SCHOOLS,3175630,154
NEBRASKA,PLATTSMOUTH COMMUNITY SCHOOLS,3175660,257
NEBRASKA,PLEASANTON PUBLIC SCHOOLS,3175690,-8
NEBRASKA,PONCA PUBLIC SCHOOLS,3175770,46
NEBRASKA,POTTER-DIX PUBLIC SCHOOLS,3175810,19
NEBRASKA,RALSTON PUBLIC SCHOOLS,3175900,460
NEBRASKA,RANDOLPH PUBLIC SCHOOLS,3175930,-8
NEBRASKA,RAVENNA PUBLIC SCHOOLS,3175960,58
NEBRASKA,RED CLOUD COMMUNITY SCHOOLS,3175990,43
NEBRASKA,ROCK COUNTY PUBLIC SCHOOLS,3176170,31
NEBRASKA,SANDHILLS PUBLIC SCHOOLS,3176380,-8
NEBRASKA,ISANTI COMMUNITY SCHOOL,3176400,67
NEBRASKA,SARGENT PUBLIC SCHOOLS,3176410,24
NEBRASKA,SCHUYLER COMMUNITY SCHOOLS,3176450,232
NEBRASKA,SCOTTSBLUFF PUBLIC SCHOOLS,3176470,495
NEBRASKA,SEWARD PUBLIC SCHOOLS,3176560,263
NEBRASKA,SHELBY - RISING CITY PUBLIC SCHOOLS,3176590,44
NEBRASKA,SHELTON PUBLIC SCHOOLS,3176620,47
NEBRASKA,SHICKLEY PUBLIC SCHOOLS,3176650,17
NEBRASKA,SIDNEY PUBLIC SCHOOLS,3176710,200
NEBRASKA,SIOUX COUNTY PUBLIC SCHOOLS,3176800,13
NEBRASKA,SO SIOUX CITY COMMUNITY SCHS,3176860,457
NEBRASKA,ST EDWARD PUBLIC SCHOOLS,3176980,-8
NEBRASKA,STAPLETON PUBLIC SCHOOLS,3177100,24
NEBRASKA,SOUTHERN SCHOOL DISTRICT 1,3177180,84
NEBRASKA,STERLING PUBLIC SCHOOLS,3177190,35
NEBRASKA,SUMNER-EDDYVILLE-MILLER SCHS,3177340,-8
NEBRASKA,SUTTON PUBLIC SCHOOLS,3177520,38
NEBRASKA,SYRACUSE-DUNBAR-AVOCA SCHOOLS,3177550,95
NEBRASKA,THEDFORD PUBLIC SCHOOLS,3177730,-8
NEBRASKA,VALENTINE COMMUNITY SCHOOLS,3178020,95
NEBRASKA,VERDIGRE PUBLIC SCHOOLS,3178120,-8
NEBRASKA,WAHOO PUBLIC SCHOOLS,3178210,217
NEBRASKA,WAKEFIELD PUBLIC SCHOOLS,3178240,57
NEBRASKA,WALLACE PUBLIC SCH DIST 65 R,3178260,-8
NEBRASKA,WALTHILL PUBLIC SCHOOLS,3178300,70
NEBRASKA,WAUSA PUBLIC SCHOOLS,3178450,21
NEBRASKA,WAYNE COMMUNITY SCHOOLS,3178520,111
NEBRASKA,WEEPING WATER PUBLIC SCHOOLS,3178540,-8
NEBRASKA,WESTSIDE COMMUNITY SCHOOLS,3178660,667
NEBRASKA,WHEELER CENTRAL SCHOOLS,3178670,-8
NEBRASKA,WILBER-CLATONIA PUBLIC SCHOOLS,3178720,94
NEBRASKA,WINNEBAGO PUBLIC SCHOOLS DISTRICT 17,3178810,130
NEBRASKA,WINSIDE PUBLIC SCHOOLS,3178840,19
NEBRASKA,WOOD RIVER RURAL SCHOOLS,3178940,69
NEBRASKA,WYNOT PUBLIC SCHOOLS,3178990,-8
NEBRASKA,YORK PUBLIC SCHOOLS,3179050,200
NEBRASKA,YUTAN PUBLIC SCHOOLS,3179080,79
NEBRASKA,EDUCATIONAL SERVICE UNIT 03,3180030,NA
NEBRASKA,EDUCATIONAL SERVICE UNIT 13,3180130,NA
NEVADA,STATE-SPONSORED CHARTER SCHOOLS,3200001,6051
NEVADA,DAVIDSON ACADEMY  SCHOOL DISTRICT,3200021,5
NEVADA,CORRECTIONAL SCHOOL DISTRICT,3200023,8
NEVADA,CHURCHILL COUNTY SCHOOL DISTRICT,3200030,567
NEVADA,CLARK COUNTY SCHOOL DISTRICT,3200060,37721
NEVADA,DOUGLAS COUNTY SCHOOL DISTRICT,3200090,684
NEVADA,ELKO COUNTY SCHOOL DISTRICT,3200120,1276
NEVADA,ESMERALDA COUNTY SCHOOL DISTRICT,3200150,7
NEVADA,EUREKA COUNTY SCHOOL DISTRICT,3200180,-8
NEVADA,HUMBOLDT COUNTY SCHOOL DISTRICT,3200210,539
NEVADA,LANDER COUNTY SCHOOL DISTRICT,3200240,139
NEVADA,LINCOLN COUNTY SCHOOL DISTRICT,3200270,119
NEVADA,LYON COUNTY SCHOOL DISTRICT,3200300,1294
NEVADA,MINERAL COUNTY SCHOOL DISTRICT,3200330,69
NEVADA,NYE COUNTY SCHOOL DISTRICT,3200360,721
NEVADA,CARSON CITY SCHOOL DISTRICT,3200390,1038
NEVADA,PERSHING COUNTY SCHOOL DISTRICT,3200420,116
NEVADA,STOREY COUNTY SCHOOL DISTRICT,3200450,-8
NEVADA,WASHOE COUNTY SCHOOL DISTRICT,3200480,9065
NEVADA,WHITE PINE COUNTY SCHOOL DISTRICT,3200510,211
NEW HAMPSHIRE,John Stark Regional School District,3300003,83
NEW HAMPSHIRE,Exeter Region Cooperative School District,3300017,413
NEW HAMPSHIRE,North Country Charter Academy,3300030,NA
NEW HAMPSHIRE,Seacoast Charter School,3300031,NA
NEW HAMPSHIRE,Gorham Randolph Shelburne Cooperative School District,3300035,-8
NEW HAMPSHIRE,Surry Village Charter School,3300039,NA
NEW HAMPSHIRE,Academy for Science and Design Charter School,3300040,NA
NEW HAMPSHIRE,CSI Charter School,3300041,NA
NEW HAMPSHIRE,Strong Foundations Charter School,3300042,NA
NEW HAMPSHIRE,Ledyard Charter School,3300043,NA
NEW HAMPSHIRE,Great Bay Charter School,3300048,NA
NEW HAMPSHIRE,Prospect Mountain JMA School District,3300049,NA
NEW HAMPSHIRE,Milton School District,3300616,125
NEW HAMPSHIRE,Albany School District,3301350,15
NEW HAMPSHIRE,Allenstown School District,3301380,101
NEW HAMPSHIRE,Alton School District,3301440,119
NEW HAMPSHIRE,Amherst School District,3301470,181
NEW HAMPSHIRE,Andover School District,3301500,-8
NEW HAMPSHIRE,Ashland School District,3301560,-8
NEW HAMPSHIRE,Auburn School District,3301590,105
NEW HAMPSHIRE,Barnstead School District,3301620,128
NEW HAMPSHIRE,Barrington School District,3301650,278
NEW HAMPSHIRE,Bartlett School District,3301680,43
NEW HAMPSHIRE,Bath School District,3301710,19
NEW HAMPSHIRE,Bedford School District,3301740,590
NEW HAMPSHIRE,Benton School District,3301830,7
NEW HAMPSHIRE,Berlin School District,3301860,203
NEW HAMPSHIRE,Bethlehem School District,3301890,29
NEW HAMPSHIRE,Bow School District,3301950,195
NEW HAMPSHIRE,Brentwood School District,3302010,49
NEW HAMPSHIRE,Brookline School District,3302070,97
NEW HAMPSHIRE,Campton School District,3302100,52
NEW HAMPSHIRE,Candia School District,3302130,70
NEW HAMPSHIRE,Chatham School District,3302200,-8
NEW HAMPSHIRE,Chester School District,3302250,136
NEW HAMPSHIRE,Chesterfield School District,3302280,42
NEW HAMPSHIRE,Chichester School District,3302310,50
NEW HAMPSHIRE,Claremont School District,3302340,345
NEW HAMPSHIRE,Clarksville School District,3302370,4
NEW HAMPSHIRE,Colebrook School District,3302400,-8
NEW HAMPSHIRE,Columbia School District,3302430,12
NEW HAMPSHIRE,Concord School District,3302460,696
NEW HAMPSHIRE,Contoocook Valley School District,3302480,374
NEW HAMPSHIRE,Conway School District,3302490,173
NEW HAMPSHIRE,Coos County School District,3302510,0
NEW HAMPSHIRE,Cornish School District,3302520,-8
NEW HAMPSHIRE,Croydon School District,3302550,-8
NEW HAMPSHIRE,Deerfield School District,3302580,134
NEW HAMPSHIRE,Derry Cooperative School District,3302610,1025
NEW HAMPSHIRE,Dover School District,3302640,715
NEW HAMPSHIRE,Dresden School District,3302670,68
NEW HAMPSHIRE,Dummer School District,3302730,3
NEW HAMPSHIRE,Dunbarton School District,3302760,-8
NEW HAMPSHIRE,East Kingston School District,3302790,20
NEW HAMPSHIRE,Eaton School District,3302850,-8
NEW HAMPSHIRE,Ellsworth School District,3302870,0
NEW HAMPSHIRE,Epping School District,3302880,134
NEW HAMPSHIRE,Epsom School District,3302910,90
NEW HAMPSHIRE,Errol School District,3302940,-8
NEW HAMPSHIRE,Exeter School District,3302970,130
NEW HAMPSHIRE,Fall Mountain Regional School District,3302990,250
NEW HAMPSHIRE,Farmington School District,3303000,145
NEW HAMPSHIRE,Franklin School District,3303090,293
NEW HAMPSHIRE,Freedom School District,3303120,27
NEW HAMPSHIRE,Fremont School District,3303150,98
NEW HAMPSHIRE,Gilford School District,3303180,107
NEW HAMPSHIRE,Gilmanton School District,3303210,-8
NEW HAMPSHIRE,Goffstown School District,3303240,439
NEW HAMPSHIRE,Virtual Learning Academy Charter School,3303271,NA
NEW HAMPSHIRE,Surry School District,3303275,14
NEW HAMPSHIRE,Mason School District,3303276,-8
NEW HAMPSHIRE,Hale's Location (Carroll County) School District,3303279,0
NEW HAMPSHIRE,Mill Falls Charter School,3303280,NA
NEW HAMPSHIRE,The Birches Academy of Academics & Art A Public Charter Sch,3303286,NA
NEW HAMPSHIRE,Robert Frost Charter School,3303287,NA
NEW HAMPSHIRE,Making Community Connections Charter School,3303289,NA
NEW HAMPSHIRE,Polaris Charter School,3303290,NA
NEW HAMPSHIRE,Next Charter School,3303291,NA
NEW HAMPSHIRE,Sullivan School District,3303293,12
NEW HAMPSHIRE,Arts Academy of New Hampshire Chartered Public High School,3303296,NA
NEW HAMPSHIRE,Mountain Village Charter School,3303297,NA
NEW HAMPSHIRE,The Founders Academy Charter School,3303298,NA
NEW HAMPSHIRE,Gate City Charter School For the Arts,3303299,NA
NEW HAMPSHIRE,Compass Classical Academy Charter School,3303301,NA
NEW HAMPSHIRE,MicroSociety Academy Charter School Foundation,3303302,NA
NEW HAMPSHIRE,Lempster School District,3303303,-8
NEW HAMPSHIRE,Goshen School District,3303304,12
NEW HAMPSHIRE,LEAF Charter School,3303305,NA
NEW HAMPSHIRE,Kreiva Academy Public Charter School,3303308,NA
NEW HAMPSHIRE,Windham Academy Public Charter School,3303314,NA
NEW HAMPSHIRE,Spark Academy of Advanced Technologies,3303315,NA
NEW HAMPSHIRE,Northeast Woodland Chartered Public School,3303316,NA
NEW HAMPSHIRE,Gathering Waters Charter School,3303318,NA
NEW HAMPSHIRE,Governor Wentworth Regional School District,3303330,300
NEW HAMPSHIRE,Grantham School District,3303360,42
NEW HAMPSHIRE,Greenland School District,3303420,57
NEW HAMPSHIRE,Hampstead School District,3303480,228
NEW HAMPSHIRE,Hampton School District,3303510,138
NEW HAMPSHIRE,Hampton Falls School District,3303540,31
NEW HAMPSHIRE,Hanover School District,3303600,109
NEW HAMPSHIRE,Harrisville School District,3303630,-8
NEW HAMPSHIRE,Hart's Location School District,3303640,0
NEW HAMPSHIRE,Haverhill Cooperative School District,3303660,104
NEW HAMPSHIRE,Henniker School District,3303690,65
NEW HAMPSHIRE,Hill School District,3303720,17
NEW HAMPSHIRE,Hillsboro-Deering Cooperative School District,3303750,210
NEW HAMPSHIRE,Hinsdale School District,3303780,116
NEW HAMPSHIRE,Holderness School District,3303810,23
NEW HAMPSHIRE,Hollis School District,3303840,88
NEW HAMPSHIRE,Hollis-Brookline Cooperative School District,3303850,126
NEW HAMPSHIRE,Hooksett School District,3303870,327
NEW HAMPSHIRE,Hopkinton School District,3303900,159
NEW HAMPSHIRE,Hudson School District,3303930,434
NEW HAMPSHIRE,Inter-Lakes Cooperative School District,3303960,143
NEW HAMPSHIRE,Jackson School District,3303990,19
NEW HAMPSHIRE,Jaffrey-Rindge Cooperative School District,3304030,227
NEW HAMPSHIRE,Kearsarge Regional School District,3304040,220
NEW HAMPSHIRE,Keene School District,3304050,482
NEW HAMPSHIRE,Kensington School District,3304080,20
NEW HAMPSHIRE,Laconia School District,3304140,377
NEW HAMPSHIRE,Lafayette Regional School District,3304150,-8
NEW HAMPSHIRE,Landaff School District,3304170,-8
NEW HAMPSHIRE,Lebanon School District,3304230,205
NEW HAMPSHIRE,Lincoln-Woodstock Cooperative School District,3304260,-8
NEW HAMPSHIRE,Lisbon Regional School District,3304290,61
NEW HAMPSHIRE,Litchfield School District,3304350,220
NEW HAMPSHIRE,Littleton School District,3304380,135
NEW HAMPSHIRE,Londonderry School District,3304410,707
NEW HAMPSHIRE,Lyme School District,3304500,44
NEW HAMPSHIRE,Madison School District,3304560,34
NEW HAMPSHIRE,Manchester School District,3304590,2327
NEW HAMPSHIRE,Marlborough School District,3304620,40
NEW HAMPSHIRE,Marlow School District,3304650,16
NEW HAMPSHIRE,Mascenic Regional School District,3304670,113
NEW HAMPSHIRE,Mascoma Valley Regional School District,3304680,222
NEW HAMPSHIRE,Merrimack School District,3304740,702
NEW HAMPSHIRE,Merrimack Valley School District,3304760,490
NEW HAMPSHIRE,Middleton School District,3304770,42
NEW HAMPSHIRE,Milan School District,3304800,-8
NEW HAMPSHIRE,Milford School District,3304830,350
NEW HAMPSHIRE,Monadnock Regional School District,3304890,261
NEW HAMPSHIRE,Monroe School District,3304920,22
NEW HAMPSHIRE,Mont Vernon School District,3304950,44
NEW HAMPSHIRE,Moultonborough School District,3304960,80
NEW HAMPSHIRE,Nashua School District,3304980,1761
NEW HAMPSHIRE,Nelson School District,3305010,6
NEW HAMPSHIRE,New Boston School District,3305040,152
NEW HAMPSHIRE,New Castle School District,3305070,6
NEW HAMPSHIRE,Newfields School District,3305190,-8
NEW HAMPSHIRE,Newfound Area School District,3305220,156
NEW HAMPSHIRE,Newington School District,3305250,13
NEW HAMPSHIRE,Newmarket School District,3305280,165
NEW HAMPSHIRE,Newport School District,3305310,199
NEW HAMPSHIRE,North Hampton School District,3305370,62
NEW HAMPSHIRE,Northumberland School District,3305400,-8
NEW HAMPSHIRE,Northwood School District,3305430,95
NEW HAMPSHIRE,Nottingham School District,3305460,69
NEW HAMPSHIRE,Oyster River Coop School District,3305520,308
NEW HAMPSHIRE,Pelham School District,3305550,274
NEW HAMPSHIRE,Pembroke School District,3305580,205
NEW HAMPSHIRE,Piermont School District,3305670,11
NEW HAMPSHIRE,Pittsburg School District,3305700,7
NEW HAMPSHIRE,Pittsfield School District,3305730,134
NEW HAMPSHIRE,Plainfield School District,3305760,-8
NEW HAMPSHIRE,Plymouth School District,3305790,67
NEW HAMPSHIRE,Portsmouth School District,3305820,365
NEW HAMPSHIRE,Profile School District,3305830,25
NEW HAMPSHIRE,Raymond School District,3305880,235
NEW HAMPSHIRE,Rochester School District,3305940,708
NEW HAMPSHIRE,Rollinsford School District,3305970,32
NEW HAMPSHIRE,Rumney School District,3306000,-8
NEW HAMPSHIRE,Rye School District,3306030,-8
NEW HAMPSHIRE,Salem School District,3306060,523
NEW HAMPSHIRE,Sanborn Regional School District,3306080,274
NEW HAMPSHIRE,Seabrook School District,3306150,104
NEW HAMPSHIRE,Shaker Regional School District,3306180,187
NEW HAMPSHIRE,Somersworth School District,3306240,252
NEW HAMPSHIRE,Souhegan Cooperative School District,3306260,123
NEW HAMPSHIRE,South Hampton School District,3306270,24
NEW HAMPSHIRE,Stark School District,3306330,3
NEW HAMPSHIRE,Stewartstown School District,3306360,-8
NEW HAMPSHIRE,Stoddard School District,3306390,32
NEW HAMPSHIRE,Strafford School District,3306420,94
NEW HAMPSHIRE,Stratford School District,3306450,-8
NEW HAMPSHIRE,Stratham School District,3306480,78
NEW HAMPSHIRE,Sunapee School District,3306540,55
NEW HAMPSHIRE,Tamworth School District,3306600,-8
NEW HAMPSHIRE,Thornton School District,3306660,-8
NEW HAMPSHIRE,Timberlane Regional School District,3306720,618
NEW HAMPSHIRE,Unity School District,3306750,28
NEW HAMPSHIRE,Wakefield School District,3306780,101
NEW HAMPSHIRE,Warren School District,3306870,16
NEW HAMPSHIRE,Washington School District,3306900,10
NEW HAMPSHIRE,Waterville Valley School District,3306910,9
NEW HAMPSHIRE,Weare School District,3306930,189
NEW HAMPSHIRE,Wentworth School District,3306990,-8
NEW HAMPSHIRE,Westmoreland School District,3307020,27
NEW HAMPSHIRE,White Mountains Regional School District,3307050,197
NEW HAMPSHIRE,Wilton-Lyndeborough Cooperative School District,3307115,91
NEW HAMPSHIRE,Winchester School District,3307140,117
NEW HAMPSHIRE,Windham School District,3307170,447
NEW HAMPSHIRE,Windsor School District,3307200,0
NEW HAMPSHIRE,Winnacunnet Cooperative School District,3307230,189
NEW HAMPSHIRE,Winnisquam Regional School District,3307300,260
NEW HAMPSHIRE,Coe-Brown Northwood Academy School District,3307330,NA
NEW HAMPSHIRE,Pinkerton Academy School District,3307360,NA
NEW HAMPSHIRE,Pemi-Baker Regional School District,3399965,81
NEW HAMPSHIRE,SAU #23 French Pond School District,3399970,NA
NEW HAMPSHIRE,SAU #23 King Street School School District,3399971,NA
NEW HAMPSHIRE,Heartwood Public Charter School,3399972,NA
NEW HAMPSHIRE,Coastal Waters Chartered Public School,3399973,NA
NEW HAMPSHIRE,Lionheart Classical Academy Chartered Public School,3399974,NA
NEW JERSEY,School District of the Chathams,3400004,655
NEW JERSEY,Morris-Union Jointure Commission School District,3400005,0
NEW JERSEY,Atlantic County Special Services School District,3400006,0
NEW JERSEY,South  Bergen Jointure Commission School District,3400007,0
NEW JERSEY,Great Meadows Regional School District,3400008,123
NEW JERSEY,Somerset Hills Regional School District,3400009,337
NEW JERSEY,Englewood on the Palisades Charter School,3400014,27
NEW JERSEY,Teaneck Community Charter School,3400015,47
NEW JERSEY,Chartertech High School for the Performing Arts,3400019,98
NEW JERSEY,Discovery Charter School,3400020,9
NEW JERSEY,East Orange Community Charter School,3400021,36
NEW JERSEY,Marion P. Thomas Charter School,3400022,-8
NEW JERSEY,New Horizons Community Charter School,3400023,19
NEW JERSEY,North Star Academy Charter School,3400024,614
NEW JERSEY,Robert Treat Academy Charter School,3400025,55
NEW JERSEY,Maria L. Varisco-Rogers Charter School,3400026,67
NEW JERSEY,Elysian Charter School,3400029,32
NEW JERSEY,Hoboken Charter School,3400032,41
NEW JERSEY,Jersey City Community Charter School,3400033,58
NEW JERSEY,Jersey City Golden Door Charter School,3400034,43
NEW JERSEY,The Learning Community Charter School,3400035,44
NEW JERSEY,Soaring Heights Charter School,3400036,14
NEW JERSEY,International Charter School of Trenton,3400041,8
NEW JERSEY,Pace Charter School of Hamilton,3400042,18
NEW JERSEY,Princeton Charter School,3400043,23
NEW JERSEY,The Village Charter School,3400046,43
NEW JERSEY,Greater Brunswick Charter School,3400047,57
NEW JERSEY,Academy Charter High School,3400048,37
NEW JERSEY,Red Bank Charter School,3400049,-8
NEW JERSEY,Hunterdon County Vocational School District,3400050,17
NEW JERSEY,Unity Charter School,3400051,37
NEW JERSEY,Classical Academy Charter School of Clifton,3400052,4
NEW JERSEY,Sussex County Technology Charter School,3400055,46
NEW JERSEY,The Queen City Academy Charter School District,3400061,20
NEW JERSEY,Gray Charter School,3400064,14
NEW JERSEY,Bayshore Jointure Commission School District,3400069,0
NEW JERSEY,TEAM Academy Charter School,3400070,772
NEW JERSEY,University Academy Charter High School,3400073,70
NEW JERSEY,Hope Academy Charter School,3400076,42
NEW JERSEY,LEAP Academy University Charter School,3400078,112
NEW JERSEY,Freedom Prep Charter School,3400080,111
NEW JERSEY,Ridge and Valley Charter School,3400082,22
NEW JERSEY,Union County TEAMS Charter School-High School/College LA,3400083,20
NEW JERSEY,OFFICE OF EDUCATION DEPARTMENT OF CHILDREN AND FAMILIES,3400085,-8
NEW JERSEY,Paterson Charter School for Science and Technology,3400087,164
NEW JERSEY,OFFICE OF EDUCATIONAL SERVICES DEPARTMENT OF CORRECTIONS,3400088,25
NEW JERSEY,OFFICE OF EDUCATION JUVENILE JUSTICE COMMISSION,3400089,0
NEW JERSEY,Central Jersey College Prep Charter School,3400090,95
NEW JERSEY,Absecon Public Schools District,3400660,166
NEW JERSEY,Alexandria Township School District,3400690,89
NEW JERSEY,Bergen Arts and Science Charter School,3400715,106
NEW JERSEY,Foundation Academy Charter School,3400717,99
NEW JERSEY,Community Charter School of Paterson,3400718,69
NEW JERSEY,Pride Academy Charter School District,3400719,45
NEW JERSEY,Allamuchy Township School District,3400720,74
NEW JERSEY,Paul Robeson Charter School for the Humanities,3400723,29
NEW JERSEY,Burch Charter School of Excellence,3400724,7
NEW JERSEY,The Ethical Community Charter School School Distirct,3400727,30
NEW JERSEY,Vineland Public Charter School,3400729,-8
NEW JERSEY,Newark Educators Community Charter School,3400730,23
NEW JERSEY,Riverbank Charter School of Excellence,3400731,4
NEW JERSEY,Hoboken Dual Language Charter School,3400734,22
NEW JERSEY,Hatikvah International Academy Charter School,3400735,59
NEW JERSEY,The Barack Obama Green Charter High School District,3400740,19
NEW JERSEY,Academy for Urban Leadership Charter School,3400741,22
NEW JERSEY,Benjamin Banneker Preparatory Charter School,3400744,41
NEW JERSEY,Passaic Arts and Science Charter School,3400745,156
NEW JERSEY,Thomas Edison EnergySmart Charter School,3400746,17
NEW JERSEY,John P Holland Charter School School District,3400748,66
NEW JERSEY,Millville Public Charter School,3400749,29
NEW JERSEY,Allendale Public School District,3400750,90
NEW JERSEY,Great Oaks Legacy Charter School,3400751,255
NEW JERSEY,Peoples Preparatory Charter School,3400754,43
NEW JERSEY,Roseville Community Charter School,3400755,39
NEW JERSEY,Dr Lena Edwards Academic Charter School,3400756,50
NEW JERSEY,BelovED Community Charter,3400759,118
NEW JERSEY,Hope Community Charter School,3400763,35
NEW JERSEY,Phillip's Academy Charter School,3400764,47
NEW JERSEY,Paterson Arts and Science Charter School,3400765,130
NEW JERSEY,Compass Academy Charter School,3400766,22
NEW JERSEY,Jersey City Global Charter School,3400767,13
NEW JERSEY,South Hunterdon Regional School District,3400769,164
NEW JERSEY,Trenton Stem-to-Civics Charter School,3400770,76
NEW JERSEY,Atlantic Community Charter School,3400771,51
NEW JERSEY,"Mastery Schools of Camden, Inc.",3400772,503
NEW JERSEY,Link Community Charter School,3400773,36
NEW JERSEY,"Camden Prep, Inc.",3400776,183
NEW JERSEY,"KIPP: Cooper Norcross, A New Jersey Nonprofit Corporation",3400777,321
NEW JERSEY,Marie H. Katzenbach School for the Deaf,3400778,0
NEW JERSEY,College Achieve Central Charter School,3400779,122
NEW JERSEY,Allenhurst School District,3400780,0
NEW JERSEY,Empowerment Academy Charter School,3400781,89
NEW JERSEY,Bridgeton Public Charter School,3400782,3
NEW JERSEY,Principle Academy Charter School,3400783,64
NEW JERSEY,Philip's Academy Charter School of Paterson,3400784,63
NEW JERSEY,Camden's Promise Charter School,3400785,241
NEW JERSEY,Cresthaven Academy Charter School,3400786,56
NEW JERSEY,Hudson Arts and Science Charter School,3400787,93
NEW JERSEY,LEAD Charter School,3400788,0
NEW JERSEY,Ocean Academy Charter School,3400789,101
NEW JERSEY,Loch Arbour School District,3400790,0
NEW JERSEY,College Achieve Greater Asbury Park Charter School,3400791,75
NEW JERSEY,Achieve Community Charter School,3400792,37
NEW JERSEY,College Achieve Paterson Charter School,3400793,68
NEW JERSEY,Achievers Early College Prep Charter School,3400794,33
NEW JERSEY,Middlesex County STEM Charter School,3400795,34
NEW JERSEY,BERGEN CO JDC,3400796,0
NEW JERSEY,ESSEX CO JDC,3400797,-8
NEW JERSEY,OCEAN CO JDC,3400798,0
NEW JERSEY,MIDDLESEX CO JDC,3400799,0
NEW JERSEY,BURLINGTON CO JDC,3400800,0
NEW JERSEY,CAMDEN CO JDC,3400802,0
NEW JERSEY,ATLANTIC CO JDC,3400803,0
NEW JERSEY,MORRIS CO JDC,3400804,0
NEW JERSEY,Creativity CoLaboratory Charter School,3400805,29
NEW JERSEY,Alloway Twp School District,3400810,44
NEW JERSEY,Alpha Borough School District,3400840,28
NEW JERSEY,Alpine School District,3400870,19
NEW JERSEY,Andover Regional School District,3400900,76
NEW JERSEY,Asbury Park School District,3400930,291
NEW JERSEY,Atlantic City School District,3400960,864
NEW JERSEY,Atlantic County Vocational School District,3400990,144
NEW JERSEY,Atlantic Highlands School District,3401020,53
NEW JERSEY,Audubon Public School District,3401050,270
NEW JERSEY,Avalon School District,3401110,-8
NEW JERSEY,Avon Boro School District,3401140,-8
NEW JERSEY,Barrington School District,3401170,73
NEW JERSEY,Bass River Township Board of Education,3401200,0
NEW JERSEY,Bay Head Borough School District,3401230,5
NEW JERSEY,Bayonne School District,3401260,1498
NEW JERSEY,Beach Haven School District,3401290,3
NEW JERSEY,Bedminster Township Public School District,3401320,77
NEW JERSEY,Belleville Public School District,3401350,744
NEW JERSEY,Bellmawr Public School District,3401380,150
NEW JERSEY,Belmar Elementary School District,3401410,140
NEW JERSEY,Belvidere School District,3401440,97
NEW JERSEY,Bergen County Special Services School District,3401450,0
NEW JERSEY,Bergen County Vocational Technical School District,3401470,318
NEW JERSEY,Bergenfield Borough School District,3401500,556
NEW JERSEY,Berkeley Heights School District,3401530,393
NEW JERSEY,Berkeley Township School District,3401560,490
NEW JERSEY,Berlin Borough School District,3401590,145
NEW JERSEY,Berlin Township School District,3401620,104
NEW JERSEY,Bernards Township School District,3401650,645
NEW JERSEY,Bethlehem Township School District,3401710,85
NEW JERSEY,Beverly City School District,3401740,54
NEW JERSEY,Black Horse Pike Regional School District,3401770,678
NEW JERSEY,Blairstown Elementary Township School District,3401800,87
NEW JERSEY,Bloomfield Township School District,3401830,853
NEW JERSEY,Bloomingdale School District,3401860,100
NEW JERSEY,Bloomsbury Borough School District,3401890,-8
NEW JERSEY,Bogota Public School District,3401920,227
NEW JERSEY,Boonton Town Public School District,3401950,289
NEW JERSEY,Boonton Township School District,3401980,67
NEW JERSEY,Bordentown Regional School District,3402030,464
NEW JERSEY,Bound Brook School District,3402100,351
NEW JERSEY,Bradley Beach School District,3402130,31
NEW JERSEY,Branchburg Township School District,3402160,183
NEW JERSEY,Brick Township Public School District,3402220,1604
NEW JERSEY,Bridgeton City School District,3402250,529
NEW JERSEY,Bridgewater-Raritan Regional School District,3402280,1199
NEW JERSEY,Brielle Boro School District,3402310,101
NEW JERSEY,Brigantine Public School District,3402340,53
NEW JERSEY,Brooklawn Public School District,3402370,-8
NEW JERSEY,Buena Regional School District,3402400,354
NEW JERSEY,Burlington City Public School District,3402430,446
NEW JERSEY,Burlington County Special Services School District,3402440,0
NEW JERSEY,Burlington Township School District,3402460,555
NEW JERSEY,Burlington County Institute of Technology School District,3402490,283
NEW JERSEY,Butler Public School District,3402520,256
NEW JERSEY,Byram Township School District,3402550,147
NEW JERSEY,Caldwell-West School District,3402580,471
NEW JERSEY,Califon Borough School District,3402610,-8
NEW JERSEY,Camden City School District,3402640,1110
NEW JERSEY,Camden County Technical School District,3402670,232
NEW JERSEY,Cape May City School District,3402700,30
NEW JERSEY,Cape May County Technical High School District,3402730,112
NEW JERSEY,Cape May County Special Services School District,3402740,0
NEW JERSEY,Cape May Point School District,3402760,0
NEW JERSEY,Carlstadt Public School District,3402790,83
NEW JERSEY,Carlstadt-East Rutherford Regional High School District,3402800,154
NEW JERSEY,Carteret Public School District,3402820,473
NEW JERSEY,Cedar Grove Township School District,3402850,285
NEW JERSEY,Sterling Regional School District,3402880,171
NEW JERSEY,Central Regional School District,3402910,510
NEW JERSEY,Cherry Hill School District,3403000,2025
NEW JERSEY,Chesilhurst Board of Education,3403030,0
NEW JERSEY,Chester Township School District,3403060,197
NEW JERSEY,Chesterfield Township School District,3403090,117
NEW JERSEY,Cinnaminson Township School District,3403120,457
NEW JERSEY,Clark Township Public School District,3403150,464
NEW JERSEY,Clayton Public School District,3403180,333
NEW JERSEY,Clearview Regional High School District,3403210,315
NEW JERSEY,Clementon Elementary School District,3403240,74
NEW JERSEY,Cliffside Park School District,3403270,663
NEW JERSEY,Clifton Public School District,3403300,1880
NEW JERSEY,Clinton-Glen Gardner School District,3403330,89
NEW JERSEY,Clinton Township School District,3403360,255
NEW JERSEY,Closter Public School District,3403390,171
NEW JERSEY,Collingswood Public School District,3403420,327
NEW JERSEY,Colts Neck Township School District,3403450,154
NEW JERSEY,Commercial Township School District,3403480,0
NEW JERSEY,Corbin City School District,3403510,0
NEW JERSEY,Cranbury Township School District,3403540,71
NEW JERSEY,Cranford Public School District,3403570,640
NEW JERSEY,Cresskill Public School District,3403600,250
NEW JERSEY,Cumberland County Board of Vocational Education,3403610,46
NEW JERSEY,Cumberland Regional School District,3403620,247
NEW JERSEY,Deal Boro School District,3403630,17
NEW JERSEY,Deerfield Township School District,3403660,51
NEW JERSEY,Delanco Township School District,3403690,76
NEW JERSEY,Delaware Township School District,3403720,81
NEW JERSEY,Delaware Valley Regional High School District,3403750,129
NEW JERSEY,Delran Township School District,3403780,520
NEW JERSEY,Demarest School District,3403810,100
NEW JERSEY,Dennis Township School District,3403840,117
NEW JERSEY,Denville Township K-8 School District,3403870,359
NEW JERSEY,Deptford Township Public School District,3403900,905
NEW JERSEY,Dover Public School District,3403930,475
NEW JERSEY,Downe Township School District,3403960,41
NEW JERSEY,Dumont Public School District,3403990,375
NEW JERSEY,Dunellen Public School District,3404020,195
NEW JERSEY,Eagleswood Township School District,3404050,26
NEW JERSEY,East Amwell Township School District,3404080,-8
NEW JERSEY,East Brunswick Township School District,3404110,1386
NEW JERSEY,East Greenwich Township School District,3404140,224
NEW JERSEY,East Hanover Township School District,3404170,144
NEW JERSEY,East Newark School District,3404200,24
NEW JERSEY,East Orange School District,3404230,1136
NEW JERSEY,East Rutherford School District,3404290,105
NEW JERSEY,East Windsor Regional School District,3404320,717
NEW JERSEY,Eastampton Township School District,3404350,129
NEW JERSEY,Eastern Camden County Regional School District,3404380,281
NEW JERSEY,Eatontown Public School District,3404410,214
NEW JERSEY,Edgewater School District,3404440,69
NEW JERSEY,Edgewater Park Township School District,3404470,133
NEW JERSEY,Edison Township School District,3404500,1681
NEW JERSEY,Egg Harbor City School District,3404530,125
NEW JERSEY,Egg Harbor Township School District,3404560,1306
NEW JERSEY,Elizabeth Public Schools,3404590,3090
NEW JERSEY,Elk Township School District,3404620,54
NEW JERSEY,Elmwood Park School District,3404660,448
NEW JERSEY,Elsinboro Township School District,3404680,15
NEW JERSEY,Emerson Public School District,3404710,182
NEW JERSEY,Englewood Public School District,3404740,629
NEW JERSEY,Englewood Cliffs School District,3404770,55
NEW JERSEY,Essex County Schools of Technology,3404800,240
NEW JERSEY,Essex Fells School District,3404830,40
NEW JERSEY,Estell Manor School District,3404860,25
NEW JERSEY,Evesham Township School District,3404890,1066
NEW JERSEY,Ewing Township School District,3404920,773
NEW JERSEY,Fair Haven School District,3404950,146
NEW JERSEY,Fair Lawn Public School District,3404980,1025
NEW JERSEY,Fairfield Public School District,3405010,84
NEW JERSEY,Fairfield Township School District,3405040,55
NEW JERSEY,Fairview Public School District,3405070,204
NEW JERSEY,Farmingdale Public School District,3405130,-8
NEW JERSEY,Flemington-Raritan Regional School District,3405190,581
NEW JERSEY,Florence Township School District,3405220,279
NEW JERSEY,Florham Park School District,3405250,160
NEW JERSEY,Folsom Borough School District,3405280,77
NEW JERSEY,Fort Lee School District,3405310,600
NEW JERSEY,Frankford Township Consolidated School District,3405340,89
NEW JERSEY,Franklin Lakes School District,3405370,178
NEW JERSEY,Franklin Borough School District,3405400,82
NEW JERSEY,Township of Franklin School District,3405430,263
NEW JERSEY,Franklin Township School District,3405460,49
NEW JERSEY,Franklin Township Public School District,3405490,1307
NEW JERSEY,Franklin Township School District,3405520,-8
NEW JERSEY,Fredon Township School District,3405550,-8
NEW JERSEY,Freehold Borough School District,3405580,298
NEW JERSEY,Freehold Regional High School District,3405610,1797
NEW JERSEY,Freehold Township School District,3405640,588
NEW JERSEY,Frelinghuysen Township School District,3405670,13
NEW JERSEY,Frenchtown Borough School District,3405700,-8
NEW JERSEY,Galloway Township Public School District,3405730,627
NEW JERSEY,Garfield Public School District,3405760,878
NEW JERSEY,Garwood Boro,3405790,51
NEW JERSEY,Gateway Regional High School District,3405820,226
NEW JERSEY,Gibbsboro Elementary School District,3405850,-8
NEW JERSEY,Glassboro School District,3405880,338
NEW JERSEY,Glen Ridge Public School District,3405940,299
NEW JERSEY,Glen Rock Public School District,3405970,498
NEW JERSEY,Gloucester City Public School District,3406000,433
NEW JERSEY,Gloucester Township Public Schools,3406030,1031
NEW JERSEY,Gloucester County Vocational-Technical School District,3406040,137
NEW JERSEY,Greater Egg Harbor Regional High School District,3406060,663
NEW JERSEY,Green Township School District,3406090,-8
NEW JERSEY,Green Brook Township Public School District,3406120,99
NEW JERSEY,Greenwich Township School District,3406150,10
NEW JERSEY,Greenwich Township School District,3406180,89
NEW JERSEY,Greenwich Township School District,3406210,111
NEW JERSEY,Guttenberg School District,3406240,93
NEW JERSEY,Hackensack School District,3406270,1080
NEW JERSEY,Hackettstown Public School District,3406300,392
NEW JERSEY,HADDON HEIGHTS School District,3406330,306
NEW JERSEY,Haddon Township School District,3406360,444
NEW JERSEY,Haddonfield School District,3406390,462
NEW JERSEY,Hainesport Township School District,3406420,105
NEW JERSEY,Haledon Public School District,3406450,109
NEW JERSEY,Hamburg School District,3406480,56
NEW JERSEY,Hamilton Township School District,3406510,479
NEW JERSEY,Hamilton Township Public School District,3406540,2182
NEW JERSEY,Hammonton School District,3406570,585
NEW JERSEY,Hampton Borough School District,3406600,-8
NEW JERSEY,Hampton Township School District,3406630,52
NEW JERSEY,Hanover Park Regional High School District,3406660,231
NEW JERSEY,Hanover Township School District,3406690,234
NEW JERSEY,Harding Township School District,3406720,53
NEW JERSEY,Hardyston Township School District,3406780,128
NEW JERSEY,Harmony Township School District,3406810,-8
NEW JERSEY,Harrington Park School District,3406840,91
NEW JERSEY,Harrison Public Schools,3406870,349
NEW JERSEY,Harrison Township School District,3406900,176
NEW JERSEY,Hasbrouck Heights School District,3406930,328
NEW JERSEY,Haworth Public School District,3406960,81
NEW JERSEY,Hawthorne Public School District,3406990,422
NEW JERSEY,Henry Hudson Regional School District,3407050,61
NEW JERSEY,Hi Nella,3407080,0
NEW JERSEY,High Bridge Borough School District,3407110,66
NEW JERSEY,High Point Regional High School District,3407140,143
NEW JERSEY,Highland Park Boro School District,3407170,280
NEW JERSEY,Highlands Borough School District,3407200,43
NEW JERSEY,Hillsborough Township Public School District,3407230,1292
NEW JERSEY,Hillsdale School District,3407260,212
NEW JERSEY,Hillside Public School District,3407290,430
NEW JERSEY,Ho-Ho-Kus School District,3407320,91
NEW JERSEY,Hoboken Public School District,3407350,427
NEW JERSEY,Holland Township School District,3407380,123
NEW JERSEY,Holmdel Township School District,3407410,474
NEW JERSEY,Hopatcong Borough School District,3407440,341
NEW JERSEY,Hope Township School District,3407470,-8
NEW JERSEY,Hopewell Township School District,3407500,67
NEW JERSEY,Hopewell Valley Regional School District,3407530,678
NEW JERSEY,Howell Township Public School District,3407560,971
NEW JERSEY,Hudson County Schools of Technology School District,3407570,128
NEW JERSEY,Hunterdon Central Regional High School District,3407590,333
NEW JERSEY,Interlaken School District,3407650,0
NEW JERSEY,Irvington Public School District,3407680,725
NEW JERSEY,Island Heights School District,3407710,-8
NEW JERSEY,Jackson Township School District,3407740,1235
NEW JERSEY,Jamesburg Public School District,3407770,98
NEW JERSEY,Jefferson Township Public School District,3407800,504
NEW JERSEY,Jersey City Public Schools,3407830,2419
NEW JERSEY,Keansburg School District,3407860,390
NEW JERSEY,Kearny,3407890,925
NEW JERSEY,Kenilworth School District,3407920,193
NEW JERSEY,Keyport School District,3407950,162
NEW JERSEY,Kingsway Regional School District,3407980,598
NEW JERSEY,Kingwood Township School District,3408010,52
NEW JERSEY,Kinnelon School District,3408040,305
NEW JERSEY,Kittatinny Regional School District,3408060,125
NEW JERSEY,Knowlton Township School District,3408070,29
NEW JERSEY,Lacey Township School District,3408100,859
NEW JERSEY,Lafayette Township School District,3408130,31
NEW JERSEY,Lakehurst School District,3408160,90
NEW JERSEY,Lakeland Regional High School District,3408190,181
NEW JERSEY,Lakewood Township School District,3408220,8405
NEW JERSEY,Laurel Springs School District,3408280,39
NEW JERSEY,Lavallette Borough School District,3408310,18
NEW JERSEY,Lawnside School District,3408340,-8
NEW JERSEY,Lawrence Township School District,3408370,94
NEW JERSEY,Lawrence Township Public School District,3408400,811
NEW JERSEY,Lebanon Borough School District,3408430,-8
NEW JERSEY,Lebanon Township School District,3408460,101
NEW JERSEY,Lenape Regional High School District,3408490,1209
NEW JERSEY,Lenape Valley Regional High School District,3408500,139
NEW JERSEY,Leonia Public School District,3408520,273
NEW JERSEY,Lincoln Park School District,3408580,178
NEW JERSEY,Linden Public School District,3408610,935
NEW JERSEY,Lindenwold Public School District,3408640,412
NEW JERSEY,Linwood City School District,3408670,137
NEW JERSEY,Longport Board of Education,3408671,0
NEW JERSEY,Little Egg Harbor Township School District,3408700,268
NEW JERSEY,Little Falls Township Public School District,3408730,170
NEW JERSEY,Little Ferry Public School District,3408760,109
NEW JERSEY,Little Silver Boro School District,3408790,92
NEW JERSEY,Livingston Board of Education School District,3408820,1110
NEW JERSEY,Lodi School District,3408850,472
NEW JERSEY,Logan Township School District,3408880,111
NEW JERSEY,Long Beach Island Consolidated School District,3408910,45
NEW JERSEY,LONG BRANCH PUBLIC SCHOOL District,3408940,696
NEW JERSEY,Lopatcong Township School District,3409000,120
NEW JERSEY,The Lower Alloways Creek School District,3409030,27
NEW JERSEY,Lower Cape May Regional School District,3409090,276
NEW JERSEY,Pennsville School District,3409120,384
NEW JERSEY,Lower Township Elementary School District,3409150,240
NEW JERSEY,Lumberton Township Board of Education,3409180,242
NEW JERSEY,Lyndhurst Public School District,3409210,431
NEW JERSEY,Madison Public School District,3409240,535
NEW JERSEY,Old Bridge Township School District,3409270,1353
NEW JERSEY,Magnolia School District,3409300,55
NEW JERSEY,Mahwah Township Public School District,3409330,471
NEW JERSEY,Mainland Regional High School,3409360,222
NEW JERSEY,Manalapan-Englishtown Regional School District,3409390,635
NEW JERSEY,Manasquan School District,3409420,248
NEW JERSEY,Manchester Township School District,3409450,671
NEW JERSEY,Mannington Township School District,3409480,27
NEW JERSEY,Mansfield Township School District,3409510,97
NEW JERSEY,Mansfield Township Elementary School District,3409540,90
NEW JERSEY,North Warren Regional School District,3409550,118
NEW JERSEY,Mantua Township School District,3409600,269
NEW JERSEY,Manville School District,3409630,295
NEW JERSEY,Maple Shade School District,3409660,455
NEW JERSEY,Margate City School District,3409690,55
NEW JERSEY,Marlboro Township School District,3409720,662
NEW JERSEY,Matawan-Aberdeen Regional School District,3409750,682
NEW JERSEY,Maurice River Township School District,3409780,85
NEW JERSEY,Maywood School District,3409810,140
NEW JERSEY,Medford Lakes School District,3409840,78
NEW JERSEY,Medford Township School District,3409870,642
NEW JERSEY,Mendham Borough School District,3409900,69
NEW JERSEY,Mendham Township School District,3409930,112
NEW JERSEY,Area Vocational Technical School District of Mercer County,3409950,29
NEW JERSEY,Merchantville School District,3409960,76
NEW JERSEY,Metuchen Public School District,3409990,408
NEW JERSEY,Middle Township Public School District,3410020,516
NEW JERSEY,Middlesex Borough School District,3410050,384
NEW JERSEY,Middlesex County Vocational and Technical School District,3410080,441
NEW JERSEY,Middletown Township Public School District,3410110,2015
NEW JERSEY,Midland Park School District,3410140,209
NEW JERSEY,Milford Borough School District,3410170,14
NEW JERSEY,Millburn Township School District,3410200,663
NEW JERSEY,Millstone Township School District,3410230,132
NEW JERSEY,Milltown School District,3410290,111
NEW JERSEY,Millville School District,3410320,1072
NEW JERSEY,Mine Hill Township School District,3410350,40
NEW JERSEY,Monmouth Beach School District,3410380,23
NEW JERSEY,Monmouth Regional High School,3410440,330
NEW JERSEY,Monroe Township Public School District,3410470,1178
NEW JERSEY,Monroe Township School District,3410500,1104
NEW JERSEY,Montague Township School District,3410530,46
NEW JERSEY,Montclair Public School District,3410560,1194
NEW JERSEY,Montgomery Township School District,3410590,587
NEW JERSEY,Montvale Board of Education School District,3410620,117
NEW JERSEY,Montville Township School District,3410650,582
NEW JERSEY,Moonachie School District,3410680,50
NEW JERSEY,Moorestown Township Public School District,3410710,836
NEW JERSEY,Morris County Vocational School District,3410720,68
NEW JERSEY,Morris Hills Regional School District,3410740,594
NEW JERSEY,Morris Plains School District,3410770,116
NEW JERSEY,Morris School District,3410810,892
NEW JERSEY,Mount Arlington Public School District,3410860,76
NEW JERSEY,Mt. Ephraim School District,3410890,52
NEW JERSEY,Mount Holly Township Public School District,3410920,226
NEW JERSEY,Mount Laurel Township School District,3410950,652
NEW JERSEY,Mount Olive Township School District,3410980,776
NEW JERSEY,Mountain Lakes Public School District,3411010,257
NEW JERSEY,Mountainside School District,3411040,73
NEW JERSEY,Mullica Township School District,3411070,106
NEW JERSEY,National Park Boro School District,3411100,56
NEW JERSEY,Neptune City School District,3411130,47
NEW JERSEY,Neptune Township School District,3411160,738
NEW JERSEY,Netcong School District,3411190,61
NEW JERSEY,New Brunswick School District,3411220,1644
NEW JERSEY,New Hanover Township,3411250,31
NEW JERSEY,New Milford Public School District,3411280,399
NEW JERSEY,New Providence School District,3411310,332
NEW JERSEY,Newark Public School District,3411340,5771
NEW JERSEY,Newfield Boro School District,3411370,0
NEW JERSEY,Newton Public School District,3411400,274
NEW JERSEY,North Arlington School District,3411430,307
NEW JERSEY,North Bergen School District,3411460,1049
NEW JERSEY,North Brunswick Township School District,3411490,783
NEW JERSEY,North Caldwell School District,3411520,102
NEW JERSEY,North Haledon School District,3411550,78
NEW JERSEY,North Hanover Township School District,3411580,183
NEW JERSEY,North Hunterdon-Voorhees Regional High School District,3411610,356
NEW JERSEY,North Plainfield School District,3411640,610
NEW JERSEY,North Wildwood School District,3411670,52
NEW JERSEY,Northern Burlington County Regional School District,3411700,401
NEW JERSEY,Northern Highlands Regional High School District,3411730,190
NEW JERSEY,Northern Valley Regional High School District,3411760,351
NEW JERSEY,Northfield City School District,3411790,195
NEW JERSEY,Northvale Public School District,3411820,106
NEW JERSEY,Norwood Public School District,3411850,96
NEW JERSEY,Nutley Public School District,3411880,832
NEW JERSEY,Oakland Public School District,3411910,293
NEW JERSEY,Oaklyn Public School District,3411940,33
NEW JERSEY,Ocean City School District,3411970,216
NEW JERSEY,Ocean County Vocational Technical School District,3411980,29
NEW JERSEY,Ocean Gate School District,3412030,26
NEW JERSEY,Township of Ocean School District,3412060,782
NEW JERSEY,Ocean Township School District,3412090,105
NEW JERSEY,Oceanport School District,3412120,117
NEW JERSEY,Ogdensburg Borough School District,3412150,-8
NEW JERSEY,Old Tappan Public School District,3412180,101
NEW JERSEY,Oldmans Township School District,3412210,-8
NEW JERSEY,Oradell Public School District,3412240,117
NEW JERSEY,River Dell Regional School District,3412260,319
NEW JERSEY,ORANGE BOARD OF EDUCATION School District,3412270,714
NEW JERSEY,Oxford Township School District,3412300,41
NEW JERSEY,Palisades Park School District,3412360,162
NEW JERSEY,Palmyra Public School District,3412390,194
NEW JERSEY,Paramus Public School District,3412420,679
NEW JERSEY,Park Ridge School District,3412450,302
NEW JERSEY,Parsippany-Troy Hills Township School District,3412480,988
NEW JERSEY,Pascack Valley Regional High School District,3412510,371
NEW JERSEY,Passaic City School District,3412540,2224
NEW JERSEY,Passaic Valley Regional High School District,3412570,205
NEW JERSEY,Passaic County Manchester Regional High School District,3412600,137
NEW JERSEY,Passaic County Technical-Vocational School District,3412630,433
NEW JERSEY,Long Hill Township School District,3412660,146
NEW JERSEY,Paterson Public School District,3412690,4007
NEW JERSEY,Paulsboro School District,3412720,276
NEW JERSEY,Pemberton Township School District,3412810,817
NEW JERSEY,Penns Grove-Carneys Point Regional School District,3412840,413
NEW JERSEY,Pennsauken Township Board of Education School District,3412870,889
NEW JERSEY,Pequannock Township School District,3412900,434
NEW JERSEY,Perth Amboy Public School District,3412930,1086
NEW JERSEY,Phillipsburg School District,3412960,788
NEW JERSEY,Pine Hill School District,3412990,385
NEW JERSEY,Pinelands Regional School District,3413000,349
NEW JERSEY,Piscataway Township School District,3413050,848
NEW JERSEY,Pitman Boro School District,3413080,246
NEW JERSEY,Pittsgrove Township School District,3413110,276
NEW JERSEY,Plainfield Public School District,3413140,1177
NEW JERSEY,Pleasantville Public School District,3413200,622
NEW JERSEY,Plumsted Township School District,3413230,234
NEW JERSEY,Pohatcong Township School District,3413260,63
NEW JERSEY,Point Pleasant Borough School District,3413290,396
NEW JERSEY,Point Pleasant Beach School District,3413320,-8
NEW JERSEY,Pompton Lakes School District,3413350,330
NEW JERSEY,Port Republic School District,3413380,-8
NEW JERSEY,Princeton Public School District,3413410,597
NEW JERSEY,Prospect Park Public School District,3413470,-8
NEW JERSEY,Quinton Township School District,3413500,-8
NEW JERSEY,Rahway Public School District,3413530,710
NEW JERSEY,Ramapo Indian Hills Regional High School District,3413560,361
NEW JERSEY,Ramsey School District,3413590,359
NEW JERSEY,Rancocas Valley Regional High School District,3413620,411
NEW JERSEY,Randolph Township School District,3413650,649
NEW JERSEY,Hazlet Township Public School District,3413680,525
NEW JERSEY,Readington Township School District,3413710,257
NEW JERSEY,Red Bank Borough Public School District,3413740,264
NEW JERSEY,Red Bank Regional School District,3413750,191
NEW JERSEY,Ridgefield School District,3413770,198
NEW JERSEY,Ridgefield Park Public School District,3413800,382
NEW JERSEY,Ridgewood Public School District,3413830,675
NEW JERSEY,Ringwood School District,3413860,223
NEW JERSEY,River Edge School District,3413890,323
NEW JERSEY,River Vale Public School District,3413950,129
NEW JERSEY,Riverdale School District,3413980,58
NEW JERSEY,Riverside Township School District,3414010,260
NEW JERSEY,Riverton School District,3414040,-8
NEW JERSEY,Rochelle Park School District,3414070,94
NEW JERSEY,Rockaway Borough School District,3414100,131
NEW JERSEY,Rockaway Township School District,3414130,428
NEW JERSEY,Rockleigh School District,3414160,0
NEW JERSEY,Roosevelt Borough Public School District,3414220,-8
NEW JERSEY,Roseland School District,3414250,86
NEW JERSEY,Roselle Public School District,3414280,376
NEW JERSEY,Roselle Park Public School District,3414310,350
NEW JERSEY,Roxbury Township School District,3414340,622
NEW JERSEY,Rumson Borough School District,3414370,107
NEW JERSEY,Rumson-Fair Haven Regional High School District,3414400,145
NEW JERSEY,Runnemede Public School District,3414430,136
NEW JERSEY,Rutherford School District,3414460,377
NEW JERSEY,Saddle Brook School District,3414490,390
NEW JERSEY,Saddle River School District,3414520,-8
NEW JERSEY,Salem City School District,3414550,230
NEW JERSEY,Salem County Vocational Technical School District,3414580,99
NEW JERSEY,Sandyston-Walpack Consolidated School District,3414610,25
NEW JERSEY,Sayreville School District,3414640,1072
NEW JERSEY,Scotch Plains-Fanwood School District,3414670,1026
NEW JERSEY,Sea Girt Borough School District,3414730,12
NEW JERSEY,Sea Isle City Board of Education,3414760,0
NEW JERSEY,Seaside Heights School District,3414790,51
NEW JERSEY,Seaside Park Borough School District,3414820,0
NEW JERSEY,Secaucus School District,3414850,312
NEW JERSEY,Shamong Township School District,3414880,137
NEW JERSEY,Shore Regional High School District,3414940,135
NEW JERSEY,Shrewsbury Borough School District,3414970,96
NEW JERSEY,Somerdale School District,3415000,67
NEW JERSEY,Somers Point School District,3415030,131
NEW JERSEY,Somerset County Vocational and Technical School District,3415060,40
NEW JERSEY,Somerville Public School District,3415090,468
NEW JERSEY,South Amboy School District,3415120,206
NEW JERSEY,Lake Como School District,3415150,0
NEW JERSEY,South Bound Brook Public School District,3415180,49
NEW JERSEY,South Brunswick School District,3415210,853
NEW JERSEY,South Hackensack School District,3415240,44
NEW JERSEY,South Harrison Township School District,3415270,54
NEW JERSEY,South Orange-Maplewood School District,3415330,1143
NEW JERSEY,South Plainfield School District,3415360,596
NEW JERSEY,South River Public School District,3415390,416
NEW JERSEY,Southampton Township School District,3415420,171
NEW JERSEY,Delsea Regional High School District,3415450,359
NEW JERSEY,Southern Regional School District,3415480,651
NEW JERSEY,Sparta Township Public School District,3415510,630
NEW JERSEY,Spotswood Public School District,3415540,234
NEW JERSEY,Spring Lake Borough,3415570,-8
NEW JERSEY,Spring Lake Heights School District,3415600,53
NEW JERSEY,Springfield Public School District,3415630,352
NEW JERSEY,Springfield Township School District,3415660,56
NEW JERSEY,Stafford Township School District,3415690,405
NEW JERSEY,Stanhope School District,3415720,65
NEW JERSEY,Stillwater Township School District,3415750,57
NEW JERSEY,Stone Harbor School District,3415810,9
NEW JERSEY,Stow Creek Township School District,3415840,-8
NEW JERSEY,Stratford School District,3415870,249
NEW JERSEY,Summit Public School District,3415900,538
NEW JERSEY,Sussex County Technical School District,3415930,135
NEW JERSEY,Sussex-Wantage Regional School District,3415960,207
NEW JERSEY,Swedesboro-Woolwich School District,3415990,337
NEW JERSEY,Tabernacle Township School District,3416020,116
NEW JERSEY,Teaneck School District,3416080,1125
NEW JERSEY,Tenafly Public School District,3416110,690
NEW JERSEY,Tewksbury Township School District,3416170,66
NEW JERSEY,Tinton Falls School District,3416200,358
NEW JERSEY,Toms River Regional School District,3416230,2762
NEW JERSEY,Totowa Public School District,3416260,102
NEW JERSEY,Trenton Public School District,3416290,2000
NEW JERSEY,Tuckerton Borough School District,3416320,36
NEW JERSEY,Union Beach Public School District,3416350,97
NEW JERSEY,Union City School District,3416380,1093
NEW JERSEY,Union County Educational Services Commission,3416400,0
NEW JERSEY,Union Township School District,3416440,95
NEW JERSEY,Barnegat Township School District,3416470,637
NEW JERSEY,Township of Union School District,3416500,1171
NEW JERSEY,Upper Deerfield Township School District,3416530,191
NEW JERSEY,Upper Freehold Regional School District,3416560,388
NEW JERSEY,UPPER PITTSGROVE TWP School District,3416590,49
NEW JERSEY,Upper Saddle River School District,3416620,174
NEW JERSEY,Upper Township School District,3416650,194
NEW JERSEY,Ventnor City School District,3416680,83
NEW JERSEY,Vernon Township School District,3416710,662
NEW JERSEY,Verona Public School District,3416740,403
NEW JERSEY,Vineland Public School District,3416800,1915
NEW JERSEY,Voorhees Township School District,3416830,538
NEW JERSEY,Waldwick School District,3416860,296
NEW JERSEY,Wallkill Valley Regional High School,3416870,152
NEW JERSEY,Wall Township Public School District,3416890,622
NEW JERSEY,Wallington Boro School District,3416920,165
NEW JERSEY,Wanaque School District,3416950,185
NEW JERSEY,Warren Hills Regional School District,3416970,272
NEW JERSEY,Warren Township School District,3416980,244
NEW JERSEY,Washington Borough School District,3417010,67
NEW JERSEY,Washington Township School District,3417040,0
NEW JERSEY,Washington Township School District,3417070,1205
NEW JERSEY,Robbinsville Public School District,3417100,434
NEW JERSEY,Washington Township School District,3417130,372
NEW JERSEY,Washington Township School District,3417160,73
NEW JERSEY,Watchung Borough School District,3417190,96
NEW JERSEY,Watchung Hills Regional High School District,3417220,318
NEW JERSEY,Waterford Township School District,3417250,137
NEW JERSEY,Wayne Township Public School District,3417280,1468
NEW JERSEY,Weehawken Public School District,3417310,162
NEW JERSEY,Wenonah  Boro School District,3417340,-8
NEW JERSEY,West Cape May School District,3417400,-8
NEW JERSEY,West Deptford Township School District,3417430,629
NEW JERSEY,West Essex Regional School District,3417460,265
NEW JERSEY,West Long Branch School District,3417490,154
NEW JERSEY,Monmouth County Vocational School District,3417500,17
NEW JERSEY,West Milford Township Public School District,3417520,584
NEW JERSEY,West Morris Regional High School District,3417550,349
NEW JERSEY,West New York School District,3417580,1023
NEW JERSEY,West Orange Public Schools,3417610,1486
NEW JERSEY,Woodland Park School District,3417640,148
NEW JERSEY,West Wildwood School District,3417670,0
NEW JERSEY,West Windsor-Plainsboro Regional School District,3417700,857
NEW JERSEY,Westampton Township Public School District,3417730,206
NEW JERSEY,Westfield Public School District,3417760,1167
NEW JERSEY,Westville Boro Public School District,3417790,76
NEW JERSEY,Westwood Regional School District,3417820,507
NEW JERSEY,Weymouth Township School District,3417850,-8
NEW JERSEY,Wharton Borough School District,3417880,175
NEW JERSEY,White Township Consolidated School District,3417910,37
NEW JERSEY,Warren County Vocational Technical School,3417920,63
NEW JERSEY,Wildwood City School District,3417940,194
NEW JERSEY,Wildwood Crest Borough School District,3417970,56
NEW JERSEY,Willingboro Public School District,3418000,647
NEW JERSEY,Winfield Township,3418030,-8
NEW JERSEY,Union County Vocational-Technical School District,3418040,30
NEW JERSEY,Winslow Township School District,3418060,1041
NEW JERSEY,Woodbine School District,3418090,70
NEW JERSEY,Woodbridge Township School District,3418120,1906
NEW JERSEY,Woodbury City Public School District,3418150,356
NEW JERSEY,Woodbury Heights Public School District,3418180,83
NEW JERSEY,Woodcliff Lake School District,3418210,129
NEW JERSEY,Woodland Township School District,3418240,27
NEW JERSEY,Woodlynne School District,3418270,49
NEW JERSEY,Wood-Ridge School District,3418300,208
NEW JERSEY,Woodstown-Pilesgrove Regional School District,3418330,233
NEW JERSEY,Wyckoff Township Public School District,3418360,390
NEW JERSEY,Educational Services Commission of New Jersey,3480180,0
NEW JERSEY,Mercer County Special Services School District,3480200,0
NEW JERSEY,Monmouth-Ocean Educational Services Commission School Distri,3480240,0
NEW JERSEY,Educational Services Commission of Morris County,3480260,0
NEW JERSEY,Somerset County Educational Services Commission School Distr,3480280,0
NEW JERSEY,Essex Regional Educational Services Commission,3480300,0
NEW JERSEY,Northern Hills Academy School District,3480320,0
NEW JERSEY,Camden County Educational Services Commission,3480340,0
NEW JERSEY,Hunterdon County Educational Services Commission,3480360,0
NEW JERSEY,Salem County Special Services School District,3480361,0
NEW JERSEY,Warren County Special Services School District,3480362,0
NEW JERSEY,Gloucester County Special Services School District,3480363,0
NEW JERSEY,Northern Region Educational Services Commission,3480364,0
NEW MEXICO,VAUGHN MUNICIPAL SCHOOLS,3500001,14
NEW MEXICO,RIO RANCHO PUBLIC SCHOOLS,3500010,3041
NEW MEXICO,JUVENILE JUSTICE,3500011,22
NEW MEXICO,NM CORRECTIONS,3500012,6
NEW MEXICO,NM SCHOOL FOR THE BLIND AND VISUALLY IMPAIRED,3500013,31
NEW MEXICO,NM SCHOOL FOR THE DEAF,3500014,127
NEW MEXICO,SEQUOYAH,3500015,5
NEW MEXICO,UNM MIMBRES SCHOOL,3500016,11
NEW MEXICO,ALAMOGORDO PUBLIC SCHOOLS,3500030,908
NEW MEXICO,ALBUQUERQUE PUBLIC SCHOOLS,3500060,16945
NEW MEXICO,ANIMAS PUBLIC SCHOOLS,3500090,21
NEW MEXICO,NORTH VALLEY ACADEMY CHARTER,3500106,-8
NEW MEXICO,HORIZON ACADEMY WEST,3500107,44
NEW MEXICO,NEW MEXICO ACADEMY FOR THE MEDIA ARTS CHARTER,3500109,56
NEW MEXICO,SCHOOL OF DREAMS ACADEMY,3500112,122
NEW MEXICO,ALMA D'ARTE CHARTER,3500116,25
NEW MEXICO,CESAR CHAVEZ COMMUNITY  SCHOOL,3500117,28
NEW MEXICO,TAOS ACADEMY,3500118,44
NEW MEXICO,NM SCHOOL FOR ARTS,3500119,26
NEW MEXICO,ARTESIA PUBLIC SCHOOLS,3500120,475
NEW MEXICO,SOUTH VALLEY PREP,3500121,46
NEW MEXICO,ABQ SCHOOL OF EXCELLENCE,3500122,143
NEW MEXICO,ABQ SIGN LANGUAGE ACADEMY,3500123,72
NEW MEXICO,TIERRA ADENTRO,3500124,67
NEW MEXICO,THE MASTERS PROGRAM,3500125,36
NEW MEXICO,THE ASK ACADEMY,3500126,85
NEW MEXICO,TAOS INTEGRATED SCHOOL OF THE ARTS,3500127,46
NEW MEXICO,ALBUQUERQUE INSTITUTE OF MATH & SCIENCE,3500130,8
NEW MEXICO,AMY BIEHL CHARTER HIGH SCHOOL,3500131,71
NEW MEXICO,ALBUQUERQUE BILINGUAL ACADEMY,3500134,-8
NEW MEXICO,MONTESSORI ELEMENTARY SCHOOL,3500135,54
NEW MEXICO,SOUTHWEST PREPARATORY LEARNING CENTER,3500136,36
NEW MEXICO,SOUTHWEST SECONDARY LEARNING CENTER,3500137,36
NEW MEXICO,ALDO LEOPOLD CHARTER,3500138,34
NEW MEXICO,J PAUL TAYLOR ACADEMY,3500141,16
NEW MEXICO,THE GREAT ACADEMY,3500142,37
NEW MEXICO,RED RIVER VALLEY CHARTER SCHOOL,3500143,-8
NEW MEXICO,MISSION ACHIEVEMENT AND SUCCESS,3500148,307
NEW MEXICO,AZTEC MUNICIPAL SCHOOLS,3500150,447
NEW MEXICO,SW AERONAUTICS MATHEMATICS AND SCIENCE ACADEMY,3500151,45
NEW MEXICO,ESTANCIA VALLEY CLASSICAL ACADEMY,3500152,53
NEW MEXICO,MCCURDY CHARTER SCHOOL,3500153,93
NEW MEXICO,LA TIERRA MONTESSORI SCHOOL OF THE ARTS AND SCIENCES,3500155,10
NEW MEXICO,NEW AMERICA SCHOOL - LAS CRUCES,3500156,33
NEW MEXICO,WALATOWA CHARTER HIGH,3500158,8
NEW MEXICO,NEW MEXICO CONNECTIONS ACADEMY,3500160,260
NEW MEXICO,TAOS INTERNATIONAL SCHOOL,3500163,17
NEW MEXICO,LA ACADEMIA DOLORES HUERTA,3500166,8
NEW MEXICO,EXPLORE ACADEMY,3500167,174
NEW MEXICO,LAS MONTANAS CHARTER,3500168,41
NEW MEXICO,MONTE DEL SOL CHARTER,3500170,54
NEW MEXICO,TURQUOISE TRAIL CHARTER SCHOOL,3500171,96
NEW MEXICO,SANDOVAL ACADEMY OF BILINGUAL EDUCATION,3500172,25
NEW MEXICO,TIERRA ENCANTADA CHARTER SCHOOL,3500173,32
NEW MEXICO,DZIT DIT LOOL SCHOOL OF EMPOWERMENT ACTION AND PERSEVERANCE,3500174,3
NEW MEXICO,ROOTS AND WINGS COMMUNITY,3500176,15
NEW MEXICO,SIX DIRECTIONS INDIGENOUS SCHOOL,3500177,5
NEW MEXICO,ALTURA PREPARATORY SCHOOL,3500178,12
NEW MEXICO,HOZHO ACADEMY,3500179,101
NEW MEXICO,BELEN CONSOLIDATED SCHOOLS,3500180,639
NEW MEXICO,ALBUQUERQUE COLLEGIATE CHARTER SCHOOL,3500181,20
NEW MEXICO,SOLARE COLLEGIATE CHARTER SCHOOL,3500183,59
NEW MEXICO,RAICES DEL SABER XINACHTLI COMMUNITY SCHOOL,3500184,7
NEW MEXICO,ACES TECHNICAL CHARTER SCHOOL,3500185,26
NEW MEXICO,MIDDLE COLLEGE HIGH SCHOOL CHARTER - GALLUP,3500186,4
NEW MEXICO,21ST CENTURY PUBLIC ACADEMY,3500187,69
NEW MEXICO,EXPLORE ACADEMY LAS CRUCES,3500188,28
NEW MEXICO,THRIVE COMMUNITY SCHOOL,3500189,20
NEW MEXICO,RIO GRANDE ACADEMY OF FINE ARTS,3500190,20
NEW MEXICO,BERNALILLO PUBLIC SCHOOLS,3500210,423
NEW MEXICO,BLOOMFIELD SCHOOLS,3500240,491
NEW MEXICO,CAPITAN MUNICIPAL SCHOOLS,3500270,-8
NEW MEXICO,CARLSBAD MUNICIPAL SCHOOLS,3500300,1058
NEW MEXICO,CARRIZOZO MUNICIPAL SCHOOLS,3500330,20
NEW MEXICO,CENTRAL CONSOLIDATED SCHOOLS,3500390,774
NEW MEXICO,CHAMA VALLEY INDEP. SCHOOLS,3500420,49
NEW MEXICO,CIMARRON MUNICIPAL SCHOOLS,3500480,70
NEW MEXICO,CLAYTON MUNICIPAL SCHOOLS,3500510,56
NEW MEXICO,CLOUDCROFT MUNICIPAL SCHOOLS,3500540,53
NEW MEXICO,CLOVIS MUNICIPAL SCHOOLS,3500570,1220
NEW MEXICO,COBRE CONSOLIDATED SCHOOLS,3500600,198
NEW MEXICO,CORONA MUNICIPAL SCHOOLS,3500630,-8
NEW MEXICO,CUBA INDEPENDENT SCHOOLS,3500660,124
NEW MEXICO,DEMING PUBLIC SCHOOLS,3500690,768
NEW MEXICO,DES MOINES MUNICIPAL SCHOOLS,3500720,-8
NEW MEXICO,DEXTER CONSOLIDATED SCHOOLS,3500750,122
NEW MEXICO,DORA MUNICIPAL SCHOOLS,3500790,31
NEW MEXICO,DULCE INDEPENDENT SCHOOLS,3500810,93
NEW MEXICO,ELIDA MUNICIPAL SCHOOLS,3500840,-8
NEW MEXICO,ESPANOLA PUBLIC SCHOOLS,3500900,479
NEW MEXICO,ESTANCIA MUNICIPAL SCHOOLS,3500930,121
NEW MEXICO,EUNICE MUNICIPAL SCHOOLS,3500960,91
NEW MEXICO,FARMINGTON MUNICIPAL SCHOOLS,3500990,1532
NEW MEXICO,FLOYD MUNICIPAL SCHOOLS,3501020,-8
NEW MEXICO,FORT SUMNER MUNICIPAL SCHOOLS,3501050,62
NEW MEXICO,GADSDEN INDEPENDENT SCHOOLS,3501080,1951
NEW MEXICO,GALLUP-MCKINLEY CTY SCHOOLS,3501110,1572
NEW MEXICO,GRADY MUNICIPAL SCHOOLS,3501140,31
NEW MEXICO,GRANTS-CIBOLA COUNTY SCHOOLS,3501170,484
NEW MEXICO,HAGERMAN MUNICIPAL SCHOOLS,3501200,45
NEW MEXICO,HATCH VALLEY PUBLIC SCHOOLS,3501230,108
NEW MEXICO,HOBBS MUNICIPAL SCHOOLS,3501260,1426
NEW MEXICO,HONDO VALLEY PUBLIC SCHOOLS,3501290,24
NEW MEXICO,HOUSE MUNICIPAL SCHOOLS,3501320,12
NEW MEXICO,JAL PUBLIC SCHOOLS,3501350,63
NEW MEXICO,JEMEZ MOUNTAIN PUBLIC SCHOOLS,3501380,23
NEW MEXICO,JEMEZ VALLEY PUBLIC SCHOOLS,3501410,-8
NEW MEXICO,LAKE ARTHUR MUNICIPAL SCHOOLS,3501470,-8
NEW MEXICO,LAS CRUCES PUBLIC SCHOOLS,3501500,3428
NEW MEXICO,LAS VEGAS CITY PUBLIC SCHOOLS,3501530,188
NEW MEXICO,WEST LAS VEGAS PUBLIC SCHOOLS,3501560,200
NEW MEXICO,LOGAN MUNICIPAL SCHOOLS,3501590,28
NEW MEXICO,LORDSBURG MUNICIPAL SCHOOLS,3501620,54
NEW MEXICO,LOS ALAMOS PUBLIC SCHOOLS,3501650,624
NEW MEXICO,LOS LUNAS PUBLIC SCHOOLS,3501680,1114
NEW MEXICO,LOVING MUNICIPAL SCHOOLS,3501710,79
NEW MEXICO,LOVINGTON MUNICIPAL SCHOOLS,3501740,528
NEW MEXICO,MAGDALENA MUNICIPAL SCHOOLS,3501770,47
NEW MEXICO,MAXWELL MUNICIPAL SCHOOLS,3501800,16
NEW MEXICO,MELROSE PUBLIC SCHOOLS,3501830,49
NEW MEXICO,MORA INDEPENDENT SCHOOLS,3501860,62
NEW MEXICO,MORIARTY-EDGEWOOD SCHOOL DISTRICT,3501890,358
NEW MEXICO,MOSQUERO MUNICIPAL SCHOOLS,3501920,12
NEW MEXICO,MOUNTAINAIR PUBLIC SCHOOLS,3501950,-8
NEW MEXICO,MESA VISTA CONSOLIDATED SCHOOLS,3501980,33
NEW MEXICO,PECOS INDEPENDENT SCHOOLS,3502010,-8
NEW MEXICO,PENASCO INDEPENDENT SCHOOLS,3502040,40
NEW MEXICO,POJOAQUE VALLEY PUBLIC SCHOOLS,3502070,206
NEW MEXICO,PORTALES MUNICIPAL SCHOOLS,3502100,477
NEW MEXICO,QUEMADO INDEPENDENT SCHOOLS,3502130,38
NEW MEXICO,QUESTA INDEPENDENT SCHOOLS,3502160,62
NEW MEXICO,RATON PUBLIC SCHOOLS,3502190,127
NEW MEXICO,RESERVE PUBLIC SCHOOLS,3502220,17
NEW MEXICO,ROSWELL INDEPENDENT SCHOOLS,3502250,1525
NEW MEXICO,ROY MUNICIPAL SCHOOLS,3502280,9
NEW MEXICO,RUIDOSO MUNICIPAL SCHOOLS,3502310,219
NEW MEXICO,SAN JON MUNICIPAL SCHOOLS,3502340,23
NEW MEXICO,SANTA FE PUBLIC SCHOOLS,3502370,1608
NEW MEXICO,SANTA ROSA CONSOLIDATED SCHOOLS,3502400,91
NEW MEXICO,SILVER CONSOLIDATED SCHOOLS,3502430,351
NEW MEXICO,SOCORRO CONSOLIDATED SCHOOLS,3502460,215
NEW MEXICO,SPRINGER MUNICIPAL SCHOOLS,3502490,-8
NEW MEXICO,TAOS MUNICIPAL SCHOOLS,3502520,451
NEW MEXICO,TATUM MUNICIPAL SCHOOLS,3502550,39
NEW MEXICO,TEXICO MUNICIPAL SCHOOLS,3502580,63
NEW MEXICO,T OR C MUNICIPAL SCHOOLS,3502610,206
NEW MEXICO,TUCUMCARI PUBLIC SCHOOLS,3502640,145
NEW MEXICO,TULAROSA MUNICIPAL SCHOOLS,3502670,148
NEW MEXICO,WAGON MOUND PUBLIC SCHOOLS,3502730,9
NEW MEXICO,ZUNI PUBLIC SCHOOLS,3502800,-8
NEW MEXICO,PECOS CYBER ACADEMY,3502801,239
NEW MEXICO,VISTA GRANDE HIGH SCHOOL,3502802,23
NEW YORK,DOLGEVILLE CENTRAL SCHOOL DISTRICT,3600001,122
NEW YORK,SAUQUOIT VALLEY CENTRAL SCHOOL DISTRICT,3600002,152
NEW YORK,EDWARDS-KNOX CENTRAL SCHOOL DISTRICT,3600003,96
NEW YORK,ROTTERDAM-MOHONASEN CENTRAL SCHOOL DISTRICT,3600004,377
NEW YORK,BROADALBIN-PERTH CENTRAL SCHOOL DISTRICT,3600005,187
NEW YORK,CHERRY VALLEY-SPRINGFIELD CENTRAL SCHOOL DISTRICT,3600006,91
NEW YORK,JASPER-TROUPSBURG CENTRAL SCHOOL DISTRICT,3600007,-8
NEW YORK,SOUTH COUNTRY CENTRAL SCHOOL DISTRICT,3600008,642
NEW YORK,SARANAC CENTRAL SCHOOL DISTRICT,3600009,220
NEW YORK,COBLESKILL-RICHMONDVILLE CENTRAL SCHOOL DISTRICT,3600010,180
NEW YORK,WAYLAND-COHOCTON CENTRAL SCHOOL DISTRICT,3600011,171
NEW YORK,BOLIVAR-RICHBURG CENTRAL SCHOOL DISTRICT,3600012,116
NEW YORK,ONEIDA CITY SCHOOL DISTRICT,3600013,378
NEW YORK,WATERLOO CENTRAL SCHOOL DISTRICT,3600014,214
NEW YORK,ALLEGANY-LIMESTONE CENTRAL SCHOOL DISTRICT,3600015,117
NEW YORK,AVERILL PARK CENTRAL SCHOOL DISTRICT,3600016,477
NEW YORK,GENESEE VALLEY CENTRAL SCHOOL DISTRICT,3600017,84
NEW YORK,CHAUTAUQUA LAKE CENTRAL SCHOOL DISTRICT,3600018,141
NEW YORK,UNADILLA VALLEY CENTRAL SCHOOL DISTRICT,3600019,140
NEW YORK,CAMPBELL-SAVONA CENTRAL SCHOOL DISTRICT,3600020,124
NEW YORK,MATTITUCK-CUTCHOGUE UNION FREE SCHOOL DISTRICT,3600021,171
NEW YORK,SULLIVAN WEST CENTRAL SCHOOL DISTRICT,3600023,149
NEW YORK,CATTARAUGUS-LITTLE VALLEY CENTRAL SCHOOL DISTRICT,3600024,153
NEW YORK,NEW YORK CITY GEOGRAPHIC DISTRICT # 1,3600076,2418
NEW YORK,NEW YORK CITY GEOGRAPHIC DISTRICT # 2,3600077,10918
NEW YORK,NEW YORK CITY GEOGRAPHIC DISTRICT # 3,3600078,4530
NEW YORK,NEW YORK CITY GEOGRAPHIC DISTRICT # 4,3600079,3891
NEW YORK,NEW YORK CITY GEOGRAPHIC DISTRICT # 5,3600081,4581
NEW YORK,NEW YORK CITY GEOGRAPHIC DISTRICT # 6,3600083,5265
NEW YORK,NEW YORK CITY GEOGRAPHIC DISTRICT # 7,3600084,6060
NEW YORK,NEW YORK CITY GEOGRAPHIC DISTRICT # 8,3600085,8303
NEW YORK,NEW YORK CITY GEOGRAPHIC DISTRICT # 9,3600086,9650
NEW YORK,NEW YORK CITY GEOGRAPHIC DISTRICT #10,3600087,12310
NEW YORK,NEW YORK CITY GEOGRAPHIC DISTRICT #11,3600088,10009
NEW YORK,NEW YORK CITY GEOGRAPHIC DISTRICT #12,3600090,6276
NEW YORK,NEW YORK CITY GEOGRAPHIC DISTRICT #13,3600091,3714
NEW YORK,NEW YORK CITY GEOGRAPHIC DISTRICT #15,3600092,7348
NEW YORK,NEW YORK CITY GEOGRAPHIC DISTRICT #16,3600094,2299
NEW YORK,NEW YORK CITY GEOGRAPHIC DISTRICT #17,3600095,6889
NEW YORK,NEW YORK CITY GEOGRAPHIC DISTRICT #18,3600096,3683
NEW YORK,NEW YORK CITY GEOGRAPHIC DISTRICT #32,3600097,2577
NEW YORK,NEW YORK CITY GEOGRAPHIC DISTRICT #24,3600098,10528
NEW YORK,NEW YORK CITY GEOGRAPHIC DISTRICT #26,3600099,5023
NEW YORK,NEW YORK CITY GEOGRAPHIC DISTRICT #28,3600100,7399
NEW YORK,NEW YORK CITY GEOGRAPHIC DISTRICT #29,3600101,5617
NEW YORK,NEW YORK CITY GEOGRAPHIC DISTRICT #30,3600102,6859
NEW YORK,NEW YORK CITY GEOGRAPHIC DISTRICT #31,3600103,18202
NEW YORK,NEW YORK CITY GEOGRAPHIC DISTRICT #14,3600119,4697
NEW YORK,NEW YORK CITY GEOGRAPHIC DISTRICT #19,3600120,6544
NEW YORK,NEW YORK CITY GEOGRAPHIC DISTRICT #23,3600121,3214
NEW YORK,NEW YORK CITY GEOGRAPHIC DISTRICT #25,3600122,6669
NEW YORK,NEW YORK CITY GEOGRAPHIC DISTRICT #27,3600123,10566
NEW YORK,CANISTEO-GREENWOOD CSD,3600124,138
NEW YORK,EASTPORT-SOUTH MANOR CSD,3600125,484
NEW YORK,NEW YORK STATE DEPARTMENT OF CORRECTIONS,3600126,100
NEW YORK,NEW YORK STATE OFFICE MENTAL HEALTH (OMH),3600127,79
NEW YORK,NEW YORK STATE OFFICE OF CHILDREN AND FAMILY SERVICES (OCFS),3600131,149
NEW YORK,NEW YORK STATE SCHOOL FOR THE BLIND,3600133,53
NEW YORK,NEW YORK CITY GEOGRAPHIC DISTRICT #20,3600151,13171
NEW YORK,NEW YORK CITY GEOGRAPHIC DISTRICT #21,3600152,10271
NEW YORK,NEW YORK CITY GEOGRAPHIC DISTRICT #22,3600153,10305
NEW YORK,NEW YORK STATE SCHOOL FOR THE DEAF,3600154,0
NEW YORK,NYS OFFICE FOR PEOPLE WITH DEVELOPMENTAL DISABILITIES,3600947,4
NEW YORK,CENTRAL VALLEY CSD AT ILION-MOHAWK,3601087,434
NEW YORK,OPPENHEIM-EPHRATAH-ST. JOHNSVILLE CSD,3601107,123
NEW YORK,BOQUET VALLEY CSD,3601189,73
NEW YORK,GLENS FALLS COMMON SCHOOL DISTRICT,3602310,43
NEW YORK,SOUTH JEFFERSON CENTRAL SCHOOL DISTRICT,3602340,298
NEW YORK,ADDISON CENTRAL SCHOOL DISTRICT,3602370,144
NEW YORK,AFTON CENTRAL SCHOOL DISTRICT,3602400,80
NEW YORK,AKRON CENTRAL SCHOOL DISTRICT,3602430,201
NEW YORK,ALBANY CITY SCHOOL DISTRICT,3602460,1432
NEW YORK,ALBION CENTRAL SCHOOL DISTRICT,3602520,214
NEW YORK,ALDEN CENTRAL SCHOOL DISTRICT,3602550,187
NEW YORK,ALEXANDER CENTRAL SCHOOL DISTRICT,3602580,101
NEW YORK,ALEXANDRIA CENTRAL SCHOOL DISTRICT,3602670,67
NEW YORK,ALFRED-ALMOND CENTRAL SCHOOL DISTRICT,3602700,85
NEW YORK,WINDSOR CENTRAL SCHOOL DISTRICT,3602730,234
NEW YORK,ALTMAR-PARISH-WILLIAMSTOWN CENTRAL SCHOOL DISTRICT,3602820,237
NEW YORK,AMAGANSETT UNION FREE SCHOOL DISTRICT,3602880,16
NEW YORK,AMHERST CENTRAL SCHOOL DISTRICT,3602920,426
NEW YORK,AMITYVILLE UNION FREE SCHOOL DISTRICT,3602940,466
NEW YORK,AMSTERDAM CITY SCHOOL DISTRICT,3602970,576
NEW YORK,ANDES CENTRAL SCHOOL DISTRICT,3603000,14
NEW YORK,ANDOVER CENTRAL SCHOOL DISTRICT,3603030,46
NEW YORK,SCHENEVUS CENTRAL SCHOOL DISTRICT,3603060,-8
NEW YORK,ARDSLEY UNION FREE SCHOOL DISTRICT,3603180,272
NEW YORK,ARGYLE CENTRAL SCHOOL DISTRICT,3603210,71
NEW YORK,ARKPORT CENTRAL SCHOOL DISTRICT,3603240,56
NEW YORK,ARLINGTON CENTRAL SCHOOL DISTRICT,3603270,1443
NEW YORK,ATTICA CENTRAL SCHOOL DISTRICT,3603420,174
NEW YORK,AUBURN CITY SCHOOL DISTRICT,3603480,694
NEW YORK,AVOCA CENTRAL SCHOOL DISTRICT,3603630,-8
NEW YORK,AVON CENTRAL SCHOOL DISTRICT,3603660,85
NEW YORK,BABYLON UNION FREE SCHOOL DISTRICT,3603720,261
NEW YORK,BAINBRIDGE-GUILFORD CENTRAL SCHOOL DISTRICT,3603810,113
NEW YORK,BALDWIN UNION FREE SCHOOL DISTRICT,3603840,788
NEW YORK,BALDWINSVILLE CENTRAL SCHOOL DISTRICT,3603870,766
NEW YORK,BALLSTON SPA CENTRAL SCHOOL DISTRICT,3603930,683
NEW YORK,BARKER CENTRAL SCHOOL DISTRICT,3603960,124
NEW YORK,BATAVIA CITY SCHOOL DISTRICT,3603990,303
NEW YORK,BATH CENTRAL SCHOOL DISTRICT,3604050,198
NEW YORK,BAY SHORE UNION FREE SCHOOL DISTRICT,3604080,947
NEW YORK,BAYPORT-BLUE POINT UNION FREE SCHOOL DISTRICT,3604110,349
NEW YORK,BEACON CITY SCHOOL DISTRICT,3604140,491
NEW YORK,BEAVER RIVER CENTRAL SCHOOL DISTRICT,3604200,161
NEW YORK,BEEKMANTOWN CENTRAL SCHOOL DISTRICT,3604290,305
NEW YORK,BELFAST CENTRAL SCHOOL DISTRICT,3604350,69
NEW YORK,BELLEVILLE-HENDERSON CENTRAL SCHOOL DISTRICT,3604370,91
NEW YORK,BELLMORE UNION FREE SCHOOL DISTRICT,3604410,233
NEW YORK,BEMUS POINT CENTRAL SCHOOL DISTRICT,3604530,84
NEW YORK,BERLIN CENTRAL SCHOOL DISTRICT,3604620,121
NEW YORK,BERNE-KNOX-WESTERLO CENTRAL SCHOOL DISTRICT,3604650,133
NEW YORK,BETHLEHEM CENTRAL SCHOOL DISTRICT,3604710,468
NEW YORK,BETHPAGE UNION FREE SCHOOL DISTRICT,3604740,379
NEW YORK,GILBERTSVILLE-MOUNT UPTON CENTRAL SCHOOL DISTRICT,3604757,62
NEW YORK,KIRYAS JOEL VILLAGE UNION FREE SCHOOL DISTRICT,3604758,267
NEW YORK,BINGHAMTON CITY SCHOOL DISTRICT,3604870,944
NEW YORK,EAST BLOOMFIELD CENTRAL SCHOOL DISTRICT,3604920,113
NEW YORK,BOLTON CENTRAL SCHOOL DISTRICT,3605010,14
NEW YORK,ADIRONDACK CENTRAL SCHOOL DISTRICT,3605040,162
NEW YORK,BRADFORD CENTRAL SCHOOL DISTRICT,3605220,41
NEW YORK,BRENTWOOD UNION FREE SCHOOL DISTRICT,3605280,2829
NEW YORK,BREWSTER CENTRAL SCHOOL DISTRICT,3605310,426
NEW YORK,BRIARCLIFF MANOR UNION FREE SCHOOL DISTRICT,3605340,90
NEW YORK,BRIDGEHAMPTON UNION FREE SCHOOL DISTRICT,3605370,-8
NEW YORK,BRIGHTON CENTRAL SCHOOL DISTRICT,3605460,549
NEW YORK,BRUNSWICK CENTRAL SCHOOL DISTRICT (BRITTONKILL),3605520,130
NEW YORK,BROCKPORT CENTRAL SCHOOL DISTRICT,3605580,582
NEW YORK,BROCTON CENTRAL SCHOOL DISTRICT,3605610,96
NEW YORK,BRONXVILLE UNION FREE SCHOOL DISTRICT,3605640,118
NEW YORK,BROOKFIELD CENTRAL SCHOOL DISTRICT,3605670,56
NEW YORK,BRUSHTON-MOIRA CENTRAL SCHOOL DISTRICT,3605820,130
NEW YORK,BUFFALO CITY SCHOOL DISTRICT,3605850,7823
NEW YORK,BURNT HILLS-BALLSTON LAKE CENTRAL SCHOOL DISTRICT,3605940,535
NEW YORK,BYRAM HILLS CENTRAL SCHOOL DISTRICT,3606060,300
NEW YORK,BYRON-BERGEN CENTRAL SCHOOL DISTRICT,3606090,84
NEW YORK,CAIRO-DURHAM CENTRAL SCHOOL DISTRICT,3606160,209
NEW YORK,CALEDONIA-MUMFORD CENTRAL SCHOOL DISTRICT,3606180,100
NEW YORK,CAMBRIDGE CENTRAL SCHOOL DISTRICT,3606210,144
NEW YORK,CAMDEN CENTRAL SCHOOL DISTRICT,3606240,319
NEW YORK,CANAJOHARIE CENTRAL SCHOOL DISTRICT,3606300,96
NEW YORK,CANANDAIGUA CITY SCHOOL DISTRICT,3606330,580
NEW YORK,CANASERAGA CENTRAL SCHOOL DISTRICT,3606360,-8
NEW YORK,CANASTOTA CENTRAL SCHOOL DISTRICT,3606390,223
NEW YORK,CANDOR CENTRAL SCHOOL DISTRICT,3606420,138
NEW YORK,CANTON CENTRAL SCHOOL DISTRICT,3606470,180
NEW YORK,SPACKENKILL UNION FREE SCHOOL DISTRICT,3606500,181
NEW YORK,CARLE PLACE UNION FREE SCHOOL DISTRICT,3606540,184
NEW YORK,CARMEL CENTRAL SCHOOL DISTRICT,3606570,673
NEW YORK,CARTHAGE CENTRAL SCHOOL DISTRICT,3606630,505
NEW YORK,CASSADAGA VALLEY CENTRAL SCHOOL DISTRICT,3606660,128
NEW YORK,CATO-MERIDIAN CENTRAL SCHOOL DISTRICT,3606690,119
NEW YORK,CATSKILL CENTRAL SCHOOL DISTRICT,3606720,213
NEW YORK,CAZENOVIA CENTRAL SCHOOL DISTRICT,3606780,143
NEW YORK,CENTER MORICHES UNION FREE SCHOOL DISTRICT,3606840,346
NEW YORK,CENTRAL ISLIP UNION FREE SCHOOL DISTRICT,3606870,1067
NEW YORK,CENTRAL SQUARE CENTRAL SCHOOL DISTRICT,3606900,567
NEW YORK,CHAPPAQUA CENTRAL SCHOOL DISTRICT,3606990,360
NEW YORK,GRAND ISLAND CENTRAL SCHOOL DISTRICT,3607020,366
NEW YORK,CHARLOTTE VALLEY CENTRAL SCHOOL DISTRICT,3607050,-8
NEW YORK,CHATEAUGAY CENTRAL SCHOOL DISTRICT,3607080,98
NEW YORK,CHATHAM CENTRAL SCHOOL DISTRICT,3607110,160
NEW YORK,CHAZY UNION FREE SCHOOL DISTRICT,3607170,-8
NEW YORK,CHEEKTOWAGA CENTRAL SCHOOL DISTRICT,3607230,382
NEW YORK,CHENANGO FORKS CENTRAL SCHOOL DISTRICT,3607260,189
NEW YORK,CHENANGO VALLEY CENTRAL SCHOOL DISTRICT,3607290,274
NEW YORK,WESTHILL CENTRAL SCHOOL DISTRICT,3607320,221
NEW YORK,CHESTER UNION FREE SCHOOL DISTRICT,3607380,208
NEW YORK,RANDOLPH ACADEMY UNION FREE SCHOOL DISTRICT,3607440,16
NEW YORK,CHITTENANGO CENTRAL SCHOOL DISTRICT,3607470,332
NEW YORK,CHURCHVILLE-CHILI CENTRAL SCHOOL DISTRICT,3607530,439
NEW YORK,CINCINNATUS CENTRAL SCHOOL DISTRICT,3607560,108
NEW YORK,CLARENCE CENTRAL SCHOOL DISTRICT,3607590,579
NEW YORK,THOUSAND ISLANDS CENTRAL SCHOOL DISTRICT,3607650,133
NEW YORK,CLEVELAND HILL UNION FREE SCHOOL DISTRICT,3607680,208
NEW YORK,CLIFTON-FINE CENTRAL SCHOOL DISTRICT,3607710,44
NEW YORK,CLINTON CENTRAL SCHOOL DISTRICT,3607770,160
NEW YORK,CLYDE-SAVANNAH CENTRAL SCHOOL DISTRICT,3607860,142
NEW YORK,CLYMER CENTRAL SCHOOL DISTRICT,3607890,59
NEW YORK,COHOES CITY SCHOOL DISTRICT,3607980,391
NEW YORK,COLD SPRING HARBOR CENTRAL SCHOOL DISTRICT,3608010,199
NEW YORK,COLTON-PIERREPONT CENTRAL SCHOOL DISTRICT,3608100,55
NEW YORK,COMMACK UNION FREE SCHOOL DISTRICT,3608130,1007
NEW YORK,CONNETQUOT CENTRAL SCHOOL DISTRICT,3608160,976
NEW YORK,COOPERSTOWN CENTRAL SCHOOL DISTRICT,3608250,92
NEW YORK,COPENHAGEN CENTRAL SCHOOL DISTRICT,3608280,72
NEW YORK,COPIAGUE UNION FREE SCHOOL DISTRICT,3608310,859
NEW YORK,PEMBROKE CENTRAL SCHOOL DISTRICT,3608340,127
NEW YORK,CORINTH CENTRAL SCHOOL DISTRICT,3608370,147
NEW YORK,CORNING CITY SCHOOL DISTRICT,3608400,811
NEW YORK,CORNWALL CENTRAL SCHOOL DISTRICT,3608430,400
NEW YORK,CORTLAND CITY SCHOOL DISTRICT,3608460,335
NEW YORK,MOUNT PLEASANT-COTTAGE UNION FREE SCHOOL DISTRICT,3608470,0
NEW YORK,COXSACKIE-ATHENS CENTRAL SCHOOL DISTRICT,3608490,149
NEW YORK,CROTON-HARMON UNION FREE SCHOOL DISTRICT,3608580,218
NEW YORK,CROWN POINT CENTRAL SCHOOL DISTRICT,3608610,70
NEW YORK,DANSVILLE CENTRAL SCHOOL DISTRICT,3608790,200
NEW YORK,DERUYTER CENTRAL SCHOOL DISTRICT,3608850,-8
NEW YORK,DEER PARK UNION FREE SCHOOL DISTRICT,3608880,635
NEW YORK,DELAWARE ACADEMY CENTRAL SCHOOL DISTRICT AT DELHI,3608910,108
NEW YORK,YORKSHIRE-PIONEER CENTRAL SCHOOL DISTRICT,3608970,546
NEW YORK,DEPEW UNION FREE SCHOOL DISTRICT,3609030,316
NEW YORK,DEPOSIT CENTRAL SCHOOL DISTRICT,3609060,87
NEW YORK,JAMESVILLE-DEWITT CENTRAL SCHOOL DISTRICT,3609090,299
NEW YORK,DOBBS FERRY UNION FREE SCHOOL DISTRICT,3609120,200
NEW YORK,DOVER UNION FREE SCHOOL DISTRICT,3609210,193
NEW YORK,DOWNSVILLE CENTRAL SCHOOL DISTRICT,3609240,43
NEW YORK,DRYDEN CENTRAL SCHOOL DISTRICT,3609330,237
NEW YORK,DUANESBURG CENTRAL SCHOOL DISTRICT,3609360,82
NEW YORK,DUNDEE CENTRAL SCHOOL DISTRICT,3609390,130
NEW YORK,DUNKIRK CITY SCHOOL DISTRICT,3609420,312
NEW YORK,EAST AURORA UNION FREE SCHOOL DISTRICT,3609540,293
NEW YORK,EAST GREENBUSH CENTRAL SCHOOL DISTRICT,3609630,632
NEW YORK,EAST HAMPTON UNION FREE SCHOOL DISTRICT,3609660,227
NEW YORK,EAST IRONDEQUOIT CENTRAL SCHOOL DISTRICT,3609690,338
NEW YORK,EAST ISLIP UNION FREE SCHOOL DISTRICT,3609720,646
NEW YORK,EAST MEADOW UNION FREE SCHOOL DISTRICT,3609840,1028
NEW YORK,EAST MORICHES UNION FREE SCHOOL DISTRICT,3609870,83
NEW YORK,EAST QUOGUE UNION FREE SCHOOL DISTRICT,3609900,39
NEW YORK,EAST ROCHESTER UNION FREE SCHOOL DISTRICT,3609930,168
NEW YORK,EAST ROCKAWAY UNION FREE SCHOOL DISTRICT,3609960,181
NEW YORK,EAST SYRACUSE MINOA CENTRAL SCHOOL DISTRICT,3609990,668
NEW YORK,EAST WILLISTON UNION FREE SCHOOL DISTRICT,3610050,210
NEW YORK,EASTCHESTER UNION FREE SCHOOL DISTRICT,3610080,455
NEW YORK,GREENBURGH ELEVEN UNION FREE SCHOOL DISTRICT,3610140,42
NEW YORK,EDEN CENTRAL SCHOOL DISTRICT,3610170,223
NEW YORK,EDGEMONT UNION FREE SCHOOL DISTRICT,3610200,231
NEW YORK,EDINBURG COMMON SCHOOL DISTRICT,3610230,-8
NEW YORK,EDMESTON CENTRAL SCHOOL DISTRICT,3610260,39
NEW YORK,ELBA CENTRAL SCHOOL DISTRICT,3610380,50
NEW YORK,ELDRED CENTRAL SCHOOL DISTRICT,3610410,77
NEW YORK,ELLENVILLE CENTRAL SCHOOL DISTRICT,3610500,316
NEW YORK,ELLICOTTVILLE CENTRAL SCHOOL DISTRICT,3610530,73
NEW YORK,ELMIRA CITY SCHOOL DISTRICT,3610560,808
NEW YORK,ELMIRA HEIGHTS CENTRAL SCHOOL DISTRICT,3610590,176
NEW YORK,ELMONT UNION FREE SCHOOL DISTRICT,3610620,447
NEW YORK,ELMSFORD UNION FREE SCHOOL DISTRICT,3610650,159
NEW YORK,ELWOOD UNION FREE SCHOOL DISTRICT,3610680,249
NEW YORK,UNION-ENDICOTT CENTRAL SCHOOL DISTRICT,3610710,584
NEW YORK,FABIUS-POMPEY CENTRAL SCHOOL DISTRICT,3610860,58
NEW YORK,FAIRPORT CENTRAL SCHOOL DISTRICT,3610890,687
NEW YORK,FALCONER CENTRAL SCHOOL DISTRICT,3610920,134
NEW YORK,FALLSBURG CENTRAL SCHOOL DISTRICT,3610950,233
NEW YORK,FARMINGDALE UNION FREE SCHOOL DISTRICT,3610980,985
NEW YORK,FILLMORE CENTRAL SCHOOL DISTRICT,3611070,98
NEW YORK,FISHERS ISLAND UNION FREE SCHOOL DISTRICT,3611100,7
NEW YORK,FLORAL PARK-BELLEROSE UNION FREE SCHOOL DISTRICT,3611160,245
NEW YORK,FONDA-FULTONVILLE CENTRAL SCHOOL DISTRICT,3611190,171
NEW YORK,FORESTVILLE CENTRAL SCHOOL DISTRICT,3611250,87
NEW YORK,FORT ANN CENTRAL SCHOOL DISTRICT,3611280,74
NEW YORK,FORT EDWARD UNION FREE SCHOOL DISTRICT,3611310,77
NEW YORK,FORT PLAIN CENTRAL SCHOOL DISTRICT,3611370,146
NEW YORK,FRANKFORT-SCHUYLER CENTRAL SCHOOL DISTRICT,3611400,131
NEW YORK,FRANKLIN CENTRAL SCHOOL DISTRICT,3611430,-8
NEW YORK,FRANKLIN SQUARE UNION FREE SCHOOL DISTRICT,3611460,237
NEW YORK,FRANKLINVILLE CENTRAL SCHOOL DISTRICT,3611490,100
NEW YORK,FREDONIA CENTRAL SCHOOL DISTRICT,3611520,223
NEW YORK,FREEPORT UNION FREE SCHOOL DISTRICT,3611550,1031
NEW YORK,FREWSBURG CENTRAL SCHOOL DISTRICT,3611610,133
NEW YORK,FRIENDSHIP CENTRAL SCHOOL DISTRICT,3611640,67
NEW YORK,FRONTIER CENTRAL SCHOOL DISTRICT,3611670,842
NEW YORK,FULTON CITY SCHOOL DISTRICT,3611700,578
NEW YORK,GALWAY CENTRAL SCHOOL DISTRICT,3611730,-8
NEW YORK,GANANDA CENTRAL SCHOOL DISTRICT,3611740,116
NEW YORK,GARDEN CITY UNION FREE SCHOOL DISTRICT,3611760,597
NEW YORK,GARRISON UNION FREE SCHOOL DISTRICT,3611860,27
NEW YORK,GATES CHILI CENTRAL SCHOOL DISTRICT,3611880,636
NEW YORK,GENERAL BROWN CENTRAL SCHOOL DISTRICT,3611910,240
NEW YORK,GENESEO CENTRAL SCHOOL DISTRICT,3611940,127
NEW YORK,GENEVA CITY SCHOOL DISTRICT,3611970,362
NEW YORK,GERMANTOWN CENTRAL SCHOOL DISTRICT,3612030,97
NEW YORK,GILBOA-CONESVILLE CENTRAL SCHOOL DISTRICT,3612120,-8
NEW YORK,GLEN COVE CITY SCHOOL DISTRICT,3612180,651
NEW YORK,GLENS FALLS CITY SCHOOL DISTRICT,3612240,347
NEW YORK,GLOVERSVILLE CITY SCHOOL DISTRICT,3612270,504
NEW YORK,GORHAM-MIDDLESEX CENTRAL SCHOOL DISTRICT (MARCUS WHITMAN),3612300,227
NEW YORK,GOSHEN CENTRAL SCHOOL DISTRICT,3612330,434
NEW YORK,GOUVERNEUR CENTRAL SCHOOL DISTRICT,3612360,250
NEW YORK,GOWANDA CENTRAL SCHOOL DISTRICT,3612390,248
NEW YORK,GRANVILLE CENTRAL SCHOOL DISTRICT,3612450,209
NEW YORK,GREAT NECK UNION FREE SCHOOL DISTRICT,3612510,1180
NEW YORK,GREECE CENTRAL SCHOOL DISTRICT,3612630,1564
NEW YORK,GREEN ISLAND UNION FREE SCHOOL DISTRICT,3612660,55
NEW YORK,GREENBURGH CENTRAL SCHOOL DISTRICT,3612720,284
NEW YORK,GREENE CENTRAL SCHOOL DISTRICT,3612750,129
NEW YORK,GREENPORT UNION FREE SCHOOL DISTRICT,3612840,92
NEW YORK,GREENVILLE CENTRAL SCHOOL DISTRICT,3612870,190
NEW YORK,GREENWICH CENTRAL SCHOOL DISTRICT,3612900,157
NEW YORK,GREENWOOD LAKE UNION FREE SCHOOL DISTRICT,3612960,71
NEW YORK,SPRINGVILLE-GRIFFITH INSTITUTE CENTRAL SCHOOL DISTRICT,3612990,243
NEW YORK,GROTON CENTRAL SCHOOL DISTRICT,3613020,94
NEW YORK,GUILDERLAND CENTRAL SCHOOL DISTRICT,3613080,633
NEW YORK,HADLEY-LUZERNE CENTRAL SCHOOL DISTRICT,3613110,107
NEW YORK,HALDANE CENTRAL SCHOOL DISTRICT,3613230,112
NEW YORK,HALF HOLLOW HILLS CENTRAL SCHOOL DISTRICT,3613290,1595
NEW YORK,HAMBURG CENTRAL SCHOOL DISTRICT,3613350,603
NEW YORK,HAMILTON CENTRAL SCHOOL DISTRICT,3613380,91
NEW YORK,HAMMOND CENTRAL SCHOOL DISTRICT,3613440,-8
NEW YORK,HAMMONDSPORT CENTRAL SCHOOL DISTRICT,3613470,51
NEW YORK,HAMPTON BAYS UNION FREE SCHOOL DISTRICT,3613530,278
NEW YORK,HANCOCK CENTRAL SCHOOL DISTRICT,3613560,42
NEW YORK,HANNIBAL CENTRAL SCHOOL DISTRICT,3613590,196
NEW YORK,HARBORFIELDS CENTRAL SCHOOL DISTRICT,3613620,475
NEW YORK,HARPURSVILLE CENTRAL SCHOOL DISTRICT,3613710,122
NEW YORK,HARRISON CENTRAL SCHOOL DISTRICT,3613740,584
NEW YORK,HARRISVILLE CENTRAL SCHOOL DISTRICT,3613770,-8
NEW YORK,HARTFORD CENTRAL SCHOOL DISTRICT,3613830,76
NEW YORK,HASTINGS-ON-HUDSON UNION FREE SCHOOL DISTRICT,3613950,207
NEW YORK,HAUPPAUGE UNION FREE SCHOOL DISTRICT,3613980,565
NEW YORK,HAVERSTRAW-STONY POINT CSD (NORTH ROCKLAND),3614010,1218
NEW YORK,HAWTHORNE-CEDAR KNOLLS UNION FREE SCHOOL DISTRICT,3614070,3
NEW YORK,HEMPSTEAD UNION FREE SCHOOL DISTRICT,3614130,1128
NEW YORK,HENDRICK HUDSON CENTRAL SCHOOL DISTRICT,3614190,369
NEW YORK,HERKIMER CENTRAL SCHOOL DISTRICT,3614220,205
NEW YORK,HERMON-DEKALB CENTRAL SCHOOL DISTRICT,3614250,83
NEW YORK,HERRICKS UNION FREE SCHOOL DISTRICT,3614280,514
NEW YORK,HEUVELTON CENTRAL SCHOOL DISTRICT,3614310,81
NEW YORK,HICKSVILLE UNION FREE SCHOOL DISTRICT,3614340,825
NEW YORK,HIGHLAND CENTRAL SCHOOL DISTRICT,3614400,269
NEW YORK,HIGHLAND FALLS CENTRAL SCHOOL DISTRICT,3614430,221
NEW YORK,HILTON CENTRAL SCHOOL DISTRICT,3614460,558
NEW YORK,HINSDALE CENTRAL SCHOOL DISTRICT,3614490,72
NEW YORK,HOLLAND CENTRAL SCHOOL DISTRICT,3614550,144
NEW YORK,HOLLAND PATENT CENTRAL SCHOOL DISTRICT,3614580,175
NEW YORK,HOLLEY CENTRAL SCHOOL DISTRICT,3614610,165
NEW YORK,HOMER CENTRAL SCHOOL DISTRICT,3614640,185
NEW YORK,HONEOYE CENTRAL SCHOOL DISTRICT,3614670,92
NEW YORK,HONEOYE FALLS-LIMA CENTRAL SCHOOL DISTRICT,3614700,289
NEW YORK,HOOSIC VALLEY CENTRAL SCHOOL DISTRICT,3614730,165
NEW YORK,HOOSICK FALLS CENTRAL SCHOOL DISTRICT,3614760,175
NEW YORK,HORNELL CITY SCHOOL DISTRICT,3614820,284
NEW YORK,HORSEHEADS CENTRAL SCHOOL DISTRICT,3614850,519
NEW YORK,SACKETS HARBOR CENTRAL SCHOOL DISTRICT,3614880,61
NEW YORK,HUDSON CITY SCHOOL DISTRICT,3614940,300
NEW YORK,HUDSON FALLS CENTRAL SCHOOL DISTRICT,3614970,434
NEW YORK,GEORGE JUNIOR REPUBLIC UNION FREE SCHOOL DISTRICT,3615030,61
NEW YORK,HUNTER-TANNERSVILLE CENTRAL SCHOOL DISTRICT,3615060,-8
NEW YORK,HUNTINGTON UNION FREE SCHOOL DISTRICT,3615090,655
NEW YORK,HYDE PARK CENTRAL SCHOOL DISTRICT,3615180,634
NEW YORK,KINDERHOOK CENTRAL SCHOOL DISTRICT,3615210,251
NEW YORK,INDIAN LAKE CENTRAL SCHOOL DISTRICT,3615270,13
NEW YORK,INDIAN RIVER CENTRAL SCHOOL DISTRICT,3615300,592
NEW YORK,IROQUOIS CENTRAL SCHOOL DISTRICT,3615360,365
NEW YORK,WEST IRONDEQUOIT CENTRAL SCHOOL DISTRICT,3615390,479
NEW YORK,IRVINGTON UNION FREE SCHOOL DISTRICT,3615450,230
NEW YORK,ISLAND PARK UNION FREE SCHOOL DISTRICT,3615480,105
NEW YORK,ISLAND TREES UNION FREE SCHOOL DISTRICT,3615510,214
NEW YORK,ISLIP UNION FREE SCHOOL DISTRICT,3615540,449
NEW YORK,ITHACA CITY SCHOOL DISTRICT,3615570,862
NEW YORK,JAMESTOWN CITY SCHOOL DISTRICT,3615630,704
NEW YORK,JEFFERSON CENTRAL SCHOOL DISTRICT,3615720,25
NEW YORK,BROOKHAVEN-COMSEWOGUE UNION FREE SCHOOL DISTRICT,3615780,732
NEW YORK,JERICHO UNION FREE SCHOOL DISTRICT,3615810,266
NEW YORK,JOHNSBURG CENTRAL SCHOOL DISTRICT,3615870,51
NEW YORK,JOHNSON CITY CENTRAL SCHOOL DISTRICT,3615900,368
NEW YORK,JOHNSTOWN CITY SCHOOL DISTRICT,3615980,207
NEW YORK,JORDAN-ELBRIDGE CENTRAL SCHOOL DISTRICT,3615990,201
NEW YORK,KATONAH-LEWISBORO UNION FREE SCHOOL DISTRICT,3616080,403
NEW YORK,KEENE CENTRAL SCHOOL DISTRICT,3616140,24
NEW YORK,AUSABLE VALLEY CENTRAL SCHOOL DISTRICT,3616170,181
NEW YORK,KENDALL CENTRAL SCHOOL DISTRICT,3616200,107
NEW YORK,KENMORE-TONAWANDA UNION FREE SCHOOL DISTRICT,3616230,1362
NEW YORK,KINGS PARK CENTRAL SCHOOL DISTRICT,3616260,424
NEW YORK,KINGSTON CITY SCHOOL DISTRICT,3616290,1372
NEW YORK,LA FARGEVILLE CENTRAL SCHOOL DISTRICT,3616380,80
NEW YORK,LAFAYETTE CENTRAL SCHOOL DISTRICT,3616410,111
NEW YORK,LACKAWANNA CITY SCHOOL DISTRICT,3616440,417
NEW YORK,LAKE GEORGE CENTRAL SCHOOL DISTRICT,3616470,86
NEW YORK,LAKE PLACID CENTRAL SCHOOL DISTRICT,3616500,98
NEW YORK,LAKE PLEASANT CENTRAL SCHOOL DISTRICT,3616530,8
NEW YORK,EVANS-BRANT CENTRAL SCHOOL DISTRICT (LAKE SHORE),3616560,441
NEW YORK,LAKELAND CENTRAL SCHOOL DISTRICT,3616620,852
NEW YORK,LANCASTER CENTRAL SCHOOL DISTRICT,3616680,1054
NEW YORK,LANSING CENTRAL SCHOOL DISTRICT,3616710,159
NEW YORK,LANSINGBURGH CENTRAL SCHOOL DISTRICT,3616740,470
NEW YORK,LAURENS CENTRAL SCHOOL DISTRICT,3616800,-8
NEW YORK,LAWRENCE UNION FREE SCHOOL DISTRICT,3616830,988
NEW YORK,LE ROY CENTRAL SCHOOL DISTRICT,3616950,152
NEW YORK,NORTH WARREN CENTRAL SCHOOL DISTRICT,3616960,44
NEW YORK,NORTH ROSE-WOLCOTT CENTRAL SCHOOL DISTRICT,3616980,173
NEW YORK,LETCHWORTH CENTRAL SCHOOL DISTRICT,3617130,108
NEW YORK,LEVITTOWN UNION FREE SCHOOL DISTRICT,3617160,969
NEW YORK,LEWISTON-PORTER CENTRAL SCHOOL DISTRICT,3617190,331
NEW YORK,LIBERTY CENTRAL SCHOOL DISTRICT,3617220,287
NEW YORK,LINDENHURST UNION FREE SCHOOL DISTRICT,3617380,865
NEW YORK,LITTLE FLOWER UNION FREE SCHOOL DISTRICT,3617400,8
NEW YORK,LISBON CENTRAL SCHOOL DISTRICT,3617430,-8
NEW YORK,LITTLE FALLS CITY SCHOOL DISTRICT,3617460,192
NEW YORK,LIVERPOOL CENTRAL SCHOOL DISTRICT,3617520,1334
NEW YORK,LIVINGSTON MANOR CENTRAL SCHOOL DISTRICT,3617580,71
NEW YORK,LIVONIA CENTRAL SCHOOL DISTRICT,3617640,171
NEW YORK,LOCKPORT CITY SCHOOL DISTRICT,3617670,867
NEW YORK,LOCUST VALLEY CENTRAL SCHOOL DISTRICT,3617700,415
NEW YORK,LONG BEACH CITY SCHOOL DISTRICT,3617730,591
NEW YORK,LONG LAKE CENTRAL SCHOOL DISTRICT,3617760,5
NEW YORK,LOWVILLE ACADEMY & CENTRAL SCHOOL DISTRICT,3617820,193
NEW YORK,LYME CENTRAL SCHOOL DISTRICT,3617880,74
NEW YORK,LYNBROOK UNION FREE SCHOOL DISTRICT,3617910,416
NEW YORK,LYNCOURT UNION FREE SCHOOL DISTRICT,3617940,73
NEW YORK,LYNDONVILLE CENTRAL SCHOOL DISTRICT,3617970,90
NEW YORK,LYONS CENTRAL SCHOOL DISTRICT,3618030,158
NEW YORK,MADISON CENTRAL SCHOOL DISTRICT,3618080,0
NEW YORK,MADRID-WADDINGTON CENTRAL SCHOOL DISTRICT,3618090,100
NEW YORK,MAHOPAC CENTRAL SCHOOL DISTRICT,3618120,787
NEW YORK,MAINE-ENDWELL CENTRAL SCHOOL DISTRICT,3618150,420
NEW YORK,MALONE CENTRAL SCHOOL DISTRICT,3618180,408
NEW YORK,MALVERNE UNION FREE SCHOOL DISTRICT,3618210,317
NEW YORK,MAMARONECK UNION FREE SCHOOL DISTRICT,3618240,678
NEW YORK,MANHASSET UNION FREE SCHOOL DISTRICT,3618270,397
NEW YORK,FAYETTEVILLE-MANLIUS CENTRAL SCHOOL DISTRICT,3618330,443
NEW YORK,MARATHON CENTRAL SCHOOL DISTRICT,3618450,108
NEW YORK,MARCELLUS CENTRAL SCHOOL DISTRICT,3618480,189
NEW YORK,MARGARETVILLE CENTRAL SCHOOL DISTRICT,3618510,86
NEW YORK,MARION CENTRAL SCHOOL DISTRICT,3618540,110
NEW YORK,MARLBORO CENTRAL SCHOOL DISTRICT,3618570,348
NEW YORK,CHEEKTOWAGA-MARYVALE UNION FREE SCHOOL DISTRICT,3618600,378
NEW YORK,MASSAPEQUA UNION FREE SCHOOL DISTRICT,3618630,965
NEW YORK,MASSENA CENTRAL SCHOOL DISTRICT,3618660,494
NEW YORK,WILLIAM FLOYD UNION FREE SCHOOL DISTRICT,3618690,1429
NEW YORK,MAYFIELD CENTRAL SCHOOL DISTRICT,3618750,95
NEW YORK,MCGRAW CENTRAL SCHOOL DISTRICT,3618840,115
NEW YORK,MECHANICVILLE CITY SCHOOL DISTRICT,3618900,260
NEW YORK,MEDINA CENTRAL SCHOOL DISTRICT,3618960,177
NEW YORK,MENANDS UNION FREE SCHOOL DISTRICT,3618990,44
NEW YORK,BELLMORE-MERRICK CENTRAL HIGH SCHOOL DISTRICT,3619020,899
NEW YORK,MERRICK UNION FREE SCHOOL DISTRICT,3619110,197
NEW YORK,MEXICO CENTRAL SCHOOL DISTRICT,3619170,349
NEW YORK,MIDDLE COUNTRY CENTRAL SCHOOL DISTRICT,3619200,1484
NEW YORK,LONGWOOD CENTRAL SCHOOL DISTRICT,3619230,1627
NEW YORK,MIDDLEBURGH CENTRAL SCHOOL DISTRICT,3619260,121
NEW YORK,MIDDLETOWN CITY SCHOOL DISTRICT,3619320,1364
NEW YORK,MILFORD CENTRAL SCHOOL DISTRICT,3619350,-8
NEW YORK,MILLBROOK CENTRAL SCHOOL DISTRICT,3619380,169
NEW YORK,MILLER PLACE UNION FREE SCHOOL DISTRICT,3619410,414
NEW YORK,MINEOLA UNION FREE SCHOOL DISTRICT,3619500,429
NEW YORK,MINERVA CENTRAL SCHOOL DISTRICT,3619530,-8
NEW YORK,MINISINK VALLEY CENTRAL SCHOOL DISTRICT,3619560,622
NEW YORK,MONROE-WOODBURY CENTRAL SCHOOL DISTRICT,3619650,1235
NEW YORK,VALLEY CENTRAL SCHOOL DISTRICT (MONTGOMERY),3619680,818
NEW YORK,MONTAUK UNION FREE SCHOOL DISTRICT,3619710,38
NEW YORK,MONTICELLO CENTRAL SCHOOL DISTRICT,3619740,609
NEW YORK,MORAVIA CENTRAL SCHOOL DISTRICT,3619800,171
NEW YORK,MORIAH CENTRAL SCHOOL DISTRICT,3619830,191
NEW YORK,MORRIS CENTRAL SCHOOL DISTRICT,3619860,-8
NEW YORK,MORRISTOWN CENTRAL SCHOOL DISTRICT,3619890,47
NEW YORK,MORRISVILLE-EATON CENTRAL SCHOOL DISTRICT,3619920,116
NEW YORK,BEDFORD CENTRAL SCHOOL DISTRICT,3619950,570
NEW YORK,MOUNT MORRIS CENTRAL SCHOOL DISTRICT,3620010,102
NEW YORK,MOUNT SINAI UNION FREE SCHOOL DISTRICT,3620040,311
NEW YORK,MOUNT VERNON SCHOOL DISTRICT,3620100,1219
NEW YORK,MOUNT PLEASANT CENTRAL SCHOOL DISTRICT,3620160,338
NEW YORK,MOUNT PLEASANT-BLYTHEDALE UNION FREE SCHOOL DISTRICT,3620170,105
NEW YORK,NANUET UNION FREE SCHOOL DISTRICT,3620190,296
NEW YORK,NAPLES CENTRAL SCHOOL DISTRICT,3620220,95
NEW YORK,CLARKSTOWN CENTRAL SCHOOL DISTRICT,3620340,1410
NEW YORK,NEW HARTFORD CENTRAL SCHOOL DISTRICT,3620370,274
NEW YORK,NEW HYDE PARK-GARDEN CITY PARK UNION FREE SCHOOL DISTRICT,3620400,215
NEW YORK,NEW LEBANON CENTRAL SCHOOL DISTRICT,3620430,66
NEW YORK,NEW PALTZ CENTRAL SCHOOL DISTRICT,3620460,361
NEW YORK,NEW ROCHELLE CITY SCHOOL DISTRICT,3620490,1616
NEW YORK,NEW YORK MILLS UNION FREE SCHOOL DISTRICT,3620610,80
NEW YORK,NEWARK CENTRAL SCHOOL DISTRICT,3620640,309
NEW YORK,NEWARK VALLEY CENTRAL SCHOOL DISTRICT,3620670,126
NEW YORK,NEWBURGH CITY SCHOOL DISTRICT,3620700,1881
NEW YORK,NEWCOMB CENTRAL SCHOOL DISTRICT,3620730,5
NEW YORK,NEWFANE CENTRAL SCHOOL DISTRICT,3620760,250
NEW YORK,NEWFIELD CENTRAL SCHOOL DISTRICT,3620790,181
NEW YORK,NIAGARA FALLS CITY SCHOOL DISTRICT,3620820,1507
NEW YORK,NIAGARA-WHEATFIELD CENTRAL SCHOOL DISTRICT,3620850,569
NEW YORK,NISKAYUNA CENTRAL SCHOOL DISTRICT,3620880,554
NEW YORK,NORTH BABYLON UNION FREE SCHOOL DISTRICT,3620910,746
NEW YORK,NORTH BELLMORE UNION FREE SCHOOL DISTRICT,3620940,309
NEW YORK,NORTH COLLINS CENTRAL SCHOOL DISTRICT,3620970,105
NEW YORK,NORTH COLONIE CSD,3621000,895
NEW YORK,NORTH MERRICK UNION FREE SCHOOL DISTRICT,3621120,201
NEW YORK,NORTH SALEM CENTRAL SCHOOL DISTRICT,3621180,163
NEW YORK,NORTH SYRACUSE CENTRAL SCHOOL DISTRICT,3621210,1283
NEW YORK,NORTH TONAWANDA CITY SCHOOL DISTRICT,3621240,615
NEW YORK,NORTHEASTERN CLINTON CENTRAL SCHOOL DISTRICT,3621250,216
NEW YORK,NORTHERN ADIRONDACK CENTRAL SCHOOL DISTRICT,3621260,152
NEW YORK,NORTHPORT-EAST NORTHPORT UNION FREE SCHOOL DISTRICT,3621270,882
NEW YORK,NORTHVILLE CENTRAL SCHOOL DISTRICT,3621300,56
NEW YORK,NORWICH CITY SCHOOL DISTRICT,3621330,311
NEW YORK,NORWOOD-NORFOLK CENTRAL SCHOOL DISTRICT,3621360,164
NEW YORK,DALTON-NUNDA CENTRAL SCHOOL DISTRICT (KESHEQUA),3621450,80
NEW YORK,NYACK UNION FREE SCHOOL DISTRICT,3621480,450
NEW YORK,OAKFIELD-ALABAMA CENTRAL SCHOOL DISTRICT,3621510,89
NEW YORK,FIRE ISLAND UNION FREE SCHOOL DISTRICT,3621540,5
NEW YORK,OCEANSIDE UNION FREE SCHOOL DISTRICT,3621570,696
NEW YORK,ODESSA-MONTOUR CENTRAL SCHOOL DISTRICT,3621630,102
NEW YORK,OGDENSBURG CITY SCHOOL DISTRICT,3621660,327
NEW YORK,OLEAN CITY SCHOOL DISTRICT,3621720,392
NEW YORK,ONEONTA CITY SCHOOL DISTRICT,3621780,284
NEW YORK,ONONDAGA CENTRAL SCHOOL DISTRICT,3621810,125
NEW YORK,ONTEORA CENTRAL SCHOOL DISTRICT,3621840,231
NEW YORK,ORCHARD PARK CENTRAL SCHOOL DISTRICT,3621900,751
NEW YORK,OYSTERPONDS UNION FREE SCHOOL DISTRICT,3621930,4
NEW YORK,ORISKANY CENTRAL SCHOOL DISTRICT,3621960,71
NEW YORK,OSSINING UNION FREE SCHOOL DISTRICT,3622020,597
NEW YORK,OSWEGO CITY SCHOOL DISTRICT,3622050,607
NEW YORK,OTSELIC VALLEY CSD,3622100,-8
NEW YORK,SOUTH SENECA CENTRAL SCHOOL DISTRICT,3622140,117
NEW YORK,OWEGO-APALACHIN CENTRAL SCHOOL DISTRICT,3622170,280
NEW YORK,VAN HORNESVILLE-OWEN D YOUNG CENTRAL SCHOOL DISTRICT,3622200,17
NEW YORK,OXFORD ACADEMY AND CENTRAL SCHOOL DISTRICT,3622260,108
NEW YORK,OYSTER BAY-EAST NORWICH CENTRAL SCHOOL DISTRICT,3622290,282
NEW YORK,PALMYRA-MACEDON CENTRAL SCHOOL DISTRICT,3622380,210
NEW YORK,PANAMA CENTRAL SCHOOL DISTRICT,3622410,66
NEW YORK,PARISHVILLE-HOPKINTON CENTRAL SCHOOL DISTRICT,3622440,64
NEW YORK,PATCHOGUE-MEDFORD UNION FREE SCHOOL DISTRICT,3622470,1223
NEW YORK,PAVILION CENTRAL SCHOOL DISTRICT,3622500,89
NEW YORK,PAWLING CENTRAL SCHOOL DISTRICT,3622530,156
NEW YORK,PEARL RIVER UNION FREE SCHOOL DISTRICT,3622560,375
NEW YORK,PEEKSKILL CITY SCHOOL DISTRICT,3622650,512
NEW YORK,PELHAM UNION FREE SCHOOL DISTRICT,3622680,272
NEW YORK,PENFIELD CENTRAL SCHOOL DISTRICT,3622710,512
NEW YORK,PENN YAN CENTRAL SCHOOL DISTRICT,3622740,164
NEW YORK,PERRY CENTRAL SCHOOL DISTRICT,3622770,106
NEW YORK,PERU CENTRAL SCHOOL DISTRICT,3622830,372
NEW YORK,PHELPS-CLIFTON SPRINGS CENTRAL SCHOOL DISTRICT,3622890,279
NEW YORK,PHOENIX CENTRAL SCHOOL DISTRICT,3622920,158
NEW YORK,PINE BUSH CENTRAL SCHOOL DISTRICT,3623010,846
NEW YORK,PINE PLAINS CENTRAL SCHOOL DISTRICT,3623040,130
NEW YORK,PINE VALLEY CENTRAL SCHOOL DISTRICT (SOUTH DAYTON),3623070,91
NEW YORK,PITTSFORD CENTRAL SCHOOL DISTRICT,3623160,732
NEW YORK,PLAINEDGE UNION FREE SCHOOL DISTRICT,3623190,399
NEW YORK,PLAINVIEW-OLD BETHPAGE CENTRAL SCHOOL DISTRICT,3623220,887
NEW YORK,PLATTSBURGH CITY SCHOOL DISTRICT,3623280,341
NEW YORK,PLEASANTVILLE UNION FREE SCHOOL DISTRICT,3623310,296
NEW YORK,POCANTICO HILLS CENTRAL SCHOOL DISTRICT,3623340,25
NEW YORK,POLAND CENTRAL SCHOOL DISTRICT,3623370,93
NEW YORK,PORT BYRON CENTRAL SCHOOL DISTRICT,3623430,140
NEW YORK,PORT CHESTER-RYE UNION FREE SCHOOL DISTRICT,3623460,738
NEW YORK,PORT JEFFERSON UNION FREE SCHOOL DISTRICT,3623490,177
NEW YORK,PORT JERVIS CITY SCHOOL DISTRICT,3623520,565
NEW YORK,PORT WASHINGTON UNION FREE SCHOOL DISTRICT,3623580,801
NEW YORK,PORTVILLE CENTRAL SCHOOL DISTRICT,3623640,-8
NEW YORK,POTSDAM CENTRAL SCHOOL DISTRICT,3623670,238
NEW YORK,POUGHKEEPSIE CITY SCHOOL DISTRICT,3623760,859
NEW YORK,PRATTSBURGH CENTRAL SCHOOL DISTRICT,3623790,59
NEW YORK,PULASKI CENTRAL SCHOOL DISTRICT,3623880,150
NEW YORK,PUTNAM CENTRAL SCHOOL DISTRICT,3623970,4
NEW YORK,PUTNAM VALLEY CENTRAL SCHOOL DISTRICT,3624000,229
NEW YORK,QUEENSBURY UNION FREE SCHOOL DISTRICT,3624030,473
NEW YORK,QUOGUE UNION FREE SCHOOL DISTRICT,3624060,10
NEW YORK,RANDOLPH CENTRAL SCHOOL DISTRICT,3624090,125
NEW YORK,RAVENA-COEYMANS-SELKIRK CENTRAL SCHOOL DISTRICT,3624150,317
NEW YORK,RED CREEK CENTRAL SCHOOL DISTRICT,3624210,129
NEW YORK,RED HOOK CENTRAL SCHOOL DISTRICT,3624240,217
NEW YORK,MANCHESTER-SHORTSVILLE CENTRAL SCHOOL DISTRICT (RED JACKET),3624270,99
NEW YORK,REMSEN CENTRAL SCHOOL DISTRICT,3624360,-8
NEW YORK,REMSENBURG-SPEONK UNION FREE SCHOOL DISTRICT,3624420,30
NEW YORK,RENSSELAER CITY SCHOOL DISTRICT,3624450,208
NEW YORK,RHINEBECK CENTRAL SCHOOL DISTRICT,3624480,125
NEW YORK,RICHFIELD SPRINGS CENTRAL SCHOOL DISTRICT,3624570,105
NEW YORK,BLIND BROOK-RYE UNION FREE SCHOOL DISTRICT,3624630,164
NEW YORK,RIPLEY CENTRAL SCHOOL DISTRICT,3624660,29
NEW YORK,RIVERHEAD CENTRAL SCHOOL DISTRICT,3624690,1042
NEW YORK,ROCHESTER CITY SCHOOL DISTRICT,3624750,5500
NEW YORK,ROCKVILLE CENTRE UNION FREE SCHOOL DISTRICT,3624780,548
NEW YORK,ROCKY POINT UNION FREE SCHOOL DISTRICT,3624840,537
NEW YORK,ROME CITY SCHOOL DISTRICT,3624900,1100
NEW YORK,ROMULUS CENTRAL SCHOOL DISTRICT,3624930,69
NEW YORK,RONDOUT VALLEY CENTRAL SCHOOL DISTRICT,3624960,359
NEW YORK,ROOSEVELT UNION FREE SCHOOL DISTRICT,3624990,431
NEW YORK,ROSCOE CENTRAL SCHOOL DISTRICT,3625020,-8
NEW YORK,ROSLYN UNION FREE SCHOOL DISTRICT,3625050,295
NEW YORK,ROXBURY CENTRAL SCHOOL DISTRICT,3625110,43
NEW YORK,ROYALTON-HARTLAND CENTRAL SCHOOL DISTRICT,3625140,202
NEW YORK,RUSH-HENRIETTA CENTRAL SCHOOL DISTRICT,3625170,711
NEW YORK,RYE CITY SCHOOL DISTRICT,3625260,322
NEW YORK,RYE NECK UNION FREE SCHOOL DISTRICT,3625290,147
NEW YORK,FLORIDA UNION FREE SCHOOL DISTRICT,3625320,106
NEW YORK,SACHEM CENTRAL SCHOOL DISTRICT,3625350,2317
NEW YORK,SAG HARBOR UNION FREE SCHOOL DISTRICT,3625380,102
NEW YORK,SALAMANCA CITY SCHOOL DISTRICT,3625440,190
NEW YORK,SALEM CENTRAL SCHOOL DISTRICT,3625470,90
NEW YORK,SALMON RIVER CENTRAL SCHOOL DISTRICT,3625500,202
NEW YORK,SANDY CREEK CENTRAL SCHOOL DISTRICT,3625650,90
NEW YORK,SARANAC LAKE CENTRAL SCHOOL DISTRICT,3625740,158
NEW YORK,SARATOGA SPRINGS CITY SD,3625770,785
NEW YORK,SAUGERTIES CENTRAL SCHOOL DISTRICT,3625800,442
NEW YORK,SAYVILLE UNION FREE SCHOOL DISTRICT,3625920,392
NEW YORK,SCARSDALE UNION FREE SCHOOL DISTRICT,3625950,589
NEW YORK,SCHALMONT CENTRAL SCHOOL DISTRICT,3625980,244
NEW YORK,SCHENECTADY CITY SCHOOL DISTRICT,3626010,1603
NEW YORK,SCHODACK CENTRAL SCHOOL DISTRICT,3626070,141
NEW YORK,SCHOHARIE CENTRAL SCHOOL DISTRICT,3626100,123
NEW YORK,SCHROON LAKE CENTRAL SCHOOL DISTRICT,3626130,34
NEW YORK,SCHUYLERVILLE CENTRAL SCHOOL DISTRICT,3626160,184
NEW YORK,SCIO CENTRAL SCHOOL DISTRICT,3626190,62
NEW YORK,SCOTIA-GLENVILLE CENTRAL SCHOOL DISTRICT,3626310,365
NEW YORK,NORTH SHORE CENTRAL SCHOOL DISTRICT,3626370,426
NEW YORK,SEAFORD UNION FREE SCHOOL DISTRICT,3626400,340
NEW YORK,SENECA FALLS CENTRAL SCHOOL DISTRICT,3626430,165
NEW YORK,SEWANHAKA CENTRAL HIGH SCHOOL DISTRICT,3626520,1099
NEW YORK,SHARON SPRINGS CENTRAL SCHOOL DISTRICT,3626580,44
NEW YORK,SHELTER ISLAND UNION FREE SCHOOL DISTRICT,3626640,-8
NEW YORK,SHENENDEHOWA CENTRAL SCHOOL DISTRICT,3626670,1056
NEW YORK,SHERBURNE-EARLVILLE CENTRAL SCHOOL DISTRICT,3626700,256
NEW YORK,SHERMAN CENTRAL SCHOOL DISTRICT,3626730,68
NEW YORK,SHERRILL CITY SCHOOL DISTRICT,3626760,241
NEW YORK,SHOREHAM-WADING RIVER CENTRAL SCHOOL DISTRICT,3626840,336
NEW YORK,SIDNEY CENTRAL SCHOOL DISTRICT,3626850,153
NEW YORK,SILVER CREEK CENTRAL SCHOOL DISTRICT,3626880,177
NEW YORK,SKANEATELES CENTRAL SCHOOL DISTRICT,3626940,112
NEW YORK,CHEEKTOWAGA-SLOAN UNION FREE SCHOOL DISTRICT,3627000,267
NEW YORK,SMITHTOWN CENTRAL SCHOOL DISTRICT,3627060,1609
NEW YORK,SODUS CENTRAL SCHOOL DISTRICT,3627120,159
NEW YORK,SOLVAY UNION FREE SCHOOL DISTRICT,3627150,241
NEW YORK,SOMERS CENTRAL SCHOOL DISTRICT,3627180,509
NEW YORK,SOUTH COLONIE CENTRAL SCHOOL DISTRICT,3627210,782
NEW YORK,SOUTH GLENS FALLS CENTRAL SCHOOL DISTRICT,3627240,442
NEW YORK,SOUTH HUNTINGTON UNION FREE SCHOOL DISTRICT,3627300,1172
NEW YORK,SOUTH KORTRIGHT CENTRAL SCHOOL DISTRICT,3627330,-8
NEW YORK,SOUTH LEWIS CENTRAL SCHOOL DISTRICT,3627360,245
NEW YORK,SOUTH ORANGETOWN CENTRAL SCHOOL DISTRICT,3627450,447
NEW YORK,SOUTHAMPTON UNION FREE SCHOOL DISTRICT,3627540,240
NEW YORK,SOUTHERN CAYUGA CENTRAL SCHOOL DISTRICT,3627570,111
NEW YORK,SOUTHOLD UNION FREE SCHOOL DISTRICT,3627620,101
NEW YORK,SOUTHWESTERN CENTRAL SCHOOL DISTRICT AT JAMESTOWN,3627660,181
NEW YORK,SPENCER-VAN ETTEN CENTRAL SCHOOL DISTRICT,3627750,133
NEW YORK,SPENCERPORT CENTRAL SCHOOL DISTRICT,3627780,451
NEW YORK,EAST RAMAPO CENTRAL SCHOOL DISTRICT (SPRING VALLEY),3627810,2016
NEW YORK,SPRINGS UNION FREE SCHOOL DISTRICT,3627900,75
NEW YORK,BRASHER FALLS CENTRAL SCHOOL DISTRICT,3627960,167
NEW YORK,GREENBURGH-NORTH CASTLE UNION FREE SCHOOL DISTRICT,3627980,4
NEW YORK,SAINT REGIS FALLS CENTRAL SCHOOL DISTRICT,3627990,-8
NEW YORK,STAMFORD CENTRAL SCHOOL DISTRICT,3628020,50
NEW YORK,STARPOINT CENTRAL SCHOOL DISTRICT,3628050,395
NEW YORK,STILLWATER CENTRAL SCHOOL DISTRICT,3628110,125
NEW YORK,STOCKBRIDGE VALLEY CENTRAL SCHOOL DISTRICT,3628140,67
NEW YORK,THREE VILLAGE CENTRAL SCHOOL DISTRICT,3628200,757
NEW YORK,SUFFERN CENTRAL SCHOOL DISTRICT,3628320,641
NEW YORK,SUSQUEHANNA VALLEY CENTRAL SCHOOL DISTRICT,3628380,203
NEW YORK,SWEET HOME CENTRAL SCHOOL DISTRICT,3628500,425
NEW YORK,SYOSSET CENTRAL SCHOOL DISTRICT,3628560,615
NEW YORK,SYRACUSE CITY SCHOOL DISTRICT,3628590,3965
NEW YORK,TACONIC HILLS CENTRAL SCHOOL DISTRICT,3628620,125
NEW YORK,UNION FREE SCHOOL DISTRICT OF THE TARRYTOWNS,3628650,334
NEW YORK,TICONDEROGA CENTRAL SCHOOL DISTRICT,3628680,150
NEW YORK,TIOGA CENTRAL SCHOOL DISTRICT,3628710,109
NEW YORK,TONAWANDA CITY SCHOOL DISTRICT,3628740,259
NEW YORK,TOWN OF WEBB UNION FREE SCHOOL DISTRICT,3628800,49
NEW YORK,TRI-VALLEY CENTRAL SCHOOL DISTRICT,3628890,127
NEW YORK,TROY CITY SCHOOL DISTRICT,3628950,827
NEW YORK,TRUMANSBURG CENTRAL SCHOOL DISTRICT,3628980,178
NEW YORK,TUCKAHOE UNION FREE SCHOOL DISTRICT,3629040,153
NEW YORK,TUCKAHOE COMMON SCHOOL DISTRICT,3629070,37
NEW YORK,TULLY CENTRAL SCHOOL DISTRICT,3629130,97
NEW YORK,TUPPER LAKE CENTRAL SCHOOL DISTRICT,3629160,0
NEW YORK,TUXEDO UNION FREE SCHOOL DISTRICT,3629190,44
NEW YORK,OTEGO-UNADILLA CENTRAL SCHOOL DISTRICT,3629240,124
NEW YORK,UNION SPRINGS CENTRAL SCHOOL DISTRICT,3629250,87
NEW YORK,UNIONDALE UNION FREE SCHOOL DISTRICT,3629280,1060
NEW YORK,UTICA CITY SCHOOL DISTRICT,3629370,1817
NEW YORK,VALHALLA UNION FREE SCHOOL DISTRICT,3629400,147
NEW YORK,VALLEY STREAM 13 UNION FREE SCHOOL DISTRICT,3629430,274
NEW YORK,VALLEY STREAM 24 UNION FREE SCHOOL DISTRICT,3629460,134
NEW YORK,VALLEY STREAM 30 UNION FREE SCHOOL DISTRICT,3629490,142
NEW YORK,VALLEY STREAM CENTRAL HIGH SCHOOL DISTRICT,3629520,702
NEW YORK,VESTAL CENTRAL SCHOOL DISTRICT,3629610,466
NEW YORK,VICTOR CENTRAL SCHOOL DISTRICT,3629640,520
NEW YORK,VOORHEESVILLE CENTRAL SCHOOL DISTRICT,3629670,143
NEW YORK,WAINSCOTT COMMON SCHOOL DISTRICT,3629760,19
NEW YORK,WALLKILL CENTRAL SCHOOL DISTRICT,3629790,433
NEW YORK,WALTON CENTRAL SCHOOL DISTRICT,3629820,171
NEW YORK,WANTAGH UNION FREE SCHOOL DISTRICT,3629850,438
NEW YORK,WAPPINGERS CENTRAL SCHOOL DISTRICT,3629880,1854
NEW YORK,WARRENSBURG CENTRAL SCHOOL DISTRICT,3629910,125
NEW YORK,WARSAW CENTRAL SCHOOL DISTRICT,3629940,110
NEW YORK,WARWICK VALLEY CENTRAL SCHOOL DISTRICT,3629970,623
NEW YORK,WASHINGTONVILLE CENTRAL SCHOOL DISTRICT,3630030,583
NEW YORK,WATERFORD-HALFMOON UNION FREE SCHOOL DISTRICT,3630060,145
NEW YORK,WATERTOWN CITY SCHOOL DISTRICT,3630120,642
NEW YORK,WATERVILLE CENTRAL SCHOOL DISTRICT,3630160,111
NEW YORK,WATERVLIET CITY SCHOOL DISTRICT,3630210,255
NEW YORK,WATKINS GLEN CENTRAL SCHOOL DISTRICT,3630240,140
NEW YORK,WAVERLY CENTRAL SCHOOL DISTRICT,3630270,208
NEW YORK,WAYNE CENTRAL SCHOOL DISTRICT,3630330,307
NEW YORK,WEBSTER CENTRAL SCHOOL DISTRICT,3630360,872
NEW YORK,NORTHEAST CENTRAL SCHOOL DISTRICT,3630390,140
NEW YORK,WEEDSPORT CENTRAL SCHOOL DISTRICT,3630420,129
NEW YORK,WELLS CENTRAL SCHOOL DISTRICT,3630450,-8
NEW YORK,WELLSVILLE CENTRAL SCHOOL DISTRICT,3630480,237
NEW YORK,WEST BABYLON UNION FREE SCHOOL DISTRICT,3630540,762
NEW YORK,WEST CANADA VALLEY CENTRAL SCHOOL DISTRICT,3630600,88
NEW YORK,WEST GENESEE CENTRAL SCHOOL DISTRICT,3630630,725
NEW YORK,WEST HEMPSTEAD UNION FREE SCHOOL DISTRICT,3630660,399
NEW YORK,WEST ISLIP UNION FREE SCHOOL DISTRICT,3630690,734
NEW YORK,WEST SENECA CENTRAL SCHOOL DISTRICT,3630780,1179
NEW YORK,WEST VALLEY CENTRAL SCHOOL DISTRICT,3630900,48
NEW YORK,MOUNT MARKHAM CENTRAL SCHOOL DISTRICT,3630930,196
NEW YORK,WESTBURY UNION FREE SCHOOL DISTRICT,3630960,673
NEW YORK,WESTFIELD CENTRAL SCHOOL DISTRICT,3630990,134
NEW YORK,WESTHAMPTON BEACH UNION FREE SCHOOL DISTRICT,3631020,225
NEW YORK,WESTMORELAND CENTRAL SCHOOL DISTRICT,3631050,140
NEW YORK,WHEATLAND-CHILI CENTRAL SCHOOL DISTRICT,3631170,108
NEW YORK,WHEELERVILLE UNION FREE SCHOOL DISTRICT,3631200,-8
NEW YORK,WHITE PLAINS CITY SCHOOL DISTRICT,3631260,1079
NEW YORK,WHITEHALL CENTRAL SCHOOL DISTRICT,3631290,125
NEW YORK,WHITESBORO CENTRAL SCHOOL DISTRICT,3631320,490
NEW YORK,WHITESVILLE CENTRAL SCHOOL DISTRICT,3631350,-8
NEW YORK,WHITNEY POINT CENTRAL SCHOOL DISTRICT,3631380,239
NEW YORK,NORTH GREENBUSH COMMON SCHOOL DISTRICT (WILLIAMS),3631410,39
NEW YORK,WILLIAMSON CENTRAL SCHOOL DISTRICT,3631440,110
NEW YORK,WILLIAMSVILLE CENTRAL SCHOOL DISTRICT,3631470,1310
NEW YORK,WILLSBORO CENTRAL SCHOOL DISTRICT,3631500,61
NEW YORK,WILSON CENTRAL SCHOOL DISTRICT,3631560,173
NEW YORK,WINDHAM-ASHLAND-JEWETT CENTRAL SCHOOL DISTRICT,3631590,-8
NEW YORK,HEWLETT-WOODMERE UNION FREE SCHOOL DISTRICT,3631710,636
NEW YORK,WORCESTER CENTRAL SCHOOL DISTRICT,3631740,70
NEW YORK,WYANDANCH UNION FREE SCHOOL DISTRICT,3631800,475
NEW YORK,WYNANTSKILL UNION FREE SCHOOL DISTRICT,3631830,34
NEW YORK,WYOMING CENTRAL SCHOOL DISTRICT,3631860,19
NEW YORK,YONKERS CITY SCHOOL DISTRICT,3631920,4197
NEW YORK,YORK CENTRAL SCHOOL DISTRICT,3631950,104
NEW YORK,YORKTOWN CENTRAL SCHOOL DISTRICT,3631980,619
NEW YORK,CUBA-RUSHFORD CENTRAL SCHOOL DISTRICT,3632010,167
NORTH CAROLINA,NC Health and Human Services,3700001,52
NORTH CAROLINA,Cumberland County Schools,3700011,6667
NORTH CAROLINA,Pitt County Schools,3700012,2870
NORTH CAROLINA,Francine Delany New School,3700017,28
NORTH CAROLINA,Chatham Charter,3700020,61
NORTH CAROLINA,Maureen Joy Charter,3700022,68
NORTH CAROLINA,Durham Charter School,3700023,55
NORTH CAROLINA,Quality Education Academy,3700025,77
NORTH CAROLINA,Carter G Woodson School,3700027,29
NORTH CAROLINA,Summit Charter,3700029,34
NORTH CAROLINA,Alamance-Burlington Schools,3700030,2848
NORTH CAROLINA,Children's Village Academy,3700031,33
NORTH CAROLINA,The Academy of Moore County,3700033,35
NORTH CAROLINA,Rocky Mount Preparatory,3700034,98
NORTH CAROLINA,Eno River Academy,3700035,87
NORTH CAROLINA,Arapahoe Charter School,3700038,109
NORTH CAROLINA,CIS Academy,3700040,22
NORTH CAROLINA,The Exploris School,3700043,67
NORTH CAROLINA,Magellan Charter,3700045,38
NORTH CAROLINA,Sterling Montessori Academy,3700046,63
NORTH CAROLINA,Sallie B Howard School,3700049,102
NORTH CAROLINA,River Mill Academy,3700050,61
NORTH CAROLINA,Tiller School,3700052,29
NORTH CAROLINA,Woods Charter School,3700053,64
NORTH CAROLINA,Community School of Digital and Visual A,3700054,19
NORTH CAROLINA,Kestrel Heights School,3700055,45
NORTH CAROLINA,Lincoln Charter School,3700062,180
NORTH CAROLINA,Lake Norman Charter,3700064,150
NORTH CAROLINA,Brevard Academy,3700068,62
NORTH CAROLINA,Franklin Academy,3700069,85
NORTH CAROLINA,East Wake Academy,3700070,111
NORTH CAROLINA,Dillard Academy,3700074,16
NORTH CAROLINA,Marjorie Williams Academy,3700077,15
NORTH CAROLINA,Evergreen Community Charter,3700078,68
NORTH CAROLINA,Research Triangle Charter,3700081,75
NORTH CAROLINA,Forsyth Academy,3700083,109
NORTH CAROLINA,Greensboro Academy,3700084,72
NORTH CAROLINA,The Mountain Community Sch,3700085,37
NORTH CAROLINA,American Renaissance School,3700086,123
NORTH CAROLINA,Sugar Creek Charter,3700089,136
NORTH CAROLINA,Alexander County Schools,3700090,766
NORTH CAROLINA,Sandhills Theatre Arts Renaiss,3700091,87
NORTH CAROLINA,Thomas Jefferson Classical Academy,3700093,128
NORTH CAROLINA,Vance Charter School,3700096,92
NORTH CAROLINA,Raleigh Charter High School,3700097,16
NORTH CAROLINA,Quest Academy,3700099,12
NORTH CAROLINA,Washington Montessori,3700101,61
NORTH CAROLINA,Classical Charter Schools of Leland,3700102,153
NORTH CAROLINA,Alpha Academy,3700103,78
NORTH CAROLINA,Piedmont Community Charter,3700104,202
NORTH CAROLINA,Phoenix Academy Inc,3700105,132
NORTH CAROLINA,Success Institute Charter School,3700106,23
NORTH CAROLINA,Metrolina Regional Scholars Academy,3700107,8
NORTH CAROLINA,Cape Fear Center for Inquiry,3700108,54
NORTH CAROLINA,Bethel Hill Charter,3700109,30
NORTH CAROLINA,Bethany Community School,3700110,76
NORTH CAROLINA,Millennium Charter Academy,3700111,96
NORTH CAROLINA,Union Academy Charter School,3700112,220
NORTH CAROLINA,PreEminent Charter School,3700113,102
NORTH CAROLINA,Southern Wake Academy,3700114,143
NORTH CAROLINA,Haliwa-Saponi Tribal School,3700115,31
NORTH CAROLINA,Clover Garden,3700116,106
NORTH CAROLINA,ArtSpace Charter,3700117,65
NORTH CAROLINA,The New Dimensions School,3700118,82
NORTH CAROLINA,Crosscreek Charter School,3700119,50
NORTH CAROLINA,Alleghany County Schools,3700120,192
NORTH CAROLINA,Guilford Preparatory Academy,3700121,41
NORTH CAROLINA,KIPP Gaston College Preparatory,3700123,111
NORTH CAROLINA,Arts Based School,3700126,85
NORTH CAROLINA,Queen's Grant Community School,3700127,143
NORTH CAROLINA,Gray Stone Day School,3700128,12
NORTH CAROLINA,Mountain Discovery Charter School,3700129,35
NORTH CAROLINA,Central Park School For Children,3700130,116
NORTH CAROLINA,Casa Esperanza Montessori,3700131,68
NORTH CAROLINA,The Hawbridge School,3700132,55
NORTH CAROLINA,Carolina International School,3700133,90
NORTH CAROLINA,Community School of Davidson,3700135,229
NORTH CAROLINA,Socrates Academy,3700137,73
NORTH CAROLINA,Two Rivers Community School,3700138,23
NORTH CAROLINA,Voyager Academy,3700139,227
NORTH CAROLINA,Classical Charter Schools of Whiteville,3700140,142
NORTH CAROLINA,Wilmington Preparatory Academy,3700141,15
NORTH CAROLINA,KIPP: Charlotte,3700142,102
NORTH CAROLINA,Charlotte Secondary School,3700143,42
NORTH CAROLINA,Neuse Charter School,3700144,92
NORTH CAROLINA,Pine Lake Preparatory,3700145,166
NORTH CAROLINA,NCDPS Juvenile Education Services,3700157,112
NORTH CAROLINA,DPS Education Services (fka Div Prisons),3700167,37
NORTH CAROLINA,Roxboro Community School,3700175,23
NORTH CAROLINA,Anson County Schools,3700180,403
NORTH CAROLINA,Ashe County Schools,3700210,397
NORTH CAROLINA,Asheboro City Schools,3700240,569
NORTH CAROLINA,Asheville City Schools,3700270,501
NORTH CAROLINA,Avery County Schools,3700300,291
NORTH CAROLINA,Endeavor Charter,3700314,79
NORTH CAROLINA,Triad Math and Science Academy,3700315,153
NORTH CAROLINA,Global Scholars Academy,3700316,28
NORTH CAROLINA,Mountain Island Charter,3700317,115
NORTH CAROLINA,Lake Lure Classical Academy,3700318,69
NORTH CAROLINA,Henderson Collegiate,3700319,74
NORTH CAROLINA,Deaf and Blind Schools,3700320,-8
NORTH CAROLINA,Northeast Regional School - Biotech/Agri,3700321,4
NORTH CAROLINA,Bear Grass Charter School,3700322,39
NORTH CAROLINA,North East Carolina Preparatory School,3700323,-8
NORTH CAROLINA,Triangle Math and Science Academy,3700324,50
NORTH CAROLINA,The College Preparatory and Leadership A,3700325,74
NORTH CAROLINA,Research Triangle High School,3700326,35
NORTH CAROLINA,Corvian Community School,3700327,136
NORTH CAROLINA,Cornerstone Charter Academy,3700328,137
NORTH CAROLINA,Water's Edge Village School,3700329,4
NORTH CAROLINA,Beaufort County Schools,3700330,800
NORTH CAROLINA,Langtree Charter Academy,3700331,175
NORTH CAROLINA,Island Montessori Charter,3700332,45
NORTH CAROLINA,Invest Collegiate,3700333,28
NORTH CAROLINA,Uwharrie Charter Academy,3700334,206
NORTH CAROLINA,Falls Lake Academy,3700336,161
NORTH CAROLINA,Longleaf School of the Arts,3700337,68
NORTH CAROLINA,Oxford Preparatory School,3700338,68
NORTH CAROLINA,Eastside STREAM Academy,3700339,21
NORTH CAROLINA,Classical Charter Schools of Wilmington,3700340,17
NORTH CAROLINA,Willow Oak Montessori,3700341,42
NORTH CAROLINA,NC Leadership Charter Academy,3700343,108
NORTH CAROLINA,Summerfield Charter Academy,3700344,67
NORTH CAROLINA,Southeastern Academy,3700346,23
NORTH CAROLINA,Cabarrus Charter Academy,3700347,86
NORTH CAROLINA,Z.E.C.A. School of Arts and Technology,3700348,15
NORTH CAROLINA,Thomas Academy,3700349,11
NORTH CAROLINA,Aristotle Preparatory Academy,3700350,24
NORTH CAROLINA,Paul R Brown Leadership Academy,3700351,28
NORTH CAROLINA,The Institute for the Development of You,3700352,38
NORTH CAROLINA,Pinnacle Classical Academy,3700353,97
NORTH CAROLINA,The Expedition School,3700354,47
NORTH CAROLINA,Bradford Preparatory School,3700356,138
NORTH CAROLINA,Cardinal Charter,3700358,57
NORTH CAROLINA,Pioneer Springs Community School,3700359,105
NORTH CAROLINA,Bertie County Schools,3700360,259
NORTH CAROLINA,The Franklin School of Innovation,3700361,96
NORTH CAROLINA,Envision Science Academy,3700362,65
NORTH CAROLINA,Reaching All Minds Academy,3700363,23
NORTH CAROLINA,Wake Forest Charter Academy,3700364,85
NORTH CAROLINA,United Community School,3700367,37
NORTH CAROLINA,Invest Collegiate - Imagine,3700369,174
NORTH CAROLINA,The Capitol Encore Academy,3700370,90
NORTH CAROLINA,Lakeside Charter Academy,3700371,36
NORTH CAROLINA,A.C.E. Academy,3700372,61
NORTH CAROLINA,Stewart Creek High School,3700374,35
NORTH CAROLINA,KIPP Halifax College Preparatory,3700375,50
NORTH CAROLINA,Wayne Preparatory,3700377,163
NORTH CAROLINA,Classical Charter Schools of Southport,3700378,69
NORTH CAROLINA,Wilson Preparatory Academy,3700379,61
NORTH CAROLINA,Anderson Creek Academy,3700381,16
NORTH CAROLINA,Commonwealth High School,3700382,40
NORTH CAROLINA,Excelsior Classical Academy,3700384,104
NORTH CAROLINA,KIPP Durham College Preparatory,3700385,30
NORTH CAROLINA,North Carolina Cyber Academy,3700386,379
NORTH CAROLINA,Youngsville Academy,3700387,22
NORTH CAROLINA,Piedmont Classical High School,3700388,49
NORTH CAROLINA,Shining Rock Classical Academy,3700389,92
NORTH CAROLINA,Bladen County Schools,3700390,537
NORTH CAROLINA,Charlotte Lab School,3700391,112
NORTH CAROLINA,The Math and Science Academy of Charlott,3700392,60
NORTH CAROLINA,VERITAS Community School,3700393,17
NORTH CAROLINA,Northeast Academy of Aerospace & AdvTech,3700394,94
NORTH CAROLINA,Winterville Charter Academy,3700396,79
NORTH CAROLINA,RISE Southeast Raleigh Charter School,3700397,59
NORTH CAROLINA,NC Virtual Academy,3700398,364
NORTH CAROLINA,Concord Lake STEAM Academy,3700399,67
NORTH CAROLINA,Iredell Charter Academy,3700400,77
NORTH CAROLINA,Union Preparatory Academy at Indian Trai,3700401,116
NORTH CAROLINA,Peak Charter Academy,3700402,57
NORTH CAROLINA,Union Day School,3700403,48
NORTH CAROLINA,FernLeaf Community Charter School,3700404,92
NORTH CAROLINA,Matthews Charter Academy,3700405,95
NORTH CAROLINA,Central Wake Charter High School,3700406,55
NORTH CAROLINA,Girls Leadership Academy of Wilmington,3700407,54
NORTH CAROLINA,Gate City Charter Academy,3700408,72
NORTH CAROLINA,Unity Classical Charter School,3700409,37
NORTH CAROLINA,Mallard Creek STEM Academy,3700410,79
NORTH CAROLINA,Movement Charter School,3700411,55
NORTH CAROLINA,American Leadership Academy-Coastal,3700412,62
NORTH CAROLINA,Emereau: Bladen,3700413,79
NORTH CAROLINA,Pine Springs Preparatory Academy,3700417,76
NORTH CAROLINA,Discovery Charter School,3700418,56
NORTH CAROLINA,East Carolina Community School,3700419,32
NORTH CAROLINA,Brunswick County Schools,3700420,1857
NORTH CAROLINA,Catamount School,3700421,15
NORTH CAROLINA,Davidson Charter Academy,3700422,62
NORTH CAROLINA,Carolina Charter Academy: CFA,3700423,59
NORTH CAROLINA,East Voyager Academy,3700424,11
NORTH CAROLINA,The Experiential School of Greensboro,3700425,68
NORTH CAROLINA,Monroe Charter Academy,3700426,28
NORTH CAROLINA,Appalachian State U Academy Middle Fork,3700427,52
NORTH CAROLINA,Raleigh Oak Charter School,3700428,44
NORTH CAROLINA,D.C. Virgo Preparatory Academy,3700429,38
NORTH CAROLINA,Johnston Charter Academy,3700430,76
NORTH CAROLINA,Moss Street Partnership School,3700431,57
NORTH CAROLINA,Moore Montessori Community School,3700432,24
NORTH CAROLINA,Rolesville Charter Academy,3700433,91
NORTH CAROLINA,Next Generation Academy,3700435,35
NORTH CAROLINA,Ascend Leadership Academy: Lee County,3700438,66
NORTH CAROLINA,Apprentice Academy HS of NC,3700439,47
NORTH CAROLINA,Jackson Day School,3700441,88
NORTH CAROLINA,Niner University Elementary School,3700443,30
NORTH CAROLINA,Hobgood Charter School,3700445,63
NORTH CAROLINA,Southwest Charlotte STEM Academy,3700446,58
NORTH CAROLINA,Tillery Charter Academy,3700447,14
NORTH CAROLINA,Pocosin Innovative Charter,3700448,25
NORTH CAROLINA,Bonnie Cone Classical Academy,3700449,82
NORTH CAROLINA,Buncombe County Schools,3700450,2717
NORTH CAROLINA,Ridgeview Charter School,3700451,32
NORTH CAROLINA,Community Public Charter,3700452,84
NORTH CAROLINA,West Lake Preparatory Academy,3700453,57
NORTH CAROLINA,Steele Creek Preparatory Academy,3700454,40
NORTH CAROLINA,Movement School Eastland,3700455,29
NORTH CAROLINA,Wilmington School of the Arts,3700457,38
NORTH CAROLINA,Achievement Charter Academy,3700459,19
NORTH CAROLINA,Revolution Academy,3700463,70
NORTH CAROLINA,Doral Academy North Carolina,3700464,28
NORTH CAROLINA,Cardinal Charter Acad at Wendell Falls,3700465,55
NORTH CAROLINA,MINA Charter School of Lee County,3700466,38
NORTH CAROLINA,Alamance Community School,3700467,63
NORTH CAROLINA,Asheville PEAK Academy,3700469,10
NORTH CAROLINA,Summit Creek Academy,3700471,72
NORTH CAROLINA,Telra Institute,3700472,18
NORTH CAROLINA,Old Main Stream,3700474,31
NORTH CAROLINA,Faith Academy,3700475,58
NORTH CAROLINA,American Leadership Academy - Johnston,3700477,158
NORTH CAROLINA,Central Carolina Academy,3700478,18
NORTH CAROLINA,Burke County Schools,3700480,1607
NORTH CAROLINA,The Math and Science Academy of Apex,3700482,20
NORTH CAROLINA,Oak Hill Charter School,3700483,22
NORTH CAROLINA,Wake Preparatory Academy,3700484,126
NORTH CAROLINA,Movement School Southwest,3700485,6
NORTH CAROLINA,Aggie Academy,3700487,8
NORTH CAROLINA,Carolina Community Academy,3700488,3
NORTH CAROLINA,Appalachian State Univ Academy at Elkin,3700489,23
NORTH CAROLINA,Cabarrus County Schools,3700530,3685
NORTH CAROLINA,Caldwell County Schools,3700580,1440
NORTH CAROLINA,Camden County Schools,3700600,213
NORTH CAROLINA,Carteret County Public Schools,3700630,953
NORTH CAROLINA,Caswell County Schools,3700660,340
NORTH CAROLINA,Catawba County Schools,3700690,1890
NORTH CAROLINA,Chapel Hill-Carrboro City Schools,3700720,1178
NORTH CAROLINA,Chatham County Schools,3700750,1150
NORTH CAROLINA,Cherokee County Schools,3700780,506
NORTH CAROLINA,Edenton-Chowan Schools,3700840,217
NORTH CAROLINA,Clay County Schools,3700870,194
NORTH CAROLINA,Cleveland County Schools,3700900,2277
NORTH CAROLINA,Clinton City Schools,3700930,203
NORTH CAROLINA,Columbus County Schools,3700960,612
NORTH CAROLINA,Currituck County Schools,3701080,476
NORTH CAROLINA,Dare County Schools,3701110,669
NORTH CAROLINA,Davidson County Schools,3701140,2448
NORTH CAROLINA,Davie County Schools,3701170,934
NORTH CAROLINA,Duplin County Schools,3701200,805
NORTH CAROLINA,Durham Public Schools,3701260,4044
NORTH CAROLINA,Edgecombe County Public Schools,3701320,771
NORTH CAROLINA,Elkin City Schools,3701380,115
NORTH CAROLINA,Winston Salem / Forsyth County Schools,3701500,6843
NORTH CAROLINA,Franklin County Schools,3701530,980
NORTH CAROLINA,Gaston County Schools,3701620,4105
NORTH CAROLINA,Gates County Schools,3701680,270
NORTH CAROLINA,Graham County Schools,3701770,169
NORTH CAROLINA,Granville County Schools,3701800,952
NORTH CAROLINA,Greene County Schools,3701830,316
NORTH CAROLINA,Guilford County Schools,3701920,8823
NORTH CAROLINA,Halifax County Schools,3701950,293
NORTH CAROLINA,Harnett County Schools,3702010,2587
NORTH CAROLINA,Haywood County Schools,3702040,1206
NORTH CAROLINA,Henderson County Schools,3702100,1706
NORTH CAROLINA,Hertford County Schools,3702160,353
NORTH CAROLINA,Hickory City Schools,3702190,514
NORTH CAROLINA,Hoke County Schools,3702250,1035
NORTH CAROLINA,Hyde County Schools,3702280,-8
NORTH CAROLINA,Iredell-Statesville Schools,3702310,2235
NORTH CAROLINA,Jackson County Public Schools,3702340,580
NORTH CAROLINA,Johnston County Public Schools,3702370,5517
NORTH CAROLINA,Jones County Schools,3702400,-8
NORTH CAROLINA,Kannapolis City Schools,3702430,692
NORTH CAROLINA,Lee County Schools,3702560,1174
NORTH CAROLINA,Lenoir County Public Schools,3702610,1374
NORTH CAROLINA,Lexington City Schools,3702640,358
NORTH CAROLINA,Lincoln County Schools,3702680,1580
NORTH CAROLINA,Macon County Schools,3702760,646
NORTH CAROLINA,Madison County Schools,3702820,347
NORTH CAROLINA,Martin County Schools,3702880,425
NORTH CAROLINA,McDowell County Schools,3702940,965
NORTH CAROLINA,Charlotte-Mecklenburg Schools,3702970,14114
NORTH CAROLINA,Mitchell County Schools,3703000,320
NORTH CAROLINA,Montgomery County Schools,3703060,352
NORTH CAROLINA,Moore County Schools,3703090,1648
NORTH CAROLINA,Mooresville Graded School District,3703120,735
NORTH CAROLINA,Mount Airy City Schools,3703210,240
NORTH CAROLINA,Nash County Public Schools,3703270,2065
NORTH CAROLINA,Craven County Schools,3703310,1545
NORTH CAROLINA,New Hanover County Schools,3703330,3209
NORTH CAROLINA,Newton Conover City Schools,3703360,365
NORTH CAROLINA,Northampton County Schools,3703420,203
NORTH CAROLINA,Onslow County Schools,3703450,4420
NORTH CAROLINA,Orange County Schools,3703480,938
NORTH CAROLINA,Pamlico County Schools,3703510,175
NORTH CAROLINA,Elizabeth City-Pasquotank Public Schools,3703540,664
NORTH CAROLINA,Pender County Schools,3703570,1379
NORTH CAROLINA,Perquimans County Schools,3703600,273
NORTH CAROLINA,Person County Schools,3703630,640
NORTH CAROLINA,Polk County Schools,3703720,329
NORTH CAROLINA,Randolph County School System,3703780,1854
NORTH CAROLINA,Richmond County Schools,3703870,928
NORTH CAROLINA,Roanoke Rapids City Schools,3703900,372
NORTH CAROLINA,Public Schools of Robeson County,3703930,2614
NORTH CAROLINA,Rockingham County Schools,3703990,1791
NORTH CAROLINA,Rowan-Salisbury Schools,3704050,2178
NORTH CAROLINA,Rutherford County Schools,3704080,1285
NORTH CAROLINA,Sampson County Schools,3704140,856
NORTH CAROLINA,Scotland County Schools,3704200,932
NORTH CAROLINA,Stanly County Schools,3704320,1065
NORTH CAROLINA,Stokes County Schools,3704380,940
NORTH CAROLINA,Surry County Schools,3704410,906
NORTH CAROLINA,Swain County Schools,3704440,321
NORTH CAROLINA,Thomasville City Schools,3704500,196
NORTH CAROLINA,Transylvania County Schools,3704530,564
NORTH CAROLINA,Tyrrell County Schools,3704590,66
NORTH CAROLINA,Union County Public Schools,3704620,3848
NORTH CAROLINA,Vance County Schools,3704650,668
NORTH CAROLINA,Wake County Schools,3704720,17320
NORTH CAROLINA,Warren County Schools,3704740,279
NORTH CAROLINA,Washington County Schools,3704800,161
NORTH CAROLINA,Watauga County Schools,3704830,815
NORTH CAROLINA,Wayne County Public Schools,3704880,2270
NORTH CAROLINA,Weldon City Schools,3704890,-8
NORTH CAROLINA,Whiteville City Schools,3704920,277
NORTH CAROLINA,Wilkes County Schools,3704950,1187
NORTH CAROLINA,Wilson County Schools,3705020,1012
NORTH CAROLINA,Yadkin County Schools,3705040,744
NORTH CAROLINA,Yancey County Schools,3705070,288
NORTH DAKOTA,MARMOT SCHOOLS,3800005,0
NORTH DAKOTA,ND SCHOOL FOR THE DEAF,3800006,13
NORTH DAKOTA,BISMARCK 1,3800014,1774
NORTH DAKOTA,NAUGHTON 25,3800015,-8
NORTH DAKOTA,STRASBURG 15,3800016,11
NORTH DAKOTA,LINTON 36,3800017,-8
NORTH DAKOTA,CAVALIER 6,3800018,-8
NORTH DAKOTA,JAMESTOWN 1,3800021,276
NORTH DAKOTA,SCRANTON 33,3800023,21
NORTH DAKOTA,POWERS LAKE 27,3800024,29
NORTH DAKOTA,KINDRED 2,3800025,137
NORTH DAKOTA,NEW ENGLAND 9,3800027,35
NORTH DAKOTA,DRAKE 57,3800029,12
NORTH DAKOTA,HAZEN 3,3800031,72
NORTH DAKOTA,BEULAH 27,3800032,68
NORTH DAKOTA,FT RANSOM 6,3800033,-8
NORTH DAKOTA,RICHLAND 44,3800036,36
NORTH DAKOTA,DICKINSON 1,3800038,668
NORTH DAKOTA,TIOGA 15,3800039,78
NORTH DAKOTA,DAKOTA PRAIRIE 1,3800040,35
NORTH DAKOTA,MAY-PORT CG 14,3800041,72
NORTH DAKOTA,MIDKOTA 7,3800042,-8
NORTH DAKOTA,GACKLE-STREETER 56,3800043,11
NORTH DAKOTA,NORTHERN CASS 97,3800044,84
NORTH DAKOTA,ELGIN-NEW LEIPZIG 49,3800045,23
NORTH DAKOTA,MOTT-REGENT 1,3800046,39
NORTH DAKOTA,TGU 60,3800047,41
NORTH DAKOTA,RICHARDTON-TAYLOR 34,3800048,44
NORTH DAKOTA,FESSENDEN-BOWDON 25,3800049,22
NORTH DAKOTA,MOHALL-LANSFORD-SHERWOOD 1,3800050,59
NORTH DAKOTA,CENTER-STANTON 1,3800052,38
NORTH DAKOTA,CARRINGTON 49,3800053,59
NORTH DAKOTA,NORTH BORDER 100,3800054,69
NORTH DAKOTA,FORDVILLE-LANKIN 5,3800056,5
NORTH DAKOTA,LITCHVILLE-MARION 46,3800057,15
NORTH DAKOTA,LEWIS AND CLARK 161,3800058,38
NORTH DAKOTA,NEW ROCKFORD-SHEYENNE 2,3800059,-8
NORTH DAKOTA,BARNES COUNTY NORTH 7,3800060,24
NORTH DAKOTA,ENDERLIN AREA 24,3800061,45
NORTH DAKOTA,KIDDER COUNTY 1,3800389,36
NORTH DAKOTA,NORTH STAR 10,3800390,44
NORTH DAKOTA,NEW SALEM-ALMONT 49,3800392,28
NORTH DAKOTA,VALLEY-EDINBURG 118,3800397,30
NORTH DAKOTA,PARK RIVER AREA 8,3800401,51
NORTH DAKOTA,HOPE-PAGE 85,3800404,15
NORTH DAKOTA,WILLISTON BASIN 7,3800405,677
NORTH DAKOTA,GRAFTON 18,3800406,175
NORTH DAKOTA,NEWBURG-UNITED 54,3800825,11
NORTH DAKOTA,ALEXANDER 2,3801760,-8
NORTH DAKOTA,ANAMOOSE 14,3801950,-8
NORTH DAKOTA,APPLE CREEK 39,3802014,5
NORTH DAKOTA,ASHLEY 9,3802170,21
NORTH DAKOTA,BAKKER 10,3802240,0
NORTH DAKOTA,BEACH 3,3802380,44
NORTH DAKOTA,BELCOURT 7,3802530,32
NORTH DAKOTA,BILLINGS CO 1,3802840,-8
NORTH DAKOTA,BOTTINEAU 1,3803060,56
NORTH DAKOTA,BOWBELLS 14,3803090,20
NORTH DAKOTA,BOWMAN CO 1,3803200,53
NORTH DAKOTA,BURKE CENTRAL 36,3803590,13
NORTH DAKOTA,CENTRAL CASS 17,3804090,114
NORTH DAKOTA,CENTRAL VALLEY 3,3804140,29
NORTH DAKOTA,GRIGGS COUNTY CENTRAL 18,3804560,41
NORTH DAKOTA,DEVILS LAKE 1,3805040,281
NORTH DAKOTA,DIVIDE COUNTY 1,3805160,69
NORTH DAKOTA,DRAYTON 19,3805340,-8
NORTH DAKOTA,DUNSEITH 1,3805460,86
NORTH DAKOTA,EARL 18,3805670,0
NORTH DAKOTA,EDGELEY 3,3805850,16
NORTH DAKOTA,EDMORE 2,3805950,-8
NORTH DAKOTA,EIGHT MILE 6,3806010,32
NORTH DAKOTA,ELLENDALE 40,3806090,16
NORTH DAKOTA,BELFIELD 13,3806210,47
NORTH DAKOTA,EMERADO 127,3806360,23
NORTH DAKOTA,FAIRMOUNT 18,3806690,-8
NORTH DAKOTA,FARGO 1,3806780,1760
NORTH DAKOTA,FINLEY-SHARON 19,3806910,15
NORTH DAKOTA,FLASHER 39,3806930,-8
NORTH DAKOTA,FT TOTTEN 30,3807170,15
NORTH DAKOTA,FT YATES 4,3807200,16
NORTH DAKOTA,GARRISON 51,3807590,36
NORTH DAKOTA,GLEN ULLIN 48,3807830,8
NORTH DAKOTA,GLENBURN 26,3807850,38
NORTH DAKOTA,GOODRICH 16,3807950,0
NORTH DAKOTA,GRAND FORKS 1,3808130,1266
NORTH DAKOTA,GRENORA 99,3808460,20
NORTH DAKOTA,HALLIDAY 19,3808610,0
NORTH DAKOTA,HANKINSON 8,3808710,34
NORTH DAKOTA,HARVEY 38,3808890,70
NORTH DAKOTA,HATTON EIELSON 7,3809000,-8
NORTH DAKOTA,HAZELTON-MOFFIT-BRADDOCK 6,3809130,16
NORTH DAKOTA,HEBRON 13,3809180,-8
NORTH DAKOTA,HETTINGER 13,3809410,34
NORTH DAKOTA,HILLSBORO 9,3809570,55
NORTH DAKOTA,HORSE CREEK 32,3809810,-8
NORTH DAKOTA,KENMARE 28,3810180,-8
NORTH DAKOTA,KENSAL 19,3810260,-8
NORTH DAKOTA,KILLDEER 16,3810270,98
NORTH DAKOTA,KULM 7,3810500,18
NORTH DAKOTA,LAKOTA 66,3810600,-8
NORTH DAKOTA,LAMOURE 8,3810740,23
NORTH DAKOTA,LANGDON AREA 23,3810810,53
NORTH DAKOTA,LARIMORE 44,3810860,43
NORTH DAKOTA,LEEDS 6,3810980,-8
NORTH DAKOTA,LIDGERWOOD 28,3811140,-8
NORTH DAKOTA,LISBON 19,3811430,-8
NORTH DAKOTA,LITTLE HEART 4,3811540,-8
NORTH DAKOTA,LONE TREE 6,3811610,-8
NORTH DAKOTA,MADDOCK 9,3811700,-8
NORTH DAKOTA,MANDAN 1,3811820,463
NORTH DAKOTA,MANDAREE 36,3811850,-8
NORTH DAKOTA,MANNING 45,3811970,0
NORTH DAKOTA,MANVEL 125,3812000,28
NORTH DAKOTA,MAPLE VALLEY 4,3812020,-8
NORTH DAKOTA,MAPLETON 7,3812030,25
NORTH DAKOTA,MARMARTH 12,3812120,-8
NORTH DAKOTA,MAX 50,3812350,21
NORTH DAKOTA,MCCLUSKY 19,3812430,-8
NORTH DAKOTA,MCKENZIE CO 1,3812540,253
NORTH DAKOTA,MEDINA 3,3812660,27
NORTH DAKOTA,MENOKEN 33,3812720,6
NORTH DAKOTA,MIDWAY 128,3812920,-8
NORTH DAKOTA,MILNOR 2,3812930,-8
NORTH DAKOTA,MINNEWAUKAN 5,3812990,-8
NORTH DAKOTA,MINOT 1,3813030,1287
NORTH DAKOTA,MINTO 20,3813050,37
NORTH DAKOTA,WILTON 1,3813200,30
NORTH DAKOTA,MONTPELIER 14,3813230,15
NORTH DAKOTA,MT PLEASANT 4,3813400,-8
NORTH DAKOTA,MUNICH 19,3813440,14
NORTH DAKOTA,NAPOLEON 2,3813510,26
NORTH DAKOTA,NEDROSE 4,3813660,63
NORTH DAKOTA,NESSON 2,3813710,73
NORTH DAKOTA,NEW TOWN 1,3813920,122
NORTH DAKOTA,NORTH SARGENT 3,3814290,35
NORTH DAKOTA,NORTHWOOD 129,3814340,-8
NORTH DAKOTA,OAKES 41,3814500,34
NORTH DAKOTA,OBERON 16,3814520,-8
NORTH DAKOTA,PARSHALL 3,3814940,44
NORTH DAKOTA,PINGREE-BUCHANAN 10,3815150,9
NORTH DAKOTA,ROLETTE 29,3816050,-8
NORTH DAKOTA,ROOSEVELT 18,3816090,11
NORTH DAKOTA,RUGBY 5,3816130,76
NORTH DAKOTA,SARGENT CENTRAL 6,3816430,-8
NORTH DAKOTA,SAWYER 16,3816470,-8
NORTH DAKOTA,SELFRIDGE 8,3816510,8
NORTH DAKOTA,SOLEN 3,3816980,-8
NORTH DAKOTA,VELVA 1,3817040,51
NORTH DAKOTA,SOUTH HEART 9,3817130,52
NORTH DAKOTA,SOUTH PRAIRIE 70,3817170,41
NORTH DAKOTA,ST JOHN 3,3817460,75
NORTH DAKOTA,STANLEY 2,3817570,112
NORTH DAKOTA,STARKWEATHER 44,3817670,9
NORTH DAKOTA,STERLING 35,3817760,-8
NORTH DAKOTA,SURREY 41,3817910,48
NORTH DAKOTA,SWEET BRIAR 17,3817940,0
NORTH DAKOTA,THOMPSON 61,3818280,-8
NORTH DAKOTA,TURTLE LAKE-MERCER 72,3818500,-8
NORTH DAKOTA,TWIN BUTTES 37,3818600,0
NORTH DAKOTA,UNDERWOOD 8,3818660,38
NORTH DAKOTA,UNITED 7,3818730,81
NORTH DAKOTA,VALLEY CITY 2,3818850,143
NORTH DAKOTA,WAHPETON 37,3819020,167
NORTH DAKOTA,WARWICK 29,3819260,40
NORTH DAKOTA,WASHBURN 4,3819290,23
NORTH DAKOTA,WEST FARGO 6,3819410,1648
NORTH DAKOTA,WESTHOPE 17,3819470,-8
NORTH DAKOTA,WHITE SHIELD 85,3819680,-8
NORTH DAKOTA,WING 28,3820130,7
NORTH DAKOTA,WISHEK 19,3820190,35
NORTH DAKOTA,WYNDMERE 42,3820310,21
NORTH DAKOTA,YELLOWSTONE 14,3820340,10
NORTH DAKOTA,ZEELAND 4,3820400,-8
OHIO,Ohio School For The Deaf,3900001,8
OHIO,Ohio School For The Blind,3900002,NA
OHIO,Youngstown Community School,3900017,27
OHIO,Constellation Schools: Old Brooklyn Community Elementary,3900019,15
OHIO,Autism Model School,3900022,94
OHIO,Green Inspiration Academy,3900025,24
OHIO,Middlebury Academy,3900027,23
OHIO,City Day Community School,3900029,24
OHIO,Cincinnati College Preparatory Academy,3900031,82
OHIO,"Edge Academy, The",3900033,39
OHIO,Millennium Community School,3900036,23
OHIO,Summit Academy Akron Elementary School,3900038,73
OHIO,Horizon Science Acad Cleveland,3900040,60
OHIO,Horizon Science Academy Columbus,3900042,48
OHIO,Riverside Academy,3900043,29
OHIO,Richard Allen Academy,3900047,17
OHIO,Invictus High School,3900052,65
OHIO,Towpath Trail High School,3900053,76
OHIO,Toledo School For The Arts,3900056,48
OHIO,"Intergenerational School, The",3900065,31
OHIO,Constellation Schools: Parma Community,3900068,146
OHIO,Summit Academy Community School for Alternative Learn-Canton,3900071,63
OHIO,T.C.P. World Academy,3900072,42
OHIO,Richard Allen Preparatory,3900073,37
OHIO,"Graham School, The",3900080,53
OHIO,Cornerstone Academy Community School,3900081,63
OHIO,Dayton Leadership Academies-Dayton View Campus,3900083,57
OHIO,River Gate High School,3900084,15
OHIO,Queen City Career Prep High School,3900086,15
OHIO,Monroe Local,3900094,332
OHIO,Summit Acdy Comm Schl for Alternative Learners of Middletown,3900096,51
OHIO,Summit Academy Community School Alternative Learners -Xenia,3900097,109
OHIO,Summit Academy Akron Middle School,3900098,50
OHIO,Cliff Park High School,3900100,38
OHIO,Marshall High School,3900101,75
OHIO,Constellation Schools: Lorain Community Elementary,3900102,5
OHIO,Constellation Schools: Elyria Community,3900103,37
OHIO,YB Columbus Community School,3900104,74
OHIO,Constellation Schools: Westpark Community Elementary,3900105,23
OHIO,Dohn Community,3900106,205
OHIO,Washington Park Community School,3900107,15
OHIO,Summit Academy Community School Alternative Learners-Lorain,3900109,36
OHIO,Phoenix Community Learning Ctr,3900113,18
OHIO,The Autism Academy Of Learning,3900117,51
OHIO,TRECA Digital Academy,3900118,457
OHIO,Innovation Academy West,3900119,18
OHIO,Hamilton Cnty Math & Science,3900121,19
OHIO,Sciotoville,3900123,73
OHIO,Glass City Academy,3900127,70
OHIO,Pathway School of Discovery,3900129,104
OHIO,Alliance Academy of Cincinnati,3900130,81
OHIO,Wildwood Environmental Academy,3900138,80
OHIO,Tomorrow Center,3900145,36
OHIO,Mahoning Unlimited Classroom,3900146,34
OHIO,GOAL Digital Academy,3900151,218
OHIO,Fairborn Digital Academy,3900155,37
OHIO,Stark High School,3900175,20
OHIO,Black River Career Prep High School,3900176,35
OHIO,Focus Learning Academy of Southwest Columbus,3900177,68
OHIO,Focus Learning Academy of Southeastern Columbus,3900178,44
OHIO,Focus Learning Academy of Northern Columbus,3900179,20
OHIO,Ohio Virtual Academy,3900180,2553
OHIO,Hope Academy Northcoast,3900181,64
OHIO,International Acad Of Columbus,3900190,13
OHIO,Great Western Academy,3900192,57
OHIO,Trotwood Preparatory & Fitness Academy,3900193,41
OHIO,Middletown Preparatory & Fitness Academy,3900194,51
OHIO,Alternative Education Academy,3900203,1147
OHIO,Constellation Schools: Puritas Community Elementary,3900211,13
OHIO,Constellation Schools: Stockyard Community Elementary,3900212,13
OHIO,North Dayton School Of Science & Discovery,3900216,57
OHIO,Arts & College Preparatory Academy,3900223,77
OHIO,Skyway Career Prep High School,3900231,65
OHIO,Foxfire High School,3900233,116
OHIO,Buckeye United School District,3900237,188
OHIO,Ohio Central School System,3900238,119
OHIO,Miami Valley Academies,3900241,20
OHIO,"Ohio Connections Academy, Inc",3900250,724
OHIO,Quaker Digital Academy,3900252,128
OHIO,West Central Learning Academy II,3900276,11
OHIO,Lake Erie International High School,3900277,37
OHIO,Randall Park High School,3900279,25
OHIO,Canton Harbor High School,3900285,23
OHIO,Cleveland Academy for Scholarship Technology and Leadership,3900286,72
OHIO,Constellation Schools: Puritas Community Middle,3900291,19
OHIO,Pinnacle Academy,3900299,92
OHIO,Winterfield Venture Academy,3900302,79
OHIO,"Columbus Humanities, Arts and Technology Academy",3900304,33
OHIO,A+ Arts Academy,3900305,32
OHIO,Columbus Arts & Technology Academy,3900306,43
OHIO,Columbus Preparatory Academy,3900307,34
OHIO,Orion Academy,3900308,72
OHIO,Apex Academy,3900309,82
OHIO,Northwest School of the Arts,3900313,28
OHIO,Elevated Excellence Academy,3900314,8
OHIO,Emerson Academy,3900315,95
OHIO,Coshocton Opportunity School,3900331,9
OHIO,Summit Academy Transition High School-Cincinnati,3900337,49
OHIO,Summit Academy School - Lorain,3900338,51
OHIO,Summit Academy Middle School - Columbus,3900339,22
OHIO,Heir Force Community School,3900341,23
OHIO,Summit Academy Transition High School-Columbus,3900342,30
OHIO,Summit Academy Alternative LearnersWarren Middle & Secondary,3900344,60
OHIO,Summit Academy Transition High School Dayton,3900348,62
OHIO,Summit Academy-Youngstown,3900350,85
OHIO,Summit Academy Community School - Painesville,3900356,24
OHIO,Summit Academy Secondary School - Middletown,3900361,59
OHIO,Rittman Academy,3900366,7
OHIO,Capital City Career Prep High School,3900381,22
OHIO,Oakstone Community School,3900383,212
OHIO,Schnee Learning Center,3900385,24
OHIO,Zenith Academy,3900396,29
OHIO,Wings Academy 1,3900399,10
OHIO,"Maritime Academy of Toledo, The",3900428,56
OHIO,Educational Academy for Boys & Girls,3900434,7
OHIO,Midnimo Cross Cultural Community School,3900435,7
OHIO,Horizon Science Academy-Cincinnati,3900441,29
OHIO,Horizon Science Academy-Dayton,3900444,8
OHIO,Gem City Career Prep High School,3900448,18
OHIO,Horizon Science Academy-Springfield,3900451,28
OHIO,Horizon Science Academy-Denison Middle School,3900454,26
OHIO,Bennett Venture Academy,3900457,82
OHIO,Stambaugh Charter Academy,3900467,73
OHIO,Horizon Science Academy-Cleveland Middle School,3900470,25
OHIO,Westside Academy,3900474,14
OHIO,Interactive Media & Construction (IMAC),3900478,5
OHIO,Greater Ohio Virtual School,3900488,132
OHIO,Auglaize County Educational Academy,3900490,15
OHIO,Summit Academy Community School-Columbus,3900492,18
OHIO,Summit Academy Community School - Dayton,3900493,42
OHIO,Summit Academy Secondary - Akron,3900494,45
OHIO,Summit Academy Secondary - Canton,3900495,46
OHIO,Summit Academy - Toledo,3900496,72
OHIO,Summit Academy Community School-Parma,3900497,110
OHIO,Summit Academy Secondary - Youngstown,3900498,102
OHIO,Summit Academy Community School-Warren,3900500,62
OHIO,Summit Academy Community School - Cincinnati,3900501,53
OHIO,Bridges Community Academy dba Bridges Preparatory Academy,3900502,16
OHIO,Constellation Schools: Westpark Community Middle,3900503,19
OHIO,Menlo Park Academy,3900505,19
OHIO,Constellation Schools: Madison Community Elementary,3900506,24
OHIO,Constellation Schools: Lorain Community Middle,3900507,5
OHIO,Constellation Schools: Old Brooklyn Community Middle,3900508,22
OHIO,Horizon Science Academy Toledo,3900510,63
OHIO,Findlay Digital Academy,3900528,41
OHIO,Buckeye On-Line School for Success,3900530,129
OHIO,Manchester Local,3900537,146
OHIO,Whitehall Preparatory and Fitness Academy,3900550,58
OHIO,Springfield Preparatory and Fitness Academy,3900551,32
OHIO,Northland Preparatory and Fitness Academy,3900552,20
OHIO,Promise Academy,3900562,21
OHIO,East Bridge Academy of Excellence,3900564,10
OHIO,Par Excellence Academy,3900567,41
OHIO,Toledo Preparatory and Fitness Academy,3900573,49
OHIO,Columbus Preparatory and Fitness Academy,3900574,60
OHIO,Mt. Healthy Preparatory and Fitness Academy,3900575,23
OHIO,Youngstown Academy of Excellence,3900580,33
OHIO,Cleveland Arts and Social Sciences Academy,3900584,21
OHIO,Charles School at Ohio Dominican University,3900586,60
OHIO,Lorain Preparatory Academy,3900587,51
OHIO,Cascade Career Prep High School,3900593,18
OHIO,Monroe Preparatory Academy,3900594,26
OHIO,Early College Academy,3900638,17
OHIO,Groveport Community School,3900640,47
OHIO,Harvard Avenue Performance Academy,3900641,44
OHIO,Dayton Business Technology High School,3900642,7
OHIO,North Woods Career Prep High School,3900643,14
OHIO,South Scioto Academy,3900644,57
OHIO,Noble Academy-Columbus,3900645,33
OHIO,Noble Academy-Cleveland,3900646,34
OHIO,Eagle Learning Center,3900647,10
OHIO,Foundation Academy,3901301,71
OHIO,"Dayton Early College Academy, Inc",3901302,25
OHIO,Columbus Collegiate Academy,3901305,47
OHIO,Central Academy of Ohio,3901313,6
OHIO,Zanesville Community School,3901314,57
OHIO,Horizon Science Academy Columbus Middle School,3901322,62
OHIO,Constellation Schools: Westside Community School of the Arts,3901326,25
OHIO,Mahoning County High School,3901329,35
OHIO,KIPP Columbus,3901330,254
OHIO,Cesar Chavez College Preparatory School,3901335,7
OHIO,Performance Academy Eastland,3901337,39
OHIO,L. Hollingworth School for Talented and Gifted,3901339,33
OHIO,Sullivant Avenue Community School,3901344,16
OHIO,Madison Avenue School of Arts,3901346,36
OHIO,Klepinger Community School,3901347,64
OHIO,Ashland County Community Academy,3901350,22
OHIO,Horizon Science Academy Elementary School,3901353,48
OHIO,The Bessie Sherrod Price Preparatory Academy,3901354,19
OHIO,Achieve Career Preparatory Academy,3901362,21
OHIO,Lakeland Academy Community School,3901363,18
OHIO,Horizon Science Academy Lorain,3901365,87
OHIO,Horizon Science Academy Dayton High School,3901366,57
OHIO,Village Preparatory School Cliffs,3901368,66
OHIO,Greater Summit County Early Learning Center,3901369,7
OHIO,Bella Academy of Excellence,3901370,8
OHIO,Dayton Regional STEM School,3901374,29
OHIO,Columbus Bilingual Academy-North,3901375,41
OHIO,Northeast Ohio College Preparatory School,3901376,97
OHIO,Imagine Akron Academy,3901377,NA
OHIO,The Richland School of Academic Arts,3901381,26
OHIO,Graham Elementary and Middle School,3901382,105
OHIO,Horizon Science Academy Dayton Downtown,3901383,34
OHIO,Horizon Science Academy Youngstown,3901389,38
OHIO,Zenith Academy East,3901396,16
OHIO,Cleveland College Preparatory School,3901397,24
OHIO,Columbus Performance Academy,3901398,30
OHIO,Constellation Schools: Stockyard Community Middle,3901403,9
OHIO,Near West Intergenerational School,3901405,37
OHIO,Foxfire Intermediate School,3901407,76
OHIO,Regent High School,3901409,30
OHIO,Mason Run High School,3901410,27
OHIO,Old Brook High School,3901411,43
OHIO,Road to Success Academy,3901412,17
OHIO,Central High School,3901413,14
OHIO,George Voinovich Contemporary Career High School,3901414,6
OHIO,Frederick Douglass High School,3901415,61
OHIO,Capital High School,3901416,24
OHIO,Patriot Preparatory Academy,3901417,87
OHIO,North Central Academy,3901420,31
OHIO,Southside Academy,3901427,29
OHIO,Akros Middle School,3901428,37
OHIO,Hardin Community School,3901429,10
OHIO,Broadway Academy,3901430,49
OHIO,Constellation Schools: Eastside Arts Academy,3901432,10
OHIO,The Academy for Urban Scholars,3901433,64
OHIO,STEAM Academy of Warren,3901434,31
OHIO,Townsend North Community School,3901450,110
OHIO,Focus North High School,3901451,28
OHIO,Eagle Elementary of Akron,3901454,11
OHIO,University of Cleveland Preparatory School,3901457,28
OHIO,Beacon Hill Academy,3901463,9
OHIO,Global Village Academy,3901465,NA
OHIO,Canton College Preparatory School,3901470,45
OHIO,Academy for Urban Scholars Youngstown,3901472,53
OHIO,The Brilliance School,3901473,23
OHIO,SunBridge Schools,3901475,31
OHIO,Columbus Collegiate Academy - West,3901478,58
OHIO,A+ Children's Academy,3901480,10
OHIO,STEAM Academy of Warrensville Heights,3901482,22
OHIO,Ohio College Preparatory School,3901487,25
OHIO,Imagine Environmental Science Academy,3901488,5
OHIO,Metro Early College High School,3901490,16
OHIO,Cleveland Preparatory Academy,3901496,28
OHIO,Stepstone Academy,3901498,19
OHIO,Lake Erie College Preparatory School,3901499,22
OHIO,Ann Jerkins-Harris Academy of Excellence,3901502,10
OHIO,Akron Preparatory School,3901503,60
OHIO,Village Preparatory School Woodland Hills,3901505,51
OHIO,DECA PREP,3901508,90
OHIO,Main Preparatory Academy,3901511,7
OHIO,Bio-Med Science Academy STEM School,3901512,85
OHIO,West Park Academy,3901514,35
OHIO,Cincinnati Technology Academy,3901516,35
OHIO,Hope Learning Academy of Toledo,3901520,39
OHIO,Imagine Columbus Primary School,3901521,8
OHIO,East Academy,3901526,31
OHIO,United Preparatory Academy,3901529,34
OHIO,Ohio Construction Academy,3901530,15
OHIO,Global Impact STEM Academy,3901535,36
OHIO,Dayton SMART Elementary School,3901536,6
OHIO,"Albert Einstein Academy for Letters, Arts and Sciences-Ohio",3901539,123
OHIO,Lincoln Park Academy,3901543,-8
OHIO,Discovery Academy,3901545,93
OHIO,Imagine Leadership Academy,3901549,17
OHIO,Eastland Preparatory Academy,3901550,45
OHIO,Liberty Preparatory School,3901551,15
OHIO,East Preparatory Academy,3901554,12
OHIO,Rise & Shine Academy,3901555,3
OHIO,Lakeshore Intergenerational School,3901564,31
OHIO,Valley STEM+ME2 Academy,3901565,62
OHIO,Utica Shale Academy of Ohio,3901566,24
OHIO,Steel Academy,3901567,53
OHIO,T2 Honors Academy,3901568,23
OHIO,Citizens Academy Southeast,3901570,47
OHIO,Flex High School,3901574,66
OHIO,iSTEM Geauga Early College High School,3901575,10
OHIO,Zenith Academy West,3901576,9
OHIO,Tri-State STEM+M Early College High School,3901577,10
OHIO,Village Preparatory School Willard,3901581,43
OHIO,Bridge Gate Community School,3901582,13
OHIO,Westwood Preparatory Academy,3901583,158
OHIO,East Branch Preparatory AcademydbaWright Preparatory Academy,3901584,26
OHIO,iLEAD Spring Meadows,3901585,46
OHIO,Beacon Academy,3901586,45
OHIO,Dayton Athletic Vocational Academy,3901587,6
OHIO,Global Ambassadors Language Academy,3901588,12
OHIO,Cincinnati Achievement Academy,3901590,13
OHIO,Kids Care Elementary,3901591,8
OHIO,Euclid Preparatory School,3901592,34
OHIO,United Preparatory Academy East,3901593,30
OHIO,Citizens Leadership Academy East,3901594,56
OHIO,Liberty High School,3901595,25
OHIO,South Columbus Preparatory Academy at German Village,3901596,25
OHIO,Orchard Park Academy,3901597,33
OHIO,Great River Connections Academy,3901599,295
OHIO,SMART Academy,3901600,14
OHIO,Dampe Community School,3901601,15
OHIO,AchievePoint Career Academy - Cincinnati,3901602,46
OHIO,Lorain Bilingual Preparatory Academy,3901603,22
OHIO,Montgomery Preparatory Academy,3901604,32
OHIO,Mount Auburn Preparatory Academy,3901605,43
OHIO,Horizon Science Academy Primary,3901606,17
OHIO,Kenmore Preparatory Academy dba Toledo Preparatory Academy,3901608,36
OHIO,Marion Preparatory Academy,3901609,49
OHIO,Capital Collegiate Preparatory Academy,3901610,18
OHIO,North Columbus Preparatory Academy,3901611,19
OHIO,Huber Heights Preparatory Academy dba Parma Academy,3901612,11
OHIO,Northwest Ohio Classical Academy,3901613,21
OHIO,ReGeneration Bond Hill,3901614,26
OHIO,Ohio Digital Learning School,3901615,214
OHIO,Priority High School,3901616,7
OHIO,Cypress High School,3901617,35
OHIO,Buckeye Community School,3901618,83
OHIO,Quaker Preparatory Academy,3901619,11
OHIO,Flex High School Cleveland,3901620,39
OHIO,Central Point Preparatory Academy,3901621,23
OHIO,South Columbus Preparatory Academy at Southfield,3901622,42
OHIO,Franklinton Prep High School,3901623,27
OHIO,"Valor Academy, Inc.",3901624,20
OHIO,North Shore High School,3901625,33
OHIO,Case Preparatory Academy,3901626,35
OHIO,Franklinton High School,3901627,24
OHIO,Dublin Preparatory Academy dba Northside Preparatory Academy,3901628,16
OHIO,Focus Learning Academy of Central Columbus,3901629,-8
OHIO,Dayton Career Tech High School,3901630,8
OHIO,Akron Career Tech High School,3901631,14
OHIO,Buckeye Community School - London,3901632,40
OHIO,Buckeye Community School - Marion,3901633,91
OHIO,Youngstown Preparatory Academy,3901634,7
OHIO,Citizens of the World Charter Schools - Cincinnati,3901635,NA
OHIO,Explorers Academy of Science and Technology,3901636,26
OHIO,Niles Preparatory Academy,3901637,14
OHIO,Western Toledo Preparatory Academy,3901638,26
OHIO,Eagle Charter Schools of Ohio,3901639,4
OHIO,Akron City,3904348,4299
OHIO,Alliance City,3904349,525
OHIO,Ashland City,3904350,400
OHIO,Ashtabula Area City,3904351,803
OHIO,Athens City,3904352,485
OHIO,Barberton City,3904353,640
OHIO,Bay Village City,3904354,289
OHIO,Beachwood City,3904355,280
OHIO,Bellaire Local,3904357,248
OHIO,Bellefontaine City,3904358,442
OHIO,Bellevue City,3904359,275
OHIO,Berea City,3904360,882
OHIO,Belpre City,3904361,157
OHIO,Bexley City,3904362,384
OHIO,Bowling Green City School District,3904363,506
OHIO,Brecksville-Broadview Heights City,3904364,408
OHIO,Brooklyn City,3904365,183
OHIO,Brunswick City,3904366,800
OHIO,Bryan City,3904367,381
OHIO,Bucyrus City,3904368,300
OHIO,Cambridge City,3904369,397
OHIO,Campbell City,3904370,187
OHIO,Canton City,3904371,1340
OHIO,Centerville City,3904373,1028
OHIO,Chillicothe City,3904374,459
OHIO,Cincinnati Public Schools,3904375,7115
OHIO,Circleville City,3904376,390
OHIO,Claymont City,3904377,321
OHIO,Cleveland Municipal,3904378,7601
OHIO,Cleveland Heights-University Heights City,3904379,1121
OHIO,Columbus City Schools District,3904380,8228
OHIO,Conneaut Area City,3904381,304
OHIO,Coshocton City,3904382,395
OHIO,Cuyahoga Falls City,3904383,617
OHIO,Dayton City,3904384,2036
OHIO,Deer Park Community City,3904385,179
OHIO,Defiance City,3904386,421
OHIO,Delaware City,3904387,967
OHIO,Delphos City,3904388,140
OHIO,Dover City,3904389,372
OHIO,East Cleveland City School District,3904390,360
OHIO,East Liverpool City,3904391,435
OHIO,East Palestine City,3904392,177
OHIO,Eaton Community City,3904393,280
OHIO,Elyria City Schools,3904394,1161
OHIO,Euclid City,3904395,934
OHIO,Fairborn City,3904396,757
OHIO,Fairview Park City,3904397,248
OHIO,Fostoria City,3904399,394
OHIO,Franklin City,3904400,614
OHIO,Fremont City,3904401,647
OHIO,Galion City,3904402,341
OHIO,Gallipolis City,3904403,381
OHIO,Garfield Heights City Schools,3904404,673
OHIO,Geneva Area City,3904405,367
OHIO,Girard City School District,3904406,277
OHIO,Grandview Heights Schools,3904407,135
OHIO,Winton Woods City,3904408,540
OHIO,Greenville City,3904409,346
OHIO,Hamilton City,3904410,1743
OHIO,Heath City,3904411,298
OHIO,Hillsboro City,3904412,348
OHIO,Huron City Schools,3904413,116
OHIO,Ironton City School District,3904414,235
OHIO,Jackson City,3904415,384
OHIO,Kent City,3904416,570
OHIO,Kettering City School District,3904418,1132
OHIO,Lakewood City,3904419,654
OHIO,Lancaster City,3904420,1083
OHIO,Lebanon City,3904421,830
OHIO,Lima City,3904422,802
OHIO,Lockland Local,3904423,92
OHIO,Logan-Hocking Local,3904424,729
OHIO,London City,3904425,353
OHIO,Lorain City,3904426,1298
OHIO,Loveland City,3904427,623
OHIO,Madeira City,3904428,159
OHIO,Mansfield City,3904429,878
OHIO,Maple Heights City,3904430,539
OHIO,Mariemont City,3904431,166
OHIO,Marion City,3904433,824
OHIO,Martins Ferry City,3904434,288
OHIO,Massillon City,3904435,612
OHIO,Maumee City,3904436,345
OHIO,Mayfield City,3904437,588
OHIO,Medina City SD,3904438,916
OHIO,Miamisburg City,3904439,866
OHIO,Middletown City,3904440,1361
OHIO,Mt Healthy City,3904441,636
OHIO,Napoleon Area City,3904443,294
OHIO,Nelsonville-York City,3904444,238
OHIO,Newark City,3904445,1513
OHIO,New Boston Local,3904446,-8
OHIO,New Lexington School District,3904447,314
OHIO,New Philadelphia City,3904448,438
OHIO,Niles City,3904449,359
OHIO,North Canton City,3904450,541
OHIO,North College Hill City,3904451,287
OHIO,North Olmsted City,3904452,499
OHIO,North Ridgeville City,3904453,639
OHIO,North Royalton City,3904454,262
OHIO,Norton City,3904455,307
OHIO,Norwalk City,3904456,441
OHIO,Norwood City,3904457,293
OHIO,Oakwood City,3904458,234
OHIO,Oberlin City Schools,3904459,144
OHIO,Oregon City,3904460,382
OHIO,Orrville City,3904461,193
OHIO,Parma City,3904463,1573
OHIO,Piqua City,3904464,574
OHIO,Port Clinton City,3904465,262
OHIO,Princeton City,3904467,790
OHIO,Ravenna City,3904468,457
OHIO,Reading Community City,3904469,200
OHIO,Rocky River City,3904470,280
OHIO,St Bernard-Elmwood Place City,3904471,147
OHIO,St Marys City,3904472,282
OHIO,Sandusky City,3904474,569
OHIO,Shaker Heights City,3904475,639
OHIO,Sheffield-Sheffield Lake City,3904476,252
OHIO,South Euclid-Lyndhurst City,3904479,580
OHIO,South-Western City,3904480,3673
OHIO,Springfield City School District,3904481,1382
OHIO,Steubenville City,3904482,321
OHIO,Stow-Munroe Falls City School District,3904483,676
OHIO,Strongsville City,3904484,587
OHIO,Struthers City,3904485,236
OHIO,Sycamore Community City,3904486,587
OHIO,Sylvania Schools,3904487,931
OHIO,Tallmadge City,3904488,364
OHIO,Tiffin City Schools,3904489,414
OHIO,Toledo City,3904490,4544
OHIO,Toronto City,3904491,125
OHIO,Troy City,3904492,641
OHIO,Upper Arlington City,3904493,1155
OHIO,Urbana City,3904494,335
OHIO,Vandalia-Butler City,3904495,449
OHIO,Wapakoneta City,3904498,388
OHIO,Warren City,3904499,911
OHIO,Warrensville Heights City,3904500,297
OHIO,Wellston City,3904502,264
OHIO,Wellsville Local,3904503,113
OHIO,Westerville City,3904504,2079
OHIO,West Carrollton City,3904505,634
OHIO,Westlake City,3904506,390
OHIO,Whitehall City,3904507,528
OHIO,Wickliffe City,3904508,202
OHIO,Willard City,3904509,198
OHIO,Willoughby-Eastlake City,3904510,1220
OHIO,Wilmington City,3904511,312
OHIO,Worthington City,3904513,1598
OHIO,Wyoming City,3904514,172
OHIO,Xenia Community City,3904515,690
OHIO,Youngstown City,3904516,1066
OHIO,Zanesville City,3904517,975
OHIO,Ada Exempted Village,3904518,97
OHIO,Amherst Exempted Village,3904519,426
OHIO,Barnesville Exempted Village,3904520,119
OHIO,Bluffton Exempted Village,3904521,93
OHIO,Bradford Exempted Village,3904522,-8
OHIO,Bridgeport Exempted Village,3904523,119
OHIO,Harrison Hills City,3904524,267
OHIO,Caldwell Exempted Village,3904525,140
OHIO,Carey Exempted Village Schools,3904526,132
OHIO,Carrollton Exempted Village,3904527,334
OHIO,Chagrin Falls Exempted Village,3904528,176
OHIO,Chesapeake Union Exempted Village,3904529,161
OHIO,Coldwater Exempted Village,3904531,103
OHIO,Columbiana Exempted Village,3904532,116
OHIO,Covington Exempted Village,3904533,82
OHIO,Crooksville Exempted Village,3904535,166
OHIO,Fairport Harbor Exempted Village,3904536,35
OHIO,Georgetown Exempted Village,3904537,156
OHIO,Gibsonburg Exempted Village,3904538,96
OHIO,Granville Exempted Village,3904539,261
OHIO,Greenfield Exempted Village,3904540,264
OHIO,Hicksville Exempted Village School District,3904541,180
OHIO,Hubbard Exempted Village,3904542,204
OHIO,Indian Hill Exempted Village,3904543,180
OHIO,Lisbon Exempted Village,3904545,129
OHIO,Loudonville-Perrysville Exempted Village,3904546,153
OHIO,Marysville Exempted Village,3904547,937
OHIO,Mechanicsburg Exempted Village,3904548,134
OHIO,Mentor Exempted Village,3904549,999
OHIO,Milford Exempted Village,3904550,718
OHIO,Milton-Union Exempted Village,3904551,176
OHIO,Montpelier Exempted Village,3904552,182
OHIO,Mount Gilead Exempted Village,3904553,222
OHIO,Newcomerstown Exempted Village,3904554,170
OHIO,New Richmond Exempted Village,3904555,364
OHIO,Newton Falls Exempted Village,3904556,165
OHIO,Paulding Exempted Village,3904557,231
OHIO,Perrysburg Exempted Village,3904558,624
OHIO,Rossford Exempted Village,3904560,202
OHIO,Tipp City Exempted Village,3904561,305
OHIO,Versailles Exempted Village,3904563,75
OHIO,Wauseon Exempted Village,3904564,261
OHIO,Wellington Exempted Village,3904565,171
OHIO,Windham Exempted Village,3904566,102
OHIO,Yellow Springs Exempted Village,3904567,-8
OHIO,Allen East Local,3904575,139
OHIO,Bath Local,3904576,223
OHIO,Elida Local,3904577,339
OHIO,Perry Local,3904578,-8
OHIO,Shawnee Local,3904579,270
OHIO,Spencerville Local,3904580,136
OHIO,Hillsdale Local,3904582,125
OHIO,Mapleton Local,3904583,117
OHIO,Buckeye Local,3904585,228
OHIO,Grand Valley Local,3904586,149
OHIO,Jefferson Area Local,3904587,320
OHIO,Pymatuning Valley Local,3904588,166
OHIO,Alexander Local,3904590,261
OHIO,Federal Hocking Local,3904591,218
OHIO,Trimble Local,3904592,169
OHIO,Minster Local,3904594,84
OHIO,New Bremen Local,3904595,63
OHIO,New Knoxville Local,3904596,40
OHIO,Waynesfield-Goshen Local,3904597,52
OHIO,St Clairsville-Richland City,3904599,214
OHIO,Shadyside Local,3904600,108
OHIO,Union Local,3904601,199
OHIO,Eastern Local School District,3904603,163
OHIO,Fayetteville-Perry Local,3904604,108
OHIO,Western Brown Local,3904606,403
OHIO,Ripley-Union-Lewis-Huntington Local,3904607,147
OHIO,Edgewood City School District,3904609,562
OHIO,Fairfield City,3904610,1459
OHIO,Lakota Local,3904611,1850
OHIO,Madison Local,3904612,202
OHIO,New Miami Local,3904613,111
OHIO,Ross Local,3904614,388
OHIO,Talawanda City,3904615,332
OHIO,Brown Local,3904617,105
OHIO,Graham Local,3904619,254
OHIO,Triad Local,3904620,131
OHIO,West Liberty-Salem Local,3904621,107
OHIO,Greenon Local,3904623,272
OHIO,Tecumseh Local,3904624,396
OHIO,Northeastern Local,3904625,355
OHIO,Northwestern Local,3904626,219
OHIO,Southeastern Local,3904627,126
OHIO,Clark-Shawnee Local,3904628,231
OHIO,Batavia Local,3904630,430
OHIO,Bethel-Tate Local,3904631,272
OHIO,Clermont Northeastern Local,3904632,226
OHIO,Felicity-Franklin Local,3904633,148
OHIO,Goshen Local,3904634,474
OHIO,West Clermont Local,3904635,1125
OHIO,Williamsburg Local,3904636,108
OHIO,Blanchester Local,3904638,169
OHIO,Clinton-Massie Local,3904639,242
OHIO,East Clinton Local,3904640,261
OHIO,Beaver Local,3904642,249
OHIO,Crestview Local,3904643,-8
OHIO,Southern Local,3904644,119
OHIO,United Local,3904645,110
OHIO,Ridgewood Local,3904647,169
OHIO,River View Local,3904648,220
OHIO,Buckeye Central Local,3904650,123
OHIO,Colonel Crawford Local,3904651,122
OHIO,Wynford Local,3904652,155
OHIO,Cuyahoga Heights Local,3904655,74
OHIO,Independence Local,3904656,132
OHIO,Olmsted Falls City,3904657,496
OHIO,Richmond Heights Local,3904659,110
OHIO,Solon City,3904660,453
OHIO,Ansonia Local,3904662,89
OHIO,Arcanum-Butler Local,3904663,103
OHIO,Franklin Monroe Local,3904664,51
OHIO,Mississinawa Valley Local,3904667,87
OHIO,Tri-Village Local,3904668,89
OHIO,Ayersville Local,3904670,72
OHIO,Central Local,3904671,152
OHIO,Northeastern Local,3904672,175
OHIO,Big Walnut Local,3904674,425
OHIO,Buckeye Valley Local,3904675,301
OHIO,Olentangy Local,3904676,2962
OHIO,Edison Local (formerly Berlin-Milan),3904678,172
OHIO,Kelleys Island Local,3904679,-8
OHIO,Margaretta Local,3904680,168
OHIO,Perkins Local,3904681,193
OHIO,Vermilion Local,3904682,247
OHIO,Amanda-Clearcreek Local,3904684,212
OHIO,Berne Union Local,3904685,141
OHIO,Bloom-Carroll Local,3904686,211
OHIO,Fairfield Union Local,3904687,272
OHIO,Liberty Union-Thurston Local,3904688,223
OHIO,Pickerington Local,3904689,1481
OHIO,Walnut Township Local,3904690,78
OHIO,Canal Winchester Local,3904694,541
OHIO,Hamilton Local,3904695,391
OHIO,Gahanna-Jefferson City,3904696,1146
OHIO,Groveport Madison Local,3904697,1069
OHIO,New Albany-Plain Local,3904699,640
OHIO,Reynoldsburg City,3904700,961
OHIO,Hilliard City,3904701,2473
OHIO,Dublin City,3904702,2145
OHIO,Archbold-Area Local,3904704,128
OHIO,Evergreen Local,3904705,143
OHIO,Fayette Local,3904706,65
OHIO,Pettisville Local,3904707,45
OHIO,Pike-Delta-York Local,3904708,190
OHIO,Swanton Local,3904709,220
OHIO,Berkshire Local,3904716,201
OHIO,Cardinal Local,3904717,134
OHIO,Chardon Local,3904718,258
OHIO,Kenston Local,3904719,290
OHIO,West Geauga Local,3904722,307
OHIO,Beavercreek City,3904724,1237
OHIO,Cedar Cliff Local,3904725,82
OHIO,Greeneview Local,3904726,179
OHIO,Bellbrook-Sugarcreek Local,3904727,330
OHIO,Rolling Hills Local,3904730,243
OHIO,Finneytown Local,3904733,263
OHIO,Forest Hills Local,3904734,684
OHIO,Northwest Local,3904736,1665
OHIO,Oak Hills Local,3904737,1376
OHIO,Southwest Local,3904738,632
OHIO,Three Rivers Local,3904739,332
OHIO,Arlington Local,3904742,51
OHIO,Cory-Rawson Local,3904743,103
OHIO,Liberty-Benton Local,3904744,121
OHIO,McComb Local,3904745,83
OHIO,Vanlue Local,3904747,27
OHIO,Hardin Northern Local,3904749,41
OHIO,Ridgemont Local,3904750,66
OHIO,Riverdale Local,3904751,151
OHIO,Upper Scioto Valley Local,3904752,108
OHIO,Conotton Valley Union Local,3904754,-8
OHIO,Holgate Local,3904757,68
OHIO,Liberty Center Local,3904758,134
OHIO,Patrick Henry Local,3904759,124
OHIO,Bright Local,3904761,117
OHIO,Fairfield Local,3904762,140
OHIO,Lynchburg-Clay Local,3904763,184
OHIO,East Holmes Local,3904768,146
OHIO,West Holmes Local,3904769,363
OHIO,Monroeville Local,3904771,76
OHIO,New London Local,3904772,122
OHIO,South Central Local,3904773,109
OHIO,Western Reserve Local,3904774,170
OHIO,Oak Hill Union Local,3904776,180
OHIO,Buckeye Local,3904778,352
OHIO,Edison Local,3904779,243
OHIO,Indian Creek Local,3904780,335
OHIO,Centerburg Local,3904782,128
OHIO,Danville Local,3904783,67
OHIO,Fredericktown Local,3904785,200
OHIO,Kirtland Local,3904787,125
OHIO,Madison Local,3904788,380
OHIO,Perry Local,3904790,158
OHIO,Dawson-Bryant Local,3904792,208
OHIO,Fairland Local,3904793,253
OHIO,Rock Hill Local,3904794,213
OHIO,South Point Local,3904795,210
OHIO,Symmes Valley Local,3904796,143
OHIO,Johnstown-Monroe Local,3904798,178
OHIO,Lakewood Local,3904799,317
OHIO,Licking Heights Local,3904800,592
OHIO,Licking Valley Local,3904801,240
OHIO,North Fork Local,3904802,281
OHIO,Northridge Local,3904803,182
OHIO,Southwest Licking Local,3904804,687
OHIO,Benjamin Logan Local,3904807,214
OHIO,Indian Lake Local,3904808,191
OHIO,Riverside Local,3904809,105
OHIO,Avon Local,3904811,492
OHIO,Avon Lake City,3904812,374
OHIO,Clearview Local,3904813,122
OHIO,Columbia Local,3904814,98
OHIO,Firelands Local,3904815,199
OHIO,Keystone Local,3904816,172
OHIO,Midview Local,3904817,386
OHIO,Anthony Wayne Local,3904820,548
OHIO,Ottawa Hills Local,3904821,79
OHIO,Springfield Local,3904822,555
OHIO,Washington Local,3904823,1117
OHIO,Jefferson Local,3904825,153
OHIO,Jonathan Alder Local,3904826,280
OHIO,Madison-Plains Local,3904827,192
OHIO,Austintown Local Schools,3904829,703
OHIO,Boardman Local,3904830,643
OHIO,Canfield Local,3904831,259
OHIO,Jackson-Milton Local,3904832,81
OHIO,Lowellville Local,3904833,54
OHIO,Poland Local,3904834,197
OHIO,Sebring Local,3904835,80
OHIO,South Range Local,3904836,131
OHIO,Springfield Local,3904837,153
OHIO,West Branch Local,3904838,241
OHIO,Western Reserve Local,3904839,72
OHIO,Elgin Local,3904841,150
OHIO,Pleasant Local,3904842,131
OHIO,Ridgedale Local,3904843,-8
OHIO,River Valley Local,3904844,176
OHIO,Black River Local,3904846,167
OHIO,Buckeye Local,3904847,242
OHIO,Cloverleaf Local,3904848,305
OHIO,Highland Local,3904849,368
OHIO,Eastern Local,3904851,106
OHIO,Meigs Local,3904852,272
OHIO,Southern Local,3904853,114
OHIO,Parkway Local,3904857,109
OHIO,St Henry Consolidated Local,3904858,89
OHIO,Fort Recovery Local,3904859,89
OHIO,Bethel Local,3904861,159
OHIO,Miami East Local,3904862,159
OHIO,Newton Local,3904863,-8
OHIO,Switzerland of Ohio Local,3904865,390
OHIO,Brookville Local,3904867,152
OHIO,Jefferson Township Local,3904868,-8
OHIO,Trotwood-Madison City,3904869,390
OHIO,Mad River Local,3904870,457
OHIO,New Lebanon Local School District,3904871,155
OHIO,Northmont City,3904872,713
OHIO,Northridge Local,3904873,223
OHIO,Valley View Local,3904874,225
OHIO,Huber Heights City,3904875,898
OHIO,Morgan Local,3904877,300
OHIO,Cardington-Lincoln Local,3904879,183
OHIO,Highland Local,3904880,224
OHIO,Northmor Local,3904881,140
OHIO,East Muskingum Local,3904883,279
OHIO,Franklin Local,3904884,330
OHIO,Maysville Local,3904885,295
OHIO,Tri-Valley Local,3904887,427
OHIO,West Muskingum Local,3904888,225
OHIO,Noble Local,3904890,107
OHIO,Benton Carroll Salem Local,3904892,210
OHIO,Danbury Local,3904893,85
OHIO,Genoa Area Local,3904894,135
OHIO,Middle Bass Local,3904895,-8
OHIO,Put-In-Bay Local,3904897,4
OHIO,Antwerp Local,3904899,88
OHIO,Twin Valley Community Local,3904900,98
OHIO,Wayne Trace Local,3904903,168
OHIO,Northern Local,3904905,311
OHIO,Southern Local,3904906,144
OHIO,Logan Elm Local,3904908,291
OHIO,Teays Valley Local,3904909,753
OHIO,Westfall Local,3904910,206
OHIO,Eastern Local School District,3904912,128
OHIO,Scioto Valley Local,3904913,269
OHIO,Waverly City,3904914,313
OHIO,Western Local,3904915,121
OHIO,Aurora City,3904917,335
OHIO,Crestwood Local,3904918,206
OHIO,Field Local,3904919,270
OHIO,James A Garfield Local,3904920,169
OHIO,Rootstown Local,3904921,154
OHIO,Southeast Local,3904922,165
OHIO,Streetsboro City,3904923,273
OHIO,Waterloo Local,3904924,136
OHIO,Tri-County North Local,3904926,93
OHIO,National Trail Local,3904927,130
OHIO,Preble Shawnee Local,3904928,202
OHIO,Columbus Grove Local,3904931,141
OHIO,Continental Local,3904932,106
OHIO,Jennings Local,3904933,39
OHIO,Kalida Local,3904934,69
OHIO,Leipsic Local,3904935,123
OHIO,Miller City-New Cleveland Local,3904936,52
OHIO,Ottawa-Glandorf Local,3904937,252
OHIO,Ottoville Local,3904938,59
OHIO,Pandora-Gilboa Local,3904939,76
OHIO,Clear Fork Valley Local,3904941,282
OHIO,Crestview Local,3904942,127
OHIO,Lexington Local,3904943,358
OHIO,Lucas Local,3904944,-8
OHIO,Madison Local,3904945,450
OHIO,Plymouth-Shiloh Local,3904946,37
OHIO,Ontario Local,3904947,211
OHIO,Adena Local,3904949,161
OHIO,Huntington Local,3904950,173
OHIO,Paint Valley Local,3904951,92
OHIO,Southeastern Local,3904952,155
OHIO,Union-Scioto Local,3904953,275
OHIO,Zane Trace Local,3904954,213
OHIO,Lakota Local,3904956,110
OHIO,Woodmore Local,3904957,113
OHIO,Bloom-Vernon Local,3904959,125
OHIO,Green Local,3904961,85
OHIO,Minford Local,3904962,196
OHIO,Northwest Local,3904963,256
OHIO,Valley Local,3904964,117
OHIO,Washington-Nile Local,3904965,246
OHIO,Wheelersburg Local,3904966,163
OHIO,Seneca East Local,3904968,112
OHIO,Hopewell-Loudon Local,3904970,93
OHIO,New Riegel Local,3904971,37
OHIO,Botkins Local,3904976,42
OHIO,Fairlawn Local,3904977,62
OHIO,Fort Loramie Local,3904978,83
OHIO,Hardin-Houston Local,3904979,137
OHIO,Russia Local,3904981,31
OHIO,Canton Local,3904983,263
OHIO,Fairless Local,3904984,206
OHIO,Jackson Local,3904985,723
OHIO,Lake Local,3904986,402
OHIO,Louisville City,3904987,423
OHIO,Marlington Local,3904988,228
OHIO,Minerva Local,3904989,252
OHIO,Northwest Local,3904990,231
OHIO,Osnaburg Local,3904991,102
OHIO,Perry Local,3904992,466
OHIO,Plain Local,3904993,799
OHIO,Sandy Valley Local,3904994,187
OHIO,Tuslaw Local,3904995,185
OHIO,Woodridge Local,3904997,263
OHIO,Copley-Fairlawn City,3904998,326
OHIO,Coventry Local,3904999,278
OHIO,Manchester Local,3905000,206
OHIO,Green Local,3905001,609
OHIO,Hudson City,3905002,587
OHIO,Mogadore Local,3905003,113
OHIO,Nordonia Hills City,3905004,497
OHIO,Revere Local,3905005,273
OHIO,Springfield Local,3905006,371
OHIO,Twinsburg City,3905007,450
OHIO,Bloomfield-Mespo Local,3905009,-8
OHIO,Bristol Local,3905011,89
OHIO,Brookfield Local,3905012,131
OHIO,Champion Local,3905013,140
OHIO,Mathews Local,3905015,85
OHIO,Howland Local,3905016,340
OHIO,Joseph Badger Local,3905017,129
OHIO,Lakeview Local,3905018,184
OHIO,Liberty Local,3905019,227
OHIO,Lordstown Local,3905020,80
OHIO,Maplewood Local,3905021,92
OHIO,McDonald Local,3905022,84
OHIO,Southington Local,3905023,61
OHIO,LaBrae Local,3905024,152
OHIO,Weathersfield Local,3905025,118
OHIO,Garaway Local,3905027,158
OHIO,Indian Valley Local,3905028,221
OHIO,Strasburg-Franklin Local,3905029,100
OHIO,Tuscarawas Valley Local,3905030,145
OHIO,Fairbanks Local,3905032,168
OHIO,North Union Local School District,3905033,175
OHIO,Crestview Local,3905035,125
OHIO,Vinton County Local,3905039,332
OHIO,Carlisle Local,3905041,175
OHIO,Springboro Community City,3905042,720
OHIO,Kings Local,3905043,649
OHIO,Little Miami Local,3905044,616
OHIO,Mason City,3905045,918
OHIO,Wayne Local,3905046,155
OHIO,Fort Frye Local,3905048,204
OHIO,Frontier Local,3905049,101
OHIO,Wolf Creek Local,3905051,106
OHIO,Chippewa Local,3905053,147
OHIO,Dalton Local,3905054,98
OHIO,Green Local,3905055,104
OHIO,Norwayne Local,3905056,175
OHIO,Southeast Local,3905058,175
OHIO,Triway Local,3905059,238
OHIO,Edgerton Local,3905061,74
OHIO,Edon Northwest Local,3905062,80
OHIO,Millcreek-West Unity Local,3905063,113
OHIO,North Central Local,3905064,83
OHIO,Stryker Local,3905065,62
OHIO,Eastwood Local,3905067,203
OHIO,Elmwood Local,3905068,186
OHIO,Lake Local,3905069,153
OHIO,North Baltimore Local,3905070,128
OHIO,Northwood Local Schools,3905071,127
OHIO,Otsego Local,3905072,222
OHIO,Mohawk Local,3905074,104
OHIO,Southern Hills,3905079,NA
OHIO,Four County Career Center,3905096,NA
OHIO,EHOVE Career Center,3905102,NA
OHIO,Great Oaks Career Campuses,3905106,NA
OHIO,Jefferson County,3905112,NA
OHIO,Lorain County JVS,3905122,NA
OHIO,Mid-East Career and Technology Centers,3905130,NA
OHIO,Penta Career Center - District,3905135,NA
OHIO,Maplewood Career Center District,3905139,NA
OHIO,Pioneer Career & Technology,3905141,NA
OHIO,Vanguard-Sentinel Career & Technology Centers,3905145,NA
OHIO,Scioto County Joint Vocational School,3905149,NA
OHIO,Buckeye,3905165,NA
OHIO,Vantage Career Center,3905167,NA
OHIO,Adams County Ohio Valley Local,3906190,604
OHIO,College Corner Local,3906496,10
OHIO,Gallia County Local,3906568,391
OHIO,East Guernsey Local,3906968,128
OHIO,Findlay City,3910000,822
OHIO,Van Buren Local,3910001,133
OHIO,Arcadia Local,3910002,52
OHIO,Sidney City,3910003,680
OHIO,Anna Local,3910004,114
OHIO,Jackson Center Local,3910005,78
OHIO,Salem City,3910006,254
OHIO,Leetonia Exempted Village School District,3910007,99
OHIO,Crestline Exempted Village,3910008,92
OHIO,Shelby City,3910009,287
OHIO,Miami Trace Local,3910010,312
OHIO,Washington Court House City,3910011,400
OHIO,Mount Vernon City,3910012,701
OHIO,East Knox Local,3910013,160
OHIO,Riverside Local,3910014,523
OHIO,Painesville City Local,3910015,440
OHIO,Orange City,3910016,284
OHIO,Bedford City,3910017,550
OHIO,Warren Local,3910018,270
OHIO,Marietta City,3910019,433
OHIO,Clyde-Green Springs Exempted Village,3910020,314
OHIO,Old Fort Local,3910021,71
OHIO,Lincolnview Local,3910022,106
OHIO,Van Wert City,3910023,345
OHIO,Upper Sandusky Exempted Village,3910024,266
OHIO,Kenton City,3910025,326
OHIO,Clay Local,3910026,77
OHIO,Portsmouth City,3910027,475
OHIO,Rittman Exempted Village,3910028,141
OHIO,Wadsworth City,3910029,576
OHIO,Celina City,3910030,485
OHIO,Marion Local,3910031,83
OHIO,Wooster City,3910032,571
OHIO,Northwestern Local,3910033,137
OHIO,Cincinnati Classical Academy,3910034,20
OHIO,"IDEA Greater Cincinnati, Inc",3910035,47
OHIO,Unity Academy,3910036,-8
OHIO,Solon Academy,3910037,NA
OHIO,Westlake Academy,3910038,-8
OHIO,Gateway Online Academy of Ohio,3910039,44
OHIO,Legacy Academy of Excellence,3910040,4
OHIO,Sheffield Academy,3910041,-8
OHIO,Lorain Preparatory High School,3910042,17
OHIO,Strongsville Academy,3910043,-8
OHIO,Victory Academy of Toledo,3910044,15
OHIO,The Dayton School,3910045,4
OKLAHOMA,TIMBERLAKE,4000013,52
OKLAHOMA,BURNS FLAT-DILL CITY,4000014,-8
OKLAHOMA,THOMAS-FAY-CUSTER UNIFIED DIST,4000015,95
OKLAHOMA,FRONTIER,4000020,-8
OKLAHOMA,OKLAHOMA UNION,4000021,-8
OKLAHOMA,HYDRO-EAKLY,4000032,-8
OKLAHOMA,KEYS,4000033,134
OKLAHOMA,LAKESIDE SCHOOL,4000063,0
OKLAHOMA,OKLAHOMA SCHOOL FOR THE DEAF,4000075,74
OKLAHOMA,OKLAHOMA SCHOOL FOR THE BLIND,4000076,55
OKLAHOMA,DEBORAH BROWN CHARTER,4000751,9
OKLAHOMA,DOVE SCHOOLS OF TULSA,4000753,139
OKLAHOMA,CHEROKEE IMMERSION CHARTER SCH,4000755,7
OKLAHOMA,KIPP REACH COLL (CHARTER),4000766,43
OKLAHOMA,LIGHTHOUSE ACADEMY (CHARTER),4000769,79
OKLAHOMA,SANKOFA CHARTER,4000772,7
OKLAHOMA,HARDING FINE ARTS (CHARTER),4000773,41
OKLAHOMA,SCHL ARTS/SCI (CHARTER),4000774,82
OKLAHOMA,HUPFELD/W VILLAGE (CHARTER),4000775,-8
OKLAHOMA,EPIC VIRTUAL CHARTER,4000777,5378
OKLAHOMA,OKLAHOMA VIRTUAL CHARTER ACAD,4000778,603
OKLAHOMA,KIPP (CHARTER),4000780,85
OKLAHOMA,GRAHAM-DUSTIN,4000782,-8
OKLAHOMA,ASTEC CHARTERS,4000783,100
OKLAHOMA,INSIGHT SCHOOL OF OKLAHOMA,4000785,237
OKLAHOMA,OKLAHOMA CONNECTIONS ACADEMY,4000786,211
OKLAHOMA,JOHN W REX CHARTER,4000787,-8
OKLAHOMA,OKLAHOMA YOUTH ACADEMY,4000789,14
OKLAHOMA,COLLEGE BOUND(CHARTER),4000791,44
OKLAHOMA,HONOR ACADEMY(CHARTER),4000792,136
OKLAHOMA,COLLEGIATE HALL(CHARTER),4000793,-8
OKLAHOMA,CARLTON LANDING ACADEMY,4000795,-8
OKLAHOMA,SANTA FE SOUTH (CHARTER),4000796,431
OKLAHOMA,OLUSTEE-ELDORADO,4000797,42
OKLAHOMA,DAVIDSON,4000798,7
OKLAHOMA,DOVE SCHOOLS OF OKC,4000799,196
OKLAHOMA,LE MONDE INTERNATIONAL,4000801,-8
OKLAHOMA,NORTH ROCK CREEK,4000802,197
OKLAHOMA,ACADEMY OF SEMINOLE,4000803,-8
OKLAHOMA,E-SCHOOL VIRTUAL ACADEMY,4000804,88
OKLAHOMA,SOVEREIGN COMMUNITY SCHOOL,4000805,24
OKLAHOMA,DOVE VIRTUAL ACADEMY,4000806,10
OKLAHOMA,COMANCHE ACADEMY,4000807,4
OKLAHOMA,WESTERN GATEWAY,4000808,17
OKLAHOMA,HARDING INDEPENDENCE,4000809,75
OKLAHOMA,ACHILLE,4002370,91
OKLAHOMA,ADA,4002430,445
OKLAHOMA,ADAIR,4002460,188
OKLAHOMA,AFTON,4002520,107
OKLAHOMA,AGRA,4002550,67
OKLAHOMA,ALBION,4002580,13
OKLAHOMA,ALEX,4002670,55
OKLAHOMA,ALINE-CLEO,4002720,27
OKLAHOMA,ALLEN,4002760,113
OKLAHOMA,ALLEN-BOWDEN,4002790,73
OKLAHOMA,ALTUS,4002850,488
OKLAHOMA,ALVA,4002880,178
OKLAHOMA,AMBER-POCASSET,4002910,66
OKLAHOMA,ANADARKO,4003000,193
OKLAHOMA,ANDERSON,4003010,50
OKLAHOMA,ANTLERS,4003060,176
OKLAHOMA,ARAPAHO-BUTLER,4003120,-8
OKLAHOMA,ARDMORE,4003180,424
OKLAHOMA,ARKOMA,4003210,66
OKLAHOMA,ARNETT,4003240,-8
OKLAHOMA,ASHER,4003300,43
OKLAHOMA,ATOKA,4003360,254
OKLAHOMA,AVANT,4003450,12
OKLAHOMA,BALKO,4003510,-8
OKLAHOMA,BANNER,4003540,-8
OKLAHOMA,BARNSDALL,4003570,-8
OKLAHOMA,BARTLESVILLE,4003630,823
OKLAHOMA,BATTIEST,4003660,-8
OKLAHOMA,BEARDEN,4003690,-8
OKLAHOMA,BEAVER,4003750,38
OKLAHOMA,BEGGS,4003810,175
OKLAHOMA,BELFONTE,4003840,32
OKLAHOMA,BENNINGTON,4003930,84
OKLAHOMA,BERRYHILL,4004020,225
OKLAHOMA,BETHANY,4004110,267
OKLAHOMA,BETHEL,4004230,234
OKLAHOMA,BIG PASTURE,4004350,37
OKLAHOMA,BILLINGS,4004360,17
OKLAHOMA,BISHOP,4004470,66
OKLAHOMA,BIXBY,4004500,991
OKLAHOMA,BLACKWELL,4004630,241
OKLAHOMA,BLAIR,4004650,-8
OKLAHOMA,BLANCHARD,4004680,288
OKLAHOMA,BLUEJACKET,4004830,-8
OKLAHOMA,BOISE CITY,4004860,-8
OKLAHOMA,BOKOSHE,4004950,37
OKLAHOMA,BOONE-APACHE,4005010,93
OKLAHOMA,BOSWELL,4005040,-8
OKLAHOMA,BOWLEGS,4005130,51
OKLAHOMA,BOWRING,4005160,-8
OKLAHOMA,BRAGGS,4005280,29
OKLAHOMA,BRAY-DOYLE,4005340,46
OKLAHOMA,BRIDGE CREEK,4005400,286
OKLAHOMA,BRIGGS,4005430,64
OKLAHOMA,BRISTOW,4005460,351
OKLAHOMA,BROKEN ARROW,4005490,2534
OKLAHOMA,BROKEN BOW,4005520,266
OKLAHOMA,BRUSHY,4005580,91
OKLAHOMA,BUFFALO,4005760,44
OKLAHOMA,BUFFALO VALLEY,4005820,-8
OKLAHOMA,BURLINGTON,4005910,16
OKLAHOMA,BUTNER,4006000,53
OKLAHOMA,BYNG,4006060,320
OKLAHOMA,CACHE,4006120,361
OKLAHOMA,CADDO,4006150,120
OKLAHOMA,CALERA,4006180,193
OKLAHOMA,CALUMET,4006240,-8
OKLAHOMA,CALVIN,4006270,-8
OKLAHOMA,CAMERON,4006330,68
OKLAHOMA,CANADIAN,4006390,127
OKLAHOMA,CANEY,4006420,74
OKLAHOMA,CANTON,4006480,59
OKLAHOMA,CANUTE,4006510,74
OKLAHOMA,CARNEGIE,4006630,100
OKLAHOMA,CARNEY,4006690,48
OKLAHOMA,CASHION,4006810,107
OKLAHOMA,OKEMAH,4006850,-8
OKLAHOMA,CATOOSA,4006870,-8
OKLAHOMA,CAVE SPRINGS,4006930,57
OKLAHOMA,CEMENT,4006960,48
OKLAHOMA,CENTRAL,4007140,80
OKLAHOMA,CENTRAL HIGH,4007170,69
OKLAHOMA,CHANDLER,4007290,167
OKLAHOMA,CHATTANOOGA,4007320,29
OKLAHOMA,CHECOTAH,4007350,243
OKLAHOMA,CHELSEA,4007380,181
OKLAHOMA,CHEROKEE,4007410,74
OKLAHOMA,CHEYENNE,4007500,61
OKLAHOMA,CHICKASHA,4007560,411
OKLAHOMA,CHOCTAW-NICOMA PARK,4007620,1002
OKLAHOMA,CHOUTEAU-MAZIE,4007670,155
OKLAHOMA,CIMARRON,4007710,39
OKLAHOMA,CLAREMORE,4007740,700
OKLAHOMA,CLAYTON,4007800,59
OKLAHOMA,CLEORA,4008010,-8
OKLAHOMA,CLEVELAND,4008040,327
OKLAHOMA,CLINTON,4008070,307
OKLAHOMA,COALGATE,4008130,172
OKLAHOMA,COLBERT,4008220,195
OKLAHOMA,COLCORD,4008250,150
OKLAHOMA,COLEMAN,4008310,50
OKLAHOMA,COLLINSVILLE,4008370,516
OKLAHOMA,COMANCHE,4008460,144
OKLAHOMA,COMMERCE,4008490,148
OKLAHOMA,COPAN,4008610,54
OKLAHOMA,CORDELL,4008640,99
OKLAHOMA,COTTONWOOD,4008730,49
OKLAHOMA,COVINGTON-DOUGLAS,4008790,-8
OKLAHOMA,COWETA,4008850,560
OKLAHOMA,COYLE,4008940,84
OKLAHOMA,CRESCENT,4009000,124
OKLAHOMA,CROOKED OAK,4009060,256
OKLAHOMA,CROWDER,4009090,70
OKLAHOMA,CRUTCHO,4009150,66
OKLAHOMA,CUSHING,4009240,287
OKLAHOMA,CYRIL,4009300,67
OKLAHOMA,DAHLONEGAH,4009360,47
OKLAHOMA,DALE,4009390,124
OKLAHOMA,DARLINGTON,4009420,29
OKLAHOMA,DAVENPORT,4009450,80
OKLAHOMA,DAVIS,4009510,162
OKLAHOMA,DEER CREEK,4009570,899
OKLAHOMA,DENISON,4009720,-8
OKLAHOMA,DEPEW,4009750,-8
OKLAHOMA,DEWAR,4009780,104
OKLAHOMA,DEWEY,4009810,-8
OKLAHOMA,DIBBLE,4009870,157
OKLAHOMA,DICKSON,4009910,176
OKLAHOMA,DOVER,4010050,-8
OKLAHOMA,DRUMMOND,4010170,-8
OKLAHOMA,DRUMRIGHT,4010200,-8
OKLAHOMA,DUKE,4010260,-8
OKLAHOMA,DUNCAN,4010290,479
OKLAHOMA,DURANT,4010350,698
OKLAHOMA,EAGLETOWN,4010440,26
OKLAHOMA,EARLSBORO,4010500,63
OKLAHOMA,PEAVINE,4010560,29
OKLAHOMA,EDMOND,4010590,3211
OKLAHOMA,EL RENO,4010650,646
OKLAHOMA,ELGIN,4010710,366
OKLAHOMA,ELK CITY,4010740,329
OKLAHOMA,ELMORE CITY-PERNELL,4010860,104
OKLAHOMA,EMPIRE,4010890,-8
OKLAHOMA,ENID,4010920,883
OKLAHOMA,ERICK,4011040,51
OKLAHOMA,EUFAULA,4011160,259
OKLAHOMA,FAIRLAND,4011250,-8
OKLAHOMA,FAIRVIEW,4011280,133
OKLAHOMA,FANSHAWE,4011400,-8
OKLAHOMA,FARGO,4011430,42
OKLAHOMA,FELT,4011580,-8
OKLAHOMA,FLETCHER,4011700,91
OKLAHOMA,FLOWER MOUND,4011760,39
OKLAHOMA,FOREST GROVE,4011850,40
OKLAHOMA,FORGAN,4011880,16
OKLAHOMA,FORT GIBSON,4011970,283
OKLAHOMA,FORT SUPPLY,4012000,18
OKLAHOMA,FOX,4012060,-8
OKLAHOMA,FOYIL,4012090,102
OKLAHOMA,FREDERICK,4012150,136
OKLAHOMA,FREEDOM,4012180,7
OKLAHOMA,FRIEND,4012210,-8
OKLAHOMA,FRINK-CHAMBERS,4012240,90
OKLAHOMA,FORT TOWSON,4012300,-8
OKLAHOMA,GANS,4012390,95
OKLAHOMA,GARBER,4012420,-8
OKLAHOMA,GEARY,4012570,40
OKLAHOMA,GERONIMO,4012630,-8
OKLAHOMA,GLENCOE,4012690,69
OKLAHOMA,GLENPOOL,4012720,417
OKLAHOMA,GLOVER,4012750,24
OKLAHOMA,GOODWELL,4012870,22
OKLAHOMA,GORE,4012900,-8
OKLAHOMA,GRACEMONT,4013080,-8
OKLAHOMA,GRANDFIELD,4013200,42
OKLAHOMA,GRAND VIEW,4013230,104
OKLAHOMA,GRANDVIEW,4013260,25
OKLAHOMA,GRANITE,4013290,-8
OKLAHOMA,GREENVILLE,4013380,10
OKLAHOMA,GROVE,4013500,89
OKLAHOMA,GROVE,4013530,380
OKLAHOMA,GUTHRIE,4013560,538
OKLAHOMA,GUYMON,4013590,306
OKLAHOMA,GYPSY,4013600,-8
OKLAHOMA,HAILEYVILLE,4013620,82
OKLAHOMA,HAMMON,4013650,-8
OKLAHOMA,HANNA,4013680,15
OKLAHOMA,HARDESTY,4013740,16
OKLAHOMA,HARMONY,4013830,50
OKLAHOMA,HARRAH,4013890,475
OKLAHOMA,HARTSHORNE,4013920,151
OKLAHOMA,HASKELL,4013950,156
OKLAHOMA,HAWORTH,4014080,115
OKLAHOMA,HAYWOOD,4014100,37
OKLAHOMA,HEALDTON,4014130,78
OKLAHOMA,HEAVENER,4014160,152
OKLAHOMA,HENNESSEY,4014340,137
OKLAHOMA,HENRYETTA,4014370,243
OKLAHOMA,HILLDALE,4014520,272
OKLAHOMA,HINTON,4014610,98
OKLAHOMA,MIDWAY,4014670,-8
OKLAHOMA,HOBART,4014700,120
OKLAHOMA,HODGEN,4014730,51
OKLAHOMA,HOLDENVILLE,4014790,304
OKLAHOMA,HOLLIS,4014850,-8
OKLAHOMA,HOLLY CREEK,4014890,59
OKLAHOMA,HOMINY,4014970,97
OKLAHOMA,HOOKER,4015090,-8
OKLAHOMA,HOWE,4015120,102
OKLAHOMA,HUGO,4015210,284
OKLAHOMA,HULBERT,4015240,119
OKLAHOMA,IDABEL,4015370,239
OKLAHOMA,INDIAHOMA,4015420,54
OKLAHOMA,INDIANOLA,4015450,96
OKLAHOMA,INOLA,4015480,235
OKLAHOMA,JAY,4015690,375
OKLAHOMA,JENKS,4015720,1922
OKLAHOMA,JENNINGS,4015750,-8
OKLAHOMA,JONES,4015840,114
OKLAHOMA,JUSTICE,4015900,34
OKLAHOMA,JUSTUS-TIAWAH,4015930,81
OKLAHOMA,KANSAS,4015990,186
OKLAHOMA,KELLYVILLE,4016170,156
OKLAHOMA,KENWOOD,4016320,17
OKLAHOMA,KEOTA,4016350,99
OKLAHOMA,KETCHUM,4016380,121
OKLAHOMA,KEYSTONE,4016470,-8
OKLAHOMA,KIEFER,4016500,-8
OKLAHOMA,KILDARE,4016530,18
OKLAHOMA,KINGFISHER,4016560,236
OKLAHOMA,KINGSTON,4016590,350
OKLAHOMA,KINTA,4016620,32
OKLAHOMA,KIOWA,4016650,44
OKLAHOMA,KONAWA,4016710,124
OKLAHOMA,KREBS,4016720,92
OKLAHOMA,KREMLIN-HILLSDALE,4016740,36
OKLAHOMA,DEER CREEK-LAMONT,4017020,25
OKLAHOMA,LANE,4017040,80
OKLAHOMA,LATTA,4017190,94
OKLAHOMA,LAVERNE,4017220,84
OKLAHOMA,LAWTON,4017250,2705
OKLAHOMA,LE FLORE,4017280,45
OKLAHOMA,LEACH,4017310,35
OKLAHOMA,LEEDEY,4017370,-8
OKLAHOMA,LEXINGTON,4017580,166
OKLAHOMA,LIBERTY,4017700,85
OKLAHOMA,LIBERTY,4017760,-8
OKLAHOMA,LINDSAY,4017850,195
OKLAHOMA,LITTLE AXE,4017880,197
OKLAHOMA,LOCUST GROVE,4018000,320
OKLAHOMA,LONE GROVE,4018090,234
OKLAHOMA,LONE STAR,4018240,88
OKLAHOMA,LONE WOLF,4018270,7
OKLAHOMA,LOOKEBA SICKLES,4018390,-8
OKLAHOMA,LOWREY,4018480,29
OKLAHOMA,LUKFATA,4018570,51
OKLAHOMA,LUTHER,4018630,-8
OKLAHOMA,MACOMB,4018660,54
OKLAHOMA,MADILL,4018700,246
OKLAHOMA,MANGUM,4018780,127
OKLAHOMA,MANNFORD,4018840,-8
OKLAHOMA,MANNSVILLE,4018870,26
OKLAHOMA,MAPLE,4018900,-8
OKLAHOMA,MARBLE CITY,4018960,30
OKLAHOMA,MARIETTA,4018990,131
OKLAHOMA,MARLOW,4019080,187
OKLAHOMA,MARYETTA,4019200,151
OKLAHOMA,MASON,4019260,-8
OKLAHOMA,MAUD,4019290,59
OKLAHOMA,MAYSVILLE,4019380,-8
OKLAHOMA,MCCURTAIN,4019410,69
OKLAHOMA,MCALESTER,4019440,675
OKLAHOMA,MCCORD,4019500,46
OKLAHOMA,MCLOUD,4019560,395
OKLAHOMA,MEDFORD,4019620,57
OKLAHOMA,MEEKER,4019680,-8
OKLAHOMA,MERRITT,4019800,154
OKLAHOMA,MIAMI,4019860,296
OKLAHOMA,MIDDLEBERG,4019890,-8
OKLAHOMA,MIDWEST CITY-DEL CITY,4019950,2015
OKLAHOMA,MILBURN,4019980,58
OKLAHOMA,MILL CREEK,4020040,55
OKLAHOMA,MILLWOOD,4020080,139
OKLAHOMA,MINCO,4020100,108
OKLAHOMA,MOFFETT,4020160,46
OKLAHOMA,MONROE,4020190,-8
OKLAHOMA,MOORE,4020250,4474
OKLAHOMA,MOORELAND,4020280,88
OKLAHOMA,MORRIS,4020310,203
OKLAHOMA,MORRISON,4020340,-8
OKLAHOMA,MOSELEY,4020430,-8
OKLAHOMA,MOSS,4020460,61
OKLAHOMA,MOUNDS,4020550,150
OKLAHOMA,MOYERS,4020640,52
OKLAHOMA,MULDROW,4020880,298
OKLAHOMA,MULHALL-ORLANDO,4020910,43
OKLAHOMA,MUSKOGEE,4020970,889
OKLAHOMA,MUSTANG,4021000,1963
OKLAHOMA,SHARON-MUTUAL,4021030,-8
OKLAHOMA,NASHOBA,4021120,15
OKLAHOMA,NAVAJO,4021180,65
OKLAHOMA,NEW LIMA,4021360,51
OKLAHOMA,NEWCASTLE,4021510,394
OKLAHOMA,NEWKIRK,4021540,107
OKLAHOMA,NINNEKAH,4021600,-8
OKLAHOMA,NOBLE,4021630,477
OKLAHOMA,NORMAN,4021720,2866
OKLAHOMA,CHISHOLM,4021780,190
OKLAHOMA,NORWOOD,4021900,-8
OKLAHOMA,NOWATA,4021930,-8
OKLAHOMA,OAK GROVE,4022160,23
OKLAHOMA,OAKDALE,4022350,56
OKLAHOMA,OAKS-MISSION,4022410,38
OKLAHOMA,OILTON,4022560,-8
OKLAHOMA,OKARCHE,4022590,55
OKLAHOMA,OKAY,4022620,77
OKLAHOMA,OKEENE,4022650,-8
OKLAHOMA,OKLAHOMA CITY,4022770,4734
OKLAHOMA,OKMULGEE,4022800,218
OKLAHOMA,OKTAHA,4022830,126
OKLAHOMA,OLIVE,4022860,42
OKLAHOMA,LOMEGA,4022950,50
OKLAHOMA,OOLOGAH-TALALA,4023040,261
OKLAHOMA,OPTIMA,4023070,-8
OKLAHOMA,OSAGE,4023190,41
OKLAHOMA,OSAGE HILLS,4023220,24
OKLAHOMA,OWASSO,4023280,1179
OKLAHOMA,PADEN,4023340,48
OKLAHOMA,PANAMA,4023370,123
OKLAHOMA,PANOLA,4023400,26
OKLAHOMA,PAOLI,4023430,36
OKLAHOMA,PAULS VALLEY,4023550,340
OKLAHOMA,PAWHUSKA,4023580,-8
OKLAHOMA,PAWNEE,4023610,92
OKLAHOMA,PECKHAM,4023700,25
OKLAHOMA,PEGGS,4023730,55
OKLAHOMA,PERKINS-TRYON,4023800,200
OKLAHOMA,PERRY,4023850,147
OKLAHOMA,PIEDMONT,4023970,728
OKLAHOMA,PIONEER,4024150,44
OKLAHOMA,PITTSBURG,4024180,-8
OKLAHOMA,PLAINVIEW,4024240,287
OKLAHOMA,PLEASANT GROVE,4024330,23
OKLAHOMA,PIONEER-PLEASANT VALE,4024510,-8
OKLAHOMA,POCOLA,4024630,148
OKLAHOMA,PONCA CITY,4024690,778
OKLAHOMA,POND CREEK-HUNTER,4024720,-8
OKLAHOMA,PORUM,4024840,-8
OKLAHOMA,POTEAU,4024870,399
OKLAHOMA,PRAGUE,4024930,170
OKLAHOMA,PRESTON,4025050,88
OKLAHOMA,PRETTY WATER,4025080,-8
OKLAHOMA,PRUE,4025170,-8
OKLAHOMA,PRYOR,4025200,542
OKLAHOMA,PURCELL,4025230,252
OKLAHOMA,PUTNAM CITY,4025290,2855
OKLAHOMA,QUAPAW,4025320,100
OKLAHOMA,QUINTON,4025410,98
OKLAHOMA,CANEY VALLEY,4025470,134
OKLAHOMA,RATTAN,4025500,84
OKLAHOMA,RAVIA,4025530,-8
OKLAHOMA,RED OAK,4025590,-8
OKLAHOMA,REYDON,4025800,-8
OKLAHOMA,RINGLING,4025860,-8
OKLAHOMA,RINGWOOD,4025920,47
OKLAHOMA,RIPLEY,4025950,-8
OKLAHOMA,RIVERSIDE,4026010,-8
OKLAHOMA,ROBIN HILL,4026100,-8
OKLAHOMA,ROCKY MOUNTAIN,4026250,25
OKLAHOMA,ROFF,4026280,57
OKLAHOMA,ROLAND,4026310,245
OKLAHOMA,RUSH SPRINGS,4026550,97
OKLAHOMA,RYAL,4026580,-8
OKLAHOMA,RYAN,4026610,-8
OKLAHOMA,SOUTH COFFEYVILLE,4026640,-8
OKLAHOMA,SALINA,4026730,183
OKLAHOMA,SALLISAW,4026790,332
OKLAHOMA,SAND SPRINGS,4026880,806
OKLAHOMA,SAPULPA,4026910,640
OKLAHOMA,SASAKWA,4026940,43
OKLAHOMA,SAVANNA,4027000,85
OKLAHOMA,SAYRE,4027060,128
OKLAHOMA,SCHULTER,4027090,50
OKLAHOMA,SEILING,4027240,70
OKLAHOMA,SEMINOLE,4027300,327
OKLAHOMA,SENTINEL,4027330,41
OKLAHOMA,SEQUOYAH,4027390,169
OKLAHOMA,SHADY GROVE,4027420,36
OKLAHOMA,SHADY POINT,4027450,44
OKLAHOMA,SHATTUCK,4027540,-8
OKLAHOMA,SHAWNEE,4027570,599
OKLAHOMA,SHIDLER,4027630,44
OKLAHOMA,SILO,4027640,283
OKLAHOMA,SKIATOOK,4027750,283
OKLAHOMA,SMITHVILLE,4027840,-8
OKLAHOMA,SNYDER,4027930,88
OKLAHOMA,SOPER,4027960,55
OKLAHOMA,SOUTH ROCK CREEK,4027990,-8
OKLAHOMA,SPERRY,4028170,-8
OKLAHOMA,SPIRO,4028200,-8
OKLAHOMA,SPRINGER,4028350,-8
OKLAHOMA,STERLING,4028590,55
OKLAHOMA,STIDHAM,4028620,-8
OKLAHOMA,STIGLER,4028650,301
OKLAHOMA,STILLWATER,4028680,1006
OKLAHOMA,STILWELL,4028710,284
OKLAHOMA,STONEWALL,4028800,90
OKLAHOMA,STRAIGHT,4028920,0
OKLAHOMA,STRATFORD,4028980,-8
OKLAHOMA,STRINGTOWN,4029010,57
OKLAHOMA,STROTHER,4029040,74
OKLAHOMA,STROUD,4029070,134
OKLAHOMA,STUART,4029100,52
OKLAHOMA,SULPHUR,4029160,276
OKLAHOMA,SWEETWATER,4029310,-8
OKLAHOMA,TAHLEQUAH,4029380,740
OKLAHOMA,TALIHINA,4029400,101
OKLAHOMA,TALOGA,4029430,27
OKLAHOMA,TANNEHILL,4029520,39
OKLAHOMA,TECUMSEH,4029610,332
OKLAHOMA,TEMPLE,4029640,-8
OKLAHOMA,TENKILLER,4029670,38
OKLAHOMA,TERRAL,4029760,-8
OKLAHOMA,TEXHOMA,4029820,27
OKLAHOMA,THACKERVILLE,4029850,61
OKLAHOMA,MOUNTAIN VIEW-GOTEBO,4029886,50
OKLAHOMA,TIPTON,4030030,49
OKLAHOMA,WOODLAND,4030048,53
OKLAHOMA,TISHOMINGO,4030060,191
OKLAHOMA,TONKAWA,4030120,141
OKLAHOMA,PORTER CONSOLIDATED,4030197,114
OKLAHOMA,TULSA,4030240,4316
OKLAHOMA,TUPELO,4030270,66
OKLAHOMA,TURKEY FORD,4030290,16
OKLAHOMA,TURNER,4030300,-8
OKLAHOMA,TURPIN,4030330,-8
OKLAHOMA,TUSHKA,4030360,139
OKLAHOMA,TUSKAHOMA,4030390,29
OKLAHOMA,TUTTLE,4030420,286
OKLAHOMA,TWIN HILLS,4030450,79
OKLAHOMA,TYRONE,4030480,-8
OKLAHOMA,UNION,4030600,2027
OKLAHOMA,UNION CITY,4030630,61
OKLAHOMA,VALLIANT,4030870,199
OKLAHOMA,VANOSS,4030960,111
OKLAHOMA,VARNUM,4030990,70
OKLAHOMA,VELMA-ALMA,4031020,65
OKLAHOMA,VERDEN,4031080,51
OKLAHOMA,VERDIGRIS,4031110,222
OKLAHOMA,VIAN,4031140,242
OKLAHOMA,VICI,4031170,-8
OKLAHOMA,VINITA,4031290,276
OKLAHOMA,WAGONER,4031350,384
OKLAHOMA,WAINWRIGHT,4031380,17
OKLAHOMA,WALTERS,4031470,87
OKLAHOMA,WANETTE,4031500,36
OKLAHOMA,WAPANUCKA,4031590,67
OKLAHOMA,WARNER,4031650,167
OKLAHOMA,WASHINGTON,4031710,152
OKLAHOMA,WATONGA,4031770,131
OKLAHOMA,WATTS,4031860,50
OKLAHOMA,WAUKOMIS,4031950,64
OKLAHOMA,WAURIKA,4031980,81
OKLAHOMA,WAYNE,4032010,105
OKLAHOMA,WAYNOKA,4032040,-8
OKLAHOMA,WEATHERFORD,4032070,274
OKLAHOMA,WEBBERS FALLS,4032130,64
OKLAHOMA,WELCH,4032190,88
OKLAHOMA,WELEETKA,4032220,115
OKLAHOMA,WELLSTON,4032280,97
OKLAHOMA,WESTERN HEIGHTS,4032370,398
OKLAHOMA,WESTVILLE,4032400,202
OKLAHOMA,WETUMKA,4032430,118
OKLAHOMA,WEWOKA,4032460,158
OKLAHOMA,WHITE OAK,4032610,13
OKLAHOMA,WHITE ROCK,4032640,-8
OKLAHOMA,WHITEBEAD,4032670,41
OKLAHOMA,WHITEFIELD,4032700,48
OKLAHOMA,WHITESBORO,4032730,49
OKLAHOMA,WICKLIFFE,4032760,30
OKLAHOMA,WILBURTON,4032790,209
OKLAHOMA,WILSON,4032880,64
OKLAHOMA,WILSON,4032940,81
OKLAHOMA,WISTER,4032970,93
OKLAHOMA,WOODALL,4033090,82
OKLAHOMA,WOODWARD,4033180,372
OKLAHOMA,WRIGHT CITY,4033210,79
OKLAHOMA,WYANDOTTE,4033240,-8
OKLAHOMA,WYNNEWOOD,4033300,-8
OKLAHOMA,WYNONA,4033330,-8
OKLAHOMA,YALE,4033360,-8
OKLAHOMA,YARBROUGH,4033390,8
OKLAHOMA,YUKON,4033480,1621
OKLAHOMA,ZANEIS,4033540,-8
OKLAHOMA,ZION,4033600,46
OKLAHOMA,ROCK CREEK,4033601,-8
OKLAHOMA,FORT COBB-BROXTON,4033602,49
OKLAHOMA,BINGER-ONEY,4033603,99
OKLAHOMA,W.K. JACKSON LEADERSHIP ACADEMY (CHARTER),4033604,0
OREGON,Falls City SD 57,4100003,-8
OREGON,Vale SD 84,4100014,120
OREGON,Gervais SD 1,4100015,143
OREGON,Yamhill Carlton SD 1,4100016,150
OREGON,Harrisburg SD 7J,4100019,102
OREGON,North Santiam SD 29J,4100020,334
OREGON,South Wasco County SD 1,4100021,-8
OREGON,Hillsboro SD 1J,4100023,2725
OREGON,Knappa SD 4,4100040,100
OREGON,Malheur County SD 51,4100042,0
OREGON,Ione SD R2,4100047,12
OREGON,North Wasco County SD 21,4100048,453
OREGON,Myrtle Point SD 41,4100640,96
OREGON,Adel SD 21,4100990,3
OREGON,Adrian SD 61,4101020,32
OREGON,Greater Albany Public SD 8J,4101120,1366
OREGON,Alsea SD 7J,4101200,13
OREGON,Amity SD 4J,4101230,117
OREGON,Annex SD 29,4101350,10
OREGON,Arlington SD 3,4101470,21
OREGON,Arock SD 81,4101500,0
OREGON,Ashland SD 5,4101560,309
OREGON,Ashwood SD 8,4101590,0
OREGON,Astoria SD 1,4101620,260
OREGON,Athena-Weston SD 29RJ,4101660,64
OREGON,Baker SD 5J,4101710,561
OREGON,Burnt River SD 30J,4101740,3
OREGON,Bandon SD 54,4101800,101
OREGON,Banks SD 13,4101830,136
OREGON,Beaverton SD 48J,4101920,4655
OREGON,Bend-LaPine Administrative SD 1,4101980,1774
OREGON,Bethel SD 52,4102040,998
OREGON,Blachly SD 90,4102160,-8
OREGON,Black Butte SD 41,4102190,-8
OREGON,Brookings-Harbor SD 17C,4102310,215
OREGON,Harney County SD 3,4102490,124
OREGON,Butte Falls SD 91,4102580,-8
OREGON,Camas Valley SD 21J,4102610,-8
OREGON,Canby SD 86,4102640,594
OREGON,Cascade SD 5,4102780,382
OREGON,Centennial SD 28J,4102800,818
OREGON,Central SD 13J,4102840,425
OREGON,Central Linn SD 552,4102910,91
OREGON,Central Point SD 6,4102940,625
OREGON,Clatskanie SD 6J,4103260,124
OREGON,Rainier SD 13,4103265,159
OREGON,Colton SD 53,4103270,87
OREGON,Condon SD 25J,4103330,-8
OREGON,Coquille SD 8,4103390,142
OREGON,Corbett SD 39,4103420,100
OREGON,Corvallis SD 509J,4103480,742
OREGON,Cove SD 15,4103540,-8
OREGON,Harney County SD 4,4103600,90
OREGON,Harney County Union High SD 1J,4103630,90
OREGON,Coos Bay SD 9,4103660,496
OREGON,Creswell SD 40,4103690,196
OREGON,Crook County SD,4103720,457
OREGON,Crow-Applegate-Lorane SD 66,4103780,41
OREGON,Culver SD 4,4103840,81
OREGON,Dallas SD 2,4103860,539
OREGON,David Douglas SD 40,4103940,1128
OREGON,Douglas County SD 15,4103960,46
OREGON,Dayton SD 8,4103990,119
OREGON,Dayville SD 16J,4104020,-8
OREGON,Diamond SD 7,4104170,-8
OREGON,Double O SD 28,4104290,NA
OREGON,North Douglas SD 22,4104350,74
OREGON,Drewsey SD 13,4104380,NA
OREGON,Dufur SD 29,4104410,-8
OREGON,Eagle Point SD 9,4104500,660
OREGON,Echo SD 5,4104530,-8
OREGON,Elgin SD 23,4104590,59
OREGON,Elkton SD 34,4104620,24
OREGON,Estacada SD 108,4104700,313
OREGON,Eugene SD 4J,4104740,2178
OREGON,Fern Ridge SD 28J,4104950,258
OREGON,South Harney SD 33,4105020,-8
OREGON,Enterprise SD 21,4105080,77
OREGON,Siuslaw SD 97J,4105100,195
OREGON,Forest Grove SD 15,4105160,868
OREGON,Fossil SD 21J,4105250,-8
OREGON,Frenchglen SD 16,4105310,-8
OREGON,Gaston SD 511J,4105430,79
OREGON,Gladstone SD 115,4105610,203
OREGON,Glendale SD 77,4105640,49
OREGON,Glide SD 12,4105670,113
OREGON,Central Curry SD 1,4105760,48
OREGON,Grants Pass SD 7,4105910,790
OREGON,Gresham-Barlow SD 10J,4106000,1567
OREGON,Harper SD 66,4106120,9
OREGON,Helix SD 1,4106270,12
OREGON,Hermiston SD 8,4106300,685
OREGON,Hood River County SD,4106510,519
OREGON,Huntington SD 16J,4106600,9
OREGON,Imbler SD 11,4106630,-8
OREGON,Jefferson SD 14J,4106710,114
OREGON,Jefferson County SD 509J,4106740,491
OREGON,Jewell SD 8,4106750,26
OREGON,John Day SD 3,4106780,85
OREGON,Jordan Valley SD 3,4106820,4
OREGON,Joseph SD 6,4106870,23
OREGON,Three Rivers/Josephine County SD,4106900,681
OREGON,Junction City SD 69,4106930,305
OREGON,Juntura SD 12,4106960,0
OREGON,Klamath County SD,4107020,1123
OREGON,Klamath Falls City Schools,4107080,443
OREGON,La Grande SD 1,4107200,422
OREGON,Lake Oswego SD 7J,4107230,728
OREGON,Lake County SD 7,4107280,111
OREGON,Lebanon Community SD 9,4107380,705
OREGON,Lincoln County SD,4107500,732
OREGON,Long Creek SD 17,4107530,4
OREGON,Lowell SD 71,4107590,72
OREGON,Mapleton SD 32,4107710,33
OREGON,Marcola SD 79J,4107740,32
OREGON,McKenzie SD 68,4107980,-8
OREGON,McMinnville SD 40,4108010,909
OREGON,Medford SD 549C,4108040,2119
OREGON,Santiam Canyon SD 129J,4108100,-8
OREGON,Milton-Freewater Unified SD 7,4108160,246
OREGON,Mitchell SD 55,4108280,-8
OREGON,Molalla River SD 35,4108310,447
OREGON,Monroe SD 1J,4108430,54
OREGON,Monument SD 8,4108460,6
OREGON,Morrow SD 1,4108520,380
OREGON,Mt Angel SD 91,4108550,97
OREGON,Neah-Kah-Nie SD 56,4108650,107
OREGON,Nestucca Valley SD 101J,4108700,-8
OREGON,Newberg SD 29J,4108720,654
OREGON,North Bend SD 13,4108820,553
OREGON,North Clackamas SD 12,4108830,2848
OREGON,North Marion SD 15,4108880,270
OREGON,North Powder SD 8J,4108940,-8
OREGON,Nyssa SD 26,4109000,147
OREGON,Oakland SD 1,4109120,90
OREGON,Oakridge SD 76,4109150,103
OREGON,Ontario SD 8C,4109270,392
OREGON,Oregon City SD 62,4109330,1121
OREGON,Paisley SD 11,4109430,7
OREGON,Parkrose SD 3,4109480,423
OREGON,Pendleton SD 16,4109510,465
OREGON,Perrydale SD 21,4109530,29
OREGON,Philomath SD 17J,4109600,161
OREGON,Phoenix-Talent SD 4,4109630,370
OREGON,Pilot Rock SD 2,4109660,-8
OREGON,Pine Creek SD 5,4109690,0
OREGON,Pine Eagle SD 61,4109720,-8
OREGON,Pinehurst SD 94,4109750,-8
OREGON,Pleasant Hill SD 1,4109870,147
OREGON,Plush SD 18,4109960,3
OREGON,Port Orford-Langlois SD 2CJ,4110020,34
OREGON,Portland SD 1J,4110040,7347
OREGON,Powers SD 31,4110080,-8
OREGON,Prairie City SD 4,4110110,-8
OREGON,Prospect SD 59,4110200,-8
OREGON,Redmond SD 2J,4110350,921
OREGON,Reedsport SD 105,4110410,123
OREGON,Reynolds SD 7,4110520,1641
OREGON,Riddle SD 70,4110530,75
OREGON,Riverdale SD 51J,4110560,29
OREGON,Rogue River SD 35,4110680,165
OREGON,Douglas County SD 4,4110710,756
OREGON,Salem-Keizer SD 24J,4110820,6721
OREGON,Oregon Trail SD 46,4110890,623
OREGON,Scappoose SD 1J,4110980,366
OREGON,Scio SD 95,4111040,65
OREGON,Seaside SD 10,4111100,203
OREGON,Sheridan SD 48J,4111220,138
OREGON,Sherman County SD,4111250,41
OREGON,Sherwood SD 88J,4111290,558
OREGON,North Lake SD 14,4111400,52
OREGON,Silver Falls SD 4J,4111450,481
OREGON,Sisters SD 6,4111490,141
OREGON,South Lane SD 45J3,4111580,516
OREGON,South Umpqua SD 19,4111610,230
OREGON,Spray SD 1,4111640,6
OREGON,Springfield SD 19,4111670,1647
OREGON,St Helens SD 502,4111720,497
OREGON,St Paul SD 45,4111760,-8
OREGON,Stanfield SD 61,4111790,69
OREGON,Suntex SD 10,4111910,0
OREGON,Sutherlin SD 130,4111940,245
OREGON,Sweet Home SD 55,4111970,440
OREGON,Tigard-Tualatin SD 23J,4112240,1392
OREGON,Tillamook SD 9,4112320,321
OREGON,Troy SD 54,4112360,-8
OREGON,Ukiah SD 80R,4112540,3
OREGON,Umatilla SD 6R,4112600,137
OREGON,Union SD 5,4112690,58
OREGON,Vernonia SD 47J,4112930,79
OREGON,Wallowa SD 12,4112990,33
OREGON,Warrenton-Hammond SD 30,4113080,135
OREGON,West Linn-Wilsonville SD 3J,4113170,1096
OREGON,Willamina SD 30J,4113350,126
OREGON,Winston-Dillard SD 116,4113490,252
OREGON,Woodburn SD 103,4113530,768
OREGON,Yoncalla SD 32,4113650,51
OREGON,Clackamas ESD,4180505,-8
PENNSYLVANIA,Keystone Education Center CS,4200011,79
PENNSYLVANIA,Chester Co Family Academy CS,4200012,13
PENNSYLVANIA,Community Academy of Philadelphia CS,4200013,283
PENNSYLVANIA,Harambee Institute of Science and Technology CS,4200014,71
PENNSYLVANIA,Youth Build Phila CS,4200016,59
PENNSYLVANIA,Manchester Academic CS,4200017,60
PENNSYLVANIA,Urban Pathways 6-12 CS,4200018,86
PENNSYLVANIA,Urban Academy of Greater Pittsburgh CS,4200019,51
PENNSYLVANIA,Robert Benjamin Wiley Community CS,4200020,98
PENNSYLVANIA,Dr Robert Ketterer CS Inc,4200021,82
PENNSYLVANIA,Centre Learning Community CS,4200023,20
PENNSYLVANIA,Nittany Valley CS,4200024,11
PENNSYLVANIA,South Mountain Secure Trmnt Unit,4200025,0
PENNSYLVANIA,La Academia Partnership CS,4200026,61
PENNSYLVANIA,Sylvan Heights Science CS,4200027,23
PENNSYLVANIA,School Lane CS,4200030,156
PENNSYLVANIA,Chester Community CS,4200035,824
PENNSYLVANIA,Preparatory CS of Mathematics Science Tech and Careers,4200036,102
PENNSYLVANIA,Imhotep Institute CHS,4200038,119
PENNSYLVANIA,Alliance for Progress CS,4200039,93
PENNSYLVANIA,Multicultural Academy CS,4200040,65
PENNSYLVANIA,West Oak Lane CS,4200041,164
PENNSYLVANIA,Inquiry CS,4200042,57
PENNSYLVANIA,Eugenio Maria De Hostos CS,4200043,158
PENNSYLVANIA,Laboratory CS,4200044,68
PENNSYLVANIA,Crispus Attucks CS,4200048,13
PENNSYLVANIA,Danville Ctr Adolescent Female,4200049,0
PENNSYLVANIA,Collegium CS,4200050,650
PENNSYLVANIA,MAST Community CS,4200051,253
PENNSYLVANIA,Christopher Columbus CS,4200052,151
PENNSYLVANIA,Universal Institute CS,4200055,104
PENNSYLVANIA,Math Civics and Sciences CS,4200056,64
PENNSYLVANIA,Young Scholars CS,4200058,78
PENNSYLVANIA,Freire CS,4200060,236
PENNSYLVANIA,Philadelphia Academy CS,4200061,236
PENNSYLVANIA,Mastery CS-Hardy Williams,4200062,282
PENNSYLVANIA,Sugar Valley Rural CS,4200063,133
PENNSYLVANIA,Spectrum CS,4200064,44
PENNSYLVANIA,Lincoln CS,4200065,114
PENNSYLVANIA,Renaissance Academy CS,4200067,251
PENNSYLVANIA,Roberto Clemente CS,4200068,50
PENNSYLVANIA,Bucks County Montessori CS,4200069,31
PENNSYLVANIA,Souderton CS Collaborative,4200070,45
PENNSYLVANIA,Pennsylvania Cyber CS,4200071,2535
PENNSYLVANIA,Global Leadership Academy CS,4200073,85
PENNSYLVANIA,Philadelphia Performing Arts CS,4200074,501
PENNSYLVANIA,New Foundations CS,4200075,185
PENNSYLVANIA,Esperanza Academy CS,4200076,297
PENNSYLVANIA,Franklin Towne CHS,4200077,205
PENNSYLVANIA,Mariana Bracetti Academy CS,4200079,383
PENNSYLVANIA,Mastery CHS-Lenfest Campus,4200084,175
PENNSYLVANIA,People for People CS,4200085,140
PENNSYLVANIA,Richard Allen Preparatory CS,4200086,68
PENNSYLVANIA,Independence CS,4200087,160
PENNSYLVANIA,Pennsylvania Virtual CS,4200088,636
PENNSYLVANIA,21st Century Cyber CS,4200091,229
PENNSYLVANIA,Russell Byers CS,4200092,141
PENNSYLVANIA,First Philadelphia Preparatory CS,4200093,373
PENNSYLVANIA,City CHS,4200094,106
PENNSYLVANIA,Central PA Digital Learning Foundation CS,4200095,45
PENNSYLVANIA,Fell CS,4200096,32
PENNSYLVANIA,Lehigh Valley Academy Regional CS,4200098,306
PENNSYLVANIA,Lehigh Valley Charter High School for the Arts,4200099,70
PENNSYLVANIA,Center for Student Learning CS at Pennsbury,4200100,70
PENNSYLVANIA,Avon Grove CS,4200101,330
PENNSYLVANIA,Green Woods CS,4200104,106
PENNSYLVANIA,West Phila. Achievement CES,4200105,78
PENNSYLVANIA,Wissahickon CS,4200106,215
PENNSYLVANIA,Philadelphia Electrical & Tech CHS,4200107,141
PENNSYLVANIA,Belmont CS,4200108,245
PENNSYLVANIA,Propel CS-Homestead,4200111,117
PENNSYLVANIA,New Day CS,4200114,87
PENNSYLVANIA,Perseus House CS of Excellence,4200115,192
PENNSYLVANIA,Infinity CS,4200118,15
PENNSYLVANIA,Commonwealth Charter Academy CS,4200119,5794
PENNSYLVANIA,Discovery CS,4200121,81
PENNSYLVANIA,KIPP Philadelphia CS,4200122,193
PENNSYLVANIA,Maritime Academy CS,4200123,33
PENNSYLVANIA,Montessori Regional CS,4200124,78
PENNSYLVANIA,Pennsylvania Distance Learning CS,4200125,308
PENNSYLVANIA,Bear Creek Community CS,4200126,100
PENNSYLVANIA,Pennsylvania Leadership CS,4200127,585
PENNSYLVANIA,Achievement House CS,4200128,353
PENNSYLVANIA,Ad Prima CS,4200129,100
PENNSYLVANIA,Philadelphia Montessori CS,4200130,54
PENNSYLVANIA,The New Academy CS,4200133,31
PENNSYLVANIA,Propel CS-McKeesport,4200134,59
PENNSYLVANIA,Propel CS-East,4200135,54
PENNSYLVANIA,Tidioute Community CS,4200136,62
PENNSYLVANIA,Young Scholars of Central PA CS,4200137,70
PENNSYLVANIA,Northwood Academy CS,4200139,139
PENNSYLVANIA,Agora Cyber CS,4200140,1668
PENNSYLVANIA,Folk Arts-Cultural Treasures CS,4200141,80
PENNSYLVANIA,Lincoln Park Performing Arts CS,4200143,75
PENNSYLVANIA,Mastery CS-Thomas Campus,4200144,235
PENNSYLVANIA,Mastery CS-Shoemaker Campus,4200145,200
PENNSYLVANIA,Evergreen Community CS,4200749,10
PENNSYLVANIA,Propel CS-Montour,4200752,158
PENNSYLVANIA,Southwest Leadership Academy CS,4200758,96
PENNSYLVANIA,Boys Latin of Philadelphia CS,4200760,213
PENNSYLVANIA,Mastery CS-Pickett Campus,4200761,279
PENNSYLVANIA,Keystone Academy CS,4200762,147
PENNSYLVANIA,Pan American Academy CS,4200810,188
PENNSYLVANIA,Environmental CS at Frick Park,4200812,185
PENNSYLVANIA,Antonia Pantoja Community CS,4200813,193
PENNSYLVANIA,Vida CS,4200814,24
PENNSYLVANIA,Sankofa Freedom Academy CS,4200816,121
PENNSYLVANIA,Franklin Towne Charter Elementary School,4200817,164
PENNSYLVANIA,Seven Generations CS,4200818,62
PENNSYLVANIA,Lincoln Leadership Academy CS,4200819,100
PENNSYLVANIA,Tacony Academy CS,4200821,214
PENNSYLVANIA,Central Valley SD,4200824,370
PENNSYLVANIA,Mastery CS-Harrity Campus,4200828,141
PENNSYLVANIA,Mastery CS-Smedley Campus,4200829,180
PENNSYLVANIA,Frederick Douglass Mastery CS,4200830,130
PENNSYLVANIA,Mastery CS-Mann Campus,4200831,100
PENNSYLVANIA,Lehigh Valley Dual Language CS,4200832,39
PENNSYLVANIA,Propel CS-Braddock Hills,4200833,160
PENNSYLVANIA,Bluford CS,4200834,143
PENNSYLVANIA,ASPIRA Bilingual Cyber CS,4200835,425
PENNSYLVANIA,Gettysburg Montessori CS,4200836,42
PENNSYLVANIA,Mastery CS-Clymer Elementary,4200840,102
PENNSYLVANIA,Gillingham Charter School,4200841,68
PENNSYLVANIA,Stone Valley Community CS,4200844,23
PENNSYLVANIA,Young Scholars of Western Pennsylvania CS,4200845,46
PENNSYLVANIA,York Academy Regional CS,4200846,98
PENNSYLVANIA,Urban Pathways K-5 College CS,4200847,64
PENNSYLVANIA,Propel CS-Northside,4200849,83
PENNSYLVANIA,Lindley Academy CS at Birney,4200850,130
PENNSYLVANIA,Mastery CS-Gratz Campus,4200851,347
PENNSYLVANIA,HOPE for Hyndman CS,4200852,35
PENNSYLVANIA,Penn Hills CS of Entrepreneurship,4200853,75
PENNSYLVANIA,Erie Rise Leadership Academy CS,4200854,61
PENNSYLVANIA,Universal Vare CS,4200855,22
PENNSYLVANIA,Universal Audenried CS,4200856,151
PENNSYLVANIA,Chester Charter Scholars Academy CS,4200857,141
PENNSYLVANIA,Esperanza Cyber CS,4200858,231
PENNSYLVANIA,Propel CS-Pitcairn,4200859,44
PENNSYLVANIA,Arts Academy CS,4200860,42
PENNSYLVANIA,Baden Academy CS,4200861,131
PENNSYLVANIA,Mastery CS-Cleveland Elementary,4200862,154
PENNSYLVANIA,The Philadelphia CS for Arts and Sciences at HR Edmunds,4200863,290
PENNSYLVANIA,Universal Creighton CS,4200866,125
PENNSYLVANIA,Howard Gardner Multiple Intelligence CS,4200867,52
PENNSYLVANIA,Memphis Street Academy CS @ JP Jones,4200870,134
PENNSYLVANIA,Universal Alcorn CS,4200872,94
PENNSYLVANIA,Premier Arts and Science CS,4200873,13
PENNSYLVANIA,Mastery CS-Francis D. Pastorius Elementary,4200874,151
PENNSYLVANIA,Circle of Seasons CS,4200875,65
PENNSYLVANIA,Capital Area School for the Arts CS,4200876,21
PENNSYLVANIA,Executive Education Academy CS,4200879,124
PENNSYLVANIA,Propel CS-Hazelwood,4200880,52
PENNSYLVANIA,Passport Academy CS,4200882,33
PENNSYLVANIA,Arts Academy Elementary CS,4200883,66
PENNSYLVANIA,Young Scholars of Greater Allegheny CS,4200884,71
PENNSYLVANIA,Vision Academy CS,4200885,78
PENNSYLVANIA,KIPP DuBois CS,4200886,144
PENNSYLVANIA,Reach Cyber CS,4200887,1641
PENNSYLVANIA,KIPP West Philadelphia CS,4200888,167
PENNSYLVANIA,Mastery CS John Wister Elementary,4200889,102
PENNSYLVANIA,Provident CS,4200890,205
PENNSYLVANIA,MaST Community CS II,4200891,329
PENNSYLVANIA,Global Leadership Academy CS Southwest at Huey,4200892,89
PENNSYLVANIA,Independence CS West,4200893,198
PENNSYLVANIA,Innovative Arts Academy CS,4200894,119
PENNSYLVANIA,TECH Freire CS,4200895,109
PENNSYLVANIA,Westinghouse Arts Academy CS,4200896,46
PENNSYLVANIA,Easton Arts Academy Elementary CS,4200897,39
PENNSYLVANIA,Insight PA Cyber CS,4200898,848
PENNSYLVANIA,Deep Roots CS,4200899,57
PENNSYLVANIA,Mastery Prep Elementary CS,4200900,74
PENNSYLVANIA,KIPP North Philadelphia CS,4200901,114
PENNSYLVANIA,Philadelphia Hebrew Public CS,4200902,90
PENNSYLVANIA,MaST Community CS III,4200903,246
PENNSYLVANIA,Catalyst Academy CS,4200904,35
PENNSYLVANIA,Life Male STEAM Academy CS,4200906,26
PENNSYLVANIA,Pennsylvania STEAM Academy CS,4200907,15
PENNSYLVANIA,Abington Heights SD,4202010,496
PENNSYLVANIA,Abington SD,4202040,1564
PENNSYLVANIA,Albert Gallatin Area SD,4202100,795
PENNSYLVANIA,Aliquippa SD,4202130,223
PENNSYLVANIA,Allegheny Valley SD,4202190,191
PENNSYLVANIA,Allentown City SD,4202280,3032
PENNSYLVANIA,Allegheny-Clarion Valley SD,4202310,134
PENNSYLVANIA,Altoona Area SD,4202340,1805
PENNSYLVANIA,Wissahickon SD,4202400,956
PENNSYLVANIA,Ambridge Area SD,4202440,495
PENNSYLVANIA,Antietam SD,4202480,277
PENNSYLVANIA,Annville-Cleona SD,4202490,235
PENNSYLVANIA,Apollo-Ridge SD,4202550,246
PENNSYLVANIA,Armstrong SD,4202590,1082
PENNSYLVANIA,Lenape Tech,4202600,0
PENNSYLVANIA,Athens Area SD,4202670,424
PENNSYLVANIA,Austin Area SD,4202700,32
PENNSYLVANIA,Avella Area SD,4202760,114
PENNSYLVANIA,Avon Grove SD,4202790,634
PENNSYLVANIA,Avonworth SD,4202820,279
PENNSYLVANIA,Pine-Richland SD,4202850,724
PENNSYLVANIA,Chester County Technical College HS,4202900,0
PENNSYLVANIA,Bald Eagle Area SD,4202910,284
PENNSYLVANIA,Baldwin-Whitehall SD,4202970,617
PENNSYLVANIA,Bangor Area SD,4203000,508
PENNSYLVANIA,Beaver Area SD,4203120,279
PENNSYLVANIA,Bedford Area SD,4203180,305
PENNSYLVANIA,Belle Vernon Area SD,4203210,370
PENNSYLVANIA,Bellefonte Area SD,4203240,515
PENNSYLVANIA,Bellwood-Antis SD,4203300,240
PENNSYLVANIA,Bensalem Township SD,4203330,1494
PENNSYLVANIA,Bentworth SD,4203360,229
PENNSYLVANIA,Benton Area SD,4203390,121
PENNSYLVANIA,Berlin Brothersvalley SD,4203420,133
PENNSYLVANIA,Bermudian Springs SD,4203450,207
PENNSYLVANIA,Berwick Area SD,4203480,583
PENNSYLVANIA,Bethel Park SD,4203510,771
PENNSYLVANIA,Bethlehem Area SD,4203570,2699
PENNSYLVANIA,Bethlehem-Center SD,4203600,272
PENNSYLVANIA,Big Beaver Falls Area SD,4203630,435
PENNSYLVANIA,Big Spring SD,4203660,597
PENNSYLVANIA,Blackhawk SD,4203688,441
PENNSYLVANIA,Blacklick Valley SD,4203690,151
PENNSYLVANIA,River Valley SD,4203750,273
PENNSYLVANIA,Bloomsburg Area SD,4203840,250
PENNSYLVANIA,Blue Mountain SD,4203870,553
PENNSYLVANIA,Blue Ridge SD,4203900,207
PENNSYLVANIA,Boyertown Area SD,4203960,1537
PENNSYLVANIA,Bradford Area SD,4204020,451
PENNSYLVANIA,Brandywine Heights Area SD,4204050,291
PENNSYLVANIA,Brownsville Area SD,4204080,387
PENNSYLVANIA,Bryn Athyn SD,4204090,-8
PENNSYLVANIA,Brentwood Borough SD,4204140,214
PENNSYLVANIA,Bristol Borough SD,4204200,280
PENNSYLVANIA,Bristol Township SD,4204230,1539
PENNSYLVANIA,Brockway Area SD,4204260,151
PENNSYLVANIA,Brookville Area SD,4204320,263
PENNSYLVANIA,Burgettstown Area SD,4204500,228
PENNSYLVANIA,Burrell SD,4204530,278
PENNSYLVANIA,Butler Area SD,4204590,1288
PENNSYLVANIA,California Area SD,4204710,187
PENNSYLVANIA,Cambria Heights SD,4204740,212
PENNSYLVANIA,Cameron County SD,4204830,95
PENNSYLVANIA,Camp Hill SD,4204860,156
PENNSYLVANIA,Canon-McMillan SD,4204890,884
PENNSYLVANIA,Canton Area SD,4204920,193
PENNSYLVANIA,Carbondale Area SD,4204980,418
PENNSYLVANIA,Carlisle Area SD,4205010,908
PENNSYLVANIA,Carlynton SD,4205040,246
PENNSYLVANIA,Carmichaels Area SD,4205070,216
PENNSYLVANIA,Catasauqua Area SD,4205160,272
PENNSYLVANIA,Centennial SD,4205190,1117
PENNSYLVANIA,Central Bucks SD,4205310,2675
PENNSYLVANIA,Central Cambria SD,4205340,286
PENNSYLVANIA,Central Columbia SD,4205370,313
PENNSYLVANIA,Central Dauphin SD,4205400,2101
PENNSYLVANIA,Central Greene SD,4205430,412
PENNSYLVANIA,Crestwood SD,4205460,454
PENNSYLVANIA,Central York SD,4205490,719
PENNSYLVANIA,Chambersburg Area SD,4205550,1511
PENNSYLVANIA,Charleroi SD,4205640,282
PENNSYLVANIA,Chartiers Valley SD,4205700,424
PENNSYLVANIA,Chartiers-Houston SD,4205730,212
PENNSYLVANIA,Cheltenham SD,4205760,821
PENNSYLVANIA,Chester-Upland SD,4205860,611
PENNSYLVANIA,Chestnut Ridge SD,4205880,212
PENNSYLVANIA,Chichester SD,4205910,838
PENNSYLVANIA,Clairton City SD,4206030,211
PENNSYLVANIA,Clarion Area SD,4206060,141
PENNSYLVANIA,Clarion-Limestone Area SD,4206090,129
PENNSYLVANIA,Claysburg-Kimmel SD,4206120,152
PENNSYLVANIA,Clearfield Area SD,4206150,547
PENNSYLVANIA,Coatesville Area SD,4206240,1583
PENNSYLVANIA,Cocalico SD,4206270,659
PENNSYLVANIA,Columbia Borough SD,4206360,355
PENNSYLVANIA,Columbia-Montour AVTS,4206365,0
PENNSYLVANIA,Commodore Perry SD,4206390,87
PENNSYLVANIA,Conemaugh Township Area SD,4206420,170
PENNSYLVANIA,Conemaugh Valley SD,4206430,145
PENNSYLVANIA,Conestoga Valley SD,4206480,744
PENNSYLVANIA,Conewago Valley SD,4206550,625
PENNSYLVANIA,Conneaut SD,4206590,391
PENNSYLVANIA,Connellsville Area SD,4206660,1096
PENNSYLVANIA,Conrad Weiser Area SD,4206780,576
PENNSYLVANIA,Cornell SD,4206810,-8
PENNSYLVANIA,Cornwall-Lebanon SD,4206840,818
PENNSYLVANIA,Corry Area SD,4206860,411
PENNSYLVANIA,Coudersport Area SD,4206930,126
PENNSYLVANIA,Council Rock SD,4206960,1690
PENNSYLVANIA,Cranberry Area SD,4207050,239
PENNSYLVANIA,Crawford Central SD,4207080,709
PENNSYLVANIA,Cumberland Valley SD,4207110,1312
PENNSYLVANIA,Curwensville Area SD,4207140,213
PENNSYLVANIA,Dallas SD,4207200,480
PENNSYLVANIA,Dallastown Area SD,4207230,1188
PENNSYLVANIA,Daniel Boone Area SD,4207290,601
PENNSYLVANIA,Danville Area SD,4207320,446
PENNSYLVANIA,Dauphin County Technical School,4207385,0
PENNSYLVANIA,Delaware Valley SD,4207530,782
PENNSYLVANIA,Deer Lakes SD,4207540,389
PENNSYLVANIA,Derry Area SD,4207560,362
PENNSYLVANIA,Derry Township SD,4207590,347
PENNSYLVANIA,Donegal SD,4207650,472
PENNSYLVANIA,Dover Area SD,4207680,586
PENNSYLVANIA,Downingtown Area SD,4207710,2265
PENNSYLVANIA,DuBois Area SD,4207830,910
PENNSYLVANIA,Dunmore SD,4207980,298
PENNSYLVANIA,Duquesne City SD,4208010,123
PENNSYLVANIA,East Allegheny SD,4208060,365
PENNSYLVANIA,Forest Area SD,4208280,80
PENNSYLVANIA,Eastern Lebanon County SD,4208460,442
PENNSYLVANIA,East Lycoming SD,4208490,286
PENNSYLVANIA,East Penn SD,4208550,1594
PENNSYLVANIA,East Pennsboro Area SD,4208580,563
PENNSYLVANIA,East Stroudsburg Area SD,4208670,1472
PENNSYLVANIA,Eastern York SD,4208790,381
PENNSYLVANIA,Eastern Lancaster County SD,4208820,540
PENNSYLVANIA,Easton Area SD,4208850,1745
PENNSYLVANIA,Elizabeth Forward SD,4209090,457
PENNSYLVANIA,Elizabethtown Area SD,4209120,640
PENNSYLVANIA,Elk Lake SD,4209150,235
PENNSYLVANIA,Ellwood City Area SD,4209240,272
PENNSYLVANIA,Ephrata Area SD,4209270,767
PENNSYLVANIA,Erie City SD,4209300,2340
PENNSYLVANIA,Everett Area SD,4209360,208
PENNSYLVANIA,Exeter Township SD,4209480,850
PENNSYLVANIA,Fairfield Area SD,4209540,144
PENNSYLVANIA,Fairview SD,4209570,196
PENNSYLVANIA,Karns City Area SD,4209600,231
PENNSYLVANIA,Fannett-Metal SD,4209660,72
PENNSYLVANIA,Farrell Area SD,4209690,193
PENNSYLVANIA,Ferndale Area SD,4209750,113
PENNSYLVANIA,Fleetwood Area SD,4209780,468
PENNSYLVANIA,Forbes Road SD,4209870,51
PENNSYLVANIA,Forest City Regional SD,4209930,171
PENNSYLVANIA,Youth Forestry Camp #3,4209931,0
PENNSYLVANIA,Loysville Youth Dev Ctr,4209932,0
PENNSYLVANIA,North Central Secure Trmnt Unt,4209933,0
PENNSYLVANIA,Youth Forestry Camp #2,4209934,0
PENNSYLVANIA,Forest Hills SD,4209940,260
PENNSYLVANIA,Fort Cherry SD,4209960,187
PENNSYLVANIA,Fort LeBoeuf SD,4209990,363
PENNSYLVANIA,Fox Chapel Area SD,4210070,547
PENNSYLVANIA,North Schuylkill SD,4210110,401
PENNSYLVANIA,North Star SD,4210115,162
PENNSYLVANIA,Franklin Area SD,4210200,525
PENNSYLVANIA,Franklin Regional SD,4210230,555
PENNSYLVANIA,Frazier SD,4210350,181
PENNSYLVANIA,Freedom Area SD,4210380,271
PENNSYLVANIA,Freeport Area SD,4210440,293
PENNSYLVANIA,Galeton Area SD,4210530,73
PENNSYLVANIA,Garnet Valley SD,4210590,897
PENNSYLVANIA,Gateway SD,4210620,819
PENNSYLVANIA,General McLane SD,4210650,370
PENNSYLVANIA,Gettysburg Area SD,4210710,437
PENNSYLVANIA,Girard SD,4210740,325
PENNSYLVANIA,Glendale SD,4210830,174
PENNSYLVANIA,Governor Mifflin SD,4210860,820
PENNSYLVANIA,Great Valley SD,4210870,770
PENNSYLVANIA,Greensburg Salem SD,4210920,527
PENNSYLVANIA,Greater Johnstown SD,4210950,628
PENNSYLVANIA,Greater Latrobe SD,4210980,566
PENNSYLVANIA,Greencastle-Antrim SD,4211010,428
PENNSYLVANIA,Greenville Area SD,4211160,258
PENNSYLVANIA,Greenwood SD,4211190,124
PENNSYLVANIA,Grove City Area SD,4211220,374
PENNSYLVANIA,Halifax Area SD,4211310,193
PENNSYLVANIA,Hamburg Area SD,4211340,459
PENNSYLVANIA,Hampton Township SD,4211400,297
PENNSYLVANIA,Hanover Area SD,4211420,458
PENNSYLVANIA,Hanover Public SD,4211450,309
PENNSYLVANIA,Harbor Creek SD,4211490,313
PENNSYLVANIA,Harmony Area SD,4211520,62
PENNSYLVANIA,Harrisburg City SD,4211580,1071
PENNSYLVANIA,Hatboro-Horsham SD,4211610,836
PENNSYLVANIA,Haverford Township SD,4211670,1104
PENNSYLVANIA,Hazleton Area SD,4211700,1509
PENNSYLVANIA,Saucon Valley SD,4211730,344
PENNSYLVANIA,Hempfield Area SD,4211760,754
PENNSYLVANIA,Hempfield SD,4211790,1477
PENNSYLVANIA,Hermitage SD,4211820,349
PENNSYLVANIA,Highlands SD,4211880,512
PENNSYLVANIA,Hollidaysburg Area SD,4211940,489
PENNSYLVANIA,Hopewell Area SD,4212030,417
PENNSYLVANIA,Huntingdon Area SD,4212090,434
PENNSYLVANIA,Indiana Area SD,4212150,453
PENNSYLVANIA,Interboro SD,4212170,776
PENNSYLVANIA,Iroquois SD,4212210,258
PENNSYLVANIA,Jamestown Area SD,4212300,63
PENNSYLVANIA,Jeannette City SD,4212330,219
PENNSYLVANIA,Jefferson County-DuBois AVTS,4212335,0
PENNSYLVANIA,Jefferson-Morgan SD,4212390,205
PENNSYLVANIA,Jenkintown SD,4212420,88
PENNSYLVANIA,Jersey Shore Area SD,4212480,368
PENNSYLVANIA,Jim Thorpe Area SD,4212540,293
PENNSYLVANIA,Johnsonburg Area SD,4212570,102
PENNSYLVANIA,Juniata County SD,4212600,535
PENNSYLVANIA,Juniata Valley SD,4212630,132
PENNSYLVANIA,Kane Area SD,4212660,189
PENNSYLVANIA,Kennett Consolidated SD,4212690,536
PENNSYLVANIA,Keystone SD,4212720,169
PENNSYLVANIA,Keystone Central SD,4212725,688
PENNSYLVANIA,Keystone Oaks SD,4212750,353
PENNSYLVANIA,Kiski Area SD,4212840,594
PENNSYLVANIA,Kutztown Area SD,4212930,301
PENNSYLVANIA,Lackawanna Trail SD,4212990,231
PENNSYLVANIA,Lake-Lehman SD,4213020,385
PENNSYLVANIA,Lakeland SD,4213050,241
PENNSYLVANIA,Lakeview SD,4213080,153
PENNSYLVANIA,Lampeter-Strasburg SD,4213110,451
PENNSYLVANIA,Lancaster SD,4213140,2033
PENNSYLVANIA,Homer-Center SD,4213290,155
PENNSYLVANIA,Laurel Highlands SD,4213320,633
PENNSYLVANIA,Laurel SD,4213380,110
PENNSYLVANIA,Lawrence County CTC,4213390,0
PENNSYLVANIA,Lebanon SD,4213440,1115
PENNSYLVANIA,Leechburg Area SD,4213470,136
PENNSYLVANIA,Lehighton Area SD,4213500,442
PENNSYLVANIA,Lewisburg Area SD,4213590,299
PENNSYLVANIA,Ligonier Valley SD,4213710,275
PENNSYLVANIA,Penn Cambria SD,4213770,258
PENNSYLVANIA,Littlestown Area SD,4213980,196
PENNSYLVANIA,Lower Dauphin SD,4214100,675
PENNSYLVANIA,Lower Merion SD,4214160,1690
PENNSYLVANIA,Lower Moreland Township SD,4214190,362
PENNSYLVANIA,Methacton SD,4214250,785
PENNSYLVANIA,Loyalsock Township SD,4214310,246
PENNSYLVANIA,Mahanoy Area SD,4214430,264
PENNSYLVANIA,Line Mountain SD,4214460,187
PENNSYLVANIA,Manheim Central SD,4214550,458
PENNSYLVANIA,Manheim Township SD,4214580,953
PENNSYLVANIA,Marion Center Area SD,4214730,267
PENNSYLVANIA,Marple Newtown SD,4214760,761
PENNSYLVANIA,Mars Area SD,4214790,530
PENNSYLVANIA,Central Fulton SD,4214850,141
PENNSYLVANIA,McGuffey SD,4214880,328
PENNSYLVANIA,McKeesport Area SD,4214940,852
PENNSYLVANIA,Mechanicsburg Area SD,4215030,739
PENNSYLVANIA,Mercer Area SD,4215120,264
PENNSYLVANIA,Meyersdale Area SD,4215150,129
PENNSYLVANIA,Mid Valley SD,4215170,350
PENNSYLVANIA,Midd-West SD,4215210,467
PENNSYLVANIA,Middletown Area SD,4215240,474
PENNSYLVANIA,Midland Borough SD,4215270,33
PENNSYLVANIA,Mifflin County SD,4215290,806
PENNSYLVANIA,Millcreek Township SD,4215330,1175
PENNSYLVANIA,Millersburg Area SD,4215360,140
PENNSYLVANIA,Millville Area SD,4215450,133
PENNSYLVANIA,Milton Area SD,4215480,353
PENNSYLVANIA,Minersville Area SD,4215510,295
PENNSYLVANIA,Mohawk Area SD,4215540,211
PENNSYLVANIA,Monessen City SD,4215600,118
PENNSYLVANIA,Montgomery Area SD,4215660,174
PENNSYLVANIA,Montour SD,4215720,562
PENNSYLVANIA,Montoursville Area SD,4215750,299
PENNSYLVANIA,Montrose Area SD,4215810,250
PENNSYLVANIA,Moon Area SD,4215830,708
PENNSYLVANIA,Morrisville Borough SD,4215900,190
PENNSYLVANIA,Moshannon Valley SD,4215960,174
PENNSYLVANIA,Mount Carmel Area SD,4215990,394
PENNSYLVANIA,Mount Union Area SD,4216020,245
PENNSYLVANIA,Mountain View SD,4216050,190
PENNSYLVANIA,Mt Lebanon SD,4216110,772
PENNSYLVANIA,Mount Pleasant Area SD,4216170,356
PENNSYLVANIA,Muhlenberg SD,4216200,882
PENNSYLVANIA,Muncy SD,4216230,131
PENNSYLVANIA,Greater Nanticoke Area SD,4216290,539
PENNSYLVANIA,Nazareth Area SD,4216380,715
PENNSYLVANIA,Neshaminy SD,4216410,2033
PENNSYLVANIA,Neshannock Township SD,4216440,192
PENNSYLVANIA,Woodland Hills SD,4216500,809
PENNSYLVANIA,New Brighton Area SD,4216530,274
PENNSYLVANIA,New Castle Area SD,4216620,658
PENNSYLVANIA,New Kensington-Arnold SD,4216740,501
PENNSYLVANIA,New Hope-Solebury SD,4216860,189
PENNSYLVANIA,Newport SD,4216890,187
PENNSYLVANIA,Norristown Area SD,4216980,1570
PENNSYLVANIA,North Allegheny SD,4217010,1109
PENNSYLVANIA,Moniteau SD,4217100,208
PENNSYLVANIA,North Clarion County SD,4217130,91
PENNSYLVANIA,North East SD,4217160,257
PENNSYLVANIA,North Hills SD,4217220,719
PENNSYLVANIA,North Penn SD,4217280,2379
PENNSYLVANIA,North Pocono SD,4217310,536
PENNSYLVANIA,Northampton Area SD,4217370,1030
PENNSYLVANIA,Riverside Beaver County SD,4217430,310
PENNSYLVANIA,Northeast Bradford SD,4217460,142
PENNSYLVANIA,Northeastern York SD,4217520,609
PENNSYLVANIA,Northern Bedford County SD,4217580,146
PENNSYLVANIA,Northern Cambria SD,4217610,160
PENNSYLVANIA,Northern Lebanon SD,4217640,479
PENNSYLVANIA,Northern Lehigh SD,4217670,307
PENNSYLVANIA,Northern Potter SD,4217700,113
PENNSYLVANIA,Northern Tioga SD,4217730,379
PENNSYLVANIA,Northern York County SD,4217760,552
PENNSYLVANIA,Northgate SD,4217770,231
PENNSYLVANIA,Northwest Area SD,4217790,232
PENNSYLVANIA,Northwestern Lehigh SD,4217850,410
PENNSYLVANIA,Northwestern SD,4217880,295
PENNSYLVANIA,Norwin SD,4217940,850
PENNSYLVANIA,Octorara Area SD,4218030,323
PENNSYLVANIA,Oil City Area SD,4218090,322
PENNSYLVANIA,Old Forge SD,4218120,200
PENNSYLVANIA,Oley Valley SD,4218150,284
PENNSYLVANIA,Oswayo Valley SD,4218210,81
PENNSYLVANIA,Otto-Eldred SD,4218240,106
PENNSYLVANIA,Owen J Roberts SD,4218270,1095
PENNSYLVANIA,Oxford Area SD,4218300,697
PENNSYLVANIA,Palisades SD,4218330,277
PENNSYLVANIA,Palmerton Area SD,4218360,410
PENNSYLVANIA,Palmyra Area SD,4218390,673
PENNSYLVANIA,Panther Valley SD,4218450,478
PENNSYLVANIA,Parkland SD,4218510,1637
PENNSYLVANIA,Pen Argyl Area SD,4218570,307
PENNSYLVANIA,Penn-Delco SD,4218580,592
PENNSYLVANIA,Penn Hills SD,4218590,769
PENNSYLVANIA,Penn Manor SD,4218630,967
PENNSYLVANIA,Penn-Trafford SD,4218660,543
PENNSYLVANIA,Penncrest SD,4218740,497
PENNSYLVANIA,Pennridge SD,4218750,1239
PENNSYLVANIA,Penns Manor Area SD,4218780,153
PENNSYLVANIA,Penns Valley Area SD,4218810,221
PENNSYLVANIA,Pennsbury SD,4218840,2336
PENNSYLVANIA,Pequea Valley SD,4218900,342
PENNSYLVANIA,Perkiomen Valley SD,4218930,817
PENNSYLVANIA,Peters Township SD,4218960,502
PENNSYLVANIA,Philadelphia City SD,4218990,21416
PENNSYLVANIA,Philipsburg-Osceola Area SD,4219020,326
PENNSYLVANIA,Phoenixville Area SD,4219050,721
PENNSYLVANIA,Pine Grove Area SD,4219140,269
PENNSYLVANIA,Pittsburgh SD,4219170,4045
PENNSYLVANIA,Pittston Area SD,4219200,626
PENNSYLVANIA,Pleasant Valley SD,4219290,924
PENNSYLVANIA,Plum Borough SD,4219350,597
PENNSYLVANIA,Colonial SD,4219470,965
PENNSYLVANIA,Pocono Mountain SD,4219500,1895
PENNSYLVANIA,Port Allegany SD,4219530,209
PENNSYLVANIA,Portage Area SD,4219560,144
PENNSYLVANIA,Pottsgrove SD,4219650,643
PENNSYLVANIA,Pottstown SD,4219680,786
PENNSYLVANIA,Pottsville Area SD,4219710,526
PENNSYLVANIA,Punxsutawney Area SD,4219800,488
PENNSYLVANIA,Purchase Line SD,4219830,194
PENNSYLVANIA,Quaker Valley SD,4219860,296
PENNSYLVANIA,Quakertown Community SD,4219890,979
PENNSYLVANIA,Radnor Township SD,4219920,512
PENNSYLVANIA,Reading SD,4220040,4299
PENNSYLVANIA,Red Lion Area SD,4220100,936
PENNSYLVANIA,Redbank Valley SD,4220130,163
PENNSYLVANIA,Reynolds SD,4220220,208
PENNSYLVANIA,Richland SD,4220250,210
PENNSYLVANIA,Ridgway Area SD,4220310,152
PENNSYLVANIA,Ridley SD,4220370,1536
PENNSYLVANIA,Ringgold SD,4220400,492
PENNSYLVANIA,Riverview SD,4220430,158
PENNSYLVANIA,Rochester Area SD,4220460,217
PENNSYLVANIA,Rockwood Area SD,4220520,87
PENNSYLVANIA,Rose Tree Media SD,4220550,608
PENNSYLVANIA,South Fayette Township SD,4220580,393
PENNSYLVANIA,Saint Marys Area SD,4220640,424
PENNSYLVANIA,Salisbury Township SD,4220730,365
PENNSYLVANIA,Salisbury-Elk Lick SD,4220760,44
PENNSYLVANIA,Sayre Area SD,4220850,186
PENNSYLVANIA,Schuylkill Haven Area SD,4220910,273
PENNSYLVANIA,Schuylkill Valley SD,4220970,465
PENNSYLVANIA,Scranton SD,4221090,2090
PENNSYLVANIA,Selinsgrove Area SD,4221120,311
PENNSYLVANIA,Yough SD,4221150,385
PENNSYLVANIA,Shade-Central City SD,4221180,-8
PENNSYLVANIA,Shaler Area SD,4221200,771
PENNSYLVANIA,Shamokin Area SD,4221240,548
PENNSYLVANIA,Shanksville-Stonycreek SD,4221270,63
PENNSYLVANIA,Sharon City SD,4221330,583
PENNSYLVANIA,Sharpsville Area SD,4221420,190
PENNSYLVANIA,Shenandoah Valley SD,4221490,204
PENNSYLVANIA,Shenango Area SD,4221510,190
PENNSYLVANIA,Shikellamy SD,4221540,590
PENNSYLVANIA,Shippensburg Area SD,4221570,698
PENNSYLVANIA,Slippery Rock Area SD,4221660,442
PENNSYLVANIA,Smethport Area SD,4221690,130
PENNSYLVANIA,Solanco SD,4221810,692
PENNSYLVANIA,Somerset Area SD,4221840,350
PENNSYLVANIA,Souderton Area SD,4221870,1209
PENNSYLVANIA,South Allegheny SD,4221910,352
PENNSYLVANIA,Knoch SD,4221930,349
PENNSYLVANIA,South Middleton SD,4222050,375
PENNSYLVANIA,South Park SD,4222060,294
PENNSYLVANIA,South Williamsport Area SD,4222140,178
PENNSYLVANIA,South Eastern SD,4222170,412
PENNSYLVANIA,Southeastern Greene SD,4222200,133
PENNSYLVANIA,South Side Area SD,4222230,165
PENNSYLVANIA,Southern Columbia Area SD,4222260,238
PENNSYLVANIA,Southern Fulton SD,4222290,125
PENNSYLVANIA,Southern Huntingdon County SD,4222320,257
PENNSYLVANIA,Southern Lehigh SD,4222350,343
PENNSYLVANIA,Southern Tioga SD,4222370,405
PENNSYLVANIA,Southern York County SD,4222380,539
PENNSYLVANIA,Southeast Delco SD,4222400,831
PENNSYLVANIA,Southmoreland SD,4222410,366
PENNSYLVANIA,Seneca Valley SD,4222440,1407
PENNSYLVANIA,South Western SD,4222470,745
PENNSYLVANIA,Spring Cove SD,4222530,297
PENNSYLVANIA,Spring-Ford Area SD,4222560,1493
PENNSYLVANIA,Spring Grove Area SD,4222590,584
PENNSYLVANIA,Springfield SD,4222600,772
PENNSYLVANIA,Springfield Township SD,4222620,564
PENNSYLVANIA,Saint Clair Area SD,4222710,167
PENNSYLVANIA,Tuscarora SD,4222740,322
PENNSYLVANIA,State College Area SD,4222770,881
PENNSYLVANIA,Steel Valley SD,4222790,408
PENNSYLVANIA,Steelton-Highspire SD,4222800,273
PENNSYLVANIA,Sto-Rox SD,4222830,239
PENNSYLVANIA,Stroudsburg Area SD,4222860,914
PENNSYLVANIA,Sullivan County SD,4222920,141
PENNSYLVANIA,Susquehanna Community SD,4222980,180
PENNSYLVANIA,Susquehanna Township SD,4223010,526
PENNSYLVANIA,Susquenita SD,4223040,362
PENNSYLVANIA,Tamaqua Area SD,4223220,496
PENNSYLVANIA,Riverside SD,4223250,332
PENNSYLVANIA,Titusville Area SD,4223490,358
PENNSYLVANIA,Towanda Area SD,4223550,240
PENNSYLVANIA,Tredyffrin-Easttown SD,4223640,1226
PENNSYLVANIA,Tri-Valley SD,4223700,208
PENNSYLVANIA,Trinity Area SD,4223760,726
PENNSYLVANIA,Troy Area SD,4223790,301
PENNSYLVANIA,Tulpehocken Area SD,4223820,304
PENNSYLVANIA,Tunkhannock Area SD,4223850,447
PENNSYLVANIA,Turkeyfoot Valley Area SD,4223880,56
PENNSYLVANIA,Tussey Mountain SD,4223970,180
PENNSYLVANIA,Twin Valley SD,4224000,695
PENNSYLVANIA,Tyrone Area SD,4224030,265
PENNSYLVANIA,Union Area SD,4224060,150
PENNSYLVANIA,Union City Area SD,4224090,236
PENNSYLVANIA,Union SD,4224120,129
PENNSYLVANIA,Uniontown Area SD,4224150,496
PENNSYLVANIA,Unionville-Chadds Ford SD,4224210,692
PENNSYLVANIA,United SD,4224240,182
PENNSYLVANIA,Upper Adams SD,4224300,298
PENNSYLVANIA,Upper Darby SD,4224320,2235
PENNSYLVANIA,Upper Dauphin Area SD,4224360,172
PENNSYLVANIA,Upper Dublin SD,4224390,721
PENNSYLVANIA,Upper Merion Area SD,4224480,803
PENNSYLVANIA,Upper Moreland Township SD,4224510,693
PENNSYLVANIA,Upper Perkiomen SD,4224540,504
PENNSYLVANIA,Upper St. Clair SD,4224570,539
PENNSYLVANIA,Valley Grove SD,4224630,175
PENNSYLVANIA,Valley View SD,4224650,426
PENNSYLVANIA,Wallenpaupack Area SD,4224750,667
PENNSYLVANIA,Wallingford-Swarthmore SD,4224790,553
PENNSYLVANIA,Warren County SD,4224820,920
PENNSYLVANIA,Warrior Run SD,4224870,218
PENNSYLVANIA,Warwick SD,4224960,584
PENNSYLVANIA,Wayne Highlands SD,4224970,533
PENNSYLVANIA,Washington SD,4224990,353
PENNSYLVANIA,Wattsburg Area SD,4225080,295
PENNSYLVANIA,Waynesboro Area SD,4225110,668
PENNSYLVANIA,Weatherly Area SD,4225140,126
PENNSYLVANIA,Wellsboro Area SD,4225170,229
PENNSYLVANIA,West Allegheny SD,4225200,435
PENNSYLVANIA,West Branch Area SD,4225230,223
PENNSYLVANIA,West Chester Area SD,4225290,1948
PENNSYLVANIA,West Greene SD,4225440,170
PENNSYLVANIA,West Jefferson Hills SD,4225590,278
PENNSYLVANIA,West Middlesex Area SD,4225650,183
PENNSYLVANIA,West Mifflin Area SD,4225680,626
PENNSYLVANIA,West Perry SD,4225740,381
PENNSYLVANIA,West Shore SD,4225830,1527
PENNSYLVANIA,West Side CTC,4225870,0
PENNSYLVANIA,Wyoming Valley West SD,4225950,1276
PENNSYLVANIA,West York Area SD,4225980,557
PENNSYLVANIA,Mifflinburg Area SD,4226010,286
PENNSYLVANIA,Western Beaver County SD,4226040,143
PENNSYLVANIA,Western Wayne SD,4226070,395
PENNSYLVANIA,Westmont Hilltop SD,4226130,252
PENNSYLVANIA,Whitehall-Coplay SD,4226250,720
PENNSYLVANIA,Wilkes-Barre Area SD,4226300,1523
PENNSYLVANIA,Wilkinsburg Borough SD,4226370,204
PENNSYLVANIA,William Penn SD,4226390,918
PENNSYLVANIA,Williams Valley SD,4226400,222
PENNSYLVANIA,Williamsburg Community SD,4226430,74
PENNSYLVANIA,Williamsport Area SD,4226460,868
PENNSYLVANIA,Wilmington Area SD,4226520,239
PENNSYLVANIA,Wilson Area SD,4226550,399
PENNSYLVANIA,Wilson SD,4226580,1283
PENNSYLVANIA,Windber Area SD,4226610,188
PENNSYLVANIA,Wyalusing Area SD,4226700,240
PENNSYLVANIA,Wyoming Area SD,4226730,539
PENNSYLVANIA,Wyomissing Area SD,4226760,307
PENNSYLVANIA,York Co School of Technology,4226810,0
PENNSYLVANIA,York City SD,4226820,1248
PENNSYLVANIA,York Suburban SD,4226850,435
PENNSYLVANIA,Forbes Road CTC,4280020,0
PENNSYLVANIA,Steel Center for Career and Technical Education,4280050,0
PENNSYLVANIA,Berks CTC,4280060,0
PENNSYLVANIA,Reading Muhlenberg CTC,4280070,0
PENNSYLVANIA,Greater Altoona CTC,4280080,0
PENNSYLVANIA,Bucks County Technical High School,4280090,0
PENNSYLVANIA,Middle Bucks Institute of Technology,4280100,0
PENNSYLVANIA,Upper Bucks County Technical School,4280110,0
PENNSYLVANIA,Admiral Peary AVTS,4280120,0
PENNSYLVANIA,Carbon Career & Technical Institute,4280130,0
PENNSYLVANIA,Clearfield County CTC,4280160,0
PENNSYLVANIA,Crawford County CTC,4280170,0
PENNSYLVANIA,Cumberland Perry Area Career & Technical Center,4280180,0
PENNSYLVANIA,Delaware County Technical High School,4280200,0
PENNSYLVANIA,Connellsville Area Career & Technical Center,4280220,0
PENNSYLVANIA,CTC of Lackawanna County,4280260,0
PENNSYLVANIA,Lancaster County CTC,4280270,0
PENNSYLVANIA,Lehigh Career & Technical Institute,4280290,0
PENNSYLVANIA,Wilkes-Barre Area CTC,4280300,0
PENNSYLVANIA,Monroe Career & Tech Inst,4280320,0
PENNSYLVANIA,Eastern Center for Arts & Technology,4280340,0
PENNSYLVANIA,Bethlehem AVTS,4280370,0
PENNSYLVANIA,Somerset County Technology Center,4280400,0
PENNSYLVANIA,SUN Area Technical Institute,4280420,0
PENNSYLVANIA,Northumberland County CTC,4280491,0
PENNSYLVANIA,Butler County AVTS,4280520,0
PENNSYLVANIA,Schuylkill Technology Centers,4280620,0
PENNSYLVANIA,Indiana County Technology Center,4280660,0
PENNSYLVANIA,Intermediate Unit 1,4289110,0
PENNSYLVANIA,Allegheny IU 3,4289130,0
PENNSYLVANIA,Midwestern IU 4,4289140,0
PENNSYLVANIA,Northwest Tri-County IU 5,4289150,0
PENNSYLVANIA,Riverview IU 6,4289160,0
PENNSYLVANIA,Westmoreland IU 7,4289170,0
PENNSYLVANIA,Appalachia IU 8,4289180,0
PENNSYLVANIA,Seneca Highlands IU 9,4289190,0
PENNSYLVANIA,Central IU 10,4289200,0
PENNSYLVANIA,Tuscarora IU 11,4289210,NA
PENNSYLVANIA,Lincoln IU 12,4289220,0
PENNSYLVANIA,Lancaster-Lebanon IU 13,4289230,0
PENNSYLVANIA,Berks County IU 14,4289240,0
PENNSYLVANIA,Capital Area IU 15,4289250,0
PENNSYLVANIA,Central Susquehanna IU 16,4289260,0
PENNSYLVANIA,BLaST IU 17,4289270,0
PENNSYLVANIA,Luzerne IU 18,4289280,0
PENNSYLVANIA,Northeastern Educational IU 19,4289290,0
PENNSYLVANIA,Colonial IU 20,4289300,0
PENNSYLVANIA,Carbon-Lehigh IU 21,4289310,0
PENNSYLVANIA,Bucks County IU 22,4289320,0
PENNSYLVANIA,Montgomery County IU 23,4289330,0
PENNSYLVANIA,Chester County IU 24,4289340,0
PENNSYLVANIA,Delaware County IU 25,4289350,0
PENNSYLVANIA,Beaver Valley IU 27,4289370,0
PENNSYLVANIA,ARIN IU 28,4289380,0
PENNSYLVANIA,Schuylkill IU 29,4289390,0
PENNSYLVANIA,California Academy of Learning CS,4289394,-8
PENNSYLVANIA,KIPP Philadelphia Octavius Catto CS,4289395,5
PENNSYLVANIA,Midland Innovation & Technology CS,4289396,31
PUERTO RICO,PUERTO RICO DEPARTMENT OF EDUCATION,7200030,84409
RHODE ISLAND,R.I. Sch for the Deaf,4400001,67
RHODE ISLAND,MET Career and Tech,4400003,80
RHODE ISLAND,Davies Career and Tech,4400004,65
RHODE ISLAND,Urban Collaborative,4400005,15
RHODE ISLAND,Learning Community,4400006,93
RHODE ISLAND,Beacon Charter School,4400008,75
RHODE ISLAND,DCYF,4400009,NA
RHODE ISLAND,Segue Institute for Learning,4400014,11
RHODE ISLAND,Blackstone Valley Prep  A RI Mayoral Academy,4400015,334
RHODE ISLAND,The Greene School,4400017,46
RHODE ISLAND,Trinity Academy for the Performing Arts,4400018,29
RHODE ISLAND,Rhode Island Nurses Institute Middle College,4400019,30
RHODE ISLAND,Northern RI Collaborative,4400020,NA
RHODE ISLAND,Achievement First Rhode Island,4400021,215
RHODE ISLAND,West Bay Collaborative,4400023,NA
RHODE ISLAND,Sheila Skip Nowell Leadership Academy,4400024,13
RHODE ISLAND,Village Green Virtual,4400025,29
RHODE ISLAND,East Bay Educational Collaborative,4400026,NA
RHODE ISLAND,The Hope Academy,4400027,57
RHODE ISLAND,SouthSide Charter School,4400028,14
RHODE ISLAND,RISE Prep Mayoral Academy,4400029,61
RHODE ISLAND,Barrington,4400030,381
RHODE ISLAND,Highlander,4400031,99
RHODE ISLAND,Paul Cuffee Charter Sch,4400032,104
RHODE ISLAND,Kingston Hill Academy,4400033,31
RHODE ISLAND,International Charter,4400034,31
RHODE ISLAND,The Compass School,4400035,47
RHODE ISLAND,Blackstone Academy,4400036,38
RHODE ISLAND,Charette Charter,4400037,14
RHODE ISLAND,Nuestro Mundo Public Charter,4400038,10
RHODE ISLAND,Providence Preparatory Charter,4400039,12
RHODE ISLAND,Bristol Warren,4400065,484
RHODE ISLAND,Burrillville,4400090,365
RHODE ISLAND,Central Falls,4400120,493
RHODE ISLAND,Chariho,4400150,441
RHODE ISLAND,Coventry,4400210,694
RHODE ISLAND,Cranston,4400240,1538
RHODE ISLAND,Cumberland,4400270,694
RHODE ISLAND,East Greenwich,4400300,293
RHODE ISLAND,East Providence,4400330,971
RHODE ISLAND,Exeter-West Greenwich,4400360,181
RHODE ISLAND,Foster,4400390,33
RHODE ISLAND,Foster-Glocester,4400420,113
RHODE ISLAND,Glocester,4400450,77
RHODE ISLAND,Jamestown,4400510,81
RHODE ISLAND,Johnston,4400540,592
RHODE ISLAND,Lincoln,4400570,518
RHODE ISLAND,Little Compton,4400600,34
RHODE ISLAND,Middletown,4400630,351
RHODE ISLAND,Narragansett,4400660,145
RHODE ISLAND,New Shoreham,4400690,23
RHODE ISLAND,Newport,4400720,367
RHODE ISLAND,North Kingstown,4400750,506
RHODE ISLAND,North Providence,4400780,620
RHODE ISLAND,North Smithfield,4400810,234
RHODE ISLAND,Pawtucket,4400840,1482
RHODE ISLAND,Portsmouth,4400870,315
RHODE ISLAND,Providence,4400900,3376
RHODE ISLAND,Scituate,4400960,173
RHODE ISLAND,Smithfield,4400990,333
RHODE ISLAND,South Kingstown,4401020,352
RHODE ISLAND,Tiverton,4401050,287
RHODE ISLAND,Warwick,4401110,1406
RHODE ISLAND,West Warwick,4401140,736
RHODE ISLAND,Westerly,4401170,401
RHODE ISLAND,Woonsocket,4401200,1474
RHODE ISLAND,Excel Academy Rhode Island,4401201,9
RHODE ISLAND,YouthBuild Preparatory Academy,4401202,3
SOUTH CAROLINA,Dept Of Correction N04,4500001,27
SOUTH CAROLINA,Dorchester 04,4500002,296
SOUTH CAROLINA,Deaf & Blind School,4500004,153
SOUTH CAROLINA,Greenwood 80,4500007,0
SOUTH CAROLINA,Orangeburg 80,4500008,0
SOUTH CAROLINA,Spartanburg 81,4500010,0
SOUTH CAROLINA,Spartanburg 82,4500011,0
SOUTH CAROLINA,Abbeville 60,4500690,357
SOUTH CAROLINA,Aiken 01,4500720,2821
SOUTH CAROLINA,Allendale 01,4500750,88
SOUTH CAROLINA,Anderson 80,4500760,0
SOUTH CAROLINA,Anderson 01,4500780,1605
SOUTH CAROLINA,Anderson 02,4500810,565
SOUTH CAROLINA,Anderson 03,4500840,345
SOUTH CAROLINA,Anderson 04,4500870,449
SOUTH CAROLINA,Anderson 05,4500900,1727
SOUTH CAROLINA,Barnwell 80,4500980,0
SOUTH CAROLINA,Barnwell 45,4501080,300
SOUTH CAROLINA,Beaufort 80,4501100,0
SOUTH CAROLINA,Beaufort 01,4501110,2372
SOUTH CAROLINA,Berkeley 01,4501170,4906
SOUTH CAROLINA,Calhoun 01,4501250,243
SOUTH CAROLINA,Charleston 01,4501440,5039
SOUTH CAROLINA,Cherokee 01,4501500,1011
SOUTH CAROLINA,Chester 01,4501530,704
SOUTH CAROLINA,Chesterfield 01,4501560,689
SOUTH CAROLINA,Colleton 01,4501830,737
SOUTH CAROLINA,Darlington 01,4501860,1426
SOUTH CAROLINA,Dillon 80,4501870,0
SOUTH CAROLINA,Dillon 04,4501920,353
SOUTH CAROLINA,Dillon 03,4501950,162
SOUTH CAROLINA,Dorchester 80,4501990,0
SOUTH CAROLINA,Dorchester 02,4502010,3214
SOUTH CAROLINA,Edgefield 01,4502070,326
SOUTH CAROLINA,Fairfield 01,4502100,354
SOUTH CAROLINA,Florence 01,4502130,1858
SOUTH CAROLINA,Florence 02,4502160,209
SOUTH CAROLINA,Florence 03,4502190,528
SOUTH CAROLINA,Florence 05,4502250,260
SOUTH CAROLINA,Georgetown 01,4502280,1339
SOUTH CAROLINA,Greenville 01,4502310,11713
SOUTH CAROLINA,Greenwood 50,4502340,887
SOUTH CAROLINA,Greenwood 51,4502370,132
SOUTH CAROLINA,Greenwood 52,4502400,173
SOUTH CAROLINA,Horry 01,4502490,6380
SOUTH CAROLINA,Jasper 01,4502520,238
SOUTH CAROLINA,Kershaw 01,4502550,1506
SOUTH CAROLINA,Lancaster 01,4502580,2228
SOUTH CAROLINA,Laurens 55,4502610,771
SOUTH CAROLINA,Laurens 56,4502640,483
SOUTH CAROLINA,Lee 01,4502670,181
SOUTH CAROLINA,Lexington 01,4502700,3838
SOUTH CAROLINA,Lexington 02,4502730,1348
SOUTH CAROLINA,Lexington 03,4502760,311
SOUTH CAROLINA,Lexington 04,4502790,690
SOUTH CAROLINA,Lexington 05,4502820,2388
SOUTH CAROLINA,Marlboro 01,4502970,452
SOUTH CAROLINA,McCormick 01,4503000,95
SOUTH CAROLINA,Newberry 01,4503030,694
SOUTH CAROLINA,Oconee 01,4503060,1989
SOUTH CAROLINA,Pickens 01,4503330,2291
SOUTH CAROLINA,Richland 01,4503360,2713
SOUTH CAROLINA,Richland 02,4503390,3592
SOUTH CAROLINA,Dept of Juvenile Justice,4503420,112
SOUTH CAROLINA,Saluda 01,4503460,351
SOUTH CAROLINA,Spartanburg 80,4503470,0
SOUTH CAROLINA,Spartanburg 01,4503480,614
SOUTH CAROLINA,Spartanburg 02,4503510,1680
SOUTH CAROLINA,Spartanburg 03,4503540,420
SOUTH CAROLINA,Spartanburg 04,4503570,408
SOUTH CAROLINA,Spartanburg 05,4503600,1451
SOUTH CAROLINA,Spartanburg 06,4503630,1938
SOUTH CAROLINA,Spartanburg 07,4503660,1078
SOUTH CAROLINA,Union 01,4503750,758
SOUTH CAROLINA,Williamsburg 01,4503780,469
SOUTH CAROLINA,York 01,4503810,975
SOUTH CAROLINA,York 02,4503840,995
SOUTH CAROLINA,York 03,4503870,2639
SOUTH CAROLINA,York 04,4503900,1838
SOUTH CAROLINA,SC Public Charter School District,4503901,2126
SOUTH CAROLINA,Sumter 01,4503902,2043
SOUTH CAROLINA,SC Governor's School for Agriculture at John de la Howe Scho,4503903,5
SOUTH CAROLINA,Governor's School for the Arts and Humanities,4503904,0
SOUTH CAROLINA,South Carolina Department of Disabilities and Special Needs,4503905,0
SOUTH CAROLINA,Wil Lou Gray Opportunity,4503906,0
SOUTH CAROLINA,Governor's School for Science and Mathematics,4503907,0
SOUTH CAROLINA,Marion 10,4503908,588
SOUTH CAROLINA,Charter Institute at Erskine,4503909,-8
SOUTH CAROLINA,Orangeburg,4503910,1271
SOUTH CAROLINA,Anderson 81,4503911,0
SOUTH CAROLINA,Hampton,4503912,259
SOUTH CAROLINA,Barnwell 48,4503914,170
SOUTH CAROLINA,Clarendon 06,4503915,569
SOUTH CAROLINA,Bamberg 03,4503916,206
SOUTH CAROLINA,Orangeburg 81,4503917,0
SOUTH CAROLINA,Limestone Charters Association,4503919,196
SOUTH DAKOTA,Milbank School District 25-4,4600002,146
SOUTH DAKOTA,Wilmot School District 54-7,4600003,47
SOUTH DAKOTA,Howard School District 48-3,4600025,50
SOUTH DAKOTA,East Dakota Educational Cooperative,4600027,0
SOUTH DAKOTA,Alcester-Hudson School District 61-1,4600028,50
SOUTH DAKOTA,SD SCH FOR THE BLIND & VISUALLY IMPAIRED,4600029,0
SOUTH DAKOTA,Deuel School District 19-4,4600036,73
SOUTH DAKOTA,Britton-Hecla School District 45-4,4600041,-8
SOUTH DAKOTA,Agar-Blunt-Onida School District 58-3,4600042,35
SOUTH DAKOTA,Groton Area School District 06-6,4600045,87
SOUTH DAKOTA,Hitchcock Tulare School District 56-6,4600046,-8
SOUTH DAKOTA,Tea Area School District 41-5,4600052,322
SOUTH DAKOTA,Sisseton School District 54-2,4600053,228
SOUTH DAKOTA,McCook Central School District 43-7,4601026,60
SOUTH DAKOTA,Oldham - Ramona School District 39-5,4601027,17
SOUTH DAKOTA,Selby Area School District 62-5,4601028,-8
SOUTH DAKOTA,Aberdeen School District 06-1,4602070,844
SOUTH DAKOTA,Hanson School District 30-1,4602640,53
SOUTH DAKOTA,Arlington School District 38-1,4603720,-8
SOUTH DAKOTA,Armour School District 21-1,4603780,-8
SOUTH DAKOTA,Sanborn Central School District 55-5,4603932,13
SOUTH DAKOTA,Avon School District 04-1,4604270,38
SOUTH DAKOTA,Baltic School District 49-1,4604680,-8
SOUTH DAKOTA,Belle Fourche School District 09-1,4605610,238
SOUTH DAKOTA,Bennett County School District 03-1,4606240,81
SOUTH DAKOTA,Beresford School District 61-2,4606360,117
SOUTH DAKOTA,Big Stone City School District 25-1,4606960,-8
SOUTH DAKOTA,Bison School District 52-1,4607050,-8
SOUTH DAKOTA,Bon Homme School District 04-2,4607400,64
SOUTH DAKOTA,South Central 26-5,4607670,-8
SOUTH DAKOTA,Bowdle School District 22-1,4607800,12
SOUTH DAKOTA,Brandon Valley School District 49-2,4607950,703
SOUTH DAKOTA,Brookings School District 05-1,4608520,609
SOUTH DAKOTA,Harding County School District 31-1,4609300,47
SOUTH DAKOTA,Burke School District 26-2,4609512,-8
SOUTH DAKOTA,Canistota School District 43-1,4610320,44
SOUTH DAKOTA,Canton School District 41-1,4610560,126
SOUTH DAKOTA,Castlewood School District 28-1,4611280,45
SOUTH DAKOTA,Centerville School District 60-1,4611760,30
SOUTH DAKOTA,Chamberlain School District 07-1,4612000,141
SOUTH DAKOTA,Chester Area School District 39-1,4612300,64
SOUTH DAKOTA,Clark School District 12-2,4612940,65
SOUTH DAKOTA,Colman-Egan School District 50-5,4614100,40
SOUTH DAKOTA,Colome Consolidated 59-3,4614130,-8
SOUTH DAKOTA,Custer School District 16-1,4616950,125
SOUTH DAKOTA,De Smet School District 38-2,4617850,47
SOUTH DAKOTA,Dell Rapids School District 49-3,4618120,148
SOUTH DAKOTA,Doland School District 56-2,4619170,-8
SOUTH DAKOTA,Douglas School District 51-1,4619410,396
SOUTH DAKOTA,Dupree School District 64-2,4619450,114
SOUTH DAKOTA,Jones County School District 37-3,4619580,32
SOUTH DAKOTA,Eagle Butte School District 20-1,4620100,87
SOUTH DAKOTA,Edgemont School District 23-1,4620850,-8
SOUTH DAKOTA,Elk Mountain School District 16-2,4621300,-8
SOUTH DAKOTA,Elk Point-Jefferson School District 61-7,4621340,116
SOUTH DAKOTA,Elkton School District 05-3,4621390,-8
SOUTH DAKOTA,Frederick Area School District 06-2,4621400,27
SOUTH DAKOTA,Bridgewater-Emery 30-3,4621420,55
SOUTH DAKOTA,Estelline School District 28-2,4622410,49
SOUTH DAKOTA,Ethan School District 17-1,4622500,47
SOUTH DAKOTA,Eureka School District 44-1,4622560,29
SOUTH DAKOTA,Faith School District 46-2,4622940,-8
SOUTH DAKOTA,Faulkton Area Schools 24-4,4624030,45
SOUTH DAKOTA,Flandreau School District 50-3,4624390,125
SOUTH DAKOTA,Florence School District 14-1,4624540,48
SOUTH DAKOTA,Stanley County School District 57-1,4624850,-8
SOUTH DAKOTA,Freeman School District 33-1,4625500,64
SOUTH DAKOTA,Garretson School District 49-4,4626370,76
SOUTH DAKOTA,Gayville-Volin School District 63-1,4626490,43
SOUTH DAKOTA,Gettysburg School District 53-1,4626970,40
SOUTH DAKOTA,Gregory School District 26-4,4629880,43
SOUTH DAKOTA,Haakon School District 27-1,4630490,-8
SOUTH DAKOTA,Hamlin School District 28-3,4630800,84
SOUTH DAKOTA,Harrisburg School District 41-2,4631350,1030
SOUTH DAKOTA,West Central School District 49-7,4631710,216
SOUTH DAKOTA,Henry School District 14-2,4632340,-8
SOUTH DAKOTA,Herreid School District 10-1,4632430,19
SOUTH DAKOTA,Hill City School District 51-2,4633360,62
SOUTH DAKOTA,Edmunds Central School District 22-5,4634440,22
SOUTH DAKOTA,Hot Springs School District 23-2,4634480,94
SOUTH DAKOTA,Hoven School District 53-2,4634600,-8
SOUTH DAKOTA,Huron School District 02-2,4635480,485
SOUTH DAKOTA,Ipswich Public School District 22-6,4636060,53
SOUTH DAKOTA,Iroquois School District 02-3,4636150,-8
SOUTH DAKOTA,Dakota Valley School District 61-8,4636990,161
SOUTH DAKOTA,Kimball School District 07-2,4638220,-8
SOUTH DAKOTA,Andes Central School District 11-1,4639540,26
SOUTH DAKOTA,Madison Central School District 39-2,4639600,174
SOUTH DAKOTA,Lake Preston School District 38-3,4639990,-8
SOUTH DAKOTA,Langford Area 45-5,4640860,38
SOUTH DAKOTA,Lead-Deadwood School District 40-1,4641300,100
SOUTH DAKOTA,Lemmon School District 52-4,4641520,-8
SOUTH DAKOTA,Lennox School District 41-4,4641550,183
SOUTH DAKOTA,Leola School District 44-2,4641640,-8
SOUTH DAKOTA,Lyman School District 42-1,4644770,52
SOUTH DAKOTA,Tri-Valley School District 49-6,4644940,135
SOUTH DAKOTA,Marion School District 60-3,4645450,45
SOUTH DAKOTA,McIntosh School District 15-1,4646260,-8
SOUTH DAKOTA,McLaughlin School District 15-2,4646380,112
SOUTH DAKOTA,Menno School District 33-2,4647100,-8
SOUTH DAKOTA,Miller 29-4,4647942,75
SOUTH DAKOTA,Mitchell School District 17-2,4648390,507
SOUTH DAKOTA,Montrose School District 43-2,4648780,-8
SOUTH DAKOTA,Mount Vernon School District 17-3,4649650,-8
SOUTH DAKOTA,New Underwood School District 51-3,4650670,-8
SOUTH DAKOTA,Newell School District 09-2,4650850,73
SOUTH DAKOTA,Northwestern Area School District 56-7,4651750,30
SOUTH DAKOTA,Oelrichs School District 23-3,4652770,-8
SOUTH DAKOTA,Parker School District 60-4,4654270,58
SOUTH DAKOTA,Parkston School District 33-3,4654300,75
SOUTH DAKOTA,Pierre School District 32-2,4655260,330
SOUTH DAKOTA,Plankinton School District 01-1,4655710,45
SOUTH DAKOTA,Rapid City Area School District 51-4,4659820,1901
SOUTH DAKOTA,Redfield School District 56-4,4660450,140
SOUTH DAKOTA,Rosholt School District 54-4,4663360,36
SOUTH DAKOTA,Rutland School District 39-4,4664140,21
SOUTH DAKOTA,Southeast Area Cooperative,4664300,0
SOUTH DAKOTA,Scotland School District 04-3,4665180,43
SOUTH DAKOTA,Oglala Lakota County 65-1,4665460,328
SOUTH DAKOTA,Sioux Falls School District 49-5,4666270,3679
SOUTH DAKOTA,Sioux Valley School District 05-5,4666300,122
SOUTH DAKOTA,Spearfish School District 40-2,4666930,285
SOUTH DAKOTA,Meade School District 46-1,4669930,460
SOUTH DAKOTA,Summit School District 54-6,4670140,38
SOUTH DAKOTA,Timber Lake School District 20-3,4671880,32
SOUTH DAKOTA,Todd County School District 66-1,4672090,287
SOUTH DAKOTA,Tripp-Delmont School District 33-5,4672450,-8
SOUTH DAKOTA,Vermillion School District 13-1,4674370,207
SOUTH DAKOTA,Viborg-Hurley School District 60-6,4674520,48
SOUTH DAKOTA,Wagner Community School District 11-4,4675420,103
SOUTH DAKOTA,Smee School District 15-3,4675600,-8
SOUTH DAKOTA,Wall School District 51-5,4675660,-8
SOUTH DAKOTA,Warner School District 06-5,4676020,34
SOUTH DAKOTA,Watertown School District 14-4,4676620,611
SOUTH DAKOTA,Waubay School District 18-3,4676680,-8
SOUTH DAKOTA,Waverly School District 14-5,4676740,59
SOUTH DAKOTA,Webster Area 18-5,4676990,61
SOUTH DAKOTA,Wessington Springs School District 36-2,4677460,49
SOUTH DAKOTA,Deubrook Area School District 05-6,4678300,55
SOUTH DAKOTA,White Lake School District 01-3,4678510,13
SOUTH DAKOTA,White River School District 47-1,4678570,54
SOUTH DAKOTA,Willow Lake School District 12-3,4679350,29
SOUTH DAKOTA,Winner School District 59-2,4679710,105
SOUTH DAKOTA,Wolsey Wessington School District 02-6,4680100,71
SOUTH DAKOTA,Black Hills Special Services Cooperative,4680120,0
SOUTH DAKOTA,NORTHEAST TECHNICAL HIGH SCHOOL,4680170,0
SOUTH DAKOTA,Woonsocket School District 55-4,4680190,-8
SOUTH DAKOTA,Northwest Area Schools ED Cooperative,4680280,0
SOUTH DAKOTA,Yankton School District 63-3,4680430,434
SOUTH DAKOTA,Kadoka Area School District 35-2,4680437,46
SOUTH DAKOTA,Platte - Geddes School District 11-5,4680438,59
SOUTH DAKOTA,Irene - Wakonda School District 13-3,4680439,-8
SOUTH DAKOTA,Highmore-Harrold 34-2,4680440,-8
SOUTH DAKOTA,Mobridge-Pollock 62-6,4680441,112
SOUTH DAKOTA,Corsica-Stickney 21-3,4680445,24
SOUTH DAKOTA,CORE Educational Cooperative,4680446,0
TENNESSEE,Hamblen County,4700001,1316
TENNESSEE,Alamo,4700030,63
TENNESSEE,Alcoa,4700060,268
TENNESSEE,Anderson County,4700090,951
TENNESSEE,Athens,4700120,271
TENNESSEE,West Tennessee School for the Deaf,4700143,24
TENNESSEE,Alvin C York Institute,4700144,38
TENNESSEE,Tennessee School for Blind,4700145,-8
TENNESSEE,Tennessee Schools for the Deaf,4700146,124
TENNESSEE,Achievement School District,4700147,692
TENNESSEE,Memphis-Shelby County Schools,4700148,10492
TENNESSEE,Collierville,4700149,1013
TENNESSEE,Millington Municipal Schools,4700150,288
TENNESSEE,Germantown,4700151,630
TENNESSEE,Arlington,4700152,510
TENNESSEE,Bartlett,4700153,1040
TENNESSEE,Lakeland,4700154,282
TENNESSEE,Department Of Children's Services Education Division,4700156,437
TENNESSEE,Tennessee Public Charter School Commission,4700157,340
TENNESSEE,Bedford County,4700180,864
TENNESSEE,Bells,4700210,46
TENNESSEE,Benton County,4700240,390
TENNESSEE,Bledsoe County,4700270,364
TENNESSEE,Blount County,4700300,1369
TENNESSEE,Bradley County,4700330,1159
TENNESSEE,Bristol,4700360,542
TENNESSEE,Campbell County,4700420,909
TENNESSEE,Cannon County,4700450,227
TENNESSEE,Carter County,4700510,763
TENNESSEE,Cheatham County,4700570,824
TENNESSEE,Chester County,4700600,276
TENNESSEE,Claiborne County,4700630,595
TENNESSEE,Clay County,4700660,146
TENNESSEE,Cleveland,4700690,747
TENNESSEE,Clinton,4700720,154
TENNESSEE,Cocke County,4700750,629
TENNESSEE,Coffee County,4700780,611
TENNESSEE,Crockett County,4700850,202
TENNESSEE,Cumberland County,4700900,786
TENNESSEE,Dayton,4700930,80
TENNESSEE,Decatur County,4700960,249
TENNESSEE,DeKalb County,4700990,403
TENNESSEE,Dickson County,4701020,1020
TENNESSEE,Dyer County,4701050,421
TENNESSEE,Dyersburg,4701080,394
TENNESSEE,Elizabethton,4701110,400
TENNESSEE,Etowah,4701140,59
TENNESSEE,Fayette County Public Schools,4701170,392
TENNESSEE,Fayetteville,4701200,133
TENNESSEE,Fentress County,4701230,294
TENNESSEE,Franklin SSD,4701260,355
TENNESSEE,Franklin County,4701290,644
TENNESSEE,Bradford,4701390,72
TENNESSEE,Gibson Co Sp Dist,4701400,471
TENNESSEE,Giles County,4701410,449
TENNESSEE,Grainger County,4701440,554
TENNESSEE,Greene County,4701470,1001
TENNESSEE,Greeneville,4701500,401
TENNESSEE,Grundy County,4701530,272
TENNESSEE,Hamilton County,4701590,5643
TENNESSEE,Hancock County,4701620,230
TENNESSEE,Hardeman County Schools,4701650,430
TENNESSEE,Hardin County,4701680,483
TENNESSEE,Hawkins County,4701740,892
TENNESSEE,Haywood County,4701770,353
TENNESSEE,Henderson County,4701800,535
TENNESSEE,Henry County,4701830,413
TENNESSEE,Hickman County,4701860,487
TENNESSEE,Hollow Rock - Bruceton,4701890,86
TENNESSEE,Houston County,4701920,180
TENNESSEE,Humboldt City Schools,4701950,123
TENNESSEE,Humphreys County,4701980,450
TENNESSEE,Huntingdon Special School District,4702010,164
TENNESSEE,Jackson County,4702070,248
TENNESSEE,Jefferson County,4702100,921
TENNESSEE,Johnson City,4702130,896
TENNESSEE,Johnson County,4702160,724
TENNESSEE,Kingsport,4702190,1258
TENNESSEE,Knox County,4702220,7901
TENNESSEE,Lake County,4702280,160
TENNESSEE,Lauderdale County,4702310,488
TENNESSEE,Lawrence County,4702340,868
TENNESSEE,Lebanon,4702370,456
TENNESSEE,Lenoir City,4702400,321
TENNESSEE,Lewis County,4702430,227
TENNESSEE,Lexington,4702460,115
TENNESSEE,Lincoln County,4702490,501
TENNESSEE,Loudon County,4702520,570
TENNESSEE,Macon County,4702550,569
TENNESSEE,Madison County,4702580,1610
TENNESSEE,Manchester,4702610,232
TENNESSEE,Marion County,4702640,423
TENNESSEE,Marshall County,4702670,628
TENNESSEE,Maryville,4702700,649
TENNESSEE,Maury County,4702760,1679
TENNESSEE,McKenzie,4702790,201
TENNESSEE,McMinn County,4702820,818
TENNESSEE,McNairy County,4702880,511
TENNESSEE,Meigs County,4702910,273
TENNESSEE,Milan,4702970,267
TENNESSEE,Monroe County,4703000,742
TENNESSEE,Montgomery County,4703030,5269
TENNESSEE,Moore County,4703060,135
TENNESSEE,Morgan County,4703090,419
TENNESSEE,Murfreesboro,4703150,1140
TENNESSEE,Davidson County,4703180,8799
TENNESSEE,Newport,4703210,77
TENNESSEE,Oak Ridge,4703240,659
TENNESSEE,Obion County,4703270,426
TENNESSEE,Oneida,4703300,178
TENNESSEE,Overton County,4703330,447
TENNESSEE,Paris,4703360,270
TENNESSEE,Perry County,4703390,201
TENNESSEE,Pickett County,4703420,90
TENNESSEE,Polk County,4703450,339
TENNESSEE,Putnam County,4703480,1520
TENNESSEE,Rhea County,4703510,473
TENNESSEE,Richard City,4703540,-8
TENNESSEE,Roane County,4703590,1058
TENNESSEE,Robertson County,4703600,1493
TENNESSEE,Rogersville,4703660,-8
TENNESSEE,Rutherford County,4703690,4051
TENNESSEE,Scott County,4703720,348
TENNESSEE,Sequatchie County,4703750,285
TENNESSEE,Sevier County,4703780,1764
TENNESSEE,Smith County,4703870,454
TENNESSEE,South Carroll,4703900,28
TENNESSEE,Stewart County,4703960,266
TENNESSEE,Sullivan County,4703990,1311
TENNESSEE,Sumner County,4704020,3816
TENNESSEE,Sweetwater,4704050,233
TENNESSEE,Tipton County,4704080,1227
TENNESSEE,Trenton,4704100,179
TENNESSEE,Trousdale County,4704170,135
TENNESSEE,Tullahoma,4704200,437
TENNESSEE,Unicoi County,4704230,375
TENNESSEE,Union City,4704260,165
TENNESSEE,Union County,4704290,753
TENNESSEE,Van Buren County,4704320,111
TENNESSEE,Warren County,4704350,808
TENNESSEE,Washington County,4704380,1160
TENNESSEE,Wayne County,4704440,343
TENNESSEE,Weakley County,4704470,524
TENNESSEE,West Carroll Sp Dist,4704490,-8
TENNESSEE,White County,4704500,652
TENNESSEE,Williamson County,4704530,3995
TENNESSEE,Wilson County,4704550,2107
TEXAS,CROSBYTON CISD,4800001,44
TEXAS,SPUR ISD,4800002,-8
TEXAS,ROCKSPRINGS ISD,4800003,29
TEXAS,POR VIDA ACADEMY,4800004,19
TEXAS,BLACKWELL CISD,4800005,-8
TEXAS,ASPERMONT ISD,4800006,26
TEXAS,PANTHER CREEK CISD,4800007,-8
TEXAS,DRIPPING SPRINGS ISD,4800008,1021
TEXAS,WIMBERLEY ISD,4800009,321
TEXAS,HAYS CISD,4800010,3138
TEXAS,ALVARADO ISD,4800011,374
TEXAS,CHISUM ISD,4800012,152
TEXAS,GEORGE GERVIN ACADEMY,4800014,-8
TEXAS,TEXANS CAN ACADEMIES,4800016,436
TEXAS,SER-NINOS CHARTER SCHOOL,4800018,50
TEXAS,ARISTOI CLASSICAL ACADEMY,4800019,128
TEXAS,GEORGE I SANCHEZ CHARTER,4800020,83
TEXAS,RAUL YZAGUIRRE SCHOOLS FOR SUCCESS,4800022,168
TEXAS,WACO CHARTER SCHOOL,4800024,-8
TEXAS,DR M L GARZA-GONZALEZ CHARTER SCHOOL,4800025,11
TEXAS,PEGASUS SCHOOL OF LIBERAL ARTS AND SCIENCES,4800029,74
TEXAS,UPLIFT EDUCATION,4800030,1933
TEXAS,ACADEMY OF ACCELERATED LEARNING INC,4800032,20
TEXAS,CUMBERLAND ACADEMY,4800034,219
TEXAS,ALIEF MONTESSORI COMMUNITY SCHOOL,4800035,-8
TEXAS,BURNHAM WOOD CHARTER SCHOOL DISTRICT,4800037,-8
TEXAS,ADVANTAGE ACADEMY,4800041,-8
TEXAS,RAPOPORT ACADEMY PUBLIC SCHOOL,4800042,-8
TEXAS,WAYSIDE SCHOOLS,4800044,-8
TEXAS,RAVEN SCHOOL,4800048,21
TEXAS,EXCEL ACADEMY,4800049,72
TEXAS,INSPIRE ACADEMIES,4800053,131
TEXAS,LIFE SCHOOL,4800055,796
TEXAS,NYOS CHARTER SCHOOL,4800058,169
TEXAS,POSITIVE SOLUTIONS CHARTER SCHOOL,4800059,22
TEXAS,NEW FRONTIERS PUBLIC SCHOOLS INC,4800061,7
TEXAS,LEGACY TRADITIONAL SCHOOLS - TEXAS,4800062,91
TEXAS,SOUTHWEST PREPARATORY SCHOOL,4800063,-8
TEXAS,CHAPARRAL STAR ACADEMY,4800064,15
TEXAS,HORIZON MONTESSORI PUBLIC SCHOOLS,4800065,109
TEXAS,TEXAS EMPOWERMENT ACADEMY,4800066,31
TEXAS,TREETOPS SCHOOL INTERNATIONAL,4800068,26
TEXAS,TWO DIMENSIONS PREPARATORY ACADEMY,4800069,32
TEXAS,UNIVERSAL ACADEMY,4800070,69
TEXAS,UNIVERSITY OF TEXAS UNIVERSITY CHARTER SCHOOL,4800071,230
TEXAS,NOVA ACADEMY,4800072,-8
TEXAS,THE VARNETT PUBLIC SCHOOL,4800073,-8
TEXAS,PINEYWOODS COMMUNITY ACADEMY,4800074,123
TEXAS,RICHARD MILBURN ALTER HIGH SCHOOL (KILLEEN),4800075,190
TEXAS,PRIORITY CHARTER SCHOOLS,4800076,115
TEXAS,BEXAR COUNTY ACADEMY,4800077,-8
TEXAS,HERITAGE ACADEMY,4800080,63
TEXAS,REG 20 EDUCATION SERVICE CENTER,4800083,0
TEXAS,BRAZOS SCHOOL FOR INQUIRY & CREATIVITY,4800086,28
TEXAS,LUMIN EDUCATION,4800089,-8
TEXAS,ACADEMY OF DALLAS,4800090,36
TEXAS,TRINITY BASIN PREPARATORY,4800092,539
TEXAS,ACADEMY FOR ACADEMIC EXCELLENCE,4800093,88
TEXAS,A W BROWN LEADERSHIP ACADEMY,4800095,56
TEXAS,JEAN MASSIEU ACADEMY,4800098,9
TEXAS,REG 10 EDUCATION SERVICE CENTER,4800104,0
TEXAS,WAXAHACHIE FAITH FAMILY ACADEMY,4800105,-8
TEXAS,TRIUMPH PUBLIC HIGH SCHOOLS-EL PASO,4800106,15
TEXAS,REG 19 EDUCATION SERVICE CENTER,4800107,0
TEXAS,ODYSSEY ACADEMY INC,4800108,179
TEXAS,EAST TEXAS CHARTER SCHOOLS,4800109,13
TEXAS,REG 7 EDUCATION SERVICE CENTER,4800110,0
TEXAS,AMIGOS POR VIDA-FRIENDS FOR LIFE PUB CHTR SCH,4800113,33
TEXAS,HOUSTON HEIGHTS HIGH SCHOOL,4800115,23
TEXAS,HOUSTON GATEWAY ACADEMY INC,4800118,116
TEXAS,CALVIN NELMS CHARTER SCHOOLS,4800124,33
TEXAS,SOUTHWEST PUBLIC SCHOOLS,4800125,-8
TEXAS,COMQUEST ACADEMY,4800127,4
TEXAS,REG 4 EDUCATION SERVICE CENTER,4800130,0
TEXAS,KATHERINE ANNE PORTER SCHOOL,4800132,20
TEXAS,TRIUMPH PUBLIC HIGH SCHOOLS-RIO GRANDE VALLEY,4800133,65
TEXAS,REG 1 EDUCATION SERVICE CENTER,4800136,0
TEXAS,TEKOA ACADEMY OF ACCELERATED STUDIES STEM SCHOOL,4800139,10
TEXAS,RISE ACADEMY,4800141,35
TEXAS,TRIUMPH PUBLIC HIGH SCHOOLS-LUBBOCK,4800142,30
TEXAS,REG 17 EDUCATION SERVICE CENTER,4800144,0
TEXAS,REG 12 EDUCATION SERVICE CENTER,4800146,0
TEXAS,MIDLAND ACADEMY CHARTER SCHOOL,4800148,21
TEXAS,REG 18 EDUCATION SERVICE CENTER,4800150,0
TEXAS,TEXAS SERENITY ACADEMY,4800151,18
TEXAS,REG 2 EDUCATION SERVICE CENTER,4800154,0
TEXAS,REG 5 EDUCATION SERVICE CENTER,4800155,0
TEXAS,REG 16 EDUCATION SERVICE CENTER,4800156,0
TEXAS,ARLINGTON CLASSICS ACADEMY,4800158,82
TEXAS,ERATH EXCELS ACADEMY INC,4800159,6
TEXAS,REG 11 EDUCATION SERVICE CENTER,4800162,0
TEXAS,TEXAS COLLEGE PREPARATORY ACADEMIES,4800163,1317
TEXAS,REG 14 EDUCATION SERVICE CENTER,4800164,0
TEXAS,REG 8 EDUCATION SERVICE CENTER,4800165,0
TEXAS,REG 15 EDUCATION SERVICE CENTER,4800166,0
TEXAS,REG 13 EDUCATION SERVICE CENTER,4800169,0
TEXAS,RANCH ACADEMY,4800171,22
TEXAS,REG 3 EDUCATION SERVICE CENTER,4800172,0
TEXAS,REG 6 EDUCATION SERVICE CENTER,4800173,0
TEXAS,TRIUMPH PUBLIC HIGH SCHOOLS-LAREDO,4800174,25
TEXAS,REG 9 EDUCATION SERVICE CENTER,4800176,0
TEXAS,ST MARY'S ACADEMY CHARTER SCHOOL,4800177,54
TEXAS,JUBILEE ACADEMIES,4800179,566
TEXAS,GATEWAY CHARTER ACADEMY,4800184,27
TEXAS,EDUCATION CENTER INTERNATIONAL ACADEMY,4800186,30
TEXAS,NORTH TEXAS COLLEGIATE ACADEMY,4800187,-8
TEXAS,BEATRICE MAYES INSTITUTE CHARTER SCHOOL,4800190,41
TEXAS,ACCELERATED INTERMEDIATE ACADEMY,4800192,3
TEXAS,TEXAS PREPARATORY SCHOOL,4800194,5
TEXAS,VANGUARD ACADEMY,4800195,376
TEXAS,NOVA ACADEMY SOUTHEAST,4800201,-8
TEXAS,WINFREE ACADEMY CHARTER SCHOOLS,4800202,139
TEXAS,A+ ACADEMY,4800203,171
TEXAS,INSPIRED VISION ACADEMY,4800204,124
TEXAS,EL PASO ACADEMY,4800205,32
TEXAS,PREMIER HIGH SCHOOLS,4800207,905
TEXAS,YES PREP PUBLIC SCHOOLS INC,4800209,1251
TEXAS,HARMONY PUBLIC SCHOOLS - HOUSTON SOUTH,4800210,335
TEXAS,IDEA PUBLIC SCHOOLS,4800211,6521
TEXAS,PANOLA CHARTER SCHOOL,4800213,11
TEXAS,BRAZOS RIVER CHARTER SCHOOL,4800214,25
TEXAS,EHRHART SCHOOL,4800221,53
TEXAS,BIG SPRINGS CHARTER SCHOOL,4800227,94
TEXAS,FORT WORTH ACADEMY OF FINE ARTS,4800231,46
TEXAS,CEDARS INTERNATIONAL ACADEMY,4800232,-8
TEXAS,ORENDA CHARTER SCHOOL,4800235,240
TEXAS,EVOLUTION ACADEMY CHARTER SCHOOL,4800236,73
TEXAS,GOLDEN RULE CHARTER SCHOOL,4800237,144
TEXAS,BAKERRIPLEY COMMUNITY SCHOOLS,4800240,81
TEXAS,HARMONY PUBLIC SCHOOLS - CENTRAL TEXAS,4800241,323
TEXAS,LIGHTHOUSE PUBLIC SCHOOLS,4800246,-8
TEXAS,ST ANTHONY SCHOOL,4800248,44
TEXAS,UNIVERSITY OF TEXAS ELEMENTARY CHARTER SCHOOL,4800251,-8
TEXAS,TEXAS SCH FOR THE BLIND & VISUALLY IMPAIRED,4800252,111
TEXAS,TEXAS SCH FOR THE DEAF,4800253,385
TEXAS,WESTLAKE ACADEMY CHARTER SCHOOL,4800254,59
TEXAS,EAST FORT WORTH MONTESSORI ACADEMY,4800255,8
TEXAS,SCHOOL OF SCIENCE AND TECHNOLOGY,4800258,517
TEXAS,TRINITY CHARTER SCHOOL,4800259,130
TEXAS,HARRIS COUNTY DEPT OF ED,4800261,0
TEXAS,MEYERPARK ELEMENTARY,4800262,20
TEXAS,DRAW ACADEMY,4800263,-8
TEXAS,KIPP TEXAS PUBLIC SCHOOLS,4800264,2988
TEXAS,AUSTIN DISCOVERY SCHOOL,4800265,35
TEXAS,HARMONY PUBLIC SCHOOLS - SOUTH TEXAS,4800266,-8
TEXAS,SOMERSET ACADEMIES OF TEXAS,4800268,464
TEXAS,LA ACADEMIA DE ESTRELLAS,4800270,113
TEXAS,RICHLAND COLLEGIATE HIGH SCHOOL,4800271,-8
TEXAS,HARMONY PUBLIC SCHOOLS - WEST TEXAS,4800272,-8
TEXAS,HARMONY PUBLIC SCHOOLS - HOUSTON NORTH,4800274,-8
TEXAS,STEP CHARTER SCHOOL,4800275,47
TEXAS,CROSSTIMBERS ACADEMY,4800278,17
TEXAS,CORPUS CHRISTI MONTESSORI SCHOOL,4800279,20
TEXAS,THE RHODES SCHOOL FOR PERFORMING ARTS,4800283,60
TEXAS,AMBASSADORS PREPARATORY ACADEMY,4800284,8
TEXAS,LA FE PREPARATORY SCHOOL,4800286,13
TEXAS,TEXAS SCHOOL OF THE ARTS,4800287,27
TEXAS,CITYSCAPE SCHOOLS,4800288,105
TEXAS,SEASHORE CHARTER SCHOOLS,4800289,42
TEXAS,WINDHAM SCHOOL DISTRICT,4800291,288
TEXAS,HARMONY PUBLIC SCHOOLS - NORTH TEXAS,4800292,1150
TEXAS,VISTA DEL FUTURO CHARTER SCHOOL,4801394,-8
TEXAS,STEPHEN F AUSTIN STATE UNIVERSITY CHARTER SCHOOL,4801395,20
TEXAS,SCHOOL OF SCIENCE AND TECHNOLOGY DISCOVERY,4801400,643
TEXAS,MEADOWLAND CHARTER DISTRICT,4801404,35
TEXAS,HARMONY PUBLIC SCHOOLS - HOUSTON WEST,4801405,364
TEXAS,CHAPEL HILL ACADEMY,4801407,54
TEXAS,TEXAS LEADERSHIP PUBLIC SCHOOLS,4801409,362
TEXAS,BOB HOPE SCHOOL,4801410,115
TEXAS,HENRY FORD ACADEMY ALAMEDA SCHOOL FOR ART + DESIGN,4801412,9
TEXAS,VALERE PUBLIC SCHOOLS,4801414,76
TEXAS,MANARA ACADEMY,4801415,-8
TEXAS,ARROW ACADEMY,4801416,82
TEXAS,COMPASS ACADEMY CHARTER SCHOOL,4801417,142
TEXAS,THE LAWSON ACADEMY,4801418,16
TEXAS,LEADERSHIP PREP SCHOOL,4801420,119
TEXAS,NEWMAN INTERNATIONAL ACADEMY OF ARLINGTON,4801421,156
TEXAS,MERIDIAN WORLD SCHOOL LLC,4801422,155
TEXAS,UME PREPARATORY ACADEMY,4801425,104
TEXAS,UT TYLER UNIVERSITY ACADEMY,4801427,107
TEXAS,LEGACY PREPARATORY,4801428,114
TEXAS,IMAGINE INTERNATIONAL ACADEMY OF NORTH TEXAS,4801429,83
TEXAS,AUSTIN ACHIEVE PUBLIC SCHOOLS,4801431,238
TEXAS,TEXAS JUVENILE JUSTICE DEPARTMENT,4801432,178
TEXAS,EXCELLENCE IN LEADERSHIP ACADEMY,4801433,34
TEXAS,THE PRO-VISION ACADEMY,4801434,60
TEXAS,ELEANOR KOLITZ HEBREW LANGUAGE ACADEMY,4801435,37
TEXAS,VILLAGE TECH SCHOOLS,4801436,117
TEXAS,BASIS TEXAS,4801438,196
TEXAS,EL PASO LEADERSHIP ACADEMY,4801439,48
TEXAS,INTERNATIONAL LEADERSHIP OF TEXAS (ILTEXAS),4801440,1547
TEXAS,GREAT HEARTS TEXAS,4801441,878
TEXAS,MONTESSORI FOR ALL,4801442,34
TEXAS,BETA ACADEMY,4801446,-8
TEXAS,KI CHARTER ACADEMY,4801447,130
TEXAS,THE EXCEL CENTER (FOR ADULTS),4801448,15
TEXAS,HIGH POINT ACADEMY,4801450,180
TEXAS,PIONEER TECHNOLOGY & ARTS ACADEMY,4801451,207
TEXAS,LONE STAR LANGUAGE ACADEMY,4801452,12
TEXAS,A+ UNLIMITED POTENTIAL,4801453,30
TEXAS,SAM HOUSTON STATE UNIVERSITY CHARTER SCHOOL,4801454,43
TEXAS,TRIVIUM ACADEMY,4801456,68
TEXAS,COMPASS ROSE PUBLIC SCHOOLS,4801457,313
TEXAS,GOODWATER MONTESSORI SCHOOL,4801458,-8
TEXAS,LEGACY SCHOOL OF SPORT SCIENCES,4801459,37
TEXAS,ETOILE ACADEMY CHARTER SCHOOL,4801460,35
TEXAS,VALOR PUBLIC SCHOOLS,4801461,174
TEXAS,BRIDGEWAY PREPARATORY ACADEMY,4801462,-8
TEXAS,YELLOWSTONE COLLEGE PREPARATORY,4801463,20
TEXAS,LAKE GRANBURY ACADEMY CHARTER SCHOOL,4801464,10
TEXAS,REVE PREPARATORY CHARTER SCHOOL,4801465,19
TEXAS,BLOOM ACADEMY CHARTER SCHOOL,4801466,41
TEXAS,PROMESA ACADEMY CHARTER SCHOOL,4801467,68
TEXAS,BETTY M CONDRA SCHOOL FOR EDUCATION INNOVATION,4801468,68
TEXAS,HOUSTON CLASSICAL CHARTER SCHOOL,4801469,17
TEXAS,ELEVATE COLLEGIATE CHARTER SCHOOL,4801470,7
TEXAS,THE GATHERING PLACE,4801471,92
TEXAS,SAN ANTONIO PREPARATORY SCHOOLS,4801472,17
TEXAS,UNIVERSITY OF TEXAS AT AUSTIN H S,4801473,42
TEXAS,DORAL ACADEMY OF TEXAS,4801474,36
TEXAS,BRILLANTE ACADEMY,4801475,0
TEXAS,PRELUDE PREPARATORY CHARTER SCHOOL,4801476,-8
TEXAS,ROYAL PUBLIC SCHOOLS,4801477,21
TEXAS,LEARN4LIFE-AUSTIN,4801478,0
TEXAS,ESSENCE PREPARATORY CHARTER SCHOOL,4801479,6
TEXAS,TEXAS TECH UNIVERSITY K-12,4801480,27
TEXAS,THRIVE CENTER FOR SUCCESS,4801481,74
TEXAS,ROCKETSHIP PUBLIC SCHOOLS,4801482,-8
TEXAS,COLLEGE STATION ISD,4807350,1996
TEXAS,ABBOTT ISD,4807380,-8
TEXAS,ABERNATHY ISD,4807410,87
TEXAS,ABILENE ISD,4807440,2388
TEXAS,ACADEMY ISD,4807470,214
TEXAS,ADRIAN ISD,4807500,20
TEXAS,AGUA DULCE ISD,4807530,-8
TEXAS,ALAMO HEIGHTS ISD,4807590,508
TEXAS,ALBA-GOLDEN ISD,4807650,113
TEXAS,ALBANY ISD,4807680,66
TEXAS,ALDINE ISD,4807710,5397
TEXAS,ALEDO ISD,4807780,806
TEXAS,ALICE ISD,4807800,624
TEXAS,ALIEF ISD,4807830,4645
TEXAS,ALLEN ISD,4807890,2906
TEXAS,ALPINE ISD,4807950,122
TEXAS,ALTO ISD,4807980,-8
TEXAS,ALVIN ISD,4808090,3738
TEXAS,ALVORD ISD,4808100,128
TEXAS,AMARILLO ISD,4808130,4477
TEXAS,AMHERST ISD,4808160,-8
TEXAS,ANAHUAC ISD,4808190,210
TEXAS,ANDERSON-SHIRO CISD,4808230,-8
TEXAS,ANDREWS ISD,4808280,518
TEXAS,ANGLETON ISD,4808310,983
TEXAS,ANNA ISD,4808340,669
TEXAS,ANSON ISD,4808400,101
TEXAS,ANTHONY ISD,4808430,97
TEXAS,ANTON ISD,4808460,22
TEXAS,APPLE SPRINGS ISD,4808490,30
TEXAS,AQUILLA ISD,4808520,-8
TEXAS,ARANSAS COUNTY ISD,4808550,447
TEXAS,ARANSAS PASS ISD,4808580,168
TEXAS,ARCHER CITY ISD,4808610,73
TEXAS,ARGYLE ISD,4808670,481
TEXAS,ARLINGTON ISD,4808700,5780
TEXAS,ARP ISD,4808730,122
TEXAS,ATHENS ISD,4808870,484
TEXAS,ATLANTA ISD,4808880,253
TEXAS,AUBREY ISD,4808910,456
TEXAS,AUSTIN ISD,4808940,9744
TEXAS,AUSTWELL-TIVOLI ISD,4809000,37
TEXAS,AVALON ISD,4809030,-8
TEXAS,AVERY ISD,4809060,-8
TEXAS,AVINGER ISD,4809090,17
TEXAS,AXTELL ISD,4809150,119
TEXAS,AZLE ISD,4809200,984
TEXAS,BAIRD ISD,4809280,61
TEXAS,BALLINGER ISD,4809300,126
TEXAS,BALMORHEA ISD,4809330,-8
TEXAS,BANDERA ISD,4809360,382
TEXAS,BANGS ISD,4809390,93
TEXAS,BANQUETE ISD,4809410,104
TEXAS,BARBERS HILL ISD,4809450,784
TEXAS,BARTLETT ISD,4809540,-8
TEXAS,BASTROP ISD,4809570,1560
TEXAS,BAY CITY ISD,4809630,385
TEXAS,BEAUMONT ISD,4809670,1590
TEXAS,BECKVILLE ISD,4809690,94
TEXAS,BEEVILLE ISD,4809720,432
TEXAS,BELLEVUE ISD,4809750,24
TEXAS,BELLS ISD,4809780,-8
TEXAS,BELLVILLE ISD,4809810,297
TEXAS,BELTON ISD,4809860,2196
TEXAS,BEN BOLT-PALITO BLANCO ISD,4809870,62
TEXAS,BENJAMIN ISD,4809980,21
TEXAS,BIG SANDY ISD,4810140,95
TEXAS,BIG SANDY ISD,4810170,79
TEXAS,BIG SPRING ISD,4810200,611
TEXAS,BIRDVILLE ISD,4810230,2702
TEXAS,BISHOP CISD,4810260,190
TEXAS,BLANCO ISD,4810320,151
TEXAS,BLAND ISD,4810350,121
TEXAS,BLANKET ISD,4810380,-8
TEXAS,BLOOMBURG ISD,4810440,35
TEXAS,BLOOMING GROVE ISD,4810470,82
TEXAS,BLOOMINGTON ISD,4810500,143
TEXAS,BLUE RIDGE ISD,4810590,149
TEXAS,BLUFF DALE ISD,4810620,-8
TEXAS,BLUM ISD,4810650,-8
TEXAS,BOERNE ISD,4810710,1463
TEXAS,BOLES ISD,4810740,85
TEXAS,BOLING ISD,4810780,82
TEXAS,BONHAM ISD,4810800,339
TEXAS,BOOKER ISD,4810830,-8
TEXAS,BORDEN COUNTY ISD,4810860,13
TEXAS,BORGER ISD,4810890,360
TEXAS,BOSQUEVILLE ISD,4810910,115
TEXAS,BOVINA ISD,4810950,71
TEXAS,BOWIE ISD,4810990,253
TEXAS,BOYD ISD,4811010,135
TEXAS,BOYS RANCH ISD,4811040,30
TEXAS,BRACKETT ISD,4811070,92
TEXAS,BRADY ISD,4811110,124
TEXAS,BRAZOSPORT ISD,4811190,1697
TEXAS,BRECKENRIDGE ISD,4811220,194
TEXAS,BREMOND ISD,4811250,-8
TEXAS,BRENHAM ISD,4811280,756
TEXAS,BRIDGE CITY ISD,4811310,363
TEXAS,BRIDGEPORT ISD,4811340,290
TEXAS,FORT ELLIOTT CISD,4811400,-8
TEXAS,BROADDUS ISD,4811430,-8
TEXAS,BROCK ISD,4811460,183
TEXAS,BRONTE ISD,4811490,43
TEXAS,BROOKELAND ISD,4811520,-8
TEXAS,BROOKESMITH ISD,4811550,47
TEXAS,BROOKS COUNTY ISD,4811580,181
TEXAS,BROWNFIELD ISD,4811610,275
TEXAS,BROWNSBORO ISD,4811640,418
TEXAS,BROWNSVILLE ISD,4811680,5851
TEXAS,BROWNWOOD ISD,4811700,473
TEXAS,BRUCEVILLE-EDDY ISD,4811730,106
TEXAS,BRYAN ISD,4811790,2453
TEXAS,BRYSON ISD,4811820,28
TEXAS,BUCKHOLTS ISD,4811850,15
TEXAS,BUENA VISTA ISD,4811910,-8
TEXAS,BUFFALO ISD,4811990,125
TEXAS,BULLARD ISD,4812060,365
TEXAS,BUNA ISD,4812090,248
TEXAS,BURKBURNETT ISD,4812120,510
TEXAS,BURKEVILLE ISD,4812150,-8
TEXAS,BURLESON ISD,4812180,1582
TEXAS,BURNET CISD,4812220,535
TEXAS,BURTON ISD,4812240,44
TEXAS,BYNUM ISD,4812360,-8
TEXAS,CADDO MILLS ISD,4812390,413
TEXAS,CALALLEN ISD,4812420,521
TEXAS,CALDWELL ISD,4812460,211
TEXAS,CALHOUN COUNTY ISD,4812480,421
TEXAS,CALLISBURG ISD,4812510,203
TEXAS,CALVERT ISD,4812540,20
TEXAS,CAMERON ISD,4812640,138
TEXAS,CAMPBELL ISD,4812660,61
TEXAS,CANADIAN ISD,4812700,88
TEXAS,CANTON ISD,4812750,241
TEXAS,CANUTILLO ISD,4812780,612
TEXAS,CANYON ISD,4812810,1386
TEXAS,CARLISLE ISD,4812870,73
TEXAS,CARRIZO SPRINGS CISD,4812990,189
TEXAS,CARROLL ISD,4813020,651
TEXAS,CARROLLTON-FARMERS BRANCH ISD,4813050,3617
TEXAS,CARTHAGE ISD,4813110,314
TEXAS,CASTLEBERRY ISD,4813170,535
TEXAS,CAYUGA ISD,4813200,-8
TEXAS,CEDAR HILL ISD,4813230,541
TEXAS,CELESTE ISD,4813260,87
TEXAS,CELINA ISD,4813290,449
TEXAS,CENTER ISD,4813320,313
TEXAS,CENTER POINT ISD,4813350,102
TEXAS,CENTERVILLE ISD,4813380,19
TEXAS,CENTERVILLE ISD,4813410,75
TEXAS,CENTRAL HEIGHTS ISD,4813440,-8
TEXAS,CENTRAL ISD,4813500,229
TEXAS,LUMBERTON ISD,4813530,551
TEXAS,CHANNELVIEW ISD,4813590,1121
TEXAS,CHANNING ISD,4813620,18
TEXAS,CHAPEL HILL ISD,4813650,534
TEXAS,CHAPEL HILL ISD,4813680,142
TEXAS,CHARLOTTE ISD,4813710,-8
TEXAS,CHEROKEE ISD,4813740,14
TEXAS,CHESTER ISD,4813770,19
TEXAS,CHICO ISD,4813800,78
TEXAS,CHILDRESS ISD,4813860,143
TEXAS,CHILLICOTHE ISD,4813890,-8
TEXAS,CHILTON ISD,4813920,-8
TEXAS,CHINA SPRING ISD,4813960,315
TEXAS,CHIRENO ISD,4813980,-8
TEXAS,CHRISTOVAL ISD,4814010,86
TEXAS,CISCO ISD,4814070,120
TEXAS,CITY VIEW ISD,4814130,221
TEXAS,CLARENDON ISD,4814160,64
TEXAS,CLARKSVILLE ISD,4814190,84
TEXAS,CLAUDE ISD,4814250,36
TEXAS,CLEAR CREEK ISD,4814280,5379
TEXAS,CLEBURNE ISD,4814310,873
TEXAS,CLEVELAND ISD,4814370,1038
TEXAS,CLIFTON ISD,4814400,168
TEXAS,CLINT ISD,4814430,1297
TEXAS,CLYDE CISD,4814450,209
TEXAS,COAHOMA ISD,4814490,120
TEXAS,COLDSPRING-OAKHURST CISD,4814520,231
TEXAS,COLEMAN ISD,4814550,131
TEXAS,COLLINSVILLE ISD,4814580,90
TEXAS,COLMESNEIL ISD,4814600,-8
TEXAS,COLORADO ISD,4814640,126
TEXAS,COLUMBIA-BRAZORIA ISD,4814670,453
TEXAS,COLUMBUS ISD,4814700,224
TEXAS,COMAL ISD,4814730,4082
TEXAS,COMANCHE ISD,4814760,172
TEXAS,COMFORT ISD,4814790,167
TEXAS,COMMERCE ISD,4814820,253
TEXAS,COMMUNITY ISD,4814850,503
TEXAS,COMO-PICKTON CISD,4814880,122
TEXAS,COMSTOCK ISD,4814920,21
TEXAS,CONNALLY ISD,4814970,276
TEXAS,CONROE ISD,4815000,6853
TEXAS,COOLIDGE ISD,4815120,53
TEXAS,COOPER ISD,4815150,121
TEXAS,LUBBOCK-COOPER ISD,4815180,906
TEXAS,COPPELL ISD,4815210,1258
TEXAS,COPPERAS COVE ISD,4815240,1310
TEXAS,CORPUS CHRISTI ISD,4815270,4117
TEXAS,CORRIGAN-CAMDEN ISD,4815300,114
TEXAS,CORSICANA ISD,4815330,803
TEXAS,COTTON CENTER ISD,4815360,21
TEXAS,COTULLA ISD,4815400,194
TEXAS,COUPLAND ISD,4815420,43
TEXAS,COVINGTON ISD,4815480,51
TEXAS,CRANDALL ISD,4815510,831
TEXAS,CRANE ISD,4815540,88
TEXAS,CRANFILLS GAP ISD,4815570,24
TEXAS,CRAWFORD ISD,4815600,75
TEXAS,CROCKETT COUNTY CONSOLIDATED CSD,4815690,-8
TEXAS,CROCKETT ISD,4815720,163
TEXAS,CROSBY ISD,4815750,827
TEXAS,CROSS PLAINS ISD,4815810,49
TEXAS,CROSS ROADS ISD,4815840,76
TEXAS,CROWELL ISD,4815870,-8
TEXAS,CROWLEY ISD,4815910,2009
TEXAS,CRYSTAL CITY ISD,4815930,234
TEXAS,CUERO ISD,4815960,336
TEXAS,CULBERSON COUNTY-ALLAMOORE ISD,4815990,-8
TEXAS,CUMBY COLLEGIATE ISD,4816020,-8
TEXAS,CUSHING ISD,4816080,89
TEXAS,CYPRESS-FAIRBANKS ISD,4816110,12715
TEXAS,D'HANIS ISD,4816140,36
TEXAS,DAINGERFIELD-LONE STAR ISD,4816180,184
TEXAS,DALHART ISD,4816200,163
TEXAS,DALLAS ISD,4816230,14934
TEXAS,DAMON ISD,4816260,-8
TEXAS,DANBURY ISD,4816290,98
TEXAS,DARROUZETT ISD,4816320,20
TEXAS,DAWSON ISD,4816350,14
TEXAS,DAWSON ISD,4816380,81
TEXAS,DAYTON ISD,4816410,809
TEXAS,DE LEON ISD,4816440,94
TEXAS,DECATUR ISD,4816500,583
TEXAS,DEER PARK ISD,4816530,1829
TEXAS,DEKALB ISD,4816570,102
TEXAS,DEL VALLE ISD,4816620,1672
TEXAS,DELL CITY ISD,4816650,12
TEXAS,DENISON ISD,4816710,756
TEXAS,DENTON ISD,4816740,4225
TEXAS,DENVER CITY ISD,4816770,150
TEXAS,DESOTO ISD,4816860,617
TEXAS,DETROIT ISD,4816890,81
TEXAS,DEVERS ISD,4816920,20
TEXAS,DEVINE ISD,4816950,305
TEXAS,DEW ISD,4816980,14
TEXAS,DEWEYVILLE ISD,4817010,82
TEXAS,DIBOLL ISD,4817040,205
TEXAS,DICKINSON ISD,4817070,1833
TEXAS,DILLEY ISD,4817100,156
TEXAS,DIME BOX ISD,4817130,-8
TEXAS,DIMMITT ISD,4817160,107
TEXAS,DIVIDE ISD,4817190,8
TEXAS,DODD CITY ISD,4817280,-8
TEXAS,DONNA ISD,4817390,1328
TEXAS,DOSS CONSOLIDATED CSD,4817400,4
TEXAS,DOUGLASS ISD,4817460,-8
TEXAS,DRISCOLL ISD,4817550,32
TEXAS,DUBLIN ISD,4817580,97
TEXAS,DUMAS ISD,4817610,427
TEXAS,DUNCANVILLE ISD,4817640,1187
TEXAS,EAGLE MT-SAGINAW ISD,4817700,3006
TEXAS,EAGLE PASS ISD,4817730,1532
TEXAS,EANES ISD,4817760,830
TEXAS,EARLY ISD,4817790,113
TEXAS,EAST BERNARD ISD,4817830,94
TEXAS,EAST CENTRAL ISD,4817850,1339
TEXAS,EAST CHAMBERS ISD,4817880,187
TEXAS,EASTLAND ISD,4817960,127
TEXAS,ECTOR COUNTY ISD,4818000,3277
TEXAS,ECTOR ISD,4818030,55
TEXAS,EDCOUCH-ELSA ISD,4818060,477
TEXAS,EDEN CISD,4818070,47
TEXAS,EDGEWOOD ISD,4818120,171
TEXAS,EDGEWOOD ISD,4818150,965
TEXAS,EDINBURG CISD,4818180,2492
TEXAS,EDNA ISD,4818210,210
TEXAS,EL CAMPO ISD,4818280,416
TEXAS,EL PASO ISD,4818300,5635
TEXAS,ELECTRA ISD,4818330,87
TEXAS,ELGIN ISD,4818360,691
TEXAS,ELKHART ISD,4818390,154
TEXAS,ELYSIAN FIELDS ISD,4818480,-8
TEXAS,ENNIS ISD,4818540,751
TEXAS,ERA ISD,4818600,-8
TEXAS,EULA ISD,4818690,81
TEXAS,EUSTACE ISD,4818720,282
TEXAS,EVADALE ISD,4818750,-8
TEXAS,EVANT ISD,4818780,-8
TEXAS,EVERMAN ISD,4818810,643
TEXAS,EXCELSIOR ISD,4818840,-8
TEXAS,EZZELL ISD,4818890,-8
TEXAS,FABENS ISD,4818900,282
TEXAS,FAIRFIELD ISD,4818940,183
TEXAS,FALLS CITY ISD,4819020,47
TEXAS,FANNINDEL ISD,4819050,-8
TEXAS,FARMERSVILLE ISD,4819080,285
TEXAS,FARWELL ISD,4819110,72
TEXAS,FAYETTEVILLE ISD,4819140,-8
TEXAS,FERRIS ISD,4819170,374
TEXAS,FLATONIA ISD,4819280,91
TEXAS,FLORENCE ISD,4819320,152
TEXAS,FLORESVILLE ISD,4819350,464
TEXAS,FLOUR BLUFF ISD,4819380,708
TEXAS,FLOYDADA COLLEGIATE ISD,4819440,62
TEXAS,FOLLETT ISD,4819500,-8
TEXAS,FORESTBURG ISD,4819530,-8
TEXAS,FORNEY ISD,4819560,2013
TEXAS,FORSAN ISD,4819620,61
TEXAS,FORT BEND ISD,4819650,9397
TEXAS,FORT WORTH ISD,4819700,8056
TEXAS,FRANKLIN ISD,4819740,188
TEXAS,FRANKSTON ISD,4819770,-8
TEXAS,FREER ISD,4819820,100
TEXAS,FRENSHIP ISD,4819830,1287
TEXAS,FREDERICKSBURG ISD,4819840,497
TEXAS,FRIENDSWOOD ISD,4819950,844
TEXAS,FRIONA ISD,4819980,106
TEXAS,FRISCO ISD,4820010,6734
TEXAS,FROST ISD,4820040,50
TEXAS,FRUITVALE ISD,4820070,80
TEXAS,FT DAVIS ISD,4820100,23
TEXAS,FT HANCOCK ISD,4820130,-8
TEXAS,FT SAM HOUSTON ISD,4820160,234
TEXAS,FORT STOCKTON ISD,4820190,297
TEXAS,GAINESVILLE ISD,4820220,356
TEXAS,GALENA PARK ISD,4820250,2549
TEXAS,GALVESTON ISD,4820280,699
TEXAS,GANADO ISD,4820310,58
TEXAS,GARLAND ISD,4820340,5634
TEXAS,GARNER ISD,4820370,52
TEXAS,GARRISON ISD,4820400,-8
TEXAS,GARY ISD,4820460,-8
TEXAS,GATESVILLE ISD,4820500,409
TEXAS,GAUSE ISD,4820520,-8
TEXAS,GEORGE WEST ISD,4820550,121
TEXAS,GEORGETOWN ISD,4820600,1963
TEXAS,GHOLSON ISD,4820610,42
TEXAS,GIDDINGS ISD,4820640,220
TEXAS,GILMER ISD,4820700,294
TEXAS,GLADEWATER ISD,4820760,310
TEXAS,GLASSCOCK COUNTY ISD,4820790,29
TEXAS,GLEN ROSE ISD,4820850,226
TEXAS,GODLEY ISD,4820960,375
TEXAS,GOLD BURG ISD,4820970,25
TEXAS,GOLDTHWAITE ISD,4821000,64
TEXAS,GOLIAD ISD,4821030,176
TEXAS,GONZALES ISD,4821060,393
TEXAS,GOODRICH ISD,4821090,-8
TEXAS,GOOSE CREEK CISD,4821150,3431
TEXAS,GORDON ISD,4821180,-8
TEXAS,GORMAN ISD,4821270,42
TEXAS,GRADY ISD,4821300,-8
TEXAS,GRAFORD ISD,4821330,-8
TEXAS,GRAHAM ISD,4821360,364
TEXAS,GRANBURY ISD,4821390,1118
TEXAS,GRAND PRAIRIE ISD,4821420,2560
TEXAS,GRAND SALINE ISD,4821450,146
TEXAS,GRANDFALLS-ROYALTY ISD,4821480,-8
TEXAS,GRANDVIEW ISD,4821540,183
TEXAS,GRANDVIEW-HOPKINS ISD,4821560,10
TEXAS,GRANGER ISD,4821590,56
TEXAS,GRAPE CREEK ISD,4821600,227
TEXAS,GRAPELAND ISD,4821630,88
TEXAS,GRAPEVINE-COLLEYVILLE ISD,4821660,1470
TEXAS,GREENVILLE ISD,4821720,739
TEXAS,GREENWOOD ISD,4821750,345
TEXAS,GREGORY-PORTLAND ISD,4821780,687
TEXAS,GROESBECK ISD,4821810,213
TEXAS,GROOM ISD,4821840,-8
TEXAS,GROVETON ISD,4821900,-8
TEXAS,GRUVER ISD,4821930,39
TEXAS,GUNTER ISD,4821960,127
TEXAS,GUSTINE ISD,4821990,-8
TEXAS,GUTHRIE CSD,4822020,10
TEXAS,HALE CENTER ISD,4822050,58
TEXAS,HALLETTSVILLE ISD,4822120,148
TEXAS,HALLSBURG ISD,4822140,16
TEXAS,HALLSVILLE ISD,4822170,3205
TEXAS,HAMILTON ISD,4822230,92
TEXAS,HAMLIN COLLEGIATE ISD,4822260,55
TEXAS,HAMSHIRE-FANNETT ISD,4822320,226
TEXAS,HAPPY ISD,4822350,33
TEXAS,HARDIN ISD,4822380,151
TEXAS,HARDIN-JEFFERSON ISD,4822410,382
TEXAS,HARLANDALE ISD,4822470,1501
TEXAS,HARLETON ISD,4822500,92
TEXAS,HARLINGEN CISD,4822530,1994
TEXAS,HARMONY ISD,4822560,89
TEXAS,HARPER ISD,4822590,-8
TEXAS,HARROLD ISD,4822620,23
TEXAS,HART ISD,4822650,-8
TEXAS,HARTLEY ISD,4822680,20
TEXAS,HARTS BLUFF ISD,4822710,79
TEXAS,HASKELL CISD,4822740,85
TEXAS,HAWKINS ISD,4822770,100
TEXAS,HAWLEY ISD,4822800,139
TEXAS,HEARNE ISD,4822830,136
TEXAS,HEDLEY ISD,4822850,36
TEXAS,HEMPHILL ISD,4822890,108
TEXAS,HEMPSTEAD ISD,4822920,148
TEXAS,HENDERSON ISD,4822970,479
TEXAS,HENRIETTA ISD,4822980,184
TEXAS,HEREFORD ISD,4823010,443
TEXAS,HERMLEIGH ISD,4823040,25
TEXAS,HICO ISD,4823070,79
TEXAS,HIDALGO ISD,4823100,264
TEXAS,HIGH ISLAND ISD,4823160,-8
TEXAS,HIGHLAND ISD,4823190,-8
TEXAS,HIGHLAND PARK ISD,4823250,764
TEXAS,HILLSBORO ISD,4823280,330
TEXAS,HITCHCOCK ISD,4823310,267
TEXAS,HOLLAND ISD,4823370,79
TEXAS,HOLLIDAY ISD,4823400,156
TEXAS,HONDO ISD,4823430,212
TEXAS,HONEY GROVE ISD,4823460,-8
TEXAS,HOOKS ISD,4823490,-8
TEXAS,HOUSTON ISD,4823640,16818
TEXAS,HOWE ISD,4823670,214
TEXAS,HUBBARD ISD,4823700,-8
TEXAS,HUBBARD ISD,4823730,-8
TEXAS,HUCKABAY ISD,4823760,24
TEXAS,HUDSON ISD,4823790,363
TEXAS,HUFFMAN ISD,4823820,591
TEXAS,HUGHES SPRINGS ISD,4823850,139
TEXAS,HULL-DAISETTA ISD,4823880,83
TEXAS,HUMBLE ISD,4823910,5573
TEXAS,HUNT ISD,4823970,-8
TEXAS,HUNTINGTON ISD,4824000,274
TEXAS,HUNTSVILLE ISD,4824030,1428
TEXAS,HURST-EULESS-BEDFORD ISD,4824060,2790
TEXAS,HUTTO ISD,4824100,1452
TEXAS,IDALOU ISD,4824120,117
TEXAS,INDUSTRIAL ISD,4824150,116
TEXAS,INGLESIDE ISD,4824180,325
TEXAS,INGRAM ISD,4824210,176
TEXAS,IOLA ISD,4824240,93
TEXAS,IOWA PARK CISD,4824260,317
TEXAS,IRA ISD,4824300,-8
TEXAS,IRAAN-SHEFFIELD COLLEGIATE ISD,4824330,37
TEXAS,IREDELL ISD,4824360,-8
TEXAS,IRVING ISD,4824420,2783
TEXAS,ITALY ISD,4824450,111
TEXAS,ITASCA ISD,4824480,-8
TEXAS,JACKSBORO ISD,4824530,150
TEXAS,JACKSONVILLE ISD,4824590,728
TEXAS,JARRELL ISD,4824600,508
TEXAS,JASPER ISD,4824630,315
TEXAS,JAYTON-GIRARD ISD,4824660,-8
TEXAS,JEFFERSON ISD,4824730,222
TEXAS,JIM HOGG COUNTY ISD,4824750,128
TEXAS,JIM NED CISD,4824780,182
TEXAS,JOAQUIN ISD,4824810,176
TEXAS,JOHNSON CITY ISD,4824840,-8
TEXAS,JONESBORO ISD,4824900,36
TEXAS,JOSHUA ISD,4824930,724
TEXAS,JOURDANTON ISD,4824960,241
TEXAS,JUDSON ISD,4824990,3732
TEXAS,JUNCTION ISD,4825020,-8
TEXAS,KARNACK ISD,4825110,-8
TEXAS,KARNES CITY ISD,4825140,442
TEXAS,KATY ISD,4825170,12792
TEXAS,KAUFMAN ISD,4825200,510
TEXAS,KEENE ISD,4825230,142
TEXAS,KELLER ISD,4825260,4438
TEXAS,KELTON ISD,4825290,19
TEXAS,KEMP ISD,4825320,289
TEXAS,KENEDY COUNTY WIDE CSD,4825410,16
TEXAS,KENEDY ISD,4825440,117
TEXAS,KENNARD ISD,4825470,41
TEXAS,KENNEDALE ISD,4825500,275
TEXAS,KERENS ISD,4825530,-8
TEXAS,KERMIT ISD,4825560,154
TEXAS,KERRVILLE ISD,4825590,615
TEXAS,KILGORE ISD,4825620,290
TEXAS,KILLEEN ISD,4825660,6570
TEXAS,KINGSVILLE ISD,4825680,426
TEXAS,KIRBYVILLE CISD,4825710,261
TEXAS,KLEIN ISD,4825740,6380
TEXAS,KLONDIKE ISD,4825790,-8
TEXAS,KNIPPA ISD,4825800,35
TEXAS,KNOX CITY-O'BRIEN CISD,4825870,-8
TEXAS,KOPPERL ISD,4825890,-8
TEXAS,KOUNTZE ISD,4825920,193
TEXAS,KRESS ISD,4825950,-8
TEXAS,KRUM ISD,4825980,361
TEXAS,LA FERIA ISD,4826040,380
TEXAS,LA GLORIA ISD,4826070,-8
TEXAS,LA GRANGE ISD,4826100,291
TEXAS,LA JOYA ISD,4826130,2785
TEXAS,LA PORTE ISD,4826190,944
TEXAS,LAPOYNOR ISD,4826220,66
TEXAS,LA PRYOR ISD,4826250,63
TEXAS,LA VEGA ISD,4826280,277
TEXAS,LA VERNIA ISD,4826310,482
TEXAS,LA VILLA ISD,4826340,-8
TEXAS,LACKLAND ISD,4826370,109
TEXAS,LAGO VISTA ISD,4826400,216
TEXAS,LAKE DALLAS ISD,4826430,474
TEXAS,LAKE TRAVIS ISD,4826470,1287
TEXAS,LAKE WORTH ISD,4826490,404
TEXAS,LAMAR CISD,4826580,5515
TEXAS,LAMESA ISD,4826610,205
TEXAS,LAMPASAS ISD,4826640,613
TEXAS,LANCASTER ISD,4826670,621
TEXAS,LANEVILLE ISD,4826700,25
TEXAS,LAREDO ISD,4826790,2083
TEXAS,LASARA ISD,4826850,-8
TEXAS,LATEXO ISD,4826910,-8
TEXAS,LAZBUDDIE ISD,4826970,16
TEXAS,LEAKEY ISD,4827000,-8
TEXAS,LEANDER ISD,4827030,5657
TEXAS,LEARY ISD,4827060,10
TEXAS,LEFORS ISD,4827090,35
TEXAS,LEGGETT ISD,4827120,-8
TEXAS,LEON ISD,4827180,81
TEXAS,LEONARD ISD,4827210,104
TEXAS,LEVELLAND ISD,4827240,490
TEXAS,LEVERETTS CHAPEL ISD,4827270,-8
TEXAS,LEWISVILLE ISD,4827300,8426
TEXAS,LEXINGTON ISD,4827330,161
TEXAS,LIBERTY-EYLAU ISD,4827390,311
TEXAS,LIBERTY HILL ISD,4827420,1038
TEXAS,LIBERTY ISD,4827450,346
TEXAS,LINDALE ISD,4827510,747
TEXAS,LINDEN-KILDARE CISD,4827540,104
TEXAS,LINDSAY ISD,4827570,68
TEXAS,LINGLEVILLE ISD,4827600,31
TEXAS,LIPAN ISD,4827630,45
TEXAS,LITTLE CYPRESS-MAURICEVILLE CISD,4827690,528
TEXAS,LITTLE ELM ISD,4827720,882
TEXAS,LITTLEFIELD ISD,4827750,158
TEXAS,LIVINGSTON ISD,4827780,596
TEXAS,LLANO ISD,4827810,269
TEXAS,LOCKHART ISD,4827870,802
TEXAS,LOCKNEY ISD,4827890,43
TEXAS,LOHN ISD,4827930,25
TEXAS,LOMETA ISD,4827960,42
TEXAS,LONDON ISD,4827990,-8
TEXAS,LONE OAK ISD,4828020,169
TEXAS,LONGVIEW ISD,4828110,867
TEXAS,LOOP ISD,4828140,-8
TEXAS,LORAINE ISD,4828170,23
TEXAS,LORENA ISD,4828200,219
TEXAS,LORENZO ISD,4828230,-8
TEXAS,LOS FRESNOS CISD,4828290,1592
TEXAS,LOUISE ISD,4828350,42
TEXAS,LOVEJOY ISD,4828380,378
TEXAS,LOVELADY ISD,4828410,-8
TEXAS,LUBBOCK ISD,4828500,3729
TEXAS,LUEDERS-AVOCA ISD,4828530,-8
TEXAS,LUFKIN ISD,4828550,955
TEXAS,LULING ISD,4828590,174
TEXAS,LYFORD CISD,4828620,159
TEXAS,LYTLE ISD,4828650,199
TEXAS,MABANK ISD,4828680,543
TEXAS,MADISONVILLE CISD,4828710,240
TEXAS,MAGNOLIA ISD,4828740,1894
TEXAS,MALAKOFF ISD,4828780,189
TEXAS,MALONE ISD,4828800,-8
TEXAS,MALTA ISD,4828830,-8
TEXAS,MANOR ISD,4828890,954
TEXAS,MANSFIELD ISD,4828920,3937
TEXAS,MARATHON ISD,4828980,-8
TEXAS,MARBLE FALLS ISD,4829010,650
TEXAS,MARFA ISD,4829040,-8
TEXAS,MARION ISD,4829100,245
TEXAS,MARLIN ISD,4829130,97
TEXAS,MARSHALL ISD,4829160,416
TEXAS,MART ISD,4829190,-8
TEXAS,MARTINS MILL ISD,4829220,55
TEXAS,MARTINSVILLE ISD,4829250,39
TEXAS,MASON ISD,4829280,72
TEXAS,MATAGORDA ISD,4829370,-8
TEXAS,MATHIS ISD,4829400,218
TEXAS,MAUD ISD,4829460,55
TEXAS,MAY ISD,4829520,37
TEXAS,MAYPEARL ISD,4829580,160
TEXAS,MCALLEN ISD,4829670,2798
TEXAS,MCCAMEY ISD,4829700,60
TEXAS,MCDADE ISD,4829760,-8
TEXAS,MCGREGOR ISD,4829820,179
TEXAS,MCKINNEY ISD,4829850,3398
TEXAS,MCLEAN ISD,4829880,-8
TEXAS,MCLEOD ISD,4829910,-8
TEXAS,MCMULLEN COUNTY ISD,4829940,24
TEXAS,MEADOW ISD,4830000,-8
TEXAS,MEDINA ISD,4830030,33
TEXAS,MEDINA VALLEY ISD,4830060,1123
TEXAS,MELISSA ISD,4830120,767
TEXAS,MEMPHIS ISD,4830180,95
TEXAS,MENARD ISD,4830210,33
TEXAS,MERCEDES ISD,4830250,485
TEXAS,MERIDIAN ISD,4830300,-8
TEXAS,MERKEL ISD,4830340,228
TEXAS,IRION COUNTY ISD,4830360,46
TEXAS,MESQUITE ISD,4830390,5422
TEXAS,MEXIA ISD,4830420,297
TEXAS,MEYERSVILLE ISD,4830450,-8
TEXAS,MIAMI ISD,4830480,-8
TEXAS,MIDLAND ISD,4830570,2714
TEXAS,MIDLOTHIAN ISD,4830600,1476
TEXAS,MIDWAY ISD,4830640,1143
TEXAS,MIDWAY ISD,4830660,-8
TEXAS,MILANO ISD,4830690,28
TEXAS,MILDRED ISD,4830720,91
TEXAS,MILES ISD,4830750,50
TEXAS,MILFORD ISD,4830780,-8
TEXAS,MILLER GROVE ISD,4830810,41
TEXAS,MILLSAP ISD,4830870,145
TEXAS,MINEOLA ISD,4830930,208
TEXAS,MINERAL WELLS ISD,4830950,451
TEXAS,MISSION CISD,4831040,1400
TEXAS,MONAHANS-WICKETT-PYOTE ISD,4831170,393
TEXAS,MONTAGUE ISD,4831200,24
TEXAS,MONTE ALTO ISD,4831230,-8
TEXAS,MONTGOMERY ISD,4831260,1063
TEXAS,MOODY ISD,4831290,126
TEXAS,MORAN ISD,4831320,24
TEXAS,MORGAN ISD,4831380,27
TEXAS,MORGAN MILL ISD,4831410,-8
TEXAS,MORTON ISD,4831470,50
TEXAS,MOTLEY COUNTY ISD,4831500,-8
TEXAS,MOULTON ISD,4831560,61
TEXAS,MOUNT CALM ISD,4831620,-8
TEXAS,MOUNT ENTERPRISE ISD,4831650,72
TEXAS,MOUNT PLEASANT ISD,4831760,747
TEXAS,MOUNT VERNON ISD,4831770,203
TEXAS,MUENSTER ISD,4831860,85
TEXAS,MULESHOE ISD,4831890,179
TEXAS,MULLIN ISD,4831920,64
TEXAS,MUMFORD ISD,4831950,49
TEXAS,MUNDAY CISD,4831970,61
TEXAS,MURCHISON ISD,4832010,-8
TEXAS,NACOGDOCHES ISD,4832090,780
TEXAS,NATALIA ISD,4832130,163
TEXAS,NAVARRO ISD,4832160,289
TEXAS,NAVASOTA ISD,4832190,503
TEXAS,NAZARETH ISD,4832220,19
TEXAS,NECHES ISD,4832250,35
TEXAS,NEDERLAND ISD,4832280,648
TEXAS,NEEDVILLE ISD,4832310,509
TEXAS,NEW BOSTON ISD,4832340,192
TEXAS,NEW BRAUNFELS ISD,4832370,1217
TEXAS,NEW CANEY ISD,4832400,1985
TEXAS,NEW DEAL ISD,4832430,89
TEXAS,NEW DIANA ISD,4832460,82
TEXAS,NEW HOME ISD,4832490,-8
TEXAS,NEW SUMMERFIELD ISD,4832610,49
TEXAS,NEW WAVERLY ISD,4832640,130
TEXAS,NEWCASTLE ISD,4832700,36
TEXAS,NEWTON ISD,4832730,154
TEXAS,NIXON-SMILEY CISD,4832740,188
TEXAS,NOCONA ISD,4832790,142
TEXAS,NORDHEIM ISD,4832880,-8
TEXAS,NORMANGEE ISD,4832910,89
TEXAS,NORTH EAST ISD,4832940,8023
TEXAS,NORTH HOPKINS ISD,4832970,-8
TEXAS,NORTH LAMAR ISD,4833010,376
TEXAS,NORTH ZULCH ISD,4833030,50
TEXAS,NORTHSIDE ISD,4833090,32
TEXAS,NORTHSIDE ISD,4833120,13970
TEXAS,NORTHWEST ISD,4833180,3889
TEXAS,NUECES CANYON CISD,4833240,-8
TEXAS,NURSERY ISD,4833270,-8
TEXAS,OAKWOOD ISD,4833340,-8
TEXAS,ODEM-EDROY ISD,4833360,70
TEXAS,O'DONNELL ISD,4833390,40
TEXAS,OGLESBY ISD,4833420,-8
TEXAS,OLFEN ISD,4833570,21
TEXAS,OLNEY ISD,4833630,105
TEXAS,OLTON ISD,4833660,76
TEXAS,ONALASKA ISD,4833690,177
TEXAS,ORANGE GROVE ISD,4833720,208
TEXAS,ORANGEFIELD ISD,4833780,236
TEXAS,ORE CITY ISD,4833840,109
TEXAS,OVERTON ISD,4833870,-8
TEXAS,PADUCAH ISD,4833900,32
TEXAS,PAINT CREEK ISD,4833960,10
TEXAS,PAINT ROCK ISD,4833980,41
TEXAS,PALACIOS ISD,4834020,171
TEXAS,PALESTINE ISD,4834050,467
TEXAS,PALMER ISD,4834110,261
TEXAS,PALO PINTO ISD,4834140,-8
TEXAS,PAMPA ISD,4834170,575
TEXAS,PANHANDLE ISD,4834230,89
TEXAS,PARADISE ISD,4834260,164
TEXAS,PARIS ISD,4834290,484
TEXAS,PASADENA ISD,4834320,6179
TEXAS,PATTON SPRINGS ISD,4834380,13
TEXAS,PAWNEE ISD,4834410,17
TEXAS,PEARLAND ISD,4834440,2330
TEXAS,PEARSALL ISD,4834470,277
TEXAS,PEASTER ISD,4834500,135
TEXAS,PECOS-BARSTOW-TOYAH ISD,4834550,300
TEXAS,PENELOPE ISD,4834560,-8
TEXAS,PERRIN-WHITT CISD,4834630,-8
TEXAS,PERRYTON ISD,4834650,208
TEXAS,PETERSBURG ISD,4834680,42
TEXAS,PETROLIA CISD,4834710,70
TEXAS,PETTUS ISD,4834770,48
TEXAS,PEWITT CISD,4834800,137
TEXAS,PFLUGERVILLE ISD,4834830,3010
TEXAS,PHARR-SAN JUAN-ALAMO ISD,4834860,2869
TEXAS,PILOT POINT ISD,4834920,200
TEXAS,PINE TREE ISD,4834980,574
TEXAS,PITTSBURG ISD,4835010,292
TEXAS,PLAINS ISD,4835040,45
TEXAS,PLAINVIEW ISD,4835070,531
TEXAS,PLANO ISD,4835100,6082
TEXAS,PLEASANT GROVE ISD,4835130,238
TEXAS,PLEASANTON ISD,4835190,468
TEXAS,POINT ISABEL ISD,4835250,201
TEXAS,PONDER ISD,4835310,208
TEXAS,POOLVILLE ISD,4835340,68
TEXAS,PORT ARANSAS ISD,4835370,-8
TEXAS,PORT ARTHUR ISD,4835400,829
TEXAS,PORT NECHES-GROVES ISD,4835430,604
TEXAS,POST ISD,4835490,110
TEXAS,POTEET ISD,4835520,241
TEXAS,POTH ISD,4835550,107
TEXAS,HIGHLAND PARK ISD,4835560,-8
TEXAS,BUSHLAND ISD,4835570,229
TEXAS,POTTSBORO ISD,4835580,179
TEXAS,PRAIRIE LEA ISD,4835700,25
TEXAS,PRAIRIE VALLEY ISD,4835730,-8
TEXAS,PRAIRILAND ISD,4835740,114
TEXAS,PREMONT ISD,4835760,162
TEXAS,PRESIDIO ISD,4835800,84
TEXAS,PRIDDY ISD,4835820,-8
TEXAS,PRINCETON ISD,4835850,1061
TEXAS,PRINGLE-MORSE CISD,4835890,-8
TEXAS,PROGRESO ISD,4835910,129
TEXAS,PROSPER ISD,4836000,2845
TEXAS,QUANAH ISD,4836180,93
TEXAS,QUEEN CITY ISD,4836210,167
TEXAS,QUINLAN ISD,4836240,432
TEXAS,QUITMAN ISD,4836300,179
TEXAS,RAINS ISD,4836360,251
TEXAS,RALLS ISD,4836390,55
TEXAS,RAMIREZ CSD,4836420,-8
TEXAS,RANDOLPH FIELD ISD,4836450,166
TEXAS,RANGER ISD,4836480,63
TEXAS,RANKIN ISD,4836510,32
TEXAS,RAYMONDVILLE ISD,4836540,302
TEXAS,REAGAN COUNTY ISD,4836570,89
TEXAS,RED LICK ISD,4836630,35
TEXAS,RED OAK ISD,4836660,858
TEXAS,REDWATER ISD,4836750,104
TEXAS,REFUGIO ISD,4836780,121
TEXAS,RICARDO ISD,4836930,80
TEXAS,RICE ISD,4836960,99
TEXAS,RICE CISD,4836970,174
TEXAS,RICHARDS ISD,4836990,-8
TEXAS,RICHARDSON ISD,4837020,4914
TEXAS,RICHLAND SPRINGS ISD,4837080,25
TEXAS,RIESEL ISD,4837110,-8
TEXAS,RIO GRANDE CITY GRULLA ISD,4837140,916
TEXAS,SOUTH TEXAS ISD,4837150,216
TEXAS,RIO HONDO ISD,4837170,239
TEXAS,RIO VISTA ISD,4837200,-8
TEXAS,RISING STAR ISD,4837230,-8
TEXAS,RIVER ROAD ISD,4837260,231
TEXAS,RIVIERA ISD,4837320,-8
TEXAS,ROBERT LEE ISD,4837380,43
TEXAS,ROBINSON ISD,4837410,315
TEXAS,ROBSTOWN ISD,4837440,301
TEXAS,ROBY CISD,4837470,-8
TEXAS,ROCHELLE ISD,4837500,-8
TEXAS,ROCKDALE ISD,4837590,133
TEXAS,ROCKWALL ISD,4837650,2348
TEXAS,ROGERS ISD,4837710,97
TEXAS,ROMA ISD,4837740,524
TEXAS,ROOSEVELT ISD,4837800,174
TEXAS,ROPES ISD,4837830,-8
TEXAS,ROSCOE COLLEGIATE ISD,4837860,-8
TEXAS,ROSEBUD-LOTT ISD,4837900,94
TEXAS,ROTAN ISD,4838040,35
TEXAS,ROUND ROCK ISD,4838080,5352
TEXAS,ROUND TOP-CARMINE ISD,4838100,-8
TEXAS,ROYAL ISD,4838190,287
TEXAS,ROYSE CITY ISD,4838220,1251
TEXAS,RULE ISD,4838280,19
TEXAS,RUNGE ISD,4838310,-8
TEXAS,RUSK ISD,4838360,255
TEXAS,S AND S CISD,4838400,-8
TEXAS,SABINAL ISD,4838430,76
TEXAS,SABINE ISD,4838460,199
TEXAS,SABINE PASS ISD,4838490,10
TEXAS,SAINT JO ISD,4838520,56
TEXAS,SALADO ISD,4838580,241
TEXAS,SALTILLO ISD,4838610,-8
TEXAS,SAM RAYBURN ISD,4838640,-8
TEXAS,SAN ANGELO ISD,4838700,1660
TEXAS,SAN ANTONIO ISD,4838730,6234
TEXAS,SAN AUGUSTINE ISD,4838760,-8
TEXAS,SAN BENITO CISD,4838790,1078
TEXAS,SAN DIEGO ISD,4838820,203
TEXAS,SAN ELIZARIO ISD,4838850,431
TEXAS,SAN FELIPE-DEL RIO CISD,4838900,1368
TEXAS,SAN ISIDRO ISD,4838910,-8
TEXAS,SAN MARCOS CISD,4838970,1247
TEXAS,SAN PERLITA ISD,4839000,20
TEXAS,SAN SABA ISD,4839030,91
TEXAS,SAN VICENTE ISD,4839060,-8
TEXAS,SANDS CISD,4839120,-8
TEXAS,SANFORD-FRITCH ISD,4839150,-8
TEXAS,SANGER ISD,4839180,427
TEXAS,SANTA ANNA ISD,4839210,25
TEXAS,SANTA FE ISD,4839270,549
TEXAS,SANTA GERTRUDIS ISD,4839300,-8
TEXAS,SANTA MARIA ISD,4839330,-8
TEXAS,SANTA ROSA ISD,4839360,128
TEXAS,SANTO ISD,4839390,65
TEXAS,SAVOY ISD,4839450,-8
TEXAS,SCHERTZ-CIBOLO-U CITY ISD,4839480,2340
TEXAS,SCHLEICHER ISD,4839510,51
TEXAS,SCHULENBURG ISD,4839540,-8
TEXAS,SCURRY-ROSSER ISD,4839570,154
TEXAS,SEAGRAVES ISD,4839600,-8
TEXAS,SEALY ISD,4839630,421
TEXAS,SEGUIN ISD,4839690,1081
TEXAS,SEMINOLE ISD,4839750,429
TEXAS,SEYMOUR ISD,4839780,124
TEXAS,SHALLOWATER ISD,4839870,152
TEXAS,SHAMROCK ISD,4839900,62
TEXAS,SHARYLAND ISD,4839930,856
TEXAS,SHELBYVILLE ISD,4839960,108
TEXAS,SHELDON ISD,4839990,1155
TEXAS,SHEPHERD ISD,4840020,236
TEXAS,SHERMAN ISD,4840080,1270
TEXAS,SHINER ISD,4840110,90
TEXAS,SIDNEY ISD,4840170,14
TEXAS,SIERRA BLANCA ISD,4840200,23
TEXAS,SILSBEE ISD,4840230,470
TEXAS,SILVERTON ISD,4840290,22
TEXAS,SIMMS ISD,4840320,-8
TEXAS,SINTON ISD,4840350,309
TEXAS,SIVELLS BEND ISD,4840380,16
TEXAS,SKIDMORE-TYNAN ISD,4840410,76
TEXAS,SLATON ISD,4840440,228
TEXAS,SLIDELL ISD,4840470,-8
TEXAS,SLOCUM ISD,4840500,-8
TEXAS,SMITHVILLE ISD,4840550,265
TEXAS,SMYER ISD,4840590,56
TEXAS,SNOOK ISD,4840620,-8
TEXAS,SNYDER ISD,4840650,311
TEXAS,SOUTH SAN ANTONIO ISD,4840680,1106
TEXAS,SOCORRO ISD,4840710,5733
TEXAS,SOMERSET ISD,4840740,472
TEXAS,SOMERVILLE ISD,4840770,65
TEXAS,SONORA ISD,4840800,88
TEXAS,SOUTHLAND ISD,4840890,12
TEXAS,SOUTHSIDE ISD,4840920,891
TEXAS,SOUTHWEST ISD,4840950,2316
TEXAS,SPEARMAN ISD,4841010,62
TEXAS,SPLENDORA ISD,4841070,658
TEXAS,SPRING BRANCH ISD,4841100,3923
TEXAS,SPRING CREEK ISD,4841130,14
TEXAS,SPRING HILL ISD,4841190,236
TEXAS,SPRING ISD,4841220,3375
TEXAS,SPRINGLAKE-EARTH ISD,4841250,-8
TEXAS,SPRINGTOWN ISD,4841280,559
TEXAS,SPURGER ISD,4841340,62
TEXAS,STAFFORD MSD,4841350,309
TEXAS,STAMFORD ISD,4841400,82
TEXAS,STANTON ISD,4841430,118
TEXAS,STEPHENVILLE ISD,4841520,556
TEXAS,STERLING CITY ISD,4841550,69
TEXAS,PLEMONS-STINNETT-PHILLIPS CISD,4841580,94
TEXAS,STOCKDALE ISD,4841610,131
TEXAS,STRATFORD ISD,4841670,-8
TEXAS,STRAWN ISD,4841700,16
TEXAS,SUDAN ISD,4841760,-8
TEXAS,SULPHUR BLUFF ISD,4841790,25
TEXAS,SULPHUR SPRINGS ISD,4841820,623
TEXAS,SUNDOWN ISD,4841850,-8
TEXAS,SUNNYVALE ISD,4841880,300
TEXAS,SUNRAY COLLEGIATE ISD,4841910,89
TEXAS,SWEENY ISD,4841970,181
TEXAS,SWEET HOME ISD,4842000,9
TEXAS,SWEETWATER ISD,4842030,345
TEXAS,TAFT ISD,4842060,98
TEXAS,TAHOKA ISD,4842090,97
TEXAS,RIVERCREST ISD,4842120,77
TEXAS,TARKINGTON ISD,4842210,300
TEXAS,TATUM ISD,4842240,159
TEXAS,TAYLOR ISD,4842280,444
TEXAS,TEAGUE ISD,4842300,189
TEXAS,TEMPLE ISD,4842330,1455
TEXAS,TENAHA ISD,4842360,81
TEXAS,TERLINGUA CSD,4842390,17
TEXAS,TERRELL COUNTY ISD,4842420,26
TEXAS,TERRELL ISD,4842450,583
TEXAS,TEXARKANA ISD,4842480,894
TEXAS,TEXAS CITY ISD,4842510,1415
TEXAS,TEXHOMA ISD,4842540,23
TEXAS,TEXLINE ISD,4842570,-8
TEXAS,THORNDALE ISD,4842630,-8
TEXAS,THRALL ISD,4842660,91
TEXAS,THREE RIVERS ISD,4842690,78
TEXAS,THREE WAY ISD,4842720,-8
TEXAS,THROCKMORTON COLLEGIATE ISD,4842780,12
TEXAS,TIDEHAVEN ISD,4842810,98
TEXAS,TIMPSON ISD,4842840,106
TEXAS,TIOGA ISD,4842870,-8
TEXAS,TOLAR ISD,4842900,94
TEXAS,TOM BEAN ISD,4842930,-8
TEXAS,TOMBALL ISD,4842960,2057
TEXAS,TORNILLO ISD,4842990,85
TEXAS,TRENT ISD,4843110,-8
TEXAS,TRENTON ISD,4843140,-8
TEXAS,TRINIDAD ISD,4843170,-8
TEXAS,TRINITY ISD,4843200,120
TEXAS,TROUP ISD,4843230,122
TEXAS,TROY ISD,4843260,289
TEXAS,WESTWOOD ISD,4843290,213
TEXAS,TULIA ISD,4843320,125
TEXAS,TULOSO-MIDWAY ISD,4843350,351
TEXAS,TURKEY-QUITAQUE ISD,4843400,-8
TEXAS,TYLER ISD,4843470,1852
TEXAS,UNION GROVE ISD,4843530,-8
TEXAS,UNION HILL ISD,4843560,24
TEXAS,UNITED ISD,4843650,5247
TEXAS,UTOPIA ISD,4843680,33
TEXAS,UVALDE CISD,4843720,460
TEXAS,VALENTINE ISD,4843740,-8
TEXAS,VALLEY MILLS ISD,4843760,-8
TEXAS,VALLEY VIEW ISD,4843800,390
TEXAS,VALLEY VIEW ISD,4843860,149
TEXAS,VAN ALSTYNE ISD,4843890,316
TEXAS,VAN ISD,4843920,302
TEXAS,VAN VLECK ISD,4843950,114
TEXAS,VEGA ISD,4843980,38
TEXAS,VENUS ISD,4844010,243
TEXAS,VERIBEST ISD,4844040,-8
TEXAS,VERNON ISD,4844110,324
TEXAS,VICTORIA ISD,4844150,1874
TEXAS,VIDOR ISD,4844160,673
TEXAS,VYSEHRAD ISD,4844250,-8
TEXAS,WACO ISD,4844280,1782
TEXAS,WAELDER ISD,4844310,39
TEXAS,WALCOTT ISD,4844370,-8
TEXAS,WALL ISD,4844410,114
TEXAS,WALLER ISD,4844430,1231
TEXAS,BRAZOS ISD,4844470,121
TEXAS,WALNUT BEND ISD,4844490,11
TEXAS,WALNUT SPRINGS ISD,4844520,-8
TEXAS,WARREN ISD,4844580,176
TEXAS,WASKOM ISD,4844670,-8
TEXAS,WATER VALLEY ISD,4844710,-8
TEXAS,WAXAHACHIE ISD,4844730,1726
TEXAS,WEATHERFORD ISD,4844800,1418
TEXAS,WEBB CISD,4844810,-8
TEXAS,WEIMAR ISD,4844820,92
TEXAS,WELLINGTON ISD,4844890,67
TEXAS,WELLMAN-UNION CISD,4844910,29
TEXAS,WELLS ISD,4844940,-8
TEXAS,WESLACO ISD,4844960,1680
TEXAS,WEST HARDIN COUNTY CISD,4845000,103
TEXAS,WEST ISD,4845040,178
TEXAS,WEST ORANGE-COVE CISD,4845090,278
TEXAS,WEST OSO ISD,4845120,240
TEXAS,WEST RUSK COUNTY CONSOLIDATED ISD,4845150,141
TEXAS,WEST SABINE ISD,4845180,84
TEXAS,WESTBROOK ISD,4845210,-8
TEXAS,WESTHOFF ISD,4845240,-8
TEXAS,WESTPHALIA ISD,4845330,21
TEXAS,WHARTON ISD,4845380,221
TEXAS,WHEELER ISD,4845420,-8
TEXAS,WHITE DEER ISD,4845450,45
TEXAS,WHITE OAK ISD,4845480,221
TEXAS,WHITE SETTLEMENT ISD,4845540,857
TEXAS,WHITEFACE CISD,4845570,43
TEXAS,WHITEHOUSE ISD,4845600,670
TEXAS,WHITESBORO ISD,4845630,296
TEXAS,WHITEWRIGHT ISD,4845670,117
TEXAS,WHITHARRAL ISD,4845690,20
TEXAS,WHITNEY ISD,4845720,263
TEXAS,WICHITA FALLS ISD,4845780,2153
TEXAS,WILDORADO ISD,4845840,27
TEXAS,WILLIS ISD,4845900,927
TEXAS,WILLS POINT ISD,4845950,406
TEXAS,WILSON ISD,4845990,-8
TEXAS,WINDTHORST ISD,4846080,-8
TEXAS,WINK-LOVING ISD,4846170,58
TEXAS,WINNSBORO ISD,4846200,214
TEXAS,WINONA ISD,4846230,180
TEXAS,WINTERS ISD,4846260,80
TEXAS,WODEN ISD,4846320,-8
TEXAS,WOLFE CITY ISD,4846350,94
TEXAS,WOODSBORO ISD,4846380,83
TEXAS,WOODSON ISD,4846410,27
TEXAS,WOODVILLE ISD,4846440,200
TEXAS,WORTHAM ISD,4846470,-8
TEXAS,WYLIE ISD,4846500,576
TEXAS,WYLIE ISD,4846530,2368
TEXAS,YANTIS ISD,4846590,47
TEXAS,YOAKUM ISD,4846620,262
TEXAS,YORKTOWN ISD,4846650,63
TEXAS,YSLETA ISD,4846680,5195
TEXAS,ZAPATA COUNTY ISD,4846710,462
TEXAS,ZAVALLA ISD,4846740,52
TEXAS,ZEPHYR ISD,4846770,-8
TEXAS,BENAVIDES ISD,4899130,-8
U.S. VIRGIN ISLANDS,Saint Croix School District,7800002,472
U.S. VIRGIN ISLANDS,Saint Thomas - Saint John School District,7800030,370
UTAH,American Preparatory Academy,4900005,472
UTAH,Pinnacle Canyon Academy,4900008,125
UTAH,City Academy,4900009,29
UTAH,Soldier Hollow Charter School,4900011,67
UTAH,Utah Arts Academy,4900012,33
UTAH,Uintah River High,4900013,13
UTAH,John Hancock Charter School,4900014,44
UTAH,Thomas Edison,4900015,244
UTAH,Timpanogos Academy,4900016,76
UTAH,Academy for Math Engineering & Science,4900017,30
UTAH,Salt Lake Arts Academy,4900018,44
UTAH,Fast Forward High,4900019,83
UTAH,Utah County Academy of Science,4900020,8
UTAH,Odyssey Charter School,4900021,52
UTAH,Lincoln Academy,4900022,101
UTAH,Beehive Science & Technology Academy,4900023,55
UTAH,Wasatch Peak Academy,4900024,70
UTAH,North Star Academy,4900025,50
UTAH,Alpine District,4900030,8702
UTAH,Reagan Academy,4900032,88
UTAH,American Leadership Academy,4900033,213
UTAH,Navigator Pointe Academy,4900034,57
UTAH,Moab Charter School,4900035,19
UTAH,East Hollywood High,4900036,67
UTAH,Success Academy,4900037,-8
UTAH,Renaissance Academy,4900038,80
UTAH,Intech Collegiate Academy,4900039,20
UTAH,Channing Hall,4900040,64
UTAH,Entheos Academy,4900041,158
UTAH,Spectrum Academy,4900042,1284
UTAH,Lakeview Academy,4900043,133
UTAH,Syracuse Arts Academy,4900044,283
UTAH,Legacy Preparatory Academy,4900045,140
UTAH,George Washington Academy,4900046,90
UTAH,Noah Webster Academy,4900048,62
UTAH,Monticello Academy,4900049,143
UTAH,Salt Lake School for the Performing Arts,4900050,21
UTAH,Mountainville Academy,4900051,100
UTAH,Paradigm High School,4900052,59
UTAH,Karl G. Maeser Preparatory Academy,4900056,48
UTAH,Ogden Preparatory Academy,4900058,137
UTAH,Beaver District,4900060,226
UTAH,Walden School of Liberal Arts,4900061,101
UTAH,Freedom Preparatory Academy,4900062,283
UTAH,No. UT. Acad. for Math Engineering & Science,4900063,42
UTAH,Ranches Academy,4900064,62
UTAH,Davinci Academy,4900065,166
UTAH,Summit Academy,4900066,281
UTAH,Itineris Early College High,4900067,5
UTAH,North Davis Preparatory Academy,4900068,112
UTAH,Utah Schools for Deaf & Blind,4900069,175
UTAH,Edith Bowen Laboratory School,4900070,63
UTAH,Canyon Rim Academy,4900071,43
UTAH,Guadalupe School,4900072,20
UTAH,Dual Immersion Academy,4900073,45
UTAH,C.S. Lewis Academy,4900074,46
UTAH,Box Elder District,4900090,1403
UTAH,Open Classroom,4900118,44
UTAH,Cache District,4900120,2214
UTAH,Gateway Preparatory Academy,4900122,131
UTAH,Salt Lake Center for Science Education,4900123,61
UTAH,Providence Hall,4900124,271
UTAH,Rockwell Charter High School,4900125,60
UTAH,Utah Virtual Academy,4900130,388
UTAH,Merit College Preparatory Academy,4900131,111
UTAH,Quest Academy,4900132,141
UTAH,Venture Academy,4900133,155
UTAH,Excelsior Academy,4900136,191
UTAH,Hawthorn Academy,4900137,163
UTAH,Mountain Heights Academy,4900138,187
UTAH,Jefferson Academy,4900139,75
UTAH,Early Light Academy at Daybreak,4900140,132
UTAH,Vista School,4900141,117
UTAH,Canyons District,4900142,3839
UTAH,Canyon Grove Academy,4900143,63
UTAH,Maria Montessori Academy,4900144,81
UTAH,Weilenmann School of Discovery,4900145,46
UTAH,Bear River Charter School,4900146,29
UTAH,Good Foundations Academy,4900147,70
UTAH,Summit Academy High School,4900148,85
UTAH,Carbon District,4900150,524
UTAH,Utah Connections Academy,4900151,105
UTAH,Endeavor Hall,4900155,35
UTAH,Highmark Charter School,4900156,78
UTAH,Promontory School of Expeditionary Learning,4900157,81
UTAH,Valley Academy,4900158,71
UTAH,Pacific Heritage Academy,4900159,35
UTAH,Voyage Academy,4900160,76
UTAH,Esperanza School,4900161,50
UTAH,Leadership Learning Academy,4900162,102
UTAH,Mana Academy Charter School,4900165,16
UTAH,Utah International Charter School,4900166,9
UTAH,Weber State University Charter Academy,4900167,6
UTAH,Winter Sports School,4900168,3
UTAH,Mountain View Montessori,4900169,48
UTAH,Scholar Academy,4900170,100
UTAH,Utah Career Path High School,4900171,49
UTAH,Ascent Academies of Utah,4900174,376
UTAH,Mountain West Montessori Academy,4900175,79
UTAH,Utah Military Academy,4900176,161
UTAH,Greenwood Charter School,4900177,80
UTAH,Roots Charter High School,4900178,66
UTAH,Terra Academy,4900179,114
UTAH,Daggett District,4900180,-8
UTAH,Athenian eAcademy,4900181,103
UTAH,Lumen Scholar Institute,4900182,66
UTAH,Vanguard Academy,4900183,24
UTAH,Wallace Stegner Academy,4900184,155
UTAH,Wasatch Waldorf Charter School,4900185,102
UTAH,American Academy of Innovation,4900186,91
UTAH,Franklin Discovery Academy,4900187,103
UTAH,St. George Academy,4900188,47
UTAH,Athlos Academy of Utah,4900189,69
UTAH,Treeside Charter School,4900192,40
UTAH,The Center for Creativity Innovation and Discovery,4900193,84
UTAH,Ignite Entrepreneurship Academy,4900194,72
UTAH,Bonneville Academy,4900195,55
UTAH,Leadership Academy of Utah,4900196,32
UTAH,Real Salt Lake Academy High School,4900197,27
UTAH,Advantage Arts Academy,4900198,44
UTAH,Bridge Elementary School,4900202,112
UTAH,Mountain Sunrise Academy,4900203,68
UTAH,Career Academy of Utah,4900206,14
UTAH,Davis District,4900210,9072
UTAH,Duchesne District,4900240,998
UTAH,Emery District,4900270,395
UTAH,Garfield District,4900300,130
UTAH,Grand District,4900330,201
UTAH,Granite District,4900360,7451
UTAH,Iron District,4900390,1241
UTAH,Jordan District,4900420,7219
UTAH,Juab District,4900450,329
UTAH,Kane District,4900480,169
UTAH,Logan City District,4900510,652
UTAH,Millard District,4900540,476
UTAH,Morgan District,4900570,367
UTAH,Murray District,4900600,863
UTAH,Nebo District,4900630,4543
UTAH,North Sanpete District,4900660,353
UTAH,North Summit District,4900690,147
UTAH,Ogden City District,4900720,1324
UTAH,Park City District,4900750,375
UTAH,Piute District,4900780,40
UTAH,Provo District,4900810,1643
UTAH,Rich District,4900840,93
UTAH,Salt Lake District,4900870,2483
UTAH,San Juan District,4900900,435
UTAH,Sevier District,4900930,651
UTAH,South Sanpete District,4900960,417
UTAH,South Summit District,4900990,156
UTAH,Tintic District,4901020,-8
UTAH,Tooele District,4901050,2425
UTAH,Uintah District,4901080,934
UTAH,Wasatch District,4901110,697
UTAH,Washington District,4901140,4538
UTAH,Wayne District,4901170,62
UTAH,Weber District,4901200,4337
VERMONT,Buels Gore School District,5000011,0
VERMONT,Ferdinand School District,5000012,-8
VERMONT,Glastenbury School District,5000013,0
VERMONT,Somerset School District,5000014,0
VERMONT,Averill School District,5000015,0
VERMONT,Averys Gore School District,5000016,0
VERMONT,Lewis School District,5000017,0
VERMONT,Warners Grant School District,5000018,0
VERMONT,Warrens Grant School District,5000019,0
VERMONT,Rivendell Interstate School District,5000024,98
VERMONT,Barstow Unified Union School District #49,5000390,-8
VERMONT,Otter Valley Unified Union School District #53,5000392,164
VERMONT,Mill River Unified Union School District #52,5000393,122
VERMONT,Essex Westford Educational Community Unified Union SD #51,5000395,563
VERMONT,Champlain Valley Unified Union School District #56,5000396,496
VERMONT,Lamoille North Modified Union School District #058B,5000397,148
VERMONT,Addison Northwest Unified Union School District #54,5000398,140
VERMONT,Maple Run Unified Union School District #57,5000399,514
VERMONT,Orange Southwest Unified Union School District #59,5000400,162
VERMONT,Lamoille North Modified Union School District #058A,5000401,98
VERMONT,Addison Central Unified Union School District #55,5000402,219
VERMONT,Harwood Unified Union School District #60,5000403,264
VERMONT,Paine Mountain Union School District #68,5000408,189
VERMONT,Wells Spring Unified Union School District #69,5000409,49
VERMONT,Montpelier Roxbury Unified Union School District #71,5000410,120
VERMONT,Quarry Valley Unified Union School District #70,5000411,176
VERMONT,Caledonia Cooperative Unified School District #78,5000412,98
VERMONT,Granville Hancock Unified School District,5000414,15
VERMONT,Northeast Kingdom Choice School District,5000415,-8
VERMONT,Taconic and Green Regional School District #63,5000417,253
VERMONT,Twin Valley Unified School District #75,5000418,68
VERMONT,Mettawee School District #84,5000419,56
VERMONT,Kingdom East Unified Union School District #64,5000421,285
VERMONT,Ludlow Mt. Holly Unified Union School District #83,5000422,76
VERMONT,Rochester Stockbridge Unified School District #81,5000423,-8
VERMONT,Mt. Abraham Unified School District #61,5000425,183
VERMONT,White River Unified School District #79,5000426,87
VERMONT,Green Mountain Unified School District #77,5000427,149
VERMONT,First Branch Unified School District #82,5000429,70
VERMONT,Echo Valley Community Union School District #67,5000430,46
VERMONT,Windham Southeast Unified Union School District #96,5000431,382
VERMONT,West River Valley Union Education District #72B,5000432,56
VERMONT,Missisquoi Valley School District #89,5000433,335
VERMONT,Southwest Vermont Union Elementary School District #87,5000434,270
VERMONT,Champlain Islands Unified Union School District #66,5000435,65
VERMONT,Lake Region Union Elementary Middle School District,5000436,168
VERMONT,Oxbow Unified Union School District #91,5000437,140
VERMONT,Orleans Southwest Union Elementary School District #94,5000438,73
VERMONT,Washington Central Unified Union School District #92,5000439,220
VERMONT,Slate Valley Unified Union School District #62,5000440,211
VERMONT,Northern Mountain Valley Unified Union School District #85,5000441,134
VERMONT,Mount Ascutney School District #86,5000442,105
VERMONT,Mount Mansfield Unified Union School District #401,5000443,358
VERMONT,Enosburgh-Richford Unified Union School District #88,5000444,162
VERMONT,Barre Unified Union School District #97,5000445,518
VERMONT,Windham Northeast Union Elementary School District #95,5000446,-8
VERMONT,River Valleys Unified School District #73,5000447,-8
VERMONT,Lamoille South Unified Union School District #90,5000448,203
VERMONT,West River Valley Union Education District #72A,5000449,43
VERMONT,Windsor Central Unified Union School District #76,5000450,115
VERMONT,Alburg School District,5001770,-8
VERMONT,Arlington School District,5001830,74
VERMONT,Brighton School District,5002610,27
VERMONT,Burlington School District,5002820,497
VERMONT,Cabot School District,5002850,39
VERMONT,Cambridge School District,5002910,48
VERMONT,Canaan School District,5002940,-8
VERMONT,Charleston School District,5003060,13
VERMONT,Colchester School District,5003240,330
VERMONT,Coventry School District,5003360,31
VERMONT,Craftsbury Town School District,5003390,22
VERMONT,Danville School District,5003450,63
VERMONT,Derby School District,5003480,74
VERMONT,Fairfax School District,5003930,158
VERMONT,Fletcher School District,5004080,27
VERMONT,Georgia School District,5004140,112
VERMONT,Halifax School District,5004500,14
VERMONT,Hartford School District,5004590,223
VERMONT,Hartland School District,5004620,85
VERMONT,Holland School District,5004710,-8
VERMONT,Ira School District,5004830,3
VERMONT,Jay School District,5004950,6
VERMONT,Lake Region Union High School District #24,5005050,70
VERMONT,Lowell School District,5005220,23
VERMONT,Marlboro School District,5005400,-8
VERMONT,Milton School District,5005610,285
VERMONT,Morgan School District,5005760,3
VERMONT,Mount Anthony Union High School District #14,5005810,285
VERMONT,Newport City School District,5006000,68
VERMONT,Newport Town School District,5006030,39
VERMONT,North Bennington Incorporated School District,5006060,-8
VERMONT,Norwich School District,5006180,34
VERMONT,Peacham School District,5006390,17
VERMONT,Pittsfield School District,5006450,3
VERMONT,Readsboro School District,5006780,-8
VERMONT,Rockingham School District,5006930,107
VERMONT,Rutland City School District,5007050,340
VERMONT,Rutland Town School District,5007080,78
VERMONT,Sandgate School District,5007170,-8
VERMONT,Searsburg School District,5007200,6
VERMONT,Sharon School District,5007260,34
VERMONT,South Burlington School District,5007470,381
VERMONT,South Hero School District,5007500,26
VERMONT,Springfield School District,5007530,308
VERMONT,Saint Johnsbury School District,5007650,239
VERMONT,Stamford School District,5007680,-8
VERMONT,Stannard School District,5007710,-8
VERMONT,Strafford School District,5007830,-8
VERMONT,Stratton School District,5007860,4
VERMONT,Thetford School District,5008010,79
VERMONT,Troy School District,5008130,39
VERMONT,Blue Mountain Union School District #21,5008224,99
VERMONT,Twinfield Union School District #33,5008225,56
VERMONT,Waits River Union High District #36,5008242,68
VERMONT,Hazen Union High School District #26,5008243,64
VERMONT,Bellows Falls Union High School District #27,5008246,75
VERMONT,Vernon School District,5008310,55
VERMONT,Weathersfield School District,5008700,51
VERMONT,Westfield School District,5008910,9
VERMONT,Westminster School District,5008970,40
VERMONT,Westmore School District,5009000,4
VERMONT,Windham School District,5009270,-8
VERMONT,Winhall School District,5009330,-8
VERMONT,Winooski Incorporated School District,5009360,201
VERMONT,Wolcott School District,5009390,54
VERMONT,North Country Union Junior High School District,5009570,63
VERMONT,North Country Union High School District,5009600,147
VIRGINIA,KINGS DAUGHTERS,5100038,-8
VIRGINIA,Medical College of Virginia,5100040,-8
VIRGINIA,University of Virginia,5100041,-8
VIRGINIA,Department of Education State-Operated Educ Prgms,5100042,154
VIRGINIA,Western State Hospital,5100048,-8
VIRGINIA,MCV-Virginia Treatment Center For Children,5100055,-8
VIRGINIA,Virginia School for the Deaf and Blind-Staunton,5100058,-8
VIRGINIA,Accomack County Public Schools,5100060,673
VIRGINIA,Department of Juvenile Justice -Education Div,5100070,48
VIRGINIA,Commonwealth Center for Children & Adolescents,5100071,13
VIRGINIA,Albemarle County Public Schools,5100090,1711
VIRGINIA,Alexandria City Public Schools,5100120,1587
VIRGINIA,Alleghany Highlands Public Schools,5100152,456
VIRGINIA,Amelia County Public Schools,5100180,176
VIRGINIA,Amherst County Public Schools,5100210,573
VIRGINIA,Appomattox County Public Schools,5100240,278
VIRGINIA,Arlington County Public Schools,5100270,3833
VIRGINIA,Augusta County Public Schools,5100300,1059
VIRGINIA,Bath County Public Schools,5100330,-8
VIRGINIA,Bedford County Public Schools,5100360,1057
VIRGINIA,Bland County Public Schools,5100390,151
VIRGINIA,Botetourt County Public Schools,5100420,674
VIRGINIA,Bristol City Public Schools,5100450,408
VIRGINIA,Brunswick County Public Schools,5100480,177
VIRGINIA,Buchanan County Public Schools,5100510,441
VIRGINIA,Buckingham County Public Schools,5100540,301
VIRGINIA,Buena Vista City Public Schools,5100560,158
VIRGINIA,Campbell County Public Schools,5100600,1027
VIRGINIA,Caroline County Public Schools,5100660,547
VIRGINIA,Carroll County Public Schools,5100690,615
VIRGINIA,Charles City County Public Schools,5100720,113
VIRGINIA,Charlotte County Public Schools,5100750,191
VIRGINIA,Charlottesville City Public Schools,5100780,564
VIRGINIA,Chesapeake City Public Schools,5100810,6201
VIRGINIA,Chesterfield County Public Schools,5100840,7701
VIRGINIA,Clarke County Public Schools,5100870,206
VIRGINIA,Colonial Beach Public Schools,5100930,93
VIRGINIA,Colonial Heights City Public Schools,5100960,438
VIRGINIA,Craig County Public Schools,5101020,120
VIRGINIA,Culpeper County Public Schools,5101050,911
VIRGINIA,Cumberland County Public Schools,5101080,151
VIRGINIA,Danville City Public Schools,5101110,818
VIRGINIA,Dickenson County Public Schools,5101140,286
VIRGINIA,Dinwiddie County Public Schools,5101170,612
VIRGINIA,Essex County Public Schools,5101200,209
VIRGINIA,Fairfax County Public Schools,5101260,25602
VIRGINIA,Falls Church City Public Schools,5101290,322
VIRGINIA,Fauquier County Public Schools,5101320,1589
VIRGINIA,Floyd County Public Schools,5101350,266
VIRGINIA,Fluvanna County Public Schools,5101380,465
VIRGINIA,Franklin City Public Schools,5101410,115
VIRGINIA,Franklin County Public Schools,5101440,991
VIRGINIA,Frederick County Public Schools,5101470,1832
VIRGINIA,Fredericksburg City Public Schools,5101510,429
VIRGINIA,Galax City Public Schools,5101560,199
VIRGINIA,Giles County Public Schools,5101590,432
VIRGINIA,Gloucester County Public Schools,5101620,718
VIRGINIA,Goochland County Public Schools,5101650,322
VIRGINIA,Grayson County Public Schools,5101690,260
VIRGINIA,Greene County Public Schools,5101710,352
VIRGINIA,Greensville County Public Schools,5101740,288
VIRGINIA,Halifax County Public Schools,5101770,692
VIRGINIA,Hampton City Public Schools,5101800,2549
VIRGINIA,Hanover County Public Schools,5101830,2366
VIRGINIA,Harrisonburg City Public Schools,5101860,590
VIRGINIA,Henrico County Public Schools,5101890,6401
VIRGINIA,Henry County Public Schools,5101920,1030
VIRGINIA,Highland County Public Schools,5101950,-8
VIRGINIA,Hopewell City Public Schools,5101980,691
VIRGINIA,Isle of Wight County Public Schools,5102010,796
VIRGINIA,King and Queen County Public Schools,5102070,147
VIRGINIA,King George County Public Schools,5102100,613
VIRGINIA,King William County Public Schools,5102120,282
VIRGINIA,Lancaster County Public Schools,5102160,156
VIRGINIA,Lee County Public Schools,5102190,520
VIRGINIA,Lexington City Public Schools,5102220,35
VIRGINIA,Loudoun County Public Schools,5102250,8797
VIRGINIA,Louisa County Public Schools,5102280,804
VIRGINIA,Lunenburg County Public Schools,5102310,212
VIRGINIA,Lynchburg City Public Schools,5102340,1063
VIRGINIA,Manassas City Public Schools,5102360,722
VIRGINIA,Madison County Public Schools,5102370,165
VIRGINIA,Manassas Park City Public Schools,5102390,443
VIRGINIA,Martinsville City Public Schools,5102400,219
VIRGINIA,Mathews County Public Schools,5102430,158
VIRGINIA,Mecklenburg County Public Schools,5102460,427
VIRGINIA,Middlesex County Public Schools,5102490,195
VIRGINIA,Montgomery County Public Schools,5102520,1167
VIRGINIA,Nelson County Public Schools,5102580,255
VIRGINIA,New Kent County Public Schools,5102610,389
VIRGINIA,Newport News City Public Schools,5102640,3396
VIRGINIA,Norfolk City Public Schools,5102670,3762
VIRGINIA,Northampton County Public Schools,5102710,192
VIRGINIA,Northumberland County Public Schools,5102730,148
VIRGINIA,Norton City Public Schools,5102760,145
VIRGINIA,Nottoway County Public Schools,5102790,236
VIRGINIA,Orange County Public Schools,5102820,635
VIRGINIA,Page County Public Schools,5102850,383
VIRGINIA,Patrick County Public Schools,5102880,420
VIRGINIA,Petersburg City Public Schools,5102910,462
VIRGINIA,Pittsylvania County Public Schools,5102940,950
VIRGINIA,Poquoson City Public Schools,5102980,238
VIRGINIA,Portsmouth City Public Schools,5103000,1565
VIRGINIA,Powhatan County Public Schools,5103030,577
VIRGINIA,Prince Edward County Public Schools,5103060,222
VIRGINIA,Prince George County Public Schools,5103090,805
VIRGINIA,Prince William County Public Schools,5103130,11023
VIRGINIA,Pulaski County Public Schools,5103150,538
VIRGINIA,Radford City Public Schools,5103180,372
VIRGINIA,Rappahannock County Public Schools,5103210,102
VIRGINIA,Richmond City Public Schools,5103240,2680
VIRGINIA,Richmond County Public Schools,5103270,174
VIRGINIA,Roanoke City Public Schools,5103300,2080
VIRGINIA,Roanoke County Public Schools,5103330,2150
VIRGINIA,Rockbridge County Public Schools,5103370,357
VIRGINIA,Rockingham County Public Schools,5103390,1172
VIRGINIA,Russell County Public Schools,5103420,432
VIRGINIA,Salem City Public Schools,5103460,604
VIRGINIA,Scott County Public Schools,5103480,755
VIRGINIA,Shenandoah County Public Schools,5103510,820
VIRGINIA,Smyth County Public Schools,5103520,639
VIRGINIA,Southampton County Public Schools,5103600,323
VIRGINIA,Spotsylvania County Public Schools,5103640,3424
VIRGINIA,Stafford County Public Schools,5103660,3899
VIRGINIA,Staunton City Public Schools,5103690,331
VIRGINIA,Suffolk City Public Schools,5103710,1728
VIRGINIA,Surry County Public Schools,5103750,127
VIRGINIA,Sussex County Public Schools,5103780,119
VIRGINIA,Tazewell County Public Schools,5103810,901
VIRGINIA,Virginia Beach City Public Schools,5103840,7838
VIRGINIA,Warren County Public Schools,5103870,609
VIRGINIA,Washington County Public Schools,5103900,1128
VIRGINIA,Waynesboro City Public Schools,5103930,353
VIRGINIA,West Point Public Schools,5103950,97
VIRGINIA,Westmoreland County Public Schools,5103980,221
VIRGINIA,Williamsburg-James City County Public Schools,5104020,1773
VIRGINIA,Winchester City Public Schools,5104050,564
VIRGINIA,Wise County Public Schools,5104080,831
VIRGINIA,Wythe County Public Schools,5104110,593
VIRGINIA,York County Public Schools,5104150,1435
WASHINGTON,Enumclaw School District,5300001,638
WASHINGTON,Inchelium School District,5300002,27
WASHINGTON,Kelso School District,5300003,751
WASHINGTON,North Central Educational Service District 171,5300004,0
WASHINGTON,Educational Service District 112,5300005,0
WASHINGTON,Puget Sound Educational Service District 121,5300006,0
WASHINGTON,Olympic Educational Service District 114,5300007,3
WASHINGTON,Northwest Educational Service District 189,5300008,0
WASHINGTON,Educational Service District 101,5300010,0
WASHINGTON,Capital Region ESD 113,5300011,0
WASHINGTON,Educational Service District 123,5300012,0
WASHINGTON,Educational Service District 105,5300013,0
WASHINGTON,Bates Technical College,5300014,0
WASHINGTON,Washington Center for Deaf and Hard of Hearing Youth,5300015,85
WASHINGTON,Centralia College,5300016,0
WASHINGTON,Clover Park Technical College,5300017,0
WASHINGTON,Aberdeen School District,5300030,531
WASHINGTON,Adna School District,5300060,77
WASHINGTON,Almira School District,5300090,20
WASHINGTON,Anacortes School District,5300150,286
WASHINGTON,Arlington School District,5300240,801
WASHINGTON,Asotin-Anatone School District,5300280,89
WASHINGTON,Auburn School District,5300300,1834
WASHINGTON,Lake Washington Institute of Technology,5300313,0
WASHINGTON,Everett Community College,5300314,0
WASHINGTON,Central Washington University,5300315,0
WASHINGTON,Washington State University,5300317,0
WASHINGTON,Office of the Governor (Sch for Blind),5300318,59
WASHINGTON,Western Washington University,5300319,0
WASHINGTON,University of Washington (17904),5300320,0
WASHINGTON,South Seattle Community College,5300321,0
WASHINGTON,Community Colleges of Spokane,5300322,0
WASHINGTON,Seattle Central Community College,5300323,0
WASHINGTON,Washington Military Department,5300324,12
WASHINGTON,Renton Technical College,5300325,0
WASHINGTON,Green River College,5300326,0
WASHINGTON,Suquamish Tribal Education Department,5300328,19
WASHINGTON,Bainbridge Island School District,5300330,426
WASHINGTON,Summit Public School: Olympus,5300333,21
WASHINGTON,Summit Public School: Sierra,5300334,59
WASHINGTON,Rainier Prep Charter School District,5300335,21
WASHINGTON,Spokane International Academy,5300337,79
WASHINGTON,PRIDE Prep Charter School District,5300339,105
WASHINGTON,Educational Service Agency 112,5300340,0
WASHINGTON,Evergreen State College,5300341,0
WASHINGTON,Rainier Valley Leadership Academy,5300342,35
WASHINGTON,Summit Public School: Atlas,5300343,93
WASHINGTON,Impact | Puget Sound Elementary,5300345,-8
WASHINGTON,Catalyst Public Schools,5300347,52
WASHINGTON,Impact | Salish Sea Elementary,5300348,-8
WASHINGTON,Why Not You Academy,5300349,25
WASHINGTON,Lumen Public School,5300350,9
WASHINGTON,Intergenerational High School,5300351,10
WASHINGTON,Pinnacles Prep Charter School,5300352,26
WASHINGTON,Impact | Commencement Bay Elementary,5300354,-8
WASHINGTON,Pullman Community Montessori,5300355,12
WASHINGTON,Battle Ground School District,5300380,1617
WASHINGTON,Bellevue School District,5300390,1688
WASHINGTON,Bellingham School District,5300420,1696
WASHINGTON,Benge School District,5300450,0
WASHINGTON,Bethel School District,5300480,2667
WASHINGTON,Bickleton School District,5300510,18
WASHINGTON,Blaine School District,5300570,302
WASHINGTON,Boistfort School District,5300630,17
WASHINGTON,Bremerton School District,5300660,658
WASHINGTON,Brewster School District,5300690,100
WASHINGTON,Bridgeport School District,5300720,71
WASHINGTON,Brinnon School District,5300750,8
WASHINGTON,Burlington-Edison School District,5300780,524
WASHINGTON,Camas School District,5300810,808
WASHINGTON,Cape Flattery School District,5300840,75
WASHINGTON,Carbonado School District,5300870,-8
WASHINGTON,Cascade School District,5300950,117
WASHINGTON,CASHMERE SCHOOL DISTRICT,5300960,176
WASHINGTON,Castle Rock School District,5300990,227
WASHINGTON,Centerville School District,5301050,8
WASHINGTON,Central Kitsap School District,5301080,1589
WASHINGTON,Central Valley School District,5301110,2064
WASHINGTON,Centralia School District,5301140,450
WASHINGTON,Chehalis School District,5301170,404
WASHINGTON,Lake Chelan School District,5301200,127
WASHINGTON,Cheney School District,5301230,775
WASHINGTON,Chewelah School District,5301260,124
WASHINGTON,Chimacum School District,5301290,109
WASHINGTON,Clarkston School District,5301320,443
WASHINGTON,Cle Elum-Roslyn School District,5301350,122
WASHINGTON,Queets-Clearwater School District,5301380,5
WASHINGTON,Clover Park School District,5301410,1834
WASHINGTON,Colfax School District,5301440,74
WASHINGTON,College Place School District,5301470,189
WASHINGTON,Colton School District,5301500,-8
WASHINGTON,Columbia (Stevens) School District,5301560,-8
WASHINGTON,Columbia (Walla Walla) School District,5301590,100
WASHINGTON,Colville School District,5301630,259
WASHINGTON,Concrete School District,5301660,-8
WASHINGTON,Conway School District,5301680,38
WASHINGTON,Cosmopolis School District,5301710,-8
WASHINGTON,Coupeville School District,5301800,156
WASHINGTON,Crescent School District,5301830,38
WASHINGTON,Creston School District,5301860,-8
WASHINGTON,Curlew School District,5301890,31
WASHINGTON,Cusick School District,5301920,46
WASHINGTON,Damman School District,5301950,-8
WASHINGTON,Darrington School District,5301980,-8
WASHINGTON,Davenport School District,5302010,72
WASHINGTON,Dayton School District,5302040,48
WASHINGTON,Deer Park School District,5302070,307
WASHINGTON,Dieringer School District,5302130,154
WASHINGTON,Dixie School District,5302160,3
WASHINGTON,East Valley School District (Spokane),5302280,541
WASHINGTON,Eastmont School District,5302310,672
WASHINGTON,Easton School District,5302340,10
WASHINGTON,Eatonville School District,5302370,218
WASHINGTON,Edmonds School District,5302400,2819
WASHINGTON,Ellensburg School District,5302460,395
WASHINGTON,Elma School District,5302490,254
WASHINGTON,Endicott School District,5302520,-8
WASHINGTON,Entiat School District,5302550,19
WASHINGTON,Ephrata School District,5302610,324
WASHINGTON,Evaline School District,5302640,4
WASHINGTON,Everett School District,5302670,2430
WASHINGTON,Evergreen School District (Clark),5302700,3096
WASHINGTON,Evergreen School District (Stevens),5302730,-8
WASHINGTON,Federal Way School District,5302820,2648
WASHINGTON,Ferndale School District,5302850,633
WASHINGTON,Fife School District,5302880,405
WASHINGTON,Finley School District,5302910,111
WASHINGTON,Franklin Pierce School District,5302940,951
WASHINGTON,Freeman School District,5302970,-8
WASHINGTON,Garfield School District,5303000,15
WASHINGTON,Glenwood School District,5303030,11
WASHINGTON,Goldendale School District,5303090,414
WASHINGTON,Grand Coulee Dam School District,5303130,101
WASHINGTON,Grandview School District,5303150,533
WASHINGTON,Granger School District,5303180,191
WASHINGTON,Granite Falls School District,5303210,368
WASHINGTON,Grapeview School District,5303240,30
WASHINGTON,Great Northern School District,5303270,5
WASHINGTON,Green Mountain School District,5303300,20
WASHINGTON,Griffin School District,5303330,80
WASHINGTON,Harrington School District,5303360,26
WASHINGTON,Coulee-Hartline School District,5303440,16
WASHINGTON,Highland School District,5303510,132
WASHINGTON,Highline School District,5303540,2493
WASHINGTON,Hockinson School District,5303570,195
WASHINGTON,Hood Canal School District,5303600,-8
WASHINGTON,Hoquiam School District,5303660,244
WASHINGTON,Index Elementary School District 63,5303720,5
WASHINGTON,Issaquah School District,5303750,1670
WASHINGTON,Kahlotus School District,5303780,8
WASHINGTON,Kalama School District,5303810,184
WASHINGTON,Keller School District,5303870,5
WASHINGTON,Kennewick School District,5303930,2365
WASHINGTON,Kent School District,5303960,2882
WASHINGTON,Kettle Falls School District,5303990,140
WASHINGTON,Kiona-Benton City School District,5304020,-8
WASHINGTON,Kittitas School District,5304050,74
WASHINGTON,Klickitat School District,5304080,-8
WASHINGTON,La Conner School District,5304110,-8
WASHINGTON,LaCrosse School District,5304150,16
WASHINGTON,La Center School District,5304170,253
WASHINGTON,Lake Stevens School District,5304200,1340
WASHINGTON,Lake Washington School District,5304230,2648
WASHINGTON,Lakewood School District,5304260,425
WASHINGTON,Lamont School District,5304290,7
WASHINGTON,Liberty School District,5304380,62
WASHINGTON,Lind School District,5304410,25
WASHINGTON,Longview School District,5304470,1087
WASHINGTON,Loon Lake School District,5304500,15
WASHINGTON,Lopez School District,5304530,-8
WASHINGTON,Riverview School District,5304560,302
WASHINGTON,Lyle School District,5304590,39
WASHINGTON,Lynden School District,5304620,471
WASHINGTON,Mabton School District,5304650,79
WASHINGTON,Mansfield School District,5304710,10
WASHINGTON,Manson School District,5304740,80
WASHINGTON,Mary M Knight School District,5304800,-8
WASHINGTON,Mary Walker School District,5304830,77
WASHINGTON,Marysville School District,5304860,1542
WASHINGTON,McCleary School District,5304890,57
WASHINGTON,Mead School District,5304920,1419
WASHINGTON,Medical Lake School District,5304950,234
WASHINGTON,Mercer Island School District,5304980,421
WASHINGTON,Meridian School District,5305010,200
WASHINGTON,Methow Valley School District,5305020,67
WASHINGTON,Mill A School District,5305040,5
WASHINGTON,Monroe School District,5305130,739
WASHINGTON,Montesano School District,5305160,202
WASHINGTON,Morton School District,5305190,41
WASHINGTON,Moses Lake School District,5305220,1144
WASHINGTON,Mossyrock School District,5305250,-8
WASHINGTON,Mount Adams School District,5305280,119
WASHINGTON,Mount Baker School District,5305310,301
WASHINGTON,Mount Pleasant School District,5305340,6
WASHINGTON,East Valley School District (Yakima),5305370,396
WASHINGTON,Mount Vernon School District,5305400,857
WASHINGTON,Mukilteo School District,5305430,2004
WASHINGTON,Naches Valley School District,5305460,172
WASHINGTON,Napavine School District,5305490,79
WASHINGTON,Naselle-Grays River Valley School District,5305520,-8
WASHINGTON,Nespelem School District,5305550,-8
WASHINGTON,Newport School District,5305610,167
WASHINGTON,Nine Mile Falls School District,5305640,180
WASHINGTON,Nooksack Valley School District,5305670,277
WASHINGTON,North Beach School District No. 64,5305700,-8
WASHINGTON,North Franklin School District,5305730,296
WASHINGTON,North Kitsap School District,5305760,664
WASHINGTON,North Mason School District,5305790,331
WASHINGTON,North River School District,5305820,8
WASHINGTON,North Thurston Public Schools,5305850,2284
WASHINGTON,Northport School District,5305880,23
WASHINGTON,Northshore School District,5305910,2639
WASHINGTON,Oak Harbor School District,5305940,955
WASHINGTON,Oakesdale School District,5305970,16
WASHINGTON,Oakville School District,5306000,61
WASHINGTON,Ocean Beach School District,5306060,216
WASHINGTON,Ocosta School District,5306090,71
WASHINGTON,Odessa School District,5306120,-8
WASHINGTON,Okanogan School District,5306150,141
WASHINGTON,Olympia School District,5306180,1572
WASHINGTON,Omak School District,5306220,857
WASHINGTON,Onalaska School District,5306240,144
WASHINGTON,Onion Creek School District,5306270,8
WASHINGTON,Orcas Island School District,5306300,94
WASHINGTON,Orchard Prairie School District,5306330,4
WASHINGTON,Orient School District,5306360,7
WASHINGTON,Orondo School District,5306390,-8
WASHINGTON,Oroville School District,5306420,50
WASHINGTON,Orting School District,5306450,368
WASHINGTON,Othello School District,5306480,560
WASHINGTON,Palisades School District,5306510,-8
WASHINGTON,Palouse School District,5306540,22
WASHINGTON,Pasco School District,5306570,2290
WASHINGTON,Pateros School District,5306600,33
WASHINGTON,Paterson School District,5306630,30
WASHINGTON,Pe Ell School District,5306660,49
WASHINGTON,Peninsula School District,5306690,1149
WASHINGTON,Pioneer School District,5306750,124
WASHINGTON,Pomeroy School District,5306780,-8
WASHINGTON,Port Angeles School District,5306820,571
WASHINGTON,Port Townsend School District,5306840,151
WASHINGTON,Prescott School District,5306870,34
WASHINGTON,Prosser School District,5306900,307
WASHINGTON,Pullman School District,5306930,347
WASHINGTON,Puyallup School District,5306960,2692
WASHINGTON,Quilcene School District,5306990,-8
WASHINGTON,Quillayute Valley School District,5307020,548
WASHINGTON,Lake Quinault School District,5307050,-8
WASHINGTON,Quincy School District,5307080,401
WASHINGTON,Rainier School District,5307110,123
WASHINGTON,Raymond School District,5307140,78
WASHINGTON,Reardan-Edwall School District,5307210,-8
WASHINGTON,Renton School District,5307230,1943
WASHINGTON,Republic School District,5307260,69
WASHINGTON,Richland School District,5307320,1806
WASHINGTON,Ridgefield School District,5307350,436
WASHINGTON,Ritzville School District,5307380,35
WASHINGTON,Riverside School District,5307440,213
WASHINGTON,Rochester School District,5307470,288
WASHINGTON,Roosevelt School District,5307530,-8
WASHINGTON,Rosalia School District,5307560,21
WASHINGTON,Royal School District,5307620,217
WASHINGTON,San Juan Island School District,5307650,138
WASHINGTON,Satsop School District,5307680,-8
WASHINGTON,Seattle School District No. 1,5307710,7071
WASHINGTON,Sedro-Woolley School District,5307740,726
WASHINGTON,Selah School District,5307770,436
WASHINGTON,Selkirk School District,5307800,-8
WASHINGTON,Sequim School District,5307830,407
WASHINGTON,Shaw Island School District,5307860,0
WASHINGTON,Shelton School District,5307900,571
WASHINGTON,Shoreline School District,5307920,1026
WASHINGTON,Skamania School District,5307950,8
WASHINGTON,Skykomish School District,5307980,13
WASHINGTON,Snohomish School District,5308020,1130
WASHINGTON,Snoqualmie Valley School District,5308040,670
WASHINGTON,Soap Lake School District,5308070,97
WASHINGTON,South Bend School District,5308100,85
WASHINGTON,Tukwila School District,5308130,308
WASHINGTON,South Kitsap School District,5308160,1332
WASHINGTON,South Whidbey School District,5308190,167
WASHINGTON,Southside School District,5308220,28
WASHINGTON,Spokane School District,5308250,4655
WASHINGTON,Sprague School District,5308280,15
WASHINGTON,St. John School District,5308310,18
WASHINGTON,Stanwood-Camano School District,5308340,661
WASHINGTON,Star School District No. 054,5308370,0
WASHINGTON,Starbuck School District,5308400,0
WASHINGTON,Stehekin School District,5308430,0
WASHINGTON,Steilacoom Hist. School District,5308460,390
WASHINGTON,Steptoe School District,5308490,-8
WASHINGTON,Stevenson-Carson School District,5308520,129
WASHINGTON,Sultan School District,5308550,303
WASHINGTON,Summit Valley School District,5308580,11
WASHINGTON,Sumner-Bonney Lake School District,5308610,1196
WASHINGTON,Sunnyside School District,5308670,863
WASHINGTON,Tacoma School District,5308700,4023
WASHINGTON,Taholah School District,5308730,38
WASHINGTON,Tahoma School District,5308760,1073
WASHINGTON,Tekoa School District,5308790,-8
WASHINGTON,Tenino School District,5308820,209
WASHINGTON,Thorp School District,5308850,30
WASHINGTON,Toledo School District,5308910,134
WASHINGTON,Tonasket School District,5308940,120
WASHINGTON,Toppenish School District,5308970,507
WASHINGTON,Touchet School District,5309000,16
WASHINGTON,Toutle Lake School District,5309030,99
WASHINGTON,Trout Lake School District,5309060,-8
WASHINGTON,Tumwater School District,5309100,854
WASHINGTON,Union Gap School District,5309150,64
WASHINGTON,University Place School District,5309180,512
WASHINGTON,Valley School District,5309240,104
WASHINGTON,Vancouver School District,5309270,3075
WASHINGTON,Vashon Island School District,5309300,171
WASHINGTON,Wahkiakum School District,5309330,-8
WASHINGTON,Wahluke School District,5309360,281
WASHINGTON,Waitsburg School District,5309390,-8
WASHINGTON,Walla Walla Public Schools,5309450,817
WASHINGTON,Wapato School District,5309480,417
WASHINGTON,Warden School District,5309510,129
WASHINGTON,Washougal School District,5309540,437
WASHINGTON,Washtucna School District,5309570,-8
WASHINGTON,Waterville School District,5309600,-8
WASHINGTON,Wellpinit School District #49,5309630,-8
WASHINGTON,Wenatchee School District,5309660,959
WASHINGTON,West Valley School District (Spokane),5309690,496
WASHINGTON,West Valley School District (Yakima),5309720,721
WASHINGTON,White Pass School District,5309750,-8
WASHINGTON,White River School District,5309780,571
WASHINGTON,White Salmon Valley School District,5309810,141
WASHINGTON,Wilbur School District,5309840,-8
WASHINGTON,Willapa Valley School District,5309870,45
WASHINGTON,Wilson Creek School District,5309900,18
WASHINGTON,Winlock School District,5309930,106
WASHINGTON,Wishkah Valley School District,5309990,22
WASHINGTON,Wishram School District,5310020,-8
WASHINGTON,Woodland School District,5310050,325
WASHINGTON,Yakima School District,5310110,2036
WASHINGTON,Yelm School District,5310140,788
WASHINGTON,Zillah School District,5310170,148
WEST VIRGINIA,BARBOUR COUNTY BOARD OF EDUCATION,5400030,495
WEST VIRGINIA,BERKELEY COUNTY SCHOOLS,5400060,3181
WEST VIRGINIA,Eastern Panhandle Preparatory Academy,5400062,-8
WEST VIRGINIA,Virtual Preparatory Academy of West Virginia,5400063,25
WEST VIRGINIA,West Virginia Virtual Academy,5400064,60
WEST VIRGINIA,BOONE COUNTY  SCHOOLS,5400090,582
WEST VIRGINIA,BRAXTON COUNTY SCHOOLS,5400120,285
WEST VIRGINIA,BROOKE COUNTY SCHOOLS,5400150,531
WEST VIRGINIA,CABELL COUNTY SCHOOLS,5400180,2371
WEST VIRGINIA,CALHOUN COUNTY SCHOOLS,5400210,142
WEST VIRGINIA,CLAY COUNTY SCHOOLS,5400240,257
WEST VIRGINIA,DODDRIDGE COUNTY SCHOOLS,5400270,178
WEST VIRGINIA,FAYETTE COUNTY SCHOOLS,5400300,999
WEST VIRGINIA,GILMER COUNTY SCHOOLS,5400330,161
WEST VIRGINIA,GRANT COUNTY SCHOOLS,5400360,234
WEST VIRGINIA,GREENBRIER COUNTY SCHOOLS,5400390,879
WEST VIRGINIA,HAMPSHIRE COUNTY SCHOOLS,5400420,456
WEST VIRGINIA,HANCOCK COUNTY SCHOOLS,5400450,775
WEST VIRGINIA,HARDY COUNTY SCHOOLS,5400480,384
WEST VIRGINIA,HARRISON COUNTY SCHOOLS,5400510,1970
WEST VIRGINIA,WV SCHOOLS OF DIVERSION AND TRANSITION,5400511,219
WEST VIRGINIA,JACKSON COUNTY SCHOOLS,5400540,726
WEST VIRGINIA,JEFFERSON COUNTY SCHOOLS,5400570,1092
WEST VIRGINIA,KANAWHA COUNTY SCHOOLS,5400600,4183
WEST VIRGINIA,LEWIS COUNTY SCHOOLS,5400630,444
WEST VIRGINIA,LINCOLN COUNTY SCHOOLS,5400660,485
WEST VIRGINIA,LOGAN COUNTY SCHOOLS,5400690,963
WEST VIRGINIA,MARION COUNTY SCHOOLS,5400720,1101
WEST VIRGINIA,MARSHALL COUNTY SCHOOLS,5400750,655
WEST VIRGINIA,MASON COUNTY SCHOOLS,5400780,622
WEST VIRGINIA,MCDOWELL COUNTY SCHOOLS,5400810,528
WEST VIRGINIA,MERCER COUNTY SCHOOLS,5400840,1567
WEST VIRGINIA,MINERAL COUNTY SCHOOLS,5400870,690
WEST VIRGINIA,MINGO COUNTY SCHOOLS,5400900,406
WEST VIRGINIA,MONONGALIA COUNTY SCHOOLS,5400930,1695
WEST VIRGINIA,MONROE COUNTY SCHOOLS,5400960,247
WEST VIRGINIA,MORGAN COUNTY SCHOOLS,5400990,362
WEST VIRGINIA,NICHOLAS COUNTY SCHOOLS,5401020,579
WEST VIRGINIA,OHIO COUNTY SCHOOLS,5401050,819
WEST VIRGINIA,PENDLETON COUNTY SCHOOLS,5401080,120
WEST VIRGINIA,PLEASANTS COUNTY SCHOOLS,5401110,173
WEST VIRGINIA,POCAHONTAS COUNTY SCHOOLS,5401140,-8
WEST VIRGINIA,PRESTON COUNTY SCHOOLS,5401170,753
WEST VIRGINIA,PUTNAM COUNTY SCHOOLS,5401200,1581
WEST VIRGINIA,RALEIGH COUNTY SCHOOLS,5401230,1786
WEST VIRGINIA,RANDOLPH COUNTY SCHOOLS,5401260,644
WEST VIRGINIA,RITCHIE COUNTY SCHOOLS,5401290,218
WEST VIRGINIA,ROANE COUNTY SCHOOLS,5401320,289
WEST VIRGINIA,SUMMERS COUNTY SCHOOLS,5401350,263
WEST VIRGINIA,TAYLOR COUNTY SCHOOLS,5401380,396
WEST VIRGINIA,TUCKER COUNTY SCHOOLS,5401410,134
WEST VIRGINIA,TYLER COUNTY SCHOOLS,5401440,236
WEST VIRGINIA,UPSHUR COUNTY SCHOOLS,5401470,525
WEST VIRGINIA,WAYNE COUNTY SCHOOLS,5401500,1340
WEST VIRGINIA,WEBSTER COUNTY SCHOOLS,5401530,170
WEST VIRGINIA,WETZEL COUNTY SCHOOLS,5401560,436
WEST VIRGINIA,WIRT COUNTY SCHOOLS,5401590,198
WEST VIRGINIA,WOOD COUNTY SCHOOLS,5401620,1828
WEST VIRGINIA,WV SCHOOLS FOR THE DEAF AND THE BLIND,5401621,60
WEST VIRGINIA,WYOMING COUNTY SCHOOLS,5401650,759
WEST VIRGINIA,West Virginia Academy,5401652,24
WISCONSIN,Lake Country School District,5500013,53
WISCONSIN,Blair-Taylor School District,5500016,111
WISCONSIN,River Ridge School District,5500017,77
WISCONSIN,Brown Co CDEB,5500018,NA
WISCONSIN,Walworth Co CDEB,5500021,NA
WISCONSIN,Abbotsford School District,5500030,132
WISCONSIN,Wisconsin Department of Corrections,5500035,88
WISCONSIN,Wisconsin Department of Health Services,5500036,23
WISCONSIN,Wisconsin Dept of Public Instruction,5500037,NA
WISCONSIN,"Downtown Montessori Academy, Inc.",5500039,-8
WISCONSIN,"Central City Cyberschool of Milwaukee, Inc.",5500041,28
WISCONSIN,"Milwaukee Science Education Consortium, Inc.",5500042,115
WISCONSIN,"Racine Charter One, Inc.",5500045,48
WISCONSIN,"Darrell L. Hines Academy, Inc.",5500047,27
WISCONSIN,Trevor-Wilmot Consolidated School District,5500052,73
WISCONSIN,Gresham School District,5500056,-8
WISCONSIN,Chequamegon School District,5500058,88
WISCONSIN,Adams-Friendship Area School District,5500060,297
WISCONSIN,Chetek-Weyerhaeuser Area School District,5500061,114
WISCONSIN,"Milwaukee Scholars Charter School, Inc.",5500065,58
WISCONSIN,"Dr. Howard Fuller Collegiate Academy, Inc.",5500066,52
WISCONSIN,"Milwaukee Math and Science Academy, Inc.",5500067,16
WISCONSIN,"Trans Center for Youth, Inc.",5500069,27
WISCONSIN,"La Casa De Esperanza, Inc.",5500073,22
WISCONSIN,Seeds of Health Inc,5500074,-8
WISCONSIN,Herman-Neosho-Rubicon School District,5500075,-8
WISCONSIN,"Carmen High School of Science and Technology, Inc.",5500076,50
WISCONSIN,"United Community Center, Inc.",5500077,133
WISCONSIN,"Penfield Montessori Academy, Inc.",5500078,29
WISCONSIN,"Pathways High, Inc.",5500079,25
WISCONSIN,Holy Hill Area School District,5500080,45
WISCONSIN,"Rocketship Education Wisconsin, Inc.",5500081,97
WISCONSIN,"Isthmus Montessori Academy, Inc.",5500082,16
WISCONSIN,"One City Schools, Inc.",5500083,-8
WISCONSIN,"Milestone Democratic School, Inc.",5500085,-8
WISCONSIN,"Waadookodaading Ojibwe Language Institute, Inc.",5500086,-8
WISCONSIN,"Lake Country Classical Academy, Inc.",5500087,44
WISCONSIN,"Adeline Montessori School, Inc.",5500089,11
WISCONSIN,"New Leaf Prep Academy, Inc.",5500090,10
WISCONSIN,"UpGrade Media Arts Schools, Inc.",5500091,-8
WISCONSIN,"The Lincoln Academy, Inc.",5500092,-8
WISCONSIN,"Woodlands School, Inc.",5500113,-8
WISCONSIN,Albany School District,5500120,42
WISCONSIN,Algoma School District,5500150,100
WISCONSIN,Alma School District,5500180,46
WISCONSIN,Alma Center School District,5500210,88
WISCONSIN,Almond-Bancroft School District,5500240,55
WISCONSIN,Altoona School District,5500270,310
WISCONSIN,Amery School District,5500300,192
WISCONSIN,Tomorrow River School District,5500330,132
WISCONSIN,Antigo Unified School District,5500360,319
WISCONSIN,Appleton Area School District,5500390,2443
WISCONSIN,Arcadia School District,5500420,161
WISCONSIN,Argyle School District,5500450,-8
WISCONSIN,Ashland School District,5500510,249
WISCONSIN,Ashwaubenon School District,5500540,337
WISCONSIN,Athens School District,5500570,56
WISCONSIN,Auburndale School District,5500600,89
WISCONSIN,Augusta School District,5500630,113
WISCONSIN,Baldwin-Woodville Area School District,5500720,289
WISCONSIN,Unity School District,5500750,168
WISCONSIN,Bangor School District,5500780,70
WISCONSIN,Baraboo School District,5500810,408
WISCONSIN,Barneveld School District,5500840,-8
WISCONSIN,Barron Area School District,5500870,157
WISCONSIN,Bayfield School District,5500900,94
WISCONSIN,Beaver Dam Unified School District,5500960,448
WISCONSIN,Belleville School District,5500990,101
WISCONSIN,Belmont Community School District,5501020,40
WISCONSIN,Beloit School District,5501050,804
WISCONSIN,Beloit Turner School District,5501080,164
WISCONSIN,Benton School District,5501110,33
WISCONSIN,Berlin Area School District,5501140,298
WISCONSIN,Birchwood School District,5501170,-8
WISCONSIN,Wisconsin Heights School District,5501230,80
WISCONSIN,Black River Falls School District,5501260,302
WISCONSIN,Pecatonica Area School District,5501310,54
WISCONSIN,Bloomer School District,5501350,164
WISCONSIN,Bonduel School District,5501470,97
WISCONSIN,Boscobel Area School District,5501500,129
WISCONSIN,North Lakeland School District,5501530,20
WISCONSIN,Bowler School District,5501560,62
WISCONSIN,Boyceville Community School District,5501590,99
WISCONSIN,Brighton #1 School District,5501650,-8
WISCONSIN,Brillion School District,5501680,120
WISCONSIN,Bristol #1 School District,5501710,73
WISCONSIN,Brodhead School District,5501740,135
WISCONSIN,Elmbrook School District,5501770,822
WISCONSIN,Brown Deer School District,5501800,183
WISCONSIN,Bruce School District,5501830,-8
WISCONSIN,Burlington Area School District,5501890,485
WISCONSIN,Butternut School District,5501920,36
WISCONSIN,Cadott Community School District,5502040,106
WISCONSIN,Cambria-Friesland School District,5502070,47
WISCONSIN,Cambridge School District,5502100,150
WISCONSIN,Cameron School District,5502130,147
WISCONSIN,Campbellsport School District,5502160,188
WISCONSIN,Cashton School District,5502340,103
WISCONSIN,Cassville School District,5502400,-8
WISCONSIN,Cedar Grove-Belgium Area School District,5502430,76
WISCONSIN,Cedarburg School District,5502460,356
WISCONSIN,Chilton School District,5502520,167
WISCONSIN,Chippewa Falls Area Unified School District,5502550,785
WISCONSIN,Clayton School District,5502580,32
WISCONSIN,Clear Lake School District,5502610,78
WISCONSIN,Clinton Community School District,5502640,142
WISCONSIN,Clintonville School District,5502670,202
WISCONSIN,Cochrane-Fountain City School District,5502700,69
WISCONSIN,Colby School District,5502730,163
WISCONSIN,Coleman School District,5502760,81
WISCONSIN,Colfax School District,5502790,122
WISCONSIN,Columbus School District,5502820,193
WISCONSIN,Cornell School District,5502880,76
WISCONSIN,Crandon School District,5502910,118
WISCONSIN,Crivitz School District,5502970,102
WISCONSIN,Cuba City School District,5503030,117
WISCONSIN,Cudahy School District,5503060,386
WISCONSIN,Cumberland School District,5503090,150
WISCONSIN,Darlington Community School District,5503150,70
WISCONSIN,De Forest Area School District,5503180,470
WISCONSIN,De Pere School District,5503210,554
WISCONSIN,De Soto Area School District,5503240,-8
WISCONSIN,Deerfield Community School District,5503270,126
WISCONSIN,Kettle Moraine School District,5503510,445
WISCONSIN,Delavan-Darien School District,5503640,248
WISCONSIN,Denmark School District,5503660,209
WISCONSIN,Dodgeville School District,5503690,118
WISCONSIN,Dover #1 School District,5503750,10
WISCONSIN,Drummond Area School District,5503810,-8
WISCONSIN,Durand-Arkansaw School District,5503840,112
WISCONSIN,Northland Pines School District,5503860,178
WISCONSIN,East Troy Community School District,5504020,164
WISCONSIN,Eau Claire Area School District,5504050,1670
WISCONSIN,Edgar School District,5504080,93
WISCONSIN,Edgerton School District,5504110,297
WISCONSIN,Elcho School District,5504170,40
WISCONSIN,Eleva-Strum School District,5504200,83
WISCONSIN,Elk Mound Area School District,5504230,116
WISCONSIN,Elkhart Lake-Glenbeulah School District,5504260,51
WISCONSIN,Elkhorn Area School District,5504290,471
WISCONSIN,Ellsworth Community School District,5504320,224
WISCONSIN,Elmwood School District,5504350,-8
WISCONSIN,Royall School District,5504380,62
WISCONSIN,Erin School District,5504410,33
WISCONSIN,Evansville Community School District,5504440,170
WISCONSIN,Fall Creek School District,5504500,119
WISCONSIN,Fall River School District,5504530,65
WISCONSIN,Fennimore Community School District,5504590,131
WISCONSIN,Lac du Flambeau #1 School District,5504620,121
WISCONSIN,Florence County School District,5504650,-8
WISCONSIN,Fond du Lac School District,5504680,1083
WISCONSIN,Fontana J8 School District,5504720,32
WISCONSIN,Fort Atkinson School District,5504740,400
WISCONSIN,Maple Dale-Indian Hill School District,5504770,82
WISCONSIN,Fox Point J2 School District,5504800,103
WISCONSIN,Franklin Public School District,5504830,436
WISCONSIN,Frederic School District,5504860,-8
WISCONSIN,Northern Ozaukee School District,5504890,128
WISCONSIN,Freedom Area School District,5504920,229
WISCONSIN,Galesville-Ettrick-Trempealeau School District,5504960,151
WISCONSIN,North Crawford School District,5504980,71
WISCONSIN,Geneva J4 School District,5505100,-8
WISCONSIN,Genoa City J2 School District,5505130,85
WISCONSIN,Germantown School District,5505160,454
WISCONSIN,Gibraltar Area School District,5505220,54
WISCONSIN,Gillett School District,5505250,117
WISCONSIN,Gilman School District,5505280,53
WISCONSIN,Gilmanton School District,5505370,19
WISCONSIN,Glendale-River Hills School District,5505460,135
WISCONSIN,Nicolet Union High School School District,5505490,148
WISCONSIN,Glenwood City School District,5505520,106
WISCONSIN,Goodman-Armstrong Creek School District,5505580,9
WISCONSIN,Grafton School District,5505610,287
WISCONSIN,Granton Area School District,5505640,34
WISCONSIN,Grantsburg School District,5505670,170
WISCONSIN,Black Hawk School District,5505730,51
WISCONSIN,Green Bay Area Public School District,5505820,2862
WISCONSIN,Green Lake School District,5505880,-8
WISCONSIN,Greendale School District,5505910,335
WISCONSIN,Greenfield School District,5505940,410
WISCONSIN,Greenwood School District,5505970,-8
WISCONSIN,Whitnall School District,5506000,364
WISCONSIN,Hamilton School District,5506030,495
WISCONSIN,Saint Croix Central School District,5506060,243
WISCONSIN,Hartford J1 School District,5506090,251
WISCONSIN,Hartford UHS School District,5506120,149
WISCONSIN,Hartland-Lakeside J3 School District,5506140,134
WISCONSIN,Arrowhead UHS School District,5506180,185
WISCONSIN,Hayward Community School District,5506270,251
WISCONSIN,Southwestern Wisconsin School District,5506300,97
WISCONSIN,Highland School District,5506420,46
WISCONSIN,Hilbert School District,5506450,56
WISCONSIN,Hillsboro School District,5506480,-8
WISCONSIN,Holmen School District,5506540,498
WISCONSIN,Horicon School District,5506570,135
WISCONSIN,Hortonville Area School District,5506600,413
WISCONSIN,Howard-Suamico School District,5506630,703
WISCONSIN,Howards Grove School District,5506660,112
WISCONSIN,Hudson School District,5506690,694
WISCONSIN,Hurley School District,5506750,72
WISCONSIN,Hustisford School District,5506780,45
WISCONSIN,Independence School District,5506810,56
WISCONSIN,Iola-Scandinavia School District,5506840,77
WISCONSIN,Iowa-Grant School District,5506870,93
WISCONSIN,Ithaca School District,5506960,54
WISCONSIN,Janesville School District,5507020,1254
WISCONSIN,Jefferson School District,5507050,296
WISCONSIN,Johnson Creek School District,5507170,76
WISCONSIN,Juda School District,5507230,40
WISCONSIN,Dodgeland School District,5507260,139
WISCONSIN,Kaukauna Area School District,5507290,597
WISCONSIN,Kenosha School District,5507320,2523
WISCONSIN,Kewaskum School District,5507380,216
WISCONSIN,Kewaunee School District,5507410,153
WISCONSIN,Kiel Area School District,5507440,120
WISCONSIN,Kimberly Area School District,5507470,623
WISCONSIN,Kohler School District,5507500,45
WISCONSIN,La Crosse School District,5507530,907
WISCONSIN,La Farge School District,5507560,-8
WISCONSIN,Ladysmith School District,5507590,137
WISCONSIN,Lake Geneva J1 School District,5507620,228
WISCONSIN,Lake Geneva-Genoa City UHS School District,5507650,157
WISCONSIN,Lake Holcombe School District,5507680,48
WISCONSIN,Lake Mills Area School District,5507710,192
WISCONSIN,Lancaster Community School District,5507770,168
WISCONSIN,Laona School District,5507830,32
WISCONSIN,Lena School District,5507860,79
WISCONSIN,Linn J4 School District,5508040,19
WISCONSIN,Linn J6 School District,5508070,-8
WISCONSIN,Richmond School District,5508130,46
WISCONSIN,Little Chute Area School District,5508160,220
WISCONSIN,Lodi School District,5508190,200
WISCONSIN,Lomira School District,5508220,136
WISCONSIN,Loyal School District,5508250,-8
WISCONSIN,Luck School District,5508280,-8
WISCONSIN,Luxemburg-Casco School District,5508340,247
WISCONSIN,Madison Metropolitan School District,5508520,3667
WISCONSIN,Manawa School District,5508550,73
WISCONSIN,Manitowoc School District,5508610,839
WISCONSIN,Maple School District,5508640,194
WISCONSIN,Marathon City School District,5508670,82
WISCONSIN,Marinette School District,5508700,314
WISCONSIN,Marion School District,5508730,65
WISCONSIN,Markesan School District,5508760,99
WISCONSIN,Marshall School District,5508790,135
WISCONSIN,Marshfield Unified School District,5508820,508
WISCONSIN,Mauston School District,5508850,209
WISCONSIN,Mayville School District,5508880,117
WISCONSIN,McFarland School District,5508910,857
WISCONSIN,Medford Area Public School District,5508940,640
WISCONSIN,Mellen School District,5508970,-8
WISCONSIN,Melrose-Mindoro School District,5509000,112
WISCONSIN,Menasha Joint School District,5509030,537
WISCONSIN,Menomonee Falls School District,5509060,478
WISCONSIN,Menominee Indian School District,5509070,204
WISCONSIN,Menomonie Area School District,5509090,536
WISCONSIN,Mequon-Thiensville School District,5509130,311
WISCONSIN,Mercer School District,5509150,20
WISCONSIN,Merrill Area School District,5509210,507
WISCONSIN,Swallow School District,5509240,41
WISCONSIN,North Lake School District,5509300,25
WISCONSIN,Merton Community School District,5509360,70
WISCONSIN,Stone Bank School District,5509390,29
WISCONSIN,Middleton-Cross Plains Area School District,5509510,770
WISCONSIN,Milton School District,5509570,404
WISCONSIN,Milwaukee School District,5509600,12360
WISCONSIN,Lakeland UHS School District,5509630,117
WISCONSIN,Mineral Point Unified School District,5509660,95
WISCONSIN,Minocqua J1 School District,5509690,85
WISCONSIN,Northwood School District,5509720,49
WISCONSIN,Mishicot School District,5509750,138
WISCONSIN,Mondovi School District,5509780,123
WISCONSIN,Monona Grove School District,5509810,303
WISCONSIN,Monroe School District,5509840,302
WISCONSIN,Montello School District,5509870,-8
WISCONSIN,Monticello School District,5509900,-8
WISCONSIN,Mosinee School District,5509960,296
WISCONSIN,Mount Horeb Area School District,5509990,303
WISCONSIN,Mukwonago School District,5510060,530
WISCONSIN,Riverdale School District,5510140,133
WISCONSIN,Muskego-Norway School District,5510170,477
WISCONSIN,Necedah Area School District,5510230,142
WISCONSIN,Neenah Joint School District,5510320,1017
WISCONSIN,Neillsville School District,5510350,157
WISCONSIN,Nekoosa School District,5510380,151
WISCONSIN,New Auburn School District,5510440,-8
WISCONSIN,New Berlin School District,5510470,398
WISCONSIN,New Glarus School District,5510500,107
WISCONSIN,New Holstein School District,5510530,136
WISCONSIN,New Lisbon School District,5510560,96
WISCONSIN,New London School District,5510590,361
WISCONSIN,New Richmond School District,5510620,499
WISCONSIN,Niagara School District,5510680,66
WISCONSIN,Norris School District,5510710,21
WISCONSIN,North Fond du Lac School District,5510740,257
WISCONSIN,Norwalk-Ontario-Wilton School District,5510770,87
WISCONSIN,Norway J7 School District,5510800,-8
WISCONSIN,Oak Creek-Franklin Joint School District,5510830,671
WISCONSIN,Oakfield School District,5510860,60
WISCONSIN,Oconomowoc Area School District,5510890,602
WISCONSIN,Oconto Unified School District,5510920,145
WISCONSIN,Oconto Falls Public School District,5510950,264
WISCONSIN,Omro School District,5510980,141
WISCONSIN,Onalaska School District,5511010,355
WISCONSIN,Oostburg School District,5511070,104
WISCONSIN,Oregon School District,5511100,450
WISCONSIN,Parkview School District,5511130,105
WISCONSIN,Osceola School District,5511160,203
WISCONSIN,Oshkosh Area School District,5511190,1473
WISCONSIN,Osseo-Fairchild School District,5511220,150
WISCONSIN,Owen-Withee School District,5511310,75
WISCONSIN,Palmyra-Eagle Area School District,5511350,84
WISCONSIN,Pardeeville Area School District,5511370,74
WISCONSIN,Paris J1 School District,5511400,-8
WISCONSIN,Beecher-Dunbar-Pembine School District,5511550,52
WISCONSIN,Pepin Area School District,5511580,39
WISCONSIN,Peshtigo School District,5511610,136
WISCONSIN,Pewaukee School District,5511640,308
WISCONSIN,Phelps School District,5511710,11
WISCONSIN,Phillips School District,5511730,-8
WISCONSIN,Pittsville School District,5511790,66
WISCONSIN,Tri-County Area School District,5511820,111
WISCONSIN,Platteville School District,5511850,190
WISCONSIN,Plum City School District,5511880,-8
WISCONSIN,Plymouth Joint School District,5511940,291
WISCONSIN,Port Edwards School District,5511970,-8
WISCONSIN,Port Washington-Saukville School District,5512000,389
WISCONSIN,South Shore School District,5512030,-8
WISCONSIN,Portage Community School District,5512060,328
WISCONSIN,Potosi School District,5512090,47
WISCONSIN,Poynette School District,5512120,115
WISCONSIN,Prairie du Chien Area School District,5512150,144
WISCONSIN,Prairie Farm Public School District,5512180,69
WISCONSIN,Prentice School District,5512210,73
WISCONSIN,Prescott School District,5512240,178
WISCONSIN,Princeton School District,5512300,55
WISCONSIN,Pulaski Community School District,5512330,535
WISCONSIN,Racine Unified School District,5512360,2604
WISCONSIN,Randall J1 School District,5512390,74
WISCONSIN,Randolph School District,5512420,78
WISCONSIN,Random Lake School District,5512450,79
WISCONSIN,Raymond #14 School District,5512480,65
WISCONSIN,North Cape School District,5512510,-8
WISCONSIN,Kickapoo Area School District,5512540,68
WISCONSIN,Reedsburg School District,5512660,506
WISCONSIN,Reedsville School District,5512690,110
WISCONSIN,Rhinelander School District,5512720,304
WISCONSIN,Rib Lake School District,5512780,72
WISCONSIN,Rice Lake Area School District,5512810,332
WISCONSIN,Richland School District,5512960,192
WISCONSIN,Rio Community School District,5512990,69
WISCONSIN,Ripon Area School District,5513020,217
WISCONSIN,River Falls School District,5513050,409
WISCONSIN,Rosendale-Brandon School District,5513100,117
WISCONSIN,Rosholt School District,5513140,72
WISCONSIN,D C Everest Area School District,5513170,748
WISCONSIN,Saint Croix Falls School District,5513230,138
WISCONSIN,Saint Francis School District,5513260,156
WISCONSIN,Central/Westosha UHS School District,5513290,108
WISCONSIN,Salem School District,5513350,119
WISCONSIN,Sauk Prairie School District,5513410,312
WISCONSIN,Seneca Area School District,5513470,22
WISCONSIN,Sevastopol School District,5513500,-8
WISCONSIN,Seymour Community School District,5513530,243
WISCONSIN,Sharon J11 School District,5513560,46
WISCONSIN,Shawano School District,5513620,324
WISCONSIN,Sheboygan Area School District,5513650,1635
WISCONSIN,Sheboygan Falls School District,5513680,243
WISCONSIN,Shell Lake School District,5513710,85
WISCONSIN,Shiocton School District,5513770,95
WISCONSIN,Shorewood School District,5513800,203
WISCONSIN,Shullsburg School District,5513830,39
WISCONSIN,Silver Lake J1 School District,5513860,66
WISCONSIN,Siren School District,5513890,82
WISCONSIN,Slinger School District,5513950,259
WISCONSIN,Solon Springs School District,5513980,-8
WISCONSIN,Somerset School District,5514010,208
WISCONSIN,South Milwaukee School District,5514040,462
WISCONSIN,Southern Door County School District,5514130,135
WISCONSIN,Sparta Area School District,5514160,499
WISCONSIN,Spencer School District,5514190,86
WISCONSIN,Spooner Area School District,5514220,146
WISCONSIN,River Valley School District,5514250,171
WISCONSIN,Spring Valley School District,5514340,67
WISCONSIN,Stanley-Boyd Area School District,5514430,169
WISCONSIN,Stevens Point Area Public School District,5514490,1001
WISCONSIN,Stockbridge School District,5514520,-8
WISCONSIN,Stoughton Area School District,5514550,335
WISCONSIN,Stratford School District,5514580,102
WISCONSIN,Sturgeon Bay School District,5514610,178
WISCONSIN,Sun Prairie Area School District,5514640,1026
WISCONSIN,Superior School District,5514670,640
WISCONSIN,Suring Public School District,5514700,61
WISCONSIN,Thorp School District,5514820,-8
WISCONSIN,Three Lakes School District,5514850,88
WISCONSIN,Tigerton School District,5514880,-8
WISCONSIN,Tomah Area School District,5514910,546
WISCONSIN,Tomahawk School District,5514940,186
WISCONSIN,Flambeau School District,5514970,75
WISCONSIN,Turtle Lake School District,5515060,65
WISCONSIN,Twin Lakes #4 School District,5515090,43
WISCONSIN,Two Rivers Public School District,5515120,214
WISCONSIN,Union Grove UHS School District,5515150,88
WISCONSIN,Union Grove J1 School District,5515180,120
WISCONSIN,Valders Area School District,5515210,119
WISCONSIN,Verona Area School District,5515330,451
WISCONSIN,Viroqua Area School District,5515360,127
WISCONSIN,Wabeno Area School District,5515390,100
WISCONSIN,Walworth J1 School District,5515450,76
WISCONSIN,Big Foot UHS School District,5515480,64
WISCONSIN,Washburn School District,5515540,-8
WISCONSIN,Washington Island School District,5515570,-8
WISCONSIN,Waterford UHS School District,5515600,77
WISCONSIN,Waterford Graded J1 School District,5515660,186
WISCONSIN,Washington-Caldwell School District,5515700,20
WISCONSIN,Waterloo School District,5515720,83
WISCONSIN,Watertown Unified School District,5515750,559
WISCONSIN,Waukesha School District,5515780,1790
WISCONSIN,Waunakee Community School District,5515810,407
WISCONSIN,Waupaca School District,5515840,306
WISCONSIN,Waupun School District,5515870,289
WISCONSIN,Wausau School District,5515900,1142
WISCONSIN,Wausaukee School District,5515930,75
WISCONSIN,Wautoma Area School District,5515960,155
WISCONSIN,Wauwatosa School District,5515990,952
WISCONSIN,Wauzeka-Steuben School District,5516020,-8
WISCONSIN,Webster School District,5516230,106
WISCONSIN,West Allis-West Milwaukee School District,5516260,1044
WISCONSIN,West Bend School District,5516290,991
WISCONSIN,West De Pere School District,5516320,428
WISCONSIN,West Salem School District,5516350,209
WISCONSIN,Westby Area School District,5516410,127
WISCONSIN,Westfield School District,5516440,128
WISCONSIN,Weston School District,5516470,39
WISCONSIN,Weyauwega-Fremont School District,5516500,88
WISCONSIN,Wheatland J1 School District,5516560,72
WISCONSIN,White Lake School District,5516590,-8
WISCONSIN,Whitefish Bay School District,5516620,331
WISCONSIN,Whitehall School District,5516650,114
WISCONSIN,Whitewater Unified School District,5516680,368
WISCONSIN,Wild Rose School District,5516710,95
WISCONSIN,Williams Bay School District,5516740,80
WISCONSIN,Wilmot UHS School District,5516770,110
WISCONSIN,Winneconne Community School District,5516830,186
WISCONSIN,Winter School District,5516860,-8
WISCONSIN,Wisconsin Dells School District,5517040,205
WISCONSIN,Wisconsin Rapids School District,5517070,779
WISCONSIN,Wittenberg-Birnamwood School District,5517100,169
WISCONSIN,Wonewoc-Union Center School District,5517130,53
WISCONSIN,Woodruff J1 School District,5517160,53
WISCONSIN,Wrightstown Community School District,5517190,148
WISCONSIN,Yorkville J2 School District,5517220,43
WISCONSIN,"Central Sands Community High School, Inc",5517245,3
WISCONSIN,"Kenosha Schools of Technology Enhanced Curriculum, Inc.",5517246,10
WYOMING,Cathedral Home for Children - Administration Office,5600009,0
WYOMING,Saint Joseph's Children's Home - Administration Office,5600010,0
WYOMING,Red Top Meadows - Administration Office,5600015,0
WYOMING,Northwest Wyoming BOCES,5600016,0
WYOMING,Albany County School District #1,5600730,582
WYOMING,Fremont County School District #38,5600960,107
WYOMING,Carbon County School District #1,5601030,231
WYOMING,Big Horn County School District #4,5601090,64
WYOMING,Sublette County School District #9,5601260,73
WYOMING,Big Horn County School District #1,5601420,199
WYOMING,Big Horn County School District #2,5601460,96
WYOMING,Campbell County School District #1,5601470,1040
WYOMING,Carbon County School District #2,5601700,128
WYOMING,Laramie County School District #1,5601980,2011
WYOMING,Park County School District # 6,5602070,319
WYOMING,Converse County School District #1,5602140,297
WYOMING,Converse County School District #2,5602150,118
WYOMING,Crook County School District #1,5602370,188
WYOMING,Fremont County School District # 2,5602670,14
WYOMING,Uinta County School District #1,5602760,458
WYOMING,Fremont County School District #21,5602820,107
WYOMING,Fremont County School District # 6,5602830,51
WYOMING,Fremont County School District # 1,5602870,267
WYOMING,Goshen County School District #1,5602990,249
WYOMING,Big Horn County School District #3,5603170,96
WYOMING,Platte County School District #2,5603180,30
WYOMING,Hot Springs County School District #1,5603310,96
WYOMING,Johnson County School District #1,5603770,150
WYOMING,Lincoln County School District #1,5604030,102
WYOMING,Lincoln County School District #2,5604060,409
WYOMING,Laramie County School District #2,5604120,193
WYOMING,Niobrara County School District #1,5604230,152
WYOMING,Uinta County School District #6,5604260,125
WYOMING,Park County School District #16,5604380,7
WYOMING,Fremont County School District #14,5604450,102
WYOMING,Uinta County School District #4,5604500,107
WYOMING,Natrona County School District #1,5604510,2222
WYOMING,Weston County School District #1,5604830,140
WYOMING,Sublette County School District #1,5604860,156
WYOMING,Platte County School District #1,5605090,119
WYOMING,Park County School District # 1,5605160,288
WYOMING,Fremont County School District #25,5605220,520
WYOMING,Sweetwater County School District #1,5605302,870
WYOMING,Sheridan County School District #3,5605680,18
WYOMING,Sheridan County School District #1,5605690,146
WYOMING,Sheridan County School District #2,5605695,389
WYOMING,Fremont County School District #24,5605700,68
WYOMING,Sweetwater County School District #2,5605762,413
WYOMING,Washakie County School District #2,5605820,14
WYOMING,Teton County School District #1,5605830,297
WYOMING,Weston County School District #7,5606090,45
WYOMING,Washakie County School District #1,5606240,199
WYOMING,Northeast Wyoming BOCES,5680180,0
WYOMING,BOCES 5,5680250,0
WYOMING,Wyoming Department of Family Services,5680251,0
WYOMING,"Youth Emergency Services, Inc. - Administration Office",5680252,0
WYOMING,Wyoming Behavioral Institute - Administration Office,5680253,0
WYOMING,Rite of Passage,5680255,0
