state,district,dist_id,sped_enroll_fy20
ALABAMA,Alabama Youth Services,0100002,36
ALABAMA,Albertville City,0100005,455
ALABAMA,Marshall County,0100006,848
ALABAMA,Hoover City,0100007,1333
ALABAMA,Madison City,0100008,1385
ALABAMA,Al Inst Deaf And Blind,0100009,386
ALABAMA,Leeds City,0100011,287
ALABAMA,Boaz City,0100012,200
ALABAMA,Trussville City,0100013,455
ALABAMA,SafetyNet Academy Minter,0100015,42
ALABAMA,Bryce Adolescent School,0100016,NA
ALABAMA,Alabama School of Fine Arts,0100018,NA
ALABAMA,United Ability,0100019,19
ALABAMA,Boyd School,0100020,3
ALABAMA,BrewerPorch Childrens Center,0100021,29
ALABAMA,Sequel TSI Courtland LLC,0100022,21
ALABAMA,Sequel TSI Madison LLC,0100023,NA
ALABAMA,Sequel TSI New Beginnings LLC,0100024,9
ALABAMA,Sequel TSI Tuskegee LLC,0100026,16
ALABAMA,Triwill Portacras,0100028,4
ALABAMA,Alexander City,0100030,468
ALABAMA,Glenwood Mental Health Service,0100033,41
ALABAMA,The Little Tree Preschool  Auburn,0100035,87
ALABAMA,Lee County Youth Development Center,0100036,24
ALABAMA,BayPointe Residential Services,0100037,14
ALABAMA,Pathway Inc,0100038,41
ALABAMA,Presbyterian Home for Children,0100039,4
ALABAMA,Brantwood Childrens Home,0100040,4
ALABAMA,Developing Alabama Youth Prog,0100041,NA
ALABAMA,Laurel Oaks Behavioral Health Center,0100042,43
ALABAMA,Southeastern Psychiaric Management Inc,0100043,15
ALABAMA,Andalusia City,0100060,279
ALABAMA,Anniston City,0100090,229
ALABAMA,Arab City,0100100,280
ALABAMA,Athens City,0100120,551
ALABAMA,POINTE Academy LLC,0100175,25
ALABAMA,JF Ingram State Technical College,0100176,38
ALABAMA,Higdon Hill School,0100178,38
ALABAMA,Attalla City,0100180,177
ALABAMA,Alabama Clinical Schools,0100183,39
ALABAMA,Saraland City,0100185,355
ALABAMA,Father Purcell Center,0100186,10
ALABAMA,Montgomery Childrens Specialty Center,0100187,5
ALABAMA,Chickasaw City,0100188,227
ALABAMA,Satsuma City,0100189,177
ALABAMA,Alabaster City,0100190,670
ALABAMA,Evergreen School,0100191,3
ALABAMA,Montgomery Public Schools MPS Classroom McInnis,0100192,6
ALABAMA,Pelham City,0100194,334
ALABAMA,Pike Road City,0100195,188
ALABAMA,Acceleration Day and Evening Academy,0100197,42
ALABAMA,Sequel TSI Montgomery LLC,0100198,3
ALABAMA,University Charter School,0100199,36
ALABAMA,East Alabama Academy,0100200,3
ALABAMA,Legacy Prep,0100201,8
ALABAMA,Gulf Shores City,0100202,223
ALABAMA,LEAD Academy,0100203,19
ALABAMA,Auburn City,0100210,989
ALABAMA,Autauga County,0100240,1067
ALABAMA,Baldwin County,0100270,4670
ALABAMA,Barbour County,0100300,87
ALABAMA,Bessemer City,0100330,410
ALABAMA,Bibb County,0100360,458
ALABAMA,Birmingham City,0100390,2814
ALABAMA,Blount County,0100420,991
ALABAMA,Brewton City,0100450,132
ALABAMA,Bullock County,0100480,151
ALABAMA,Butler County,0100510,348
ALABAMA,Calhoun County,0100540,1225
ALABAMA,Chambers County,0100600,622
ALABAMA,Cherokee County,0100630,518
ALABAMA,Chilton County,0100660,850
ALABAMA,Choctaw County,0100690,161
ALABAMA,Clarke County,0100720,290
ALABAMA,Clay County,0100750,222
ALABAMA,Cleburne County,0100780,291
ALABAMA,Coffee County,0100810,273
ALABAMA,Colbert County,0100840,456
ALABAMA,Conecuh County,0100870,181
ALABAMA,Coosa County,0100900,124
ALABAMA,Covington County,0100930,462
ALABAMA,Crenshaw County,0100960,330
ALABAMA,Cullman City,0100990,343
ALABAMA,Cullman County,0101020,1501
ALABAMA,Dale County,0101050,273
ALABAMA,Daleville City,0101080,139
ALABAMA,Dallas County,0101110,446
ALABAMA,DeKalb County,0101140,1053
ALABAMA,Decatur City,0101170,1212
ALABAMA,Demopolis City,0101200,146
ALABAMA,Dothan City,0101230,1324
ALABAMA,Elba City,0101260,76
ALABAMA,Elmore County,0101290,1540
ALABAMA,Enterprise City,0101320,589
ALABAMA,Escambia County,0101350,543
ALABAMA,Etowah County,0101380,1059
ALABAMA,Eufaula City,0101410,795
ALABAMA,Fairfield City,0101440,208
ALABAMA,Fayette County,0101470,278
ALABAMA,Florence City,0101530,588
ALABAMA,Fort Payne City,0101560,225
ALABAMA,Franklin County,0101590,543
ALABAMA,Gadsden City,0101620,750
ALABAMA,Geneva City,0101640,141
ALABAMA,Geneva County,0101660,412
ALABAMA,Greene County,0101680,86
ALABAMA,Guntersville City,0101690,137
ALABAMA,Hale County,0101710,198
ALABAMA,Haleyville City,0101720,201
ALABAMA,Hartselle City,0101730,500
ALABAMA,Henry County,0101740,331
ALABAMA,Homewood City,0101760,316
ALABAMA,Houston County,0101770,819
ALABAMA,Huntsville City,0101800,3151
ALABAMA,Jackson County,0101830,653
ALABAMA,Jacksonville City,0101860,214
ALABAMA,Jasper City,0101890,375
ALABAMA,Jefferson County,0101920,5185
ALABAMA,Lamar County,0101950,380
ALABAMA,Lanett City,0101980,122
ALABAMA,Lauderdale County,0102010,1068
ALABAMA,Lawrence County,0102040,767
ALABAMA,Lee County,0102070,1375
ALABAMA,Limestone County,0102100,1273
ALABAMA,Linden City,0102130,64
ALABAMA,Lowndes County,0102160,168
ALABAMA,Macon County,0102190,176
ALABAMA,Madison County,0102220,2404
ALABAMA,Marengo County,0102250,148
ALABAMA,Marion County,0102310,449
ALABAMA,Midfield City,0102350,148
ALABAMA,Mobile County,0102370,8360
ALABAMA,Monroe County,0102400,434
ALABAMA,Montgomery County,0102430,2928
ALABAMA,Morgan County,0102480,1057
ALABAMA,Mountain Brook City,0102490,484
ALABAMA,Muscle Shoals City,0102520,338
ALABAMA,Oneonta City,0102550,125
ALABAMA,Opelika City,0102580,517
ALABAMA,Opp City,0102610,224
ALABAMA,Oxford City,0102635,546
ALABAMA,Ozark City,0102640,293
ALABAMA,Pell City,0102650,451
ALABAMA,Perry County,0102670,208
ALABAMA,Phenix City,0102700,707
ALABAMA,Pickens County,0102730,353
ALABAMA,Piedmont City,0102760,159
ALABAMA,Pike County,0102790,361
ALABAMA,Randolph County,0102820,304
ALABAMA,Roanoke City,0102850,159
ALABAMA,Russell County,0102880,427
ALABAMA,Russellville City,0102910,212
ALABAMA,Scottsboro City,0102940,298
ALABAMA,Selma City,0102970,303
ALABAMA,Sheffield City,0103000,170
ALABAMA,Shelby County,0103030,2288
ALABAMA,St Clair County,0103062,1437
ALABAMA,Sumter County,0103090,169
ALABAMA,Sylacauga City,0103120,250
ALABAMA,Talladega City,0103150,272
ALABAMA,Talladega County,0103180,942
ALABAMA,Tallapoosa County,0103210,429
ALABAMA,Tallassee City,0103240,256
ALABAMA,Tarrant City,0103270,161
ALABAMA,Thomasville City,0103300,150
ALABAMA,Troy City,0103330,241
ALABAMA,Tuscaloosa City,0103360,1385
ALABAMA,Tuscaloosa County,0103390,2941
ALABAMA,Tuscumbia City,0103420,168
ALABAMA,Vestavia Hills City,0103430,619
ALABAMA,Walker County,0103450,1081
ALABAMA,Washington County,0103480,368
ALABAMA,Wilcox County,0103510,138
ALABAMA,Winfield City,0103540,122
ALABAMA,Winston County,0103580,348
ALASKA,Lower Kuskokwim School District,0200001,524
ALASKA,Lower Yukon School District,0200003,253
ALASKA,Yupiit School District,0200004,60
ALASKA,Kashunamiut School District,0200005,34
ALASKA,Mount Edgecumbe High School Agency,0200006,21
ALASKA,Aleutians East Borough School District,0200007,40
ALASKA,Aleutian Region School District,0200010,3
ALASKA,Bering Strait School District,0200020,200
ALASKA,Bristol Bay Borough School District,0200030,20
ALASKA,Alaska Gateway School District,0200050,71
ALASKA,Cordova City School District,0200060,47
ALASKA,Copper River School District,0200070,78
ALASKA,Craig City School District,0200090,78
ALASKA,Delta-Greely School District,0200100,96
ALASKA,Dillingham City School District,0200120,71
ALASKA,Galena City School District,0200130,317
ALASKA,Ketchikan Gateway Borough School District,0200150,369
ALASKA,Anchorage School District,0200180,7109
ALASKA,Juneau Borough School District,0200210,908
ALASKA,Sitka School District,0200240,158
ALASKA,Haines Borough School District,0200270,48
ALASKA,Hoonah City School District,0200300,27
ALASKA,Hydaburg City School District,0200330,16
ALASKA,Kake City School District,0200360,20
ALASKA,Kenai Peninsula Borough School District,0200390,1736
ALASKA,Klawock City School District,0200450,23
ALASKA,Kodiak Island Borough School District,0200480,295
ALASKA,Lake and Peninsula Borough School District,0200485,62
ALASKA,Matanuska-Susitna Borough School District,0200510,2652
ALASKA,Iditarod Area School District,0200520,42
ALASKA,Annette Island School District,0200525,62
ALASKA,Nenana City School District,0200540,138
ALASKA,Nome Public Schools,0200570,80
ALASKA,Fairbanks North Star Borough School District,0200600,2368
ALASKA,North Slope Borough School District,0200610,228
ALASKA,Northwest Arctic Borough School District,0200625,295
ALASKA,Pelican City School District,0200630,3
ALASKA,Petersburg Borough School District,0200660,68
ALASKA,Pribilof School District,0200670,10
ALASKA,Saint Mary's School District,0200680,27
ALASKA,Skagway School District,0200690,16
ALASKA,Southeast Island School District,0200700,33
ALASKA,Southwest Region School District,0200710,117
ALASKA,Tanana City School District,0200715,9
ALASKA,Unalaska City School District,0200720,14
ALASKA,Chatham School District,0200730,24
ALASKA,Kuspuk School District,0200760,48
ALASKA,Denali Borough School District,0200770,68
ALASKA,Yukon Flats School District,0200775,55
ALASKA,Valdez City School District,0200780,107
ALASKA,Chugach School District,0200800,32
ALASKA,Wrangell Public School District,0200810,45
ALASKA,Yakutat School District,0200840,23
ALASKA,Yukon-Koyukuk School District,0200862,226
ARIZONA,Cave Creek Unified District (4244),0400001,846
ARIZONA,Chino Valley Unified District (4474),0400003,395
ARIZONA,Clarkdale-Jerome Elementary District (4486),0400004,54
ARIZONA,Salome Consolidated Elementary District (4514),0400005,19
ARIZONA,Center for Academic Success Inc. (4191),0400016,66
ARIZONA,Pine Forest Education Association Inc. (4201),0400018,23
ARIZONA,Flagstaff Arts And Leadership Academy (4202),0400019,45
ARIZONA,Flagstaff Montessori L.L.C. (4205),0400020,17
ARIZONA,Colorado City Unified District (4370),0400021,159
ARIZONA,Vernon Elementary District (4162),0400022,31
ARIZONA,Pinon Unified District (4390),0400023,137
ARIZONA,Heber-Overgaard Unified District (4392),0400026,72
ARIZONA,Triumphant Learning Center (4225),0400028,20
ARIZONA,Ridgeline Academy Inc. (4301),0400031,48
ARIZONA,Boys & Girls Clubs of the East Valley dba Mesa Art (4305),0400033,30
ARIZONA,Reid Traditional Schools' Valley Academy Inc. (4306),0400034,21
ARIZONA,Foothills Academy (4309),0400036,8
ARIZONA,Twenty First Century Charter School Inc. Bennett  (4310),0400037,29
ARIZONA,STEP UP Schools Inc. (4313),0400040,8
ARIZONA,Maricopa County Community College District dba Gat (4314),0400041,19
ARIZONA,New School For The Arts (4316),0400043,19
ARIZONA,Salt River Pima-Maricopa  Community Schools (4320),0400047,51
ARIZONA,Espiritu Community Development Corp. (4335),0400052,47
ARIZONA,Heritage Academy Inc. (4336),0400053,58
ARIZONA,Villa Montessori Charter School (4339),0400054,43
ARIZONA,EduPreneurship Inc. (4341),0400055,6
ARIZONA,Arizona School For The Arts (4345),0400056,37
ARIZONA,Arizona Call-a-Teen Youth Resources Inc. (4346),0400057,4
ARIZONA,Intelli-School Inc. (4352),0400061,16
ARIZONA,Benjamin Franklin Charter School - Queen Creek (4355),0400065,248
ARIZONA,Victory High School Inc. (4358),0400067,3
ARIZONA,Montessori Day Public Schools Chartered Inc. (4359),0400068,25
ARIZONA,Khalsa Montessori Elementary Schools (4360),0400069,8
ARIZONA,Tempe Preparatory Academy (4361),0400070,16
ARIZONA,Bright Beginnings School Inc. (4362),0400071,14
ARIZONA,Montessori Education Centre Charter School (4363),0400072,48
ARIZONA,Kingman Academy Of Learning (4383),0400074,129
ARIZONA,Young Scholars Academy Charter School Corp. (4385),0400075,57
ARIZONA,Career Development Inc. (4400),0400077,18
ARIZONA,Edge School Inc. The (4421),0400078,44
ARIZONA,Tucson Youth Development/ACE Charter High School (4422),0400079,23
ARIZONA,Presidio School (4425),0400081,38
ARIZONA,Colorado River Union High School District (4381),0400082,225
ARIZONA,Portable Practical Educational Preparation Inc. ( (4431),0400083,74
ARIZONA,Sedona Charter School Inc. (4492),0400089,15
ARIZONA,Mingus Springs Charter School (4493),0400090,32
ARIZONA,Franklin Phonetic Primary School Inc. (4495),0400092,76
ARIZONA,Skyview School Inc. (4496),0400093,38
ARIZONA,Az-Tec High School (4508),0400094,15
ARIZONA,Yuma Private Industry Council Inc. (4509),0400095,12
ARIZONA,Mountain School Inc. (4203),0400096,24
ARIZONA,Northland Preparatory Academy (4204),0400097,57
ARIZONA,Flagstaff Junior Academy (4207),0400098,30
ARIZONA,Liberty High School (4216),0400099,18
ARIZONA,Ball Charter Schools (Hearn) (4294),0400100,60
ARIZONA,Friendly House Inc. (4303),0400102,30
ARIZONA,Ombudsman Educational Services Ltd.a subsidiary  (4323),0400103,205
ARIZONA,Arizona Agribusiness & Equine Center Inc. (4331),0400106,25
ARIZONA,International Commerce Secondary Schools Inc. (4334),0400107,26
ARIZONA,Humanities and Sciences Academy of the United Stat (4337),0400108,22
ARIZONA,Phoenix Advantage Charter School Inc. (4338),0400109,19
ARIZONA,Allen-Cochran Enterprises Inc. (4347),0400111,47
ARIZONA,American Leadership Academy Inc. (4348),0400112,970
ARIZONA,Fountain Hills Charter School (4356),0400113,9
ARIZONA,Hermosa Montessori Charter School (4426),0400115,45
ARIZONA,Arizona Department of Corrections (8336),0400120,97
ARIZONA,Accelerated Learning Center Inc. (4297),0400121,17
ARIZONA,Acclaim Charter School (4325),0400122,41
ARIZONA,Genesis Program Inc. (4332),0400124,9
ARIZONA,Montessori Schoolhouse of Tucson Inc. (4428),0400126,NA
ARIZONA,Accelerated Elementary and Secondary Schools (6364),0400129,21
ARIZONA,Edkey Inc. dba American Heritage Academy  (6365),0400130,34
ARIZONA,The Charter Foundation Inc. (6355),0400131,57
ARIZONA,BASIS Charter Schools Inc. (6361),0400134,35
ARIZONA,Challenge School Inc. (6362),0400135,31
ARIZONA,Discovery Plus Academy (6357),0400141,23
ARIZONA,Florence Crittenton Services of Arizona Inc. (4300),0400144,20
ARIZONA,Gem Charter School Inc. (6372),0400145,3
ARIZONA,Ha:san Educational Services (6369),0400147,40
ARIZONA,Kaizen Education Foundation dba El Dorado High Sch (4342),0400149,63
ARIZONA,Mexicayotl Academy Inc. (4463),0400150,14
ARIZONA,New Horizon School for the Performing Arts (4366),0400151,24
ARIZONA,Phoenix School of Academic Excellence The (6379),0400153,4
ARIZONA,Shonto Governing Board of Education Inc. (6353),0400154,10
ARIZONA,Edkey Inc. - Sequoia Choice Schools (4329),0400157,120
ARIZONA,Tucson Preparatory School (6374),0400159,31
ARIZONA,Vision Charter School Inc. (4430),0400160,3
ARIZONA,Coconino County Accommodation School District (10386),0400163,16
ARIZONA,Keystone Montessori Charter School Inc. (10878),0400165,44
ARIZONA,Benchmark School Inc. (10972),0400181,55
ARIZONA,Cambridge Academy  East  Inc (78888),0400182,64
ARIZONA,Ball Charter Schools (Dobson) (79204),0400184,70
ARIZONA,Phoenix Education Management LLC (4340),0400185,61
ARIZONA,Stepping Stones Academy (10966),0400187,37
ARIZONA,Liberty Traditional Charter School (10968),0400190,41
ARIZONA,Fit Kids Inc. dba Champion Schools (78783),0400191,117
ARIZONA,Northern Arizona Vocational Institute of Technolog (78786),0400197,NA
ARIZONA,Pima County (4420),0400201,18
ARIZONA,Academy of Tucson Inc. (78897),0400202,46
ARIZONA,Mountain Rose Academy Inc. (10879),0400204,50
ARIZONA,Great Expectations Academy (10974),0400205,43
ARIZONA,Mountain Oak Charter School Inc. (78873),0400208,21
ARIZONA,Park View School Inc. (10970),0400209,29
ARIZONA,Painted Pony Ranch Charter School (10967),0400210,12
ARIZONA,Mary Ellen Halvorson Educational Foundation. dba:  (10965),0400211,8
ARIZONA,Benson Unified School District (79226),0400212,220
ARIZONA,Painted Desert Demonstration Projects Inc. (79086),0400213,21
ARIZONA,Little Lamb Community School (79050),0400217,29
ARIZONA,American Basic Schools LLC (79215),0400218,66
ARIZONA,Career Success Schools (79047),0400219,48
ARIZONA,Kaizen Education Foundation dba South Pointe Eleme (79233),0400221,25
ARIZONA,Daisy Education Corporation dba Sonoran Science Ac (79049),0400223,64
ARIZONA,Horizon Community Learning Center Inc. (79264),0400225,56
ARIZONA,Kaizen Education Foundation dba South Pointe Junio (78965),0400227,24
ARIZONA,Milestones Charter School (79207),0400229,21
ARIZONA,Pathfinder Charter School Foundation (79024),0400230,30
ARIZONA,James Madison Preparatory School (79063),0400231,26
ARIZONA,Self Development Charter School (79072),0400232,39
ARIZONA,Excalibur Charter Schools Inc. (79214),0400235,34
ARIZONA,Paramount Education Studies Inc (79205),0400237,10
ARIZONA,Metropolitan Arts Institute Inc. (5181),0400238,19
ARIZONA,P.L.C. Charter Schools (6235),0400239,96
ARIZONA,Paragon Management Inc. (5180),0400241,276
ARIZONA,Skyline Schools Inc. (79084),0400243,16
ARIZONA,Edkey Inc. - Sequoia Charter School (6446),0400244,115
ARIZONA,Edkey Inc. - Sequoia Village School (79211),0400246,68
ARIZONA,Telesis Center for Learning Inc. (79218),0400248,33
ARIZONA,Southern Arizona Community Academy Inc. (79000),0400254,14
ARIZONA,Tucson Country Day School Inc. (79073),0400255,87
ARIZONA,Carden of Tucson Inc. (78858),0400258,10
ARIZONA,Southgate Academy Inc. (79085),0400259,55
ARIZONA,Eastpointe High School Inc. (78833),0400261,89
ARIZONA,Patagonia Montessori Elementary School (79069),0400263,3
ARIZONA,Santa Cruz Valley Opportunities in Education Inc. (79066),0400264,13
ARIZONA,PACE Preparatory Academy Inc. (79068),0400266,6
ARIZONA,Kestrel Schools Inc. (79065),0400267,3
ARIZONA,Juniper Tree Academy (79064),0400268,87
ARIZONA,GAR LLC dba Student Choice High School (78997),0400273,134
ARIZONA,AIBT Non-Profit Charter High School - Phoenix (79053),0400274,13
ARIZONA,Highland Free School (79061),0400275,6
ARIZONA,Academy with Community Partners  Inc (79213),0400276,10
ARIZONA,Deer Valley Charter Schools Inc. (79496),0400278,3
ARIZONA,West Gilbert Charter Elementary School Inc. (79497),0400279,18
ARIZONA,Mohave Accelerated Learning Center (79498),0400280,48
ARIZONA,Masada Charter School Inc. (79499),0400281,127
ARIZONA,Harvest Power Community Development Group Inc. (79501),0400282,118
ARIZONA,Omega Alpha Academy (79503),0400284,20
ARIZONA,Montessori House Inc. d.b.a. Lehi Montessori  (79548),0400285,6
ARIZONA,Premier Charter High School (79569),0400288,12
ARIZONA,Pan-American Elementary Charter (79578),0400290,66
ARIZONA,Kingman Unified School District (79598),0400295,1257
ARIZONA,North Star Charter School Inc. (79701),0400303,94
ARIZONA,Calibre Academy (79055),0400310,38
ARIZONA,E-Institute Charter Schools Inc. (79059),0400311,69
ARIZONA,Yavapai Accommodation School District (79379),0400315,21
ARIZONA,Cobre Valley Institute of Technology District (79391),0400316,NA
ARIZONA,Khalsa Family Services (79420),0400317,20
ARIZONA,Aprender Tucson (79426),0400318,41
ARIZONA,Acorn Montessori Charter School (79437),0400320,74
ARIZONA,Pinnacle Education-WMCB Inc. (79439),0400321,5
ARIZONA,Desert Rose AcademyInc. (79441),0400322,29
ARIZONA,Crown Charter School Inc (79443),0400323,18
ARIZONA,Success School (79453),0400326,112
ARIZONA,Pointe Schools (79455),0400327,70
ARIZONA,A Center for Creative Education (79457),0400328,6
ARIZONA,American Virtual Academy (79461),0400329,526
ARIZONA,Compass High School Inc. (79467),0400330,82
ARIZONA,James Sandoval Preparatory High School (79475),0400332,3
ARIZONA,Destiny School Inc. (6258),0400339,28
ARIZONA,Noah Webster Schools - Mesa (10760),0400340,77
ARIZONA,Valley Academy for Career and Technology Education (79397),0400341,NA
ARIZONA,Griffin Foundation Inc. The (79500),0400343,24
ARIZONA,Cochise Technology District (79403),0400345,NA
ARIZONA,Coconino Association for Vocation Industry and Tec (79381),0400347,NA
ARIZONA,Central Arizona Valley Institute of Technology (79385),0400348,NA
ARIZONA,Gila Institute for Technology (79387),0400349,NA
ARIZONA,PEAK School Inc. The (79866),0400350,6
ARIZONA,Kaizen Education Foundation dba Vista Grove Prepar (79871),0400351,5
ARIZONA,American Charter Schools Foundation d.b.a. Estrell (79873),0400352,15
ARIZONA,American Charter Schools Foundation d.b.a. Peoria  (79875),0400353,59
ARIZONA,American Charter Schools Foundation d.b.a. Sun Val (79877),0400354,37
ARIZONA,American Charter Schools Foundation d.b.a. West Ph (79879),0400355,35
ARIZONA,Nosotros Inc (79881),0400356,25
ARIZONA,American Charter Schools Foundation d.b.a. Apache  (79883),0400357,21
ARIZONA,Challenger Basic School Inc. (79886),0400359,14
ARIZONA,Arizona Community Development Corporation (79947),0400361,216
ARIZONA,SC Jensen Corporation Inc. dba Intelli-School (79951),0400363,16
ARIZONA,PAS Charter Inc. dba Intelli-School (79953),0400364,42
ARIZONA,Valley of the Sun Waldorf Education Association d (79957),0400366,55
ARIZONA,Pima Prevention Partnership dba Pima Partnership S (79959),0400367,34
ARIZONA,Academy of Mathematics and Science Inc. (79961),0400368,37
ARIZONA,Midtown Primary School (79994),0400370,11
ARIZONA,Tucson International Academy Inc. (79979),0400373,85
ARIZONA,Bell Canyon Charter School Inc (79983),0400374,28
ARIZONA,Cortez Park Charter Middle School Inc. (79988),0400376,15
ARIZONA,West Gilbert Charter Middle School Inc. (79990),0400377,15
ARIZONA,Carpe Diem Collegiate High School (80001),0400381,34
ARIZONA,CPLC Community Schools dba Toltecalli High School (80032),0400382,18
ARIZONA,American Charter Schools Foundation d.b.a. Desert  (79872),0400384,38
ARIZONA,American Charter Schools Foundation d.b.a. Crestvi (79874),0400385,31
ARIZONA,Kaizen Education Foundation dba Summit High School (79876),0400386,31
ARIZONA,Kaizen Education Foundation dba Tempe Accelerated  (79878),0400387,16
ARIZONA,Kaizen Education Foundation dba Skyview High Schoo (79880),0400388,24
ARIZONA,Kaizen Education Foundation dba Maya High School (79882),0400389,47
ARIZONA,Camelback Education Inc (79905),0400390,73
ARIZONA,Vista Charter School (79907),0400391,NA
ARIZONA,Lifelong Learning Research Institute Inc. (79926),0400393,12
ARIZONA,Avondale Learning dba Precision Academy (79929),0400394,NA
ARIZONA,LEAD Charter Schools (79967),0400395,89
ARIZONA,All Aboard Charter School (79969),0400396,13
ARIZONA,CAFA Inc. dba Learning Foundation Performing Arts (79971),0400397,12
ARIZONA,Montessori Academy Inc. (80011),0400399,17
ARIZONA,New World Educational Center (78882),0400401,29
ARIZONA,Cholla Academy (5186),0400402,78
ARIZONA,Akimel O Otham Pee Posh Charter School Inc. (5978),0400403,3
ARIZONA,Akimel O'Otham Pee Posh Charter School Inc. (78966),0400404,NA
ARIZONA,Cornerstone Charter SchoolInc (79077),0400405,24
ARIZONA,Happy Valley School Inc. (79081),0400406,32
ARIZONA,CITY Center for Collaborative Learning (85448),0400407,68
ARIZONA,Satori Inc. (85454),0400409,26
ARIZONA,Mohave Accelerated Elementary School Inc. (85516),0400413,46
ARIZONA,Academy of Building Industries Inc. (85540),0400414,22
ARIZONA,Arizona Montessori Charter School at Anthem (85749),0400415,78
ARIZONA,Arizona Agribusiness & Equine Center Inc. (85816),0400417,27
ARIZONA,Gila County Regional School District (87600),0400419,3
ARIZONA,Pillar Charter School (87334),0400420,3
ARIZONA,Legacy Education Group (87349),0400423,33
ARIZONA,Rosefield Charter Elementary School Inc. (87399),0400424,69
ARIZONA,East Mesa Charter Elementary School Inc. (87401),0400425,56
ARIZONA,Arizona Agribusiness & Equine Center Inc. (87403),0400426,6
ARIZONA,Arizona Connections Academy Charter School Inc. (87407),0400427,304
ARIZONA,Country Gardens Charter Schools (79074),0400429,41
ARIZONA,Portable Practical Educational Preparation Inc. ( (87405),0400432,873
ARIZONA,Imagine Charter Elementary at Desert West Inc. (88367),0400438,53
ARIZONA,Desert Star Community School Inc. (88321),0400439,17
ARIZONA,Chandler Preparatory Academy (88299),0400440,24
ARIZONA,Imagine Middle at Surprise Inc. (88372),0400441,52
ARIZONA,Imagine Middle at East Mesa Inc. (88369),0400442,16
ARIZONA,Prescott Valley Charter School (88317),0400444,53
ARIZONA,Imagine Charter Elementary at Camelback Inc. (88365),0400445,22
ARIZONA,American Charter Schools Foundation d.b.a. South R (88334),0400447,26
ARIZONA,Desert Sky Community School Inc. (88308),0400448,3
ARIZONA,Agua Fria Union High School District (4289),0400450,914
ARIZONA,Pinal County Juvenile Detention (79534),0400453,4
ARIZONA,ARIZONA STATE HOSPITAL (6415),0400455,NA
ARIZONA,Cochise County Juvenile Detention (79462),0400457,3
ARIZONA,Yuma County Juvenile Justice Center (79524),0400458,5
ARIZONA,Maricopa County Sheriffs Office (79540),0400459,17
ARIZONA,Yavapai County Juvenile Justice Center (79533),0400460,9
ARIZONA,Mohave County Juvenile Detention (79589),0400461,NA
ARIZONA,Ray of Light Academy (79590),0400462,3
ARIZONA,Arizona State Schools for the Deaf and the Blind (6393),0400463,1019
ARIZONA,Aguila Elementary District (4249),0400480,25
ARIZONA,Ajo Unified District (4409),0400520,46
ARIZONA,Alhambra Elementary District (4280),0400600,1415
ARIZONA,BASIS Charter Schools Inc. (81078),0400608,10
ARIZONA,Desert Heights Charter Schools (81099),0400610,80
ARIZONA,Northeast Arizona Technological Institute of Vocat (81114),0400612,NA
ARIZONA,Educational Impact Inc. (81123),0400613,23
ARIZONA,MCCCD on behalf of Phoenix College Preparatory Aca (81174),0400614,10
ARIZONA,West-MEC - Western Maricopa Education Center (80923),0400615,NA
ARIZONA,New School for the Arts Middle School (80985),0400616,5
ARIZONA,American Charter Schools Foundation d.b.a. South P (80989),0400618,63
ARIZONA,American Charter Schools Foundation d.b.a. Alta Vi (80995),0400619,61
ARIZONA,Pinnacle Education-Tempe Inc. (81001),0400621,36
ARIZONA,Pinnacle Education-Kino Inc. (81009),0400625,3
ARIZONA,Pinnacle Education-Casa Grande Inc. (81011),0400626,7
ARIZONA,Alpine Elementary District (4161),0400630,12
ARIZONA,Cochise Community Development Corporation (81027),0400632,69
ARIZONA,Canyon Rose Academy Inc. (81029),0400633,53
ARIZONA,Blueprint Education (81041),0400636,82
ARIZONA,Edkey Inc. - Redwood Academy (81043),0400637,22
ARIZONA,Edkey Inc. - Pathfinder Academy (81045),0400638,69
ARIZONA,Edkey Inc. - Sequoia School for the Deaf and Hard (81050),0400640,110
ARIZONA,Edkey Inc. - Sequoia Ranch School (81052),0400641,35
ARIZONA,Heritage Elementary School (81076),0400649,103
ARIZONA,Integrity Education Incorporated (5174),0400650,6
ARIZONA,Edkey Inc. - Arizona Conservatory for Arts and Ac (79981),0400653,33
ARIZONA,Veritas Preparatory Academy (80992),0400655,36
ARIZONA,RSD Charter School Inc. (81033),0400656,10
ARIZONA,Amphitheater Unified District (4406),0400680,2421
ARIZONA,Antelope Union High School District (4506),0400720,30
ARIZONA,Legacy Traditional School - Maricopa (88360),0400745,94
ARIZONA,Eduprize Schools LLC (89412),0400746,421
ARIZONA,Scottsdale Preparatory Academy (89756),0400747,12
ARIZONA,Sage Academy Inc. (89414),0400748,28
ARIZONA,Apache Elementary District (4178),0400750,3
ARIZONA,Concordia Charter School Inc. (89556),0400751,12
ARIZONA,Pima County JTED (89380),0400752,NA
ARIZONA,Imagine Desert West Middle Inc. (89563),0400754,40
ARIZONA,Freedom Academy Inc. (89506),0400755,28
ARIZONA,Imagine Camelback Middle Inc. (89561),0400756,24
ARIZONA,Arete Preparatory Academy (89486),0400757,25
ARIZONA,Candeo Schools Inc. (89758),0400758,41
ARIZONA,Glendale Preparatory Academy (89829),0400760,21
ARIZONA,Graham County School Superintendent (79543),0400762,NA
ARIZONA,EAGLE South Mountain Charter Inc. (89850),0400763,68
ARIZONA,ASU Preparatory Academy (89949),0400764,47
ARIZONA,Gila County Sheriff's Office (79544),0400765,NA
ARIZONA,Imagine Coolidge Elementary Inc. (89786),0400766,62
ARIZONA,Pima Prevention Partnership dba Pima Partnership A (89864),0400768,17
ARIZONA,Imagine Prep Coolidge Inc. (90034),0400769,62
ARIZONA,Imagine Prep Surprise Inc. (89790),0400770,55
ARIZONA,Blue Adobe Project (89871),0400771,20
ARIZONA,Mountain Institute JTED (90090),0400772,NA
ARIZONA,Yuma County Sheriff's Office (79472),0400773,NA
ARIZONA,Daisy Education Corporation dba Sonoran Science Ac (89915),0400774,32
ARIZONA,San Tan Montessori School Inc. (89798),0400775,125
ARIZONA,Daisy Education Corporation dba Sonoran Science Ac (89914),0400776,23
ARIZONA,Santa Cruz County Sheriff's Office (79473),0400777,NA
ARIZONA,Daisy Education Corporation dba Paragon Science Ac (89917),0400778,29
ARIZONA,Greenlee County Sheriff's Office (79542),0400779,NA
ARIZONA,Imagine Avondale Elementary Inc. (89784),0400780,31
ARIZONA,Math and Science Success Academy Inc. (89852),0400781,28
ARIZONA,Haven Montessori Children's House Inc. (89951),0400782,8
ARIZONA,Imagine Prep Superstition Inc. (89788),0400783,42
ARIZONA,AZ Compass Schools Inc. (89869),0400785,34
ARIZONA,West Valley Arts and Technology Academy Inc. (90036),0400786,30
ARIZONA,Kaizen Education Foundation dba Vista Grove Prepar (90330),0400787,11
ARIZONA,ASU Preparatory Academy (90273),0400788,24
ARIZONA,Kaizen Education Foundation dba Liberty Arts Acade (90334),0400789,41
ARIZONA,Apache Junction Unified District (4443),0400790,631
ARIZONA,Vector School District Inc. (90317),0400792,24
ARIZONA,Morrison Education Group Inc. (90192),0400793,37
ARIZONA,Western Arizona Vocational District #50 (90123),0400794,NA
ARIZONA,CAFA Inc. dba Learning Foundation and Performing  (90328),0400796,24
ARIZONA,Academy Del Sol Inc. (90199),0400797,58
ARIZONA,Pioneer Preparatory School (90140),0400798,39
ARIZONA,Kaizen Education Foundation dba Gilbert Arts Acade (90333),0400799,20
ARIZONA,The Odyssey Preparatory Academy Inc. (90287),0400800,361
ARIZONA,Skyline Gila River Schools LLC (90329),0400801,39
ARIZONA,Imagine Avondale Middle Inc. (90162),0400802,24
ARIZONA,CAFA Inc. dba Learning Foundation and Performing  (90327),0400803,108
ARIZONA,Choice Academies Inc. (90138),0400805,37
ARIZONA,Daisy Education Corporation dba. Sonoran Science A (90284),0400807,21
ARIZONA,Imagine Superstition Middle Inc. (90160),0400810,18
ARIZONA,CPLC Community Schools dba Hiaki High School (90331),0400814,7
ARIZONA,Research Based Education Corporation (90275),0400815,13
ARIZONA,Educational Options Foundation (90201),0400816,58
ARIZONA,Ed Ahead (90506),0400817,6
ARIZONA,BASIS Charter Schools Inc. (90508),0400818,8
ARIZONA,Anthem Preparatory Academy (90532),0400819,48
ARIZONA,Compass Points International Inc (90533),0400820,34
ARIZONA,Pima Prevention Partnership (90536),0400821,18
ARIZONA,Daisy Education Corporation dba. Sonoran Science A (90541),0400822,17
ARIZONA,Kaizen Education Foundation dba Mission Heights Pr (90548),0400823,28
ARIZONA,Leading Edge Academy Maricopa (90637),0400824,116
ARIZONA,Lifelong Learning Research Institute Inc. (90754),0400826,10
ARIZONA,Arizona Education Solutions (90758),0400827,20
ARIZONA,Arizona Agribusiness & Equine Center Inc. (90779),0400828,14
ARIZONA,BASIS Charter Schools Inc. (90841),0400829,14
ARIZONA,BASIS Charter Schools Inc. (90842),0400830,19
ARIZONA,BASIS Charter Schools Inc. (90862),0400831,29
ARIZONA,Archway Classical Academy Trivium West (90915),0400832,46
ARIZONA,Archway Classical Academy Veritas (90916),0400833,55
ARIZONA,Archway Classical Academy Chandler (90917),0400834,32
ARIZONA,Apache County Sheriff's Office (79547),0400837,NA
ARIZONA,Arizona Agribusiness & Equine Center Inc. (91131),0400838,22
ARIZONA,Pima Rose Academy Inc. (90997),0400839,46
ARIZONA,Arlington Elementary District (4274),0400840,30
ARIZONA,Archway Classical Academy Scottsdale (90857),0400841,49
ARIZONA,Legacy Traditional School - Northwest Tucson (91137),0400842,107
ARIZONA,BASIS Charter Schools Inc. (91280),0400843,17
ARIZONA,La Tierra Community School Inc (90900),0400844,19
ARIZONA,Leading Edge Academy Queen Creek  (91174),0400845,56
ARIZONA,South Valley Academy Inc. (90540),0400846,20
ARIZONA,Legacy Traditional School - Avondale (91135),0400847,90
ARIZONA,Arts Academy at Scottsdale Inc. (91053),0400848,NA
ARIZONA,EAGLE College Prep Harmony LLC (91170),0400849,15
ARIZONA,Reid Traditional Schools' Painted Rock Academy Inc (91317),0400850,51
ARIZONA,Trivium Preparatory Academy (90859),0400851,56
ARIZONA,Kaizen Education Foundation dba Havasu Preparatory (90535),0400852,26
ARIZONA,South Phoenix Academy Inc. (91108),0400853,12
ARIZONA,Legacy Traditional School - Chandler (91133),0400855,70
ARIZONA,ASU Preparatory Academy (91307),0400857,43
ARIZONA,ASU Preparatory Academy (91303),0400858,43
ARIZONA,ASU Preparatory Academy (91305),0400859,44
ARIZONA,North Phoenix Preparatory Academy (90879),0400861,16
ARIZONA,Collaborative Pathways Inc. (91773),0400862,19
ARIZONA,The Paideia Academies Inc (91250),0400863,87
ARIZONA,Happy Valley East (90906),0400864,52
ARIZONA,Archway Classical Academy Glendale (91878),0400866,36
ARIZONA,Ball Charter Schools (Val Vista) (90885),0400867,64
ARIZONA,Open Doors Community School Inc. (91238),0400868,30
ARIZONA,Ash Creek Elementary District (4187),0400870,3
ARIZONA,Legacy Traditional School ? Laveen Village (91763),0400871,107
ARIZONA,Institute for Transformative Education Inc. (90876),0400872,25
ARIZONA,Archway Classical Academy North Phoenix (91758),0400873,52
ARIZONA,Maryvale Preparatory Academy (90861),0400875,84
ARIZONA,George Gervin Youth Center Inc. (90884),0400876,14
ARIZONA,Empower College Prep (91277),0400877,96
ARIZONA,BASIS Charter Schools Inc. (91309),0400878,8
ARIZONA,Scottsdale Country Day School (91110),0400879,8
ARIZONA,Southwest Leadership Academy (92043),0400880,23
ARIZONA,BASIS Charter Schools Inc. (92349),0400881,19
ARIZONA,Kaizen Education Foundation dba Advance U (91329),0400882,4
ARIZONA,ASU Preparatory Academy (92327),0400884,44
ARIZONA,Incito Schools (91326),0400885,61
ARIZONA,Archway Classical Academy Cicero (92314),0400886,38
ARIZONA,Vista College Preparatory Inc. (91948),0400887,90
ARIZONA,Archway Classical Academy Arete (92312),0400888,31
ARIZONA,ASU Preparatory Academy (92325),0400890,52
ARIZONA,Academy of Mathematics and Science South Inc. (90878),0400891,128
ARIZONA,Legacy Traditional School - Casa Grande (92199),0400892,98
ARIZONA,Hirsch Academy A Challenge Foundation (91275),0400893,18
ARIZONA,Kaizen Education Foundation dba Discover U Element (91328),0400894,25
ARIZONA,Espiritu Community Development Corp. (92250),0400895,39
ARIZONA,BASIS Charter Schools Inc. (91339),0400897,11
ARIZONA,BASIS Charter Schools Inc. (91949),0400898,35
ARIZONA,Legacy Traditional School - Gilbert (92047),0400899,92
ARIZONA,Cicero Preparatory Academy (92316),0400900,27
ARIZONA,The Farm at Mission Montessori Academy (91340),0400902,6
ARIZONA,BASIS Charter Schools Inc. (92320),0400903,21
ARIZONA,Edkey Inc. - Sequoia Pathway Academy (92226),0400904,157
ARIZONA,BASIS Charter Schools Inc. (92318),0400905,53
ARIZONA,StrengthBuilding Partners (91992),0400907,14
ARIZONA,Madison Highland Prep (91935),0400909,27
ARIZONA,Ash Fork Joint Unified District (4471),0400910,45
ARIZONA,Heritage Academy Queen Creek Inc. (92519),0400911,39
ARIZONA,EAGLE College Prep Mesa LLC. (91939),0400912,21
ARIZONA,Arizona Autism Charter Schools Inc. (91958),0400913,215
ARIZONA,Franklin Phonetic Primary School Inc. (92596),0400914,25
ARIZONA,CASA Academy (91934),0400915,11
ARIZONA,EAGLE College Prep Maryvale LLC (91938),0400916,49
ARIZONA,Arizona Language Preparatory (92566),0400918,3
ARIZONA,Lincoln Preparatory Academy (92657),0400919,28
ARIZONA,Southwest Technical Education District of Yuma (ST (92705),0400920,NA
ARIZONA,Horizon Community Learning Center Inc. (92620),0400921,64
ARIZONA,Desert Star Academy (92302),0400922,46
ARIZONA,Western School of Science and Technology Inc. (91937),0400924,62
ARIZONA,Archway Classical Academy Lincoln (92656),0400925,54
ARIZONA,Heritage Academy Laveen Inc. (92520),0400926,28
ARIZONA,Legacy Traditional School - Queen Creek (92610),0400927,137
ARIZONA,Noah Webster Schools-Pima (92374),0400929,55
ARIZONA,Archway Classical Academy Trivium East (92704),0400930,55
ARIZONA,Legacy Traditional School - Surprise (92879),0400933,155
ARIZONA,Self Development Academy-Phoenix (92381),0400934,30
ARIZONA,BASIS Charter Schools Inc. (92865),0400936,12
ARIZONA,BASIS Charter Schools Inc. (92863),0400937,26
ARIZONA,Create Academy (92369),0400938,21
ARIZONA,Espiritu Schools (92902),0400939,6
ARIZONA,Academy of Mathematics and Science Inc. (92768),0400940,87
ARIZONA,BASIS Charter Schools Inc. (92734),0400941,3
ARIZONA,Ethos Academy - A Challenge Foundation Academy (92379),0400942,37
ARIZONA,BASIS Charter Schools Inc. (92736),0400943,28
ARIZONA,Leman Academy of Excellence Inc. (92730),0400944,270
ARIZONA,Pensar Academy (92972),0400945,36
ARIZONA,ASU Preparatory Academy (346763),0400946,28
ARIZONA,ASU Preparatory Academy - Casa Grande (92987),0400947,8
ARIZONA,Legacy Traditional School - Glendale (850100),0400948,106
ARIZONA,Painted Desert Montessori LLC (123733),0400949,56
ARIZONA,Pathways In Education-Arizona Inc. (92983),0400950,5
ARIZONA,Legacy Traditional School - Peoria (850099),0400951,35
ARIZONA,Kaizen Education Foundation dba Colegio Petite Pho (92989),0400952,13
ARIZONA,The Grande Innovation Academy (92978),0400953,52
ARIZONA,Legacy Traditional School - North Chandler (850101),0400954,74
ARIZONA,Estrella Educational Foundation (92988),0400955,3
ARIZONA,ASU Preparatory Academy (92716),0400956,12
ARIZONA,BASIS Charter Schools Inc. (92997),0400958,26
ARIZONA,Legacy Traditional School - Phoenix (873957),0400959,100
ARIZONA,Avondale Elementary District (4272),0400960,833
ARIZONA,BASIS Charter Schools Inc. (549803),0400961,43
ARIZONA,Legacy Traditional School - East Mesa (834265),0400962,85
ARIZONA,BASIS Charter Schools Inc. (273398),0400963,20
ARIZONA,Synergy Public School Inc. (92981),0400964,33
ARIZONA,ASU Preparatory Academy Digital (522074),0400965,17
ARIZONA,Highland Prep (92982),0400966,39
ARIZONA,BASIS Charter Schools Inc. (934316),0400967,28
ARIZONA,Victory Collegiate Academy Corporation (92985),0400968,45
ARIZONA,Arizona Agribusiness & Equine Center INC. (134379),0400969,6
ARIZONA,AIBT Non-Profit Charter High School Inc. (449790),0400970,NA
ARIZONA,ASU Preparatory Academy (631426),0400971,12
ARIZONA,Phoenix International Academy (903484),0400975,12
ARIZONA,Think Through Academy (92976),0400976,10
ARIZONA,The French American School of Arizona (395879),0400977,3
ARIZONA,Edison Project (743644),0400978,40
ARIZONA,BASIS Charter Schools Inc. (783027),0400980,12
ARIZONA,Science Technology Engineering and Math Arizona (1000050),0400981,10
ARIZONA,Navajo County Sheriff's Office (79520),0400982,3
ARIZONA,Yavapai County Sheriff's Office (79492),0400983,NA
ARIZONA,Cochise County Sheriff's Office (79546),0400984,3
ARIZONA,Pinal County Sheriffs Office (79516),0400985,3
ARIZONA,Maricopa County Detention Education Center (1000313),0400986,18
ARIZONA,Somerset Academy Arizona Inc. (1000160),0400987,5
ARIZONA,Valor Preparatory Academy LLC (1000291),0400988,NA
ARIZONA,ARCHES Academy (92980),0400989,7
ARIZONA,New Learning Ventures Inc. (320470),0400990,12
ARIZONA,Legacy Traditional School - Goodyear (1000283),0400991,36
ARIZONA,Integrated Education Foundation Inc. (1000164),0400992,3
ARIZONA,New Horizon High School Inc. (1000165),0400993,8
ARIZONA,Self Development Eastmark Academy (520359),0400994,3
ARIZONA,Self Development Scottsdale Academy (308420),0400995,6
ARIZONA,Bagdad Unified District (4468),0401000,97
ARIZONA,Balsz Elementary District (4268),0401050,348
ARIZONA,Beaver Creek Elementary District (4481),0401080,86
ARIZONA,Bicentennial Union High School District (4515),0401160,23
ARIZONA,Bisbee Unified District (4169),0401180,67
ARIZONA,Blue Elementary District (4231),0401230,NA
ARIZONA,Bonita Elementary District (4224),0401260,13
ARIZONA,Bouse Elementary District (4513),0401290,7
ARIZONA,Bowie Unified District (4171),0401330,16
ARIZONA,Buckeye Elementary District (4269),0401380,860
ARIZONA,Buckeye Union High School District (4284),0401410,581
ARIZONA,Sierra Vista Unified District (4175),0401460,684
ARIZONA,Bullhead City School District (4378),0401500,373
ARIZONA,Camp Verde Unified District (4470),0401600,217
ARIZONA,Canon Elementary District (4484),0401650,28
ARIZONA,Cartwright Elementary District (4282),0401680,1713
ARIZONA,Casa Grande Elementary District (4446),0401710,1004
ARIZONA,Casa Grande Union High School District (4453),0401740,480
ARIZONA,Catalina Foothills Unified District (4410),0401760,488
ARIZONA,Cedar Unified District (4395),0401810,24
ARIZONA,Chandler Unified District #80 (4242),0401870,5343
ARIZONA,Chinle Unified District (4158),0401940,398
ARIZONA,Cochise Elementary District (4177),0402130,19
ARIZONA,Concho Elementary District (4160),0402190,45
ARIZONA,Congress Elementary District (4479),0402220,19
ARIZONA,Continental Elementary District (4416),0402250,122
ARIZONA,Coolidge Unified District (4442),0402320,309
ARIZONA,Cottonwood-Oak Creek Elementary District (4487),0402370,324
ARIZONA,Crane Elementary District (4501),0402400,679
ARIZONA,Creighton Elementary District (4263),0402430,706
ARIZONA,Crown King Elementary District (4483),0402460,NA
ARIZONA,Graham County Special Services (4217),0402480,NA
ARIZONA,Double Adobe Elementary District (4179),0402490,6
ARIZONA,Douglas Unified District (4174),0402530,306
ARIZONA,Duncan Unified District (4228),0402600,53
ARIZONA,Dysart Unified District (4243),0402690,3952
ARIZONA,Mary C O'Brien Accommodation District (4435),0402740,32
ARIZONA,Elfrida Elementary District (4185),0402760,19
ARIZONA,Eloy Elementary District (4448),0402790,98
ARIZONA,Flagstaff Unified District (4192),0402860,1428
ARIZONA,Florence Unified School District (4437),0402920,1711
ARIZONA,Flowing Wells Unified District (4405),0403010,929
ARIZONA,Fountain Hills Unified District (4247),0403040,153
ARIZONA,Fowler Elementary District (4273),0403060,482
ARIZONA,Fredonia-Moccasin Unified District (4195),0403080,41
ARIZONA,Fort Huachuca Accommodation District (4167),0403150,139
ARIZONA,Fort Thomas Unified District (4221),0403200,109
ARIZONA,Gadsden Elementary District (4505),0403240,640
ARIZONA,Ganado Unified School District (4157),0403290,119
ARIZONA,Gila Bend Unified District (4238),0403310,65
ARIZONA,Gilbert Unified District (4239),0403400,4605
ARIZONA,Glendale Elementary District (4271),0403420,1609
ARIZONA,Glendale Union High School District (4285),0403450,2035
ARIZONA,Globe Unified District (4208),0403500,198
ARIZONA,Grand Canyon Unified District (4194),0403550,70
ARIZONA,Hackberry School District (4371),0403660,13
ARIZONA,Hayden-Winkelman Unified District (4212),0403730,38
ARIZONA,Higley Unified School District (4248),0403780,1926
ARIZONA,Holbrook Unified District (4389),0403820,225
ARIZONA,Maricopa County Regional School District (4234),0403860,28
ARIZONA,Humboldt Unified District (4469),0403870,743
ARIZONA,Hyder Elementary District (4502),0403900,18
ARIZONA,Baboquivari Unified School District #40 (4412),0403950,189
ARIZONA,Isaac Elementary District (4259),0403960,823
ARIZONA,J O Combs Unified School District (4445),0403990,763
ARIZONA,Joseph City Unified District (4388),0404010,71
ARIZONA,Kayenta Unified School District #27 (4396),0404060,203
ARIZONA,Kirkland Elementary District (4480),0404170,27
ARIZONA,Kyrene Elementary District (4267),0404230,1916
ARIZONA,Lake Havasu Unified District (4368),0404280,740
ARIZONA,Laveen Elementary District (4276),0404290,1050
ARIZONA,Liberty Elementary District (4266),0404320,537
ARIZONA,Litchfield Elementary District (4281),0404380,1423
ARIZONA,Littlefield Unified District (4374),0404410,52
ARIZONA,Littleton Elementary District (4278),0404440,836
ARIZONA,Madison Elementary District (4270),0404500,549
ARIZONA,Maine Consolidated School District (4199),0404530,22
ARIZONA,Mammoth-San Manuel Unified District (4439),0404570,123
ARIZONA,Marana Unified District (4404),0404630,2134
ARIZONA,Maricopa Unified School District (4441),0404720,1289
ARIZONA,Altar Valley Elementary District (4418),0404770,112
ARIZONA,Mayer Unified School District (4473),0404820,101
ARIZONA,Mcnary Elementary District (4163),0404860,20
ARIZONA,McNeal Elementary District (4181),0404920,15
ARIZONA,Mesa Unified District (4235),0404970,10610
ARIZONA,Miami Unified District (4211),0405030,110
ARIZONA,Mingus Union High School District (4488),0405070,105
ARIZONA,Mobile Elementary District (4253),0405100,3
ARIZONA,Mohave Valley Elementary District (4379),0405190,149
ARIZONA,Mohawk Valley Elementary District (4503),0405220,29
ARIZONA,Morenci Unified District (4230),0405320,149
ARIZONA,Morristown Elementary District (4251),0405340,23
ARIZONA,Pima Accommodation District (4401),0405360,32
ARIZONA,Murphy Elementary District (4265),0405400,179
ARIZONA,Naco Elementary District (4176),0405430,40
ARIZONA,Nadaburg Unified School District (4252),0405460,201
ARIZONA,Navajo County Accommodation District #99 (4386),0405500,3
ARIZONA,Nogales Unified District (4457),0405530,591
ARIZONA,Oracle Elementary District (4444),0405640,47
ARIZONA,Osborn Elementary District (4262),0405670,457
ARIZONA,Owens School District No.6 (4373),0405730,7
ARIZONA,Tonto Basin Elementary District (4215),0405760,16
ARIZONA,Page Unified District (4196),0405820,406
ARIZONA,Palo Verde Elementary District (4275),0405850,60
ARIZONA,Palominas Elementary District (4180),0405880,187
ARIZONA,Paradise Valley Unified District (4241),0405930,3460
ARIZONA,Parker Unified School District (4510),0405980,367
ARIZONA,Patagonia Elementary District (4460),0406000,18
ARIZONA,Patagonia Union High School District (4462),0406030,10
ARIZONA,Payson Unified District (4209),0406070,422
ARIZONA,Peach Springs Unified District (4369),0406120,30
ARIZONA,Pearce Elementary District (4186),0406150,19
ARIZONA,Pendergast Elementary District (4283),0406210,1269
ARIZONA,Peoria Unified School District (4237),0406250,5363
ARIZONA,Phoenix Elementary District (4256),0406300,803
ARIZONA,Phoenix Union High School District (4286),0406330,3182
ARIZONA,Picacho Elementary District (4452),0406360,29
ARIZONA,Pima Unified District (4220),0406440,208
ARIZONA,Pine Strawberry Elementary District (4214),0406510,34
ARIZONA,Blue Ridge Unified School District No. 32 (4397),0406580,248
ARIZONA,Pomerene Elementary District (4188),0406630,15
ARIZONA,Prescott Unified District (4466),0406730,504
ARIZONA,Sanders Unified District (4156),0406740,101
ARIZONA,Quartzsite Elementary District (4511),0406780,14
ARIZONA,Queen Creek Unified District (4245),0406810,1245
ARIZONA,Ray Unified District (4438),0406850,48
ARIZONA,Red Mesa Unified District (4159),0406870,68
ARIZONA,Red Rock Elementary District (4447),0406900,75
ARIZONA,San Carlos Unified District (4210),0406960,236
ARIZONA,Riverside Elementary District (4257),0407020,103
ARIZONA,Roosevelt Elementary District (4279),0407080,1232
ARIZONA,Round Valley Unified District (4155),0407130,206
ARIZONA,Saddle Mountain Unified School District (4254),0407170,362
ARIZONA,Sacaton Elementary District (4449),0407200,168
ARIZONA,Safford Unified District (4218),0407240,478
ARIZONA,Sahuarita Unified District (4411),0407300,810
ARIZONA,San Fernando Elementary District (4414),0407380,NA
ARIZONA,San Simon Unified District (4172),0407430,13
ARIZONA,Santa Cruz Elementary District (4459),0407500,18
ARIZONA,Santa Cruz Valley Unified District (4458),0407520,392
ARIZONA,Santa Cruz Valley Union High School District (4454),0407530,58
ARIZONA,Scottsdale Unified District (4240),0407570,2332
ARIZONA,Seligman Unified District (4472),0407630,26
ARIZONA,Sentinel Elementary District (4250),0407680,6
ARIZONA,Show Low Unified District (4393),0407700,378
ARIZONA,Deer Valley Unified District (4246),0407750,4349
ARIZONA,Skull Valley Elementary District (4478),0407770,12
ARIZONA,Snowflake Unified District (4391),0407820,391
ARIZONA,Solomon Elementary District (4222),0407860,25
ARIZONA,Somerton Elementary District (4500),0407890,394
ARIZONA,Sonoita Elementary District (4461),0407920,27
ARIZONA,St David Unified District (4173),0408020,75
ARIZONA,St Johns Unified District (4153),0408080,138
ARIZONA,Stanfield Elementary District (4451),0408130,66
ARIZONA,Sunnyside Unified District (4407),0408170,1963
ARIZONA,Superior Unified School District (4440),0408230,28
ARIZONA,Tanque Verde Unified District (4408),0408280,286
ARIZONA,Tempe School District (4258),0408310,1726
ARIZONA,Tempe Union High School District (4287),0408340,1167
ARIZONA,Thatcher Unified District (4219),0408410,309
ARIZONA,Paloma School District (4255),0408430,34
ARIZONA,Hillside Elementary District (4482),0408460,NA
ARIZONA,Tolleson Elementary District (4264),0408490,391
ARIZONA,Tolleson Union High School District (4288),0408520,1308
ARIZONA,Toltec School District (4450),0408550,209
ARIZONA,Tombstone Unified District (4168),0408600,154
ARIZONA,Topock Elementary District (4376),0408640,21
ARIZONA,Tuba City Unified School District #15 (4197),0408680,228
ARIZONA,Tucson Unified District (4403),0408800,6597
ARIZONA,Union Elementary District (4277),0408820,281
ARIZONA,Vail Unified District (4413),0408850,1687
ARIZONA,Valentine Elementary District (4380),0408880,18
ARIZONA,Valley Union High School District (4190),0408910,21
ARIZONA,Washington Elementary School District (4260),0409060,3725
ARIZONA,Wellton Elementary District (4504),0409090,13
ARIZONA,Wenden Elementary District (4512),0409120,14
ARIZONA,Whiteriver Unified District (4394),0409160,263
ARIZONA,Wickenburg Unified District (4236),0409190,147
ARIZONA,Willcox Unified District (4170),0409250,128
ARIZONA,Williams Unified District (4193),0409310,100
ARIZONA,Wilson Elementary District (4261),0409390,103
ARIZONA,Window Rock Unified District (4154),0409430,251
ARIZONA,Winslow Unified District (4387),0409460,326
ARIZONA,Yarnell Elementary District (4485),0409510,11
ARIZONA,Young Elementary District (4213),0409540,10
ARIZONA,Yucca Elementary District (4377),0409570,4
ARIZONA,Yuma Elementary District (4499),0409600,1033
ARIZONA,Yuma Union High School District (4507),0409630,1071
ARIZONA,East Valley Institute of Technology (4516),0409731,NA
ARIZONA,Sedona-Oak Creek JUSD #9 (4467),0409733,91
ARIZONA,Arizona Department of Juvenile Corrections (8326),0409734,58
ARKANSAS,DEWITT SCHOOL DISTRICT,0500001,143
ARKANSAS,SAU-TECH CAREER CENTER,0500002,NA
ARKANSAS,OZARKS UNLITD. RESOURCE COOP,0500005,255
ARKANSAS,WARREN SCHOOL DISTRICT,0500006,200
ARKANSAS,DAWSON EDUCATION SERVICE COOP,0500008,556
ARKANSAS,CORNING SCHOOL DISTRICT,0500009,116
ARKANSAS,ARCH FORD EDUC. SERVICE COOP,0500011,825
ARKANSAS,RIVERSIDE SCHOOL DISTRICT,0500012,146
ARKANSAS,SOUTHEAST ARK. EDUC. COOP,0500013,938
ARKANSAS,WESTERN ARKANSAS COOP,0500014,656
ARKANSAS,SHERIDAN SCHOOL DISTRICT,0500015,533
ARKANSAS,MARMADUKE SCHOOL DISTRICT,0500016,124
ARKANSAS,PARAGOULD SCHOOL DISTRICT,0500017,625
ARKANSAS,SOUTHWEST ARK. COOP,0500018,441
ARKANSAS,BATESVILLE SCHOOL DISTRICT,0500019,414
ARKANSAS,MIDLAND SCHOOL DISTRICT,0500020,105
ARKANSAS,IZARD CO. CONS. SCHOOL DIST.,0500021,133
ARKANSAS,NORTH CENTRAL ARK. EDUC COOP,0500022,524
ARKANSAS,NEWPORT SCHOOL DISTRICT,0500023,242
ARKANSAS,ARK. RIVER EDUC  SERVICE COOP,0500024,378
ARKANSAS,ARKANSAS CORRECTIONAL SCHOOLS,0500025,9
ARKANSAS,PINE BLUFF SCHOOL DISTRICT,0500026,423
ARKANSAS,NORTHEAST ARK. EDUC. COOP,0500027,252
ARKANSAS,STAR CITY SCHOOL DISTRICT,0500028,161
ARKANSAS,GOSNELL SCHOOL DISTRICT,0500029,175
ARKANSAS,NEVADA SCHOOL DISTRICT,0500030,46
ARKANSAS,SOUTH CENTRAL SERVICE COOP,0500031,339
ARKANSAS,BEARDEN SCHOOL DISTRICT,0500032,65
ARKANSAS,GREAT RIVERS EDUC. SERV. COOP,0500033,571
ARKANSAS,CROWLEY'S RIDGE EDUCATION COOP,0500034,802
ARKANSAS,ARK. SCHOOL FOR THE BLIND,0500035,100
ARKANSAS,ARK. SCHOOL FOR THE DEAF,0500036,113
ARKANSAS,DEQUEEN/MENA EDUC. COOP,0500037,384
ARKANSAS,NORTHWEST ARK. EDUCATION COOP,0500039,975
ARKANSAS,WILBUR D. MILLS EDUC. COOP,0500040,683
ARKANSAS,WESTERN YELL CO. SCHOOL DIST.,0500041,67
ARKANSAS,HAMBURG SCHOOL DISTRICT,0500042,183
ARKANSAS,MOUNTAIN HOME SCHOOL DISTRICT,0500043,503
ARKANSAS,MAGNOLIA SCHOOL DISTRICT,0500044,313
ARKANSAS,RIVERCREST SCHOOL DISTRICT #57,0500045,141
ARKANSAS,MANILA SCHOOL DISTRICT,0500046,164
ARKANSAS,TRUMANN SCHOOL DISTRICT,0500047,284
ARKANSAS,EAST POINSETT CO. SCHOOL DIST.,0500048,109
ARKANSAS,DEQUEEN SCHOOL DISTRICT,0500049,217
ARKANSAS,PALESTINE-WHEATLEY SCH. DIST.,0500051,90
ARKANSAS,SOUTH ARK CAREER CENTER,0500052,NA
ARKANSAS,WESTARK TECHNICAL CENTER,0500053,NA
ARKANSAS,OUACHITA VOCATIONAL CENTER,0500054,NA
ARKANSAS,BENTON COUNTY SCHOOL OF ARTS,0500055,130
ARKANSAS,ASU AREA CENTER,0500056,NA
ARKANSAS,NATIONAL PARK TECHNOLOGY CENTER,0500057,NA
ARKANSAS,SALINE COUNTY VOCATIONAL CENTER,0500058,NA
ARKANSAS,ACADEMICS PLUS CHARTER SCHOOL,0500059,124
ARKANSAS,NORTH ARKANSAS COLLEGE SECONDARY CENTER,0500060,NA
ARKANSAS,IMBODEN CHARTER SCHOOL DISTRICT,0500061,10
ARKANSAS,KIPP DELTA PUBLIC SCHOOLS,0500062,144
ARKANSAS,MID SOUTH COMMUNITY COLLEGE,0500063,NA
ARKANSAS,LAFAYETTE COUNTY SCHOOL DISTRICT,0500065,67
ARKANSAS,PHILLIPS COMMUNITY COLLEGE CAREER & TECHNICAL CENTER,0500066,NA
ARKANSAS,CLEVELAND COUNTY SCHOOL DIST.,0500067,127
ARKANSAS,EMERSON-TAYLOR SCHOOL DISTRICT,0500068,102
ARKANSAS,CEDAR RIDGE SCHOOL DISTRICT,0500070,114
ARKANSAS,HILLCREST SCHOOL DISTRICT,0500071,81
ARKANSAS,DEER/MT. JUDEA SCHOOL DISTRICT,0500072,50
ARKANSAS,OUACHITA RIVER SCHOOL DISTRICT,0500073,90
ARKANSAS,LISA ACADEMY CHARTER,0500074,323
ARKANSAS,EAST ARKANSAS CAREER CENTER,0500075,NA
ARKANSAS,OZARK MOUNTAIN SCHOOL DISTRICT,0500076,105
ARKANSAS,HAAS HALL ACADEMY,0500078,16
ARKANSAS,TWO RIVERS SCHOOL DISTRICT,0500079,180
ARKANSAS,ARKANSAS NORTHEASTERN COLLEGE TECHNICAL CENTER,0500080,NA
ARKANSAS,NORTHWEST ARKANSAS COMMUNITY COLLEGE REGIONAL CENTER,0500081,NA
ARKANSAS,LAWRENCE COUNTY SCHOOL DISTRICT,0500082,173
ARKANSAS,DHS DIVISION OF DEVELOPMENTAL DISABILITIES SERVICES,0500389,43
ARKANSAS,ARKANSAS YOUTH SERVICES SCHOOL SYSTEM,0500390,73
ARKANSAS,ARKANSAS VIRTUAL ACADEMY,0500394,408
ARKANSAS,ESTEM HIGH CHARTER,0500398,348
ARKANSAS,JACKSONVILLE LIGHTHOUSE CHARTER,0500402,101
ARKANSAS,LITTLE ROCK PREPARATORY ACADEMY,0500403,36
ARKANSAS,COSSATOT RIVER SCHOOL DISTRICT,0500405,141
ARKANSAS,PINE BLUFF LIGHTHOUSE ACADEMY,0500406,18
ARKANSAS,GRADUATE ARKANSAS SCHOOL,0500407,8
ARKANSAS,RESPONSIVE ED SOLUTIONS PREMIER HIGH SCHOOL OF LITTLE ROCK,0500408,14
ARKANSAS,RESPONSIVE ED SOLUTIONS NORTHWEST ARK CLASSICAL ACADEMY,0500409,84
ARKANSAS,EXALT ACADEMY OF SOUTHWEST LITTLE ROCK,0500411,44
ARKANSAS,CAPITOL CITY LIGHTHOUSE ACADEMY,0500413,20
ARKANSAS,HAAS HALL BENTONVILLE,0500416,3
ARKANSAS,ARKANSAS CONNECTIONS ACADEMY,0500417,188
ARKANSAS,FUTURE SCHOOL OF FORT SMITH,0500418,24
ARKANSAS,JACKSONVILLE NORTH PULASKI SCHOOL DISTRICT,0500419,642
ARKANSAS,THE EXCEL CENTER,0500420,3
ARKANSAS,SCHOLARMADE ACHIEVEMENT PLACE,0500421,33
ARKANSAS,SOUTHEAST ARKANSAS PREPARATORY HIGH SCHOOL,0500422,19
ARKANSAS,FRIENDSHIP ASPIRE ACADEMY PINE BLUFF,0500423,15
ARKANSAS,FRIENDSHIP ASPIRE ACADEMY LITTLE ROCK,0500424,20
ARKANSAS,RESPONSIVE ED SOLUTIONS PREMIER HIGH SCH OF NORTHLITTLE ROCK,0500425,13
ARKANSAS,ALMA SCHOOL DISTRICT,0502250,450
ARKANSAS,ALPENA SCHOOL DISTRICT,0502280,90
ARKANSAS,ARKADELPHIA SCHOOL DISTRICT,0502430,265
ARKANSAS,ARMOREL SCHOOL DISTRICT,0502550,62
ARKANSAS,ASHDOWN SCHOOL DISTRICT,0502580,186
ARKANSAS,ATKINS SCHOOL DISTRICT,0502610,197
ARKANSAS,AUGUSTA SCHOOL DISTRICT,0502670,55
ARKANSAS,BALD KNOB SCHOOL DISTRICT,0502700,168
ARKANSAS,BARTON-LEXA SCHOOL DISTRICT,0502730,99
ARKANSAS,BAUXITE SCHOOL DISTRICT,0502790,189
ARKANSAS,BAY SCHOOL DISTRICT,0502820,124
ARKANSAS,BEEBE SCHOOL DISTRICT,0502880,505
ARKANSAS,BENTON SCHOOL DISTRICT,0502960,570
ARKANSAS,PEA RIDGE SCHOOL DISTRICT,0503030,315
ARKANSAS,BENTONVILLE SCHOOL DISTRICT,0503060,1990
ARKANSAS,BERGMAN SCHOOL DISTRICT,0503090,128
ARKANSAS,BERRYVILLE SCHOOL DISTRICT,0503150,327
ARKANSAS,BISMARCK SCHOOL DISTRICT,0503240,131
ARKANSAS,BLEVINS SCHOOL DISTRICT,0503300,66
ARKANSAS,BLYTHEVILLE SCHOOL DISTRICT,0503320,257
ARKANSAS,LEAD HILL SCHOOL DISTRICT,0503420,53
ARKANSAS,BOONEVILLE SCHOOL DISTRICT,0503450,157
ARKANSAS,BRADFORD SCHOOL DISTRICT,0503480,89
ARKANSAS,BRINKLEY SCHOOL DISTRICT,0503630,88
ARKANSAS,BROOKLAND SCHOOL DISTRICT,0503640,409
ARKANSAS,BRYANT SCHOOL DISTRICT,0503690,1385
ARKANSAS,BUFFALO IS. CENTRAL SCH. DIST.,0503710,109
ARKANSAS,CABOT SCHOOL DISTRICT,0503750,1492
ARKANSAS,CADDO HILLS SCHOOL DISTRICT,0503770,75
ARKANSAS,CALICO ROCK SCHOOL DISTRICT,0503840,56
ARKANSAS,CARLISLE SCHOOL DISTRICT,0503960,78
ARKANSAS,WESTSIDE CONS. SCHOOL DISTRICT,0504020,288
ARKANSAS,CAVE CITY SCHOOL DISTRICT,0504050,182
ARKANSAS,CEDARVILLE SCHOOL DISTRICT,0504080,150
ARKANSAS,GENOA CENTRAL SCHOOL DISTRICT,0504110,89
ARKANSAS,WHITE CO. CENTRAL SCHOOL DIST.,0504170,105
ARKANSAS,CHARLESTON SCHOOL DISTRICT,0504200,111
ARKANSAS,CLARENDON SCHOOL DISTRICT,0504350,95
ARKANSAS,RECTOR SCHOOL DISTRICT,0504370,85
ARKANSAS,CLARKSVILLE SCHOOL DISTRICT,0504380,390
ARKANSAS,CLINTON SCHOOL DISTRICT,0504410,207
ARKANSAS,CONCORD SCHOOL DISTRICT,0504560,80
ARKANSAS,CONWAY SCHOOL DISTRICT,0504590,1330
ARKANSAS,COTTER SCHOOL DISTRICT,0504680,117
ARKANSAS,COUNTY LINE SCHOOL DISTRICT,0504740,70
ARKANSAS,CROSSETT SCHOOL DISTRICT,0504800,179
ARKANSAS,CUTTER-MORNING STAR SCH. DIST.,0504860,102
ARKANSAS,DANVILLE SCHOOL DISTRICT,0504890,136
ARKANSAS,DARDANELLE SCHOOL DISTRICT,0504930,349
ARKANSAS,DECATUR SCHOOL DISTRICT,0504980,75
ARKANSAS,DERMOTT SCHOOL DISTRICT,0505170,65
ARKANSAS,DES ARC SCHOOL DISTRICT,0505190,83
ARKANSAS,DIERKS SCHOOL DISTRICT,0505340,82
ARKANSAS,DOLLARWAY SCHOOL DISTRICT,0505410,153
ARKANSAS,DOVER SCHOOL DISTRICT,0505430,215
ARKANSAS,DREW CENTRAL SCHOOL DISTRICT,0505470,177
ARKANSAS,DUMAS SCHOOL DISTRICT,0505500,164
ARKANSAS,EARLE SCHOOL DISTRICT,0505550,68
ARKANSAS,EAST END SCHOOL DISTRICT,0505580,139
ARKANSAS,EL DORADO SCHOOL DISTRICT,0505680,354
ARKANSAS,ELKINS SCHOOL DISTRICT,0505760,151
ARKANSAS,ENGLAND SCHOOL DISTRICT,0505850,105
ARKANSAS,EUREKA SPRINGS SCHOOL DISTRICT,0505970,98
ARKANSAS,CAMDEN FAIRVIEW SCHOOL DIST.,0506060,271
ARKANSAS,FARMINGTON SCHOOL DISTRICT,0506090,344
ARKANSAS,FAYETTEVILLE SCHOOL DISTRICT,0506120,1498
ARKANSAS,FLIPPIN SCHOOL DISTRICT,0506150,146
ARKANSAS,FORDYCE SCHOOL DISTRICT,0506210,181
ARKANSAS,FOREMAN SCHOOL DISTRICT,0506240,74
ARKANSAS,FORREST CITY SCHOOL DISTRICT,0506270,329
ARKANSAS,FORT SMITH SCHOOL DISTRICT,0506330,2102
ARKANSAS,FOUKE SCHOOL DISTRICT,0506360,100
ARKANSAS,FOUNTAIN LAKE SCHOOL DISTRICT,0506420,204
ARKANSAS,GENTRY SCHOOL DISTRICT,0506540,192
ARKANSAS,GLEN ROSE SCHOOL DISTRICT,0506630,127
ARKANSAS,CENTERPOINT SCHOOL DISTRICT,0506690,176
ARKANSAS,GRAVETTE SCHOOL DISTRICT,0506840,243
ARKANSAS,GREEN FOREST SCHOOL DISTRICT,0506870,181
ARKANSAS,GREENBRIER SCHOOL DISTRICT,0506900,371
ARKANSAS,GREENLAND SCHOOL DISTRICT,0506930,139
ARKANSAS,GREENWOOD SCHOOL DISTRICT,0506990,527
ARKANSAS,GURDON SCHOOL DISTRICT,0507110,106
ARKANSAS,GUY-PERKINS SCHOOL DISTRICT,0507140,71
ARKANSAS,HACKETT SCHOOL DISTRICT,0507170,120
ARKANSAS,HAMPTON SCHOOL DISTRICT,0507230,80
ARKANSAS,HARMONY GROVE SCHOOL DISTRICT,0507290,113
ARKANSAS,HARMONY GROVE SCHOOL DISTRICT,0507320,161
ARKANSAS,HARRISBURG SCHOOL DISTRICT,0507350,227
ARKANSAS,HARRISON SCHOOL DISTRICT,0507380,371
ARKANSAS,HAZEN SCHOOL DISTRICT,0507530,93
ARKANSAS,HEBER SPRINGS SCHOOL DISTRICT,0507560,235
ARKANSAS,HECTOR SCHOOL DISTRICT,0507620,108
ARKANSAS,HELENA/ W.HELENA SCHOOL DIST.,0507680,187
ARKANSAS,HERMITAGE SCHOOL DISTRICT,0507710,50
ARKANSAS,CROSS COUNTY SCHOOL DISTRICT,0507740,86
ARKANSAS,HIGHLAND SCHOOL DISTRICT,0507770,194
ARKANSAS,HOPE SCHOOL DISTRICT,0507840,286
ARKANSAS,HORATIO SCHOOL DISTRICT,0507860,95
ARKANSAS,HOT SPRINGS SCHOOL DISTRICT,0507890,623
ARKANSAS,JESSIEVILLE SCHOOL DISTRICT,0507920,104
ARKANSAS,HOXIE SCHOOL DISTRICT,0507990,131
ARKANSAS,WEST MEMPHIS SCHOOL DISTRICT,0508040,612
ARKANSAS,HUNTSVILLE SCHOOL DISTRICT,0508130,310
ARKANSAS,JASPER SCHOOL DISTRICT,0508240,119
ARKANSAS,JONESBORO SCHOOL DISTRICT,0508280,1002
ARKANSAS,JUNCTION CITY SCHOOL DISTRICT,0508340,64
ARKANSAS,RIVERVIEW SCHOOL DISTRICT,0508400,144
ARKANSAS,KIRBY SCHOOL DISTRICT,0508490,38
ARKANSAS,LAKE HAMILTON SCHOOL DISTRICT,0508610,501
ARKANSAS,LAKESIDE SCHOOL DISTRICT (CHICOT COUNTY),0508640,111
ARKANSAS,LAKESIDE SCHOOL DISTRICT,0508670,382
ARKANSAS,LAMAR SCHOOL DISTRICT,0508700,229
ARKANSAS,LAVACA SCHOOL DISTRICT,0508730,153
ARKANSAS,LINCOLN SCHOOL DISTRICT,0508940,174
ARKANSAS,LITTLE ROCK SCHOOL DISTRICT,0509000,3884
ARKANSAS,LONOKE SCHOOL DISTRICT,0509060,240
ARKANSAS,MAGAZINE SCHOOL DISTRICT,0509150,80
ARKANSAS,MAGNET COVE SCHOOL DIST.,0509190,111
ARKANSAS,MALVERN SCHOOL DISTRICT,0509240,363
ARKANSAS,MAMMOTH SPRING SCHOOL DISTRICT,0509270,72
ARKANSAS,MANSFIELD SCHOOL DISTRICT,0509330,125
ARKANSAS,LEE COUNTY SCHOOL DISTRICT,0509360,120
ARKANSAS,MARION SCHOOL DISTRICT,0509390,459
ARKANSAS,MARKED TREE SCHOOL DISTRICT,0509420,85
ARKANSAS,SEARCY COUNTY SCHOOL DISTRICT,0509480,124
ARKANSAS,MARVELL SCHOOL DISTRICT,0509510,52
ARKANSAS,MAYFLOWER SCHOOL DISTRICT,0509540,172
ARKANSAS,MAYNARD SCHOOL DISTRICT,0509570,76
ARKANSAS,MCCRORY SCHOOL DISTRICT,0509600,99
ARKANSAS,MCGEHEE SCHOOL DISTRICT,0509630,163
ARKANSAS,MELBOURNE SCHOOL DISTRICT,0509720,113
ARKANSAS,MENA SCHOOL DISTRICT,0509750,226
ARKANSAS,MINERAL SPRINGS SCHOOL DIST.,0509780,72
ARKANSAS,MONTICELLO SCHOOL DISTRICT,0509840,216
ARKANSAS,MOUNT IDA SCHOOL DISTRICT,0509990,66
ARKANSAS,MT. VERNON/ENOLA SCHOOL DIST.,0510080,69
ARKANSAS,MOUNTAIN PINE SCHOOL DISTRICT,0510170,107
ARKANSAS,MOUNTAIN VIEW SCHOOL DISTRICT,0510200,232
ARKANSAS,MOUNTAINBURG SCHOOL DISTRICT,0510260,108
ARKANSAS,MULBERRY SCHOOL DISTRICT,0510290,90
ARKANSAS,SOUTH PIKE COUNTY SCHOOL DISTRICT,0510320,123
ARKANSAS,NASHVILLE SCHOOL DISTRICT,0510380,274
ARKANSAS,NEMO VISTA SCHOOL DISTRICT,0510410,97
ARKANSAS,NETTLETON SCHOOL DISTRICT,0510440,622
ARKANSAS,NORFORK SCHOOL DISTRICT,0510560,68
ARKANSAS,N. LITTLE ROCK SCHOOL DISTRICT,0510680,1166
ARKANSAS,OMAHA SCHOOL DISTRICT,0510920,69
ARKANSAS,OSCEOLA SCHOOL DISTRICT,0510950,150
ARKANSAS,OUACHITA SCHOOL DISTRICT,0510980,73
ARKANSAS,OZARK SCHOOL DISTRICT,0511010,196
ARKANSAS,PANGBURN SCHOOL DISTRICT,0511070,102
ARKANSAS,PARIS SCHOOL DISTRICT,0511130,116
ARKANSAS,PARKERS CHAPEL SCHOOL DIST.,0511220,81
ARKANSAS,PERRYVILLE SCHOOL DISTRICT,0511340,180
ARKANSAS,PIGGOTT SCHOOL DISTRICT,0511370,143
ARKANSAS,POCAHONTAS SCHOOL DISTRICT,0511610,405
ARKANSAS,POTTSVILLE SCHOOL DISTRICT,0511700,286
ARKANSAS,POYEN SCHOOL DISTRICT,0511730,105
ARKANSAS,PRAIRIE GROVE SCHOOL DISTRICT,0511760,237
ARKANSAS,PRESCOTT SCHOOL DISTRICT,0511820,104
ARKANSAS,PULASKI CO. SPEC. SCHOOL DIST.,0511850,1916
ARKANSAS,QUITMAN SCHOOL DISTRICT,0511880,112
ARKANSAS,ROGERS SCHOOL DISTRICT,0511970,1925
ARKANSAS,ROSE BUD SCHOOL DISTRICT,0512000,120
ARKANSAS,RUSSELLVILLE SCHOOL DISTRICT,0512060,843
ARKANSAS,SALEM SCHOOL DISTRICT,0512090,120
ARKANSAS,SCRANTON SCHOOL DISTRICT,0512180,69
ARKANSAS,SEARCY SCHOOL DISTRICT,0512210,578
ARKANSAS,SHIRLEY SCHOOL DISTRICT,0512420,63
ARKANSAS,SILOAM SPRINGS SCHOOL DISTRICT,0512450,586
ARKANSAS,SLOAN-HENDRIX SCHOOL DIST.,0512480,105
ARKANSAS,SMACKOVER SCHOOL DISTRICT,0512510,108
ARKANSAS,SO. CONWAY CO. SCHOOL DISTRICT,0512520,346
ARKANSAS,SOUTHSIDE SCHOOL DISTRICT,0512540,381
ARKANSAS,SOUTH SIDE SCHOOL DISTRICT,0512570,94
ARKANSAS,SPRING HILL SCHOOL DISTRICT,0512630,73
ARKANSAS,SPRINGDALE SCHOOL DISTRICT,0512660,2419
ARKANSAS,STRONG-HUTTIG SCHOOL DISTRICT,0512930,44
ARKANSAS,STUTTGART SCHOOL DISTRICT,0512960,232
ARKANSAS,GREENE CO. TECH SCHOOL DIST.,0513080,710
ARKANSAS,TEXARKANA SCHOOL DISTRICT,0513110,474
ARKANSAS,JACKSON CO. SCHOOL DISTRICT,0513230,120
ARKANSAS,VALLEY SPRINGS SCHOOL DISTRICT,0513350,99
ARKANSAS,VALLEY VIEW SCHOOL DISTRICT,0513380,389
ARKANSAS,VAN BUREN SCHOOL DISTRICT,0513410,747
ARKANSAS,VILONIA SCHOOL DISTRICT,0513530,468
ARKANSAS,VIOLA SCHOOL DISTRICT,0513560,58
ARKANSAS,WALDRON SCHOOL DISTRICT,0513680,197
ARKANSAS,WATSON CHAPEL SCHOOL DISTRICT,0513930,231
ARKANSAS,WEST FORK SCHOOL DISTRICT,0514010,185
ARKANSAS,WESTSIDE SCHOOL DISTRICT,0514020,114
ARKANSAS,WEST SIDE SCHOOL DISTRICT,0514040,91
ARKANSAS,WHITE HALL SCHOOL DISTRICT,0514140,374
ARKANSAS,WONDERVIEW SCHOOL DISTRICT,0514370,68
ARKANSAS,WOODLAWN SCHOOL DISTRICT,0514400,89
ARKANSAS,WYNNE SCHOOL DISTRICT,0514430,386
ARKANSAS,YELLVILLE-SUMMIT SCHOOL DIST.,0514490,125
CALIFORNIA,Acton-Agua Dulce Unified,0600001,355
CALIFORNIA,California School for the Blind (State Special Schl),0600002,NA
CALIFORNIA,California School for the Deaf-Fremont (State Special Schl),0600003,NA
CALIFORNIA,Ross Valley Elementary,0600006,203
CALIFORNIA,CA Sch for the Deaf-Riverside (State Special Schl),0600007,9
CALIFORNIA,Cuyama Joint Unified,0600009,30
CALIFORNIA,Fort Sage Unified,0600011,36
CALIFORNIA,Twin Ridges Elementary,0600012,19
CALIFORNIA,Rocklin Unified,0600013,1431
CALIFORNIA,Hesperia Unified,0600014,3031
CALIFORNIA,Lucerne Valley Unified,0600015,157
CALIFORNIA,Upland Unified,0600016,1470
CALIFORNIA,Apple Valley Unified,0600017,1759
CALIFORNIA,Mountain Valley Unified,0600018,28
CALIFORNIA,Dublin Unified,0600019,868
CALIFORNIA,Pleasanton Unified,0600020,1305
CALIFORNIA,Sunol Glen Unified,0600021,13
CALIFORNIA,Mendota Unified,0600022,213
CALIFORNIA,Manhattan Beach Unified,0600025,922
CALIFORNIA,El Tejon Unified,0600026,130
CALIFORNIA,Lake Elsinore Unified,0600027,2719
CALIFORNIA,Temecula Valley Unified,0600028,3921
CALIFORNIA,Murrieta Valley Unified,0600029,3636
CALIFORNIA,Big Sur Unified,0600031,4
CALIFORNIA,Redondo Beach Unified,0600032,1258
CALIFORNIA,Dos Palos Oro Loma Joint Unified,0600033,297
CALIFORNIA,Windsor Unified,0600034,796
CALIFORNIA,Farmersville Unified,0600035,160
CALIFORNIA,Natomas Unified,0600036,1646
CALIFORNIA,Ferndale Unified,0600037,84
CALIFORNIA,Mattole Unified,0600038,12
CALIFORNIA,Delhi Unified,0600039,321
CALIFORNIA,Riverdale Joint Unified,0600040,147
CALIFORNIA,Warner Unified,0600042,45
CALIFORNIA,Scotts Valley Unified,0600043,268
CALIFORNIA,Healdsburg Unified,0600044,203
CALIFORNIA,Orland Joint Unified,0600045,340
CALIFORNIA,Gonzales Unified,0600046,271
CALIFORNIA,Tracy Joint Unified,0600047,2148
CALIFORNIA,Paso Robles Joint Unified,0600048,896
CALIFORNIA,Coast Unified,0600049,73
CALIFORNIA,Gridley Unified,0600051,229
CALIFORNIA,Eureka City Schools,0600052,678
CALIFORNIA,Hughson Unified,0600060,223
CALIFORNIA,Riverbank Unified,0600061,318
CALIFORNIA,Oakdale Joint Unified,0600062,680
CALIFORNIA,Waterford Unified,0600063,395
CALIFORNIA,Porterville Unified,0600064,1208
CALIFORNIA,Dinuba Unified,0600065,559
CALIFORNIA,Caruthers Unified,0600067,153
CALIFORNIA,Golden Valley Unified,0600068,252
CALIFORNIA,Valley Center-Pauma Unified,0600069,639
CALIFORNIA,North Kern Vocational Training Center,0600074,NA
CALIFORNIA,Kern County ROP,0600075,NA
CALIFORNIA,Kern High ROC,0600076,NA
CALIFORNIA,Kings County ROP,0600077,NA
CALIFORNIA,Lake County ROP,0600078,NA
CALIFORNIA,Lassen ROP,0600079,NA
CALIFORNIA,Napa County ROP,0600080,NA
CALIFORNIA,Modoc County ROP,0600081,NA
CALIFORNIA,Forty-Niner ROP,0600082,NA
CALIFORNIA,Plumas County ROP,0600083,NA
CALIFORNIA,Tri-Valley ROP,0600084,NA
CALIFORNIA,Eden Area ROP,0600085,NA
CALIFORNIA,Mission Valley ROC/P,0600086,NA
CALIFORNIA,Amador County ROP,0600089,NA
CALIFORNIA,Butte County ROP,0600090,NA
CALIFORNIA,Contra Costa County ROP,0600092,NA
CALIFORNIA,Del Norte County ROP,0600093,NA
CALIFORNIA,Riverside County Office Of Education ROP,0600094,NA
CALIFORNIA,Sacramento County ROP,0600095,NA
CALIFORNIA,Central Sierra ROP,0600096,NA
CALIFORNIA,Valley ROP,0600097,NA
CALIFORNIA,Fresno ROP,0600098,NA
CALIFORNIA,Glenn County ROP,0600099,NA
CALIFORNIA,Humboldt County ROP,0600100,NA
CALIFORNIA,Imperial Valley ROP,0600101,NA
CALIFORNIA,La Puente Valley ROP,0600103,NA
CALIFORNIA,East San Gabriel Valley ROP,0600105,NA
CALIFORNIA,Tri-Cities ROP,0600106,NA
CALIFORNIA,Southern California ROC,0600107,NA
CALIFORNIA,Long Beach Unified ROP,0600108,NA
CALIFORNIA,Los Angeles County ROP,0600110,NA
CALIFORNIA,Hart ROP,0600111,NA
CALIFORNIA,Antelope Valley ROP,0600112,NA
CALIFORNIA,Compton Unified ROP,0600113,NA
CALIFORNIA,San Antonio ROP,0600114,NA
CALIFORNIA,Chawanakee Unified,0600116,106
CALIFORNIA,Marin County ROP,0600117,NA
CALIFORNIA,Mendocino County ROC/ROP,0600118,NA
CALIFORNIA,Merced County ROP,0600119,NA
CALIFORNIA,Mission Trails ROP,0600120,NA
CALIFORNIA,North Orange County ROP-Adult,0600121,NA
CALIFORNIA,College and Career Advantage,0600122,NA
CALIFORNIA,Coastline ROP,0600123,NA
CALIFORNIA,Central Orange County CTE Partnership (CTEp),0600124,NA
CALIFORNIA,Shasta-Trinity ROP,0600125,NA
CALIFORNIA,WIlliam (R) Rouse ROP,0600126,NA
CALIFORNIA,Siskiyou ROP,0600127,NA
CALIFORNIA,Sonoma County ROP,0600129,NA
CALIFORNIA,Colton-Redlands-Yucaipa ROP,0600130,NA
CALIFORNIA,Baldy View ROP,0600131,NA
CALIFORNIA,San Bernardino County ROP,0600132,NA
CALIFORNIA,Santa Barbara County ROP,0600133,NA
CALIFORNIA,Metro Education,0600135,NA
CALIFORNIA,Santa Clara County ROP,0600137,NA
CALIFORNIA,San Diego County ROP,0600138,NA
CALIFORNIA,San Francisco County ROP,0600139,NA
CALIFORNIA,San Joaquin County ROP,0600140,NA
CALIFORNIA,San Mateo County ROP,0600142,NA
CALIFORNIA,Santa Cruz County ROP,0600143,NA
CALIFORNIA,Yosemite ROP,0600144,NA
CALIFORNIA,Tri-County ROP,0600145,NA
CALIFORNIA,Tehama County ROP,0600146,NA
CALIFORNIA,Ventura County ROP,0600148,NA
CALIFORNIA,Yolo County ROP,0600149,NA
CALIFORNIA,Alhambra Unified,0600153,1480
CALIFORNIA,Mono County ROC/P,0600155,NA
CALIFORNIA,Turlock Unified,0600158,1770
CALIFORNIA,Scott Valley Unified,0600159,65
CALIFORNIA,Yosemite Unified,0600160,266
CALIFORNIA,Trinity Alps Unified,0601331,98
CALIFORNIA,Twin Rivers Unified,0601332,4313
CALIFORNIA,Hamilton Unified,0601339,102
CALIFORNIA,North County Regional Occupational Center/Program (ROC/P),0601343,NA
CALIFORNIA,Bishop Unified,0601409,219
CALIFORNIA,Lammersville Joint Unified,0601410,491
CALIFORNIA,Santa Barbara Unified,0601414,1822
CALIFORNIA,Washington Unified,0601415,323
CALIFORNIA,Woodlake Unified,0601418,148
CALIFORNIA,Fortuna Elementary,0601420,313
CALIFORNIA,Santa Paula Unified,0601421,813
CALIFORNIA,California Education Authority (CEA) Headquarters,0601422,128
CALIFORNIA,Exeter Unified,0601423,243
CALIFORNIA,Bonsall Unified,0601426,381
CALIFORNIA,Penn Valley Union Elementary,0601427,85
CALIFORNIA,Wiseburn Unified,0601428,281
CALIFORNIA,CA Advancing Pathways for Students in Los Angeles Co ROC/P,0601440,NA
CALIFORNIA,Upper Lake Unified,0601442,102
CALIFORNIA,Magnolia Science Academy Santa Ana District,0601461,NA
CALIFORNIA,River Valley Charter District,0601462,NA
CALIFORNIA,Vista Springs Charter District,0601463,NA
CALIFORNIA,Community Montessori District,0601464,81
CALIFORNIA,Oakland Charter High District,0601465,24
CALIFORNIA,Girls Athletic Leadership School Los Angeles District,0601466,NA
CALIFORNIA,Pacific Community Charter District,0601467,4
CALIFORNIA,America's Finest Charter District,0601468,79
CALIFORNIA,Sycamore Valley Academy District,0601469,35
CALIFORNIA,Crete Academy District,0601470,NA
CALIFORNIA,Accelerated Charter Elementary District,0601471,NA
CALIFORNIA,Ocean Grove Charter District,0601472,17
CALIFORNIA,Classical Academy Vista District,0601473,65
CALIFORNIA,B. Roberto Cruz Leadership Academy District,0601474,28
CALIFORNIA,Pathways to College K8 District,0601475,NA
CALIFORNIA,Camino Nuevo Charter High District,0601476,NA
CALIFORNIA,New Heights Charter District,0601477,NA
CALIFORNIA,Meadows Arts and Technology Elementary District,0601478,NA
CALIFORNIA,American Indian Public Charter District,0601479,9
CALIFORNIA,Sol Aureus College Preparatory District,0601480,17
CALIFORNIA,SOAR Charter Academy District,0601481,3
CALIFORNIA,SD Global Vision Academy District,0601483,46
CALIFORNIA,PUC Triumph CHRTR Academy & PUC Triumph CHRTR High District,0601484,121
CALIFORNIA,Crescent Valley Public Charter II District,0601485,63
CALIFORNIA,Palm Lane Elementary Charter District,0601486,35
CALIFORNIA,Mojave River Academy - Route 66 District,0601487,NA
CALIFORNIA,Palisades Charter High District,0601488,NA
CALIFORNIA,The Heights Charter District,0601489,NA
CALIFORNIA,CHIME Institute's Schwarzenegger Community District,0601490,NA
CALIFORNIA,Leadership High District,0601491,39
CALIFORNIA,Downtown Charter Academy District,0601493,19
CALIFORNIA,Los Angeles Leadership Academy District,0601494,NA
CALIFORNIA,Wilder's Preparatory Academy Charter Middle District,0601495,10
CALIFORNIA,Aspire Triumph Technology Academy District,0601496,39
CALIFORNIA,Willits Elementary Charter District,0601497,NA
CALIFORNIA,KIPP Bayview Elementary District,0601498,NA
CALIFORNIA,Sierra Expeditionary Learning District,0601499,NA
CALIFORNIA,Options for Youth-Acton District,0601500,75
CALIFORNIA,Olive Grove Charter - Buellton District,0601501,NA
CALIFORNIA,Making Waves Academy District,0601502,53
CALIFORNIA,Elevate District,0601503,31
CALIFORNIA,Da Vinci Communications District,0601505,64
CALIFORNIA,ISANA Himalia Academy District,0601507,NA
CALIFORNIA,Valley Life Charter District,0601508,49
CALIFORNIA,Sweetwater Secondary District,0601509,NA
CALIFORNIA,Health Sciences Middle District,0601510,3
CALIFORNIA,Creekside Charter District,0601511,NA
CALIFORNIA,Sutter Peak Charter Academy District,0601512,40
CALIFORNIA,Peabody Charter District,0601513,NA
CALIFORNIA,Latitude 37.8 High District,0601514,NA
CALIFORNIA,High Tech High Media Arts District,0601515,52
CALIFORNIA,Harbor Springs Charter District,0601516,30
CALIFORNIA,Compass Charter Schools of San Diego District,0601517,47
CALIFORNIA,OnePurpose District,0601518,3
CALIFORNIA,EPIC CHRTR(Excellence Perf Innovation Citzenship) DIST,0601519,76
CALIFORNIA,Howard Gardner Community Charter District,0601520,39
CALIFORNIA,All Tribes Elementary Charter District,0601521,NA
CALIFORNIA,Audeo Charter District,0601522,99
CALIFORNIA,Encore Jr./Sr. High Sch for the Perf & Visual Arts District,0601523,NA
CALIFORNIA,Aspire Titan Academy District,0601524,NA
CALIFORNIA,Monsenor Oscar Romero Charter Middle District,0601526,NA
CALIFORNIA,Iftin Charter District,0601527,12
CALIFORNIA,Insight @ San Diego District,0601528,6
CALIFORNIA,Valor Academy Elementary District,0601529,NA
CALIFORNIA,PUC Community Charter Elementary District,0601530,3
CALIFORNIA,California Heritage Youthbuild Academy II District,0601531,NA
CALIFORNIA,Bright Star Secondary Charter Academy District,0601532,NA
CALIFORNIA,Ingenuity Charter District,0601533,53
CALIFORNIA,Los Angeles Academy of Arts and Enterprise District,0601534,NA
CALIFORNIA,Intellectual Virtues Academy District,0601535,37
CALIFORNIA,Rocketship Si Se Puede Academy District,0601536,38
CALIFORNIA,Pacific View Charter District,0601537,106
CALIFORNIA,Multicultural Learning Center District,0601538,NA
CALIFORNIA,Environmental Charter Middle - Inglewood District,0601540,38
CALIFORNIA,ISANA Palmati Academy District,0601541,NA
CALIFORNIA,Alliance Kory Hunter Middle District,0601542,NA
CALIFORNIA,New Designs Charter School-Watts District,0601543,NA
CALIFORNIA,KIPP Comienza Community Prep District,0601544,92
CALIFORNIA,Keiller Leadership Academy District,0601545,83
CALIFORNIA,Ivy Bound Acad Math Sci and Tech Charter Mid 2 District,0601546,NA
CALIFORNIA,Aspire Richmond Technology Academy District,0601547,38
CALIFORNIA,New Designs Charter District,0601548,NA
CALIFORNIA,Pivot Charter School North Valley II District,0601549,37
CALIFORNIA,Los Feliz Charter School for the Arts District,0601550,NA
CALIFORNIA,Urban Discovery Academy Charter District,0601551,90
CALIFORNIA,Aspire Golden State College Preparatory Academy District,0601552,58
CALIFORNIA,Aspire Centennial College Preparatory Academy District,0601553,NA
CALIFORNIA,Inspire School of Arts and Sciences District,0601554,47
CALIFORNIA,Glacier High School Charter District,0601555,15
CALIFORNIA,Uncharted Shores Academy District,0601556,NA
CALIFORNIA,Aspire Junior Collegiate Academy District,0601557,NA
CALIFORNIA,Norton Science and Language Academy District,0601558,NA
CALIFORNIA,Lake County International Charter District,0601559,4
CALIFORNIA,Classical Academy District,0601560,160
CALIFORNIA,ACE Charter High District,0601561,67
CALIFORNIA,Mission View Public District,0601562,65
CALIFORNIA,Sherman Thomas Charter High District,0601563,9
CALIFORNIA,North Valley Military INST College ACAD District,0601564,127
CALIFORNIA,Nova Academy Early College High District,0601565,10
CALIFORNIA,International School of Monterey District,0601567,3
CALIFORNIA,Alliance Ted K. Tajima High District,0601568,NA
CALIFORNIA,WISH Academy High District,0601569,NA
CALIFORNIA,Monterey Bay Charter District,0601570,46
CALIFORNIA,New Village Girls Academy District,0601571,NA
CALIFORNIA,Alliance Alice M. Baxter College-Ready High District,0601572,NA
CALIFORNIA,Watts Learning Center District,0601573,NA
CALIFORNIA,Yuba Environmental Science Charter Academy District,0601574,3
CALIFORNIA,TEACH Prep Mildred S. Cunningham & Edith H. Morris Elem DIST,0601575,NA
CALIFORNIA,KIPP Adelante Preparatory Academy District,0601576,52
CALIFORNIA,Mojave River Academy - Silver Mountain District,0601577,NA
CALIFORNIA,Mueller Charter (Robert L.) District,0601578,NA
CALIFORNIA,Opportunities for Learning - Santa Clarita District,0601579,110
CALIFORNIA,CHAMPS - Charter HS of Arts-Multimedia & Performing District,0601580,NA
CALIFORNIA,Laurel Tree Charter District,0601581,3
CALIFORNIA,Caliber: ChangeMakers Academy District,0601582,81
CALIFORNIA,Five Keys Adult School (SF Sheriff's) District,0601583,3
CALIFORNIA,PUC Lakeview Charter Academy District,0601584,54
CALIFORNIA,King-Chavez Academy of Excellence District,0601585,44
CALIFORNIA,Valley Charter Elementary District,0601586,NA
CALIFORNIA,Golden Valley Orchard District,0601587,NA
CALIFORNIA,Edison-Bethune Charter Academy District,0601588,27
CALIFORNIA,Alliance College-Ready Middle Academy 8 District,0601589,NA
CALIFORNIA,Heartland Charter District,0601590,331
CALIFORNIA,Discovery Charter District,0601591,3
CALIFORNIA,JCS - Pine Hills District,0601592,122
CALIFORNIA,Clear Passage Educational Center District,0601593,3
CALIFORNIA,Santa Monica Boulevard Community Charter District,0601594,NA
CALIFORNIA,Redding STEM Academy District,0601595,31
CALIFORNIA,Birmingham Community Charter High District,0601596,NA
CALIFORNIA,Downtown College Preparatory District,0601597,NA
CALIFORNIA,Aspire Capitol Heights Academy District,0601598,21
CALIFORNIA,ISANA Nascent Academy District,0601599,NA
CALIFORNIA,Scholarship Prep - Oceanside District,0601600,63
CALIFORNIA,Mojave River Academy - Gold Canyon District,0601601,NA
CALIFORNIA,Piner-Olivet Charter District,0601602,NA
CALIFORNIA,Oasis Charter Public District,0601603,19
CALIFORNIA,Aspire East Palo Alto Charter District,0601604,79
CALIFORNIA,Family First Charter District,0601605,5
CALIFORNIA,Northern United - Siskiyou Charter District,0601606,12
CALIFORNIA,Summit Leadership Academy-High Desert District,0601607,47
CALIFORNIA,Willow Creek Academy Charter District,0601608,3
CALIFORNIA,Sierra Charter District,0601609,58
CALIFORNIA,Redwood Academy of Ukiah District,0601610,3
CALIFORNIA,Orange County Workforce Innovation High District,0601611,48
CALIFORNIA,LA's Promise Charter High #1 District,0601612,42
CALIFORNIA,Fenton STEM Acad: Elem CTR for Sci Tech Engr & Math District,0601613,NA
CALIFORNIA,Envision Academy for Arts & Technology District,0601614,47
CALIFORNIA,Achieve Charter High District,0601615,NA
CALIFORNIA,California Virtual Academy at Fresno District,0601616,80
CALIFORNIA,Lennox Mathematics Science and Technology Academy District,0601617,42
CALIFORNIA,KIPP Heartwood Academy District,0601619,35
CALIFORNIA,ABC Unified,0601620,2093
CALIFORNIA,Rocketship Discovery Prep District,0601621,49
CALIFORNIA,High Tech Middle North County District,0601622,NA
CALIFORNIA,Roses in Concrete District,0601623,3
CALIFORNIA,Animo Legacy Charter Middle District,0601624,NA
CALIFORNIA,Alta Vista Innovation High District,0601625,333
CALIFORNIA,KIPP San Francisco Bay Academy District,0601626,51
CALIFORNIA,Innovations Academy District,0601627,63
CALIFORNIA,Humphreys College Academy of Business Law and ED District,0601628,3
CALIFORNIA,Community Collaborative Virtual - Sage Oak Charter District,0601629,197
CALIFORNIA,Magnolia Science Academy Bell District,0601630,NA
CALIFORNIA,Trivium Charter School Adventure District,0601631,31
CALIFORNIA,Pacific View Charter 2.0 District,0601632,12
CALIFORNIA,College Bridge Academy District,0601633,NA
CALIFORNIA,New Day Academy District,0601634,49
CALIFORNIA,Alternatives in Action District,0601635,NA
CALIFORNIA,Alpha Cindy Avitia High District,0601636,76
CALIFORNIA,Rocketship Alma Academy District,0601637,40
CALIFORNIA,College Preparatory Middle District,0601638,NA
CALIFORNIA,County Collaborative Charter District,0601639,19
CALIFORNIA,Leadership Military Academy District,0601640,47
CALIFORNIA,Provisional Accelerated Learning Academy District,0601641,20
CALIFORNIA,The Academy of Alameda District,0601642,55
CALIFORNIA,Pathways Academy Charter Adult Education District,0601643,4
CALIFORNIA,Eel River Charter District,0601644,NA
CALIFORNIA,Arroyo Vista Charter District,0601645,NA
CALIFORNIA,Olive Grove Charter District,0601646,NA
CALIFORNIA,Impact Academy of Arts & Technology District,0601647,61
CALIFORNIA,Summit Public School: Shasta District,0601648,33
CALIFORNIA,Animo Mae Jemison Charter Middle District,0601649,NA
CALIFORNIA,Acalanes Union High,0601650,553
CALIFORNIA,California Collegiate Charter District,0601651,NA
CALIFORNIA,Gabriella Charter 2 District,0601652,NA
CALIFORNIA,California Montessori Project-San Juan Campuses District,0601653,217
CALIFORNIA,Alliance Virgil Roberts Leadership Academy District,0601654,NA
CALIFORNIA,Golden Oak Montessori of Hayward District,0601655,31
CALIFORNIA,Downtown College Prep - Alum Rock District,0601656,NA
CALIFORNIA,Animo Jackie Robinson High District,0601657,NA
CALIFORNIA,Animo Ellen Ochoa Charter Middle District,0601658,NA
CALIFORNIA,Optimist Charter District,0601659,16
CALIFORNIA,Heritage K-8 Charter District,0601660,NA
CALIFORNIA,eCademy Charter at Crane District,0601661,NA
CALIFORNIA,Kavod Charter District,0601662,24
CALIFORNIA,Alameda Community Learning Center District,0601664,42
CALIFORNIA,Chico Country Day District,0601665,45
CALIFORNIA,Alliance Collins Family College-Ready High District,0601666,NA
CALIFORNIA,Aspire Pacific Academy District,0601667,NA
CALIFORNIA,The City District,0601668,NA
CALIFORNIA,Golden Valley River District,0601669,3
CALIFORNIA,Richmond Charter Elementary-Benito Juarez District,0601670,36
CALIFORNIA,Alpha: Cornerstone Academy Preparatory District,0601671,31
CALIFORNIA,Oxford Preparatory Academy - Saddleback Valley District,0601672,57
CALIFORNIA,Rocklin Academy at Meyers Street District,0601674,22
CALIFORNIA,Crescent View West Public Charter District,0601677,214
CALIFORNIA,Magnolia Science Academy 4 District,0601678,NA
CALIFORNIA,Valor Academy Middle District,0601679,NA
CALIFORNIA,Ackerman Charter,0601680,56
CALIFORNIA,SIATech Academy South District,0601681,3
CALIFORNIA,MethodSchools District,0601682,3
CALIFORNIA,Lifeline Education Charter District,0601683,67
CALIFORNIA,High Tech LA District,0601684,NA
CALIFORNIA,Morrice Schaefer Charter District,0601685,NA
CALIFORNIA,LaVerne Elementary Preparatory Academy District,0601686,NA
CALIFORNIA,King-Chavez Preparatory Academy District,0601687,56
CALIFORNIA,JCS - Cedar Cove District,0601688,NA
CALIFORNIA,Pivot Charter School - San Diego II District,0601689,28
CALIFORNIA,Alliance Leichtman-Levine FAM Foundation Env Sci High DIST,0601690,NA
CALIFORNIA,Community School for Creative Education District,0601691,29
CALIFORNIA,KIPP Academy of Opportunity District,0601693,71
CALIFORNIA,Alliance Jack H. Skirball Middle District,0601694,NA
CALIFORNIA,San Jose Charter Academy District,0601695,89
CALIFORNIA,KIPP Compton Community District,0601696,12
CALIFORNIA,San Jose Conservation Corps Charter District,0601697,21
CALIFORNIA,Millennium Charter District,0601698,NA
CALIFORNIA,Watts Learning Center Charter Middle District,0601699,NA
CALIFORNIA,City Heights Preparatory Charter District,0601700,14
CALIFORNIA,Empire Springs Charter District,0601701,157
CALIFORNIA,Global Education Academy District,0601702,NA
CALIFORNIA,Aspire Alexander Twilight Secondary Academy District,0601703,69
CALIFORNIA,ASCEND District,0601704,46
CALIFORNIA,Guajome Park Academy Charter District,0601705,122
CALIFORNIA,Magnolia Science Academy District,0601706,101
CALIFORNIA,Alliance Margaret M.Bloomfield Technology ACAD High District,0601707,NA
CALIFORNIA,Environmental Charter Middle District,0601708,48
CALIFORNIA,New Vision Middle District,0601709,22
CALIFORNIA,Adelanto Elementary,0601710,1336
CALIFORNIA,ASA Charter District,0601711,15
CALIFORNIA,Kid Street Learning Center Charter District,0601712,5
CALIFORNIA,Los Angeles College Prep Academy District,0601713,NA
CALIFORNIA,Aspen Valley Prep Academy District,0601714,39
CALIFORNIA,Vista Norte Public Charter District,0601715,65
CALIFORNIA,California Virtual Academy @ Los Angeles District,0601716,414
CALIFORNIA,Civicorps Corpsmember Academy District,0601717,5
CALIFORNIA,Cox Academy District,0601718,52
CALIFORNIA,Manzanita Public Charter District,0601719,40
CALIFORNIA,Animo College Preparatory Academy District,0601720,NA
CALIFORNIA,Rise Kohyang Elementary District,0601721,NA
CALIFORNIA,Richmond College Preparatory District,0601722,NA
CALIFORNIA,Rise Kohyang Middle District,0601723,NA
CALIFORNIA,AeroSTEM Academy District,0601724,5
CALIFORNIA,ICEF Inglewood Elementary Charter Academy District,0601725,33
CALIFORNIA,Caliber: Beta Academy District,0601726,79
CALIFORNIA,Kings Valley Academy II District,0601728,96
CALIFORNIA,Rocketship Rising Stars District,0601729,43
CALIFORNIA,Horizon Charter District,0601730,373
CALIFORNIA,ICEF View Park Preparatory High District,0601731,NA
CALIFORNIA,Accelerated District,0601732,NA
CALIFORNIA,Opportunities for Learning - Baldwin Park District,0601733,507
CALIFORNIA,CORE Charter District,0601734,37
CALIFORNIA,Los Feliz Charter Middle School for the Arts District,0601735,NA
CALIFORNIA,Village Charter Academy District,0601736,NA
CALIFORNIA,Bella Mente Montessori Academy District,0601737,64
CALIFORNIA,REACH Leadership STEAM Academy District,0601738,36
CALIFORNIA,Epiphany Prep Charter District,0601739,55
CALIFORNIA,South Sutter Charter District,0601740,168
CALIFORNIA,Camino Nuevo Charter Academy #2 District,0601741,NA
CALIFORNIA,Ararat Charter District,0601742,NA
CALIFORNIA,Sky Mountain Charter District,0601743,166
CALIFORNIA,Ballington Academy for the Arts and Sciences District,0601744,24
CALIFORNIA,Insight School of California District,0601745,11
CALIFORNIA,Mission Academy District,0601746,51
CALIFORNIA,North Oakland Community Charter District,0601747,27
CALIFORNIA,Dr. Lewis Dolphin Stallworth Sr. Charter District,0601748,25
CALIFORNIA,Summit Public School: Rainier District,0601749,39
CALIFORNIA,Mojave River Academy - Marble City District,0601751,NA
CALIFORNIA,Hume Lake Charter District,0601752,5
CALIFORNIA,High Tech High District,0601753,61
CALIFORNIA,Scholarship Prep District,0601754,48
CALIFORNIA,Lodestar: A Lighthouse Community Charter Public District,0601755,52
CALIFORNIA,River Islands Technology Academy II District,0601756,59
CALIFORNIA,National Univ Acad HomeSch/Independent Study Orange Co DIST,0601757,13
CALIFORNIA,El Sol Santa Ana Science and Arts Academy District,0601758,7
CALIFORNIA,University Preparatory District,0601759,NA
CALIFORNIA,Vista Condor Global Academy District,0601760,21
CALIFORNIA,APEX Academy District,0601761,NA
CALIFORNIA,EPIC de Cesar Chavez District,0601762,NA
CALIFORNIA,Classical Academy High District,0601763,92
CALIFORNIA,KIPP Raices Academy District,0601764,55
CALIFORNIA,Rio Valley Charter District,0601765,111
CALIFORNIA,Renaissance Arts Academy District,0601766,NA
CALIFORNIA,Yav Pem Suab Academy - Preparing for Future Charter District,0601767,22
CALIFORNIA,High Tech Elementary Explorer District,0601768,55
CALIFORNIA,City Language Immersion Charter District,0601769,NA
CALIFORNIA,Alameda Unified,0601770,1125
CALIFORNIA,Voices College-Bound Language ACAD at Morgan Hill District,0601771,31
CALIFORNIA,Plumas Charter District,0601773,38
CALIFORNIA,Futures High District,0601775,NA
CALIFORNIA,California Montessori Project - Elk Grove Campus District,0601776,80
CALIFORNIA,ISANA Achernar Academy District,0601777,40
CALIFORNIA,Aspire University Charter District,0601778,41
CALIFORNIA,Vista Oaks Charter District,0601779,154
CALIFORNIA,Gold Rush Charter District,0601780,34
CALIFORNIA,SIATech District,0601781,56
CALIFORNIA,Rocketship Mateo Sheedy Elementary District,0601782,38
CALIFORNIA,Mare Island Technology Academy District,0601783,38
CALIFORNIA,Desert Sands Charter District,0601784,161
CALIFORNIA,PUC Lakeview Charter High District,0601785,54
CALIFORNIA,The Language Academy of Sacramento District,0601786,73
CALIFORNIA,High Tech LA Middle District,0601787,NA
CALIFORNIA,Gompers Preparatory Academy District,0601788,203
CALIFORNIA,Valor Academy High District,0601789,NA
CALIFORNIA,Compass Charter Schools of Los Angeles District,0601790,76
CALIFORNIA,KIPP Ignite Academy District,0601791,NA
CALIFORNIA,Stockton Collegiate International Secondary District,0601792,27
CALIFORNIA,Rocketship Redwood City District,0601793,30
CALIFORNIA,Options for Youth-San Juan District,0601794,31
CALIFORNIA,Extera Public School No. 2 District,0601795,NA
CALIFORNIA,SAVA- Sacramento ACAD and Vocational Academy- EGUSD District,0601796,64
CALIFORNIA,Los Angeles Leadership Primary Academy District,0601797,NA
CALIFORNIA,Math and Science College Preparatory District,0601798,NA
CALIFORNIA,Ednovate - Brio College Prep District,0601799,NA
CALIFORNIA,High Tech Middle Chula Vista District,0601800,NA
CALIFORNIA,Aspire Langston Hughes Academy District,0601801,89
CALIFORNIA,California Virtual Academy San Mateo District,0601802,90
CALIFORNIA,Valley Oak Charter District,0601803,NA
CALIFORNIA,Extera Public District,0601804,NA
CALIFORNIA,California Virtual Academy @ San Diego District,0601805,42
CALIFORNIA,iLEAD Online District,0601806,15
CALIFORNIA,High Tech Middle District,0601808,62
CALIFORNIA,San Diego Cooperative Charter District,0601809,133
CALIFORNIA,California Virtual Academy at Sutter District,0601810,88
CALIFORNIA,Cottonwood Creek Charter District,0601811,11
CALIFORNIA,REACH District,0601812,19
CALIFORNIA,Bellevue-Santa Fe Charter District,0601813,NA
CALIFORNIA,Barona Indian Charter District,0601814,24
CALIFORNIA,Leadership Public Schools - Hayward District,0601815,35
CALIFORNIA,Urban Montessori Charter District,0601816,35
CALIFORNIA,Harriet Tubman Village Charter District,0601817,48
CALIFORNIA,High Tech High North County District,0601818,NA
CALIFORNIA,Conservatory of Vocal/Instrumental Arts High District,0601819,6
CALIFORNIA,Lemoore Online College Preparatory High District,0601820,NA
CALIFORNIA,Aspire Antonio Maria Lugo Academy District,0601821,57
CALIFORNIA,Antioch Charter Academy II District,0601822,26
CALIFORNIA,Gorman Learning Center San Bernardino/Santa Clarita District,0601823,100
CALIFORNIA,Higher Learning Academy District,0601824,NA
CALIFORNIA,Opportunities for Learning - Duarte District,0601825,23
CALIFORNIA,Aspire Vanguard College Preparatory Academy District,0601826,59
CALIFORNIA,Bay Area Technology District,0601827,27
CALIFORNIA,Journey District,0601828,61
CALIFORNIA,Big Picture Educational Academy District,0601829,9
CALIFORNIA,EJE Elementary Academy Charter District,0601830,NA
CALIFORNIA,Gilroy Prep (a Navigator School) District,0601831,33
CALIFORNIA,Kairos Public School Vacaville Academy District,0601832,44
CALIFORNIA,PUC CALS Middle School and Early College High District,0601833,74
CALIFORNIA,University High District,0601834,5
CALIFORNIA,Alliance Marine - Innovation and Techn 6-12 Complex District,0601835,NA
CALIFORNIA,School of Universal Learning (SOUL) District,0601836,3
CALIFORNIA,Camino Nuevo Charter Academy #4 District,0601837,NA
CALIFORNIA,Steele Canyon High District,0601838,3
CALIFORNIA,Francophone Charter School of Oakland District,0601839,30
CALIFORNIA,Thompson Peak Charter District,0601840,21
CALIFORNIA,JCS - Manzanita District,0601841,26
CALIFORNIA,San Carlos Charter Learning Center District,0601842,10
CALIFORNIA,CORE Butte Charter District,0601843,126
CALIFORNIA,New West Charter District,0601844,NA
CALIFORNIA,Sherwood Montessori District,0601845,24
CALIFORNIA,TEAM Charter District,0601846,NA
CALIFORNIA,Mirus Secondary District,0601847,42
CALIFORNIA,Rocketship Academy Brilliant Minds District,0601848,52
CALIFORNIA,Crown Preparatory Academy District,0601849,NA
CALIFORNIA,Port of Los Angeles High District,0601850,NA
CALIFORNIA,California Connections Academy Southern California District,0601851,444
CALIFORNIA,ACE Esperanza Middle District,0601852,51
CALIFORNIA,Wonderful College Prep Academy - Lost Hills District,0601853,20
CALIFORNIA,Antelope Valley Learning Academy District,0601854,271
CALIFORNIA,Audeo Charter II District,0601855,NA
CALIFORNIA,Fusion Charter District,0601856,3
CALIFORNIA,Aspire Ollin University Preparatory Academy District,0601857,72
CALIFORNIA,Ingenium Charter Middle District,0601858,NA
CALIFORNIA,EJE Middle Academy District,0601859,3
CALIFORNIA,Albany City Unified,0601860,285
CALIFORNIA,Gateway Middle District,0601861,NA
CALIFORNIA,Kepler Neighborhood District,0601862,38
CALIFORNIA,ISANA Cardinal Academy District,0601863,NA
CALIFORNIA,Resolute Academy Charter District,0601864,NA
CALIFORNIA,Alliance College-Ready Middle Academy 4 District,0601865,NA
CALIFORNIA,New Los Angeles Charter District,0601866,NA
CALIFORNIA,Synergy Quantum Academy District,0601867,NA
CALIFORNIA,Rising Sun Montessori District,0601868,9
CALIFORNIA,Learning Works District,0601869,NA
CALIFORNIA,Options for Youth-San Bernardino District,0601870,85
CALIFORNIA,Vista Charter Middle District,0601871,NA
CALIFORNIA,John Henry High District,0601872,17
CALIFORNIA,The Education Corps District,0601873,NA
CALIFORNIA,MIT Griffin Academy Middle District,0601875,21
CALIFORNIA,Charter School of San Diego District,0601876,352
CALIFORNIA,Accelerated Achievement Academy District,0601877,7
CALIFORNIA,High Tech Middle Media Arts District,0601878,55
CALIFORNIA,BRIDGES Charter District,0601879,NA
CALIFORNIA,American Indian Public Charter II District,0601880,13
CALIFORNIA,ICEF View Park Preparatory Elementary District,0601881,NA
CALIFORNIA,Fuente Nueva Charter District,0601882,NA
CALIFORNIA,Endeavor College Preparatory Charter District,0601883,NA
CALIFORNIA,California Virtual Academy at Kings District,0601884,46
CALIFORNIA,Magnolia Science Academy 5 District,0601885,43
CALIFORNIA,Learning Without Limits District,0601886,37
CALIFORNIA,Nea Community Learning Center District,0601887,76
CALIFORNIA,Discovery Charter District,0601888,NA
CALIFORNIA,Stella Middle Charter Academy District,0601889,NA
CALIFORNIA,Alexander Valley Union Elementary,0601890,10
CALIFORNIA,High Tech High International District,0601891,54
CALIFORNIA,Leadership Public Schools: Richmond District,0601892,63
CALIFORNIA,San Diego Virtual District,0601893,3
CALIFORNIA,Santiago Middle District,0601894,161
CALIFORNIA,Forest Ranch Charter District,0601895,NA
CALIFORNIA,Albert Einstein Academy Charter Middle District,0601896,79
CALIFORNIA,Scale Leadership Academy - East District,0601897,NA
CALIFORNIA,Vaughn Next Century Learning Center District,0601898,NA
CALIFORNIA,Animo Ralph Bunche Charter High District,0601899,NA
CALIFORNIA,Alliance Piera Barbaglia Shaheen HLT SRVs Academy District,0601900,NA
CALIFORNIA,East Palo Alto Academy District,0601901,NA
CALIFORNIA,El Camino Real Charter High District,0601902,NA
CALIFORNIA,Children's Community Charter District,0601903,NA
CALIFORNIA,Larchmont Charter District,0601904,NA
CALIFORNIA,PUC Milagro Charter District,0601905,31
CALIFORNIA,Escuela Popular Accelerated Family Learning District,0601906,35
CALIFORNIA,Downtown Value District,0601907,NA
CALIFORNIA,River Oaks Academy District,0601908,3
CALIFORNIA,Northern United - Humboldt Charter District,0601909,13
CALIFORNIA,Academy for Academic Excellence District,0601911,NA
CALIFORNIA,Summit Public School K2 District,0601912,51
CALIFORNIA,Charter School of Morgan Hill District,0601913,42
CALIFORNIA,California School of the Arts - San Gabriel Valley District,0601914,18
CALIFORNIA,Odyssey Charter District,0601915,3
CALIFORNIA,Willits Charter District,0601916,3
CALIFORNIA,Our Community Charter District,0601917,NA
CALIFORNIA,ICEF Vista Middle Academy District,0601918,NA
CALIFORNIA,Ballington Acad for Arts & Scis - San Bernardino District,0601919,4
CALIFORNIA,KIPP Corazon Academy District,0601920,64
CALIFORNIA,Voices College-Bound Lang Acad @ W. Contra Costa Co District,0601921,8
CALIFORNIA,Redwood Coast Montessori District,0601922,3
CALIFORNIA,N.E.W. Academy of Science and Arts District,0601923,NA
CALIFORNIA,Olivet Elementary Charter District,0601924,NA
CALIFORNIA,Anahuacalmecac International Univ Prep N. America District,0601925,29
CALIFORNIA,Alliance Dr. Olga Mohan High District,0601926,NA
CALIFORNIA,Phoenix Charter Academy District,0601927,15
CALIFORNIA,Integrity Charter District,0601928,NA
CALIFORNIA,JCS - Mountain Oaks District,0601929,22
CALIFORNIA,Ridgecrest Elem Acad for Language Music and Sci District,0601931,35
CALIFORNIA,Latino College Preparatory Academy District,0601932,41
CALIFORNIA,Primary Charter District,0601933,NA
CALIFORNIA,Alliance Judy Ivie Burton Technology Academy High District,0601934,NA
CALIFORNIA,Mojave River Academy - National Trails District,0601935,NA
CALIFORNIA,Novato Charter District,0601936,NA
CALIFORNIA,Lighthouse Community Charter District,0601937,47
CALIFORNIA,Trivium Charter School Voyage District,0601938,28
CALIFORNIA,Arts in Action Community Middle District,0601939,NA
CALIFORNIA,Grossmont Secondary District,0601940,NA
CALIFORNIA,Ipakanni Early College Charter District,0601941,NA
CALIFORNIA,Northcoast Preparatory and Performing Arts Academy District,0601942,NA
CALIFORNIA,Almond Acres Charter Academy District,0601943,28
CALIFORNIA,Equitas Academy #3 Charter District,0601944,NA
CALIFORNIA,Palmdale Aerospace Academy District,0601945,153
CALIFORNIA,Rise Kohyang High District,0601946,NA
CALIFORNIA,Empower Generations District,0601947,21
CALIFORNIA,GOALS Academy District,0601948,24
CALIFORNIA,Alisal Union,0601950,876
CALIFORNIA,Today's Fresh Start-Compton District,0601952,59
CALIFORNIA,Valley International Preparatory High District,0601953,NA
CALIFORNIA,National University Academy Dual Language Institute District,0601954,17
CALIFORNIA,Lashon Academy District,0601955,40
CALIFORNIA,Elite ACAD Academy - Adult Work Force Investment District,0601956,NA
CALIFORNIA,KIPP San Francisco College Preparatory District,0601957,59
CALIFORNIA,Libertas College Preparatory Charter District,0601958,NA
CALIFORNIA,Pacoima Charter Elementary District,0601959,NA
CALIFORNIA,Animo James B. Taylor Charter Middle District,0601960,NA
CALIFORNIA,Pacific Coast Academy District,0601961,400
CALIFORNIA,Oxford Preparatory Academy - South Orange County District,0601962,80
CALIFORNIA,Venture Academy District,0601963,NA
CALIFORNIA,iQ Academy California-Los Angeles District,0601964,63
CALIFORNIA,Soleil Academy Charter District,0601965,5
CALIFORNIA,Excelsior Charter School Corona-Norco District,0601966,NA
CALIFORNIA,LPS Oakland R & D Campus District,0601967,49
CALIFORNIA,Ednovate - East College Prep District,0601968,NA
CALIFORNIA,John Adams Academy - El Dorado Hills District,0601969,53
CALIFORNIA,Taylion High Desert Academy/Adelanto District,0601970,3
CALIFORNIA,Oakland Military InstituteCollege Preparatory ACAD District,0601971,72
CALIFORNIA,Woodland Star Charter District,0601972,21
CALIFORNIA,Da Vinci Design District,0601973,57
CALIFORNIA,Vox Collegiate of Los Angeles District,0601974,NA
CALIFORNIA,Clarksville Charter District,0601975,101
CALIFORNIA,CA Montessori Project-Shingle Springs Campus District,0601976,67
CALIFORNIA,Knowledge Enlightens You (KEY) Academy District,0601977,21
CALIFORNIA,Stone Bridge District,0601978,24
CALIFORNIA,Delta Elementary Charter District,0601979,39
CALIFORNIA,Allensworth Elementary,0601980,6
CALIFORNIA,Leadership Military Academy - Indio District,0601981,6
CALIFORNIA,Golden Valley Tahoe District,0601982,NA
CALIFORNIA,Camino Polytechnic District,0601983,NA
CALIFORNIA,Baypoint Preparatory Academy District,0601984,NA
CALIFORNIA,John Adams Academy - Lincoln District,0601986,19
CALIFORNIA,National University Academy 1001 STEAM District,0601987,8
CALIFORNIA,MAAC Community Charter District,0601988,15
CALIFORNIA,All Tribes Charter District,0601989,3
CALIFORNIA,California Virtual Academy @ San Joaquin District,0601990,162
CALIFORNIA,Dimensions Collaborative District,0601991,74
CALIFORNIA,Leonardo da Vinci Health Sciences Charter District,0601992,20
CALIFORNIA,Voices College-Bound Language Academy District,0601993,62
CALIFORNIA,Aspire ERES Academy District,0601994,33
CALIFORNIA,Redwood Preparatory Charter District,0601995,3
CALIFORNIA,Yuba City Charter District,0601996,25
CALIFORNIA,Monarch Learning Center District,0601997,18
CALIFORNIA,Five Keys Charter (SF Sheriff's) District,0601998,3
CALIFORNIA,Three Rivers Charter District,0601999,NA
CALIFORNIA,Camino Nuevo High #2 District,0602000,NA
CALIFORNIA,NextGeneration STEAM Academy District,0602001,NA
CALIFORNIA,Old Town Academy K-8 Charter District,0602002,21
CALIFORNIA,Natomas Charter District,0602003,141
CALIFORNIA,Ednovate - Esperanza College Prep District,0602004,NA
CALIFORNIA,Julian Charter District,0602005,16
CALIFORNIA,Northwest Prep Charter District,0602006,NA
CALIFORNIA,Pasadena Rosebud Academy District,0602007,4
CALIFORNIA,Gateway College and Career Academy District,0602008,11
CALIFORNIA,Sycamore Academy of Science and Cultural Arts District,0602009,69
CALIFORNIA,Alpaugh Unified,0602010,20
CALIFORNIA,UNIV Preparation Charter SCH @ CSU Channel Islands District,0602011,3
CALIFORNIA,Golden Valley Charter District,0602012,NA
CALIFORNIA,Yu Ming Charter District,0602013,27
CALIFORNIA,Nord Country District,0602014,20
CALIFORNIA,King-Chavez Primary Academy District,0602015,19
CALIFORNIA,Oxford Day Academy District,0602016,10
CALIFORNIA,KIPP Promesa Prep District,0602017,46
CALIFORNIA,Barack Obama Charter District,0602018,56
CALIFORNIA,Jardin de la Infancia District,0602019,NA
CALIFORNIA,KIPP Los Angeles College Preparatory District,0602020,NA
CALIFORNIA,Sierra Academy of Expeditionary Learning District,0602021,3
CALIFORNIA,Camarillo Academy of Progressive Education District,0602022,NA
CALIFORNIA,Ingenium Charter District,0602023,NA
CALIFORNIA,La Vida Charter District,0602024,3
CALIFORNIA,Ivy Academia District,0602025,NA
CALIFORNIA,Summit Public School: Tamalpais District,0602026,41
CALIFORNIA,Antioch Charter Academy District,0602027,20
CALIFORNIA,KIPP Excelencia Community Preparatory District,0602030,86
CALIFORNIA,Global Education Academy 2 District,0602032,NA
CALIFORNIA,Gateway International District,0602034,30
CALIFORNIA,Pacific Springs Charter District,0602035,40
CALIFORNIA,Eleanor Roosevelt Community Learning Center District,0602036,30
CALIFORNIA,Invictus Academy of Richmond District,0602037,18
CALIFORNIA,Luis Valdez Leadership Academy District,0602038,50
CALIFORNIA,Golden Eagle Charter District,0602039,48
CALIFORNIA,NOVA Academy - Coachella District,0602040,NA
CALIFORNIA,KIPP Vida Preparatory Academy District,0602041,NA
CALIFORNIA,Olive Grove Charter - Orcutt/Santa Maria District,0602042,NA
CALIFORNIA,Ednovate - Legacy College Prep. District,0602043,36
CALIFORNIA,Desert Trails Preparatory Academy District,0602044,3
CALIFORNIA,STEM Preparatory Elementary District,0602045,NA
CALIFORNIA,Aspire Berkley Maynard Academy District,0602046,63
CALIFORNIA,KIPP San Jose Collegiate District,0602047,25
CALIFORNIA,Grace Hopper STEM Academy District,0602048,NA
CALIFORNIA,High Tech Elementary Mesa District,0602049,NA
CALIFORNIA,Citizens of the World Charter School Hollywood District,0602050,NA
CALIFORNIA,Samueli Academy District,0602051,45
CALIFORNIA,Animo Leadership High District,0602052,65
CALIFORNIA,Maria Montessori Charter Academy District,0602053,23
CALIFORNIA,Thomas Edison Charter Academy District,0602054,53
CALIFORNIA,Paragon Collegiate Academy District,0602055,21
CALIFORNIA,KIPP Philosophers Academy District,0602056,NA
CALIFORNIA,STREAM Charter District,0602057,26
CALIFORNIA,Union Street Charter District,0602058,3
CALIFORNIA,Aspire Rosa Parks Academy District,0602059,34
CALIFORNIA,iLEAD Lancaster Charter District,0602060,80
CALIFORNIA,High Tech High Chula Vista District,0602061,NA
CALIFORNIA,Blue Ridge Academy District,0602062,650
CALIFORNIA,Ingenium Clarion Charter Middle District,0602063,24
CALIFORNIA,Voices College-Bound Language ACAD at Mt. Pleasant District,0602064,25
CALIFORNIA,Sacramento Valley Charter District,0602065,8
CALIFORNIA,Children of Promise Preparatory Academy District,0602066,22
CALIFORNIA,Temecula Valley Charter District,0602068,84
CALIFORNIA,Aspire Benjamin Holt Middle District,0602069,46
CALIFORNIA,Alpine County Unified,0602070,13
CALIFORNIA,Chula Vista Learning Community Charter District,0602071,NA
CALIFORNIA,Alder Grove Charter School 2 District,0602072,9
CALIFORNIA,Highland Academy District,0602073,NA
CALIFORNIA,Aveson School of Leaders District,0602074,3
CALIFORNIA,Hawking S.T.E.A.M. Charter District,0602075,95
CALIFORNIA,Environmental Charter High District,0602076,49
CALIFORNIA,Camino Nuevo Elementary School #3 District,0602077,NA
CALIFORNIA,Synergy Kinetic Academy District,0602078,NA
CALIFORNIA,Diego Hills Central Public Charter District,0602079,129
CALIFORNIA,Journey District,0602080,NA
CALIFORNIA,Community Outreach Academy District,0602081,52
CALIFORNIA,PUC Inspire Charter Academy District,0602082,50
CALIFORNIA,University Preparatory Value High District,0602083,NA
CALIFORNIA,Temecula Preparatory District,0602084,86
CALIFORNIA,Everest Value District,0602085,NA
CALIFORNIA,Rocketship Spark Academy District,0602087,45
CALIFORNIA,Pathways Charter District,0602088,59
CALIFORNIA,River Springs Charter District,0602089,916
CALIFORNIA,Learning by Design Charter District,0602090,NA
CALIFORNIA,Grimmway Academy Shafter District,0602091,39
CALIFORNIA,Alain Leroy Locke College Preparatory Academy District,0602092,NA
CALIFORNIA,Bert Corona Charter District,0602093,NA
CALIFORNIA,St. HOPE Public School 7 District,0602094,79
CALIFORNIA,Aspire Summit Charter Academy District,0602095,33
CALIFORNIA,Animo Florence-Firestone Charter Middle District,0602096,NA
CALIFORNIA,High Tech Elementary Chula Vista District,0602097,NA
CALIFORNIA,Literacy First Charter District,0602098,175
CALIFORNIA,Ivy Bound Acad of Math Sci and Tech Charter Mid District,0602099,NA
CALIFORNIA,Alpine Union Elementary,0602100,194
CALIFORNIA,Santa Rosa Academy District,0602101,76
CALIFORNIA,PUC Excel Charter Academy District,0602102,55
CALIFORNIA,City Arts and Tech High District,0602103,38
CALIFORNIA,Escalon Charter Academy District,0602104,NA
CALIFORNIA,Animo Westside Charter Middle District,0602105,NA
CALIFORNIA,Museum District,0602106,41
CALIFORNIA,San Diego Workforce Innovation High District,0602108,481
CALIFORNIA,John Muir Charter District,0602109,54
CALIFORNIA,School for Entrepreneurship and Technology District,0602110,60
CALIFORNIA,Center for Advanced Learning District,0602111,NA
CALIFORNIA,Aspire College Academy District,0602112,30
CALIFORNIA,Unity Middle College High District,0602113,17
CALIFORNIA,Public Safety Academy District,0602115,5
CALIFORNIA,Bert Corona Charter High District,0602116,NA
CALIFORNIA,Gorman Learning Center District,0602117,120
CALIFORNIA,Five Keys Independence HS (SF Sheriff's) District,0602118,106
CALIFORNIA,Alliance Cindy and Bill Simon Technology ACAD High District,0602119,NA
CALIFORNIA,Bay View Academy District,0602120,46
CALIFORNIA,Richmond Charter Academy District,0602121,18
CALIFORNIA,Learning Choice Academy - Chula Vista District,0602122,39
CALIFORNIA,Aspire Alexander Twilight College Preparatory ACAD District,0602123,29
CALIFORNIA,Career Technical Education Charter District,0602124,8
CALIFORNIA,Fenton Avenue Charter District,0602126,NA
CALIFORNIA,California Connections Academy North Bay District,0602127,20
CALIFORNIA,Equitas Academy 4 District,0602128,NA
CALIFORNIA,Greater San Diego Academy District,0602129,3
CALIFORNIA,Edward B. Cole Academy District,0602130,3
CALIFORNIA,Central City Value District,0602131,NA
CALIFORNIA,Olive Grove Charter - Lompoc District,0602132,NA
CALIFORNIA,Achieve Charter School of Paradise Inc. District,0602133,10
CALIFORNIA,IvyTech Charter District,0602134,3
CALIFORNIA,PUC Early College ACAD for Leaders&Scholars(ECALS) District,0602135,40
CALIFORNIA,The O'Farrell Charter District,0602136,186
CALIFORNIA,Santa Clarita Valley International District,0602137,151
CALIFORNIA,ACE Inspire Academy District,0602138,52
CALIFORNIA,Alliance College-Ready Middle Academy 5 District,0602139,NA
CALIFORNIA,KIPP Empower Academy District,0602140,NA
CALIFORNIA,KIPP Iluminar Academy District,0602142,50
CALIFORNIA,Gabriella Charter District,0602143,NA
CALIFORNIA,Alpha: Jose Hernandez District,0602144,44
CALIFORNIA,N.E.W. Academy Canoga Park District,0602145,NA
CALIFORNIA,Today's Fresh Start Charter School Inglewood District,0602146,40
CALIFORNIA,Empowering Possibilities International Charter District,0602147,24
CALIFORNIA,Preuss School UCSD District,0602148,45
CALIFORNIA,Village Charter District,0602149,NA
CALIFORNIA,Method Schools LA District,0602150,NA
CALIFORNIA,Vincent Academy District,0602151,25
CALIFORNIA,KIPP King Collegiate High District,0602152,58
CALIFORNIA,Ezequiel Tafoya Alvarado Academy District,0602153,27
CALIFORNIA,KIPP Scholar Academy District,0602154,55
CALIFORNIA,Creative Arts Charter District,0602155,38
CALIFORNIA,Placer Academy Charter District,0602156,37
CALIFORNIA,Tree of Life International Charter District,0602157,NA
CALIFORNIA,Connecting Waters Charter - East Bay District,0602159,26
CALIFORNIA,Alta Loma Elementary,0602160,709
CALIFORNIA,Live Oak Charter District,0602161,NA
CALIFORNIA,Rocketship Futuro Academy District,0602162,NA
CALIFORNIA,Perseverance Preparatory District,0602163,NA
CALIFORNIA,School of Unlimited Learning District,0602164,12
CALIFORNIA,Achieve Academy District,0602165,42
CALIFORNIA,Sunrise Middle District,0602166,31
CALIFORNIA,Ambassador Phillip V. Sanchez II Public Charter District,0602167,36
CALIFORNIA,Coastal Grove Charter District,0602168,3
CALIFORNIA,Summit Public School: Denali District,0602169,87
CALIFORNIA,Connecting Waters Charter District,0602170,4
CALIFORNIA,Insight @ San Joaquin District,0602171,48
CALIFORNIA,KIPP Bayview Academy District,0602172,52
CALIFORNIA,Feaster (Mae L.) Charter District,0602173,NA
CALIFORNIA,iLead Agua Dulce District,0602174,20
CALIFORNIA,Allegiance STEAM Academy - Thrive District,0602175,65
CALIFORNIA,Alliance Gertz-Ressler Richard Merkin 6-12 Complex District,0602176,NA
CALIFORNIA,Blue Oak Charter District,0602177,39
CALIFORNIA,Goethe International Charter District,0602178,NA
CALIFORNIA,The Academy of Alameda Elementary District,0602179,22
CALIFORNIA,School of Arts and Enterprise District,0602180,NA
CALIFORNIA,Aveson Global Leadership Academy District,0602181,NA
CALIFORNIA,PUC Comm CHRTR Mid & PUC Comm CHRTR Early College High DIST,0602182,132
CALIFORNIA,Growth Public District,0602183,20
CALIFORNIA,KIPP Navigate College Prep District,0602184,NA
CALIFORNIA,King-Chavez Community High District,0602185,56
CALIFORNIA,Citizens of the World Charter School Mar Vista District,0602186,NA
CALIFORNIA,Animo Compton Charter District,0602187,41
CALIFORNIA,Paseo Grande Charter District,0602188,NA
CALIFORNIA,Para Los Ni?os - Evelyn Thurman Gratts Primary District,0602189,NA
CALIFORNIA,Alliance Susan and Eric Smidt Technology High District,0602190,NA
CALIFORNIA,Rocketship Los Suenos Academy District,0602191,48
CALIFORNIA,East Bay Innovation Academy District,0602192,80
CALIFORNIA,Ventura Charter School of Arts and Global Education District,0602193,NA
CALIFORNIA,Magnolia Science Academy 3 District,0602194,47
CALIFORNIA,New Opportunities Charter District,0602195,5
CALIFORNIA,Aspire Slauson Academy Charter District,0602196,NA
CALIFORNIA,Santa Ynez Valley Charter District,0602197,3
CALIFORNIA,King-Chavez Athletics Academy District,0602198,14
CALIFORNIA,Life Source International Charter District,0602199,39
CALIFORNIA,Intellectual Virtues Academy of Long Beach District,0602200,NA
CALIFORNIA,Grove District,0602201,NA
CALIFORNIA,TEACH Academy of Technologies District,0602202,NA
CALIFORNIA,North County Trade Tech High District,0602203,11
CALIFORNIA,River Montessori Elementary Charter District,0602204,17
CALIFORNIA,Magnolia Science Academy 6 District,0602205,NA
CALIFORNIA,Granada Hills Charter District,0602206,NA
CALIFORNIA,Elite Academic Academy - Lucerne District,0602207,55
CALIFORNIA,Oakland Charter Academy District,0602208,27
CALIFORNIA,Mojave River Academy - Oro Grande District,0602209,NA
CALIFORNIA,Kinetic Academy District,0602210,30
CALIFORNIA,Helix High District,0602211,NA
CALIFORNIA,Aspire Lionel Wilson College Preparatory Academy District,0602212,56
CALIFORNIA,WISH Community District,0602213,NA
CALIFORNIA,Pivot Charter School Riverside District,0602214,32
CALIFORNIA,Da Vinci RISE High District,0602215,30
CALIFORNIA,Harvest Ridge Cooperative Charter District,0602216,NA
CALIFORNIA,ACE Empower Academy District,0602217,36
CALIFORNIA,PREPA TEC - Los Angeles District,0602218,NA
CALIFORNIA,Animo Watts College Preparatory Academy District,0602219,NA
CALIFORNIA,Alta Vista Elementary,0602220,21
CALIFORNIA,Alpha: Blanca Alvarado District,0602221,30
CALIFORNIA,Summit Public School: Tahoma District,0602222,53
CALIFORNIA,Epic Charter District,0602223,39
CALIFORNIA,Sherman Thomas STEM Academy District,0602225,4
CALIFORNIA,Ocean Charter District,0602226,NA
CALIFORNIA,American Indian Public High District,0602227,3
CALIFORNIA,Synergy Charter Academy District,0602228,NA
CALIFORNIA,Everest Public High District,0602229,53
CALIFORNIA,YouthBuild Charter School of California District,0602230,NA
CALIFORNIA,Collegiate Charter High School of Los Angeles District,0602231,NA
CALIFORNIA,High Tech Middle Mesa District,0602232,NA
CALIFORNIA,University Preparatory Academy Charter District,0602233,NA
CALIFORNIA,Ross Valley Charter District,0602234,NA
CALIFORNIA,Oscar De La Hoya Animo Charter High District,0602235,NA
CALIFORNIA,Mission Preparatory District,0602236,47
CALIFORNIA,Camino Nuevo Charter Academy District,0602237,NA
CALIFORNIA,Silver Oak High Public Montessori Charter District,0602238,26
CALIFORNIA,Wildflower Open Classroom District,0602239,NA
CALIFORNIA,Kipp Prize Preparatory Academy District,0602240,42
CALIFORNIA,ISANA Octavia Academy District,0602241,NA
CALIFORNIA,Fenton Primary Center District,0602242,NA
CALIFORNIA,Orange County Academy of Sciences and Arts District,0602243,49
CALIFORNIA,Great Valley Academy - Salida District,0602244,NA
CALIFORNIA,Orange County Educational Arts Academy District,0602245,6
CALIFORNIA,Sierra Foothill Charter District,0602246,NA
CALIFORNIA,Guajome Learning Center District,0602247,3
CALIFORNIA,Audeo Charter School III District,0602248,35
CALIFORNIA,Para Los Ni?os Charter District,0602249,NA
CALIFORNIA,Alta-Dutch Flat Union Elementary,0602250,11
CALIFORNIA,Downtown College Preparatory Middle District,0602251,NA
CALIFORNIA,Dixon Montessori Charter District,0602252,40
CALIFORNIA,Chrysalis Charter District,0602253,15
CALIFORNIA,Magnolia Science Academy 7 District,0602254,NA
CALIFORNIA,Discovery Charter Preparatory #2 District,0602255,NA
CALIFORNIA,Valiente College Preparatory Charter District,0602256,36
CALIFORNIA,Animo Pat Brown District,0602257,NA
CALIFORNIA,Coastal Academy Charter District,0602258,186
CALIFORNIA,KIPP Heritage Academy District,0602259,24
CALIFORNIA,Sonoma Charter District,0602260,NA
CALIFORNIA,John Adams Academy - Roseville District,0602261,111
CALIFORNIA,Aspire Firestone Academy Charter District,0602262,NA
CALIFORNIA,ICEF Innovation Los Angeles Charter District,0602263,NA
CALIFORNIA,Montague Charter Academy District,0602264,NA
CALIFORNIA,CATCH Prep Charter High Inc. District,0602265,NA
CALIFORNIA,Alliance Ouchi-O'Donovan 6-12 Complex District,0602266,NA
CALIFORNIA,Tree of Life Charter District,0602267,7
CALIFORNIA,Rocklin Academy Gateway District,0602268,115
CALIFORNIA,Credo High District,0602269,NA
CALIFORNIA,Citizens of the World Charter School Silver Lake District,0602270,NA
CALIFORNIA,Temecula International Academy District,0602271,21
CALIFORNIA,Tomorrow's Leadership Collaborative (TLC) Charter District,0602272,21
CALIFORNIA,Cabrillo Point Academy District,0602274,383
CALIFORNIA,McGill School of Success District,0602275,17
CALIFORNIA,KIPP Bridge Academy District,0602276,72
CALIFORNIA,ArchitectureConstruction & Engineer CHTR High(ACE) District,0602277,NA
CALIFORNIA,Twin Rivers Charter District,0602278,8
CALIFORNIA,Alliance Renee and Meyer Luskin Academy High District,0602279,NA
CALIFORNIA,King-Chavez Arts Academy District,0602280,12
CALIFORNIA,Yosemite-Wawona Elementary Charter District,0602281,NA
CALIFORNIA,Valley Charter High District,0602282,NA
CALIFORNIA,OCSA District,0602284,32
CALIFORNIA,SAVA - Sacramento Academic and Vocational Academy District,0602285,24
CALIFORNIA,Rocketship Delta Prep District,0602286,52
CALIFORNIA,Summit Preparatory Charter High District,0602287,62
CALIFORNIA,Elite Academic Academy - Mountain Empire District,0602288,3
CALIFORNIA,Alliance Tennenbaum Family Technology High District,0602289,NA
CALIFORNIA,Discovery Charter District,0602290,NA
CALIFORNIA,Academia Avance Charter District,0602291,NA
CALIFORNIA,Oakland Unity High District,0602292,25
CALIFORNIA,Da Vinci Connect District,0602293,49
CALIFORNIA,San Diego Mission Academy District,0602294,23
CALIFORNIA,Baypoint Preparatory Academy - San Diego District,0602295,NA
CALIFORNIA,Long Valley District,0602296,25
CALIFORNIA,New Millennium Secondary District,0602297,NA
CALIFORNIA,Sparrow Academy District,0602298,4
CALIFORNIA,Blue Oak Academy District,0602299,16
CALIFORNIA,ICEF View Park Preparatory Middle District,0602300,NA
CALIFORNIA,Savant Preparatory Academy of Business District,0602301,NA
CALIFORNIA,Holly Drive Leadership Academy District,0602302,22
CALIFORNIA,Sacramento Charter High District,0602303,68
CALIFORNIA,Paradise Charter Middle District,0602304,3
CALIFORNIA,California Montessori Project - Capitol Campus District,0602305,62
CALIFORNIA,Shasta Charter Academy District,0602306,32
CALIFORNIA,Animo City of Champions Charter High District,0602307,64
CALIFORNIA,W.E.B. DuBois Public Charter District,0602308,4
CALIFORNIA,Inland Leaders Charter District,0602309,103
CALIFORNIA,Alum Rock Union Elementary,0602310,1162
CALIFORNIA,Opportunities for Learning - Capistrano District,0602311,22
CALIFORNIA,Rocklin Academy District,0602312,44
CALIFORNIA,Excelsior Charter District,0602313,NA
CALIFORNIA,River Charter Schools Lighthouse Charter District,0602314,21
CALIFORNIA,Wonderful College Prep Academy District,0602315,99
CALIFORNIA,California Virtual Academy @ Sonoma District,0602316,101
CALIFORNIA,Citrus Springs Charter District,0602317,39
CALIFORNIA,Learning for Life Charter District,0602318,30
CALIFORNIA,Magnolia Science Academy 2 District,0602319,64
CALIFORNIA,Hollister Prep District,0602320,35
CALIFORNIA,Aspen Meadow Public District,0602321,29
CALIFORNIA,Stella Elementary Charter Academy District,0602322,NA
CALIFORNIA,Learning Choice Academy District,0602323,57
CALIFORNIA,Design Tech High District,0602324,NA
CALIFORNIA,James Jordan Middle District,0602325,NA
CALIFORNIA,Entrepreneur High District,0602326,33
CALIFORNIA,California Pacific Charter - San Diego District,0602328,34
CALIFORNIA,Public Policy Charter District,0602329,NA
CALIFORNIA,Pivot Charter School - North Bay District,0602330,63
CALIFORNIA,Community Roots Academy District,0602331,94
CALIFORNIA,Woodward Leadership Academy District,0602333,NA
CALIFORNIA,Roseland Charter District,0602334,NA
CALIFORNIA,Aspire Juanita Tate Academy Charter District,0602335,NA
CALIFORNIA,Contra Costa School of Performing Arts District,0602336,68
CALIFORNIA,Peak to Peak Mountain Charter District,0602337,5
CALIFORNIA,Northern Summit Academy Shasta District,0602338,3
CALIFORNIA,HomeTech Charter District,0602339,4
CALIFORNIA,one.Charter District,0602340,NA
CALIFORNIA,High Tech High Mesa District,0602341,NA
CALIFORNIA,Clayton Valley Charter High District,0602342,159
CALIFORNIA,Adelante Charter District,0602343,20
CALIFORNIA,Animo Jefferson Charter Middle District,0602344,NA
CALIFORNIA,Ednovate - USC Hybrid High College Prep District,0602345,NA
CALIFORNIA,Oakland Unity Middle District,0602346,24
CALIFORNIA,SAVA- Sacramento ACAD and Vocational Academy- SCUSD District,0602348,152
CALIFORNIA,Excelencia Charter Academy District,0602349,NA
CALIFORNIA,e3 Civic High District,0602350,71
CALIFORNIA,Para Los Ni?os Middle District,0602351,NA
CALIFORNIA,Team Charter Academy District,0602352,9
CALIFORNIA,Visions In Education District,0602353,91
CALIFORNIA,Community Collaborative Charter District,0602354,45
CALIFORNIA,Prepa Tec Los Angeles High District,0602355,NA
CALIFORNIA,Lighthouse Community Charter High District,0602356,26
CALIFORNIA,Connect Community Charter District,0602357,37
CALIFORNIA,Manzanita Middle District,0602358,NA
CALIFORNIA,Options for Youth-Victorville Charter District,0602359,NA
CALIFORNIA,Alview-Dairyland Union Elementary,0602360,26
CALIFORNIA,Academia Moderna District,0602361,NA
CALIFORNIA,Alliance Patti & Peter Neuwirth Leadership Academy District,0602362,NA
CALIFORNIA,Great Valley Academy District,0602363,NA
CALIFORNIA,Darnall Charter District,0602364,104
CALIFORNIA,Mountain Home Charter (Alternative) District,0602365,45
CALIFORNIA,JCS - Pine Valley District,0602366,NA
CALIFORNIA,Aspire APEX Academy District,0602367,15
CALIFORNIA,ICEF Vista Elementary Academy District,0602368,NA
CALIFORNIA,KIPP Sol Academy District,0602369,56
CALIFORNIA,Alvina Elementary,0602370,17
CALIFORNIA,Heritage Peak Charter District,0602371,3
CALIFORNIA,Imagine Schools Riverside County District,0602372,60
CALIFORNIA,San Joaquin Building Futures Academy District,0602373,NA
CALIFORNIA,Health Sciences High District,0602374,6
CALIFORNIA,Empower Charter District,0602375,9
CALIFORNIA,Aspire Benjamin Holt College Preparatory Academy District,0602376,22
CALIFORNIA,Marconi Learning Academy District,0602377,60
CALIFORNIA,Family Partnership Charter District,0602378,42
CALIFORNIA,Rocketship Fuerza Community Prep District,0602379,39
CALIFORNIA,LA's Promise Charter Middle #1 District,0602380,52
CALIFORNIA,COM Collaborative Virtual - Keppel Partnership ACAD District,0602381,13
CALIFORNIA,Encore High School for the Arts - Riverside District,0602382,NA
CALIFORNIA,Carter G. Woodson Public Charter District,0602383,27
CALIFORNIA,KIPP Academy of Innovation District,0602384,NA
CALIFORNIA,Redding School of the Arts District,0602385,42
CALIFORNIA,Diego Valley East Public Charter District,0602386,71
CALIFORNIA,Magnolia Science Academy San Diego District,0602387,73
CALIFORNIA,California Connections Academy @ Ripon District,0602388,95
CALIFORNIA,Arts In Action Community Charter District,0602389,NA
CALIFORNIA,San Jacinto Valley Academy District,0602390,3
CALIFORNIA,Escuela Popular/CTR for TRN and Careers FAM Lrng District,0602392,NA
CALIFORNIA,PUC Nueva Esperanza Charter Academy District,0602393,48
CALIFORNIA,Crescent View South II District,0602395,121
CALIFORNIA,Matrix for Success Academy District,0602396,NA
CALIFORNIA,New Horizons Charter Academy District,0602397,NA
CALIFORNIA,Options for Youth San Gabriel District,0602398,100
CALIFORNIA,OCS - South District,0602399,NA
CALIFORNIA,Inspire Charter School - North District,0602400,128
CALIFORNIA,Trivium Charter District,0602401,23
CALIFORNIA,Aspire Richmond Ca. College Preparatory Academy District,0602403,59
CALIFORNIA,Lazear Charter Academy District,0602405,60
CALIFORNIA,Connecting Waters Charter School - Central Valley District,0602406,51
CALIFORNIA,Alliance Morgan McKinzie High District,0602407,NA
CALIFORNIA,Alma Fuerte Public District,0602408,17
CALIFORNIA,Albert Einstein Academy Charter Elementary District,0602409,69
CALIFORNIA,Discovery Charter II District,0602410,3
CALIFORNIA,California Connections Academy@Central District,0602411,41
CALIFORNIA,Lemoore Middle College High District,0602412,NA
CALIFORNIA,Wallis Annenberg High District,0602413,NA
CALIFORNIA,River Oak Charter District,0602414,3
CALIFORNIA,Bullis Charter District,0602415,51
CALIFORNIA,Da Vinci Science District,0602416,54
CALIFORNIA,Aspire Inskeep Academy Charter District,0602417,NA
CALIFORNIA,Stockton Collegiate International Elementary District,0602418,25
CALIFORNIA,Century Community Charter District,0602419,34
CALIFORNIA,Walden Academy District,0602420,5
CALIFORNIA,Stanislaus Alternative Charter District,0602421,NA
CALIFORNIA,Winship Community District,0602422,10
CALIFORNIA,Hardy Brown College Prep District,0602423,22
CALIFORNIA,Nevada City School of the Arts District,0602424,51
CALIFORNIA,Equitas Academy Charter District,0602425,NA
CALIFORNIA,Gateway High District,0602426,NA
CALIFORNIA,Mojave River Academy - Rockview Park District,0602427,NA
CALIFORNIA,Ceiba College Preparatory Academy District,0602428,65
CALIFORNIA,High Tech Elementary District,0602429,56
CALIFORNIA,Alvord Unified,0602430,2415
CALIFORNIA,High Tech Elementary North County District,0602431,NA
CALIFORNIA,Fortune District,0602432,142
CALIFORNIA,Community Collaborative Charter District,0602433,NA
CALIFORNIA,Vista Heritage Global Academy District,0602434,25
CALIFORNIA,Animo South Los Angeles Charter District,0602435,NA
CALIFORNIA,Julia Lee Performing Arts Academy District,0602436,10
CALIFORNIA,Assurance Learning Academy District,0602437,717
CALIFORNIA,The New School of San Francisco District,0602439,NA
CALIFORNIA,Highlands Community Charter District,0602442,NA
CALIFORNIA,Escondido Charter High District,0602443,7
CALIFORNIA,Rocketship Mosaic Elementary District,0602444,49
CALIFORNIA,Aspire Port City Academy District,0602445,32
CALIFORNIA,Alliance Marc & Eva Stern Math and Science District,0602446,NA
CALIFORNIA,Capitol Collegiate Academy District,0602447,34
CALIFORNIA,Aspire Monarch Academy District,0602448,46
CALIFORNIA,Wilder's Preparatory Academy Charter District,0602449,17
CALIFORNIA,Amador County Unified,0602450,610
CALIFORNIA,California Virtual Academy at Maricopa District,0602451,3
CALIFORNIA,Aspire River Oaks Charter District,0602452,31
CALIFORNIA,Alliance College-Ready Middle Academy 12 District,0602453,NA
CALIFORNIA,Grimmway Academy District,0602454,67
CALIFORNIA,Puente Charter District,0602455,NA
CALIFORNIA,Fenton Charter Leadership Academy District,0602456,NA
CALIFORNIA,KIPP Summit Academy District,0602457,26
CALIFORNIA,Oakland School for the Arts District,0602458,64
CALIFORNIA,Aurum Preparatory Academy District,0602459,16
CALIFORNIA,Yosemite Valley Charter District,0602460,175
CALIFORNIA,Animo Venice Charter High District,0602461,NA
CALIFORNIA,ARISE High District,0602462,35
CALIFORNIA,Rocky Point Charter District,0602463,14
CALIFORNIA,iEmpire Academy District,0602464,18
CALIFORNIA,Vista Real Charter High District,0602465,288
CALIFORNIA,Century Academy for Excellence District,0602466,NA
CALIFORNIA,Sherman Thomas Charter District,0602467,22
CALIFORNIA,Valley Charter Middle District,0602468,NA
CALIFORNIA,Big Sur Charter District,0602469,4
CALIFORNIA,TEACH Tech Charter High District,0602470,NA
CALIFORNIA,Animo Inglewood Charter High District,0602471,64
CALIFORNIA,Aspire Gateway Academy Charter District,0602472,NA
CALIFORNIA,Western Sierra Collegiate Academy District,0602473,55
CALIFORNIA,New Los Angeles Charter Elementary District,0602475,NA
CALIFORNIA,Aspire Vincent Shalvey Academy District,0602476,23
CALIFORNIA,Sebastopol Independent Charter District,0602477,26
CALIFORNIA,Valley View Charter Prep District,0602478,41
CALIFORNIA,Olive Grove Charter - Santa Barbara District,0602480,NA
CALIFORNIA,KIPP Valiant Community Prep District,0602481,60
CALIFORNIA,iLEAD Hybrid District,0602482,333
CALIFORNIA,MIT Academy District,0602483,39
CALIFORNIA,Equitas Academy #2 District,0602484,NA
CALIFORNIA,Elite Public District,0602485,12
CALIFORNIA,Sycamore Creek Community Charter District,0602486,4
CALIFORNIA,Excel Academy Charter District,0602487,45
CALIFORNIA,California Connections Academy Central Coast District,0602488,NA
CALIFORNIA,Lashon Academy City District,0602489,3
CALIFORNIA,Pathways Academy Charter - Adult Education District,0602491,7
CALIFORNIA,Scholarship Prep - South Bay District,0602493,NA
CALIFORNIA,Peak Prep Pleasant Valley District,0602494,19
CALIFORNIA,Kidinnu Academy District,0602495,NA
CALIFORNIA,KIPP Pueblo Unido District,0602496,NA
CALIFORNIA,Watsonville Prep District,0602497,NA
CALIFORNIA,The Learning Choice Academy - East County District,0602498,51
CALIFORNIA,Excel Academy Charter District,0602500,96
CALIFORNIA,Brookfield Engineering Science Technology Academy District,0602501,7
CALIFORNIA,Options For Youth - Duarte Inc District,0602502,69
CALIFORNIA,Academy of Media Arts District,0602503,NA
CALIFORNIA,Sage Oak Charter - South District,0602505,38
CALIFORNIA,Shasta View Academy District,0602506,9
CALIFORNIA,International School for Science and Culture District,0602507,3
CALIFORNIA,Monarch River Academy District,0602508,78
CALIFORNIA,California Innovative Career Academy District,0602509,NA
CALIFORNIA,California Pacific Charter - Sonoma District,0602510,15
CALIFORNIA,Garvey/Allen Visual & Performing Arts Academy for STEM DIST,0602511,9
CALIFORNIA,Heartwood Charter District,0602512,NA
CALIFORNIA,Mission Vista Academy District,0602513,297
CALIFORNIA,Vista Horizon Global Academy District,0602515,NA
CALIFORNIA,Granite Mountain Charter District,0602516,309
CALIFORNIA,California Connections Academy Monterey Bay District,0602517,21
CALIFORNIA,Sycamore Academy of Science and Cultural Arts Chino VLY DIST,0602518,12
CALIFORNIA,Mary L. Booker Leadership Academy District,0602519,NA
CALIFORNIA,Lake View Charter District,0602520,36
CALIFORNIA,Compass Charter School of Yolo District,0602521,24
CALIFORNIA,Equitas Academy 5 District,0602522,NA
CALIFORNIA,Hayward Collegiate Charter District,0602523,3
CALIFORNIA,Cottonwood District,0602524,158
CALIFORNIA,Triumph Academy District,0602526,14
CALIFORNIA,Anaheim Elementary,0602610,2029
CALIFORNIA,Anaheim Union High,0602630,3713
CALIFORNIA,West Sonoma County Union High,0602670,236
CALIFORNIA,Anderson Union High,0602700,158
CALIFORNIA,Anderson Valley Unified,0602730,53
CALIFORNIA,Antelope Elementary,0602760,105
CALIFORNIA,Antelope Valley Union High,0602820,2900
CALIFORNIA,Antioch Unified,0602850,2430
CALIFORNIA,Arcadia Unified,0602970,670
CALIFORNIA,Arcata Elementary,0603000,160
CALIFORNIA,Northern Humboldt Union High,0603030,271
CALIFORNIA,Arcohe Union Elementary,0603060,58
CALIFORNIA,Arena Union Elementary,0603090,35
CALIFORNIA,Armona Union Elementary,0603180,131
CALIFORNIA,Arvin Union,0603270,287
CALIFORNIA,Atascadero Unified,0603300,587
CALIFORNIA,Atwater Elementary,0603420,725
CALIFORNIA,Auburn Union Elementary,0603480,289
CALIFORNIA,Azusa Unified,0603600,1169
CALIFORNIA,Baker Valley Unified,0603610,16
CALIFORNIA,Bakersfield City,0603630,3252
CALIFORNIA,Baldwin Park Unified,0603690,2066
CALIFORNIA,Ballard Elementary,0603720,4
CALIFORNIA,Ballico-Cressey Elementary,0603750,45
CALIFORNIA,Bangor Union Elementary,0603780,17
CALIFORNIA,Banning Unified,0603840,676
CALIFORNIA,Banta Elementary,0603870,92
CALIFORNIA,Barstow Unified,0604020,1033
CALIFORNIA,Bass Lake Joint Union Elementary,0604080,118
CALIFORNIA,Bassett Unified,0604110,514
CALIFORNIA,Bayshore Elementary,0604200,55
CALIFORNIA,Bear Valley Unified,0604230,313
CALIFORNIA,Beardsley Elementary,0604260,269
CALIFORNIA,Beaumont Unified,0604290,1541
CALIFORNIA,Bella Vista Elementary,0604350,42
CALIFORNIA,Bellevue Union,0604380,266
CALIFORNIA,Bellflower Unified,0604440,1657
CALIFORNIA,Belleview Elementary,0604500,33
CALIFORNIA,Belmont-Redwood Shores Elementary,0604530,440
CALIFORNIA,Belridge Elementary,0604560,3
CALIFORNIA,Benicia Unified,0604620,453
CALIFORNIA,Bennett Valley Union Elementary,0604650,99
CALIFORNIA,Berkeley Unified,0604740,1051
CALIFORNIA,Berryessa Union Elementary,0604800,741
CALIFORNIA,Beverly Hills Unified,0604830,454
CALIFORNIA,Big Creek Elementary,0604860,7
CALIFORNIA,Big Lagoon Union Elementary,0604890,4
CALIFORNIA,Big Pine Unified,0604950,19
CALIFORNIA,Big Springs Union Elementary,0604980,10
CALIFORNIA,Big Valley Joint Unified,0605010,12
CALIFORNIA,Biggs Unified,0605040,80
CALIFORNIA,Bitterwater-Tully Elementary,0605190,3
CALIFORNIA,Black Butte Union Elementary,0605220,19
CALIFORNIA,Black Oak Mine Unified,0605240,177
CALIFORNIA,Blake Elementary,0605250,3
CALIFORNIA,Blochman Union Elementary,0605280,21
CALIFORNIA,Blue Lake Union Elementary,0605400,40
CALIFORNIA,Bogus Elementary,0605490,3
CALIFORNIA,Bolinas-Stinson Union,0605520,10
CALIFORNIA,Santa Maria-Bonita,0605580,1673
CALIFORNIA,Bonita Unified,0605610,1086
CALIFORNIA,Bonny Doon Union Elementary,0605640,23
CALIFORNIA,Borrego Springs Unified,0605700,57
CALIFORNIA,Bradley Union Elementary,0605730,4
CALIFORNIA,Brawley Elementary,0605790,586
CALIFORNIA,Brawley Union High,0605820,213
CALIFORNIA,Brea-Olinda Unified,0605880,719
CALIFORNIA,Brentwood Union Elementary,0605910,1264
CALIFORNIA,Bret Harte Union High,0605940,98
CALIFORNIA,Bridgeville Elementary,0606000,5
CALIFORNIA,Briggs Elementary,0606030,51
CALIFORNIA,Brisbane Elementary,0606060,50
CALIFORNIA,Brittan Elementary,0606090,48
CALIFORNIA,Browns Elementary,0606100,16
CALIFORNIA,Buckeye Union Elementary,0606270,603
CALIFORNIA,Buellton Union Elementary,0606330,84
CALIFORNIA,Buena Park Elementary,0606360,562
CALIFORNIA,Panama-Buena Vista Union,0606390,2200
CALIFORNIA,Buena Vista Elementary,0606420,7
CALIFORNIA,Burbank Unified,0606450,1866
CALIFORNIA,Burlingame Elementary,0606480,268
CALIFORNIA,Burnt Ranch Elementary,0606510,5
CALIFORNIA,Burrel Union Elementary,0606540,14
CALIFORNIA,Burton Elementary,0606570,250
CALIFORNIA,Butte Valley Unified,0606580,35
CALIFORNIA,Butteville Union Elementary,0606690,10
CALIFORNIA,Buttonwillow Union Elementary,0606720,39
CALIFORNIA,Byron Union Elementary,0606750,231
CALIFORNIA,Cabrillo Unified,0606780,400
CALIFORNIA,Cajon Valley Union,0606810,2324
CALIFORNIA,Calaveras Unified,0606870,536
CALIFORNIA,Calexico Unified,0606900,855
CALIFORNIA,Caliente Union Elementary,0606960,12
CALIFORNIA,Calipatria Unified,0606990,138
CALIFORNIA,Calistoga Joint Unified,0607020,126
CALIFORNIA,Cambrian,0607140,421
CALIFORNIA,Camino Union Elementary,0607170,58
CALIFORNIA,Campbell Union,0607200,810
CALIFORNIA,Campbell Union High,0607230,1120
CALIFORNIA,Camptonville Elementary,0607260,45
CALIFORNIA,Canyon Elementary,0607350,3
CALIFORNIA,Capay Joint Union Elementary,0607410,16
CALIFORNIA,Capistrano Unified,0607440,5176
CALIFORNIA,Cardiff Elementary,0607470,60
CALIFORNIA,Carlsbad Unified,0607500,1507
CALIFORNIA,Carmel Unified,0607530,247
CALIFORNIA,Carpinteria Unified,0607560,321
CALIFORNIA,Cascade Union Elementary,0607680,229
CALIFORNIA,Castaic Union,0607740,260
CALIFORNIA,Castle Rock Union Elementary,0607770,6
CALIFORNIA,Castro Valley Unified,0607800,825
CALIFORNIA,Cayucos Elementary,0607840,14
CALIFORNIA,Center Joint Unified,0607900,679
CALIFORNIA,Centinela Valley Union High,0607920,793
CALIFORNIA,Central Elementary,0607950,681
CALIFORNIA,Central Unified,0607970,1655
CALIFORNIA,Central Union Elementary,0607980,165
CALIFORNIA,Central Union High,0608010,339
CALIFORNIA,Centralia Elementary,0608070,577
CALIFORNIA,Ceres Unified,0608130,1317
CALIFORNIA,Chaffey Joint Union High,0608160,2731
CALIFORNIA,Charter Oak Unified,0608190,685
CALIFORNIA,Chatom Union,0608250,61
CALIFORNIA,Chicago Park Elementary,0608340,16
CALIFORNIA,Chico Unified,0608370,1589
CALIFORNIA,Chino Valley Unified,0608460,3596
CALIFORNIA,Chowchilla Elementary,0608520,214
CALIFORNIA,Chowchilla Union High,0608550,92
CALIFORNIA,Chualar Union,0608580,46
CALIFORNIA,Chula Vista Elementary,0608610,3838
CALIFORNIA,Cienega Union Elementary,0608640,5
CALIFORNIA,Cinnabar Elementary,0608700,41
CALIFORNIA,Claremont Unified,0608760,779
CALIFORNIA,Clay Joint Elementary,0608850,14
CALIFORNIA,Clear Creek Elementary,0608880,12
CALIFORNIA,Cloverdale Unified,0608970,219
CALIFORNIA,Clovis Unified,0609030,3702
CALIFORNIA,Coachella Valley Unified,0609070,2169
CALIFORNIA,Coalinga-Huron Unified,0609120,458
CALIFORNIA,Coffee Creek Elementary,0609240,NA
CALIFORNIA,Cold Spring Elementary,0609270,14
CALIFORNIA,Colfax Elementary,0609300,55
CALIFORNIA,College Elementary,0609330,42
CALIFORNIA,Colton Joint Unified,0609390,2751
CALIFORNIA,Columbia Elementary,0609450,78
CALIFORNIA,Columbia Union,0609480,73
CALIFORNIA,Columbine Elementary,0609510,3
CALIFORNIA,Colusa Unified,0609570,192
CALIFORNIA,Compton Unified,0609620,2660
CALIFORNIA,Conejo Valley Unified,0609640,2026
CALIFORNIA,Leggett Valley Unified,0609665,12
CALIFORNIA,Corcoran Joint Unified,0609690,318
CALIFORNIA,Corning Union Elementary,0609780,277
CALIFORNIA,Corning Union High,0609810,143
CALIFORNIA,Corona-Norco Unified,0609850,6750
CALIFORNIA,Coronado Unified,0609870,340
CALIFORNIA,Cotati-Rohnert Park Unified,0609940,788
CALIFORNIA,Cottonwood Union Elementary,0609990,108
CALIFORNIA,Covina-Valley Unified,0610050,1557
CALIFORNIA,Cuddeback Union Elementary,0610230,16
CALIFORNIA,Culver City Unified,0610260,599
CALIFORNIA,Cupertino Union,0610290,1226
CALIFORNIA,Curtis Creek Elementary,0610320,67
CALIFORNIA,Cutler-Orosi Joint Unified,0610350,323
CALIFORNIA,Cutten Elementary,0610380,54
CALIFORNIA,Cypress Elementary,0610440,465
CALIFORNIA,Davis Joint Unified,0610620,1091
CALIFORNIA,Death Valley Unified,0610680,3
CALIFORNIA,Dehesa Elementary,0610710,67
CALIFORNIA,Del Mar Union Elementary,0610740,593
CALIFORNIA,Del Norte County Unified,0610770,645
CALIFORNIA,Delano Joint Union High,0610860,397
CALIFORNIA,Delano Union Elementary,0610890,647
CALIFORNIA,Delphic Elementary,0610980,3
CALIFORNIA,Denair Unified,0611040,147
CALIFORNIA,Desert Center Unified,0611100,3
CALIFORNIA,Desert Sands Unified,0611110,3104
CALIFORNIA,Di Giorgio Elementary,0611130,14
CALIFORNIA,Miller Creek Elementary,0611220,248
CALIFORNIA,Dixon Unified,0611280,424
CALIFORNIA,Douglas City Elementary,0611430,9
CALIFORNIA,Downey Unified,0611460,3092
CALIFORNIA,Dry Creek Joint Elementary,0611490,695
CALIFORNIA,Duarte Unified,0611520,566
CALIFORNIA,Ducor Union Elementary,0611550,5
CALIFORNIA,Dunham Elementary,0611610,24
CALIFORNIA,Dunsmuir Elementary,0611670,16
CALIFORNIA,Dunsmuir Joint Union High,0611700,6
CALIFORNIA,Durham Unified,0611730,111
CALIFORNIA,Earlimart Elementary,0611760,91
CALIFORNIA,East Nicolaus Joint Union High,0611780,35
CALIFORNIA,East Side Union High,0611820,2460
CALIFORNIA,East Whittier City Elementary,0611850,1040
CALIFORNIA,Eastern Sierra Unified,0611870,67
CALIFORNIA,Eastside Union Elementary,0611910,474
CALIFORNIA,Edison Elementary,0611940,68
CALIFORNIA,El Centro Elementary,0612030,809
CALIFORNIA,El Dorado Union High,0612070,879
CALIFORNIA,El Monte City,0612090,966
CALIFORNIA,El Monte Union High,0612120,1043
CALIFORNIA,El Nido Elementary,0612150,14
CALIFORNIA,El Rancho Unified,0612180,973
CALIFORNIA,El Segundo Unified,0612210,276
CALIFORNIA,Elk Grove Unified,0612330,7917
CALIFORNIA,Elk Hills Elementary,0612360,24
CALIFORNIA,Elkins Elementary,0612420,NA
CALIFORNIA,Elverta Joint Elementary,0612600,31
CALIFORNIA,Emery Unified,0612630,75
CALIFORNIA,Empire Union Elementary,0612690,416
CALIFORNIA,Encinitas Union Elementary,0612750,721
CALIFORNIA,Enterprise Elementary,0612810,522
CALIFORNIA,Escalon Unified,0612840,306
CALIFORNIA,Escondido Union,0612880,2279
CALIFORNIA,Escondido Union High,0612910,1132
CALIFORNIA,Esparto Unified,0612930,121
CALIFORNIA,Etiwanda Elementary,0612960,1952
CALIFORNIA,Eureka Union,0613080,370
CALIFORNIA,Evergreen Elementary,0613140,982
CALIFORNIA,Evergreen Union,0613170,137
CALIFORNIA,Fairfax Elementary,0613290,280
CALIFORNIA,Fairfield-Suisun Unified,0613360,2675
CALIFORNIA,Fall River Joint Unified,0613470,192
CALIFORNIA,Fallbrook Union Elementary,0613500,843
CALIFORNIA,Fallbrook Union High,0613530,275
CALIFORNIA,Fieldbrook Elementary,0613740,14
CALIFORNIA,Fillmore Unified,0613800,568
CALIFORNIA,Firebaugh-Las Deltas Unified,0613840,228
CALIFORNIA,Flournoy Union Elementary,0613860,5
CALIFORNIA,Folsom-Cordova Unified,0613890,2622
CALIFORNIA,Fontana Unified,0613920,4373
CALIFORNIA,Foresthill Union Elementary,0613980,43
CALIFORNIA,Forestville Union Elementary,0614010,35
CALIFORNIA,Forks of Salmon Elementary,0614040,NA
CALIFORNIA,Fort Bragg Unified,0614070,207
CALIFORNIA,Fort Ross Elementary,0614130,4
CALIFORNIA,Fortuna Union High,0614190,156
CALIFORNIA,Fountain Valley Elementary,0614220,542
CALIFORNIA,Fowler Unified,0614250,239
CALIFORNIA,Franklin Elementary,0614340,41
CALIFORNIA,Franklin-McKinley Elementary,0614370,908
CALIFORNIA,Fremont Unified,0614400,3330
CALIFORNIA,Fremont Union High,0614430,1066
CALIFORNIA,French Gulch-Whiskeytown Elementary,0614490,3
CALIFORNIA,Freshwater Elementary,0614520,35
CALIFORNIA,Fresno Unified,0614550,8154
CALIFORNIA,Fruitvale Elementary,0614700,359
CALIFORNIA,Fullerton Elementary,0614730,1404
CALIFORNIA,Fullerton Joint Union High,0614760,1355
CALIFORNIA,Galt Joint Union Elementary,0614790,516
CALIFORNIA,Galt Joint Union High,0614820,320
CALIFORNIA,Garden Grove Unified,0614880,5334
CALIFORNIA,Garfield Elementary,0614910,11
CALIFORNIA,Garvey Elementary,0614940,468
CALIFORNIA,Gateway Unified,0614950,398
CALIFORNIA,Gazelle Union Elementary,0614970,3
CALIFORNIA,General Shafter Elementary,0615000,10
CALIFORNIA,Gerber Union Elementary,0615090,40
CALIFORNIA,Geyserville Unified,0615150,38
CALIFORNIA,Gilroy Unified,0615180,1447
CALIFORNIA,Glendale Unified,0615240,2496
CALIFORNIA,Glendora Unified,0615270,1042
CALIFORNIA,Gold Oak Union Elementary,0615390,85
CALIFORNIA,Gold Trail Union Elementary,0615450,94
CALIFORNIA,Golden Feather Union Elementary,0615480,8
CALIFORNIA,Goleta Union Elementary,0615510,340
CALIFORNIA,Gorman Joint,0615600,9
CALIFORNIA,Grant Elementary,0615690,33
CALIFORNIA,Grass Valley Elementary,0615780,244
CALIFORNIA,Gratton Elementary,0615810,9
CALIFORNIA,Gravenstein Union Elementary,0615840,58
CALIFORNIA,Graves Elementary,0615870,3
CALIFORNIA,Green Point Elementary,0615990,4
CALIFORNIA,Greenfield Union,0616050,914
CALIFORNIA,Greenfield Union Elementary,0616080,420
CALIFORNIA,Grenada Elementary,0616110,8
CALIFORNIA,Grossmont Union High,0616230,2991
CALIFORNIA,Guadalupe Union Elementary,0616260,125
CALIFORNIA,Cucamonga Elementary,0616300,372
CALIFORNIA,Guerneville Elementary,0616320,33
CALIFORNIA,Gustine Unified,0616323,255
CALIFORNIA,Hacienda la Puente Unified,0616325,2052
CALIFORNIA,Hanford Elementary,0616470,612
CALIFORNIA,Hanford Joint Union High,0616500,429
CALIFORNIA,Happy Camp Union Elementary,0616530,18
CALIFORNIA,Happy Valley Elementary,0616560,9
CALIFORNIA,Happy Valley Union Elementary,0616570,70
CALIFORNIA,Harmony Union Elementary,0616620,27
CALIFORNIA,Hart-Ransom Union Elementary,0616650,84
CALIFORNIA,Hawthorne,0616680,859
CALIFORNIA,Hayward Unified,0616740,2386
CALIFORNIA,Heber Elementary,0616830,154
CALIFORNIA,Helendale Elementary,0616860,98
CALIFORNIA,Hemet Unified,0616920,3269
CALIFORNIA,Hermosa Beach City Elementary,0617040,142
CALIFORNIA,Hickman Community Charter,0617160,110
CALIFORNIA,Hillsborough City Elementary,0617190,167
CALIFORNIA,Hilmar Unified,0617220,234
CALIFORNIA,Hollister,0617340,832
CALIFORNIA,Holtville Unified,0617430,151
CALIFORNIA,Hope Elementary,0617490,96
CALIFORNIA,Hope Elementary,0617520,10
CALIFORNIA,Horicon Elementary,0617580,14
CALIFORNIA,Hornbrook Elementary,0617620,3
CALIFORNIA,Hot Springs Elementary,0617640,3
CALIFORNIA,Howell Mountain Elementary,0617760,21
CALIFORNIA,Hueneme Elementary,0617850,989
CALIFORNIA,Hughes-Elizabeth Lakes Union Elementary,0617880,21
CALIFORNIA,Huntington Beach City Elementary,0618030,724
CALIFORNIA,Huntington Beach Union High,0618060,1590
CALIFORNIA,Hydesville Elementary,0618120,17
CALIFORNIA,Igo Ono Platina Union Elementary,0618160,6
CALIFORNIA,Imperial Unified,0618210,466
CALIFORNIA,Indian Diggings Elementary,0618240,6
CALIFORNIA,Indian Springs Elementary,0618270,3
CALIFORNIA,Inglewood Unified,0618390,1389
CALIFORNIA,Island Union Elementary,0618510,30
CALIFORNIA,Jacoby Creek Elementary,0618660,43
CALIFORNIA,Jamestown Elementary,0618690,75
CALIFORNIA,Jamul-Dulzura Union Elementary,0618730,86
CALIFORNIA,Janesville Union Elementary,0618780,24
CALIFORNIA,Jefferson Elementary,0618810,NA
CALIFORNIA,Jefferson Elementary,0618840,225
CALIFORNIA,Jefferson Elementary,0618870,633
CALIFORNIA,Jefferson Union High,0618930,395
CALIFORNIA,John Swett Unified,0618990,220
CALIFORNIA,Johnstonville Elementary,0619050,14
CALIFORNIA,Julian Union High,0619110,25
CALIFORNIA,Julian Union Elementary,0619140,60
CALIFORNIA,Junction City Elementary,0619170,6
CALIFORNIA,Junction Elementary,0619200,34
CALIFORNIA,Junction Elementary,0619230,5
CALIFORNIA,Jurupa Unified,0619260,2357
CALIFORNIA,Kelseyville Unified,0619320,178
CALIFORNIA,Kentfield Elementary,0619380,146
CALIFORNIA,Kenwood,0619410,18
CALIFORNIA,Keppel Union Elementary,0619440,397
CALIFORNIA,Kerman Unified,0619490,587
CALIFORNIA,Kern High,0619540,4892
CALIFORNIA,Kernville Union Elementary,0619590,113
CALIFORNIA,Keyes Union,0619620,133
CALIFORNIA,South Monterey County Joint Union High,0619650,342
CALIFORNIA,King City Union,0619680,500
CALIFORNIA,Kings Canyon Joint Unified,0619700,813
CALIFORNIA,Kings River Union Elementary,0619740,22
CALIFORNIA,Kings River-Hardwick Union Elementary,0619770,55
CALIFORNIA,Kingsburg Elementary Charter,0619800,208
CALIFORNIA,Kingsburg Joint Union High,0619830,99
CALIFORNIA,Kirkwood Elementary,0619860,6
CALIFORNIA,Kit Carson Union Elementary,0619890,47
CALIFORNIA,Klamath River Union Elementary,0619920,5
CALIFORNIA,Klamath-Trinity Joint Unified,0619950,182
CALIFORNIA,Kneeland Elementary,0619980,3
CALIFORNIA,Knights Ferry Elementary,0620010,11
CALIFORNIA,Knightsen Elementary,0620040,84
CALIFORNIA,Konocti Unified,0620070,452
CALIFORNIA,La Canada Unified,0620130,369
CALIFORNIA,La Habra City Elementary,0620190,653
CALIFORNIA,La Honda-Pescadero Unified,0620220,41
CALIFORNIA,La Mesa-Spring Valley,0620250,1955
CALIFORNIA,Lafayette Elementary,0620310,388
CALIFORNIA,Laguna Beach Unified,0620370,328
CALIFORNIA,Laguna Joint Elementary,0620430,3
CALIFORNIA,Pacifica,0620460,322
CALIFORNIA,Lagunita Elementary,0620490,7
CALIFORNIA,Lagunitas Elementary,0620520,29
CALIFORNIA,Lake Elementary,0620610,20
CALIFORNIA,Lake Tahoe Unified,0620640,490
CALIFORNIA,Lakeport Unified,0620670,162
CALIFORNIA,Lakeside Joint,0620700,14
CALIFORNIA,Lakeside Union,0620730,172
CALIFORNIA,Lakeside Union Elementary,0620760,30
CALIFORNIA,Lakeside Union Elementary,0620790,899
CALIFORNIA,Lamont Elementary,0620850,237
CALIFORNIA,Lancaster Elementary,0620880,2126
CALIFORNIA,Larkspur-Corte Madera,0620910,160
CALIFORNIA,Las Virgenes Unified,0621000,1154
CALIFORNIA,Lassen Union High,0621060,82
CALIFORNIA,Lassen View Union Elementary,0621090,30
CALIFORNIA,Laton Joint Unified,0621150,97
CALIFORNIA,Latrobe,0621180,20
CALIFORNIA,Lawndale Elementary,0621210,642
CALIFORNIA,Le Grand Union Elementary,0621240,37
CALIFORNIA,Le Grand Union High,0621270,57
CALIFORNIA,Lemon Grove,0621330,468
CALIFORNIA,Lemoore Union Elementary,0621360,340
CALIFORNIA,Lemoore Union High,0621400,275
CALIFORNIA,Lennox,0621420,641
CALIFORNIA,Richland Union Elementary,0621450,321
CALIFORNIA,Lewiston Elementary,0621480,9
CALIFORNIA,Liberty Elementary,0621540,21
CALIFORNIA,Liberty Elementary,0621570,30
CALIFORNIA,Liberty Union High,0621600,1138
CALIFORNIA,Lincoln Elementary,0621660,NA
CALIFORNIA,Lincoln Unified,0621690,1315
CALIFORNIA,Linden Unified,0621810,294
CALIFORNIA,Lindsay Unified,0621870,324
CALIFORNIA,Linns Valley-Poso Flat Union,0621900,4
CALIFORNIA,Little Lake City Elementary,0621930,558
CALIFORNIA,Little Shasta Elementary,0621960,3
CALIFORNIA,Live Oak Elementary,0621990,217
CALIFORNIA,Live Oak Unified,0622050,241
CALIFORNIA,Livermore Valley Joint Unified,0622110,1990
CALIFORNIA,Livingston Union,0622170,229
CALIFORNIA,Lodi Unified,0622230,4062
CALIFORNIA,Loleta Union Elementary,0622320,46
CALIFORNIA,Loma Prieta Joint Union Elementary,0622350,66
CALIFORNIA,Las Lomitas Elementary,0622380,146
CALIFORNIA,Lompoc Unified,0622410,1349
CALIFORNIA,Lone Pine Unified,0622440,46
CALIFORNIA,Long Beach Unified,0622500,9417
CALIFORNIA,Loomis Union Elementary,0622560,249
CALIFORNIA,Los Alamitos Unified,0622590,988
CALIFORNIA,Los Altos Elementary,0622650,380
CALIFORNIA,Los Angeles Unified,0622710,77664
CALIFORNIA,Los Banos Unified,0622740,1359
CALIFORNIA,Los Gatos-Saratoga Union High,0622800,377
CALIFORNIA,Los Gatos Union Elementary,0622830,241
CALIFORNIA,Los Molinos Unified,0622860,72
CALIFORNIA,Los Nietos,0622890,255
CALIFORNIA,Los Olivos Elementary,0622920,18
CALIFORNIA,Lost Hills Union Elementary,0622950,32
CALIFORNIA,Lowell Joint,0623010,398
CALIFORNIA,Lucerne Elementary,0623040,40
CALIFORNIA,Lucia Mar Unified,0623080,1449
CALIFORNIA,Luther Burbank,0623130,47
CALIFORNIA,Lynwood Unified,0623160,1666
CALIFORNIA,Madera Unified,0623340,1965
CALIFORNIA,Magnolia Elementary,0623430,696
CALIFORNIA,Magnolia Union Elementary,0623460,10
CALIFORNIA,Mammoth Unified,0623530,99
CALIFORNIA,Manchester Union Elementary,0623550,10
CALIFORNIA,Manteca Unified,0623610,3534
CALIFORNIA,Manzanita Elementary,0623700,18
CALIFORNIA,Maple Creek Elementary,0623730,3
CALIFORNIA,Maple Elementary,0623760,22
CALIFORNIA,Marcum-Illinois Union Elementary,0623800,20
CALIFORNIA,Maricopa Unified,0623820,164
CALIFORNIA,Mariposa County Unified,0623940,214
CALIFORNIA,Mark Twain Union Elementary,0623970,139
CALIFORNIA,Mark West Union Elementary,0624000,122
CALIFORNIA,Martinez Unified,0624030,580
CALIFORNIA,Marysville Joint Unified,0624090,1463
CALIFORNIA,Maxwell Unified,0624150,33
CALIFORNIA,McCabe Union Elementary,0624180,120
CALIFORNIA,McCloud Union Elementary,0624210,8
CALIFORNIA,McFarland Unified,0624230,328
CALIFORNIA,McKinleyville Union Elementary,0624300,263
CALIFORNIA,McKittrick Elementary,0624330,9
CALIFORNIA,McSwain Union Elementary,0624360,104
CALIFORNIA,Meadows Union Elementary,0624390,51
CALIFORNIA,Mendocino Unified,0624480,72
CALIFORNIA,Milpitas Unified,0624500,887
CALIFORNIA,Menifee Union Elementary,0624540,1408
CALIFORNIA,Menlo Park City Elementary,0624570,224
CALIFORNIA,Merced City Elementary,0624600,1108
CALIFORNIA,Merced River Union Elementary,0624630,22
CALIFORNIA,Merced Union High,0624660,1314
CALIFORNIA,Meridian Elementary,0624690,30
CALIFORNIA,Mesa Union Elementary,0624720,101
CALIFORNIA,Middletown Unified,0624750,164
CALIFORNIA,Midway Elementary,0624780,9
CALIFORNIA,Mill Valley Elementary,0624870,320
CALIFORNIA,Millbrae Elementary,0624900,200
CALIFORNIA,Millville Elementary,0624930,13
CALIFORNIA,Mission Union Elementary,0625110,4
CALIFORNIA,Modesto City Elementary,0625130,2130
CALIFORNIA,Modesto City High,0625150,2040
CALIFORNIA,Modoc Joint Unified,0625190,71
CALIFORNIA,Mojave Unified,0625230,474
CALIFORNIA,Monroe Elementary,0625290,11
CALIFORNIA,Monrovia Unified,0625320,729
CALIFORNIA,Monson-Sultana Joint Union Elementary,0625350,31
CALIFORNIA,Montague Elementary,0625380,20
CALIFORNIA,Monte Rio Union Elementary,0625410,10
CALIFORNIA,Montebello Unified,0625470,3371
CALIFORNIA,Montecito Union Elementary,0625500,43
CALIFORNIA,Monterey Peninsula Unified,0625530,1210
CALIFORNIA,Montgomery Elementary,0625650,3
CALIFORNIA,Moorpark Unified,0625690,965
CALIFORNIA,Moraga Elementary,0625740,233
CALIFORNIA,Moreland,0625770,540
CALIFORNIA,Moreno Valley Unified,0625800,4701
CALIFORNIA,Morgan Hill Unified,0625830,1117
CALIFORNIA,Morongo Unified,0625860,1269
CALIFORNIA,Mother Lode Union Elementary,0625980,157
CALIFORNIA,Mt. Shasta Union Elementary,0626040,51
CALIFORNIA,Mountain Elementary,0626070,13
CALIFORNIA,Mountain Empire Unified,0626100,354
CALIFORNIA,Mountain House Elementary,0626130,4
CALIFORNIA,Mountain View Elementary,0626190,815
CALIFORNIA,Mountain View Elementary,0626220,361
CALIFORNIA,Mountain View Whisman,0626280,546
CALIFORNIA,Mountain View-Los Altos Union High,0626310,461
CALIFORNIA,Mt. Baldy Joint Elementary,0626340,10
CALIFORNIA,Mt. Diablo Unified,0626370,4097
CALIFORNIA,Mount Pleasant Elementary,0626400,310
CALIFORNIA,Mulberry Elementary,0626430,4
CALIFORNIA,Mupu Elementary,0626460,22
CALIFORNIA,Muroc Joint Unified,0626490,233
CALIFORNIA,Napa Valley Unified,0626640,2249
CALIFORNIA,National Elementary,0626670,603
CALIFORNIA,Needles Unified,0626760,184
CALIFORNIA,Nevada City Elementary,0626820,81
CALIFORNIA,Nevada Joint Union High,0626880,427
CALIFORNIA,New Haven Unified,0626910,1194
CALIFORNIA,New Hope Elementary,0626970,31
CALIFORNIA,New Jerusalem Elementary,0627030,59
CALIFORNIA,Mountain Union Elementary,0627040,9
CALIFORNIA,Newark Unified,0627060,701
CALIFORNIA,Newcastle Elementary,0627120,79
CALIFORNIA,Newhall,0627180,786
CALIFORNIA,Newman-Crows Landing Unified,0627200,371
CALIFORNIA,Newport-Mesa Unified,0627240,2149
CALIFORNIA,Nicasio,0627300,6
CALIFORNIA,Norris Elementary,0627450,362
CALIFORNIA,North County Joint Union Elementary,0627480,83
CALIFORNIA,North Cow Creek Elementary,0627510,12
CALIFORNIA,North Monterey County Unified,0627590,521
CALIFORNIA,Norwalk-La Mirada Unified,0627690,2101
CALIFORNIA,Novato Unified,0627720,896
CALIFORNIA,Nuestro Elementary,0627750,19
CALIFORNIA,Nuview Union,0627780,204
CALIFORNIA,Oak Grove Elementary,0627810,1319
CALIFORNIA,Oak Grove Union Elementary,0627840,86
CALIFORNIA,Oak Park Unified,0627850,315
CALIFORNIA,Oak Run Elementary,0627870,9
CALIFORNIA,Oak Valley Union Elementary,0627900,26
CALIFORNIA,Oak View Union Elementary,0627930,48
CALIFORNIA,Oakland Unified,0628050,5557
CALIFORNIA,Oakley Union Elementary,0628080,789
CALIFORNIA,Ocean View,0628140,1156
CALIFORNIA,Ocean View,0628170,282
CALIFORNIA,Oceanside Unified,0628250,2467
CALIFORNIA,Ojai Unified,0628270,378
CALIFORNIA,Old Adobe Union,0628320,264
CALIFORNIA,Ontario-Montclair,0628470,2960
CALIFORNIA,Orange Center,0628530,50
CALIFORNIA,Orange Unified,0628650,3200
CALIFORNIA,Orchard Elementary,0628680,78
CALIFORNIA,Orcutt Union Elementary,0628710,613
CALIFORNIA,Orick Elementary,0628830,5
CALIFORNIA,Orinda Union Elementary,0628860,253
CALIFORNIA,Oro Grande,0628950,10
CALIFORNIA,Oroville City Elementary,0629100,401
CALIFORNIA,Oroville Union High,0629130,324
CALIFORNIA,Outside Creek Elementary,0629160,3
CALIFORNIA,Owens Valley Unified,0629190,9
CALIFORNIA,Oxnard,0629220,2238
CALIFORNIA,Oxnard Union High,0629270,2280
CALIFORNIA,Pacheco Union Elementary,0629280,85
CALIFORNIA,Pacific Elementary,0629340,11
CALIFORNIA,Pacific Grove Unified,0629370,229
CALIFORNIA,Pacific Union Elementary,0629400,31
CALIFORNIA,Pacific Union Elementary,0629430,93
CALIFORNIA,Pajaro Valley Unified,0629490,2775
CALIFORNIA,Palermo Union Elementary,0629540,159
CALIFORNIA,Palm Springs Unified,0629550,2551
CALIFORNIA,Palmdale Elementary,0629580,3019
CALIFORNIA,Palo Alto Unified,0629610,1144
CALIFORNIA,Palo Verde Unified,0629640,390
CALIFORNIA,Palo Verde Union Elementary,0629670,13
CALIFORNIA,Palos Verdes Peninsula Unified,0629700,986
CALIFORNIA,Panoche Elementary,0629770,NA
CALIFORNIA,Paradise Elementary,0629790,18
CALIFORNIA,Paradise Unified,0629820,287
CALIFORNIA,Paramount Unified,0629850,1798
CALIFORNIA,Parlier Unified,0629910,343
CALIFORNIA,Pasadena Unified,0629940,2610
CALIFORNIA,Patterson Joint Unified,0630030,1018
CALIFORNIA,Peninsula Union,0630090,9
CALIFORNIA,Perris Elementary,0630180,595
CALIFORNIA,Perris Union High,0630210,1495
CALIFORNIA,Petaluma City Elementary,0630230,348
CALIFORNIA,Petaluma Joint Union High,0630250,885
CALIFORNIA,Piedmont City Unified,0630330,305
CALIFORNIA,Pierce Joint Unified,0630360,153
CALIFORNIA,Pine Ridge Elementary,0630390,8
CALIFORNIA,Piner-Olivet Union Elementary,0630450,119
CALIFORNIA,Pioneer Union Elementary,0630480,41
CALIFORNIA,Pioneer Union Elementary,0630510,144
CALIFORNIA,Pioneer Union Elementary,0630520,4
CALIFORNIA,Pittsburg Unified,0630600,1207
CALIFORNIA,Pixley Union Elementary,0630630,76
CALIFORNIA,Placentia-Yorba Linda Unified,0630660,2841
CALIFORNIA,Placer Hills Union Elementary,0630720,104
CALIFORNIA,Placer Union High,0630750,447
CALIFORNIA,Placerville Union Elementary,0630780,206
CALIFORNIA,Plainsburg Union Elementary,0630810,6
CALIFORNIA,Planada Elementary,0630840,73
CALIFORNIA,Plaza Elementary,0630870,14
CALIFORNIA,Pleasant Grove Joint Union,0630900,16
CALIFORNIA,Pleasant Ridge Union Elementary,0630930,190
CALIFORNIA,Pleasant Valley,0630990,1084
CALIFORNIA,Pleasant Valley Joint Union Elementary,0631020,7
CALIFORNIA,Pleasant View Elementary,0631050,25
CALIFORNIA,Plumas Unified,0631170,228
CALIFORNIA,Plumas Lake Elementary,0631180,147
CALIFORNIA,Point Arena Joint Union High,0631230,21
CALIFORNIA,Pollock Pines Elementary,0631290,138
CALIFORNIA,Pomona Unified,0631320,2891
CALIFORNIA,Pond Union Elementary,0631350,10
CALIFORNIA,Pope Valley Union Elementary,0631380,7
CALIFORNIA,Potter Valley Community Unified,0631400,39
CALIFORNIA,Portola Valley Elementary,0631470,50
CALIFORNIA,Poway Unified,0631530,4755
CALIFORNIA,Princeton Joint Unified,0631620,18
CALIFORNIA,Raisin City Elementary,0631680,24
CALIFORNIA,Ramona City Unified,0631710,765
CALIFORNIA,Rancho Santa Fe Elementary,0631740,69
CALIFORNIA,Ravendale-Termo Elementary,0631830,NA
CALIFORNIA,Ravenswood City Elementary,0631860,395
CALIFORNIA,Raymond-Knowles Union Elementary,0631920,10
CALIFORNIA,Red Bluff Union Elementary,0631980,306
CALIFORNIA,Red Bluff Joint Union High,0632010,259
CALIFORNIA,Redding Elementary,0632040,413
CALIFORNIA,Redlands Unified,0632070,2734
CALIFORNIA,Redwood City Elementary,0632130,1129
CALIFORNIA,Reed Union Elementary,0632160,113
CALIFORNIA,Reeds Creek Elementary,0632250,29
CALIFORNIA,Reef-Sunset Unified,0632270,239
CALIFORNIA,Rescue Union Elementary,0632310,506
CALIFORNIA,Kashia Elementary,0632340,4
CALIFORNIA,Rialto Unified,0632370,3000
CALIFORNIA,Richfield Elementary,0632400,28
CALIFORNIA,Richgrove Elementary,0632430,34
CALIFORNIA,Richmond Elementary,0632520,17
CALIFORNIA,West Contra Costa Unified,0632550,3983
CALIFORNIA,Rim of the World Unified,0632610,404
CALIFORNIA,Rincon Valley Union Elementary,0632640,420
CALIFORNIA,Rio Bravo-Greeley Union Elementary,0632710,90
CALIFORNIA,Rio Dell Elementary,0632730,51
CALIFORNIA,Rio Elementary,0632760,652
CALIFORNIA,Ripon Unified,0632880,370
CALIFORNIA,River Delta Joint Unified,0633110,234
CALIFORNIA,Riverside Unified,0633150,4932
CALIFORNIA,Roberts Ferry Union Elementary,0633210,13
CALIFORNIA,Robla Elementary,0633240,226
CALIFORNIA,Rockford Elementary,0633270,16
CALIFORNIA,Romoland Elementary,0633390,547
CALIFORNIA,Rosedale Union Elementary,0633480,712
CALIFORNIA,Roseland,0633510,368
CALIFORNIA,Rosemead Elementary,0633570,328
CALIFORNIA,Roseville City Elementary,0633600,1378
CALIFORNIA,Roseville Joint Union High,0633630,781
CALIFORNIA,Ross Elementary,0633660,36
CALIFORNIA,Round Valley Joint Elementary,0633690,9
CALIFORNIA,Round Valley Unified,0633720,67
CALIFORNIA,Rowland Unified,0633750,1467
CALIFORNIA,Sacramento City Unified,0633840,5915
CALIFORNIA,Saddleback Valley Unified,0633860,3415
CALIFORNIA,Salida Union Elementary,0633900,354
CALIFORNIA,Salinas City Elementary,0633930,857
CALIFORNIA,Salinas Union High,0633980,1718
CALIFORNIA,San Antonio Union Elementary,0634050,24
CALIFORNIA,San Ardo Union Elementary,0634080,21
CALIFORNIA,San Benito High,0634140,379
CALIFORNIA,San Bernardino City Unified,0634170,6300
CALIFORNIA,San Bruno Park Elementary,0634230,299
CALIFORNIA,San Carlos Elementary,0634290,298
CALIFORNIA,San Diego Unified,0634320,15086
CALIFORNIA,San Dieguito Union High,0634380,1336
CALIFORNIA,San Francisco Unified,0634410,6550
CALIFORNIA,San Gabriel Unified,0634425,534
CALIFORNIA,San Jacinto Unified,0634440,1511
CALIFORNIA,San Jose Unified,0634590,3520
CALIFORNIA,San Juan Unified,0634620,6231
CALIFORNIA,San Leandro Unified,0634680,1259
CALIFORNIA,San Lorenzo Unified,0634710,1139
CALIFORNIA,San Lorenzo Valley Unified,0634740,552
CALIFORNIA,San Lucas Union Elementary,0634770,18
CALIFORNIA,San Luis Coastal Unified,0634800,987
CALIFORNIA,San Marino Unified,0634860,224
CALIFORNIA,San Marcos Unified,0634880,2860
CALIFORNIA,San Mateo-Foster City,0634920,1040
CALIFORNIA,San Mateo Union High,0634980,1054
CALIFORNIA,San Miguel Joint Union,0635010,96
CALIFORNIA,San Pasqual Union Elementary,0635040,42
CALIFORNIA,San Pasqual Valley Unified,0635070,95
CALIFORNIA,San Rafael City Elementary,0635090,512
CALIFORNIA,San Rafael City High,0635110,340
CALIFORNIA,San Ramon Valley Unified,0635130,2952
CALIFORNIA,San Ysidro Elementary,0635220,603
CALIFORNIA,Sanger Unified,0635250,958
CALIFORNIA,Santa Ana Unified,0635310,6333
CALIFORNIA,Santa Clara Unified,0635430,2230
CALIFORNIA,Santa Clara Elementary,0635490,3
CALIFORNIA,Santa Cruz City Elementary,0635590,319
CALIFORNIA,Santa Cruz City High,0635600,589
CALIFORNIA,Santa Maria Joint Union High,0635670,908
CALIFORNIA,Santa Monica-Malibu Unified,0635700,1262
CALIFORNIA,Santa Rita Union Elementary,0635790,373
CALIFORNIA,Santa Rosa Elementary,0635810,705
CALIFORNIA,Santa Rosa High,0635830,1848
CALIFORNIA,Santa Ynez Valley Union High,0635850,94
CALIFORNIA,Santee,0635880,1105
CALIFORNIA,Saratoga Union Elementary,0635910,190
CALIFORNIA,Saucelito Elementary,0635940,5
CALIFORNIA,Saugus Union,0635970,1258
CALIFORNIA,Sausalito Marin City,0636000,68
CALIFORNIA,Savanna Elementary,0636030,291
CALIFORNIA,Scotia Union Elementary,0636100,21
CALIFORNIA,Sebastopol Union Elementary,0636180,82
CALIFORNIA,Seeley Union Elementary,0636210,48
CALIFORNIA,Seiad Elementary,0636240,NA
CALIFORNIA,Selma Unified,0636270,839
CALIFORNIA,Semitropic Elementary,0636330,11
CALIFORNIA,Sequoia Union Elementary,0636360,21
CALIFORNIA,Sequoia Union High,0636390,1208
CALIFORNIA,Shaffer Union Elementary,0636420,16
CALIFORNIA,Shandon Joint Unified,0636450,48
CALIFORNIA,Shasta Union Elementary,0636570,9
CALIFORNIA,Shasta Union High,0636600,538
CALIFORNIA,Shiloh Elementary,0636660,10
CALIFORNIA,Shoreline Unified,0636670,81
CALIFORNIA,Sierra-Plumas Joint Unified,0636780,56
CALIFORNIA,Sierra Sands Unified,0636800,686
CALIFORNIA,Sierra Unified,0636805,177
CALIFORNIA,Silver Fork Elementary,0636810,NA
CALIFORNIA,Silver Valley Unified,0636820,337
CALIFORNIA,Simi Valley Unified,0636840,2133
CALIFORNIA,Siskiyou Union High,0636940,59
CALIFORNIA,Snelling-Merced Falls Union Elementary,0636960,10
CALIFORNIA,Snowline Joint Unified,0636970,1140
CALIFORNIA,Victor Valley Union High,0636972,1886
CALIFORNIA,Solana Beach Elementary,0636990,322
CALIFORNIA,Soledad Unified,0637050,672
CALIFORNIA,Solvang Elementary,0637110,76
CALIFORNIA,Somis Union,0637140,32
CALIFORNIA,Sonoma Valley Unified,0637200,647
CALIFORNIA,Sonora Elementary,0637230,94
CALIFORNIA,Sonora Union High,0637260,137
CALIFORNIA,Soquel Union Elementary,0637290,251
CALIFORNIA,Soulsbyville Elementary,0637320,81
CALIFORNIA,South Bay Union Elementary,0637350,101
CALIFORNIA,South Bay Union,0637380,1029
CALIFORNIA,South Fork Union,0637470,31
CALIFORNIA,South Pasadena Unified,0637500,399
CALIFORNIA,South San Francisco Unified,0637530,1175
CALIFORNIA,South Whittier Elementary,0637560,436
CALIFORNIA,Southern Humboldt Joint Unified,0637590,103
CALIFORNIA,Southern Kern Unified,0637620,515
CALIFORNIA,Southern Trinity Joint Unified,0637630,13
CALIFORNIA,Southside Elementary,0637650,17
CALIFORNIA,Spencer Valley Elementary,0637680,42
CALIFORNIA,Spreckels Union Elementary,0637710,64
CALIFORNIA,Springville Union Elementary,0637770,21
CALIFORNIA,Saint Helena Unified,0637830,99
CALIFORNIA,Standard Elementary,0637890,367
CALIFORNIA,Stanislaus Union Elementary,0637950,395
CALIFORNIA,Stockton Unified,0638010,4307
CALIFORNIA,Stone Corral Elementary,0638040,7
CALIFORNIA,Stony Creek Joint Unified,0638070,12
CALIFORNIA,Strathmore Union Elementary,0638130,56
CALIFORNIA,Sulphur Springs Union,0638220,711
CALIFORNIA,Summerville Elementary,0638250,63
CALIFORNIA,Summerville Union High,0638280,63
CALIFORNIA,Sundale Union Elementary,0638340,17
CALIFORNIA,Sunnyside Union Elementary,0638430,23
CALIFORNIA,Sunnyvale,0638460,669
CALIFORNIA,Surprise Valley Joint Unified,0638520,8
CALIFORNIA,Susanville Elementary,0638550,116
CALIFORNIA,Sutter Union High,0638610,60
CALIFORNIA,Sweetwater Union High,0638640,5342
CALIFORNIA,Sylvan Union Elementary,0638670,1279
CALIFORNIA,Taft City,0638700,333
CALIFORNIA,Taft Union High,0638730,125
CALIFORNIA,Tahoe-Truckee Unified,0638770,502
CALIFORNIA,Tamalpais Union High,0638790,627
CALIFORNIA,Tehachapi Unified,0638880,537
CALIFORNIA,Temple City Unified,0638980,542
CALIFORNIA,Templeton Unified,0639000,201
CALIFORNIA,Terra Bella Union Elementary,0639060,75
CALIFORNIA,Thermalito Union Elementary,0639180,173
CALIFORNIA,Three Rivers Union Elementary,0639210,3
CALIFORNIA,Tipton Elementary,0639300,28
CALIFORNIA,Torrance Unified,0639420,2732
CALIFORNIA,Traver Joint Elementary,0639600,14
CALIFORNIA,Travis Unified,0639630,664
CALIFORNIA,Tres Pinos Union Elementary,0639690,15
CALIFORNIA,Trinidad Union Elementary,0639720,26
CALIFORNIA,Trinity Center Elementary,0639750,NA
CALIFORNIA,Trona Joint Unified,0639840,67
CALIFORNIA,Tulare City,0639870,979
CALIFORNIA,Tulare Joint Union High,0639930,524
CALIFORNIA,Tulelake Basin Joint Unified,0639940,58
CALIFORNIA,Tustin Unified,0640150,2412
CALIFORNIA,Twain Harte,0640200,33
CALIFORNIA,Twin Hills Union Elementary,0640230,111
CALIFORNIA,Two Rock Union,0640260,24
CALIFORNIA,Ukiah Unified,0640300,798
CALIFORNIA,Union Elementary,0640320,581
CALIFORNIA,Union Hill Elementary,0640380,91
CALIFORNIA,Vacaville Unified,0640590,1646
CALIFORNIA,Valle Lindo Elementary,0640650,99
CALIFORNIA,Vallecito Union,0640680,101
CALIFORNIA,Vallecitos Elementary,0640710,22
CALIFORNIA,Vallejo City Unified,0640740,1412
CALIFORNIA,Valley Home Joint Elementary,0640800,13
CALIFORNIA,Ventura Unified,0640980,1902
CALIFORNIA,Victor Elementary,0641040,1720
CALIFORNIA,Vineland Elementary,0641130,64
CALIFORNIA,Visalia Unified,0641160,2911
CALIFORNIA,Vista Unified,0641190,3118
CALIFORNIA,Vista del Mar Union,0641220,6
CALIFORNIA,Walnut Creek Elementary,0641250,363
CALIFORNIA,Walnut Valley Unified,0641280,999
CALIFORNIA,Wasco Union Elementary,0641400,326
CALIFORNIA,Wasco Union High,0641430,153
CALIFORNIA,Washington Colony Elementary,0641460,42
CALIFORNIA,Washington Unified,0641580,851
CALIFORNIA,Washington Union Elementary,0641610,80
CALIFORNIA,Waugh Elementary,0641790,88
CALIFORNIA,Waukena Joint Union Elementary,0641820,10
CALIFORNIA,Weaver Union,0641880,353
CALIFORNIA,Weed Union Elementary,0641980,49
CALIFORNIA,West Covina Unified,0642000,989
CALIFORNIA,West Park Elementary,0642060,40
CALIFORNIA,Westside Union Elementary,0642120,1363
CALIFORNIA,Western Placer Unified,0642140,903
CALIFORNIA,Westminster,0642150,1034
CALIFORNIA,Westmorland Union Elementary,0642180,58
CALIFORNIA,Westside Elementary,0642210,22
CALIFORNIA,West Side Union Elementary,0642270,14
CALIFORNIA,Westwood Unified,0642300,18
CALIFORNIA,Wheatland,0642330,165
CALIFORNIA,Wheatland Union High,0642350,132
CALIFORNIA,Whitmore Union Elementary,0642420,12
CALIFORNIA,Whittier City Elementary,0642450,856
CALIFORNIA,Whittier Union High,0642480,1509
CALIFORNIA,William S. Hart Union High,0642510,3081
CALIFORNIA,Williams Unified,0642540,149
CALIFORNIA,Willits Unified,0642560,225
CALIFORNIA,Laytonville Unified,0642580,55
CALIFORNIA,Willow Creek Elementary,0642600,3
CALIFORNIA,Willow Grove Union Elementary,0642630,3
CALIFORNIA,Willows Unified,0642710,222
CALIFORNIA,Wilmar Union Elementary,0642750,28
CALIFORNIA,Wilsona Elementary,0642810,160
CALIFORNIA,Winship-Robbins,0642900,8
CALIFORNIA,Winters Joint Unified,0642930,216
CALIFORNIA,Winton,0642960,243
CALIFORNIA,Woodland Joint Unified,0643080,1491
CALIFORNIA,Woodside Elementary,0643140,57
CALIFORNIA,Woodville Union Elementary,0643170,23
CALIFORNIA,Wright Elementary,0643200,255
CALIFORNIA,Yreka Union Elementary,0643380,95
CALIFORNIA,Yreka Union High,0643410,71
CALIFORNIA,Yuba City Unified,0643470,1583
CALIFORNIA,Yucaipa-Calimesa Joint Unified,0643560,1312
CALIFORNIA,Irvine Unified,0684500,3308
CALIFORNIA,Amador County Office of Education,0691001,121
CALIFORNIA,Butte County Office of Education,0691002,58
CALIFORNIA,Calaveras County Office of Education,0691003,35
CALIFORNIA,Colusa County Office of Education,0691004,29
CALIFORNIA,Contra Costa County Office of Education,0691005,21
CALIFORNIA,El Dorado County Office of Education,0691006,99
CALIFORNIA,Fresno County Office of Education,0691007,17
CALIFORNIA,Glenn County Office of Education,0691008,54
CALIFORNIA,Humboldt County Office of Education,0691009,49
CALIFORNIA,Imperial County Office of Education,0691010,58
CALIFORNIA,Inyo County Office of Education,0691011,11
CALIFORNIA,Kern County Office of Education,0691012,127
CALIFORNIA,Kings County Office of Education,0691013,8
CALIFORNIA,Lake County Office of Education,0691014,10
CALIFORNIA,Lassen County Office of Education,0691015,3
CALIFORNIA,Madera County Superintendent of Schools,0691017,49
CALIFORNIA,Marin County Office of Education,0691018,4
CALIFORNIA,Mendocino County Office of Education,0691019,8
CALIFORNIA,Merced County Office of Education,0691020,41
CALIFORNIA,Monterey County Office of Education,0691021,45
CALIFORNIA,Napa County Office of Education,0691022,9
CALIFORNIA,Nevada County Office of Education,0691023,7
CALIFORNIA,Orange County Department of Education,0691024,3
CALIFORNIA,Placer County Office of Education,0691025,56
CALIFORNIA,Riverside County Office of Education,0691026,100
CALIFORNIA,Sacramento County Office of Education,0691027,22
CALIFORNIA,San Benito County Office of Education,0691028,3
CALIFORNIA,San Bernardino County Office of Education,0691029,9
CALIFORNIA,San Diego County Office of Education,0691030,65
CALIFORNIA,San Joaquin County Office of Education,0691031,226
CALIFORNIA,San Luis Obispo County Office of Education,0691032,3
CALIFORNIA,San Mateo County Office of Education,0691033,18
CALIFORNIA,Santa Barbara County Office of Education,0691034,NA
CALIFORNIA,Santa Clara County Office of Education,0691035,258
CALIFORNIA,Santa Cruz County Office of Education,0691036,18
CALIFORNIA,Shasta County Office of Education,0691037,22
CALIFORNIA,Siskiyou County Office of Education,0691038,5
CALIFORNIA,Sonoma County Office of Education,0691040,84
CALIFORNIA,Stanislaus County Office of Education,0691041,46
CALIFORNIA,Sutter County Office of Education,0691042,8
CALIFORNIA,Tehama County Department of Education,0691043,25
CALIFORNIA,Trinity County Office of Education,0691044,9
CALIFORNIA,Tulare County Office of Education,0691045,37
CALIFORNIA,Tuolumne County Superintendent of Schools,0691046,13
CALIFORNIA,Ventura County Office of Education,0691047,144
CALIFORNIA,Yuba County Office of Education,0691048,66
CALIFORNIA,Yolo County Office of Education,0691049,6
CALIFORNIA,Alameda County Office of Education,0691051,4
CALIFORNIA,Mono County Office of Education,0691052,7
CALIFORNIA,Alpine County Office of Education,0691058,NA
CALIFORNIA,Del Norte County Office of Education,0691063,3
CALIFORNIA,Los Angeles County Office of Education,0691078,529
CALIFORNIA,Mariposa County Office of Education,0691090,4
CALIFORNIA,Modoc County Office of Education,0691093,24
CALIFORNIA,Plumas County Office of Education,0691102,3
CALIFORNIA,San Francisco County Office of Education,0691111,10
CALIFORNIA,Sierra County Office of Education,0691120,NA
CALIFORNIA,Solano County Office of Education,0691122,19
CALIFORNIA,Golden Plains Unified,0691134,151
CALIFORNIA,Val Verde Unified,0691135,2450
CALIFORNIA,Aromas - San Juan Unified,0691136,130
CALIFORNIA,Big Oak Flat-Groveland Unified,0691137,48
COLORADO,Cheyenne County School District No. Re-5,0800001,NA
COLORADO,DENVER 1,0800004,NA
COLORADO,Yuma 1 School District,0800016,NA
COLORADO,Wray RD-2 School District,0800017,NA
COLORADO,Idalia RJ-3 School District,0800018,NA
COLORADO,Liberty J-4 School District,0800019,NA
COLORADO,State Charter School Institute,0800020,NA
COLORADO,Colorado School for the Deaf and Blind,0800023,NA
COLORADO,El Paso 8 Fountain,0800220,1532
COLORADO,Pueblo 60 Urban,0800221,2157
COLORADO,Jefferson R-1,0800222,9495
COLORADO,El Paso 3 Widefield,0800223,1283
COLORADO,Arapahoe 6 Littleton,0800224,1746
COLORADO,El Paso 20 Academy,0800225,2247
COLORADO,Centennial BOCES,0800226,1068
COLORADO,Boulder Re-2 Boulder,0800227,3854
COLORADO,Arapahoe 2 Sheridan,0800228,179
COLORADO,Northeast BOCES,0800229,770
COLORADO,Department of Corrections,0800230,8
COLORADO,El Paso 38 Lewis Palmer,0800231,686
COLORADO,Division of Youth Services,0800232,67
COLORADO,Fremont Re-1 Canon City,0800233,615
COLORADO,East Central BOCES,0800234,1173
COLORADO,Logan Re-1 Valley,0800235,384
COLORADO,El Paso 2 Harrison,0800236,1518
COLORADO,Adams 27J School District 27J,0800237,2209
COLORADO,Mt Evans BOCES,0800238,261
COLORADO,Delta 50J,0800239,793
COLORADO,Gunnison Re-1J,0800240,203
COLORADO,South Central BOCES,0800241,575
COLORADO,EL PASO COUNTY COLORADO SCHOOL DISTRICT 49,0800242,2436
COLORADO,Morgan Re-3 Fort Morgan,0800243,418
COLORADO,Denver 1,0800245,10755
COLORADO,Mesa 51 Grand Junction,0800246,3297
COLORADO,Arapahoe 5 Cherry Creek,0800247,7582
COLORADO,Northwest BOCES,0800248,660
COLORADO,Larimer R-1 Poudre,0800249,2816
COLORADO,Weld RE-4 Windsor,0800250,726
COLORADO,Larimer R-2J Thompson,0800251,2028
COLORADO,San Juan BOCES,0800253,995
COLORADO,Moffat Re-1 Craig,0800254,319
COLORADO,Adams-Arap 28J Aurora,0800255,5409
COLORADO,Southeastern BOCES,0800256,410
COLORADO,Westminster Public Schools,0800257,1168
COLORADO,Adams 1 Mapleton,0800258,977
COLORADO,CMHI Pueblo,0800259,8
COLORADO,Douglas RE-1,0800260,7859
COLORADO,San Luis Valley BOCES,0800261,822
COLORADO,Uncompahgre BOCES,0800262,246
COLORADO,Boulder RE-1J St Vrain,0800263,4192
COLORADO,El Paso 12 Cheyenne Mountain,0800264,485
COLORADO,Fort Lupton/Keenesburg,0800265,546
COLORADO,Charter School Institute,0800266,1293
COLORADO,Larimer R-3 Park,0800267,98
COLORADO,Adams 12 Northglenn,0800268,4547
COLORADO,Montrose RE-1J,0800269,922
COLORADO,Weld 6 Greeley,0800270,2692
COLORADO,Santa Fe Trail BOCES,0800271,745
COLORADO,Adams 14 Commerce City,0800272,859
COLORADO,Arapahoe 1 Englewood,0800273,444
COLORADO,Mountain BOCES,0800274,526
COLORADO,Ute Pass BOCES,0800275,420
COLORADO,Pikes Peak BOCES,0800276,701
COLORADO,Rio Blanco BOCES,0800277,219
COLORADO,Pueblo 70 Rural,0800278,1490
COLORADO,El Paso 11 Colo Springs,0800279,2763
COLORADO,CSDB,0800280,187
COLORADO,Weld RE-5J Johnstown-Milliken,0800281,426
COLORADO,EDUCATION REENVISIONED BOCES,0800282,NA
COLORADO,Eagle County School District RE-50J,0800283,892
COLORADO,Elizabeth School District,0800284,285
COLORADO,Department of Corrections,0800285,NA
COLORADO,Division of Youth Services,0800286,NA
COLORADO,Summit RE-1,0800288,369
COLORADO,Aspen 1,0800289,175
COLORADO,Durango 9-R,0800291,616
COLORADO,Colorado River BOCES,0800292,NA
COLORADO,Colorado River BOCES,0800293,1257
COLORADO,Education reenvisioned boces.,0800294,373
COLORADO,Academy School District No. 20 in the county of El Paso an,0801920,NA
COLORADO,School District N. 14 in the county of Adams & State of Colo,0801950,NA
COLORADO,Agate School District No. 300,0801980,NA
COLORADO,Aguilar Reorganized School District No. 6,0802010,NA
COLORADO,Akron School District No. R-1,0802040,NA
COLORADO,Alamosa School District No. Re-11J,0802070,NA
COLORADO,South Conejos School District No. Re10,0802130,NA
COLORADO,Archuleta County School District No. 50 Jt,0802190,NA
COLORADO,Arickaree School District No. R-2,0802220,NA
COLORADO,Arriba-Flagler Consolidated School District No. 20,0802260,NA
COLORADO,Aspen School District No. 1 in the county of Pitkin and Sta,0802280,NA
COLORADO,Weld County School District No. Re-9,0802310,NA
COLORADO,Aurora Joint District No. 28 of the counties of Adams and A,0802340,NA
COLORADO,Platte Canyon School District No. 1 of  the county of Park,0802370,NA
COLORADO,Bayfield School District No. 10Jt-R,0802400,NA
COLORADO,Bennett School District No. 29J,0802430,NA
COLORADO,Bethune School District No. R- 5,0802460,NA
COLORADO,Boulder Valley School District No. Re2,0802490,NA
COLORADO,Branson Reorganized School District No. 82,0802520,NA
COLORADO,School District No. Re-10 in the county of Weld and State o,0802550,NA
COLORADO,School District 27J,0802580,NA
COLORADO,School District No. Re-2 Brush,0802610,NA
COLORADO,Buena Vista School District No. R-31,0802640,NA
COLORADO,Burlington Public School District No. RE-6J,0802670,NA
COLORADO,Byers School District No. 32J,0802700,NA
COLORADO,Calhan District No. RJ1,0802730,NA
COLORADO,Campo School District No. Re-6,0802760,NA
COLORADO,Fremont Re-1,0802790,NA
COLORADO,Center Consolidated School District No. 26 Jt. of the count,0802850,NA
COLORADO,Cheraw School District No. 31 in the county of Otero and S,0802880,NA
COLORADO,Cherry Creek School District No. 5 in the county of Arapah,0802910,NA
COLORADO,Cheyenne Mountain School District No. 12 in the county of E,0802940,NA
COLORADO,Clear Creek School District No. Re-1,0803000,NA
COLORADO,Plateau Valley School District No. 50 in the county of Mesa,0803030,NA
COLORADO,Colorado Springs School District No. 11 in the county of E,0803060,NA
COLORADO,Montezuma-Cortez School District No. Re-1,0803090,NA
COLORADO,Fremont Re-3,0803120,NA
COLORADO,Creede School District,0803150,NA
COLORADO,Cripple Creek-Victor School District No. Re-1,0803180,NA
COLORADO,Crowley County School District No. Re-1-J,0803210,NA
COLORADO,De Beque Joint District No. 49 of the counties of Mesa and,0803240,NA
COLORADO,Deer Trail School District No. 26J,0803270,NA
COLORADO,Upper Rio Grande School District C-7,0803300,NA
COLORADO,Delta County Joint District No. 50,0803330,NA
COLORADO,School District No. 1 in the county of Denver and State of C,0803360,NA
COLORADO,Dolores School District No. Re-4A,0803390,NA
COLORADO,Dolores County School District RE-2J,0803420,NA
COLORADO,Douglas County School District No. Re 1,0803450,NA
COLORADO,Durango School District No. 9-R,0803480,NA
COLORADO,Kiowa County School District No. Re-1,0803510,NA
COLORADO,Eagle County School District No. Re 50,0803540,NA
COLORADO,Weld County School District No. Re-2,0803600,NA
COLORADO,Edison Joint District No. 54 of the counties of El Paso and,0803630,NA
COLORADO,Elbert School District No. 200,0803690,NA
COLORADO,ELIZABETH SCHOOL DISTRICT,0803720,NA
COLORADO,Ellicott School District No. 22 in the county of El Paso a,0803750,NA
COLORADO,Englewood School District No. 1 in the county of Arapahoe,0803780,NA
COLORADO,Estes Park School District R-3,0803810,NA
COLORADO,Park County School District No. Re-2,0803840,NA
COLORADO,El Paso County Colorado School District 49,0803870,NA
COLORADO,School District No. Re-3 Frenchman,0803930,NA
COLORADO,Fremont Re-2,0803960,NA
COLORADO,Poudre School District R-1,0803990,NA
COLORADO,Weld re-8 schools,0804020,NA
COLORADO,School District No. Re-3 Fort Morgan,0804050,NA
COLORADO,Fountain School District No. 8 in the county of El Paso an,0804080,NA
COLORADO,Fowler School District No. R4J,0804110,NA
COLORADO,Sierra Grande School District No. R-30,0804140,NA
COLORADO,Weld County Reorganized School District No. Re-1,0804200,NA
COLORADO,Gilpin County School District No. Re-1,0804230,NA
COLORADO,Roaring Fork School District No. Re-1,0804260,NA
COLORADO,Granada School District No. Re-1,0804290,NA
COLORADO,East Grand School District No. 2,0804320,NA
COLORADO,Mesa County Valley School District No. 51,0804350,NA
COLORADO,Grand Valley School District No. 16 in the county of Garfi,0804380,NA
COLORADO,GreeleySchool District No. 6 in the county of Weld and Sta,0804410,NA
COLORADO,School District No. Re-12 in the county of Weld and State of,0804440,NA
COLORADO,Gunnison Watershed School District Re1J,0804470,NA
COLORADO,Hanover School District No. 28 in the county of El Paso an,0804500,NA
COLORADO,Harrison School District No. 2 in the county of El Paso an,0804530,NA
COLORADO,Haxtun School District No. Re-2J,0804560,NA
COLORADO,Hayden School District No. Re 1,0804590,NA
COLORADO,Hinsdale County School District No. Re-1,0804620,NA
COLORADO,Hoehne Reorganized School District No. 3,0804650,NA
COLORADO,Holly School District No. Re-3,0804680,NA
COLORADO,Holyoke School District No. Re-1J,0804710,NA
COLORADO,Genoa-Hugo School District No. C-113,0804740,NA
COLORADO,Ignacio School District No. 11Jt,0804770,NA
COLORADO,Jefferson County School District No. R-1,0804800,NA
COLORADO,Weld County School District No. Re-5J,0804830,NA
COLORADO,Julesburg School District No. Re1,0804860,NA
COLORADO,Karval School District No. Re 23,0804890,NA
COLORADO,Weld County School District RE-3J,0804920,NA
COLORADO,Weld County School District No. Re-7,0804950,NA
COLORADO,Kim Reorganized School District No. 88,0804980,NA
COLORADO,School District No. C-2 in the county of Elbert and State of,0805010,NA
COLORADO,Kit Carson School District No. R-1,0805040,NA
COLORADO,West Grand School District No. 1,0805070,NA
COLORADO,North Conejos School District No. Re1J,0805100,NA
COLORADO,East Otero School District No. R1,0805130,NA
COLORADO,La Veta School District Re-2,0805160,NA
COLORADO,Lake County School District No. R-1,0805190,NA
COLORADO,Lamar School District No. Re-2,0805220,NA
COLORADO,Las Animas School District No. Re-1,0805250,NA
COLORADO,Limon School District No. Re 4J,0805280,NA
COLORADO,Littleton School District No. 6 in the county of Arapahoe,0805310,NA
COLORADO,Lone Star School District No. 101,0805340,NA
COLORADO,St. Vrain Valley School District No. Re1J,0805370,NA
COLORADO,Thompson School District R-2J,0805400,NA
COLORADO,Mancos School District Re-6,0805460,NA
COLORADO,Manitou Springs School District No. 14 in the county of El,0805490,NA
COLORADO,Manzanola Joint District No. 3J of the counties of Otero a,0805520,NA
COLORADO,Mapleton School District No. 1 in the county of Adams & St,0805550,NA
COLORADO,McClave School District No. Re-2,0805580,NA
COLORADO,Meeker School District Re1,0805610,NA
COLORADO,School District No. Re-4 Buffalo,0805640,NA
COLORADO,Miami-Yoder Joint District No. 60 of the counties of El Pas,0805670,NA
COLORADO,Moffat School District No. 2 in the county of Saguache and,0805700,NA
COLORADO,Moffat County School District RE: No. 1,0805730,NA
COLORADO,Monte Vista School District No. C-8,0805760,NA
COLORADO,Montrose County School District Re-1J,0805790,NA
COLORADO,Lewis-Palmer Consolidated School District No. 38 in the co,0805820,NA
COLORADO,West End School District No. Re-2,0805850,NA
COLORADO,Norwood School District No. R-2J,0805880,NA
COLORADO,South Routt School District No. Re 3,0805910,NA
COLORADO,Otis School District No. R-3,0805940,NA
COLORADO,Ouray School District No. R-1 of  the county of Ouray and,0805970,NA
COLORADO,Revere School District,0806000,NA
COLORADO,School District No. Re-5 Plateau,0806030,NA
COLORADO,Peyton School District No. 23 in the county of El Paso and,0806060,NA
COLORADO,Pritchett School District No. Re-3,0806090,NA
COLORADO,Pueblo School District No. 60 in the county of Pueblo and,0806120,NA
COLORADO,Pueblo County School District 70,0806150,NA
COLORADO,Rangely School District RE4,0806180,NA
COLORADO,Ridgway School District No. R-2  of  the county of Ouray a,0806210,NA
COLORADO,Garfield School District No. Re-2,0806240,NA
COLORADO,Rocky Ford School District No. R2,0806270,NA
COLORADO,Mountain Valley School District No. Re 1,0806300,NA
COLORADO,Salida School District No. R-32,0806330,NA
COLORADO,Centennial School District No. R-1,0806360,NA
COLORADO,Sanford School District No. 6 in the county of Conejos and,0806390,NA
COLORADO,Sangre de Cristo School District No. Re-22J,0806420,NA
COLORADO,Sargent School District No. Re-33J,0806450,NA
COLORADO,School District No. 3 in the county of El Paso and State of,0806480,NA
COLORADO,Hi-Plains R-23,0806510,NA
COLORADO,Sheridan School District No. 2,0806540,NA
COLORADO,Silverton School District No. 1 in the county of San Juan,0806570,NA
COLORADO,Big Sandy School District No. 100J,0806600,NA
COLORADO,Springfield School District No. Re-4,0806630,NA
COLORADO,Steamboat Springs School District No. Re 2,0806660,NA
COLORADO,School District No. Re-1 Valley,0806690,NA
COLORADO,School District No. Re-11 in the county of Weld and State of,0806720,NA
COLORADO,Strasburg School District 31J,0806750,NA
COLORADO,School District No. R-4 in the county of Kit Carson and Stat,0806780,NA
COLORADO,Summit School District No. Re 1,0806810,NA
COLORADO,Swink School District No. 33 in the county of Otero and St,0806840,NA
COLORADO,Telluride School District No. R-1,0806870,NA
COLORADO,Adams 12 Five Star Schools,0806900,NA
COLORADO,Kiowa County School District No. Re-2,0806930,NA
COLORADO,Trinidad School District 1 in the county of Las Animas and,0806960,NA
COLORADO,Vilas School District Re-5,0806990,NA
COLORADO,North Park School District R-1,0807050,NA
COLORADO,Huerfano School District Re-1,0807080,NA
COLORADO,Walsh School District No. Re-1,0807110,NA
COLORADO,School District No. Re-20 Weldon Valley,0807140,NA
COLORADO,Custer County School District Consolidate 1,0807200,NA
COLORADO,Westminster Public Schools,0807230,NA
COLORADO,Primero Reorganized School District No. 2,0807260,NA
COLORADO,School District No. Re-50 Wiggins,0807290,NA
COLORADO,Wiley School District No. Re-13 Jt,0807320,NA
COLORADO,Weld County Reorganized School District No. Re-4,0807350,NA
COLORADO,Woodland Park School District No. Re-2,0807380,NA
COLORADO,Woodlin School District No. R-104,0807410,NA
COLORADO,Centennial BOCES,0899200,NA
COLORADO,San Juan boces,0899300,NA
CONNECTICUT,Connecticut Technical Education and Career System,0900002,1237
CONNECTICUT,Unified School District #1,0900003,138
CONNECTICUT,Unified School District #2,0900004,65
CONNECTICUT,Regional School District 19,0900005,147
CONNECTICUT,Jumoke Academy District,0900007,NA
CONNECTICUT,Odyssey Community School District,0900009,NA
CONNECTICUT,Integrated Day Charter School District,0900010,NA
CONNECTICUT,Interdistrict School for Arts and Comm District,0900011,NA
CONNECTICUT,Common Ground High School District,0900014,NA
CONNECTICUT,The Bridge Academy District,0900015,NA
CONNECTICUT,Side By Side Charter School District,0900016,NA
CONNECTICUT,Explorations District,0900018,NA
CONNECTICUT,Amistad Academy District,0900024,NA
CONNECTICUT,Department of Mental Health and Addiction Services,0900027,NA
CONNECTICUT,New Beginnings Inc Family Academy District,0900028,NA
CONNECTICUT,Andover School District,0900030,22
CONNECTICUT,Stamford Academy District,0900031,NA
CONNECTICUT,Park City Prep Charter School District,0900033,NA
CONNECTICUT,Ansonia School District,0900060,530
CONNECTICUT,Area Cooperative Educational Services,0900070,NA
CONNECTICUT,Ashford School District,0900090,54
CONNECTICUT,Avon School District,0900120,363
CONNECTICUT,Barkhamsted School District,0900150,52
CONNECTICUT,Highville Charter School District,0900207,NA
CONNECTICUT,Achievement First Bridgeport Academy District,0900208,NA
CONNECTICUT,Berlin School District,0900210,440
CONNECTICUT,Achievement First Hartford Academy District,0900212,NA
CONNECTICUT,Elm City College Preparatory School District,0900214,NA
CONNECTICUT,Brass City Charter School District,0900215,NA
CONNECTICUT,Elm City Montessori School District,0900216,NA
CONNECTICUT,Booker T. Washington Academy District,0900217,NA
CONNECTICUT,Great Oaks Charter School District,0900219,NA
CONNECTICUT,Stamford Charter School for Excellence District,0900220,NA
CONNECTICUT,Capital Preparatory Harbor School District,0900221,NA
CONNECTICUT,Judicial Centers,0900222,NA
CONNECTICUT,Bethany School District,0900240,53
CONNECTICUT,Bethel School District,0900270,414
CONNECTICUT,Bloomfield School District,0900330,434
CONNECTICUT,Bolton School District,0900360,91
CONNECTICUT,Bozrah School District,0900390,41
CONNECTICUT,Branford School District,0900420,400
CONNECTICUT,Bridgeport School District,0900450,4384
CONNECTICUT,Bristol School District,0900510,1678
CONNECTICUT,Brookfield School District,0900540,415
CONNECTICUT,Brooklyn School District,0900570,181
CONNECTICUT,Canaan School District,0900630,11
CONNECTICUT,Canterbury School District,0900660,89
CONNECTICUT,Canton School District,0900690,222
CONNECTICUT,Capitol Region Education Council,0900700,NA
CONNECTICUT,Chaplin School District,0900720,31
CONNECTICUT,Cheshire School District,0900750,559
CONNECTICUT,Chester School District,0900780,28
CONNECTICUT,Clinton School District,0900810,253
CONNECTICUT,Colchester School District,0900840,412
CONNECTICUT,Colebrook School District,0900870,22
CONNECTICUT,Columbia School District,0900900,74
CONNECTICUT,Cooperative Educational Services,0900910,NA
CONNECTICUT,Cornwall School District,0900930,12
CONNECTICUT,Coventry School District,0900960,240
CONNECTICUT,Cromwell School District,0900990,267
CONNECTICUT,Danbury School District,0901020,1659
CONNECTICUT,Darien School District,0901050,811
CONNECTICUT,Deep River School District,0901080,42
CONNECTICUT,Derby School District,0901110,299
CONNECTICUT,East Granby School District,0901170,131
CONNECTICUT,East Haddam School District,0901200,134
CONNECTICUT,East Hampton School District,0901230,270
CONNECTICUT,East Hartford School District,0901260,1545
CONNECTICUT,East Haven School District,0901290,527
CONNECTICUT,East Lyme School District,0901320,414
CONNECTICUT,East Windsor School District,0901350,225
CONNECTICUT,Eastern Connecticut Regional Educational Service Center,0901360,NA
CONNECTICUT,Eastford School District,0901380,39
CONNECTICUT,Easton School District,0901410,142
CONNECTICUT,Ellington School District,0901440,375
CONNECTICUT,Enfield School District,0901470,980
CONNECTICUT,Essex School District,0901500,50
CONNECTICUT,Fairfield School District,0901530,1464
CONNECTICUT,Farmington School District,0901560,518
CONNECTICUT,Franklin School District,0901590,15
CONNECTICUT,Glastonbury School District,0901620,709
CONNECTICUT,Granby School District,0901680,275
CONNECTICUT,Greenwich School District,0901710,1131
CONNECTICUT,Griswold School District,0901740,299
CONNECTICUT,Groton School District,0901770,855
CONNECTICUT,Guilford School District,0901800,386
CONNECTICUT,Hamden School District,0901860,1197
CONNECTICUT,Hampton School District,0901890,15
CONNECTICUT,Hartford School District,0901920,4402
CONNECTICUT,Hartland School District,0901950,50
CONNECTICUT,Hebron School District,0902010,88
CONNECTICUT,Kent School District,0902040,20
CONNECTICUT,Killingly School District,0902070,455
CONNECTICUT,Lebanon School District,0902130,157
CONNECTICUT,Ledyard School District,0902160,457
CONNECTICUT,Lisbon School District,0902190,87
CONNECTICUT,Litchfield School District,0902220,155
CONNECTICUT,Madison School District,0902280,404
CONNECTICUT,Manchester School District,0902310,1247
CONNECTICUT,Mansfield School District,0902340,148
CONNECTICUT,Marlborough School District,0902370,54
CONNECTICUT,Meriden School District,0902400,1834
CONNECTICUT,Middletown School District,0902490,735
CONNECTICUT,Milford School District,0902520,898
CONNECTICUT,Monroe School District,0902550,436
CONNECTICUT,Montville School District,0902580,410
CONNECTICUT,Naugatuck School District,0902640,813
CONNECTICUT,New Britain School District,0902670,2428
CONNECTICUT,New Canaan School District,0902700,533
CONNECTICUT,New Fairfield School District,0902730,335
CONNECTICUT,New Hartford School District,0902760,63
CONNECTICUT,New Haven School District,0902790,3415
CONNECTICUT,New London School District,0902820,729
CONNECTICUT,New Milford School District,0902850,615
CONNECTICUT,Newington School District,0902880,604
CONNECTICUT,Newtown School District,0902910,612
CONNECTICUT,Norfolk School District,0902940,25
CONNECTICUT,North Branford School District,0902970,281
CONNECTICUT,North Canaan School District,0903000,42
CONNECTICUT,North Haven School District,0903030,409
CONNECTICUT,North Stonington School District,0903060,80
CONNECTICUT,Norwalk School District,0903090,1796
CONNECTICUT,Norwich School District,0903120,1048
CONNECTICUT,Old Saybrook School District,0903180,183
CONNECTICUT,Orange School District,0903210,123
CONNECTICUT,Oxford School District,0903240,211
CONNECTICUT,Plainfield School District,0903270,375
CONNECTICUT,Plainville School District,0903300,333
CONNECTICUT,Plymouth School District,0903330,257
CONNECTICUT,Pomfret School District,0903360,72
CONNECTICUT,Portland School District,0903390,189
CONNECTICUT,Preston School District,0903420,96
CONNECTICUT,Learn,0903450,NA
CONNECTICUT,Putnam School District,0903480,226
CONNECTICUT,Redding School District,0903510,158
CONNECTICUT,EDUCATION CONNECTION,0903512,NA
CONNECTICUT,Regional School District 06,0903515,139
CONNECTICUT,Regional School District 10,0903520,309
CONNECTICUT,Regional School District 12,0903530,107
CONNECTICUT,Regional School District 13,0903535,273
CONNECTICUT,Regional School District 14,0903536,235
CONNECTICUT,Regional School District 15,0903537,666
CONNECTICUT,Regional School District 16,0903538,279
CONNECTICUT,Regional School District 17,0903539,347
CONNECTICUT,Regional School District 18,0903540,175
CONNECTICUT,Regional School District 11,0903570,51
CONNECTICUT,Regional School District 01,0903600,66
CONNECTICUT,Regional School District 04,0903630,159
CONNECTICUT,Regional School District 05,0903660,300
CONNECTICUT,Regional School District 07,0903720,167
CONNECTICUT,Regional School District 08,0903750,220
CONNECTICUT,Regional School District 09,0903780,125
CONNECTICUT,Ridgefield School District,0903810,673
CONNECTICUT,Rocky Hill School District,0903840,345
CONNECTICUT,Salem School District,0903900,99
CONNECTICUT,Salisbury School District,0903930,30
CONNECTICUT,Scotland School District,0903960,24
CONNECTICUT,Seymour School District,0903990,349
CONNECTICUT,Sharon School District,0904020,29
CONNECTICUT,Shelton School District,0904050,723
CONNECTICUT,Sherman School District,0904080,57
CONNECTICUT,Simsbury School District,0904110,639
CONNECTICUT,Somers School District,0904140,213
CONNECTICUT,South Windsor School District,0904170,636
CONNECTICUT,Southington School District,0904230,975
CONNECTICUT,Sprague School District,0904260,78
CONNECTICUT,Stafford School District,0904290,220
CONNECTICUT,Stamford School District,0904320,2465
CONNECTICUT,Sterling School District,0904350,81
CONNECTICUT,Stonington School District,0904380,337
CONNECTICUT,Stratford School District,0904440,1074
CONNECTICUT,Suffield School District,0904470,310
CONNECTICUT,Thomaston School District,0904500,151
CONNECTICUT,Thompson School District,0904530,179
CONNECTICUT,Tolland School District,0904560,333
CONNECTICUT,Torrington School District,0904590,868
CONNECTICUT,Trumbull School District,0904620,896
CONNECTICUT,Union School District,0904650,11
CONNECTICUT,Vernon School District,0904680,583
CONNECTICUT,Voluntown School District,0904710,73
CONNECTICUT,Wallingford School District,0904740,920
CONNECTICUT,Waterbury School District,0904830,3747
CONNECTICUT,Waterford School District,0904860,449
CONNECTICUT,Watertown School District,0904890,432
CONNECTICUT,West Hartford School District,0904920,1415
CONNECTICUT,West Haven School District,0904950,1166
CONNECTICUT,Westbrook School District,0904980,105
CONNECTICUT,Weston School District,0905010,268
CONNECTICUT,Westport School District,0905040,706
CONNECTICUT,Wethersfield School District,0905070,566
CONNECTICUT,Willington School District,0905100,84
CONNECTICUT,Wilton School District,0905130,604
CONNECTICUT,Winchester School District,0905160,230
CONNECTICUT,Windham School District,0905190,696
CONNECTICUT,Windsor School District,0905220,749
CONNECTICUT,Windsor Locks School District,0905250,278
CONNECTICUT,Wolcott School District,0905280,304
CONNECTICUT,Woodbridge School District,0905310,90
CONNECTICUT,Woodstock School District,0905370,152
CONNECTICUT,Norwich Free Academy District,0905371,NA
CONNECTICUT,The Gilbert School District,0905372,NA
CONNECTICUT,The Woodstock Academy District,0905373,NA
DELAWARE,Charter School of Wilmington,1000004,6
DELAWARE,Positive Outcomes Charter School,1000005,79
DELAWARE,East Side Charter School,1000006,64
DELAWARE,Campus Community School,1000007,56
DELAWARE,Edison (Thomas A.) Charter School,1000010,68
DELAWARE,Sussex Academy,1000011,35
DELAWARE,Kuumba Academy Charter School,1000014,113
DELAWARE,Newark Charter School,1000015,196
DELAWARE,Delaware Military Academy,1000016,12
DELAWARE,Academy of Dover Charter School,1000017,28
DELAWARE,Providence Creek Academy Charter School,1000018,73
DELAWARE,MOT Charter School,1000019,98
DELAWARE,Delaware Adolescent Program Inc. (DAPI),1000020,3
DELAWARE,Charter School of New Castle,1000024,91
DELAWARE,Odyssey Charter School,1000026,192
DELAWARE,Las Americas Aspira Academy,1000050,120
DELAWARE,Gateway Lab School,1000052,92
DELAWARE,Academia Antonia Alonso,1000053,60
DELAWARE,First State Montessori Academy,1000054,81
DELAWARE,Early College High School at Del State,1000055,28
DELAWARE,First State Military Academy,1000057,72
DELAWARE,Freire Charter School Wilmington,1000059,101
DELAWARE,Great Oaks Charter School,1000062,109
DELAWARE,Appoquinimink School District,1000080,2154
DELAWARE,Cape Henlopen School District,1000170,1183
DELAWARE,Caesar Rodney School District,1000180,1523
DELAWARE,Capital School District,1000190,1511
DELAWARE,Christina School District,1000200,3386
DELAWARE,Colonial School District,1000230,2104
DELAWARE,Delmar School District,1000270,142
DELAWARE,Indian River School District,1000680,1964
DELAWARE,POLYTECH School District,1000750,113
DELAWARE,Lake Forest School District,1000790,845
DELAWARE,Laurel School District,1000810,479
DELAWARE,Milford School District,1001080,748
DELAWARE,Brandywine School District,1001240,2015
DELAWARE,New Castle County Vocational-Technical School District,1001280,621
DELAWARE,Red Clay Consolidated School District,1001300,3072
DELAWARE,Seaford School District,1001530,671
DELAWARE,Smyrna School District,1001620,1161
DELAWARE,Sussex Technical School District,1001680,110
DELAWARE,Woodbridge School District,1001850,484
DISTRICT OF COLUMBIA,Carlos Rosario International PCS,1100004,3
DISTRICT OF COLUMBIA,Cesar Chavez PCS for Public Policy,1100005,3
DISTRICT OF COLUMBIA,Friendship PCS,1100008,651
DISTRICT OF COLUMBIA,Elsie Whitlow Stokes Community Freedom PCS,1100009,58
DISTRICT OF COLUMBIA,Perry Street Preparatory PCS,1100011,58
DISTRICT OF COLUMBIA,IDEA PCS,1100013,103
DISTRICT OF COLUMBIA,Maya Angelou PCS,1100014,105
DISTRICT OF COLUMBIA,Meridian PCS,1100015,79
DISTRICT OF COLUMBIA,Briya PCS,1100016,10
DISTRICT OF COLUMBIA,The Next Step/El Proximo Paso PCS,1100017,4
DISTRICT OF COLUMBIA,Washington Latin PCS,1100019,84
DISTRICT OF COLUMBIA,Roots PCS,1100020,6
DISTRICT OF COLUMBIA,SEED PCS of Washington DC,1100022,58
DISTRICT OF COLUMBIA,Cedar Tree Academy PCS,1100029,29
DISTRICT OF COLUMBIA,District of Columbia Public Schools,1100030,8359
DISTRICT OF COLUMBIA,KIPP DC PCS,1100031,1098
DISTRICT OF COLUMBIA,Latin American Montessori Bilingual PCS,1100032,64
DISTRICT OF COLUMBIA,Thurgood Marshall Academy PCS,1100034,79
DISTRICT OF COLUMBIA,Capital City PCS,1100035,185
DISTRICT OF COLUMBIA,Paul PCS,1100039,171
DISTRICT OF COLUMBIA,DC Bilingual PCS,1100042,67
DISTRICT OF COLUMBIA,E.L. Haynes PCS,1100043,238
DISTRICT OF COLUMBIA,Mary McLeod Bethune Day Academy PCS,1100044,49
DISTRICT OF COLUMBIA,Two Rivers PCS,1100045,191
DISTRICT OF COLUMBIA,DC Prep PCS,1100048,258
DISTRICT OF COLUMBIA,Eagle Academy PCS,1100049,131
DISTRICT OF COLUMBIA,Hope Community PCS,1100051,91
DISTRICT OF COLUMBIA,AppleTree Early Learning PCS,1100054,29
DISTRICT OF COLUMBIA,Bridges PCS,1100055,154
DISTRICT OF COLUMBIA,Early Childhood Academy PCS,1100057,47
DISTRICT OF COLUMBIA,Howard University Middle School of Math and Science PCS,1100058,31
DISTRICT OF COLUMBIA,Youthbuild PCS,1100059,32
DISTRICT OF COLUMBIA,St. Coletta Special Education PCS,1100064,249
DISTRICT OF COLUMBIA,Achievement Preparatory Academy PCS,1100072,113
DISTRICT OF COLUMBIA,Center City PCS,1100073,173
DISTRICT OF COLUMBIA,Washington Yu Ying PCS,1100077,63
DISTRICT OF COLUMBIA,National Collegiate Preparatory PCHS,1100079,30
DISTRICT OF COLUMBIA,Inspired Teaching Demonstration PCS,1100080,83
DISTRICT OF COLUMBIA,Shining Stars Montessori Academy PCS,1100081,33
DISTRICT OF COLUMBIA,Richard Wright PCS for Journalism and Media Arts,1100082,74
DISTRICT OF COLUMBIA,Basis DC PCS,1100083,25
DISTRICT OF COLUMBIA,Creative Minds International PCS,1100084,120
DISTRICT OF COLUMBIA,DC Scholars PCS,1100085,73
DISTRICT OF COLUMBIA,Mundo Verde Bilingual PCS,1100086,85
DISTRICT OF COLUMBIA,DYRS,1100087,20
DISTRICT OF COLUMBIA,Sela PCS,1100088,22
DISTRICT OF COLUMBIA,Ingenuity Prep PCS,1100090,125
DISTRICT OF COLUMBIA,LAYC Career Academy PCS,1100091,9
DISTRICT OF COLUMBIA,Lee Montessori PCS,1100093,46
DISTRICT OF COLUMBIA,Harmony DC PCS,1100096,16
DISTRICT OF COLUMBIA,District of Columbia International School,1100097,198
DISTRICT OF COLUMBIA,Kingsman Academy PCS,1100099,94
DISTRICT OF COLUMBIA,Monument Academy PCS,1100100,50
DISTRICT OF COLUMBIA,The Children's Guild DC PCS,1100101,170
DISTRICT OF COLUMBIA,Washington Global PCS,1100102,63
DISTRICT OF COLUMBIA,Washington Leadership Academy PCS,1100103,97
DISTRICT OF COLUMBIA,Breakthrough Montessori PCS,1100104,19
DISTRICT OF COLUMBIA,Goodwill Excel Center PCS,1100105,24
DISTRICT OF COLUMBIA,Rocketship DC PCS,1100106,147
DISTRICT OF COLUMBIA,The Family Place PCS,1100108,3
DISTRICT OF COLUMBIA,Digital Pioneers Academy PCS,1100109,43
DISTRICT OF COLUMBIA,Statesmen College Preparatory Academy for Boys PCS,1100110,32
FLORIDA,FL VIRTUAL,1200002,320
FLORIDA,ALACHUA,1200030,4084
FLORIDA,BAKER,1200060,733
FLORIDA,LAKE WALES CHARTER SCHOOLS,1200080,486
FLORIDA,SOUTH TECH ACADEMY,1200081,281
FLORIDA,UCP,1200082,632
FLORIDA,BAY,1200090,4691
FLORIDA,BRADFORD,1200120,752
FLORIDA,BREVARD,1200150,13560
FLORIDA,BROWARD,1200180,39064
FLORIDA,CALHOUN,1200210,458
FLORIDA,CHARLOTTE,1200240,3375
FLORIDA,CITRUS,1200270,2175
FLORIDA,CLAY,1200300,8286
FLORIDA,COLLIER,1200330,6940
FLORIDA,COLUMBIA,1200360,1716
FLORIDA,MIAMI-DADE,1200390,38899
FLORIDA,DESOTO,1200420,719
FLORIDA,DIXIE,1200450,450
FLORIDA,DUVAL,1200480,21203
FLORIDA,ESCAMBIA,1200510,6408
FLORIDA,FLAGLER,1200540,2111
FLORIDA,FRANKLIN,1200570,273
FLORIDA,GADSDEN,1200600,806
FLORIDA,GILCHRIST,1200630,558
FLORIDA,GLADES,1200660,380
FLORIDA,GULF,1200690,414
FLORIDA,HAMILTON,1200720,184
FLORIDA,HARDEE,1200750,688
FLORIDA,HENDRY,1200780,1149
FLORIDA,HERNANDO,1200810,3522
FLORIDA,HIGHLANDS,1200840,1979
FLORIDA,HILLSBOROUGH,1200870,33402
FLORIDA,HOLMES,1200900,478
FLORIDA,INDIAN RIVER,1200930,2889
FLORIDA,JACKSON,1200960,1125
FLORIDA,JEFFERSON,1200990,157
FLORIDA,LAFAYETTE,1201020,206
FLORIDA,LAKE,1201050,7389
FLORIDA,LEE,1201080,11569
FLORIDA,LEON,1201110,5365
FLORIDA,LEVY,1201140,973
FLORIDA,LIBERTY,1201170,274
FLORIDA,MADISON,1201200,459
FLORIDA,MANATEE,1201230,7912
FLORIDA,MARION,1201260,6877
FLORIDA,MARTIN,1201290,2970
FLORIDA,MONROE,1201320,1618
FLORIDA,NASSAU,1201350,1953
FLORIDA,OKALOOSA,1201380,5410
FLORIDA,OKEECHOBEE,1201410,1505
FLORIDA,ORANGE,1201440,22761
FLORIDA,OSCEOLA,1201470,8399
FLORIDA,PALM BEACH,1201500,31808
FLORIDA,PASCO,1201530,12593
FLORIDA,PINELLAS,1201560,14192
FLORIDA,POLK,1201590,14936
FLORIDA,PUTNAM,1201620,2285
FLORIDA,SANTA ROSA,1201650,4261
FLORIDA,SARASOTA,1201680,7386
FLORIDA,SEMINOLE,1201710,10016
FLORIDA,ST. JOHNS,1201740,7072
FLORIDA,ST. LUCIE,1201770,5614
FLORIDA,SUMTER,1201800,1359
FLORIDA,SUWANNEE,1201830,937
FLORIDA,TAYLOR,1201860,528
FLORIDA,UNION,1201890,435
FLORIDA,VOLUSIA,1201920,11357
FLORIDA,WAKULLA,1201950,1038
FLORIDA,WALTON,1201980,1323
FLORIDA,WASHINGTON,1202010,747
FLORIDA,FAU LAB SCH,1202012,210
FLORIDA,FSU LAB SCH,1202013,178
FLORIDA,FAMU LAB SCH,1202014,27
FLORIDA,UF LAB SCH,1202015,93
FLORIDA,DEAF/BLIND,1202016,516
GEORGIA,Troup County,1300001,1243
GEORGIA,Commission Charter Schools- CCAT School,1300005,39
GEORGIA,State Charter Schools- Odyssey School,1300023,34
GEORGIA,Department of Corrections,1300025,33
GEORGIA,Department of Juvenile Justice,1300026,336
GEORGIA,Department of Human Resources,1300027,NA
GEORGIA,Appling County,1300060,501
GEORGIA,Atkinson County,1300090,210
GEORGIA,Atlanta Public Schools,1300120,6069
GEORGIA,Bacon County,1300150,336
GEORGIA,Baker County,1300180,47
GEORGIA,Baldwin County,1300210,651
GEORGIA,State Charter Schools- Mountain Education Center School,1300214,303
GEORGIA,Commission Charter Schools- Fulton Leadership Academy,1300217,55
GEORGIA,Commission Charter Schools- Pataula Charter Academy,1300218,52
GEORGIA,Commission Charter Schools- Atlanta Heights Charter School,1300221,69
GEORGIA,Commission Charter Schools- Coweta Charter Academy,1300222,87
GEORGIA,State Charter Schools- Ivy Prep Academy at Kirkwood for Gir,1300226,40
GEORGIA,State Charter Schools- Georgia Connections Academy,1300227,552
GEORGIA,State Charter Schools- Cherokee Charter Academy,1300230,97
GEORGIA,State Charter Schools- Georgia Cyber Academy,1300232,1410
GEORGIA,State Charter Schools- Utopian Academy for the Arts Charter,1300233,34
GEORGIA,State Charter Schools- International Charter School of Atlan,1300234,46
GEORGIA,State Charter Schools- Foothills Charter High School (Madiso,1300235,310
GEORGIA,State Charter Schools- Scintilla Charter Academy,1300236,69
GEORGIA,State Charter Schools- Dubois Integrity Academy I,1300237,59
GEORGIA,State Charter Schools- Georgia School for Innovation and the,1300238,76
GEORGIA,Commission Charter Schools- Cirrus Charter Academy,1300239,23
GEORGIA,Banks County,1300240,420
GEORGIA,Commission Charter Schools- Liberty Tech Charter Academy,1300241,42
GEORGIA,Commission Charter Schools- Brookhaven Innovation Academy,1300242,38
GEORGIA,Commission Charter Schools- Southwest Georgia S.T.E.M. Chart,1300243,52
GEORGIA,State Charter Schools II- Genesis Innovation Academy for Gir,1300244,13
GEORGIA,State Charter Schools II- SAIL Charter Academy - School for,1300245,42
GEORGIA,State Charter Schools- Coastal Plains Charter High School -,1300246,151
GEORGIA,State Charter Schools II- Resurgence Hall Charter School,1300247,13
GEORGIA,State Charter Schools II- Genesis Innovation Academy for Boy,1300248,25
GEORGIA,State Charter Schools II- International Academy of Smyrna,1300249,18
GEORGIA,State Charter Schools II- International Charter Academy of G,1300250,3
GEORGIA,State Charter Schools II- SLAM Academy of Atlanta,1300251,6
GEORGIA,State Charter Schools II- Academy For Classical Education,1300252,51
GEORGIA,State Charter Schools II- Spring Creek Charter Academy,1300253,18
GEORGIA,State Schools,1300254,333
GEORGIA,State Charter Schools II- Ethos Classical Charter School,1300255,3
GEORGIA,State Charter Schools II- Baconton Community Charter School,1300256,93
GEORGIA,Barrow County,1300290,2172
GEORGIA,Bartow County,1300330,1658
GEORGIA,Ben Hill County,1300360,406
GEORGIA,Berrien County,1300390,338
GEORGIA,Bibb County,1300420,2234
GEORGIA,Bleckley County,1300440,374
GEORGIA,Brantley County,1300480,429
GEORGIA,Bremen City,1300510,231
GEORGIA,Brooks County,1300540,230
GEORGIA,Bryan County,1300570,1078
GEORGIA,Buford City,1300600,468
GEORGIA,Bulloch County,1300630,1597
GEORGIA,Burke County,1300660,477
GEORGIA,Butts County,1300690,437
GEORGIA,Calhoun City,1300720,406
GEORGIA,Calhoun County,1300750,55
GEORGIA,Camden County,1300780,1445
GEORGIA,Candler County,1300810,325
GEORGIA,Carroll County,1300840,2024
GEORGIA,Carrollton City,1300870,629
GEORGIA,Cartersville City,1300900,504
GEORGIA,Catoosa County,1300930,1791
GEORGIA,Charlton County,1300990,243
GEORGIA,Savannah-Chatham County,1301020,4814
GEORGIA,Chattahoochee County,1301050,148
GEORGIA,Chattooga County,1301080,523
GEORGIA,Cherokee County,1301110,5571
GEORGIA,Chickamauga City,1301140,99
GEORGIA,Clarke County,1301170,1986
GEORGIA,Clay County,1301200,44
GEORGIA,Clayton County,1301230,6002
GEORGIA,Clinch County,1301260,155
GEORGIA,Cobb County,1301290,15350
GEORGIA,Coffee County,1301350,797
GEORGIA,Colquitt County,1301380,1148
GEORGIA,Columbia County,1301410,2876
GEORGIA,Commerce City,1301440,215
GEORGIA,Cook County,1301470,413
GEORGIA,Coweta County,1301500,2549
GEORGIA,Crawford County,1301530,253
GEORGIA,Crisp County,1301560,516
GEORGIA,Dade County,1301590,345
GEORGIA,Dalton Public Schools,1301620,917
GEORGIA,Dawson County,1301650,574
GEORGIA,City Schools of Decatur,1301680,506
GEORGIA,Decatur County,1301710,497
GEORGIA,DeKalb County,1301740,10539
GEORGIA,Dodge County,1301770,441
GEORGIA,Dooly County,1301800,92
GEORGIA,Dougherty County,1301830,1560
GEORGIA,Douglas County,1301860,3772
GEORGIA,Dublin City,1301870,274
GEORGIA,Laurens County,1301890,676
GEORGIA,Early County,1301920,248
GEORGIA,Echols County,1301950,66
GEORGIA,Effingham County,1301980,1910
GEORGIA,Elbert County,1302010,440
GEORGIA,Emanuel County,1302040,599
GEORGIA,Evans County,1302070,253
GEORGIA,Fannin County,1302100,442
GEORGIA,Fayette County,1302130,2123
GEORGIA,Floyd County,1302190,1372
GEORGIA,Forsyth County,1302220,6621
GEORGIA,Franklin County,1302250,539
GEORGIA,Fulton County,1302280,9948
GEORGIA,Gainesville City,1302310,739
GEORGIA,Gilmer County,1302340,423
GEORGIA,Glascock County,1302370,69
GEORGIA,Glynn County,1302400,1917
GEORGIA,Gordon County,1302430,767
GEORGIA,Grady County,1302460,503
GEORGIA,Greene County,1302490,315
GEORGIA,Griffin-Spalding County,1302520,1272
GEORGIA,Gwinnett County,1302550,24033
GEORGIA,Habersham County,1302580,1178
GEORGIA,Hall County,1302610,3886
GEORGIA,Hancock County,1302640,98
GEORGIA,Haralson County,1302670,574
GEORGIA,Harris County,1302700,602
GEORGIA,Hart County,1302730,542
GEORGIA,Heard County,1302790,265
GEORGIA,Henry County,1302820,5870
GEORGIA,Houston County,1302880,3972
GEORGIA,Irwin County,1302910,257
GEORGIA,Jackson County,1302940,1275
GEORGIA,Jasper County,1302970,273
GEORGIA,Jeff Davis County,1303000,368
GEORGIA,Jefferson City,1303030,430
GEORGIA,Jefferson County,1303060,344
GEORGIA,Jenkins County,1303090,119
GEORGIA,Johnson County,1303120,143
GEORGIA,Jones County,1303150,761
GEORGIA,Lamar County,1303210,321
GEORGIA,Lanier County,1303240,229
GEORGIA,Lee County,1303270,637
GEORGIA,Liberty County,1303300,1312
GEORGIA,Lincoln County,1303330,137
GEORGIA,Long County,1303360,499
GEORGIA,Lowndes County,1303390,1490
GEORGIA,Lumpkin County,1303420,631
GEORGIA,Macon County,1303450,121
GEORGIA,Madison County,1303480,912
GEORGIA,Marietta City,1303510,951
GEORGIA,Marion County,1303540,161
GEORGIA,McDuffie County,1303570,576
GEORGIA,McIntosh County,1303600,214
GEORGIA,Meriwether County,1303630,466
GEORGIA,Miller County,1303660,128
GEORGIA,Mitchell County,1303690,134
GEORGIA,Monroe County,1303720,628
GEORGIA,Montgomery County,1303750,109
GEORGIA,Morgan County,1303780,397
GEORGIA,Murray County,1303840,805
GEORGIA,Muscogee County,1303870,4891
GEORGIA,Newton County,1303930,2652
GEORGIA,Oconee County,1303960,993
GEORGIA,Oglethorpe County,1303990,284
GEORGIA,Paulding County,1304020,4538
GEORGIA,Peach County,1304050,435
GEORGIA,Pelham City,1304080,174
GEORGIA,Pickens County,1304110,719
GEORGIA,Pierce County,1304140,435
GEORGIA,Pike County,1304170,308
GEORGIA,Polk County,1304200,1100
GEORGIA,Pulaski County,1304220,182
GEORGIA,Putnam County,1304260,453
GEORGIA,Quitman County,1304290,65
GEORGIA,Rabun County,1304320,314
GEORGIA,Randolph County,1304350,111
GEORGIA,Richmond County,1304380,3767
GEORGIA,Rockdale County,1304410,2025
GEORGIA,Rome City,1304440,647
GEORGIA,Schley County,1304470,144
GEORGIA,Screven County,1304500,380
GEORGIA,Seminole County,1304530,108
GEORGIA,Social Circle City,1304540,183
GEORGIA,Stephens County,1304560,621
GEORGIA,Stewart County,1304590,60
GEORGIA,Sumter County,1304620,602
GEORGIA,Talbot County,1304650,67
GEORGIA,Taliaferro County,1304680,30
GEORGIA,Tattnall County,1304770,517
GEORGIA,Taylor County,1304800,185
GEORGIA,Telfair County,1304830,189
GEORGIA,Terrell County,1304860,154
GEORGIA,Thomas County,1304890,987
GEORGIA,Thomasville City,1304950,367
GEORGIA,Tift County,1304980,836
GEORGIA,Toombs County,1305040,455
GEORGIA,Towns County,1305070,129
GEORGIA,Treutlen County,1305100,160
GEORGIA,Trion City,1305130,105
GEORGIA,Turner County,1305190,160
GEORGIA,Twiggs County,1305220,89
GEORGIA,Union County,1305250,417
GEORGIA,Thomaston-Upson County,1305280,573
GEORGIA,Valdosta City,1305310,1104
GEORGIA,Vidalia City,1305340,297
GEORGIA,Walker County,1305370,1607
GEORGIA,Walton County,1305390,1511
GEORGIA,Ware County,1305430,1042
GEORGIA,Warren County,1305460,107
GEORGIA,Washington County,1305490,424
GEORGIA,Wayne County,1305550,837
GEORGIA,Webster County,1305580,35
GEORGIA,Wheeler County,1305640,146
GEORGIA,White County,1305670,570
GEORGIA,Whitfield County,1305700,1875
GEORGIA,Wilcox County,1305730,155
GEORGIA,Wilkes County,1305760,166
GEORGIA,Wilkinson County,1305790,144
GEORGIA,Worth County,1305850,278
HAWAII,Hawaii Department of Education,1500030,20125
IDAHO,WEST BONNER COUNTY DISTRICT,1600001,156
IDAHO,LAKE PEND OREILLE SCHOOL DISTRICT,1600002,511
IDAHO,VICTORY CHARTER SCHOOL INC.,1600003,9
IDAHO,IDAHO VIRTUAL ACADEMY INC.,1600004,216
IDAHO,IDAHO VIRTUAL HIGH SCHOOL INC.,1600005,25
IDAHO,ROLLING HILLS PUBLIC CHARTER SCHOOL INC.,1600006,32
IDAHO,COMPASS PUBLIC CHARTER SCHOOL INC.,1600007,39
IDAHO,FALCON RIDGE PUBLIC CHARTER SCHOOL INC.,1600008,15
IDAHO,TROY SCHOOL DISTRICT,1600009,37
IDAHO,WHITEPINE JOINT SCHOOL DISTRICT,1600010,35
IDAHO,INSPIRE ACADEMICS INC.,1600011,146
IDAHO,LIBERTY CHARTER SCHOOL INC.,1600012,23
IDAHO,THE ACADEMY INC.,1600014,49
IDAHO,TAYLOR'S CROSSING PUBLIC CHARTER SCHOOL INC.,1600015,32
IDAHO,IDAHO DEPARTMENT OF JUVENILE CORRECTIONS,1600016,43
IDAHO,IDAHO DEPARTMENT OF CORRECTIONS,1600017,54
IDAHO,ABERDEEN DISTRICT,1600030,146
IDAHO,AMERICAN FALLS JOINT DISTRICT,1600060,150
IDAHO,ARBON ELEMENTARY DISTRICT,1600090,3
IDAHO,SALMON RIVER JOINT SCHOOL DISTRICT,1600138,11
IDAHO,MOUNTAIN VIEW SCHOOL DISTRICT,1600139,168
IDAHO,XAVIER CHARTER SCHOOL INC.,1600140,51
IDAHO,VISION CHARTER SCHOOL INC.,1600141,53
IDAHO,WHITE PINE CHARTER SCHOOL INC.,1600142,69
IDAHO,NORTH VALLEY ACADEMY INC.,1600143,26
IDAHO,ISUCCEED VIRTUAL HIGH SCHOOL INC.,1600144,67
IDAHO,IDAHO SCIENCE AND TECHNOLOGY CHARTER SCHOOL INC.,1600145,43
IDAHO,IDAHO VIRTUAL EDUCATION PARTNERS INC.,1600148,29
IDAHO,THE KOOTENAI BRIDGE ACADEMY INC.,1600149,20
IDAHO,AVERY ELEMENTARY DISTRICT,1600150,3
IDAHO,PALOUSE PRAIRIE EDUCATIONAL ORGANIZATION INC.,1600151,14
IDAHO,CANYON-OWYHEE SCHOOL SERVICE AGENCY (COSSA),1600152,45
IDAHO,BLACKFOOT CHARTER COMMUNITY LEARNING CENTER INC.,1600153,53
IDAHO,MONTICELLO MONTESSORI CHARTER SCHOOL INC.,1600154,31
IDAHO,ANOTHER CHOICE VIRTUAL CHARTER SCHOOL INC.,1600155,142
IDAHO,THE SAGE INTERNATIONAL SCHOOL OF BOISE A PUBLIC CHARTER SCH,1600156,84
IDAHO,THE VILLAGE CHARTER SCHOOL INC.,1600157,45
IDAHO,LEGACY PUBLIC CHARTER SCHOOL INC.,1600158,23
IDAHO,HERITAGE ACADEMY INC.,1600159,24
IDAHO,NORTH IDAHO STEM CHARTER ACADEMY INC.,1600160,5
IDAHO,HERITAGE COMMUNITY CHARTER SCHOOL INC.,1600161,49
IDAHO,AMERICAN HERITAGE CHARTER SCHOOL INC.,1600162,23
IDAHO,CHIEF TAHGEE ELEMENTARY ACADEMY INC.,1600163,22
IDAHO,SANDPOINT CHARTER SCHOOL INC.,1600165,38
IDAHO,SYRINGA MOUNTAIN SCHOOL INC.,1600166,13
IDAHO,KTEC - Kootenai Tech Ed Campus,1600167,3
IDAHO,IDAHO STEM ACADEMY INC.,1600169,9
IDAHO,UPPER CARMEN PUBLIC CHARTER SCHOOL INC.,1600170,3
IDAHO,IDAHO COLLEGE AND CAREER READINESS ACADEMY INC.,1600171,14
IDAHO,GEM PREP: ONLINE LLC,1600172,22
IDAHO,COEUR D'ALENE CHARTER ACADEMY INC.,1600173,8
IDAHO,NORTH STAR CHARTER SCHOOL INC.,1600174,54
IDAHO,FORRESTER ACADEMY INC.,1600175,61
IDAHO,THE POCATELLO COMMUNITY CHARTER SCHOOL INC.,1600176,46
IDAHO,GEM PREP: POCATELLO LLC,1600177,36
IDAHO,PEACE VALLEY CHARTER SCHOOL INC.,1600178,23
IDAHO,GEM PREP: MERIDIAN LLC,1600179,24
IDAHO,BASIN SCHOOL DISTRICT,1600180,42
IDAHO,FUTURE PUBLIC SCHOOL INC.,1600181,32
IDAHO,PROJECT IMPACT STEM ACADEMY INC.,1600182,36
IDAHO,PATHWAYS IN EDUCATION - NAMPA INC.,1600183,21
IDAHO,FERN-WATERS PUBLIC CHARTER SCHOOL INC.,1600186,3
IDAHO,Idaho Digital Learning Academy,1600187,3
IDAHO,TREASURE VALLEY CLASSICAL ACADEMY INC.,1600188,15
IDAHO,ELEVATE ACADEMY INC.,1600189,50
IDAHO,FORGE INTERNATIONAL LLC,1600190,20
IDAHO,BEAR LAKE COUNTY DISTRICT,1600240,150
IDAHO,BLACKFOOT DISTRICT,1600270,510
IDAHO,BLAINE COUNTY DISTRICT,1600300,366
IDAHO,BLISS JOINT DISTRICT,1600330,15
IDAHO,BOISE INDEPENDENT DISTRICT,1600360,3229
IDAHO,BOUNDARY COUNTY DISTRICT,1600420,233
IDAHO,BRUNEAU-GRAND VIEW JOINT SCHOOL DISTRICT,1600450,38
IDAHO,BUHL JOINT DISTRICT,1600480,158
IDAHO,BUTTE COUNTY JOINT DISTRICT,1600490,56
IDAHO,CALDWELL DISTRICT,1600510,800
IDAHO,CAMAS COUNTY DISTRICT,1600540,21
IDAHO,CAMBRIDGE JOINT DISTRICT,1600570,17
IDAHO,VALLIVUE SCHOOL DISTRICT,1600600,1179
IDAHO,CASCADE DISTRICT,1600630,34
IDAHO,CASSIA COUNTY JOINT DISTRICT,1600660,613
IDAHO,CASTLEFORD DISTRICT,1600690,23
IDAHO,CHALLIS JOINT DISTRICT,1600720,41
IDAHO,CLARK COUNTY DISTRICT,1600750,17
IDAHO,COEUR D'ALENE DISTRICT,1600780,1136
IDAHO,COTTONWOOD JOINT DISTRICT,1600810,33
IDAHO,PLUMMER-WORLEY JOINT DISTRICT,1600815,83
IDAHO,COUNCIL DISTRICT,1600840,25
IDAHO,CULDESAC JOINT DISTRICT,1600870,12
IDAHO,DIETRICH DISTRICT,1600900,25
IDAHO,BONNEVILLE JOINT DISTRICT,1600930,1504
IDAHO,PRESTON JOINT DISTRICT,1600960,290
IDAHO,EMMETT INDEPENDENT DISTRICT,1601020,314
IDAHO,FILER DISTRICT,1601050,170
IDAHO,FIRTH DISTRICT,1601080,75
IDAHO,FREMONT COUNTY JOINT DISTRICT,1601110,217
IDAHO,FRUITLAND DISTRICT,1601140,202
IDAHO,GARDEN VALLEY DISTRICT,1601170,44
IDAHO,GENESEE JOINT DISTRICT,1601200,30
IDAHO,GLENNS FERRY JOINT DISTRICT,1601230,55
IDAHO,GOODING JOINT DISTRICT,1601260,167
IDAHO,GRACE JOINT DISTRICT,1601290,64
IDAHO,HAGERMAN JOINT DISTRICT,1601380,45
IDAHO,HANSEN DISTRICT,1601410,37
IDAHO,HIGHLAND JOINT DISTRICT,1601440,24
IDAHO,HOMEDALE JOINT DISTRICT,1601470,144
IDAHO,HORSESHOE BEND SCHOOL DISTRICT,1601500,34
IDAHO,IDAHO FALLS DISTRICT,1601530,1243
IDAHO,JEFFERSON COUNTY JOINT DISTRICT,1601570,557
IDAHO,JEROME JOINT DISTRICT,1601590,487
IDAHO,KAMIAH JOINT DISTRICT,1601620,66
IDAHO,KELLOGG JOINT DISTRICT,1601650,215
IDAHO,KENDRICK JOINT DISTRICT,1601680,35
IDAHO,KIMBERLY DISTRICT,1601710,181
IDAHO,KOOTENAI DISTRICT,1601740,18
IDAHO,KUNA JOINT DISTRICT,1601770,751
IDAHO,LAKELAND DISTRICT,1601800,514
IDAHO,LAPWAI DISTRICT,1601830,115
IDAHO,LEWISTON INDEPENDENT DISTRICT,1601860,658
IDAHO,MACKAY JOINT DISTRICT,1601900,34
IDAHO,MADISON DISTRICT,1601920,616
IDAHO,MARSH VALLEY JOINT DISTRICT,1601950,181
IDAHO,MARSING JOINT DISTRICT,1601980,94
IDAHO,MCCALL-DONNELLY JOINT SCHOOL DISTRICT,1602030,149
IDAHO,MEADOWS VALLEY DISTRICT,1602060,26
IDAHO,MELBA JOINT DISTRICT,1602070,100
IDAHO,JOINT SCHOOL DISTRICT NO. 2,1602100,4468
IDAHO,MIDDLETON DISTRICT,1602130,379
IDAHO,MIDVALE DISTRICT,1602160,23
IDAHO,MINIDOKA COUNTY JOINT DISTRICT,1602190,514
IDAHO,MOSCOW DISTRICT,1602220,280
IDAHO,MOUNTAIN HOME DISTRICT,1602250,470
IDAHO,MULLAN DISTRICT,1602280,18
IDAHO,MURTAUGH JOINT DISTRICT,1602310,27
IDAHO,NAMPA SCHOOL DISTRICT,1602340,1833
IDAHO,NEW PLYMOUTH DISTRICT,1602370,98
IDAHO,NEZPERCE JOINT DISTRICT,1602400,15
IDAHO,NORTH GEM DISTRICT,1602430,29
IDAHO,NOTUS DISTRICT,1602460,45
IDAHO,ONEIDA COUNTY DISTRICT,1602490,169
IDAHO,OROFINO JOINT DISTRICT,1602520,169
IDAHO,PARMA DISTRICT,1602550,104
IDAHO,PAYETTE JOINT DISTRICT,1602580,204
IDAHO,PLEASANT VALLEY ELEMENTARY DISTRICT,1602610,NA
IDAHO,POCATELLO DISTRICT,1602640,1419
IDAHO,POST FALLS DISTRICT,1602670,703
IDAHO,POTLATCH DISTRICT,1602700,66
IDAHO,PRAIRIE ELEMENTARY DISTRICT,1602730,NA
IDAHO,RICHFIELD DISTRICT,1602760,31
IDAHO,RIRIE JOINT DISTRICT,1602790,81
IDAHO,ROCKLAND DISTRICT,1602820,7
IDAHO,SALMON DISTRICT,1602850,132
IDAHO,SHELLEY JOINT DISTRICT,1602910,230
IDAHO,SHOSHONE JOINT DISTRICT,1602940,51
IDAHO,SNAKE RIVER DISTRICT,1602970,198
IDAHO,SODA SPRINGS JOINT DISTRICT,1603000,122
IDAHO,SOUTH LEMHI DISTRICT,1603030,4
IDAHO,ST MARIES JOINT DISTRICT,1603060,149
IDAHO,SUGAR-SALEM JOINT DISTRICT,1603090,140
IDAHO,SWAN VALLEY ELEMENTARY DISTRICT,1603120,9
IDAHO,TETON COUNTY DISTRICT,1603180,234
IDAHO,THREE CREEK JOINT ELEMENTARY DISTRICT,1603210,NA
IDAHO,TWIN FALLS DISTRICT,1603240,1032
IDAHO,VALLEY DISTRICT,1603270,46
IDAHO,WALLACE DISTRICT,1603300,116
IDAHO,WEISER DISTRICT,1603330,207
IDAHO,WENDELL DISTRICT,1603360,117
IDAHO,WEST JEFFERSON DISTRICT,1603400,32
IDAHO,WEST SIDE JOINT DISTRICT,1603420,47
IDAHO,WILDER DISTRICT,1603480,88
IDAHO,IDAHO BUREAU OF EDUCATIONAL SERVICES FOR THE DEAF AND THE BL,1603511,91
ILLINOIS,River Ridge CUSD 210,1700001,91
ILLINOIS,Casey-Westfield CUSD 4C,1700002,122
ILLINOIS,Blue Ridge CUSD 18,1700003,113
ILLINOIS,Norris City-Omaha-Enfield CUSD 3,1700004,135
ILLINOIS,Prairie Central CUSD 8,1700005,328
ILLINOIS,IDJJ Sch Dist 428,1700006,63
ILLINOIS,Eastland CUSD 308,1700007,90
ILLINOIS,Pinckneyville SD 50,1700009,91
ILLINOIS,Beach Park CCSD 3,1700010,379
ILLINOIS,Quincy Area Voc Ctr,1700012,NA
ILLINOIS,Goreville CUD 1,1700014,77
ILLINOIS,Joppa-Maple Grove UD 38,1700015,30
ILLINOIS,Okaw Area Vocational Center,1700017,NA
ILLINOIS,Eastern IL Area of Spec Educ,1700023,NA
ILLINOIS,A E R O  Spec Educ Coop,1700024,NA
ILLINOIS,Speed SEJA #802,1700029,NA
ILLINOIS,Proviso Area Exceptional Child,1700030,NA
ILLINOIS,Northern Suburban Spec Ed Dist,1700031,NA
ILLINOIS,NW Suburban Spec Educ Org,1700032,NA
ILLINOIS,Bloomington Area Career Center,1700036,NA
ILLINOIS,Technology Center of DuPage,1700037,NA
ILLINOIS,Philip J Rock Center and School,1700039,NA
ILLINOIS,Gibson City-Melvin-Sibley CUSD 5,1700041,168
ILLINOIS,Farmington Central CUSD 265,1700044,183
ILLINOIS,Gallatin CUSD 7,1700045,158
ILLINOIS,Franklin-Jefferson Co Sp Ed Dist,1700048,NA
ILLINOIS,Iroquois Special Education,1700051,NA
ILLINOIS,Tri-County Sp Ed Jnt Agreement,1700052,NA
ILLINOIS,Fox Valley Career Center,1700053,NA
ILLINOIS,Mid-Valley Special Ed Coop,1700054,NA
ILLINOIS,Kankakee Area Spec Educ Coop,1700056,NA
ILLINOIS,Galesburg Area Voc Ctr,1700057,NA
ILLINOIS,Spec Educ Dist Lake County/Sedol,1700059,NA
ILLINOIS,Livingston Area Career Cntr,1700064,NA
ILLINOIS,Saunemin CCSD 438,1700065,26
ILLINOIS,Lincolnland Technical Ed Ctr,1700067,NA
ILLINOIS,Heartland Technical Academy,1700068,NA
ILLINOIS,Macon-Piatt Spec Educ Jnt Agr,1700069,NA
ILLINOIS,Collinsville Area Career Ctr,1700072,NA
ILLINOIS,Kaskaskia Spec Educ District,1700074,NA
ILLINOIS,Marengo-Union E Cons D 165,1700077,129
ILLINOIS,Four Rivers Spec Educ Dist,1700080,NA
ILLINOIS,Ogle Co Education Cooperative,1700081,NA
ILLINOIS,United Twp Area Career Ctr,1700083,NA
ILLINOIS,Black Hawk Area Sp Ed District,1700084,NA
ILLINOIS,Tazewell-Mason Cntys Sp Ed Assoc,1700091,NA
ILLINOIS,Georgetown-Ridge Farm CUD 4,1700092,194
ILLINOIS,Lincoln-Way Area Spec Ed JA Dist,1700097,NA
ILLINOIS,Dept of Human Services,1700098,NA
ILLINOIS,ISU  Laboratory Schools,1700099,NA
ILLINOIS,University of Ill Lab School,1700100,NA
ILLINOIS,Il Mathematics & Science Academy,1700101,NA
ILLINOIS,Brussels CUSD 42,1700102,20
ILLINOIS,New Holland-Middletown ED 88,1700103,17
ILLINOIS,A-C Central CUSD 262,1700105,62
ILLINOIS,Heritage CUSD 8,1700106,62
ILLINOIS,Ridgeview CUSD 19,1700109,78
ILLINOIS,North Chicago SD 187,1700110,528
ILLINOIS,Streator ESD 44,1700112,333
ILLINOIS,Illini Central CUSD 189,1700113,158
ILLINOIS,South Central CUD 401,1700114,168
ILLINOIS,Henry-Senachwine CUSD 5,1700115,110
ILLINOIS,Sangamon Area Spec Ed Dist,1700116,NA
ILLINOIS,Williamson Co Spec Educ District,1700118,NA
ILLINOIS,North Shore SD 112,1700119,607
ILLINOIS,Lostant CUSD 425,1700120,20
ILLINOIS,Shiloh CUSD 1,1700122,67
ILLINOIS,Meridian CUSD 15,1700123,132
ILLINOIS,Bureau Valley CUSD 340,1700125,241
ILLINOIS,Midland CUSD 7,1700126,105
ILLINOIS,North DuPage Sp Ed Cooperative,1700152,NA
ILLINOIS,Lewistown CUSD 97,1700153,98
ILLINOIS,La Salle-Peru Area Career Ctr,1700155,NA
ILLINOIS,Adam/Brwn/Cass/Morgn/Pik/Sctt ROE,1700162,NA
ILLINOIS,Bnd/Chrstn/Effngh/Fytt/Mntgmr ROE,1700165,NA
ILLINOIS,Boone/Winnebago ROE,1700166,NA
ILLINOIS,Bureau/Henry/Stark ROE,1700168,NA
ILLINOIS,Calhoun/Greene/Jersy/Macoupin ROE,1700169,NA
ILLINOIS,Carroll/Jo Daviess/Stephenson ROE,1700170,NA
ILLINOIS,Champaign/Ford ROE,1700171,NA
ILLINOIS,Clay/Cwford/Jsper/Lwrnce/Rhland,1700173,NA
ILLINOIS,Clintn/Jeffrsn/Marin/Washngtn ROE,1700174,NA
ILLINOIS,Clk/Cls/Cmbn/Dglas/Edgr/Mltr/Shlb,1700175,NA
ILLINOIS,Cowden-Herrick CUSD 3A,1700176,46
ILLINOIS,DeWitt/Livingstn/Logan/McLean ROE,1700177,NA
ILLINOIS,De Kalb ROE,1700178,NA
ILLINOIS,DuPage ROE,1700179,NA
ILLINOIS,Edw/Glt/Hlt/Hdn/Pop/Sln/Wbh/Wn/Wh,1700180,NA
ILLINOIS,Frankln/Johnsn/Massc/Willimsn ROE,1700182,NA
ILLINOIS,Grundy/Kendall ROE,1700184,NA
ILLINOIS,Hancck/Fultn/Schuylr/McDonogh ROE,1700186,NA
ILLINOIS,Region 07 South Cook ISC 4,1700188,NA
ILLINOIS,Iroquois/Kankakee ROE,1700189,NA
ILLINOIS,Alxndr/Jcksn/Pulsk/Prry/Union ROE,1700190,NA
ILLINOIS,Kane ROE,1700191,NA
ILLINOIS,Henderson/Knox/Mercer/Warren ROE,1700192,NA
ILLINOIS,Lake ROE,1700193,NA
ILLINOIS,La Salle/Marshall/Putnam ROE,1700194,NA
ILLINOIS,Lee/Ogle/Whiteside ROE,1700195,NA
ILLINOIS,Macon/Piatt ROE,1700197,NA
ILLINOIS,Madison ROE,1700198,NA
ILLINOIS,McHenry ROE,1700200,NA
ILLINOIS,Monroe/Randolph ROE,1700202,NA
ILLINOIS,Peoria ROE,1700203,NA
ILLINOIS,Rock Island ROE,1700204,NA
ILLINOIS,Menard/Sangamon ROE,1700206,NA
ILLINOIS,Saint Clair ROE,1700208,NA
ILLINOIS,Mason/Tazewell/Woodford ROE,1700209,NA
ILLINOIS,Vermilion ROE,1700211,NA
ILLINOIS,Will ROE,1700213,NA
ILLINOIS,Christopher USD 99,1700217,157
ILLINOIS,Prairie Crossing Charter School,1700218,40
ILLINOIS,Region 05 North Cook ISC 1,1700220,NA
ILLINOIS,Region 06 West Cook ISC 2,1700221,NA
ILLINOIS,Nippersink SD 2,1700222,201
ILLINOIS,Okaw Valley CUSD 302,1700223,59
ILLINOIS,Spec Educ Assoc of Peoria County,1700225,NA
ILLINOIS,Bi-County Special Educ Coop,1700227,NA
ILLINOIS,LaSalle Putnam Alliance,1700228,NA
ILLINOIS,Livingston Co Spec Services Unit,1700229,NA
ILLINOIS,West Central Regional System,1700231,NA
ILLINOIS,Five County Reg Voc Center,1700232,NA
ILLINOIS,Five County Reg Voc System,1700233,NA
ILLINOIS,Career Educ Assoc of N Central IL,1700235,NA
ILLINOIS,Eagle Ridge Vocational Del Sys,1700236,NA
ILLINOIS,Jo Daviess Carroll CTE Academy,1700237,NA
ILLINOIS,Career & Tech Educ Consortium,1700238,NA
ILLINOIS,Eastern IL EFE System,1700242,NA
ILLINOIS,Twin Rivers Career & Tech Ed Sys,1700243,NA
ILLINOIS,Marion/Clinton/Wash Co CTES,1700245,NA
ILLINOIS,Evanston Dists 65/202 Jnt Agr,1700246,NA
ILLINOIS,Morton Regional Del Sys,1700248,NA
ILLINOIS,Career Development System,1700249,NA
ILLINOIS,North Suburban Educ Reg for Voc,1700250,NA
ILLINOIS,Moraine Area Career System,1700252,NA
ILLINOIS,Niles Twp District for Spec Educ,1700255,NA
ILLINOIS,KEC  Area Voc Center,1700257,NA
ILLINOIS,Indian Valley Area Voc Ctr,1700259,NA
ILLINOIS,Grundy Area Vocational Center,1700260,NA
ILLINOIS,DuPage Area Occup Educ Sys,1700264,NA
ILLINOIS,Franklin County Reg Del System,1700266,NA
ILLINOIS,Mt Vernon Area Voc Center,1700269,NA
ILLINOIS,Rend Lake Area Reg Del System,1700270,NA
ILLINOIS,Western Area Career System 265,1700271,NA
ILLINOIS,West Central IL Spec Educ Coop,1700272,NA
ILLINOIS,Delabar CTE System,1700273,NA
ILLINOIS,Kankakee Area Career Center,1700275,NA
ILLINOIS,Iroquois Area Reg Del System,1700277,NA
ILLINOIS,Valley Educ for Employ System,1700278,NA
ILLINOIS,Northern Kane Co Reg Voc System,1700279,NA
ILLINOIS,Lake Co High Schools Tech Campus,1700280,NA
ILLINOIS,Lake County Area Voc System,1700281,NA
ILLINOIS,Lincolnland Reg Del System,1700284,NA
ILLINOIS,Heartland Region,1700285,NA
ILLINOIS,Central Ill Rural Region,1700286,NA
ILLINOIS,Madison Co Career & Tech Ed Sys,1700288,NA
ILLINOIS,Central IL Voc Ed Coop,1700289,NA
ILLINOIS,Career Center of Southern IL,1700291,NA
ILLINOIS,Okaw Regional Voc System,1700292,NA
ILLINOIS,Two Rivers Career Educ System,1700293,NA
ILLINOIS,Peoria Educ Reg for Empl Traing,1700294,NA
ILLINOIS,Southwestern Illinois Career & TE,1700297,NA
ILLINOIS,ESL Regional Vocational System,1700298,NA
ILLINOIS,Vermilion Voc Ed Deliver System,1700304,NA
ILLINOIS,Whiteside Area Career,1700305,NA
ILLINOIS,Whiteside Regional Voc System,1700306,NA
ILLINOIS,Wilco Area Career Center,1700307,NA
ILLINOIS,Tazewell Co Area EFE RDS,1700309,NA
ILLINOIS,West Carroll CUSD 314,1700310,185
ILLINOIS,South Eastern Sp Ed Program,1700311,NA
ILLINOIS,Eisenhower Cooperative,1700312,NA
ILLINOIS,Educ for Employment Sys 330,1700313,NA
ILLINOIS,West Prairie CUSD 103,1700314,105
ILLINOIS,NW Educ Cncl for Student Success,1700317,NA
ILLINOIS,West Central CUSD 235,1700319,113
ILLINOIS,Monmouth-Roseville CUSD 238,1700320,230
ILLINOIS,United CUSD 304,1700321,160
ILLINOIS,Henry-Stark County Spec Ed Dist,1700322,NA
ILLINOIS,Crescent Iroquois CUSD 249,1700323,19
ILLINOIS,Sangamon Valley CUSD 9,1700324,119
ILLINOIS,Region III Spec Ed Coop,1700325,NA
ILLINOIS,El Paso-Gridley CUSD 11,1700326,150
ILLINOIS,McHenry Co Coop for Employ Educ,1700327,NA
ILLINOIS,Capital Area Career Center,1700328,NA
ILLINOIS,Jamp Spec Educ Services,1700329,NA
ILLINOIS,Prairieview-Ogden CCSD 197,1700330,23
ILLINOIS,Schuyler-Industry CUSD 5,1700332,183
ILLINOIS,La Harpe CSD 347,1701381,47
ILLINOIS,Thompsonville CUSD 174,1701382,48
ILLINOIS,Exc Children Have Opportunities,1701383,NA
ILLINOIS,Illini West H S Dist 307,1701384,59
ILLINOIS,Carthage ESD 317,1701385,54
ILLINOIS,Western CUSD 12,1701387,107
ILLINOIS,Dallas ESD 327,1701388,28
ILLINOIS,Flanagan-Cornell Dist 74,1701390,68
ILLINOIS,Southwest Cook Coop Spec Ed,1701392,NA
ILLINOIS,Grundy County Spec Educ Coop,1701393,NA
ILLINOIS,Des Plaines Valley EFE,1701394,NA
ILLINOIS,Mercer County School District 404,1701395,220
ILLINOIS,Paris Cooperative High School,1701397,NA
ILLINOIS,Southland College Prep Chtr HS,1701400,57
ILLINOIS,North Mac CUSD 34,1701403,248
ILLINOIS,Odin PSD 722,1701404,53
ILLINOIS,Williamson Co CTE System,1701409,NA
ILLINOIS,Horizon Science Acad-McKinley Pk,1701410,82
ILLINOIS,East Coloma - Nelson CESD 20,1701411,44
ILLINOIS,Horizon Science Acad-Belmont,1701412,42
ILLINOIS,Abingdon-Avon CUSD 276,1701413,156
ILLINOIS,STEM Partnership School,1701415,NA
ILLINOIS,Milford Area PSD 124,1701416,65
ILLINOIS,Bluford Unit School District 318,1701417,76
ILLINOIS,Salt Fork CUSD 512,1701418,148
ILLINOIS,Spring Garden CCSD 178,1701419,49
ILLINOIS,Northwest Sp Ed Cooperative,1701421,NA
ILLINOIS,Woodlawn Unit School District 209,1701422,54
ILLINOIS,LEARN 9 Chtr  Campus in Waukegan,1701423,34
ILLINOIS,Betty Shabazz  Internl Chrtr Sch,1701424,29
ILLINOIS,School Assn For Special Educ,1701425,NA
ILLINOIS,Amandla Charter School,1701426,50
ILLINOIS,IL Dept of Chldrn and Family Svcs,1701429,NA
ILLINOIS,Career Preparation Network,1701430,NA
ILLINOIS,Bronzeville Academy Chtr School,1701431,27
ILLINOIS,Knox Warren Spec Ed Districts,1701432,NA
ILLINOIS,B H R A Cooperative HS,1701433,NA
ILLINOIS,Dimmick Comm Cons SD #175,1701434,22
ILLINOIS,Elgin Math and Science Acad Chtr,1701435,34
ILLINOIS,Urban Prep West Charter School,1701436,24
ILLINOIS,Woodford Cty Special Ed Assoc,1701437,NA
ILLINOIS,Intrinsic 2 Charter High School,1701438,21
ILLINOIS,S Will Co Coop for Spec Ed,1701439,NA
ILLINOIS,Addison SD 4,1703150,649
ILLINOIS,Akin CCSD 91,1703210,17
ILLINOIS,Albers SD 63,1703270,32
ILLINOIS,Alden Hebron SD 19,1703300,67
ILLINOIS,Allen-Otter Creek CCSD 65,1703420,12
ILLINOIS,Allendale CCSD 17,1703450,26
ILLINOIS,Alsip-Hazlgrn-Oaklwn SD 126,1703480,254
ILLINOIS,Altamont CUSD 10,1703510,133
ILLINOIS,Alton CUSD 11,1703600,1342
ILLINOIS,AlWood CUSD 225,1703660,56
ILLINOIS,Amboy CUSD 272,1703690,93
ILLINOIS,Anna CCSD 37,1703750,156
ILLINOIS,Anna Jonesboro CHSD 81,1703780,96
ILLINOIS,Annawan CUSD 226,1703810,41
ILLINOIS,Antioch CCSD 34,1703840,420
ILLINOIS,CHSD 117,1703870,393
ILLINOIS,Aptakisic-Tripp CCSD 102,1703900,296
ILLINOIS,Arbor Park SD 145,1703930,163
ILLINOIS,Arcola CUSD 306,1703960,87
ILLINOIS,Argenta-Oreana CUSD 1,1703990,145
ILLINOIS,Argo CHSD 217,1704020,262
ILLINOIS,Summit SD 104,1704050,198
ILLINOIS,Arlington Heights SD 25,1704140,709
ILLINOIS,Township HSD 214,1704170,1436
ILLINOIS,Armstrong-Ellis Cons SD 61,1704200,11
ILLINOIS,Armstrong Twp HSD 225,1704230,12
ILLINOIS,Arthur CUSD 305,1704260,201
ILLINOIS,Ashley CCSD 15,1704340,20
ILLINOIS,Ashton-Franklin Center CUSD 275,1704380,65
ILLINOIS,Astoria CUSD 1,1704440,68
ILLINOIS,Athens CUSD 213,1704470,186
ILLINOIS,Atwood Heights SD 125,1704560,156
ILLINOIS,Auburn CUSD 10,1704620,180
ILLINOIS,Aurora East USD 131,1704680,1895
ILLINOIS,Aurora West USD 129,1704710,1803
ILLINOIS,Aviston SD 21,1704740,60
ILLINOIS,Central CHSD 71,1704770,94
ILLINOIS,Avoca SD 37,1704800,82
ILLINOIS,Ball Chatham CUSD 5,1704920,539
ILLINOIS,Bannockburn SD 106,1704950,15
ILLINOIS,Barrington CUSD 220,1705050,1496
ILLINOIS,Bartelso SD 57,1705160,24
ILLINOIS,Bartonville SD 66,1705190,67
ILLINOIS,Batavia USD 101,1705220,866
ILLINOIS,Beardstown CUSD 15,1705310,297
ILLINOIS,Beecher CUSD 200U,1705430,178
ILLINOIS,Beecher City CUSD 20,1705460,60
ILLINOIS,Marseilles ESD 150,1705466,116
ILLINOIS,Opdyke-Belle-Rive CCSD 5,1705570,27
ILLINOIS,Belle Valley SD 119,1705580,256
ILLINOIS,Belleville SD 118,1705610,938
ILLINOIS,Belleville Twp HSD 201,1705640,925
ILLINOIS,Bellwood SD 88,1705760,376
ILLINOIS,Belvidere CUSD 100,1705790,1268
ILLINOIS,Bement CUSD 5,1705820,55
ILLINOIS,Benjamin SD 25,1705880,87
ILLINOIS,Bensenville SD 2,1705910,354
ILLINOIS,Benton CCSD 47,1705950,226
ILLINOIS,Benton Cons HSD 103,1705970,72
ILLINOIS,Berkeley SD 87,1706000,485
ILLINOIS,Berwyn North SD 98,1706060,529
ILLINOIS,Berwyn South SD 100,1706090,536
ILLINOIS,Bethalto CUSD 8,1706120,311
ILLINOIS,Bethel SD 82,1706180,37
ILLINOIS,Big Hollow SD 38,1706270,237
ILLINOIS,Bismarck Henning CUSD,1706390,88
ILLINOIS,Bloom Twp HSD 206,1706420,557
ILLINOIS,Bloomingdale SD 13,1706450,196
ILLINOIS,Bloomington SD 87,1706480,901
ILLINOIS,Cook County SD 130,1706510,560
ILLINOIS,CHSD 218,1706540,979
ILLINOIS,Scott-Morgan CUSD 2,1706600,42
ILLINOIS,Bourbonnais SD 53,1706750,413
ILLINOIS,Braceville SD 75,1706840,23
ILLINOIS,Bradford CUSD 1,1706880,42
ILLINOIS,Bradley SD 61,1706930,239
ILLINOIS,Bradley Bourbonnais CHSD 307,1706960,327
ILLINOIS,Breese ESD 12,1707010,162
ILLINOIS,Bremen CHSD 228,1707050,793
ILLINOIS,Indian Springs SD 109,1707170,432
ILLINOIS,Brimfield CUSD 309,1707200,71
ILLINOIS,Lemont-Bromberek CSD 113A,1707290,309
ILLINOIS,Brookfield Lagrange Park SD 95,1707320,152
ILLINOIS,Brownstown CUSD 201,1707440,67
ILLINOIS,Paxton-Buckley-Loda CUD 10,1707650,224
ILLINOIS,Buncombe Cons SD 43,1707740,10
ILLINOIS,Bunker Hill CUSD 8,1707770,115
ILLINOIS,Central CUSD 301,1707830,547
ILLINOIS,Burnham SD 154-5,1707860,22
ILLINOIS,Bushnell Prairie City CUSD 170,1707950,151
ILLINOIS,Butler SD 53,1707980,69
ILLINOIS,Byron CUSD 226,1708010,255
ILLINOIS,Cahokia CUSD 187,1708040,749
ILLINOIS,Cairo USD 1,1708070,68
ILLINOIS,Lincoln ESD 156,1708100,150
ILLINOIS,Calumet Public SD 132,1708130,131
ILLINOIS,Cambridge CUSD 227,1708160,69
ILLINOIS,Central CUSD 3,1708220,162
ILLINOIS,Trico CUSD 176,1708250,171
ILLINOIS,Canton Union SD 66,1708280,453
ILLINOIS,Carbon Cliff-Barstow SD 36,1708310,59
ILLINOIS,Carbondale ESD 95,1708340,250
ILLINOIS,Carbondale CHSD 165,1708370,160
ILLINOIS,Cons HSD 230,1708400,1019
ILLINOIS,Carlinville CUSD 1,1708430,272
ILLINOIS,Carlyle CUSD 1,1708460,203
ILLINOIS,Carmi-White County CUSD 5,1708500,294
ILLINOIS,CUSD 300,1708550,3069
ILLINOIS,Carrier Mills-Stonefort CUSD 2,1708580,99
ILLINOIS,Carrollton CUSD 1,1708610,110
ILLINOIS,Carterville CUSD 5,1708640,316
ILLINOIS,Cary CCSD 26,1708730,386
ILLINOIS,Cass SD 63,1708790,95
ILLINOIS,Center Cass SD 66,1708970,140
ILLINOIS,Central A & M CUD 21,1709100,133
ILLINOIS,Central SD 51,1709150,172
ILLINOIS,Central SD 104,1709170,111
ILLINOIS,Central City SD 133,1709180,90
ILLINOIS,Lockport SD 91,1709210,132
ILLINOIS,Centralia SD 135,1709270,326
ILLINOIS,Centralia HSD 200,1709300,178
ILLINOIS,Cerro Gordo CUSD 100,1709330,49
ILLINOIS,Chadwick-Milledgeville CUSD 399,1709400,72
ILLINOIS,Champaign CUSD 4,1709420,1520
ILLINOIS,Chaney-Monge SD 88,1709510,98
ILLINOIS,Channahon SD 17,1709540,171
ILLINOIS,Charleston CUSD 1,1709600,539
ILLINOIS,Chester CUSD 139,1709810,200
ILLINOIS,Chester-East Lincoln CCSD 61,1709850,33
ILLINOIS,City of Chicago SD 299,1709930,50623
ILLINOIS,Chicago Heights SD 170,1709960,444
ILLINOIS,Chicago Ridge SD 127-5,1709990,252
ILLINOIS,Cicero SD 99,1710200,1574
ILLINOIS,North Wayne CUSD 200,1710240,74
ILLINOIS,Cissna Park CUSD 6,1710290,41
ILLINOIS,Clay City CUSD 10,1710340,53
ILLINOIS,Skokie SD 73-5,1710380,156
ILLINOIS,Central CUSD 4,1710410,185
ILLINOIS,Clinton CUSD 15,1710440,346
ILLINOIS,CCSD 93,1710470,591
ILLINOIS,Coal City CUSD 1,1710530,337
ILLINOIS,Cobden SUD 17,1710570,80
ILLINOIS,Collinsville CUSD 10,1710650,1136
ILLINOIS,Colona SD 190,1710690,69
ILLINOIS,Columbia CUSD 4,1710740,248
ILLINOIS,Hamilton Co CUSD 10,1710790,240
ILLINOIS,Oakwood CUSD 76,1710800,130
ILLINOIS,Westville CUSD 2,1710820,272
ILLINOIS,Triopia CUSD 27,1710830,57
ILLINOIS,Cornell CCSD 426,1710860,19
ILLINOIS,Ford Heights SD 169,1710950,47
ILLINOIS,Coulterville USD 1,1710980,42
ILLINOIS,Country Club Hills SD 160,1711010,250
ILLINOIS,Crab Orchard CUSD 3,1711100,92
ILLINOIS,Creston CCSD 161,1711220,14
ILLINOIS,Crete Monee CUSD 201U,1711250,889
ILLINOIS,Creve Coeur SD 76,1711290,140
ILLINOIS,Crystal Lake CCSD 47,1711350,1131
ILLINOIS,CHSD 155,1711370,787
ILLINOIS,CUSD 3 Fulton County,1711400,80
ILLINOIS,Cypress SD 64,1711520,27
ILLINOIS,Dakota CUSD 201,1711610,79
ILLINOIS,Dalzell SD 98,1711700,10
ILLINOIS,Damiansville SD 62,1711730,8
ILLINOIS,Danville CCSD 118,1711790,888
ILLINOIS,Decatur SD 61,1711850,1605
ILLINOIS,Deer Creek-Mackinaw CUSD 701,1711880,133
ILLINOIS,Deer Park CCSD 82,1711910,15
ILLINOIS,Deerfield SD 109,1711980,365
ILLINOIS,DeKalb CUSD 428,1712000,1157
ILLINOIS,Deland-Weldon CUSD 57,1712030,27
ILLINOIS,Delavan CUSD 703,1712060,93
ILLINOIS,DePue USD 103,1712090,57
ILLINOIS,CCSD 62,1712120,796
ILLINOIS,DeSoto Cons SD 86,1712150,36
ILLINOIS,Diamond Lake SD 76,1712210,140
ILLINOIS,Dieterich CUSD 30,1712240,80
ILLINOIS,Dixon USD 170,1712330,486
ILLINOIS,Dolton SD 149,1712420,367
ILLINOIS,Dolton SD 148,1712450,314
ILLINOIS,Dongola USD 66,1712480,69
ILLINOIS,Donovan CUSD 3,1712510,49
ILLINOIS,Downers Grove GSD 58,1712540,754
ILLINOIS,CHSD 99,1712570,706
ILLINOIS,Dunlap CUSD 323,1712700,598
ILLINOIS,Dupo CUSD 196,1712720,178
ILLINOIS,Du Quoin CUSD 300,1712760,262
ILLINOIS,Durand CUSD 322,1712810,84
ILLINOIS,Dwight Common SD 232,1712840,85
ILLINOIS,Dwight Twp HSD 230,1712870,40
ILLINOIS,Earlville CUSD 9,1712930,71
ILLINOIS,East Alton SD 13,1712960,153
ILLINOIS,East Alton-Wood River CHSD 14,1712990,135
ILLINOIS,East Dubuque USD 119,1713050,101
ILLINOIS,East Maine SD 63,1713140,518
ILLINOIS,East Moline SD 37,1713170,476
ILLINOIS,East Peoria CHSD 309,1713230,179
ILLINOIS,East Peoria SD 86,1713240,340
ILLINOIS,East Prairie SD 73,1713260,66
ILLINOIS,Richland County CUSD 1,1713290,294
ILLINOIS,East St Louis SD 189,1713320,835
ILLINOIS,Edgar County CUD 6,1713370,86
ILLINOIS,Edinburg CUSD 4,1713410,42
ILLINOIS,Lindop SD 92,1713440,81
ILLINOIS,Edwards County CUSD 1,1713500,165
ILLINOIS,Edwardsville CUSD 7,1713530,884
ILLINOIS,Effingham CUSD 40,1713560,497
ILLINOIS,Egyptian CUSD 5,1713590,62
ILLINOIS,Eldorado CUSD 4,1713660,215
ILLINOIS,SD U-46,1713710,5659
ILLINOIS,Comm Cons SD 59,1713770,982
ILLINOIS,Elverado CUSD 196,1713860,97
ILLINOIS,Tri Valley CUSD 3,1713920,153
ILLINOIS,DuPage HSD 88,1713940,625
ILLINOIS,Elmhurst SD 205,1713970,1307
ILLINOIS,Elmwood CUSD 322,1714050,99
ILLINOIS,Elmwood Park CUSD 401,1714100,485
ILLINOIS,Elwood CCSD 203,1714160,46
ILLINOIS,Harmony Emge SD 175,1714220,115
ILLINOIS,Emmons SD 33,1714250,32
ILLINOIS,Erie CUSD 1,1714350,119
ILLINOIS,Eswood CCSD 269,1714410,13
ILLINOIS,Eureka CUD 140,1714430,172
ILLINOIS,Evanston CCSD 65,1714460,1072
ILLINOIS,Evanston Twp HSD 202,1714490,481
ILLINOIS,Evergreen Park ESD 124,1714550,309
ILLINOIS,Evergreen Park CHSD 231,1714580,134
ILLINOIS,Ewing Northern CCSD 115,1714640,30
ILLINOIS,Fairfield PSD 112,1714710,154
ILLINOIS,Fairmont SD 89,1714760,64
ILLINOIS,Fairview SD 72,1714820,139
ILLINOIS,Farrington CCSD 99,1714940,13
ILLINOIS,Fenton CHSD 100,1715030,196
ILLINOIS,Field CCSD 3,1715090,39
ILLINOIS,Fieldcrest CUSD 6,1715100,134
ILLINOIS,Fisher CUSD 1,1715180,80
ILLINOIS,Flora CUSD 35,1715400,188
ILLINOIS,Flossmoor SD 161,1715420,337
ILLINOIS,Forest Park SD 91,1715450,177
ILLINOIS,Forest Ridge SD 142,1715480,265
ILLINOIS,Forrestville Valley CUSD 221,1715490,147
ILLINOIS,Fox Lake GSD 114,1715630,120
ILLINOIS,Fox River Grove Cons SD 3,1715660,87
ILLINOIS,Frankfort CCSD 157C,1715700,303
ILLINOIS,Franklin CUSD 1,1715750,44
ILLINOIS,Franklin Park SD 84,1715780,200
ILLINOIS,Freeburg CCSD 70,1715820,120
ILLINOIS,Freeburg CHSD 77,1715840,78
ILLINOIS,Serena CUSD 2,1715880,96
ILLINOIS,Freeport SD 145,1715900,639
ILLINOIS,Fremont SD 79,1715930,303
ILLINOIS,Galatia CUSD 1,1716020,86
ILLINOIS,Galena USD 120,1716050,109
ILLINOIS,Galesburg CUSD 205,1716080,669
ILLINOIS,Galva CUSD 224,1716140,93
ILLINOIS,Gardner CCSD 72C,1716230,39
ILLINOIS,Gardner S Wilmington Twp HSD 73,1716260,33
ILLINOIS,Gavin SD 37,1716290,134
ILLINOIS,Geff CCSD 14,1716320,18
ILLINOIS,Geneseo CUSD 228,1716350,289
ILLINOIS,Geneva CUSD 304,1716380,733
ILLINOIS,Genoa Kingston CUSD 424,1716410,167
ILLINOIS,Germantown SD 60,1716530,29
ILLINOIS,Germantown Hills SD 69,1716560,80
ILLINOIS,Giant City CCSD 130,1716590,34
ILLINOIS,Gifford CCSD 188,1716650,14
ILLINOIS,Gillespie CUSD 7,1716680,261
ILLINOIS,Glen Ellyn SD 41,1716800,433
ILLINOIS,Glenbard Twp HSD 87,1716830,1072
ILLINOIS,Glencoe SD 35,1716860,143
ILLINOIS,Glenview CCSD 34,1716920,581
ILLINOIS,Brookwood SD 167,1716950,146
ILLINOIS,Woodridge SD 68,1717040,523
ILLINOIS,Gower SD 62,1717160,125
ILLINOIS,Grand Prairie CCSD 6,1717190,13
ILLINOIS,Grand Ridge CCSD 95,1717220,30
ILLINOIS,Granite City CUSD 9,1717280,1351
ILLINOIS,Grant CCSD 110,1717310,135
ILLINOIS,Grant CHSD 124,1717340,259
ILLINOIS,Grant Park CUSD 6,1717370,50
ILLINOIS,Grass Lake SD 36,1717490,32
ILLINOIS,Grayslake CCSD 46,1717520,757
ILLINOIS,Grayslake CHSD 127,1717550,429
ILLINOIS,Grayville CUSD 1,1717580,64
ILLINOIS,Greenfield CUSD 10,1717670,67
ILLINOIS,Greenview CUSD 200,1717700,38
ILLINOIS,Bond County CUSD 2,1717730,410
ILLINOIS,Griggsville-Perry CUSD 4,1717790,94
ILLINOIS,Gurnee SD 56,1717800,380
ILLINOIS,Northbrook ESD 27,1717850,202
ILLINOIS,Hall HSD 502,1718030,77
ILLINOIS,Hamilton CCSD 328,1718060,90
ILLINOIS,Hampton SD 29,1718090,35
ILLINOIS,Calhoun CUSD 40,1718180,111
ILLINOIS,Hardin County CUSD 1,1718200,119
ILLINOIS,Harlem UD 122,1718240,1171
ILLINOIS,Harrisburg CUSD 3,1718270,388
ILLINOIS,Harrison SD 36,1718360,89
ILLINOIS,Hartsburg Emden CUSD 21,1718390,25
ILLINOIS,Harvard CUSD 50,1718420,346
ILLINOIS,Harvey SD 152,1718450,180
ILLINOIS,W Harvey-Dixmoor PSD 147,1718480,127
ILLINOIS,Havana CUSD 126,1718510,167
ILLINOIS,Hawthorn CCSD 73,1718570,624
ILLINOIS,Hazel Crest SD 152-5,1718600,126
ILLINOIS,Herrin CUSD 4,1718810,463
ILLINOIS,Herscher CUSD 2,1718840,239
ILLINOIS,Heyworth CUSD 4,1718870,106
ILLINOIS,High Mount SD 116,1718960,69
ILLINOIS,Highland CUSD 5,1718990,582
ILLINOIS,Twp HSD 113,1719080,558
ILLINOIS,LaGrange Highlands SD 106,1719110,106
ILLINOIS,Hillsboro CUSD 3,1719200,316
ILLINOIS,Hillside SD 93,1719230,77
ILLINOIS,Hinckley Big Rock CUSD 429,1719260,126
ILLINOIS,Hinsdale CCSD 181,1719290,454
ILLINOIS,Hinsdale Twp HSD 86,1719320,552
ILLINOIS,Hollis Cons SD 328,1719420,19
ILLINOIS,Homer CCSD 33C,1719500,570
ILLINOIS,Homewood SD 153,1719530,288
ILLINOIS,Homewood Flossmoor CHSD 233,1719560,357
ILLINOIS,Hononegah CHD 207,1719620,242
ILLINOIS,Hoopeston Area CUSD 11,1719660,241
ILLINOIS,Hoover-Schrum Memorial SD 157,1719680,142
ILLINOIS,Huntley Comm Sch Dist 158,1719830,1101
ILLINOIS,Hutsonville CUSD 1,1719920,57
ILLINOIS,Illini Bluffs CUSD 327,1719960,140
ILLINOIS,Il Valley Central USD 321,1719970,380
ILLINOIS,Iroquois County CUSD 9,1720170,160
ILLINOIS,Iroquois West CUSD 10,1720180,203
ILLINOIS,Irvington CCSD 11,1720190,13
ILLINOIS,Itasca SD 10,1720220,148
ILLINOIS,Iuka CCSD 7,1720250,37
ILLINOIS,Jacksonville SD 117,1720280,776
ILLINOIS,Jasper CCSD 17,1720370,34
ILLINOIS,Jasper County CUD 1,1720380,163
ILLINOIS,Jersey CUSD 100,1720430,362
ILLINOIS,Johnsburg CUSD 12,1720490,311
ILLINOIS,Johnston City CUSD 1,1720550,204
ILLINOIS,Joliet PSD 86,1720580,1634
ILLINOIS,Joliet Twp HSD 204,1720610,1065
ILLINOIS,County of Union Sch Dist No43,1720640,78
ILLINOIS,Kankakee SD 111,1720760,667
ILLINOIS,Kansas CUSD 3,1720790,30
ILLINOIS,Keeneyville SD 20,1720880,249
ILLINOIS,Kell Cons SD 2,1720910,25
ILLINOIS,Kenilworth SD 38,1720970,59
ILLINOIS,Kewanee CUSD 229,1721000,365
ILLINOIS,Kildeer Countryside CCSD 96,1721030,353
ILLINOIS,Kings Cons SD 144,1721130,16
ILLINOIS,Kinnikinnick CCSD 131,1721180,321
ILLINOIS,Kirby SD 140,1721270,693
ILLINOIS,Hiawatha CUSD 426,1721300,90
ILLINOIS,Knoxville CUSD 202,1721390,190
ILLINOIS,Komarek SD 94,1721420,108
ILLINOIS,Darien SD 61,1721450,228
ILLINOIS,Ladd CCSD 94,1721510,29
ILLINOIS,Lagrange Area Dept Spec Ed-Ladse,1721590,NA
ILLINOIS,La Grange SD 102,1721600,491
ILLINOIS,La Grange SD 105 South,1721630,225
ILLINOIS,La Moille CUSD 303,1721680,58
ILLINOIS,Lake Bluff ESD 65,1721720,121
ILLINOIS,Lake Forest SD 67,1721750,234
ILLINOIS,Lake Forest CHSD 115,1721780,195
ILLINOIS,Lake Park CHSD 108,1721840,264
ILLINOIS,Lake Villa CCSD 41,1721870,527
ILLINOIS,Lake Zurich CUSD 95,1721900,773
ILLINOIS,Lansing SD 158,1722020,510
ILLINOIS,Laraway CCSD 70C,1722050,103
ILLINOIS,La Salle ESD 122,1722080,233
ILLINOIS,La Salle-Peru Twp HSD 120,1722110,165
ILLINOIS,Red Hill CUSD 10,1722130,116
ILLINOIS,Lawrence County CUD 20,1722150,172
ILLINOIS,Lebanon CUSD 9,1722300,118
ILLINOIS,Paw Paw CUSD 271,1722350,24
ILLINOIS,Lee County Spec Educ Assoc,1722360,NA
ILLINOIS,Lemont Twp HSD 210,1722500,140
ILLINOIS,Lena Winslow CUSD 202,1722530,105
ILLINOIS,LeRoy CUSD 2,1722620,103
ILLINOIS,Lexington CUSD 7,1722710,61
ILLINOIS,Leyden CHSD 212,1722740,507
ILLINOIS,Liberty CUSD 2,1722770,123
ILLINOIS,Libertyville SD 70,1722800,212
ILLINOIS,CHSD 128,1722830,363
ILLINOIS,Lick Creek CCSD 16,1722860,25
ILLINOIS,Leland CUSD 1,1722870,59
ILLINOIS,Limestone Walters CCSD 316,1722920,18
ILLINOIS,Limestone CHSD 310,1722950,177
ILLINOIS,Lincoln ESD 27,1722980,237
ILLINOIS,Lincoln CHSD 404,1723050,89
ILLINOIS,Lincoln Way CHSD 210,1723070,864
ILLINOIS,Lincolnshire-Prairieview SD 103,1723090,256
ILLINOIS,Lincolnwood SD 74,1723100,180
ILLINOIS,Lisbon CCSD 90,1723160,9
ILLINOIS,Lisle CUSD 202,1723200,253
ILLINOIS,Litchfield CUSD 12,1723250,282
ILLINOIS,Lockport Area Spec Educ Coop,1723340,NA
ILLINOIS,Lockport Twp HSD 205,1723350,572
ILLINOIS,Lombard SD 44,1723460,529
ILLINOIS,Brooklyn UD 188,1723640,13
ILLINOIS,Ludlow CCSD 142,1723700,10
ILLINOIS,Will County SD 92,1723730,258
ILLINOIS,Lyons SD 103,1723850,455
ILLINOIS,Lyons Twp HSD 204,1723880,497
ILLINOIS,Macomb CUSD 185,1723920,368
ILLINOIS,Madison CUSD 12,1723970,114
ILLINOIS,Maercker SD 60,1724000,155
ILLINOIS,Mahomet-Seymour CUSD 3,1724060,323
ILLINOIS,Maine Township HSD 207,1724090,883
ILLINOIS,Malden CCSD 84,1724120,17
ILLINOIS,Manhattan SD 114,1724270,290
ILLINOIS,Mannheim SD 83,1724330,394
ILLINOIS,Manteno CUSD 5,1724390,372
ILLINOIS,Northbrook/Glenview SD 30,1724420,154
ILLINOIS,Kaneland CUSD 302,1724480,603
ILLINOIS,Marengo CHSD 154,1724570,75
ILLINOIS,Marion CUSD 2,1724600,711
ILLINOIS,Marissa CUSD 40,1724650,102
ILLINOIS,Prairie-Hills ESD 144,1724720,364
ILLINOIS,Maroa Forsyth CUSD 2,1724750,122
ILLINOIS,Marquardt SD 15,1724780,364
ILLINOIS,Marshall CUSD 2C,1724870,274
ILLINOIS,Martinsville CUSD 3C,1724900,75
ILLINOIS,Mascoutah CUD 19,1724940,617
ILLINOIS,Massac UD 1,1725000,358
ILLINOIS,Matteson ESD 162,1725020,474
ILLINOIS,Mattoon CUSD 2,1725050,563
ILLINOIS,Maywood-Melrose Park-Broadview 89,1725110,520
ILLINOIS,Mazon-Verona-Kinsman ESD 2C,1725190,59
ILLINOIS,McClellan CCSD 12,1725260,11
ILLINOIS,McHenry CCSD 15,1725290,869
ILLINOIS,McHenry CHSD 156,1725320,310
ILLINOIS,Medinah SD 11,1725500,106
ILLINOIS,CUSD 4,1725590,133
ILLINOIS,Mendota CCSD 289,1725620,236
ILLINOIS,Mendota Twp HSD 280,1725650,86
ILLINOIS,Meredosia-Chambersburg CUSD 11,1725680,47
ILLINOIS,Meridian CUSD 223,1725690,211
ILLINOIS,Metamora CCSD 1,1725740,93
ILLINOIS,County of Woodford School,1725770,121
ILLINOIS,Midlothian SD 143,1725920,321
ILLINOIS,Millburn CCSD 24,1726100,161
ILLINOIS,Fairfield Comm H S Dist 225,1726180,70
ILLINOIS,Millstadt CCSD 160,1726190,165
ILLINOIS,Miller Twp CCSD 210,1726250,30
ILLINOIS,Minooka CCSD 201,1726310,672
ILLINOIS,Minooka CHSD 111,1726340,310
ILLINOIS,Mokena SD 159,1726370,204
ILLINOIS,Moline-Coal Valley CUSD 40,1726400,1018
ILLINOIS,Momence CUSD 1,1726430,151
ILLINOIS,Monroe SD 70,1726490,55
ILLINOIS,Monticello CUSD 25,1726550,219
ILLINOIS,Montmorency CCSD 145,1726590,37
ILLINOIS,Morris SD 54,1726610,246
ILLINOIS,Morris CHSD 101,1726640,129
ILLINOIS,Morrison CUSD 6,1726710,170
ILLINOIS,Morrisonville CUSD 1,1726760,61
ILLINOIS,Morton CUSD 709,1726800,486
ILLINOIS,Golf ESD 67,1726820,91
ILLINOIS,Morton Grove SD 70,1726850,138
ILLINOIS,J S Morton HSD 201,1726880,1067
ILLINOIS,Meridian CUSD 101,1726970,92
ILLINOIS,Mount Olive CUSD 5,1727180,94
ILLINOIS,Mount Prospect SD 57,1727210,287
ILLINOIS,Mt Pulaski CUSD 23,1727290,79
ILLINOIS,Brown County CUSD 1,1727300,140
ILLINOIS,Mount Vernon SD 80,1727340,365
ILLINOIS,Mt Vernon Twp HSD 201,1727360,214
ILLINOIS,Mt Zion CUSD 3,1727390,279
ILLINOIS,Mulberry Grove CUSD 1,1727450,62
ILLINOIS,Mundelein ESD 75,1727540,332
ILLINOIS,Mundelein Cons HSD 120,1727570,347
ILLINOIS,Murphysboro CUSD 186,1727610,423
ILLINOIS,Naperville CUSD 203,1727710,1995
ILLINOIS,Nashville CCSD 49,1727720,117
ILLINOIS,Nashville CHSD 99,1727740,70
ILLINOIS,Nauvoo-Colusa CUSD 325,1727780,44
ILLINOIS,Neoga CUSD 3,1727840,118
ILLINOIS,Nettle Creek CCSD 24C,1727930,13
ILLINOIS,New Athens CUSD 60,1727960,88
ILLINOIS,New Berlin CUSD 16,1727990,108
ILLINOIS,New Hope CCSD 6,1728110,27
ILLINOIS,New Lenox SD 122,1728140,902
ILLINOIS,New Simpson Hill SD 32,1728160,36
ILLINOIS,New Trier Twp HSD 203,1728200,670
ILLINOIS,Newark CHSD 18,1728260,21
ILLINOIS,Newark CCSD 66,1728270,33
ILLINOIS,Niles ESD 71,1728500,72
ILLINOIS,Niles Twp HSD 219,1728530,562
ILLINOIS,Nokomis CUSD 22,1728560,113
ILLINOIS,McLean County USD 5,1728620,2355
ILLINOIS,Norridge SD 80,1728650,122
ILLINOIS,North Boone CUSD 200,1728700,231
ILLINOIS,North Clay CUSD 25,1728810,112
ILLINOIS,North Palos SD 117,1728890,413
ILLINOIS,N Pekin & Marquette Hght SD 102,1728920,76
ILLINOIS,Northbrook SD 28,1728980,258
ILLINOIS,Northfield Twp HSD 225,1729010,725
ILLINOIS,Norwood ESD 63,1729040,102
ILLINOIS,Oak Grove SD 68  Bartonville,1729100,51
ILLINOIS,Oak Grove SD 68 Green Oaks,1729130,104
ILLINOIS,Oak Lawn-Hometown SD 123,1729190,537
ILLINOIS,Oak Lawn CHSD 229,1729220,283
ILLINOIS,Oak Park ESD 97,1729250,885
ILLINOIS,Oak Park - River Forest SD 200,1729280,611
ILLINOIS,Oakdale CCSD 1,1729310,13
ILLINOIS,Oakland CUSD 5,1729340,31
ILLINOIS,Oblong CUSD 4,1729420,107
ILLINOIS,Odell CCSD 435,1729520,30
ILLINOIS,Oglesby ESD 125,1729670,102
ILLINOIS,Ohio CCSD 17,1729700,20
ILLINOIS,Ohio CHSD 505,1729730,8
ILLINOIS,O Fallon CCSD 90,1729760,625
ILLINOIS,O Fallon Twp HSD 203,1729790,351
ILLINOIS,Olympia CUSD 16,1729890,287
ILLINOIS,R O W V A CUSD 208,1729940,85
ILLINOIS,Orangeville CUSD 203,1730060,51
ILLINOIS,Oregon CUSD 220,1730160,199
ILLINOIS,Orion CUSD 223,1730200,155
ILLINOIS,Orland SD 135,1730220,874
ILLINOIS,CUSD 308,1730270,2556
ILLINOIS,Ottawa ESD 141,1730300,392
ILLINOIS,Ottawa Twp HSD 140,1730330,196
ILLINOIS,Palatine CCSD 15,1730420,1398
ILLINOIS,Township HSD 211,1730450,1250
ILLINOIS,Palestine CUSD 3,1730480,51
ILLINOIS,CCSD 180,1730510,114
ILLINOIS,Northwestern CUSD 2,1730540,82
ILLINOIS,Palos Heights SD 128,1730570,123
ILLINOIS,Palos CCSD 118,1730600,375
ILLINOIS,Pana CUSD 8,1730630,210
ILLINOIS,Panhandle CUSD 2,1730660,102
ILLINOIS,Paris-Union SD 95,1730750,256
ILLINOIS,Paris CUSD 4,1730780,71
ILLINOIS,Park Forest SD 163,1730810,312
ILLINOIS,Park Ridge CCSD 64,1730840,716
ILLINOIS,Patoka CUSD 100,1730870,55
ILLINOIS,Gen George Patton SD 133,1730900,38
ILLINOIS,Pawnee CUSD 11,1730930,130
ILLINOIS,Payson CUSD 1,1730990,87
ILLINOIS,Pearl City CUSD 200,1731020,68
ILLINOIS,Pecatonica CUSD 321,1731050,177
ILLINOIS,Pekin PSD 108,1731080,780
ILLINOIS,Pekin CSD 303,1731110,294
ILLINOIS,Pembroke CCSD 259,1731140,23
ILLINOIS,Pennoyer SD 79,1731200,40
ILLINOIS,Peoria SD 150,1731230,2331
ILLINOIS,Peoria Heights CUSD 325,1731270,168
ILLINOIS,Peotone CUSD 207U,1731290,280
ILLINOIS,Perandoe Spec Educ District,1731310,NA
ILLINOIS,Peru ESD 124,1731380,152
ILLINOIS,Porta CUSD 202,1731410,239
ILLINOIS,Southwestern CUSD 9,1731500,199
ILLINOIS,CCSD 204,1731560,26
ILLINOIS,Pinckneyville CHSD 101,1731620,65
ILLINOIS,Pikeland CUSD 10,1731710,225
ILLINOIS,Plainfield SD 202,1731740,4216
ILLINOIS,Plano CUSD 88,1731770,376
ILLINOIS,Pleasant Hill SD 69,1731860,51
ILLINOIS,Pleasant Hill CUSD 3,1731890,69
ILLINOIS,Pleasant Plains CUSD 8,1731920,152
ILLINOIS,Pleasant Valley SD 62,1731950,101
ILLINOIS,Pleasantdale SD 107,1732040,111
ILLINOIS,Potomac CUSD 10,1732090,41
ILLINOIS,Polo CUSD 222,1732100,82
ILLINOIS,Pontiac CCSD 429,1732160,358
ILLINOIS,Pontiac-W Holliday SD 105,1732190,115
ILLINOIS,Pontiac Twp HSD 90,1732220,102
ILLINOIS,Pope Co CUD 1,1732280,100
ILLINOIS,Posen-Robbins ESD 143-5,1732370,170
ILLINOIS,Prairie Du Rocher CCSD 134,1732490,40
ILLINOIS,Prairie Grove CSD 46,1732520,122
ILLINOIS,Prairie Hill CCSD 133,1732550,124
ILLINOIS,Adlai E Stevenson HSD 125,1732580,422
ILLINOIS,Princeton ESD 115,1732670,210
ILLINOIS,Princeton HSD 500,1732700,109
ILLINOIS,Princeville CUSD 326,1732770,93
ILLINOIS,Prophetstown-Lyndon-Tampico CUSD3,1732830,171
ILLINOIS,Prospect Heights SD 23,1732850,214
ILLINOIS,Proviso Twp HSD 209,1732910,816
ILLINOIS,Putnam County CUSD 535,1732960,131
ILLINOIS,Queen Bee SD 16,1732970,279
ILLINOIS,Quincy SD 172,1733000,1257
ILLINOIS,Raccoon Cons SD 1,1733030,41
ILLINOIS,Ramsey CUSD 204,1733090,84
ILLINOIS,Rankin CSD 98,1733120,27
ILLINOIS,Rantoul City SD 137,1733210,366
ILLINOIS,Rantoul Township HSD 193,1733240,135
ILLINOIS,Reavis Twp HSD 220,1733270,245
ILLINOIS,Red Bud CUSD 132,1733300,193
ILLINOIS,Reed Custer CUSD 255U,1733380,247
ILLINOIS,Rhodes SD 84-5,1733390,92
ILLINOIS,Rich Twp HSD 227,1733420,549
ILLINOIS,Richland GSD 88A,1733450,127
ILLINOIS,Richmond-Burton CHSD 157,1733510,73
ILLINOIS,Ridgeland SD 122,1733690,360
ILLINOIS,Ridgewood CHSD 234,1733720,102
ILLINOIS,Riley CCSD 18,1733750,48
ILLINOIS,River Forest SD 90,1733810,251
ILLINOIS,River Grove SD 85-5,1733840,92
ILLINOIS,River Trails SD 26,1733870,199
ILLINOIS,Riverdale CUSD 100,1733930,165
ILLINOIS,River Bend CUSD 2,1733950,137
ILLINOIS,Riverside SD 96,1733990,251
ILLINOIS,Riverside-Brookfield Twp SD 208,1734020,228
ILLINOIS,Riverton CUSD 14,1734100,329
ILLINOIS,Riverview CCSD 2,1734110,48
ILLINOIS,Roanoke Benson CUSD 60,1734140,75
ILLINOIS,Robein SD 85,1734170,42
ILLINOIS,Robinson CUSD 2,1734230,330
ILLINOIS,Rochelle CCSD 231,1734260,293
ILLINOIS,Rochelle Twp HSD 212,1734290,131
ILLINOIS,Rochester CUSD 3A,1734320,327
ILLINOIS,Rock Falls ESD 13,1734350,203
ILLINOIS,Rock Falls Twp HSD 301,1734380,128
ILLINOIS,Rock Island SD 41,1734410,1177
ILLINOIS,Rockridge CUSD 300,1734440,128
ILLINOIS,Rockdale SD 84,1734470,49
ILLINOIS,Rockford SD 205,1734510,4474
ILLINOIS,Rockton SD 140,1734540,239
ILLINOIS,Rome CCSD 2,1734590,62
ILLINOIS,Rondout SD 72,1734620,38
ILLINOIS,Rooks Creek CCSD 425,1734650,9
ILLINOIS,Roselle SD 12,1734710,111
ILLINOIS,Schaumburg CCSD 54,1734740,1856
ILLINOIS,Rosemont ESD 78,1734770,32
ILLINOIS,Rossville-Alvin CUSD 7,1734870,72
ILLINOIS,Round Lake CUSD 116,1734990,1175
ILLINOIS,Roxana CUSD 1,1735010,263
ILLINOIS,Rutland CCSD 230,1735100,15
ILLINOIS,Salem SD 111,1735160,235
ILLINOIS,Salem CHSD 600,1735190,104
ILLINOIS,Salt Creek SD 48,1735220,89
ILLINOIS,Sandoval CUSD 501,1735310,128
ILLINOIS,Sandridge SD 172,1735340,74
ILLINOIS,Sandwich CUSD 430,1735370,324
ILLINOIS,Saratoga CCSD 60C,1735400,146
ILLINOIS,CCSD 168,1735460,237
ILLINOIS,Scales Mound CUSD 211,1735610,36
ILLINOIS,Schiller Park SD 81,1735640,194
ILLINOIS,Selmaville CCSD 10,1735770,54
ILLINOIS,Seneca CCSD 170,1735820,86
ILLINOIS,Seneca Twp HSD 160,1735850,65
ILLINOIS,Sesser-Valier CUSD 196,1735940,94
ILLINOIS,Indian Creek CUSD 425,1735970,114
ILLINOIS,Shelbyville CUSD 4,1736090,147
ILLINOIS,Sherrard CUSD 200,1736180,161
ILLINOIS,Shiloh Village SD 85,1736210,118
ILLINOIS,Shirland CCSD 134,1736240,15
ILLINOIS,ESD 159,1736300,232
ILLINOIS,Signal Hill SD 181,1736330,75
ILLINOIS,Silvis SD 34,1736360,103
ILLINOIS,Skokie SD 68,1736450,288
ILLINOIS,Skokie SD 69,1736480,235
ILLINOIS,Smithton CCSD 130,1736510,87
ILLINOIS,Somonauk CUSD 432,1736570,122
ILLINOIS,County of Winnebago SD 320,1736600,111
ILLINOIS,Southeastern CUSD 337,1736610,87
ILLINOIS,South Fork SD 14,1736640,68
ILLINOIS,South Holland SD 150,1736720,118
ILLINOIS,South Holland SD 151,1736750,270
ILLINOIS,South Pekin SD 137,1736780,49
ILLINOIS,Burbank SD 111,1736810,609
ILLINOIS,South Wilmington CCSD 74,1736840,22
ILLINOIS,Sparta CUSD 140,1736900,211
ILLINOIS,Spoon River Valley CUSD 4,1736960,51
ILLINOIS,Spring Lake CCSD 606,1737020,15
ILLINOIS,Spring Valley CCSD 99,1737050,119
ILLINOIS,Springfield SD 186,1737080,3069
ILLINOIS,St Anne CCSD 256,1737120,47
ILLINOIS,St Anne CHSD 302,1737140,29
ILLINOIS,St Charles CUSD 303,1737170,1688
ILLINOIS,St Elmo CUSD 202,1737230,78
ILLINOIS,St George CCSD 258,1737320,62
ILLINOIS,Triad CUSD 2,1737350,607
ILLINOIS,St Joseph CCSD 169,1737380,94
ILLINOIS,St Joseph Ogden CHSD 305,1737410,41
ILLINOIS,St Libory Cons SD 30,1737440,10
ILLINOIS,St Rose SD 14-15,1737470,29
ILLINOIS,Stark County CUSD 100,1737490,116
ILLINOIS,Staunton CUSD 6,1737590,254
ILLINOIS,Steeleville CUSD 138,1737650,63
ILLINOIS,Steger SD 194,1737680,209
ILLINOIS,Steward ESD 220,1737800,10
ILLINOIS,Stewardson-Strasburg CUD 5A,1737830,63
ILLINOIS,Central Stickney SD 110,1737860,58
ILLINOIS,Stockton CUSD 206,1737980,93
ILLINOIS,Woodland CUSD 5,1738070,105
ILLINOIS,Streator Twp HSD 40,1738100,139
ILLINOIS,Sullivan CUSD 300,1738130,163
ILLINOIS,Summersville SD 79,1738190,42
ILLINOIS,Summit Hill SD 161,1738220,481
ILLINOIS,Sunnybrook SD 171,1738370,170
ILLINOIS,Sunset Ridge SD 29,1738400,84
ILLINOIS,Sycamore CUSD 427,1738460,571
ILLINOIS,V I T CUSD 2,1738490,62
ILLINOIS,Taft SD 90,1738520,63
ILLINOIS,Tamaroa School Dist 5,1738550,29
ILLINOIS,Taylorville CUSD 3,1738700,448
ILLINOIS,Teutopolis CUSD 50,1738760,148
ILLINOIS,Thomasboro CCSD 130,1738790,33
ILLINOIS,Thornton SD 154,1738910,36
ILLINOIS,Thornton Fractional Twp HSD 215,1738940,507
ILLINOIS,Thornton Twp HSD 205,1738970,838
ILLINOIS,CCSD 146,1739030,477
ILLINOIS,Cumberland CUSD 77,1739090,122
ILLINOIS,Tolono CUSD 7,1739120,224
ILLINOIS,Tonica CCSD 79,1739180,30
ILLINOIS,Tremont CUSD 702,1739390,148
ILLINOIS,Wesclin CUSD 3,1739420,242
ILLINOIS,Tri City CUSD 1,1739450,102
ILLINOIS,Tri Point CUSD 6-J,1739480,93
ILLINOIS,Troy CCSD 30C,1739510,622
ILLINOIS,Tuscola CUSD 301,1739600,139
ILLINOIS,Century CUSD 100,1739630,57
ILLINOIS,Union SD 81,1739660,18
ILLINOIS,Union Ridge SD 86,1739780,92
ILLINOIS,United Twp HSD 30,1739870,246
ILLINOIS,Unity Point CCSD 140,1739930,102
ILLINOIS,Urbana SD 116,1739960,784
ILLINOIS,Valley View CUSD 365U,1740070,2635
ILLINOIS,Valmeyer CUSD 3,1740080,53
ILLINOIS,Vandalia CUSD 203,1740140,253
ILLINOIS,Venice CUSD 3,1740200,21
ILLINOIS,Vermilion Assoc for Spec Educ,1740220,NA
ILLINOIS,Vienna SD 55,1740260,58
ILLINOIS,Vienna HSD 133,1740290,50
ILLINOIS,Villa Grove CUSD 302,1740320,130
ILLINOIS,SD 45 DuPage County,1740350,671
ILLINOIS,Virginia CUSD 64,1740410,59
ILLINOIS,CHSD 94,1740440,323
ILLINOIS,Wabash CUSD 348,1740470,262
ILLINOIS,Wabash & Ohio Valley Sp Ed Dist,1740480,NA
ILLINOIS,CCSD 89,1740500,333
ILLINOIS,Wallace CCSD 195,1740530,84
ILLINOIS,Waltham CCSD 185,1740620,35
ILLINOIS,Waltonville CUSD 1,1740650,70
ILLINOIS,North Wamac SD 186,1740680,28
ILLINOIS,Warren CUSD 205,1740740,72
ILLINOIS,Warren Twp HSD 121,1740800,510
ILLINOIS,Warrensburg-Latham CUSD 11,1740830,119
ILLINOIS,Warsaw CUSD 316,1740890,48
ILLINOIS,Lowpoint-Washburn CUSD 21,1740920,64
ILLINOIS,Washington CHSD 308,1740980,145
ILLINOIS,District 50 Schools,1741010,164
ILLINOIS,Washington SD 52,1741040,126
ILLINOIS,Waterloo CUSD 5,1741070,412
ILLINOIS,Wauconda CUSD 118,1741190,680
ILLINOIS,Waukegan CUSD 60,1741250,2143
ILLINOIS,Waverly CUSD 6,1741280,60
ILLINOIS,Wayne City CUSD 100,1741360,96
ILLINOIS,Calumet City SD 155,1741520,170
ILLINOIS,West Chicago ESD 33,1741550,668
ILLINOIS,Frankfort CUSD 168,1741580,325
ILLINOIS,West Lincoln-Broadwell ESD 92,1741600,29
ILLINOIS,Indian Prairie CUSD 204,1741690,3228
ILLINOIS,West Northfield SD 31,1741700,113
ILLINOIS,West Washington Co CUD 10,1741750,98
ILLINOIS,Westchester SD 92-5,1741790,214
ILLINOIS,Western Springs SD 101,1741820,149
ILLINOIS,CUSD 201,1741980,270
ILLINOIS,Wethersfield CUSD 230,1742060,67
ILLINOIS,CUSD 200,1742180,1965
ILLINOIS,Wheeling CCSD 21,1742210,793
ILLINOIS,North Greene CUSD 3,1742240,215
ILLINOIS,Whiteside SD 115,1742300,302
ILLINOIS,Sterling CUSD 5,1742310,646
ILLINOIS,Williamsfield CUSD 210,1742450,41
ILLINOIS,Williamsville CUSD 15,1742480,206
ILLINOIS,Willow Grove SD 46,1742510,42
ILLINOIS,Willow Springs SD 108,1742570,93
ILLINOIS,Wilmette SD 39,1742600,543
ILLINOIS,Wilmington CUSD 209U,1742630,255
ILLINOIS,Winchester CUSD 1,1742660,113
ILLINOIS,Windsor CUSD 1,1742690,64
ILLINOIS,Winfield SD 34,1742720,58
ILLINOIS,Winnebago CUSD 323,1742790,221
ILLINOIS,Winnebago County Spec Educ Coop,1742810,NA
ILLINOIS,Winnetka SD 36,1742840,376
ILLINOIS,Winthrop Harbor SD 1,1742900,89
ILLINOIS,Wolf Branch SD 113,1742960,111
ILLINOIS,Shawnee CUSD 84,1742990,63
ILLINOIS,Wood Dale SD 7,1743020,136
ILLINOIS,Wood River-Hartford ESD 15,1743050,147
ILLINOIS,Woodland CCSD 50,1743110,703
ILLINOIS,Woodstock CUSD 200,1743330,848
ILLINOIS,Worth SD 127,1743380,216
ILLINOIS,Zeigler-Royalton CUSD 188,1743800,122
ILLINOIS,Zion ESD 6,1743860,418
ILLINOIS,Zion-Benton Twp HSD 126,1743890,394
ILLINOIS,Yorkville CUSD 115,1743960,1056
ILLINOIS,Midwest Central CUSD 191,1743962,155
ILLINOIS,Belleville Area Special Services,1743963,NA
INDIANA,Indiana Department of Correction,1800006,251
INDIANA,Greene-Sullivan Sp Ed Coop,1800007,NA
INDIANA,White River Valley School District,1800008,130
INDIANA,Blue River Career Programs,1800009,NA
INDIANA,Greater Randolph Interlocal Coop,1800010,NA
INDIANA,Community Montessori Inc,1800011,126
INDIANA,Timothy L Johnson Academy,1800013,29
INDIANA,Irvington Community School,1800014,168
INDIANA,Options Charter School - Carmel,1800016,66
INDIANA,Christel House Academy South,1800018,92
INDIANA,Signature School Inc,1800021,3
INDIANA,IN Sch for the Blind & Vis Imprd,1800023,NA
INDIANA,Indiana School For The Deaf,1800024,NA
INDIANA,Thea Bowman Leadership Academy,1800025,112
INDIANA,Charter School of the Dunes,1800027,86
INDIANA,KIPP Indy College Prep Middle,1800028,52
INDIANA,M S D Southwest Allen County Schls,1800030,762
INDIANA,SE Neighborhood Sch of Excellence,1800033,88
INDIANA,Area 30 Career Center Edu Inter,1800034,NA
INDIANA,Lost River Career Cooperative,1800036,NA
INDIANA,Joshua Academy,1800037,16
INDIANA,Burris Laboratory School,1800038,117
INDIANA,Indiana Academy for Sci Math Hmn,1800041,4
INDIANA,Andrew J Brown Academy,1800042,83
INDIANA,Rural Community Schools Inc,1800043,36
INDIANA,Charles A Tindley Accelerated Sch,1800045,41
INDIANA,21st Century Charter Sch of Gary,1800046,131
INDIANA,East Chicago Urban Enterprise Acad,1800048,41
INDIANA,Victory College Prep Academy,1800051,93
INDIANA,Gary Lighthouse Charter School,1800052,178
INDIANA,East Chicago Lighthouse Charter,1800054,75
INDIANA,Options Charter School Noblesville,1800056,126
INDIANA,Avondale Meadows Academy,1800057,79
INDIANA,Herron Charter,1800058,112
INDIANA,Hope Academy,1800059,10
INDIANA,Adams Central Community Schools,1800060,147
INDIANA,Geist Montessori Academy,1800061,60
INDIANA,Indianapolis Metropolitan High Sch,1800064,69
INDIANA,Renaissance Academy Charter School,1800065,23
INDIANA,IN Math & Science Academy,1800067,71
INDIANA,Aspire Charter Academy,1800071,89
INDIANA,Hoosier Academy - Indianapolis,1800072,20
INDIANA,Anderson Preparatory Academy,1800077,197
INDIANA,Old National Trail Spec Serv Coop,1800078,NA
INDIANA,Wabash River CTE Center,1800079,NA
INDIANA,Hammond Academy of Science & Tech,1800082,50
INDIANA,The Bloomington Project School,1800083,75
INDIANA,Paramount Brookside,1800086,129
INDIANA,Discovery Charter School,1800088,77
INDIANA,Excel Center for Adult Learners,1800093,112
INDIANA,IN Math & Science Academy - North,1800094,74
INDIANA,Indiana Connections Academy,1800098,887
INDIANA,Rock Creek Community Academy,1800099,153
INDIANA,Career Academy High School,1800101,78
INDIANA,Gary Middle College,1800102,20
INDIANA,Southside Sp Srvs Of Marion Co,1800105,NA
INDIANA,Tri-Township Cons School Corp,1800107,84
INDIANA,Damar Charter Academy,1800108,191
INDIANA,CSUSA Manual,1800112,NA
INDIANA,Neighbors' New Vistas High School,1800113,50
INDIANA,Excel Center - Anderson,1800116,34
INDIANA,North Central Parke Comm Schl Corp,1800118,218
INDIANA,Edison Learning Roosevelt,1800119,NA
INDIANA,Alexandria Community School Corp,1800120,309
INDIANA,Christel House DORS,1800122,15
INDIANA,Inspire Academy - A Sch of Inquiry,1800123,52
INDIANA,Phalen Leadership Academy - IN Inc,1800124,27
INDIANA,CSUSA Howe,1800126,NA
INDIANA,CSUSA Donnan,1800127,NA
INDIANA,Canaan Community Academy,1800129,40
INDIANA,Smith Academy for Excellence,1800131,22
INDIANA,Ripley-Ohio-Dearborn Sp Ed Coop,1800133,NA
INDIANA,Excel Center - Richmond,1800134,29
INDIANA,Excel Center - Kokomo,1800135,38
INDIANA,Enlace Academy,1800137,73
INDIANA,Excel Center - Lafayette Square,1800138,17
INDIANA,Excel Center - Lafayette,1800142,58
INDIANA,Tindley Genesis Academy,1800145,38
INDIANA,Vision Academy,1800146,95
INDIANA,KIPP Indy Unite Elementary,1800147,71
INDIANA,Tindley Summit Academy,1800148,36
INDIANA,Christel House Academy West,1800149,61
INDIANA,Anderson Community School Corp,1800150,1822
INDIANA,Excel Center - University Heights,1800159,18
INDIANA,Success Academy Primary School,1800161,116
INDIANA,Excel Center - Noblesville,1800163,39
INDIANA,Career Academy Middle School,1800164,82
INDIANA,Dugger Union Community School Corp,1800165,113
INDIANA,Mays Community Academy,1800168,84
INDIANA,Excel Center - South Bend,1800169,8
INDIANA,Global Preparatory Academy,1800170,67
INDIANA,Steel City Academy,1800171,61
INDIANA,ACE Preparatory Academy,1800172,13
INDIANA,Excel Center - Shelbyville,1800175,17
INDIANA,Seven Oaks Classical School,1800176,60
INDIANA,Kindezi Academy,1800177,61
INDIANA,Higher Institute of Arts & Tech,1800178,26
INDIANA,Insight School of Indiana,1800179,196
INDIANA,Argos Community Schools,1800180,118
INDIANA,Circle City Prep Charter School,1800181,22
INDIANA,Excel Center - Clarksville,1800182,29
INDIANA,Purdue Polytechnic High School Ind,1800183,54
INDIANA,Avondale Meadows Middle School,1800184,39
INDIANA,Excel Center - Hammond,1800185,11
INDIANA,Riverside High School,1800187,71
INDIANA,J & R Phalen Leadership Academy,1800188,75
INDIANA,Otwell Miller Academy,1800189,18
INDIANA,Ignite Achievement Academy,1800190,54
INDIANA,Indiana Connections Career Academy,1800191,47
INDIANA,Urban ACT Academy,1800192,47
INDIANA,Vanguard Collegiate of Indy,1800193,20
INDIANA,Matchbook Learning,1800194,76
INDIANA,Gary Middle College West,1800195,11
INDIANA,Paramount Community Heights,1800196,25
INDIANA,Excel Center - Muncie,1800197,15
INDIANA,Indiana Agriculture and Technology,1800198,41
INDIANA,Allegiant Preparatory Academy,1800199,8
INDIANA,Excel Center - Gary,1800200,6
INDIANA,pilotED Schools,1800202,11
INDIANA,Timothy L. Johnson Academy Middle,1800203,7
INDIANA,James & Rosemary Phalen Elementary,1800204,67
INDIANA,Dynamic Minds Academy,1800205,110
INDIANA,KIPP Indy Legacy High,1800206,31
INDIANA,Invent Learning Hub,1800207,17
INDIANA,Paramount Englewood,1800208,12
INDIANA,Excel Center - Bloomington,1800209,7
INDIANA,Attica Consolidated School Corp,1800210,149
INDIANA,Purdue Polytechnic High Sch North,1800211,13
INDIANA,Borden-Henryville School Corp,1800212,NA
INDIANA,Silver Creek School Corporation,1800213,NA
INDIANA,South Dearborn Community Sch Corp,1800240,552
INDIANA,Avon Community School Corp,1800270,1700
INDIANA,Barr-Reeve Community Schools Inc,1800330,103
INDIANA,Bartholomew Con School Corp,1800360,1723
INDIANA,Batesville Community School Corp,1800390,384
INDIANA,Baugo Community Schools,1800420,273
INDIANA,Beech Grove City Schools,1800450,477
INDIANA,Benton Community School Corp,1800480,401
INDIANA,Blackford County Schools,1800570,353
INDIANA,Bloomfield School District,1800600,143
INDIANA,Monroe County Community Sch Corp,1800630,1968
INDIANA,Blue River Valley Schools,1800660,88
INDIANA,North Harrison Com School Corp,1800690,464
INDIANA,M S D Bluffton-Harrison,1800720,269
INDIANA,M S D Boone Township,1800750,195
INDIANA,Clay Community Schools,1800840,890
INDIANA,Bremen Public Schools,1800900,196
INDIANA,Brown County School Corporation,1800960,443
INDIANA,Brownsburg Community School Corp,1801020,1314
INDIANA,Brownstown Cnt Com Sch Corp,1801050,250
INDIANA,C A Beard Memorial School Corp,1801060,272
INDIANA,Cannelton City Schools,1801170,85
INDIANA,Carmel Clay Schools,1801200,2031
INDIANA,Medora Community School Corp,1801230,41
INDIANA,Carroll Consolidated School Corp,1801290,139
INDIANA,Caston School Corporation,1801410,96
INDIANA,Center Grove Community School Corp,1801440,1439
INDIANA,Central Nine Career Center,1801470,NA
INDIANA,Centerville-Abington Com Schs,1801560,201
INDIANA,DeKalb Co Ctl United Sch Dist,1801590,685
INDIANA,Central Noble Com School Corp,1801710,241
INDIANA,Perry Central Com Schools Corp,1801740,170
INDIANA,Randolph Central School Corp,1801770,340
INDIANA,Clark-Pleasant Community Sch Corp,1801890,1070
INDIANA,Clarksville Community School Corp,1801920,270
INDIANA,Northwestern School Corp,1802040,211
INDIANA,Clinton Central School Corporation,1802130,151
INDIANA,Clinton Prairie School Corporation,1802160,178
INDIANA,South Central Com School Corp,1802190,115
INDIANA,Cloverdale Community Schools,1802220,235
INDIANA,Whitley County Con Schools,1802280,678
INDIANA,Concord Community Schools,1802400,642
INDIANA,Covered Bridge Spec Ed Dist,1802420,NA
INDIANA,Covington Community School Corp,1802430,153
INDIANA,Crawford County Community Sch Corp,1802440,382
INDIANA,Crawfordsville Community Schools,1802460,591
INDIANA,Crown Point Community School Corp,1802490,1165
INDIANA,Culver Community Schools Corp,1802520,144
INDIANA,Danville Community School Corp,1802550,428
INDIANA,Daviess-Martin Special Ed Coop,1802580,NA
INDIANA,Decatur County Community Schools,1802610,356
INDIANA,M S D Decatur Township,1802640,1253
INDIANA,Delaware Community School Corp,1802660,403
INDIANA,Delphi Community School Corp,1802700,176
INDIANA,Duneland School Corporation,1802800,1003
INDIANA,Zionsville Community Schools,1802830,955
INDIANA,East Allen County Schools,1802850,1405
INDIANA,School City of East Chicago,1802880,787
INDIANA,Lake Station Community Schools,1802910,232
INDIANA,East Gibson School Corporation,1802940,262
INDIANA,East Noble School Corporation,1802970,720
INDIANA,East Washington School Corp,1803000,318
INDIANA,Eastbrook Community Sch Corp,1803030,232
INDIANA,DeKalb Co Eastern Com Sch Dist,1803060,247
INDIANA,Eastern Greene Schools,1803090,195
INDIANA,Eastern Hancock Co Com Sch Corp,1803120,237
INDIANA,Eastern Howard School Corporation,1803150,180
INDIANA,Randolph Eastern School Corp,1803180,154
INDIANA,Shelby Eastern Schools,1803210,209
INDIANA,Edinburgh Community School Corp,1803240,178
INDIANA,Elkhart Community Schools,1803270,2264
INDIANA,Elwood Community School Corp,1803300,296
INDIANA,Eminence Community School Corp,1803330,80
INDIANA,Evansville Vanderburgh School Corp,1803450,4063
INDIANA,Fairfield Community Schools,1803480,258
INDIANA,Fayette County School Corporation,1803510,740
INDIANA,Flat Rock-Hawcreek School Corp,1803570,151
INDIANA,Fort Wayne Community Schools,1803630,5740
INDIANA,Community Schools of Frankfort,1803660,500
INDIANA,Franklin Community School Corp,1803690,907
INDIANA,Franklin County Community Sch Corp,1803700,432
INDIANA,Lanesville Community School Corp,1803720,86
INDIANA,Franklin Township Com Sch Corp,1803750,1928
INDIANA,Fremont Community Schools,1803780,145
INDIANA,Frontier School Corporation,1803810,101
INDIANA,Garrett-Keyser-Butler Com Sch Corp,1803840,359
INDIANA,Gary Community School Corp,1803870,923
INDIANA,Goshen Community Schools,1803930,981
INDIANA,Greater Clark County Schools,1803940,1978
INDIANA,Greater Jasper Consolidated Schs,1803960,527
INDIANA,Greencastle Community School Corp,1803990,351
INDIANA,Greenfield-Central Com Schools,1804050,860
INDIANA,Greensburg Community Schools,1804080,436
INDIANA,Greenwood Community Sch Corp,1804110,664
INDIANA,Monroe-Gregg School District,1804140,244
INDIANA,Griffith Public Schools,1804170,348
INDIANA,Hamilton Community Schools,1804230,65
INDIANA,Hamilton Heights School Corp,1804260,347
INDIANA,School City of Hammond,1804320,1974
INDIANA,Hanover Community School Corp,1804350,369
INDIANA,Western School Corporation,1804470,328
INDIANA,Wes-Del Community Schools,1804500,147
INDIANA,School Town of Highland,1804560,489
INDIANA,School City of Hobart,1804590,658
INDIANA,River Forest Community Sch Corp,1804620,222
INDIANA,Huntington Co Com Sch Corp,1804710,1089
INDIANA,Indianapolis Public Schools,1804770,5615
INDIANA,Jac-Cen-Del Community Sch Corp,1804800,144
INDIANA,Jay School Corporation,1804980,956
INDIANA,Jennings County School Corporation,1805190,993
INDIANA,Earlywood Educational Services,1805240,NA
INDIANA,Kankakee Valley School Corp,1805280,564
INDIANA,Knox Community School Corp,1805340,239
INDIANA,Kokomo School Corporation,1805370,1211
INDIANA,Lafayette School Corporation,1805400,1663
INDIANA,Lake Central School Corporation,1805450,1485
INDIANA,Lake Ridge New Tech Schools,1805460,305
INDIANA,Lakeland School Corporation,1805520,424
INDIANA,Wawasee Community School Corp,1805550,572
INDIANA,LaPorte Community School Corp,1805580,1118
INDIANA,M S D Lawrence Township,1805670,2202
INDIANA,Lawrenceburg Community School Corp,1805700,373
INDIANA,Lebanon Community School Corp,1805790,800
INDIANA,Liberty-Perry Community Sch Corp,1805880,171
INDIANA,Linton-Stockton School Corporation,1805910,159
INDIANA,Logansport Community Sch Corp,1806030,559
INDIANA,Loogootee Community Sch Corp,1806060,152
INDIANA,M S D Warren County,1806080,261
INDIANA,Maconaquah School Corp,1806090,388
INDIANA,Madison Area Ed Spec Srv Unit,1806100,NA
INDIANA,Madison Consolidated Schools,1806120,544
INDIANA,Madison-Grant United School Corp,1806240,215
INDIANA,Manchester Community Schools,1806270,218
INDIANA,Marion Community Schools,1806390,797
INDIANA,Sheridan Community Schools,1806480,212
INDIANA,M S D Martinsville Schools,1806510,840
INDIANA,Michigan City Area Schools,1806570,1349
INDIANA,Middlebury Community Schools,1806600,593
INDIANA,Milan Community Schools,1806630,199
INDIANA,Mill Creek Community Sch Corp,1806660,322
INDIANA,School City of Mishawaka,1806840,795
INDIANA,Mississinewa Community School Corp,1806870,345
INDIANA,Mitchell Community Schools,1806900,362
INDIANA,Cowan Community School Corp,1807020,70
INDIANA,Monroe Central School Corp,1807080,170
INDIANA,Eastern Pulaski Community Sch Corp,1807110,160
INDIANA,Mooresville Con School Corp,1807140,665
INDIANA,Yorktown Community Schools,1807230,289
INDIANA,Mt Vernon Community School Corp,1807260,644
INDIANA,M S D Mount Vernon,1807290,552
INDIANA,Muncie Community Schools,1807320,1376
INDIANA,School Town of Munster,1807350,560
INDIANA,Nettle Creek School Corporation,1807380,193
INDIANA,New Albany-Floyd Co Con Sch,1807410,2355
INDIANA,New Castle Community School Corp,1807440,685
INDIANA,M S D of New Durham Township,1807470,145
INDIANA,New Prairie United School Corp,1807560,459
INDIANA,Nineveh-Hensley-Jackson United,1807620,269
INDIANA,Noblesville Schools,1807650,1864
INDIANA,North Adams Community Schools,1807680,364
INDIANA,North Daviess Com Schools,1807710,169
INDIANA,North Gibson School Corporation,1807770,580
INDIANA,North Judson-San Pierre Sch Corp,1807800,196
INDIANA,North Knox School Corp,1807830,296
INDIANA,North Lawrence Com Schools,1807860,1073
INDIANA,North Miami Community Schools,1807890,134
INDIANA,North Montgomery Com Sch Corp,1807900,383
INDIANA,North Newton School Corp,1807920,245
INDIANA,M S D North Posey Co Schools,1807950,306
INDIANA,North Putnam Community Schools,1807980,332
INDIANA,North Spencer County Sch Corp,1808010,407
INDIANA,Tri-Central Community Schools,1808040,111
INDIANA,North Vermillion Com Sch Corp,1808070,127
INDIANA,North West Hendricks Schools,1808100,269
INDIANA,Northeast Dubois Co Sch Corp,1808120,182
INDIANA,North White School Corp,1808130,128
INDIANA,Northeast School Corp,1808160,181
INDIANA,Northeastern Wayne Schools,1808190,163
INDIANA,Northern Wells Community Schools,1808220,357
INDIANA,Northwest Allen County Schools,1808250,1211
INDIANA,Shenandoah School Corporation,1808280,217
INDIANA,Northwestern Con School Corp,1808310,191
INDIANA,NW Indiana Special Education Coop,1808320,NA
INDIANA,Oak Hill United School Corp,1808340,176
INDIANA,Oregon-Davis School Corp,1808460,95
INDIANA,Orleans Community Schools,1808490,181
INDIANA,Paoli Community School Corp,1808640,281
INDIANA,Penn-Harris-Madison School Corp,1808760,1474
INDIANA,Perry Township Schools,1808820,2758
INDIANA,Peru Community Schools,1808850,370
INDIANA,Pike County School Corp,1808900,374
INDIANA,M S D Pike Township,1808910,1787
INDIANA,Pioneer Regional School Corp,1808940,147
INDIANA,Plainfield Community School Corp,1808970,968
INDIANA,East Porter County School Corp,1809000,404
INDIANA,Plymouth Community School Corp,1809060,458
INDIANA,John Glenn School Corporation,1809120,239
INDIANA,Porter County Education Services,1809130,NA
INDIANA,Portage Township Schools,1809150,1422
INDIANA,Porter Township School Corp,1809180,279
INDIANA,Prairie Heights Community Sch Corp,1809300,274
INDIANA,West Central School Corp,1809360,138
INDIANA,Rensselaer Central School Corp,1809420,300
INDIANA,Richland-Bean Blossom C S C,1809480,510
INDIANA,Richmond Community Schools,1809510,1310
INDIANA,Rising Sun-Ohio Co Com,1809600,167
INDIANA,Rochester Community School Corp,1809630,288
INDIANA,Merrillville Community School Corp,1809690,1050
INDIANA,Rossville Con School District,1809720,138
INDIANA,Rush County Schools,1809750,323
INDIANA,Salem Community Schools,1809810,479
INDIANA,Daleville Community Schools,1809840,71
INDIANA,Scott County School District 1,1809990,287
INDIANA,Scott County School District 2,1810020,540
INDIANA,Seymour Community Schools,1810080,997
INDIANA,M S D Shakamak Schools,1810110,132
INDIANA,Shelbyville Central Schools,1810140,708
INDIANA,Shoals Community School Corp,1810170,164
INDIANA,Smith-Green Community Schools,1810230,169
INDIANA,South Adams Schools,1810260,232
INDIANA,South Bend Community School Corp,1810290,3976
INDIANA,South Central Area Special Ed,1810310,NA
INDIANA,South Gibson School Corporation,1810350,476
INDIANA,South Harrison Com Schools,1810360,617
INDIANA,South Henry School Corp,1810380,93
INDIANA,South Knox School Corp,1810410,139
INDIANA,South Madison Com Sch Corp,1810440,708
INDIANA,South Montgomery Com Sch Corp,1810450,322
INDIANA,South Newton School Corp,1810470,149
INDIANA,South Putnam Community Schools,1810500,218
INDIANA,South Ripley Com Sch Corp,1810530,242
INDIANA,South Spencer County Sch Corp,1810560,282
INDIANA,South Vermillion Com Sch Corp,1810590,318
INDIANA,Southeast Fountain School Corp,1810620,194
INDIANA,Southeast Dubois Co Sch Corp,1810640,195
INDIANA,Hamilton Southeastern Schools,1810650,2533
INDIANA,Southeastern Career Center,1810660,NA
INDIANA,Lewis Cass Schools,1810680,154
INDIANA,Southern Hancock Co Com Sch Corp,1810710,590
INDIANA,Randolph Southern School Corp,1810740,88
INDIANA,Southern Wells Com Schools,1810770,83
INDIANA,Southwestern-Jefferson Co Con,1810800,196
INDIANA,Southwestern Con Sch Shelby Co,1810830,78
INDIANA,Southwest School Corporation,1810860,272
INDIANA,Southwest Dubois Co Sch Corp,1810870,266
INDIANA,Southwest Parke Com Sch Corp,1810900,169
INDIANA,School Town of Speedway,1810920,269
INDIANA,Spencer-Owen Community Schools,1810950,606
INDIANA,Springs Valley Com School Corp,1810980,172
INDIANA,M S D Steuben County,1811100,423
INDIANA,Sunman-Dearborn Com Sch Corp,1811190,700
INDIANA,Switzerland County School Corp,1811220,326
INDIANA,Taylor Community School Corp,1811250,217
INDIANA,Tell City-Troy Twp School Corp,1811260,364
INDIANA,Tippecanoe School Corp,1811340,2450
INDIANA,Tippecanoe Valley School Corp,1811370,396
INDIANA,Tipton Community School Corp,1811400,245
INDIANA,Tri-County School Corporation,1811430,120
INDIANA,Tri-Creek School Corporation,1811460,490
INDIANA,Triton School Corporation,1811490,111
INDIANA,Twin Lakes School Corp,1811580,333
INDIANA,Twin Rivers Career & Tech Ed Area,1811600,NA
INDIANA,Union Co/Clg Corner Joint Sch Dist,1811610,269
INDIANA,Union Township School Corp,1811700,279
INDIANA,Union School Corporation,1811730,125
INDIANA,Union-North United School Corp,1811910,177
INDIANA,Heartland Career Center,1811930,NA
INDIANA,Valparaiso Community Schools,1811970,1121
INDIANA,Crothersville Community Schools,1812060,99
INDIANA,Vigo County School Corp,1812090,3028
INDIANA,Vincennes Community School Corp,1812120,519
INDIANA,Wabash City Schools,1812150,322
INDIANA,M S D Wabash County Schools,1812180,262
INDIANA,Wa-Nee Community Schools,1812240,396
INDIANA,M S D Warren Township,1812360,2040
INDIANA,Warrick County School Corp,1812390,2066
INDIANA,Warsaw Community Schools,1812420,1282
INDIANA,Washington Community Schools,1812450,713
INDIANA,M S D Washington Township,1812720,1956
INDIANA,M S D Wayne Township,1812810,2397
INDIANA,West Lafayette Com School Corp,1812870,251
INDIANA,Frankton-Lapel Community Schools,1812880,394
INDIANA,West Noble School Corporation,1812900,362
INDIANA,West Washington School Corp,1812930,166
INDIANA,Western Boone Co Com Sch Dist,1812990,262
INDIANA,Western Wayne Schools,1813050,172
INDIANA,Westfield-Washington Schools,1813080,1453
INDIANA,Westview School Corporation,1813110,302
INDIANA,School City of Whiting,1813200,129
INDIANA,Whitko Community School Corp,1813230,326
IOWA,North Fayette Valley Comm School District,1900006,210
IOWA,Colfax-Mingo Comm School District,1900009,112
IOWA,Sibley-Ocheyedan Comm School District,1900015,93
IOWA,Okoboji Comm School District,1900021,125
IOWA,Union Comm School District,1900022,185
IOWA,Sioux Central Comm School District,1900023,70
IOWA,South Central Calhoun Comm School District,1900024,142
IOWA,Panorama Comm School District,1900025,114
IOWA,South O'Brien Comm School District,1900026,116
IOWA,Riverside Comm School District,1900027,113
IOWA,Prairie Valley Comm School District,1900028,71
IOWA,Albert City-Truesdale Comm School District,1900031,35
IOWA,Alden Comm School District,1900032,35
IOWA,East Marshall Comm School District,1900040,83
IOWA,GMG Comm School District,1900060,24
IOWA,AGWSR Comm School District,1903060,92
IOWA,Adair-Casey Comm School District,1903090,44
IOWA,Adel DeSoto Minburn Comm School District,1903150,183
IOWA,Akron Westfield Comm School District,1903220,78
IOWA,Albia Comm School District,1903270,153
IOWA,Alburnett Comm School District,1903300,56
IOWA,Algona Comm School District,1903360,244
IOWA,Allamakee Comm School District,1903390,158
IOWA,North Butler Comm School District,1903450,71
IOWA,Alta-Aurelia Comm School District,1903480,101
IOWA,Ames Comm School District,1903540,593
IOWA,Anamosa Comm School District,1903570,169
IOWA,Andrew Comm School District,1903630,38
IOWA,Ankeny Comm School District,1903690,1367
IOWA,Aplington-Parkersburg Comm School District,1903750,106
IOWA,Ar-We-Va Comm School District,1903780,43
IOWA,North Union Comm School District,1903850,67
IOWA,Atlantic Comm School District,1903930,209
IOWA,Audubon Comm School District,1903960,85
IOWA,AHSTW Comm School District,1904080,101
IOWA,Ballard Comm School District,1904200,191
IOWA,Baxter Comm School District,1904380,43
IOWA,BCLUW Comm School District,1904440,78
IOWA,Bedford Comm School District,1904560,77
IOWA,Belle Plaine Comm School District,1904620,52
IOWA,Bellevue Comm School District,1904650,72
IOWA,Belmond-Klemme Comm School District,1904680,91
IOWA,Bennett Comm School District,1904740,31
IOWA,Benton Comm School District,1904830,201
IOWA,Bettendorf Comm School District,1904860,511
IOWA,Eddyville-Blakesburg- Fremont CSD,1904950,125
IOWA,Bondurant-Farrar Comm School District,1905070,286
IOWA,Boone Comm School District,1905130,383
IOWA,Boyden-Hull Comm School District,1905190,81
IOWA,West Hancock Comm School District,1905430,55
IOWA,Brooklyn-Guernsey-Malcom Comm School District,1905490,76
IOWA,North Iowa Comm School District,1905750,51
IOWA,Burlington Comm School District,1905790,786
IOWA,CAM Comm School District,1905940,57
IOWA,CAL Comm School District,1905970,36
IOWA,Calamus-Wheatland Comm School District,1906000,49
IOWA,Camanche Comm School District,1906060,109
IOWA,Cardinal Comm School District,1906240,89
IOWA,Carlisle Comm School District,1906270,226
IOWA,Carroll Comm School District,1906330,256
IOWA,Cedar Falls Comm School District,1906510,651
IOWA,Cedar Rapids Comm School District,1906540,2659
IOWA,Center Point-Urbana Comm School District,1906660,163
IOWA,Centerville Comm School District,1906750,210
IOWA,Central City Comm School District,1906780,53
IOWA,Central DeWitt School District,1906810,190
IOWA,Central Comm School District,1906840,62
IOWA,Central Decatur Comm School District,1906900,102
IOWA,Central Lee Comm School District,1906930,91
IOWA,Central Lyon Comm School District,1906960,94
IOWA,Chariton Comm School District,1907050,194
IOWA,Charles City Comm School District,1907080,291
IOWA,Charter Oak-Ute Comm School District,1907110,46
IOWA,Cherokee Comm School District,1907170,139
IOWA,Clarinda Comm School District,1907350,119
IOWA,Clarion-Goldfield-Dows Comm School District,1907380,126
IOWA,Clarke Comm School District,1907410,222
IOWA,Clarksville Comm School District,1907440,34
IOWA,Clay Central-Everly Comm School District,1907470,34
IOWA,Clear Creek Amana Comm School District,1907590,319
IOWA,Clear Lake Comm School District,1907620,185
IOWA,Clinton Comm School District,1907710,672
IOWA,College Comm School District,1907860,640
IOWA,Collins-Maxwell Comm School District,1907900,62
IOWA,Colo-NESCO Comm School District,1907920,60
IOWA,Columbus Comm School District,1907980,103
IOWA,Coon Rapids-Bayard Comm School District,1908070,73
IOWA,Corning Comm School District,1908130,67
IOWA,Council Bluffs Comm School District,1908220,1794
IOWA,Creston Comm School District,1908310,245
IOWA,Dallas Center-Grimes Comm School District,1908520,312
IOWA,Danville Comm School District,1908550,70
IOWA,Davenport Comm School District,1908580,2762
IOWA,Davis County Comm School District,1908610,156
IOWA,Decorah Community School District,1908730,217
IOWA,Delwood Comm School District,1908880,27
IOWA,Denison Comm School District,1908910,255
IOWA,Denver Comm School District,1908940,82
IOWA,Des Moines Independent Comm School District,1908970,5612
IOWA,Diagonal Comm School District,1909060,14
IOWA,Dike-New Hartford Comm School District,1909120,133
IOWA,Dubuque Comm School District,1909480,1900
IOWA,Dunkerton Comm School District,1909540,57
IOWA,Boyer Valley Comm School District,1909570,58
IOWA,Durant Comm School District,1909600,72
IOWA,Eagle Grove Comm School District,1909990,149
IOWA,Earlham Comm School District,1910050,48
IOWA,East Buchanan Comm School District,1910110,87
IOWA,Easton Valley Comm School District,1910130,96
IOWA,River Valley Comm School District,1910340,59
IOWA,East Union Comm School District,1910350,63
IOWA,Eastern Allamakee Comm School District,1910410,34
IOWA,Edgewood-Colesburg Comm School District,1910500,43
IOWA,Eldora-New Providence Comm School District,1910690,109
IOWA,Emmetsburg Comm School District,1910950,124
IOWA,English Valleys Comm School District,1910980,75
IOWA,Essex Comm School District,1911040,30
IOWA,Estherville Lincoln Central Com Sch Dist,1911070,205
IOWA,Exira-Elk Horn- Kimballton Comm Sch Dist,1911250,65
IOWA,Fairfield Comm School District,1911340,287
IOWA,Forest City Comm School District,1911790,173
IOWA,Fort Dodge Comm School District,1911820,616
IOWA,Fort Madison Comm School District,1911850,380
IOWA,Fremont-Mills Comm School District,1912120,74
IOWA,Galva-Holstein Comm School District,1912230,51
IOWA,Garner-Hayfield-Ventura Comm School District,1912330,89
IOWA,George-Little Rock Comm School District,1912480,58
IOWA,Gilbert Comm School District,1912510,143
IOWA,Gilmore City-Bradgate Comm School District,1912600,35
IOWA,Gladbrook-Reinbeck Comm School District,1912660,94
IOWA,Glenwood Comm School District,1912690,231
IOWA,Glidden-Ralston Comm School District,1912750,33
IOWA,Graettinger-Terril Comm School District,1912810,48
IOWA,Nodaway Valley Comm School District,1913110,92
IOWA,Grinnell-Newburg Comm School District,1913200,234
IOWA,Griswold Comm School District,1913230,103
IOWA,Grundy Center Comm School District,1913290,93
IOWA,Guthrie Center Comm School District,1913320,55
IOWA,Clayton Ridge Comm School District,1913350,82
IOWA,H-L-V Comm School District,1913380,49
IOWA,Hamburg Comm School District,1913440,43
IOWA,Hampton-Dumont Comm School District,1913470,154
IOWA,Harlan Comm School District,1913500,212
IOWA,Hartley-Melvin-Sanborn Comm School District,1913660,113
IOWA,Highland Comm School District,1914010,101
IOWA,Hinton Comm School District,1914160,54
IOWA,Howard-Winneshiek Comm School District,1914280,209
IOWA,Hubbard-Radcliffe Comm School District,1914310,47
IOWA,Hudson Comm School District,1914340,93
IOWA,Humboldt Comm School District,1914370,157
IOWA,Independence Comm School District,1914580,215
IOWA,Indianola Comm School District,1914640,473
IOWA,Interstate 35 Comm School District,1914670,95
IOWA,Iowa City Comm School District,1914700,1542
IOWA,Iowa Falls Comm School District,1914730,140
IOWA,Iowa Valley Comm School District,1914850,73
IOWA,IKM-Manning Comm School District,1914880,110
IOWA,Janesville Consolidated School District,1915180,59
IOWA,Greene County Comm School District,1915210,172
IOWA,Jesup Comm School District,1915330,97
IOWA,Johnston Comm School District,1915450,733
IOWA,Keokuk Comm School District,1915630,376
IOWA,Keota Comm School District,1915660,63
IOWA,Kingsley-Pierson Comm School District,1915750,51
IOWA,Knoxville Comm School District,1915840,265
IOWA,Lake Mills Comm School District,1916110,74
IOWA,Harris-Lake Park Comm School District,1916140,36
IOWA,Lamoni Comm School District,1916320,57
IOWA,Laurens-Marathon Comm School District,1916420,46
IOWA,Lawton-Bronson Comm School District,1916440,67
IOWA,Le Mars Comm School District,1916530,301
IOWA,Lenox Comm School District,1916620,45
IOWA,Lewis Central Comm School District,1916680,381
IOWA,North Cedar Comm School District,1917100,132
IOWA,Linn-Mar Comm School District,1917220,898
IOWA,Lisbon Comm School District,1917250,61
IOWA,Logan-Magnolia Comm School District,1917460,67
IOWA,Lone Tree Comm School District,1917550,35
IOWA,Louisa-Muscatine Comm School District,1917820,106
IOWA,LuVerne Comm School District,1917880,20
IOWA,Lynnville-Sully Comm School District,1918030,70
IOWA,MFL MarMac Comm School District,1918120,102
IOWA,Madrid Comm School District,1918180,107
IOWA,East Mills Comm School District,1918240,81
IOWA,Manson Northwest Webster Comm School District,1918330,73
IOWA,Maple Valley-Anthon Oto Comm School District,1918480,79
IOWA,Maquoketa Comm School District,1918510,274
IOWA,Maquoketa Valley Comm School District,1918540,57
IOWA,Marcus-Meriden-Cleghorn Comm School District,1918630,53
IOWA,Marion Independent School District,1918690,245
IOWA,Marshalltown Comm School District,1918720,814
IOWA,Martensdale-St Marys Comm School District,1918750,68
IOWA,Mason City Comm School District,1918780,603
IOWA,MOC-Floyd Valley Comm School District,1918840,219
IOWA,Mediapolis Comm School District,1918930,111
IOWA,Melcher-Dallas Comm School District,1918960,60
IOWA,Mid-Prairie Comm School District,1919140,159
IOWA,Midland Comm School District,1919200,90
IOWA,Missouri Valley Comm School District,1919440,131
IOWA,Montezuma Comm School District,1919590,56
IOWA,Monticello Comm School District,1919650,161
IOWA,Moravia Comm School District,1919710,52
IOWA,Mormon Trail Comm School District,1919740,44
IOWA,Morning Sun Comm School District,1919770,26
IOWA,Moulton-Udell Comm School District,1919800,36
IOWA,Mount Ayr Comm School District,1919860,90
IOWA,Mount Pleasant Comm School District,1919890,292
IOWA,Mount Vernon Comm School District,1920040,106
IOWA,Murray Comm School District,1920100,40
IOWA,Muscatine Comm School District,1920130,674
IOWA,Nashua-Plainfield Comm School District,1920190,86
IOWA,Nevada Comm School District,1920250,191
IOWA,New Hampton Comm School District,1920340,128
IOWA,New London Comm School District,1920460,61
IOWA,Newell-Fonda Comm School District,1920580,41
IOWA,Newton Comm School District,1920610,458
IOWA,Central Springs Comm School District,1920760,98
IOWA,North Linn Comm School District,1920820,78
IOWA,North Kossuth Comm School District,1920830,54
IOWA,North Mahaska Comm School District,1920850,74
IOWA,North Polk Comm School District,1920910,134
IOWA,North Scott Comm School District,1920940,307
IOWA,North Tama County Comm School District,1921000,71
IOWA,Northeast Comm School District,1921090,61
IOWA,Northwood-Kensett Comm School District,1921210,72
IOWA,Norwalk Comm School District,1921240,370
IOWA,Odebolt Arthur Battle Creek Ida Grove Comm School District,1921600,139
IOWA,Oelwein Comm School District,1921630,294
IOWA,Ogden Comm School District,1921660,63
IOWA,Olin Consolidated School District,1921720,37
IOWA,Orient-Macksburg Comm School District,1921810,34
IOWA,Osage Comm School District,1921840,100
IOWA,Oskaloosa Comm School District,1921870,338
IOWA,Ottumwa Comm School District,1922110,689
IOWA,Paton-Churdan Comm School District,1922380,16
IOWA,Pekin Comm School District,1922440,76
IOWA,Pella Comm School District,1922470,255
IOWA,Perry Comm School District,1922530,243
IOWA,Pleasant Valley Comm School District,1923110,387
IOWA,Pleasantville Comm School District,1923160,93
IOWA,Pocahontas Area Comm School District,1923190,97
IOWA,Postville Comm School District,1923340,96
IOWA,Red Oak Comm School District,1924000,150
IOWA,Remsen-Union Comm School District,1924120,54
IOWA,Riceville Comm School District,1924150,33
IOWA,Rock Valley Comm School District,1924660,113
IOWA,Roland-Story Comm School District,1924870,103
IOWA,Rudd-Rockford-Marble Rk Comm School District,1924960,61
IOWA,Ruthven-Ayrshire Comm School District,1925050,42
IOWA,St Ansgar Comm School District,1925200,63
IOWA,Saydel Comm School District,1925320,163
IOWA,Schaller-Crestland Comm School District,1925380,54
IOWA,Schleswig Comm School District,1925410,37
IOWA,Sergeant Bluff-Luton Comm School District,1925590,195
IOWA,Seymour Comm School District,1925620,44
IOWA,West Fork Comm School District,1925920,108
IOWA,Sheldon Comm School District,1925980,167
IOWA,Shenandoah Comm School District,1926070,163
IOWA,Sidney Comm School District,1926250,63
IOWA,Sigourney Comm School District,1926280,84
IOWA,Sioux Center Comm School District,1926370,168
IOWA,Sioux City Comm School District,1926400,2274
IOWA,Solon Comm School District,1926580,109
IOWA,South Hamilton Comm School District,1926640,73
IOWA,South Page Comm School District,1926670,27
IOWA,South Tama County,1926730,254
IOWA,South Winneshiek Comm School District,1926790,112
IOWA,Southeast Polk Comm School District,1926820,881
IOWA,Southeast Warren Comm School District,1926850,83
IOWA,Spencer Comm School District,1926910,336
IOWA,Spirit Lake Comm School District,1927000,125
IOWA,Springville Comm School District,1927060,56
IOWA,Stanton Comm School District,1927240,27
IOWA,Starmont Comm School District,1927270,99
IOWA,Storm Lake Comm School District,1927390,326
IOWA,Stratford Comm School District,1927480,25
IOWA,West Central Valley Comm School District,1927500,162
IOWA,Sumner-Fredericksburg Comm School District,1927600,141
IOWA,Tipton Comm School District,1927870,115
IOWA,Treynor Comm School District,1927960,46
IOWA,Tri-Center Comm School District,1927990,82
IOWA,Tri-County Comm School District,1928020,47
IOWA,Tripoli Comm School District,1928050,73
IOWA,Turkey Valley Comm School District,1928110,58
IOWA,Twin Cedars Comm School District,1928170,68
IOWA,Twin Rivers Comm School District,1928200,23
IOWA,Underwood Comm School District,1928230,82
IOWA,United Comm School District,1928560,56
IOWA,Urbandale Comm School District,1928680,367
IOWA,Van Buren County Comm School District,1928980,130
IOWA,Van Meter Comm School District,1929010,59
IOWA,Villisca Comm School District,1929280,34
IOWA,Vinton-Shellsburg Comm School District,1929310,252
IOWA,Waco Comm School District,1929490,80
IOWA,East Sac County Comm School District,1929580,126
IOWA,Wapello Comm School District,1929730,98
IOWA,Wapsie Valley Comm School District,1929760,82
IOWA,Washington Comm School District,1930240,286
IOWA,Waterloo Comm School District,1930480,2003
IOWA,Waukee Comm School District,1930510,1054
IOWA,Waverly-Shell Rock Comm School District,1930540,271
IOWA,Wayne Comm School District,1930560,100
IOWA,Webster City Comm School District,1930630,239
IOWA,West Bend-Mallard Comm School District,1930720,42
IOWA,West Branch Comm School District,1930750,110
IOWA,West Burlington Ind School District,1930780,63
IOWA,West Central Comm School District,1930870,42
IOWA,West Delaware County Comm School District,1930900,195
IOWA,West Des Moines Comm School District,1930930,1026
IOWA,West Harrison Comm School District,1930960,55
IOWA,West Liberty Comm School District,1930990,160
IOWA,West Lyon Comm School District,1931020,102
IOWA,West Marshall Comm School District,1931080,79
IOWA,West Monona Comm School District,1931110,120
IOWA,West Sioux Comm School District,1931290,115
IOWA,Western Dubuque Comm School District,1931350,460
IOWA,Westwood Comm School District,1931470,80
IOWA,Whiting Comm School District,1931620,35
IOWA,Williamsburg Comm School District,1931680,117
IOWA,Wilton Comm School District,1931800,86
IOWA,Winfield-Mt Union Comm School District,1931830,31
IOWA,Winterset Comm School District,1931860,188
IOWA,Woodbine Comm School District,1931920,51
IOWA,Woodbury Central Comm School District,1931950,75
IOWA,Woodward-Granger Comm School District,1932010,100
IOWA,PCM Comm School District,1999017,127
IOWA,Southeast Webster Grand Comm School District,1999019,89
KANSAS,Southeast Of Saline,2000001,87
KANSAS,Smoky Valley,2000002,129
KANSAS,Wamego,2000003,275
KANSAS,Rock Creek,2000004,172
KANSAS,Hiawatha,2000006,187
KANSAS,Smith Center,2000007,88
KANSAS,Barnes,2000012,73
KANSAS,Triplains,2000013,14
KANSAS,Central Heights,2000014,87
KANSAS,Ottawa,2000015,426
KANSAS,Marysville,2000016,150
KANSAS,Scott County,2000017,101
KANSAS,School for Blind,2000018,41
KANSAS,School for Deaf,2000019,124
KANSAS,Western Plains,2000020,20
KANSAS,St. Hosp. Training Center Parsons,2000022,14
KANSAS,Rawlins County,2000023,66
KANSAS,Department of Corrections,2000024,57
KANSAS,Washington Co. Schools,2000028,82
KANSAS,Rock Hills,2000029,57
KANSAS,Republic County,2000030,111
KANSAS,Brown Co KS Special Ed Coop,2000033,3
KANSAS,Southeast Kansas Special Education Interlocal,2000034,3
KANSAS,Tri County Special Education Coop,2000035,3
KANSAS,Doniphan Co Education Coop,2000037,3
KANSAS,Northeast KS Education Serv Cntr,2000039,3
KANSAS,Marion County Special Education,2000040,3
KANSAS,Southeast KS Education Serv Center,2000041,3
KANSAS,Reno County Education Cooperative,2000042,3
KANSAS,Sumner Co Educational Services,2000043,3
KANSAS,High Plains Educational Cooperative,2000044,3
KANSAS,Three Lakes Educational Cooperative,2000045,3
KANSAS,Northwest KS Educational Serv Cntr,2000046,3
KANSAS,Southwest Kansas Area Cooperative,2000047,3
KANSAS,ANW Special Education Cooperative,2000048,3
KANSAS,South Central KS Education Serv Cnt (ORION),2000049,3
KANSAS,East Central KS Coop in Educ,2000051,3
KANSAS,North Central Kansas Sp. Ed. Coop. Interlocal,2000052,3
KANSAS,South Central KS Spec Ed Coop,2000053,3
KANSAS,Thunder Ridge Schools,2000346,44
KANSAS,Southwest Plains Regional Svc Ctr,2000347,3
KANSAS,Doniphan West Schools,2000348,61
KANSAS,Central Plains,2000349,90
KANSAS,Prairie Hills,2000350,154
KANSAS,Riverside,2000351,138
KANSAS,Nemaha Central,2000353,78
KANSAS,Butler Co Special Education Interlocal,2000354,3
KANSAS,Coffey County Special Education Cooperative,2000359,3
KANSAS,East Central KS Sp. Ed. Coop.,2000360,3
KANSAS,Flint Hills Special Ed. Cooperative,2000363,3
KANSAS,Marshall County Sp. Ed. Coop.,2000364,3
KANSAS,Holton Special Education Coop.,2000368,3
KANSAS,Marshall-Nemaha Co. Ed. Serv. Coop.,2000370,3
KANSAS,McPherson County Sp. Ed. Coop.,2000372,3
KANSAS,Tri-County Sp. Services Coop.,2000373,3
KANSAS,Abilene,2003180,264
KANSAS,Auburn Washburn,2003200,929
KANSAS,North Lyon County,2003210,67
KANSAS,Wabaunsee,2003240,74
KANSAS,Northern Valley,2003270,28
KANSAS,Labette County,2003300,262
KANSAS,Andover,2003360,764
KANSAS,Chaparral Schools,2003390,171
KANSAS,Argonia Public Schools,2003430,35
KANSAS,Arkansas City,2003450,745
KANSAS,Northeast,2003480,117
KANSAS,Ashland,2003510,35
KANSAS,Atchison Public Schools,2003540,443
KANSAS,Attica,2003570,42
KANSAS,Augusta,2003630,345
KANSAS,Baldwin City,2003720,238
KANSAS,Basehor-Linwood,2003780,394
KANSAS,Baxter Springs,2003810,162
KANSAS,Beloit,2003870,158
KANSAS,Belle Plaine,2003900,145
KANSAS,Twin Valley,2003960,101
KANSAS,Otis-Bison,2004020,26
KANSAS,Bonner Springs,2004050,434
KANSAS,Brewster,2004080,23
KANSAS,Bucklin,2004140,47
KANSAS,Altoona-Midway,2004170,34
KANSAS,Buhler,2004200,356
KANSAS,Central,2004230,57
KANSAS,Burlingame Public School,2004260,65
KANSAS,Burlington,2004290,158
KANSAS,Burrton,2004350,49
KANSAS,Caldwell,2004380,55
KANSAS,Caney Valley,2004410,92
KANSAS,Canton-Galva,2004440,76
KANSAS,Waconda,2004470,55
KANSAS,Cedar Vale,2004500,38
KANSAS,Vermillion,2004560,59
KANSAS,Chanute Public Schools,2004590,334
KANSAS,Chapman,2004620,186
KANSAS,Chase-Raymond,2004650,33
KANSAS,Cheney,2004670,115
KANSAS,Cherokee,2004710,91
KANSAS,Cherryvale,2004740,105
KANSAS,Chetopa-St. Paul,2004770,61
KANSAS,Cheylin,2004790,27
KANSAS,Cimarron-Ensign,2004800,68
KANSAS,North Jackson,2004830,63
KANSAS,Clay Center,2004890,237
KANSAS,Clearwater,2004920,211
KANSAS,Clifton-Clyde,2004950,52
KANSAS,Coffeyville,2004980,268
KANSAS,Colby Public Schools,2005010,160
KANSAS,Comanche County,2005040,90
KANSAS,Columbus,2005070,177
KANSAS,Concordia,2005100,165
KANSAS,Conway Springs,2005130,77
KANSAS,Copeland,2005190,9
KANSAS,Chase County,2005250,51
KANSAS,Morris County,2005280,112
KANSAS,Pike Valley,2005310,40
KANSAS,Cunningham,2005370,27
KANSAS,Deerfield,2005400,26
KANSAS,Derby,2005460,1179
KANSAS,De Soto,2005490,694
KANSAS,Dexter,2005520,59
KANSAS,Dighton,2005550,58
KANSAS,Dodge City,2005580,837
KANSAS,Douglass Public Schools,2005610,121
KANSAS,Easton,2005640,90
KANSAS,Atchison Co Comm Schools,2005700,100
KANSAS,El Dorado,2005730,435
KANSAS,Elk Valley,2005760,34
KANSAS,Elkhart,2005790,115
KANSAS,Ell-Saline,2005800,72
KANSAS,Ellinwood Public Schools,2005820,85
KANSAS,Ellis,2005850,84
KANSAS,Ellsworth,2005870,91
KANSAS,Emporia,2005940,725
KANSAS,Erie-Galesburg,2006000,99
KANSAS,Mission Valley,2006060,116
KANSAS,Eudora,2006090,338
KANSAS,Eureka,2006120,104
KANSAS,Fort Scott,2006180,286
KANSAS,Fowler,2006210,26
KANSAS,Remington-Whitewater,2006240,63
KANSAS,Fredonia,2006270,113
KANSAS,Frontenac Public Schools,2006300,115
KANSAS,Ft Leavenworth,2006330,213
KANSAS,Galena,2006360,169
KANSAS,Garden City,2006390,1034
KANSAS,Gardner Edgerton,2006420,1049
KANSAS,Garnett,2006450,183
KANSAS,Girard,2006480,151
KANSAS,Southern Cloud,2006510,33
KANSAS,Goddard,2006540,1039
KANSAS,Goessel,2006570,43
KANSAS,Goodland,2006580,150
KANSAS,Wheatland,2006630,13
KANSAS,Great Bend,2006660,512
KANSAS,Greeley County Schools,2006690,26
KANSAS,Kiowa County,2006720,59
KANSAS,Grinnell Public Schools,2006780,27
KANSAS,Halstead,2006840,102
KANSAS,Hamilton,2006870,12
KANSAS,Southern Lyon County,2006930,67
KANSAS,Haven Public Schools,2006960,119
KANSAS,Haviland,2006990,20
KANSAS,Hays,2007020,632
KANSAS,Haysville,2007050,969
KANSAS,Healy Public Schools,2007080,16
KANSAS,Herington,2007110,88
KANSAS,Hesston,2007170,78
KANSAS,Graham County,2007260,76
KANSAS,Durham-Hillsboro-Lehigh,2007290,101
KANSAS,Hoisington,2007320,125
KANSAS,Holcomb,2007350,114
KANSAS,Holton,2007380,110
KANSAS,Rural Vista,2007440,46
KANSAS,South Brown County,2007470,133
KANSAS,West Elk,2007500,99
KANSAS,Hoxie Community Schools,2007530,61
KANSAS,Hugoton Public Schools,2007560,138
KANSAS,Humboldt,2007590,93
KANSAS,Hutchinson Public Schools,2007620,999
KANSAS,Independence,2007650,354
KANSAS,Ingalls,2007680,19
KANSAS,Inman,2007710,82
KANSAS,Iola,2007740,237
KANSAS,Jayhawk,2007750,141
KANSAS,Hodgeman County Schools,2007800,53
KANSAS,Stanton County,2007860,30
KANSAS,Geary County Schools,2007890,1332
KANSAS,Kansas City,2007950,3439
KANSAS,Kaw Valley,2007970,236
KANSAS,Crest,2008040,42
KANSAS,Kingman - Norwich,2008070,206
KANSAS,Kinsley-Offerle,2008100,54
KANSAS,South Barber,2008130,46
KANSAS,Kismet-Plains,2008190,86
KANSAS,LaCrosse,2008220,66
KANSAS,Prairie View,2008250,170
KANSAS,Lakin,2008280,83
KANSAS,Fairfield,2008310,54
KANSAS,Lansing,2008340,489
KANSAS,Ft Larned,2008370,202
KANSAS,Lawrence,2008400,1774
KANSAS,Leavenworth,2008430,681
KANSAS,Bluestem,2008550,100
KANSAS,Leoti,2008610,64
KANSAS,LeRoy-Gridley,2008670,23
KANSAS,Lewis,2008700,19
KANSAS,Liberal,2008730,559
KANSAS,Lincoln,2008790,61
KANSAS,Little River,2008880,37
KANSAS,Logan,2008910,17
KANSAS,Centre,2008940,39
KANSAS,Louisburg,2008970,188
KANSAS,Lyndon,2009000,81
KANSAS,Lyons,2009030,159
KANSAS,Macksville,2009060,40
KANSAS,Madison-Virgil,2009090,43
KANSAS,Maize,2009140,1082
KANSAS,Manhattan-Ogden,2009180,1216
KANSAS,Marion-Florence,2009240,105
KANSAS,Royal Valley,2009320,140
KANSAS,McLouth,2009360,95
KANSAS,McPherson,2009390,458
KANSAS,Meade,2009420,61
KANSAS,Barber County North,2009450,111
KANSAS,Marais Des Cygnes Valley,2009480,60
KANSAS,Jefferson West,2009510,155
KANSAS,North Ottawa County,2009570,126
KANSAS,Minneola,2009600,34
KANSAS,Montezuma,2009630,26
KANSAS,Marmaton Valley,2009660,47
KANSAS,Moscow Public Schools,2009720,17
KANSAS,Moundridge,2009780,75
KANSAS,Mulvane,2009840,334
KANSAS,Paradise,2009850,26
KANSAS,Neodesha,2009900,110
KANSAS,Ness City,2009930,76
KANSAS,Newton,2009960,602
KANSAS,Nickerson,2009990,199
KANSAS,Norton Community Schools,2010020,106
KANSAS,Oakley,2010050,74
KANSAS,Oberlin,2010080,72
KANSAS,Olathe,2010140,4179
KANSAS,Onaga-Havensville-Wheaton,2010170,56
KANSAS,Osage City,2010230,135
KANSAS,Osawatomie,2010260,328
KANSAS,Osborne County,2010290,56
KANSAS,Oskaloosa Public Schools,2010320,143
KANSAS,Oswego,2010350,88
KANSAS,Santa Fe Trail,2010410,210
KANSAS,Oxford,2010440,79
KANSAS,Palco,2010470,23
KANSAS,Paola,2010500,385
KANSAS,Parsons,2010560,277
KANSAS,Peabody-Burns,2010590,63
KANSAS,Perry Public Schools,2010620,159
KANSAS,Phillipsburg,2010650,118
KANSAS,Piper-Kansas City,2010680,247
KANSAS,Pittsburg,2010710,638
KANSAS,Plainville,2010740,62
KANSAS,Pleasanton,2010770,75
KANSAS,West Franklin,2010800,154
KANSAS,Pratt,2010890,244
KANSAS,Pretty Prairie,2010920,38
KANSAS,Quinter Public Schools,2010950,70
KANSAS,Blue Valley,2010980,41
KANSAS,Golden Plains,2011040,43
KANSAS,Renwick,2011080,292
KANSAS,Riley County,2011100,92
KANSAS,Riverton,2011130,112
KANSAS,Rolla,2011190,15
KANSAS,Flinthills,2011220,61
KANSAS,Rose Hill Public Schools,2011250,275
KANSAS,Pawnee Heights,2011280,20
KANSAS,Russell County,2011310,162
KANSAS,Salina,2011370,1417
KANSAS,Satanta,2011400,35
KANSAS,Skyline Schools,2011430,46
KANSAS,Seaman,2011490,657
KANSAS,Chautauqua Co Community,2011520,94
KANSAS,Sedgwick Public Schools,2011550,69
KANSAS,Wallace County Schools,2011610,30
KANSAS,Shawnee Mission Pub Sch,2011640,2912
KANSAS,Silver Lake,2011700,87
KANSAS,Solomon,2011760,55
KANSAS,South Haven,2011790,38
KANSAS,Spearville,2011820,47
KANSAS,Spring Hill,2011850,725
KANSAS,St Francis Comm Sch,2011880,43
KANSAS,St John-Hudson,2011910,71
KANSAS,Stafford,2011970,55
KANSAS,Blue Valley,2012000,2539
KANSAS,Sterling,2012030,73
KANSAS,Stockton,2012060,84
KANSAS,Sublette,2012090,45
KANSAS,Sylvan Grove,2012120,48
KANSAS,Syracuse,2012150,77
KANSAS,Shawnee Heights,2012180,529
KANSAS,Tonganoxie,2012210,274
KANSAS,Topeka Public Schools,2012260,2918
KANSAS,Circle,2012300,278
KANSAS,Troy Public Schools,2012330,69
KANSAS,Turner-Kansas City,2012360,484
KANSAS,Udall,2012390,82
KANSAS,Ulysses,2012420,247
KANSAS,Uniontown,2012450,76
KANSAS,Valley Center Pub Sch,2012510,460
KANSAS,Valley Falls,2012540,76
KANSAS,Victoria,2012600,43
KANSAS,Wakeeney,2012630,95
KANSAS,Valley Heights,2012780,80
KANSAS,Lebo-Waverly,2012810,89
KANSAS,Wellington,2012840,390
KANSAS,Wellsville,2012870,161
KANSAS,Weskan,2012900,17
KANSAS,Wichita,2012990,7781
KANSAS,Jefferson County North,2013020,69
KANSAS,Winfield,2013050,546
KANSAS,Woodson,2013110,91
KANSAS,Sedgwick Co Area Educational Servs,2093310,3
KENTUCKY,Adair County,2100030,350
KENTUCKY,Allen County,2100070,468
KENTUCKY,Muhlenberg County,2100081,812
KENTUCKY,Anchorage Independent,2100090,37
KENTUCKY,Kentucky School for the Blind District,2100094,64
KENTUCKY,Kentucky School for the Deaf District,2100095,83
KENTUCKY,Anderson County,2100120,544
KENTUCKY,Ashland Independent,2100150,690
KENTUCKY,Augusta Independent,2100180,59
KENTUCKY,Ballard County,2100210,202
KENTUCKY,Barbourville Independent,2100240,94
KENTUCKY,Bardstown Independent,2100270,496
KENTUCKY,Kentucky Tech System,2100289,NA
KENTUCKY,Craft Academy,2100290,NA
KENTUCKY,Barren County,2100300,896
KENTUCKY,Bath County,2100330,276
KENTUCKY,Beechwood Independent,2100360,159
KENTUCKY,Bell County,2100390,421
KENTUCKY,Bellevue Independent,2100420,120
KENTUCKY,Berea Independent,2100480,254
KENTUCKY,Boone County,2100510,2877
KENTUCKY,Bourbon County,2100540,408
KENTUCKY,Bowling Green Independent,2100570,518
KENTUCKY,Boyd County,2100620,805
KENTUCKY,Boyle County,2100630,675
KENTUCKY,Bracken County,2100660,232
KENTUCKY,Breathitt County,2100690,421
KENTUCKY,Breckinridge County,2100720,415
KENTUCKY,Bullitt County,2100750,1711
KENTUCKY,Burgin Independent,2100780,91
KENTUCKY,Butler County,2100810,436
KENTUCKY,Caldwell County,2100840,207
KENTUCKY,Calloway County,2100870,494
KENTUCKY,Campbell County,2100900,878
KENTUCKY,Campbellsville Independent,2100930,244
KENTUCKY,Carlisle County,2100960,143
KENTUCKY,Carroll County,2100990,290
KENTUCKY,Carter County,2101020,703
KENTUCKY,Casey County,2101050,400
KENTUCKY,Caverna Independent,2101110,151
KENTUCKY,Christian County,2101150,1322
KENTUCKY,Clark County,2101200,906
KENTUCKY,Clay County,2101230,751
KENTUCKY,Clinton County,2101260,394
KENTUCKY,Cloverport Independent,2101290,52
KENTUCKY,Corbin Independent,2101320,393
KENTUCKY,Covington Independent,2101350,861
KENTUCKY,Crittenden County,2101380,192
KENTUCKY,Cumberland County,2101410,171
KENTUCKY,Danville Independent,2101440,373
KENTUCKY,Daviess County,2101470,1830
KENTUCKY,Dawson Springs Independent,2101500,114
KENTUCKY,Dayton Independent,2101530,218
KENTUCKY,East Bernstadt Independent,2101590,142
KENTUCKY,Edmonson County,2101620,370
KENTUCKY,Elizabethtown Independent,2101650,375
KENTUCKY,Elliott County,2101680,204
KENTUCKY,Eminence Independent,2101710,113
KENTUCKY,Erlanger-Elsmere Independent,2101740,395
KENTUCKY,Estill County,2101760,350
KENTUCKY,Fairview Independent,2101800,114
KENTUCKY,Fayette County,2101860,5059
KENTUCKY,Fleming County,2101920,382
KENTUCKY,Floyd County,2101950,1234
KENTUCKY,Frankfort Independent,2101980,135
KENTUCKY,Franklin County,2102010,942
KENTUCKY,Fort Thomas Independent,2102040,228
KENTUCKY,Fulton Independent,2102070,65
KENTUCKY,Fulton County,2102100,110
KENTUCKY,Gallatin County,2102130,210
KENTUCKY,Garrard County,2102160,419
KENTUCKY,Glasgow Independent,2102220,404
KENTUCKY,Grant County,2102250,612
KENTUCKY,Graves County,2102280,634
KENTUCKY,Grayson County,2102300,665
KENTUCKY,Green County,2102340,279
KENTUCKY,Greenup County,2102400,446
KENTUCKY,Hancock County,2102460,260
KENTUCKY,Hardin County,2102490,2605
KENTUCKY,Harlan Independent,2102520,161
KENTUCKY,Harlan County,2102540,1061
KENTUCKY,Harrison County,2102580,514
KENTUCKY,Hart County,2102640,636
KENTUCKY,Hazard Independent,2102670,172
KENTUCKY,Henderson County,2102710,1099
KENTUCKY,Henry County,2102760,311
KENTUCKY,Hickman County,2102790,138
KENTUCKY,Hopkins County,2102860,1260
KENTUCKY,Jackson Independent,2102910,46
KENTUCKY,Jackson County,2102940,646
KENTUCKY,Jefferson County,2102990,12721
KENTUCKY,Jenkins Independent,2103000,116
KENTUCKY,Jessamine County,2103030,1283
KENTUCKY,Johnson County,2103060,672
KENTUCKY,Kenton County,2103090,2071
KENTUCKY,Knott County,2103120,584
KENTUCKY,Knox County,2103150,1027
KENTUCKY,LaRue County,2103180,430
KENTUCKY,Laurel County,2103210,2029
KENTUCKY,Lawrence County,2103240,507
KENTUCKY,Lee County,2103270,168
KENTUCKY,Leslie County,2103330,401
KENTUCKY,Letcher County,2103360,908
KENTUCKY,Lewis County,2103390,401
KENTUCKY,Lincoln County,2103480,575
KENTUCKY,Livingston County,2103510,174
KENTUCKY,Logan County,2103540,721
KENTUCKY,Ludlow Independent,2103630,161
KENTUCKY,Lyon County,2103690,115
KENTUCKY,Madison County,2103720,2005
KENTUCKY,Magoffin County,2103750,448
KENTUCKY,Marion County,2103780,501
KENTUCKY,Marshall County,2103810,654
KENTUCKY,Martin County,2103840,347
KENTUCKY,Mason County,2103870,556
KENTUCKY,Mayfield Independent,2103900,338
KENTUCKY,McCracken County,2103960,922
KENTUCKY,McCreary County,2103990,648
KENTUCKY,McLean County,2104020,244
KENTUCKY,Meade County,2104050,805
KENTUCKY,Menifee County,2104080,196
KENTUCKY,Mercer County,2104110,600
KENTUCKY,Metcalfe County,2104140,222
KENTUCKY,Middlesboro Independent,2104170,243
KENTUCKY,Monroe County,2104200,376
KENTUCKY,Montgomery County,2104250,877
KENTUCKY,Morgan County,2104290,389
KENTUCKY,Murray Independent,2104380,247
KENTUCKY,Nelson County,2104410,677
KENTUCKY,Newport Independent,2104440,212
KENTUCKY,Nicholas County,2104470,177
KENTUCKY,Ohio County,2104500,635
KENTUCKY,Oldham County,2104530,1616
KENTUCKY,Owen County,2104560,265
KENTUCKY,Owensboro Independent,2104590,845
KENTUCKY,Owsley County,2104620,112
KENTUCKY,Paducah Independent,2104650,339
KENTUCKY,Paintsville Independent,2104680,114
KENTUCKY,Paris Independent,2104710,131
KENTUCKY,Pendleton County,2104740,433
KENTUCKY,Perry County,2104770,920
KENTUCKY,Pike County,2104800,1427
KENTUCKY,Pikeville Independent,2104830,152
KENTUCKY,Pineville Independent,2104860,108
KENTUCKY,Powell County,2104890,422
KENTUCKY,Pulaski County,2104950,1336
KENTUCKY,Raceland-Worthington Independent,2104980,127
KENTUCKY,Robertson County,2105040,78
KENTUCKY,Rockcastle County,2105070,612
KENTUCKY,Rowan County,2105100,512
KENTUCKY,Russell Independent,2105130,323
KENTUCKY,Russell County,2105160,424
KENTUCKY,Russellville Independent,2105190,196
KENTUCKY,Science Hill Independent,2105220,86
KENTUCKY,Scott County,2105260,1736
KENTUCKY,Shelby County,2105320,1143
KENTUCKY,Simpson County,2105400,483
KENTUCKY,Somerset Independent,2105430,259
KENTUCKY,Southgate Independent,2105460,47
KENTUCKY,Spencer County,2105490,546
KENTUCKY,Taylor County,2105520,420
KENTUCKY,Todd County,2105550,419
KENTUCKY,Trigg County,2105580,275
KENTUCKY,Trimble County,2105610,158
KENTUCKY,Union County,2105640,313
KENTUCKY,Walton-Verona Independent,2105700,255
KENTUCKY,Warren County,2105730,2414
KENTUCKY,Washington County,2105760,349
KENTUCKY,Wayne County,2105790,588
KENTUCKY,Webster County,2105820,393
KENTUCKY,West Point Independent,2105850,15
KENTUCKY,Whitley County,2105880,1009
KENTUCKY,Williamsburg Independent,2105910,134
KENTUCKY,Williamstown Independent,2105940,132
KENTUCKY,Wolfe County,2105970,354
KENTUCKY,Woodford County,2106000,575
LOUISIANA,Louisiana School for Math Science & the Arts,2200017,3
LOUISIANA,LA Schools for the Deaf and Visually Impaired,2200018,186
LOUISIANA,Louisiana Special Education Center,2200020,37
LOUISIANA,LSU Laboratory School,2200022,3
LOUISIANA,Southern University Lab School,2200023,3
LOUISIANA,New Vision Learning Academy,2200025,32
LOUISIANA,Acadia Parish,2200030,980
LOUISIANA,V. B. Glencoe Charter School,2200032,45
LOUISIANA,International School of Louisiana,2200033,79
LOUISIANA,Avoyelles Public Charter School,2200035,41
LOUISIANA,New Orleans Center for Creative Arts,2200036,4
LOUISIANA,Delhi Charter School,2200038,74
LOUISIANA,Zachary Community School District,2200039,552
LOUISIANA,City of Baker School District,2200040,146
LOUISIANA,Belle Chasse Academy,2200041,91
LOUISIANA,Office of Juvenile Justice,2200047,3
LOUISIANA,Recovery School District-LDE,2200054,51
LOUISIANA,A.E. Phillips Laboratory School,2200056,3
LOUISIANA,Allen Parish,2200060,450
LOUISIANA,Ascension Parish,2200090,2278
LOUISIANA,Assumption Parish,2200120,420
LOUISIANA,Central Community School District,2200125,421
LOUISIANA,The MAX Charter School,2200126,28
LOUISIANA,D'Arbonne Woods Charter School,2200146,99
LOUISIANA,Community School for Apprenticeship Learning Inc.,2200148,36
LOUISIANA,Avoyelles Parish,2200150,511
LOUISIANA,Howard School,2200151,3
LOUISIANA,Voices for International Business & Education,2200156,41
LOUISIANA,University View Academy Inc. (FRM LA Connections),2200157,382
LOUISIANA,Lake Charles Charter Academy Foundation Inc.,2200158,94
LOUISIANA,Lycee Francais de la Nouvelle-Orleans,2200159,103
LOUISIANA,New Orleans Military & Maritime Academy,2200160,85
LOUISIANA,Beauregard Parish,2200180,938
LOUISIANA,Sophie B. Wright Institute of Academic Excellence,2200186,41
LOUISIANA,Success Preparatory Academy,2200187,62
LOUISIANA,The NET Charter High School,2200188,29
LOUISIANA,Southwest Louisiana Charter Academy,2200189,83
LOUISIANA,Impact Charter School,2200190,39
LOUISIANA,Arthur Ashe Charter School,2200192,112
LOUISIANA,ReNEW Dolores T. Aaron Elementary,2200195,125
LOUISIANA,Celerity Dalton Charter School,2200196,34
LOUISIANA,KIPP Renaissance,2200197,95
LOUISIANA,Lake Charles College Prep,2200198,56
LOUISIANA,James M. Singleton Charter School,2200199,36
LOUISIANA,Morris Jeff Community School,2200203,191
LOUISIANA,Langston Hughes Charter Academy,2200206,88
LOUISIANA,Lord Beaconsfield Landry-Oliver Perry Walker High,2200207,123
LOUISIANA,Akili Academy of New Orleans,2200208,130
LOUISIANA,Bienville Parish,2200210,280
LOUISIANA,KIPP Leadership,2200211,123
LOUISIANA,Arise Academy,2200212,78
LOUISIANA,Louisiana Key Academy,2200213,216
LOUISIANA,JS Clark Leadership Academy,2200215,14
LOUISIANA,KIPP Believe,2200216,114
LOUISIANA,Dr Martin Luther King Charter School for Sci Tech,2200217,90
LOUISIANA,Iberville Charter Academy,2200219,48
LOUISIANA,Harriet Tubman Charter School,2200220,132
LOUISIANA,ReNEW Accelerated High School,2200221,41
LOUISIANA,Lafayette Academy,2200224,109
LOUISIANA,Pierre A. Capdau Charter School at Avery Alexander,2200225,103
LOUISIANA,Celerity Lanier Charter School,2200226,22
LOUISIANA,Mary D. Coghill Charter School,2200228,58
LOUISIANA,GEO Prep Academy of Greater Baton Rouge,2200230,76
LOUISIANA,Acadiana Renaissance Charter Academy,2200231,54
LOUISIANA,Louisiana Virtual Charter Academy,2200233,270
LOUISIANA,Lafayette Charter Foundation,2200235,69
LOUISIANA,Martin Behrman Charter Acad of Creative Arts & Sci,2200236,76
LOUISIANA,Abramson Sci Academy,2200237,111
LOUISIANA,Walter L. Cohen College Prep,2200238,45
LOUISIANA,City of Bogalusa School District,2200240,350
LOUISIANA,JCFA-East,2200241,27
LOUISIANA,ReNEW SciTech Academy at Laurel,2200242,334
LOUISIANA,Paul Habans Charter School,2200243,114
LOUISIANA,Joseph A. Craig Charter School,2200245,31
LOUISIANA,KIPP Central City,2200246,117
LOUISIANA,Delta Charter Group,2200247,51
LOUISIANA,KIPP East Community,2200248,68
LOUISIANA,Mildred Osborne Charter School,2200249,80
LOUISIANA,Esperanza Charter School,2200250,60
LOUISIANA,Northeast Claiborne Charter,2200252,18
LOUISIANA,Phillis Wheatley Community School,2200253,101
LOUISIANA,Democracy Prep Baton Rouge,2200254,68
LOUISIANA,ReNEW Schaumburg Elementary,2200255,137
LOUISIANA,Kenilworth Science and Technology Charter School,2200258,46
LOUISIANA,Samuel J. Green Charter School,2200259,82
LOUISIANA,Baton Rouge University Preparatory Elementary,2200260,52
LOUISIANA,John F. Kennedy High School,2200261,104
LOUISIANA,KIPP Morial,2200262,113
LOUISIANA,Willow Charter Academy,2200263,80
LOUISIANA,G W Carver High School,2200265,133
LOUISIANA,Lawrence D. Crocker College Prep,2200266,79
LOUISIANA,Fannie C. Williams Charter School,2200267,74
LOUISIANA,Advantage Charter Academy,2200268,51
LOUISIANA,Bossier Parish,2200270,3165
LOUISIANA,Greater Grace Charter Academy Inc,2200272,20
LOUISIANA,Lincoln Preparatory School,2200275,85
LOUISIANA,Livingston Collegiate Academy,2200276,117
LOUISIANA,KIPP Booker T Washington,2200277,96
LOUISIANA,Noble Minds,2200278,6
LOUISIANA,Alice M. Harte Elementary Charter School,2200279,77
LOUISIANA,Einstein Charter Middle Sch at Sarah Towles Reed,2200280,39
LOUISIANA,New Orleans Charter Science and Mathematics HS,2200281,62
LOUISIANA,Lake Forest Elementary Charter School,2200282,37
LOUISIANA,Einstein Charter School at Village De L'Est,2200283,28
LOUISIANA,McDonogh 42 Charter School,2200284,48
LOUISIANA,Audubon Charter School,2200285,119
LOUISIANA,Robert Russa Moton Charter School,2200286,30
LOUISIANA,ENCORE Academy,2200287,93
LOUISIANA,Collegiate Baton Rouge,2200288,66
LOUISIANA,Bricolage Academy,2200289,114
LOUISIANA,Thrive Academy,2200290,11
LOUISIANA,Eleanor McMain Secondary School,2200291,104
LOUISIANA,Einstein Charter at Sherwood Forest,2200292,41
LOUISIANA,The NET 2 Charter High School,2200293,42
LOUISIANA,Edna Karr High School,2200294,92
LOUISIANA,Einstein Charter High School at Sarah Towles Reed,2200295,44
LOUISIANA,Wilson Charter School,2200296,74
LOUISIANA,Lusher Charter School,2200297,56
LOUISIANA,GEO Prep Mid-City of Greater Baton Rouge,2200298,70
LOUISIANA,Benjamin Franklin High School,2200299,8
LOUISIANA,Caddo Parish,2200300,4165
LOUISIANA,JCFA Lafayette,2200301,15
LOUISIANA,FirstLine Live Oak,2200302,62
LOUISIANA,Audubon Charter School - Gentilly,2200303,42
LOUISIANA,New Harmony High Institute,2200304,24
LOUISIANA,Athlos Academy of Jefferson Parish,2200305,109
LOUISIANA,Dwight D. Eisenhower Charter School,2200306,64
LOUISIANA,Rosenwald Collegiate Academy,2200307,56
LOUISIANA,Red River Charter Academy,2200308,7
LOUISIANA,Opportunities Academy,2200309,59
LOUISIANA,IDEA Public Schools,2200310,20
LOUISIANA,Glen Oaks Middle School,2200311,39
LOUISIANA,McDonogh 35 Senior High School,2200312,14
LOUISIANA,GEO Next Generation High School,2200313,7
LOUISIANA,Living School Inc.,2200314,12
LOUISIANA,RSD-Capitol Education Foundation,2200315,32
LOUISIANA,Calcasieu Parish,2200330,4955
LOUISIANA,Caldwell Parish,2200360,267
LOUISIANA,Cameron Parish,2200390,204
LOUISIANA,Catahoula Parish,2200420,148
LOUISIANA,Claiborne Parish,2200450,371
LOUISIANA,Concordia Parish,2200480,384
LOUISIANA,DeSoto Parish,2200510,500
LOUISIANA,East Baton Rouge Parish,2200540,4157
LOUISIANA,East Carroll Parish,2200570,99
LOUISIANA,East Feliciana Parish,2200600,197
LOUISIANA,Evangeline Parish,2200630,823
LOUISIANA,Franklin Parish,2200660,475
LOUISIANA,Grant Parish,2200690,570
LOUISIANA,Iberia Parish,2200720,1636
LOUISIANA,Iberville Parish,2200750,427
LOUISIANA,Jackson Parish,2200780,201
LOUISIANA,Jefferson Davis Parish,2200810,732
LOUISIANA,Jefferson Parish,2200840,5811
LOUISIANA,Lafayette Parish,2200870,2745
LOUISIANA,Lafourche Parish,2200900,1238
LOUISIANA,LaSalle Parish,2200960,265
LOUISIANA,Lincoln Parish,2200990,1031
LOUISIANA,Livingston Parish,2201020,3306
LOUISIANA,Madison Parish,2201050,137
LOUISIANA,City of Monroe School District,2201080,1271
LOUISIANA,Morehouse Parish,2201110,549
LOUISIANA,Natchitoches Parish,2201140,658
LOUISIANA,Orleans Parish,2201170,675
LOUISIANA,Ouachita Parish,2201200,2447
LOUISIANA,Plaquemines Parish,2201230,596
LOUISIANA,Pointe Coupee Parish,2201260,353
LOUISIANA,Rapides Parish,2201290,2955
LOUISIANA,Red River Parish,2201320,179
LOUISIANA,Richland Parish,2201350,327
LOUISIANA,Sabine Parish,2201380,541
LOUISIANA,St. Bernard Parish,2201410,815
LOUISIANA,St. Charles Parish,2201440,1049
LOUISIANA,St. Helena Parish,2201470,180
LOUISIANA,St. James Parish,2201500,507
LOUISIANA,St. John the Baptist Parish,2201530,777
LOUISIANA,St. Landry Parish,2201560,1822
LOUISIANA,St. Martin Parish,2201590,835
LOUISIANA,St. Mary Parish,2201620,1309
LOUISIANA,St. Tammany Parish,2201650,6928
LOUISIANA,Tangipahoa Parish,2201680,2489
LOUISIANA,Tensas Parish,2201710,84
LOUISIANA,Terrebonne Parish,2201740,1838
LOUISIANA,Union Parish,2201770,267
LOUISIANA,Vermilion Parish,2201800,1202
LOUISIANA,Vernon Parish,2201830,1056
LOUISIANA,Washington Parish,2201860,962
LOUISIANA,Webster Parish,2201890,857
LOUISIANA,West Baton Rouge Parish,2201920,455
LOUISIANA,West Carroll Parish,2201950,275
LOUISIANA,West Feliciana Parish,2201980,301
LOUISIANA,Winn Parish,2202010,327
LOUISIANA,Special School District,2280100,138
MAINE,Bridgewater Public Schools,2300004,11
MAINE,Grand Isle Public Schools,2300005,13
MAINE,Fayette Public Schools,2300008,13
MAINE,Long Island Public Schools,2300009,3
MAINE,ME Sch of Science & Mathematics,2300049,6
MAINE,Arthur R. Gould Sch--LCYDC,2300050,17
MAINE,The Forks Plt School Dept,2300052,3
MAINE,Five Town CSD,2300053,111
MAINE,Seboeis Plt Public Schools,2300057,3
MAINE,West Forks Plt Public Schools,2300058,3
MAINE,Lake View Plt. Public Schools,2300059,3
MAINE,Caratunk Public Schools,2300061,3
MAINE,East Machias Public Schools,2300062,47
MAINE,Lowell Public Schools,2300063,NA
MAINE,Indian Township,2300064,72
MAINE,Cutler Public Schools,2300065,14
MAINE,Indian Island,2300066,28
MAINE,Machiasport Public Schools,2300067,16
MAINE,Whiting Public Schools,2300068,6
MAINE,Pleasant Point,2300069,46
MAINE,Acton Public Schools,2302220,49
MAINE,Alexander Public Schools,2302280,12
MAINE,Airline CSD,2302500,9
MAINE,Appleton Public Schools,2302510,35
MAINE,Auburn Public Schools,2302610,659
MAINE,Augusta Public Schools,2302640,392
MAINE,Baileyville Public Schools,2302730,72
MAINE,Bangor Public Schools,2302820,665
MAINE,Bar Harbor Public Schools,2302850,70
MAINE,Baring Plt Public Schools,2302880,5
MAINE,Beals Public Schools,2302950,8
MAINE,Beaver Cove Public Schools,2302960,3
MAINE,Beddington Public Schools,2302980,NA
MAINE,Biddeford Public Schools,2303150,490
MAINE,Blue Hill Public Schools,2303210,48
MAINE,Boothbay-Boothbay Hbr CSD,2303290,99
MAINE,Bowerbank Public Schools,2303390,NA
MAINE,Bremen Public Schools,2303480,6
MAINE,Brewer Public Schools,2303510,289
MAINE,Bristol Public Schools,2303600,38
MAINE,Brooklin Public Schools,2303610,15
MAINE,Brooksville Public Schools,2303640,17
MAINE,Brunswick Public Schools,2303780,412
MAINE,Calais Public Schools,2303870,92
MAINE,Cape Elizabeth Public Schools,2303930,159
MAINE,Carrabassett Valley Public Schools,2303980,3
MAINE,Carroll Plt Public Schools,2303990,NA
MAINE,Castine Public Schools,2304080,7
MAINE,Caswell Public Schools,2304110,12
MAINE,Charlotte Public Schools,2304160,10
MAINE,Cooper Public Schools,2304440,NA
MAINE,Coplin Plt Public Schools,2304500,NA
MAINE,Cranberry Isles Public Schools,2304620,3
MAINE,Crawford Public Schools,2304650,3
MAINE,Damariscotta Public Schools,2304830,19
MAINE,Dayton Public Schools,2304860,62
MAINE,Deblois Public Schools,2304880,4
MAINE,Dedham Public Schools,2304890,34
MAINE,Deer Isle-Stonington CSD,2304895,64
MAINE,Dennistown Plt Public Schools,2304897,3
MAINE,Dennysville Public Schools,2304900,NA
MAINE,Drew Plt Public Schools,2305160,3
MAINE,East Millinocket Public Schools,2305280,36
MAINE,Easton Public Schools,2305310,40
MAINE,Eastport Public Schools,2305360,18
MAINE,East Range CSD,2305380,3
MAINE,Edgecomb Public Schools,2305400,27
MAINE,Ellsworth Public Schools,2305500,233
MAINE,Falmouth Public Schools,2305670,276
MAINE,Georgetown Public Schools,2305970,21
MAINE,Gilead Public Schools,2305980,9
MAINE,Glenburn Public Schools,2306000,132
MAINE,Glenwood Plt Public Schools,2306030,3
MAINE,Gorham Public Schools,2306060,374
MAINE,Grand Lake Stream Plt School Dept,2306150,3
MAINE,Great Salt Bay CSD,2306160,66
MAINE,Greenbush Public Schools,2306180,60
MAINE,Greenville Public Schools,2306250,18
MAINE,Hancock Public Schools,2306260,46
MAINE,Harmony Public Schools,2306330,26
MAINE,Hermon Public Schools,2306510,167
MAINE,Highland Plt Public Schools,2306600,3
MAINE,Hope Public Schools,2306610,36
MAINE,Isle Au Haut Public Schools,2306780,NA
MAINE,Islesboro Public Schools,2306810,15
MAINE,Jefferson Public Schools,2306870,60
MAINE,Jonesboro Public Schools,2306900,18
MAINE,Jonesport Public Schools,2307100,16
MAINE,Kingsbury Plt Public Schools,2307110,3
MAINE,Kittery Public Schools,2307140,190
MAINE,Lakeville Public Schools,2307200,NA
MAINE,Lamoine Public Schools,2307250,20
MAINE,Lewiston Public Schools,2307320,1101
MAINE,Lincoln Plt Public Schools,2307440,3
MAINE,Lincolnville Public Schools,2307450,37
MAINE,Lisbon Public Schools,2307530,246
MAINE,Frenchboro Public Schools,2307590,NA
MAINE,Machias Public Schools,2307710,60
MAINE,Macwahoc Plt School Dept,2307770,NA
MAINE,Madawaska Public Schools,2307800,78
MAINE,Marshfield Public Schools,2307980,11
MAINE,Meddybemps Public Schools,2308135,3
MAINE,Medford Public Schools,2308140,NA
MAINE,Medway Public Schools,2308160,35
MAINE,Milford Public Schools,2308250,76
MAINE,Millinocket Public Schools,2308280,132
MAINE,Moosabec CSD,2308400,15
MAINE,Mount Desert Public Schools,2308490,39
MAINE,Mt Desert CSD,2308500,68
MAINE,Nashville Plt Public Schools,2308580,3
MAINE,New Sweden Public Schools,2308700,9
MAINE,Newcastle Public Schools,2308760,9
MAINE,Nobleboro Public Schools,2308940,43
MAINE,Northfield Public Schools,2309090,NA
MAINE,Orient Public Schools,2309240,5
MAINE,Orrington Public Schools,2309330,88
MAINE,Otis Public Schools,2309390,10
MAINE,Pembroke Public Schools,2309560,15
MAINE,Penobscot Public Schools,2309630,16
MAINE,Perry Public Schools,2309650,18
MAINE,Pleasant Ridge Plt School Dept,2309810,3
MAINE,Portland Public Schools,2309930,1079
MAINE,Princeton Public Schools,2309990,33
MAINE,Reed Plt Public Schools,2310140,NA
MAINE,Robbinston Public Schools,2310190,NA
MAINE,Roque Bluffs Public Schools,2310320,NA
MAINE,Saco Public Schools,2310380,445
MAINE,Sanford Public Schools,2310500,699
MAINE,Scarborough Public Schools,2310530,425
MAINE,MSAD 10,2310560,3
MAINE,RSU 11/MSAD 11,2310590,362
MAINE,RSU 82/MSAD 12,2310620,23
MAINE,RSU 83/MSAD 13,2310650,21
MAINE,RSU 84/MSAD 14,2310680,37
MAINE,RSU 15/MSAD 15,2310710,356
MAINE,RSU 17/MSAD 17,2310770,623
MAINE,RSU 85/MSAD 19,2310830,13
MAINE,RSU 79/MSAD 01,2310860,309
MAINE,RSU 86/MSAD 20,2310890,108
MAINE,RSU 87/MSAD 23,2310980,144
MAINE,RSU 88/MSAD 24,2311010,50
MAINE,MSAD 27,2311100,138
MAINE,RSU 28/MSAD 28,2311130,119
MAINE,RSU 29/MSAD 29,2311160,252
MAINE,RSU 30/MSAD 30,2311220,57
MAINE,RSU 31/MSAD 31,2311250,98
MAINE,RSU 32/MSAD 32,2311280,52
MAINE,RSU 33/MSAD 33,2311310,27
MAINE,RSU 35/MSAD 35,2311370,278
MAINE,RSU 37/MSAD 37,2311430,137
MAINE,RSU 03/MSAD 03,2311520,248
MAINE,RSU 40/MSAD 40,2311550,429
MAINE,RSU 41/MSAD 41,2311580,128
MAINE,RSU 42/MSAD 42,2311610,88
MAINE,RSU 44/MSAD 44,2311670,70
MAINE,RSU 45/MSAD 45,2311700,62
MAINE,RSU 80/MSAD 04,2311730,96
MAINE,RSU 06/MSAD 06,2311790,671
MAINE,RSU 07/MSAD 07,2311820,6
MAINE,RSU 08/MSAD 08,2311850,49
MAINE,MSAD 76,2311910,8
MAINE,Education in Unorganized Terr,2312100,156
MAINE,Sedgwick Public Schools,2312140,27
MAINE,Shirley Public Schools,2312180,3
MAINE,South Bristol Public Schools,2312300,9
MAINE,South Portland Public Schools,2312330,554
MAINE,Southport Public Schools,2312360,7
MAINE,Southwest Harbor Public Schools,2312390,45
MAINE,Surry Public Schools,2312750,34
MAINE,Talmadge Public Schools,2312810,3
MAINE,Tremont Public Schools,2312960,27
MAINE,Trenton Public Schools,2312980,43
MAINE,Upton Public Schools,2313070,3
MAINE,Vanceboro Public Schools,2313080,NA
MAINE,Vassalboro Public Schools,2313110,114
MAINE,Veazie Public Schools,2313140,43
MAINE,Waite Public Schools,2313200,3
MAINE,Waterville Public Schools,2313350,445
MAINE,Wells-Ogunquit CSD,2313490,161
MAINE,Wesley Public Schools,2313500,NA
MAINE,West Bath Public Schools,2313530,42
MAINE,Westbrook Public Schools,2313560,493
MAINE,Westmanland Public Schools,2313590,3
MAINE,Whitneyville Public Schools,2313710,NA
MAINE,Willimantic Public Schools,2313740,NA
MAINE,Winslow Schools,2313860,208
MAINE,Winthrop Public Schools,2313970,99
MAINE,Wiscasset Public Schools,2313980,114
MAINE,Woodland Public Schools,2314010,33
MAINE,Woodville Public Schools,2314040,8
MAINE,Yarmouth Schools,2314100,155
MAINE,York Public Schools,2314130,198
MAINE,RSU 52/MSAD 52,2314160,363
MAINE,RSU 55/MSAD 55,2314190,194
MAINE,RSU 61/MSAD 61,2314210,319
MAINE,RSU 51/MSAD 51,2314240,275
MAINE,RSU 58/MSAD 58,2314300,115
MAINE,RSU 49/MSAD 49,2314330,437
MAINE,RSU 65/MSAD 65,2314410,3
MAINE,RSU 64/MSAD 64,2314440,158
MAINE,RSU 63/MSAD 63,2314470,143
MAINE,MSAD 46,2314530,194
MAINE,RSU 59/MSAD 59,2314560,106
MAINE,RSU 54/MSAD 54,2314590,509
MAINE,RSU 53/MSAD 53,2314610,148
MAINE,RSU 57/MSAD 57,2314670,528
MAINE,RSU 60/MSAD 60,2314700,510
MAINE,RSU 68/MSAD 68,2314761,126
MAINE,RSU 70/MSAD 70,2314762,74
MAINE,RSU 72/MSAD 72,2314765,219
MAINE,RSU 74/MSAD 74,2314767,111
MAINE,RSU 75/MSAD 75,2314768,521
MAINE,Chebeague Island Public Schools,2314771,4
MAINE,RSU 01 - LKRSU,2314772,368
MAINE,RSU 21,2314773,460
MAINE,RSU 16,2314775,302
MAINE,RSU 02,2314776,309
MAINE,RSU 67,2314777,105
MAINE,RSU 26,2314778,157
MAINE,RSU 18,2314779,539
MAINE,RSU 12,2314780,319
MAINE,RSU 34,2314782,275
MAINE,RSU 04,2314783,264
MAINE,RSU 23,2314784,140
MAINE,RSU 19,2314785,338
MAINE,RSU 13,2314787,365
MAINE,RSU 38,2314788,143
MAINE,RSU 05,2314789,276
MAINE,RSU 24,2314790,141
MAINE,RSU 20,2314791,128
MAINE,RSU 14,2314793,539
MAINE,RSU 39,2314794,157
MAINE,RSU 10,2314795,489
MAINE,RSU 25,2314796,226
MAINE,RSU 78,2314803,26
MAINE,RSU 73,2314805,258
MAINE,RSU 50,2314806,69
MAINE,Cornville Regional Charter School,2314807,69
MAINE,Maine Academy of Natural Sciences,2314808,77
MAINE,RSU 09,2314809,428
MAINE,Portage Lake Public Schools,2314810,4
MAINE,Brighton Plt School Department,2314811,3
MAINE,Baxter Academy for Technology and Science,2314812,66
MAINE,Fiddlehead School of Arts and Sciences,2314813,30
MAINE,Cherryfield Public Schools,2314814,13
MAINE,RSU 22,2314815,426
MAINE,Harpswell Coastal Academy,2314816,63
MAINE,Athens Public Schools,2314817,24
MAINE,Eustis Public Schools,2314818,7
MAINE,Maine Connections Academy,2314819,71
MAINE,St George Public Schools,2314820,46
MAINE,Maine Virtual Academy,2314821,60
MAINE,RSU 71,2314822,326
MAINE,Andover Public Schools,2314823,14
MAINE,Northport Public Schools,2314824,28
MAINE,Winterville Plt Public Schools,2314825,5
MAINE,Acadia Academy,2314831,46
MAINE,Maine Arts Academy,2314832,30
MAINE,RSU 56,2314833,151
MAINE,Burlington Public Schools,2314834,12
MAINE,Byron Public Schools,2314835,3
MAINE,Moro Plantation Public Schools,2314836,3
MAINE,Sebago Public Schools,2314837,30
MAINE,RSU 89,2314838,41
MAINE,Eagle Lake Public Schools,2314839,20
MAINE,Maine Ocean School,2314840,3
MAINE,Limestone Public Schools,2314842,38
MARYLAND,SEED School of Maryland,2400027,56
MARYLAND,Allegany County Public Schools,2400030,1357
MARYLAND,Anne Arundel County Public Schools,2400060,9590
MARYLAND,Baltimore City Public Schools,2400090,12512
MARYLAND,Baltimore County Public Schools,2400120,16283
MARYLAND,Calvert County Public Schools,2400150,1695
MARYLAND,Caroline County Public Schools,2400180,620
MARYLAND,Carroll County Public Schools,2400210,3139
MARYLAND,Cecil County Public Schools,2400240,2497
MARYLAND,Charles County Public Schools,2400270,3114
MARYLAND,Dorchester County Public Schools,2400300,482
MARYLAND,Frederick County Public Schools,2400330,5090
MARYLAND,Garrett County Public Schools,2400360,353
MARYLAND,Harford County Public Schools,2400390,5143
MARYLAND,Howard County Public Schools,2400420,5901
MARYLAND,Kent County Public Schools,2400450,298
MARYLAND,Montgomery County Public Schools,2400480,20511
MARYLAND,Prince George's County Public Schools,2400510,15433
MARYLAND,Queen Anne's County Public Schools,2400540,857
MARYLAND,Somerset County Public Schools,2400570,442
MARYLAND,St. Mary's County Public Schools,2400600,1973
MARYLAND,Talbot County Public Schools,2400630,505
MARYLAND,Washingtion County Public Schools,2400660,2508
MARYLAND,Wicomico County Public Schools,2400690,1721
MARYLAND,Worcester County Public Schools,2400720,775
MASSACHUSETTS,Quabbin,2500001,433
MASSACHUSETTS,Spencer-E Brookfield,2500002,322
MASSACHUSETTS,Southwick-Tolland-Granville Regional School District,2500013,253
MASSACHUSETTS,Chesterfield-Goshen,2500014,28
MASSACHUSETTS,Academy Of the Pacific Rim Charter Public (District),2500021,133
MASSACHUSETTS,Benjamin Banneker Charter Public (District),2500022,50
MASSACHUSETTS,Cape Cod Lighthouse Charter (District),2500024,45
MASSACHUSETTS,Innovation Academy Charter (District),2500025,110
MASSACHUSETTS,City on a Hill Charter Public School Circuit Street (Distric,2500026,47
MASSACHUSETTS,Community Day Charter Public School - Prospect (District),2500027,51
MASSACHUSETTS,Sabis International Charter (District),2500028,214
MASSACHUSETTS,Neighborhood House Charter (District),2500029,108
MASSACHUSETTS,Benjamin Franklin Classical Charter Public (District),2500030,87
MASSACHUSETTS,Hilltown Cooperative Charter Public (District),2500031,45
MASSACHUSETTS,Lawrence Family Development Charter (District),2500032,63
MASSACHUSETTS,Lowell Middlesex Academy Charter (District),2500033,24
MASSACHUSETTS,Marblehead Community Charter Public (District),2500034,50
MASSACHUSETTS,Martha's Vineyard Charter (District),2500035,50
MASSACHUSETTS,Ma Academy for Math and Science,2500036,3
MASSACHUSETTS,Francis W. Parker Charter Essential (District),2500038,58
MASSACHUSETTS,Boston Renaissance Charter Public (District),2500039,108
MASSACHUSETTS,South Shore Charter Public (District),2500040,191
MASSACHUSETTS,Atlantis Charter (District),2500041,177
MASSACHUSETTS,Up-Island Regional,2500043,82
MASSACHUSETTS,Pioneer Valley Performing Arts Charter Public (District),2500044,77
MASSACHUSETTS,Seven Hills Charter Public (District),2500045,92
MASSACHUSETTS,Prospect Hill Academy Charter (District),2500046,170
MASSACHUSETTS,Boston Day and Evening Academy Charter (District),2500049,150
MASSACHUSETTS,Abby Kelley Foster Charter Public (District),2500051,175
MASSACHUSETTS,Foxborough Regional Charter (District),2500052,156
MASSACHUSETTS,Boston Collegiate Charter (District),2500053,109
MASSACHUSETTS,Edward M. Kennedy Academy for Health Careers (Horace Mann Ch,2500054,74
MASSACHUSETTS,Mystic Valley Regional Charter (District),2500055,193
MASSACHUSETTS,Rising Tide Charter Public (District),2500057,112
MASSACHUSETTS,Sturgis Charter Public (District),2500058,118
MASSACHUSETTS,Conservatory Lab Charter (District),2500060,59
MASSACHUSETTS,River Valley Charter (District),2500062,45
MASSACHUSETTS,Roxbury Preparatory Charter (District),2500063,259
MASSACHUSETTS,Lowell Community Charter Public (District),2500065,133
MASSACHUSETTS,MATCH Charter Public School (District),2500066,277
MASSACHUSETTS,Manchester Essex Regional,2500067,238
MASSACHUSETTS,Christa McAuliffe Charter Public (District),2500068,81
MASSACHUSETTS,Codman Academy Charter Public (District),2500070,74
MASSACHUSETTS,Brooke Charter School (District),2500071,204
MASSACHUSETTS,Sizer School: A North Central Charter Essential (District),2500073,64
MASSACHUSETTS,Excel Academy Charter (District),2500075,271
MASSACHUSETTS,Four Rivers Charter Public (District),2500076,28
MASSACHUSETTS,Helen Y. Davis Leadership Academy Charter Public (District),2500077,45
MASSACHUSETTS,Berkshire Arts and Technology Charter Public (District),2500079,77
MASSACHUSETTS,Boston Preparatory Charter Public (District),2500080,124
MASSACHUSETTS,KIPP Academy Lynn Charter (District),2500082,194
MASSACHUSETTS,Hill View Montessori Charter Public (District),2500083,44
MASSACHUSETTS,Salem Academy Charter (District),2500084,80
MASSACHUSETTS,Advanced Math and Science Academy Charter (District),2500085,61
MASSACHUSETTS,Community Charter School of Cambridge (District),2500086,42
MASSACHUSETTS,Holyoke Community Charter (District),2500087,134
MASSACHUSETTS,Martin Luther King Jr. Charter School of Excellence (Distric,2500089,57
MASSACHUSETTS,Phoenix Charter Academy (District),2500090,25
MASSACHUSETTS,Pioneer Valley Chinese Immersion Charter (District),2500517,51
MASSACHUSETTS,Pioneer Charter School of Science (District),2500518,78
MASSACHUSETTS,Global Learning Charter Public (District),2500519,65
MASSACHUSETTS,Hampden Charter School of Science East (District),2500522,58
MASSACHUSETTS,Alma del Mar Charter School (District),2500525,115
MASSACHUSETTS,Boston Green Academy Horace Mann Charter School (District),2500526,159
MASSACHUSETTS,Bridge Boston Charter School (District),2500527,79
MASSACHUSETTS,UP Academy Charter School of Boston (District),2500533,99
MASSACHUSETTS,Community Day Charter Public School - R. Kingman Webster (Di,2500535,38
MASSACHUSETTS,Veritas Preparatory Charter School (District),2500536,67
MASSACHUSETTS,KIPP Academy Boston Charter School (District),2500537,117
MASSACHUSETTS,Community Day Charter Public School - Gateway (District),2500538,43
MASSACHUSETTS,Somerset Berkley Regional School District,2500541,169
MASSACHUSETTS,Ayer Shirley School District,2500542,357
MASSACHUSETTS,Dudley Street Neighborhood Charter School (District),2500543,36
MASSACHUSETTS,Monomoy Regional School District,2500544,319
MASSACHUSETTS,Collegiate Charter School of Lowell (District),2500545,69
MASSACHUSETTS,Pioneer Charter School of Science II (PCSS-II) (District),2500546,51
MASSACHUSETTS,Paulo Freire Social Justice Charter School (District),2500547,66
MASSACHUSETTS,City on a Hill Charter Public School Dudley Square (District,2500548,50
MASSACHUSETTS,UP Academy Charter School of Dorchester (District),2500549,113
MASSACHUSETTS,Baystate Academy Charter Public School (District),2500550,92
MASSACHUSETTS,Greenfield Commonwealth Virtual District,2500551,103
MASSACHUSETTS,Argosy Collegiate Charter School (District),2500552,94
MASSACHUSETTS,City on a Hill Charter Public School New Bedford (District),2500553,48
MASSACHUSETTS,Essex North Shore Agricultural and Technical School District,2500554,247
MASSACHUSETTS,Phoenix Academy Public Charter High School Springfield (Dist,2500555,51
MASSACHUSETTS,TEC Connections Academy Commonwealth Virtual School District,2500556,407
MASSACHUSETTS,Springfield Preparatory Charter School (District),2500557,58
MASSACHUSETTS,Bentley Academy Charter School (District),2500558,47
MASSACHUSETTS,New Heights Charter School of Brockton (District),2500559,44
MASSACHUSETTS,Libertas Academy Charter School (District),2500586,52
MASSACHUSETTS,Old Sturbridge Academy Charter Public School (District),2500587,46
MASSACHUSETTS,Hampden Charter School of Science West (District),2500588,45
MASSACHUSETTS,Map Academy Charter School (District),2500589,79
MASSACHUSETTS,Phoenix Academy Public Charter High School Lawrence (Distric,2500590,32
MASSACHUSETTS,Abington,2501650,351
MASSACHUSETTS,Acton-Boxborough,2501710,881
MASSACHUSETTS,Acushnet,2501740,149
MASSACHUSETTS,Hoosac Valley Regional,2501780,268
MASSACHUSETTS,Agawam,2501800,623
MASSACHUSETTS,Amesbury,2501860,499
MASSACHUSETTS,Amherst,2501890,236
MASSACHUSETTS,Amherst-Pelham,2501920,294
MASSACHUSETTS,Andover,2501950,1256
MASSACHUSETTS,Arlington,2501980,1004
MASSACHUSETTS,Ashburnham-Westminster,2502040,451
MASSACHUSETTS,Ashland,2502100,518
MASSACHUSETTS,Assabet Valley Regional Vocational Technical,2502110,308
MASSACHUSETTS,Athol-Royalston,2502160,386
MASSACHUSETTS,Attleboro,2502190,1039
MASSACHUSETTS,Auburn,2502220,275
MASSACHUSETTS,Avon,2502250,128
MASSACHUSETTS,Barnstable,2502310,878
MASSACHUSETTS,Bedford,2502400,487
MASSACHUSETTS,Belchertown,2502430,434
MASSACHUSETTS,Bellingham,2502460,453
MASSACHUSETTS,Belmont,2502490,525
MASSACHUSETTS,Berkley,2502520,141
MASSACHUSETTS,Berkshire Hills,2502530,239
MASSACHUSETTS,Berlin-Boylston,2502580,179
MASSACHUSETTS,Beverly,2502640,942
MASSACHUSETTS,Billerica,2502670,970
MASSACHUSETTS,Blackstone Valley Regional Vocational Technical,2502710,130
MASSACHUSETTS,Blackstone-Millville,2502715,300
MASSACHUSETTS,Blue Hills Regional Vocational Technical,2502740,218
MASSACHUSETTS,Boston,2502790,11173
MASSACHUSETTS,Bourne,2502820,336
MASSACHUSETTS,Boxford,2502880,127
MASSACHUSETTS,Braintree,2502940,1213
MASSACHUSETTS,Brewster,2502970,93
MASSACHUSETTS,Bridgewater-Raynham,2503030,917
MASSACHUSETTS,Brimfield,2503060,52
MASSACHUSETTS,Bristol County Agricultural,2503070,59
MASSACHUSETTS,Bristol-Plymouth Regional Vocational Technical,2503080,244
MASSACHUSETTS,Brockton,2503090,2698
MASSACHUSETTS,Brookfield,2503120,42
MASSACHUSETTS,Brookline,2503150,1320
MASSACHUSETTS,Burlington,2503240,516
MASSACHUSETTS,Cambridge,2503270,1641
MASSACHUSETTS,Canton,2503300,358
MASSACHUSETTS,Cape Cod Regional Vocational Technical,2503310,174
MASSACHUSETTS,Carlisle,2503330,112
MASSACHUSETTS,Carver,2503360,327
MASSACHUSETTS,Central Berkshire,2503390,236
MASSACHUSETTS,Chelmsford,2503510,838
MASSACHUSETTS,Chelsea,2503540,993
MASSACHUSETTS,Chicopee,2503660,1381
MASSACHUSETTS,Clarksburg,2503720,38
MASSACHUSETTS,Clinton,2503750,404
MASSACHUSETTS,Cohasset,2503780,200
MASSACHUSETTS,Concord,2503840,381
MASSACHUSETTS,Concord-Carlisle,2503870,252
MASSACHUSETTS,Conway,2503900,27
MASSACHUSETTS,Danvers,2503990,643
MASSACHUSETTS,Dartmouth,2504020,611
MASSACHUSETTS,Dedham,2504050,627
MASSACHUSETTS,Deerfield,2504080,85
MASSACHUSETTS,Dennis-Yarmouth,2504140,572
MASSACHUSETTS,Dighton-Rehoboth,2504200,433
MASSACHUSETTS,Douglas,2504230,241
MASSACHUSETTS,Dover,2504260,72
MASSACHUSETTS,Dover-Sherborn,2504290,213
MASSACHUSETTS,Dracut,2504320,575
MASSACHUSETTS,Dudley-Charlton Reg,2504360,607
MASSACHUSETTS,Duxbury,2504410,440
MASSACHUSETTS,East Bridgewater,2504440,409
MASSACHUSETTS,East Longmeadow,2504500,507
MASSACHUSETTS,Eastham,2504530,34
MASSACHUSETTS,Nauset,2504560,263
MASSACHUSETTS,Easthampton,2504590,312
MASSACHUSETTS,Easton,2504620,667
MASSACHUSETTS,Oak Bluffs,2504650,105
MASSACHUSETTS,Erving,2504710,27
MASSACHUSETTS,Everett,2504770,1112
MASSACHUSETTS,Fairhaven,2504800,367
MASSACHUSETTS,Fall River,2504830,2446
MASSACHUSETTS,Falmouth,2504860,598
MASSACHUSETTS,Fitchburg,2504890,1319
MASSACHUSETTS,Florida,2504920,19
MASSACHUSETTS,Foxborough,2504950,536
MASSACHUSETTS,Framingham,2504980,2100
MASSACHUSETTS,Franklin,2505010,970
MASSACHUSETTS,Franklin County Regional Vocational Technical,2505020,163
MASSACHUSETTS,Freetown-Lakeville,2505070,495
MASSACHUSETTS,Frontier,2505100,133
MASSACHUSETTS,Gardner,2505130,524
MASSACHUSETTS,Gateway,2505160,171
MASSACHUSETTS,Georgetown,2505220,238
MASSACHUSETTS,Gill-Montague,2505270,215
MASSACHUSETTS,Gloucester,2505280,762
MASSACHUSETTS,Gosnold,2505340,3
MASSACHUSETTS,Grafton,2505370,663
MASSACHUSETTS,Granby,2505400,144
MASSACHUSETTS,Greater Lawrence Regional Vocational Technical,2505470,285
MASSACHUSETTS,Greater Lowell Regional Vocational Technical,2505480,422
MASSACHUSETTS,Greater Fall River Regional Vocational Technical,2505485,152
MASSACHUSETTS,Greenfield,2505490,337
MASSACHUSETTS,Groton-Dunstable,2505500,399
MASSACHUSETTS,Hadley,2505580,87
MASSACHUSETTS,Halifax,2505610,105
MASSACHUSETTS,Hamilton-Wenham,2505670,357
MASSACHUSETTS,Hampden-Wilbraham,2505730,452
MASSACHUSETTS,Hampshire,2505740,180
MASSACHUSETTS,Hancock,2505760,10
MASSACHUSETTS,Hanover,2505790,499
MASSACHUSETTS,Harvard,2505880,119
MASSACHUSETTS,Hatfield,2505940,90
MASSACHUSETTS,Haverhill,2505970,1915
MASSACHUSETTS,Hawlemont,2506000,41
MASSACHUSETTS,Hingham,2506090,615
MASSACHUSETTS,Holbrook,2506150,273
MASSACHUSETTS,Holland,2506210,32
MASSACHUSETTS,Holliston,2506240,486
MASSACHUSETTS,Holyoke,2506270,1533
MASSACHUSETTS,Hopedale,2506300,239
MASSACHUSETTS,Hopkinton,2506330,479
MASSACHUSETTS,Hudson,2506390,473
MASSACHUSETTS,Hull,2506420,188
MASSACHUSETTS,Ipswich,2506480,313
MASSACHUSETTS,King Philip,2506510,323
MASSACHUSETTS,Kingston,2506540,202
MASSACHUSETTS,Lawrence,2506660,2538
MASSACHUSETTS,Lee,2506690,106
MASSACHUSETTS,Leicester,2506720,258
MASSACHUSETTS,Lenox,2506750,80
MASSACHUSETTS,Leominster,2506780,1471
MASSACHUSETTS,Leverett,2506810,15
MASSACHUSETTS,Lexington,2506840,1068
MASSACHUSETTS,Lincoln,2506900,235
MASSACHUSETTS,Lincoln-Sudbury,2506930,320
MASSACHUSETTS,Littleton,2506960,270
MASSACHUSETTS,Longmeadow,2506990,535
MASSACHUSETTS,Lowell,2507020,2627
MASSACHUSETTS,Ludlow,2507050,412
MASSACHUSETTS,Lunenburg,2507080,260
MASSACHUSETTS,Lynn,2507110,2755
MASSACHUSETTS,Lynnfield,2507140,392
MASSACHUSETTS,Malden,2507170,1147
MASSACHUSETTS,Mansfield,2507230,609
MASSACHUSETTS,Marblehead,2507260,588
MASSACHUSETTS,Marion,2507290,88
MASSACHUSETTS,Marlborough,2507320,842
MASSACHUSETTS,Marshfield,2507350,719
MASSACHUSETTS,Martha's Vineyard,2507380,153
MASSACHUSETTS,Masconomet,2507410,323
MASSACHUSETTS,Mashpee,2507440,252
MASSACHUSETTS,Mattapoisett,2507470,71
MASSACHUSETTS,Maynard,2507500,242
MASSACHUSETTS,Medfield,2507530,338
MASSACHUSETTS,Medford,2507560,867
MASSACHUSETTS,Medway,2507590,382
MASSACHUSETTS,Melrose,2507620,632
MASSACHUSETTS,Mendon-Upton,2507680,359
MASSACHUSETTS,Methuen,2507740,1364
MASSACHUSETTS,Middleborough,2507770,597
MASSACHUSETTS,Middleton,2507830,122
MASSACHUSETTS,Milford,2507860,730
MASSACHUSETTS,Millbury,2507890,334
MASSACHUSETTS,Millis,2507920,166
MASSACHUSETTS,Milton,2507980,644
MASSACHUSETTS,Minuteman Regional Vocational Technical,2507985,305
MASSACHUSETTS,Mohawk Trail,2507990,195
MASSACHUSETTS,Monson,2508040,179
MASSACHUSETTS,Montachusett Regional Vocational Technical,2508050,212
MASSACHUSETTS,Mount Greylock,2508160,172
MASSACHUSETTS,Nahant,2508220,34
MASSACHUSETTS,Nantucket,2508250,272
MASSACHUSETTS,Narragansett,2508280,246
MASSACHUSETTS,Nashoba,2508310,570
MASSACHUSETTS,Nashoba Valley Regional Vocational Technical,2508320,234
MASSACHUSETTS,Natick,2508340,873
MASSACHUSETTS,Needham,2508370,1031
MASSACHUSETTS,New Bedford,2508430,2754
MASSACHUSETTS,Greater New Bedford Regional Vocational Technical,2508440,224
MASSACHUSETTS,New Salem-Wendell,2508530,23
MASSACHUSETTS,Newburyport,2508580,410
MASSACHUSETTS,Newton,2508610,2323
MASSACHUSETTS,Norfolk,2508640,183
MASSACHUSETTS,Norfolk County Agricultural,2508650,111
MASSACHUSETTS,North Adams,2508670,351
MASSACHUSETTS,North Andover,2508700,777
MASSACHUSETTS,North Attleborough,2508730,708
MASSACHUSETTS,North Brookfield,2508760,129
MASSACHUSETTS,North Middlesex,2508790,731
MASSACHUSETTS,North Reading,2508820,449
MASSACHUSETTS,Northampton,2508850,572
MASSACHUSETTS,Northampton-Smith Vocational Agricultural,2508860,202
MASSACHUSETTS,Northborough,2508880,338
MASSACHUSETTS,Northboro-Southboro,2508910,201
MASSACHUSETTS,Northbridge,2508940,340
MASSACHUSETTS,Northern Berkshire Regional Vocational Technical,2508950,89
MASSACHUSETTS,Northeast Metropolitan Regional Vocational Technical,2508960,299
MASSACHUSETTS,Norton,2509000,531
MASSACHUSETTS,Norwell,2509030,368
MASSACHUSETTS,Norwood,2509060,755
MASSACHUSETTS,Edgartown,2509090,95
MASSACHUSETTS,Old Colony Regional Vocational Technical,2509140,131
MASSACHUSETTS,Old Rochester,2509150,151
MASSACHUSETTS,Orange,2509180,147
MASSACHUSETTS,Orleans,2509210,34
MASSACHUSETTS,Oxford,2509270,268
MASSACHUSETTS,Palmer,2509300,264
MASSACHUSETTS,Pathfinder Regional Vocational Technical,2509310,172
MASSACHUSETTS,Peabody,2509360,1239
MASSACHUSETTS,Pelham,2509390,25
MASSACHUSETTS,Pembroke,2509420,413
MASSACHUSETTS,Pentucket,2509450,538
MASSACHUSETTS,Petersham,2509540,23
MASSACHUSETTS,Pioneer Valley,2509600,151
MASSACHUSETTS,Pittsfield,2509630,1174
MASSACHUSETTS,Plainville,2509690,139
MASSACHUSETTS,Plymouth,2509720,1546
MASSACHUSETTS,Plympton,2509780,34
MASSACHUSETTS,Provincetown,2509840,25
MASSACHUSETTS,Quincy,2509870,1847
MASSACHUSETTS,Ralph C Mahar,2509900,148
MASSACHUSETTS,Randolph,2509930,687
MASSACHUSETTS,Reading,2509990,727
MASSACHUSETTS,Revere,2510050,1279
MASSACHUSETTS,Richmond,2510080,3
MASSACHUSETTS,Rochester,2510140,93
MASSACHUSETTS,Rockland,2510170,402
MASSACHUSETTS,Rockport,2510200,178
MASSACHUSETTS,Rowe,2510230,22
MASSACHUSETTS,Salem,2510380,876
MASSACHUSETTS,Sandwich,2510470,478
MASSACHUSETTS,Saugus,2510500,501
MASSACHUSETTS,Savoy,2510530,12
MASSACHUSETTS,Scituate,2510560,434
MASSACHUSETTS,Seekonk,2510590,382
MASSACHUSETTS,Shawsheen Valley Regional Vocational Technical,2510615,341
MASSACHUSETTS,Sharon,2510620,580
MASSACHUSETTS,Sherborn,2510710,67
MASSACHUSETTS,Shrewsbury,2510770,956
MASSACHUSETTS,Shutesbury,2510800,19
MASSACHUSETTS,Silver Lake,2510830,291
MASSACHUSETTS,Somerset,2510860,341
MASSACHUSETTS,Somerville,2510890,1047
MASSACHUSETTS,South Hadley,2510920,338
MASSACHUSETTS,South Shore Regional Vocational Technical,2510930,185
MASSACHUSETTS,Southampton,2510950,93
MASSACHUSETTS,Southborough,2510980,204
MASSACHUSETTS,Southbridge,2511010,404
MASSACHUSETTS,Southeastern Regional Vocational Technical,2511020,203
MASSACHUSETTS,Southern Berkshire,2511040,120
MASSACHUSETTS,Southern Worcester County Regional Vocational Technical,2511050,166
MASSACHUSETTS,South Middlesex Regional Vocational Technical,2511060,340
MASSACHUSETTS,Springfield,2511130,6176
MASSACHUSETTS,Institutional Schools,2511150,NA
MASSACHUSETTS,Stoneham,2511220,498
MASSACHUSETTS,Stoughton,2511250,614
MASSACHUSETTS,Sturbridge,2511310,121
MASSACHUSETTS,Sudbury,2511340,499
MASSACHUSETTS,Sunderland,2511370,45
MASSACHUSETTS,Sutton,2511400,249
MASSACHUSETTS,Swampscott,2511430,408
MASSACHUSETTS,Swansea,2511460,278
MASSACHUSETTS,Tantasqua,2511490,192
MASSACHUSETTS,Taunton,2511520,1613
MASSACHUSETTS,Tewksbury,2511580,646
MASSACHUSETTS,Topsfield,2511670,114
MASSACHUSETTS,Truro,2511730,21
MASSACHUSETTS,Tri-County Regional Vocational Technical,2511735,301
MASSACHUSETTS,Triton,2511740,431
MASSACHUSETTS,Tyngsborough,2511760,284
MASSACHUSETTS,Upper Cape Cod Regional Vocational Technical,2511800,164
MASSACHUSETTS,Uxbridge,2511850,306
MASSACHUSETTS,Wachusett,2511880,1100
MASSACHUSETTS,Wakefield,2511910,578
MASSACHUSETTS,Wales,2511940,33
MASSACHUSETTS,Walpole,2511970,557
MASSACHUSETTS,Waltham,2512000,886
MASSACHUSETTS,Ware,2512030,250
MASSACHUSETTS,Wareham,2512060,581
MASSACHUSETTS,Quaboag Regional,2512100,233
MASSACHUSETTS,Watertown,2512180,523
MASSACHUSETTS,Wayland,2512210,522
MASSACHUSETTS,Webster,2512240,436
MASSACHUSETTS,Wellesley,2512270,838
MASSACHUSETTS,Wellfleet,2512300,21
MASSACHUSETTS,West Boylston,2512390,172
MASSACHUSETTS,West Bridgewater,2512420,149
MASSACHUSETTS,West Springfield,2512510,790
MASSACHUSETTS,Tisbury,2512570,49
MASSACHUSETTS,Westborough,2512600,645
MASSACHUSETTS,Westfield,2512630,1073
MASSACHUSETTS,Westford,2512660,759
MASSACHUSETTS,Westhampton,2512690,27
MASSACHUSETTS,Weston,2512750,369
MASSACHUSETTS,Westport,2512780,272
MASSACHUSETTS,Westwood,2512810,561
MASSACHUSETTS,Weymouth,2512840,1265
MASSACHUSETTS,Whately,2512870,15
MASSACHUSETTS,Whitman-Hanson,2512930,600
MASSACHUSETTS,Whittier Regional Vocational Technical,2512950,270
MASSACHUSETTS,Williamsburg,2512990,25
MASSACHUSETTS,Wilmington,2513050,612
MASSACHUSETTS,Winchendon,2513080,276
MASSACHUSETTS,Winchester,2513110,798
MASSACHUSETTS,Winthrop,2513170,297
MASSACHUSETTS,Woburn,2513200,804
MASSACHUSETTS,Worcester,2513230,5462
MASSACHUSETTS,Worthington,2513260,17
MASSACHUSETTS,Wrentham,2513290,175
MASSACHUSETTS,Farmington River Reg,2513321,24
MICHIGAN,Michigan Department of Corrections,2600001,118
MICHIGAN,Michigan Department of Human Services,2600004,13
MICHIGAN,Battle Creek Public Schools,2600005,676
MICHIGAN,Bessemer Area School District,2600006,70
MICHIGAN,Harbor Beach Community Schools,2600007,65
MICHIGAN,Sigel Township S/D #3F,2600010,3
MICHIGAN,Sigel Township S/D #4F,2600011,3
MICHIGAN,St. Ignace Area Schools,2600012,80
MICHIGAN,Marquette Area Public Schools,2600013,516
MICHIGAN,Ewen-Trout Creek Consolidated School District,2600014,35
MICHIGAN,Wayne-Westland Community School District,2600015,1757
MICHIGAN,Crestwood School District,2600016,363
MICHIGAN,Bad Axe Public Schools,2600017,166
MICHIGAN,L'Anse Area Schools,2600018,85
MICHIGAN,Superior Central School District,2600019,38
MICHIGAN,Windover High School,2600020,40
MICHIGAN,Bay-Arenac Community High School,2600067,30
MICHIGAN,Pansophia Academy,2600068,35
MICHIGAN,Concord Academy - Boyne,2600069,21
MICHIGAN,Charlevoix Montessori Academy for the Arts,2600070,15
MICHIGAN,Joseph K. Lumsden Bahweting Anishnabe Academy,2600071,79
MICHIGAN,Island City Academy,2600073,7
MICHIGAN,Concord Academy - Petoskey,2600074,28
MICHIGAN,Woodland Park Academy,2600076,53
MICHIGAN,Woodland School,2600078,25
MICHIGAN,Cole Academy,2600079,25
MICHIGAN,Mid-Michigan Leadership Academy,2600082,42
MICHIGAN,Renaissance Public School Academy,2600087,53
MICHIGAN,Da Vinci Institute,2600088,100
MICHIGAN,New Branches Charter Academy,2600090,31
MICHIGAN,West MI Academy of Environmental Science,2600092,94
MICHIGAN,Excel Charter Academy,2600093,78
MICHIGAN,Byron Center Charter School,2600096,28
MICHIGAN,Vista Charter Academy,2600097,75
MICHIGAN,Vanguard Charter Academy,2600098,69
MICHIGAN,Kensington Woods Schools,2600099,22
MICHIGAN,Charyl Stockwell Academy,2600100,97
MICHIGAN,Macomb Academy,2600101,37
MICHIGAN,Nah Tah Wahsh Public School Academy,2600103,28
MICHIGAN,Big Jackson School District,2600105,3
MICHIGAN,AGBU Alex-Marie Manoogian School,2600106,13
MICHIGAN,Walden Green Montessori,2600112,29
MICHIGAN,West MI Academy of Arts and Academics,2600113,50
MICHIGAN,Black River Public School,2600114,117
MICHIGAN,Vanderbilt Charter Academy,2600115,44
MICHIGAN,Honey Creek Community School,2600121,28
MICHIGAN,Plymouth Educational Center Charter School,2600125,40
MICHIGAN,Martin Luther King Jr. Education Center Academy,2600131,14
MICHIGAN,Eaton Academy,2600136,38
MICHIGAN,Summit Academy,2600137,50
MICHIGAN,Cesar Chavez Academy,2600139,320
MICHIGAN,Commonwealth Community Development Academy,2600140,9
MICHIGAN,Countryside Academy,2600142,93
MICHIGAN,Hillsdale Preparatory School,2600143,12
MICHIGAN,Flat River Academy,2600145,20
MICHIGAN,Knapp Charter Academy,2600148,68
MICHIGAN,Walker Charter Academy,2600149,83
MICHIGAN,Cross Creek Charter Academy,2600150,81
MICHIGAN,Chatfield School,2600151,38
MICHIGAN,Casman Alternative Academy,2600152,19
MICHIGAN,North Star Academy,2600153,56
MICHIGAN,Pontiac Academy for Excellence,2600156,82
MICHIGAN,Great Lakes Academy,2600157,30
MICHIGAN,Eagle Crest Charter Academy,2600159,91
MICHIGAN,Saginaw Preparatory Academy,2600161,36
MICHIGAN,Central Academy,2600163,34
MICHIGAN,Washtenaw Technical Middle College,2600164,24
MICHIGAN,Academy for Business and Technology,2600166,83
MICHIGAN,Chandler Park Academy,2600168,106
MICHIGAN,Marvin L. Winans Academy of Performing Arts,2600169,21
MICHIGAN,Detroit Community Schools,2600170,59
MICHIGAN,Henry Ford Academy,2600171,53
MICHIGAN,The Dearborn Academy,2600173,41
MICHIGAN,Detroit Academy of Arts and Sciences,2600174,67
MICHIGAN,Dove Academy of Detroit,2600175,67
MICHIGAN,Barack Obama Leadership Academy,2600178,31
MICHIGAN,Arbor Academy,2600181,20
MICHIGAN,Will Carleton Charter School Academy,2600182,31
MICHIGAN,Oakland Academy,2600184,8
MICHIGAN,William C. Abney Academy,2600185,44
MICHIGAN,Crossroads Charter Academy,2600186,81
MICHIGAN,Benton Harbor Charter School Academy,2600191,35
MICHIGAN,Endeavor Charter Academy,2600192,90
MICHIGAN,Grand Blanc Academy,2600193,49
MICHIGAN,Northridge Academy,2600194,28
MICHIGAN,International Academy of Flint,2600195,103
MICHIGAN,Linden Charter Academy,2600197,76
MICHIGAN,White Pine Academy,2600200,8
MICHIGAN,Windemere Park Charter Academy,2600203,57
MICHIGAN,Paragon Charter Academy,2600204,37
MICHIGAN,Paramount Charter Academy,2600206,80
MICHIGAN,Creative Technologies Academy,2600207,33
MICHIGAN,Ridge Park Charter Academy,2600208,55
MICHIGAN,Chandler Woods Charter Academy,2600209,70
MICHIGAN,Conner Creek Academy East,2600210,126
MICHIGAN,Huron Academy,2600211,54
MICHIGAN,Global Preparatory Academy,2600212,12
MICHIGAN,New Bedford Academy,2600213,16
MICHIGAN,Timberland Academy,2600214,89
MICHIGAN,Dr. Joseph F. Pollack Academic Center of Excellence,2600215,40
MICHIGAN,Holly Academy,2600216,61
MICHIGAN,Oakland International Academy,2600217,49
MICHIGAN,Francis Reh PSA,2600218,51
MICHIGAN,North Saginaw Charter Academy,2600219,75
MICHIGAN,Landmark Academy,2600220,118
MICHIGAN,Ann Arbor Learning Community,2600222,7
MICHIGAN,South Arbor Charter Academy,2600223,70
MICHIGAN,George Crockett Academy,2600224,61
MICHIGAN,Summit Academy North,2600225,244
MICHIGAN,Voyageur Academy,2600227,90
MICHIGAN,Star International Academy,2600228,97
MICHIGAN,Hope Academy,2600229,43
MICHIGAN,Weston Preparatory Academy,2600230,36
MICHIGAN,Detroit Edison Public School Academy,2600232,52
MICHIGAN,David Ellis Academy,2600234,22
MICHIGAN,Universal Academy,2600237,37
MICHIGAN,Detroit Service Learning Academy,2600239,132
MICHIGAN,Old Redford Academy,2600242,148
MICHIGAN,Hope of Detroit Academy,2600243,142
MICHIGAN,Joy Preparatory Academy,2600244,28
MICHIGAN,West Village Academy,2600245,45
MICHIGAN,George Washington Carver Academy,2600249,43
MICHIGAN,Marshall Academy,2600250,42
MICHIGAN,Burton Glen Charter Academy,2600251,101
MICHIGAN,Grand Rapids Child Discovery Center,2600252,20
MICHIGAN,Walton Charter Academy,2600254,63
MICHIGAN,Advanced Technology Academy,2600255,95
MICHIGAN,Metro Charter Academy,2600262,50
MICHIGAN,Canton Charter Academy,2600263,50
MICHIGAN,State Street Academy,2600264,17
MICHIGAN,Grand Traverse Academy,2600265,105
MICHIGAN,Arts and Technology Academy of Pontiac,2600267,92
MICHIGAN,Presque Isle Academy,2600269,3
MICHIGAN,Creative Montessori Academy,2600270,103
MICHIGAN,Warrendale Charter Academy,2600271,60
MICHIGAN,Arts Academy in the Woods,2600273,71
MICHIGAN,Outlook Academy,2600274,15
MICHIGAN,Battle Creek Area Learning Center,2600275,37
MICHIGAN,Trillium Academy,2600277,78
MICHIGAN,Detroit Merit Charter Academy,2600278,73
MICHIGAN,Michigan School for the Deaf,2600280,3
MICHIGAN,Merritt Academy,2600281,62
MICHIGAN,Mt. Clemens Montessori Academy,2600283,17
MICHIGAN,Bradford Academy,2600284,208
MICHIGAN,Ojibwe Charter School,2600285,26
MICHIGAN,Richfield Public School Academy,2600286,127
MICHIGAN,Hamtramck Academy,2600287,29
MICHIGAN,Three Oaks Public School Academy,2600288,65
MICHIGAN,Keystone Academy,2600289,53
MICHIGAN,Riverside Academy,2600291,64
MICHIGAN,Life Skills Center of Pontiac,2600292,23
MICHIGAN,Great Oaks Academy,2600294,69
MICHIGAN,Crescent Academy,2600295,45
MICHIGAN,Laurus Academy,2600296,70
MICHIGAN,Mildred C. Wells Preparatory Academy,2600297,27
MICHIGAN,Universal Learning Academy,2600300,53
MICHIGAN,Frontier International Academy,2600301,37
MICHIGAN,Detroit Enterprise Academy,2600302,87
MICHIGAN,Hanley International Academy,2600305,58
MICHIGAN,Bridge Academy,2600306,33
MICHIGAN,Detroit Premier Academy,2600307,58
MICHIGAN,Academy of Warren,2600308,69
MICHIGAN,Prevail Academy,2600310,82
MICHIGAN,Triumph Academy,2600311,80
MICHIGAN,American Montessori Academy,2600312,44
MICHIGAN,Fortis Academy,2600314,73
MICHIGAN,Multicultural Academy,2600315,14
MICHIGAN,St. Clair County Intervention Academy,2600316,17
MICHIGAN,Madison Academy,2600317,63
MICHIGAN,Saginaw Learn to Earn Academy,2600318,24
MICHIGAN,Covenant House Academy Detroit,2600322,76
MICHIGAN,Academic and Career Education Academy,2600330,27
MICHIGAN,Taylor Exemplar Academy,2600331,94
MICHIGAN,David Ellis Academy West,2600333,52
MICHIGAN,ACE Academy (SDA),2600943,34
MICHIGAN,Flagship Charter Academy,2600945,55
MICHIGAN,International Academy of Saginaw,2600946,25
MICHIGAN,Clara B. Ford Academy (SDA),2600947,47
MICHIGAN,Lighthouse Academy,2600949,124
MICHIGAN,Reach Charter Academy,2600950,56
MICHIGAN,Vista Meadows Academy,2600951,34
MICHIGAN,University Preparatory Science and Math (PSAD),2600952,134
MICHIGAN,Youth Advancement Academy,2600955,4
MICHIGAN,University Preparatory Academy (PSAD),2600956,236
MICHIGAN,Washington-Parks Academy,2600958,123
MICHIGAN,Lansing Charter Academy,2600959,74
MICHIGAN,Michigan Department of Community Health,2600960,3
MICHIGAN,University Prepararatory Art & Design,2600961,139
MICHIGAN,Achieve Charter Academy,2600963,46
MICHIGAN,Four Corners Montessori Academy,2600964,41
MICHIGAN,Quest Charter Academy,2600965,89
MICHIGAN,Three Lakes Academy,2600966,20
MICHIGAN,Michigan Mathematics and Science Academy,2600967,67
MICHIGAN,Virtual Learning Academy of St. Clair County,2600968,19
MICHIGAN,Michigan Connections Academy,2600969,245
MICHIGAN,Leelanau Montessori Public School Academy,2600970,7
MICHIGAN,University Yes Academy,2600971,39
MICHIGAN,Michigan Virtual Charter Academy,2600972,463
MICHIGAN,Global Heights Academy,2600973,31
MICHIGAN,Detroit Leadership Academy,2600974,84
MICHIGAN,West Michigan Aviation Academy,2600977,26
MICHIGAN,Legacy Charter Academy,2600979,62
MICHIGAN,DeTour Arts and Technology Academy,2600980,7
MICHIGAN,Wellspring Preparatory High School,2600981,27
MICHIGAN,Relevant Academy of Eaton County,2600982,17
MICHIGAN,The Greenspire School,2600983,16
MICHIGAN,FlexTech High School,2600984,21
MICHIGAN,Regent Park Scholars Charter Academy,2600985,71
MICHIGAN,American International Academy,2600986,80
MICHIGAN,Hope Academy of West Michigan,2600988,34
MICHIGAN,Arbor Preparatory High School,2600989,37
MICHIGAN,Forest Academy,2600990,19
MICHIGAN,Blue Water Middle College,2600992,3
MICHIGAN,Jalen Rose Leadership Academy,2600993,59
MICHIGAN,Noor International Academy,2600995,15
MICHIGAN,East Arbor Charter Academy,2600996,63
MICHIGAN,South Canton Scholars Charter Academy,2600997,55
MICHIGAN,New Paradigm Glazer-Loving Academy,2600998,26
MICHIGAN,Bay City Academy,2601000,68
MICHIGAN,Detroit Innovation Academy,2601003,27
MICHIGAN,WSC Academy,2601006,24
MICHIGAN,Madison-Carver Academy,2601008,54
MICHIGAN,Michigan Educational Choice Center,2601010,32
MICHIGAN,Innocademy,2601011,36
MICHIGAN,Rutherford Winans Academy,2601012,6
MICHIGAN,Capstone Academy Charter School (SDA),2601013,24
MICHIGAN,Highland Park Public School Academy System,2601014,24
MICHIGAN,Evergreen Academy,2601015,3
MICHIGAN,Caniff Liberty Academy,2601016,29
MICHIGAN,NexTech High School,2601017,9
MICHIGAN,The New Standard Academy,2601018,53
MICHIGAN,NexTech High School of Lansing,2601019,20
MICHIGAN,Plymouth Scholars Charter Academy,2601020,66
MICHIGAN,South Pointe Scholars Charter Academy,2601021,83
MICHIGAN,W-A-Y Academy,2601023,40
MICHIGAN,Faxon Academy,2601027,4
MICHIGAN,Charlton Heston Academy,2601028,91
MICHIGAN,Muskegon Heights Public School Academy System,2601029,132
MICHIGAN,Cornerstone Health and Technology School,2601030,73
MICHIGAN,River City Scholars Charter Academy,2601031,51
MICHIGAN,Escuela Avancemos,2601032,23
MICHIGAN,MacDowell Preparatory Academy,2601033,32
MICHIGAN,Alternative Educational Academy of Iosco County,2601034,32
MICHIGAN,Macomb Montessori Academy,2601035,32
MICHIGAN,Tipton Academy,2601036,51
MICHIGAN,Greater Heights Academy,2601037,32
MICHIGAN,Genesee STEM Academy,2601039,31
MICHIGAN,ICademy Global,2601040,36
MICHIGAN,Sarah J. Webber Media Arts Academy,2601041,6
MICHIGAN,Branch Line School,2601042,29
MICHIGAN,FlexTech High School - Novi,2601043,19
MICHIGAN,Jackson Preparatory & Early College,2601044,19
MICHIGAN,Momentum Academy,2601045,19
MICHIGAN,Kingsbury Country Day School,2601046,26
MICHIGAN,Rising Stars Academy,2601047,53
MICHIGAN,Detroit Achievement Academy,2601048,34
MICHIGAN,Great Lakes Cyber Academy,2601050,168
MICHIGAN,The James and Grace Lee Boggs School,2601051,23
MICHIGAN,Waterford Montessori Academy,2601053,34
MICHIGAN,Battle Creek Montessori Academy,2601055,18
MICHIGAN,WAY Academy - Flint,2601056,14
MICHIGAN,LifeTech Academy,2601058,30
MICHIGAN,Taylor Preparatory High School,2601061,54
MICHIGAN,Detroit Public Safety Academy,2601062,53
MICHIGAN,Lakeside Charter School - Kalamazoo,2601063,49
MICHIGAN,Global Tech Academy,2601064,20
MICHIGAN,Covenant House Academy Grand Rapids,2601066,42
MICHIGAN,Muskegon Montessori Academy for Environmental Change,2601067,18
MICHIGAN,Oakside Scholars Charter Academy,2601068,100
MICHIGAN,Michigan Great Lakes Virtual Academy,2601070,505
MICHIGAN,Innocademy Allegan Campus,2601071,23
MICHIGAN,Blended Learning Academies Credit Recovery High School,2601072,39
MICHIGAN,WAY Michigan,2601074,29
MICHIGAN,New Paradigm College Prep,2601075,14
MICHIGAN,Pathways Academy,2601076,14
MICHIGAN,Insight School of Michigan,2601077,127
MICHIGAN,Canton Preparatory High School,2601080,39
MICHIGAN,Grand River Academy,2601082,81
MICHIGAN,Eagle's Nest Academy,2601083,12
MICHIGAN,Muskegon Covenant Academy,2601088,18
MICHIGAN,New School High,2601089,22
MICHIGAN,East Shore Leadership Academy,2601090,22
MICHIGAN,Alternative Educational Academy of Ogemaw County,2601092,26
MICHIGAN,Lake Superior Academy,2601093,3
MICHIGAN,Grand River Preparatory High School,2601095,41
MICHIGAN,Light of the World Academy,2601096,27
MICHIGAN,Gateway To Success Academy,2601097,27
MICHIGAN,Augusta Academy,2601098,3
MICHIGAN,Kalamazoo Covenant Academy,2601099,33
MICHIGAN,Keys Grace Academy,2601100,40
MICHIGAN,Cornerstone Jefferson-Douglass Academy,2601101,52
MICHIGAN,Detroit Public Schools Community District,2601103,6670
MICHIGAN,Success Virtual Learning Centers of Michigan,2601104,75
MICHIGAN,Saginaw Covenant Academy,2601106,7
MICHIGAN,Highpoint Virtual Academy of Michigan,2601107,125
MICHIGAN,Livingston Classical Academy,2601108,27
MICHIGAN,Inkster Preparatory Academy,2601110,8
MICHIGAN,Francis Street Primary School,2601111,6
MICHIGAN,Michigan Online School,2601112,62
MICHIGAN,Detroit Collegiate High School,2601113,28
MICHIGAN,Michigan International Prep School,2601114,75
MICHIGAN,Distinctive College Prep.,2601115,55
MICHIGAN,Pembroke Academy,2601116,15
MICHIGAN,Flex High School of Michigan,2601117,24
MICHIGAN,Lighthouse Connections Academy,2601118,65
MICHIGAN,Old Mission Peninsula School,2601119,16
MICHIGAN,Uplift Michigan Academy,2601120,21
MICHIGAN,The Woodley Leadership Academy,2601121,22
MICHIGAN,Flextech High School Shepherd,2601122,7
MICHIGAN,Ivywood Classical Academy,2601123,3
MICHIGAN,Flint Cultural Center Academy,2601124,30
MICHIGAN,Westfield Charter Academy,2601125,80
MICHIGAN,Lakeside Charter School - Albion,2601126,40
MICHIGAN,Adams Township School District,2601890,42
MICHIGAN,Addison Community Schools,2601920,129
MICHIGAN,Adrian Public Schools,2601950,462
MICHIGAN,Airport Community Schools,2601980,297
MICHIGAN,Akron-Fairgrove Schools,2602010,33
MICHIGAN,Alba Public Schools,2602040,18
MICHIGAN,Alcona Community Schools,2602160,79
MICHIGAN,Algonac Community School District,2602190,229
MICHIGAN,Allegan Public Schools,2602220,270
MICHIGAN,Allen Park Public Schools,2602520,498
MICHIGAN,Allendale Public Schools,2602550,279
MICHIGAN,Alma Public Schools,2602640,324
MICHIGAN,Almont Community Schools,2602670,190
MICHIGAN,Alpena Public Schools,2602730,375
MICHIGAN,Anchor Bay School District,2602790,876
MICHIGAN,Ann Arbor Public Schools,2602820,2238
MICHIGAN,Armada Area Schools,2603240,222
MICHIGAN,Arvon Township School District,2603270,3
MICHIGAN,Ashley Community Schools,2603480,50
MICHIGAN,Athens Area Schools,2603510,77
MICHIGAN,Atherton Community Schools,2603540,141
MICHIGAN,Atlanta Community Schools,2603570,38
MICHIGAN,Au Gres-Sims School District,2603600,52
MICHIGAN,AuTrain-Onota Public Schools,2603660,4
MICHIGAN,Avondale School District,2603690,513
MICHIGAN,Baldwin Community Schools,2603810,98
MICHIGAN,Bangor Public Schools (Van Buren),2603870,159
MICHIGAN,Bangor Township Schools,2603900,283
MICHIGAN,Bangor Township S/D #8,2603960,3
MICHIGAN,Baraga Area Schools,2603990,59
MICHIGAN,Bark River-Harris School District,2604020,77
MICHIGAN,Bath Community Schools,2604170,109
MICHIGAN,Bay City School District,2604260,1056
MICHIGAN,Beal City Public Schools,2604290,87
MICHIGAN,Bear Lake Schools,2604320,38
MICHIGAN,Beaver Island Community School,2604350,7
MICHIGAN,Beaverton Schools,2604440,173
MICHIGAN,Bedford Public Schools,2604470,450
MICHIGAN,Beecher Community School District,2604500,97
MICHIGAN,Belding Area School District,2604530,242
MICHIGAN,Bellaire Public Schools,2604620,40
MICHIGAN,Bellevue Community Schools,2604650,112
MICHIGAN,Bendle Public Schools,2604740,172
MICHIGAN,Bentley Community School District,2604800,108
MICHIGAN,Benton Harbor Area Schools,2604830,340
MICHIGAN,Benzie County Central Schools,2604950,190
MICHIGAN,Berkley School District,2605010,376
MICHIGAN,Berlin Township S/D #3,2605100,3
MICHIGAN,Berrien Springs Public Schools,2605430,319
MICHIGAN,Big Bay De Noc School District,2605690,21
MICHIGAN,Big Rapids Public Schools,2605780,276
MICHIGAN,Birch Run Area Schools,2605820,238
MICHIGAN,Birmingham Public Schools,2605850,977
MICHIGAN,Blissfield Community Schools,2606000,139
MICHIGAN,Bloomfield Hills Schools,2606090,740
MICHIGAN,Bloomingdale Public School District,2606270,153
MICHIGAN,Bois Blanc Pines School District,2606300,NA
MICHIGAN,Boyne City Public Schools,2606500,138
MICHIGAN,Boyne Falls Public School District,2606510,39
MICHIGAN,Brandon School District in the Counties of Oakland and Lapee,2606570,284
MICHIGAN,Brandywine Community Schools,2606600,133
MICHIGAN,Breckenridge Community Schools,2606630,72
MICHIGAN,Breitung Township School District,2606720,291
MICHIGAN,Bridgeport-Spaulding Community School District,2606780,266
MICHIGAN,Bridgman Public Schools,2606840,130
MICHIGAN,Brighton Area Schools,2606870,732
MICHIGAN,Brimley Area Schools,2606900,78
MICHIGAN,Britton Deerfield Schools,2606930,84
MICHIGAN,Bronson Community School District,2606960,107
MICHIGAN,Columbia School District,2606990,206
MICHIGAN,Brown City Community Schools,2607040,127
MICHIGAN,Flat Rock Community Schools,2607080,312
MICHIGAN,Buchanan Community Schools,2607140,192
MICHIGAN,Buckley Community Schools,2607170,58
MICHIGAN,Bullock Creek School District,2607320,280
MICHIGAN,Burr Oak Community School District,2607410,24
MICHIGAN,Burt Township School District,2607470,4
MICHIGAN,Byron Area Schools,2607530,123
MICHIGAN,Byron Center Public Schools,2607560,389
MICHIGAN,Cadillac Area Public Schools,2607590,413
MICHIGAN,Caledonia Community Schools,2607620,588
MICHIGAN,Public Schools of Calumet Laurium & Keweenaw,2607690,148
MICHIGAN,Camden-Frontier School,2607710,65
MICHIGAN,Capac Community Schools,2607800,167
MICHIGAN,Carman-Ainsworth Community Schools,2607890,570
MICHIGAN,Carney-Nadeau Public Schools,2608010,40
MICHIGAN,Caro Community Schools,2608040,193
MICHIGAN,Carrollton Public Schools,2608070,345
MICHIGAN,Carson City-Crystal Area Schools,2608130,116
MICHIGAN,Carsonville-Port Sanilac School District,2608160,57
MICHIGAN,Caseville Public Schools,2608280,47
MICHIGAN,Cass City Public Schools,2608400,87
MICHIGAN,Cassopolis Public Schools,2608430,130
MICHIGAN,Cedar Springs Public Schools,2608520,498
MICHIGAN,Center Line Public Schools,2608580,323
MICHIGAN,Central Lake Public Schools,2608610,42
MICHIGAN,Central Montcalm Public Schools,2608640,177
MICHIGAN,Centreville Public Schools,2608670,99
MICHIGAN,Charlevoix Public Schools,2608730,95
MICHIGAN,Charlotte Public Schools,2608770,337
MICHIGAN,Chassell Township School District,2608880,25
MICHIGAN,Cheboygan Area Schools,2608910,159
MICHIGAN,Chelsea School District,2608940,242
MICHIGAN,Chesaning Union Schools,2609150,223
MICHIGAN,Chippewa Hills School District,2609560,287
MICHIGAN,Chippewa Valley Schools,2609570,1945
MICHIGAN,Church School District,2609630,5
MICHIGAN,Clare Public Schools,2609750,156
MICHIGAN,Clarenceville School District,2609840,207
MICHIGAN,Clarkston Community School District,2609900,1036
MICHIGAN,Clawson Public Schools,2609930,292
MICHIGAN,Climax-Scotts Community Schools,2610020,47
MICHIGAN,Clinton Community Schools,2610050,103
MICHIGAN,Clintondale Community Schools,2610080,472
MICHIGAN,Clio Area School District,2610110,299
MICHIGAN,Coldwater Community Schools,2610140,195
MICHIGAN,Coleman Community Schools,2610200,129
MICHIGAN,Colfax Township S/D #1F,2610230,3
MICHIGAN,Coloma Community Schools,2610380,143
MICHIGAN,Colon Community School District,2610410,74
MICHIGAN,Fairview Area School District,2610560,62
MICHIGAN,Comstock Public Schools,2610590,272
MICHIGAN,Comstock Park Public Schools,2610620,216
MICHIGAN,Concord Community Schools,2610650,96
MICHIGAN,Constantine Public School District,2610750,157
MICHIGAN,Coopersville Area Public School District,2610830,336
MICHIGAN,Corunna Public Schools,2610860,321
MICHIGAN,Covert Public Schools,2610980,64
MICHIGAN,Crawford AuSable Schools,2611030,208
MICHIGAN,Croswell-Lexington Community Schools,2611140,283
MICHIGAN,Forest Park School District,2611190,67
MICHIGAN,Dansville Schools,2611400,67
MICHIGAN,Davison Community Schools,2611430,625
MICHIGAN,DeWitt Public Schools,2611550,258
MICHIGAN,Dearborn City School District,2611600,1854
MICHIGAN,Dearborn Heights School District #7,2611610,341
MICHIGAN,Westwood Community School District,2611640,267
MICHIGAN,Decatur Public Schools,2611670,88
MICHIGAN,Deckerville Community School District,2611700,95
MICHIGAN,Delton Kellogg Schools,2611910,191
MICHIGAN,DeTour Area Schools,2611970,8
MICHIGAN,Dexter Community School District,2612030,462
MICHIGAN,Dowagiac Union School District,2612150,425
MICHIGAN,Dryden Community Schools,2612240,77
MICHIGAN,Dundee Community Schools,2612300,128
MICHIGAN,Durand Area Schools,2612330,232
MICHIGAN,East China School District,2612420,557
MICHIGAN,Eastpointe Community Schools,2612450,524
MICHIGAN,East Grand Rapids Public Schools,2612480,166
MICHIGAN,East Jackson Community Schools,2612540,164
MICHIGAN,East Jordan Public Schools,2612560,111
MICHIGAN,East Lansing School District,2612600,330
MICHIGAN,Easton Township S/D #6,2612660,5
MICHIGAN,Eaton Rapids Public Schools,2612690,312
MICHIGAN,Eau Claire Public Schools,2612810,57
MICHIGAN,Ecorse Public Schools,2612930,125
MICHIGAN,Montabella Community Schools,2612960,132
MICHIGAN,Edwardsburg Public Schools,2612990,297
MICHIGAN,Elk Rapids Schools,2613050,144
MICHIGAN,Elkton-Pigeon-Bay Port Laker Schools,2613090,162
MICHIGAN,Ellsworth Community School,2613110,23
MICHIGAN,Elm River Township School District,2613140,NA
MICHIGAN,Escanaba Area Public Schools,2613500,322
MICHIGAN,Essexville-Hampton Public Schools,2613530,155
MICHIGAN,Evart Public Schools,2613560,141
MICHIGAN,Excelsior Township S/D #1,2613680,3
MICHIGAN,Farmington Public School District,2614070,1090
MICHIGAN,Farwell Area Schools,2614100,164
MICHIGAN,Fennville Public Schools,2614230,121
MICHIGAN,Fenton Area Public Schools,2614250,469
MICHIGAN,Ferndale Public Schools,2614280,330
MICHIGAN,Fitzgerald Public Schools,2614460,372
MICHIGAN,Flint School District of the City of,2614520,844
MICHIGAN,Flushing Community Schools,2614550,523
MICHIGAN,Forest Area Community Schools,2614570,72
MICHIGAN,Forest Hills Public Schools,2614610,886
MICHIGAN,Gwinn Area Community Schools,2614690,196
MICHIGAN,Fowler Public Schools,2614700,42
MICHIGAN,Fowlerville Community Schools,2614730,333
MICHIGAN,Frankenmuth School District,2614760,150
MICHIGAN,Frankfort-Elberta Area Schools,2614790,57
MICHIGAN,Fraser Public Schools,2614820,615
MICHIGAN,Freeland Community School District,2615060,204
MICHIGAN,Fremont Public School District,2615150,233
MICHIGAN,Fruitport Community Schools,2615390,414
MICHIGAN,Fulton Schools,2615420,87
MICHIGAN,Galesburg-Augusta Community Schools,2615450,134
MICHIGAN,Glenn Public School District,2615510,6
MICHIGAN,Garden City Public Schools,2615540,691
MICHIGAN,Engadine Consolidated Schools,2615600,70
MICHIGAN,Gaylord Community Schools,2615730,336
MICHIGAN,Genesee School District,2615750,114
MICHIGAN,Roscommon Area Public Schools,2615830,145
MICHIGAN,Gibraltar School District,2615870,551
MICHIGAN,Gladstone Area Schools,2615970,176
MICHIGAN,Gladwin Community Schools,2615990,259
MICHIGAN,Glen Lake Community Schools,2616020,72
MICHIGAN,Gobles Public School District,2616050,79
MICHIGAN,Godfrey-Lee Public Schools,2616080,291
MICHIGAN,Godwin Heights Public Schools,2616110,274
MICHIGAN,Goodrich Area Schools,2616320,191
MICHIGAN,Grand Blanc Community Schools,2616350,988
MICHIGAN,Grand Haven Area Public Schools,2616380,864
MICHIGAN,Grand Ledge Public Schools,2616410,758
MICHIGAN,Grand Rapids Public Schools,2616440,2520
MICHIGAN,Grandville Public Schools,2616470,721
MICHIGAN,Grant Public School District,2616500,221
MICHIGAN,Grant Township S/D #2,2616560,NA
MICHIGAN,Grass Lake Community Schools,2616830,138
MICHIGAN,Greenville Public Schools,2617160,454
MICHIGAN,Grosse Ile Township Schools,2617220,209
MICHIGAN,Gull Lake Community Schools,2617250,282
MICHIGAN,Hagar Township S/D #6,2617340,11
MICHIGAN,Hale Area Schools,2617370,48
MICHIGAN,Hamilton Community Schools,2617400,329
MICHIGAN,Hamtramck School District of the City of,2617520,184
MICHIGAN,Hancock Public Schools,2617550,67
MICHIGAN,Hanover-Horton School District,2617640,118
MICHIGAN,Harbor Springs School District,2617700,63
MICHIGAN,Harper Creek Community Schools,2617730,366
MICHIGAN,Harper Woods The School District of the City of,2617760,258
MICHIGAN,Harrison Community Schools,2617820,236
MICHIGAN,Hart Public School District,2617860,179
MICHIGAN,Hartford Public Schools,2617880,149
MICHIGAN,Hartland Consolidated Schools,2617910,476
MICHIGAN,Haslett Public Schools,2617940,330
MICHIGAN,Hastings Area School District,2617970,341
MICHIGAN,Hazel Park School District of the City of,2618030,394
MICHIGAN,Hemlock Public School District,2618180,186
MICHIGAN,Hesperia Community Schools,2618270,156
MICHIGAN,Hillman Community Schools,2618360,47
MICHIGAN,Hillsdale Community Schools,2618390,175
MICHIGAN,Holland City School District,2618420,602
MICHIGAN,Holly Area School District,2618450,461
MICHIGAN,Holt Public Schools,2618480,697
MICHIGAN,Holton Public Schools,2618510,146
MICHIGAN,Homer Community School District,2618540,195
MICHIGAN,Hopkins Public Schools,2618570,150
MICHIGAN,Houghton Lake Community Schools,2618600,214
MICHIGAN,Howell Public Schools,2618720,819
MICHIGAN,Hudson Area Schools,2618810,116
MICHIGAN,Hudsonville Public School District,2618840,846
MICHIGAN,Huron School District,2618930,434
MICHIGAN,Huron Valley Schools,2618990,1222
MICHIGAN,Ida Public School District,2619050,139
MICHIGAN,Imlay City Community Schools,2619100,192
MICHIGAN,Inland Lakes Schools,2619170,70
MICHIGAN,Ionia Public Schools,2619250,529
MICHIGAN,Ionia Township S/D #2,2619290,NA
MICHIGAN,Iron Mountain Public Schools,2619410,117
MICHIGAN,Ironwood Area Schools of Gogebic County,2619470,117
MICHIGAN,Ishpeming Public School District No. 1,2619530,158
MICHIGAN,Ithaca Public Schools,2619580,181
MICHIGAN,Jackson Public Schools,2619620,648
MICHIGAN,Jefferson Schools (Monroe),2619800,226
MICHIGAN,Jenison Public Schools,2619830,509
MICHIGAN,Johannesburg-Lewiston Area Schools,2619890,71
MICHIGAN,Jonesville Community Schools,2619920,122
MICHIGAN,Kalamazoo Public Schools,2619950,1649
MICHIGAN,Kaleva Norman Dickson School District,2620010,85
MICHIGAN,Kalkaska Public Schools,2620050,237
MICHIGAN,Kearsley Community School District,2620070,463
MICHIGAN,Kelloggsville Public Schools,2620160,284
MICHIGAN,Kenowa Hills Public Schools,2620280,462
MICHIGAN,Kent City Community Schools,2620310,150
MICHIGAN,Kentwood Public Schools,2620340,1260
MICHIGAN,Kingsley Area Schools,2620380,194
MICHIGAN,Kingston Community School District,2620400,63
MICHIGAN,Laingsburg Community Schools,2620550,121
MICHIGAN,Lake City Area School District,2620610,131
MICHIGAN,Lake Fenton Community Schools,2620670,224
MICHIGAN,Lake Linden-Hubbell School District,2620700,57
MICHIGAN,Lake Orion Community Schools,2620730,834
MICHIGAN,Lakeshore School District (Berrien),2620820,291
MICHIGAN,Lakeview Sch. District (Calhoun),2620850,513
MICHIGAN,Lakeview Public Schools (Macomb),2620880,542
MICHIGAN,Lakeview Community Schools (Montcalm),2620910,177
MICHIGAN,LakeVille Community School District,2620940,141
MICHIGAN,Lakewood Public Schools,2620980,228
MICHIGAN,Lamphere Public Schools,2621120,401
MICHIGAN,Lansing Public School District,2621150,1716
MICHIGAN,Lapeer Community Schools,2621180,761
MICHIGAN,Lawrence Public Schools,2621210,68
MICHIGAN,Lawton Community School District,2621240,102
MICHIGAN,Leland Public School District,2621390,44
MICHIGAN,Les Cheneaux Community Schools,2621420,27
MICHIGAN,Leslie Public Schools,2621450,127
MICHIGAN,Lincoln Consolidated School District,2621570,804
MICHIGAN,Lincoln Park School District of the City of,2621600,811
MICHIGAN,Linden Community Schools,2621690,439
MICHIGAN,Litchfield Community Schools,2621750,33
MICHIGAN,Alanson Public Schools,2621810,44
MICHIGAN,Livonia Public Schools School District,2621840,1844
MICHIGAN,L'Anse Creuse Public Schools,2621870,1316
MICHIGAN,Lowell Area Schools,2622050,326
MICHIGAN,Ludington Area School District,2622200,313
MICHIGAN,Mackinac Island Public Schools,2622230,12
MICHIGAN,Mackinaw City Public Schools,2622260,6
MICHIGAN,Madison District Public Schools,2622290,154
MICHIGAN,Madison School District (Lenawee),2622320,212
MICHIGAN,Mancelona Public Schools,2622350,141
MICHIGAN,Manchester Community Schools,2622380,102
MICHIGAN,Manistee Area Public Schools,2622410,237
MICHIGAN,Manistique Area Schools,2622470,84
MICHIGAN,Manton Consolidated Schools,2622500,126
MICHIGAN,Maple Valley Schools,2622620,99
MICHIGAN,Marcellus Community Schools,2622740,91
MICHIGAN,Marion Public Schools,2622800,69
MICHIGAN,Mar Lee School District,2622830,63
MICHIGAN,Marlette Community Schools,2622860,125
MICHIGAN,Marshall Public Schools,2622970,472
MICHIGAN,Martin Public Schools,2622980,61
MICHIGAN,Marysville Public Schools,2623040,297
MICHIGAN,Mason Public Schools (Ingham),2623070,342
MICHIGAN,Mason Consolidated Schools (Monroe),2623100,113
MICHIGAN,Mason County Central Schools,2623130,214
MICHIGAN,Mason County Eastern Schools,2623160,76
MICHIGAN,Mattawan Consolidated School,2623250,342
MICHIGAN,Mayville Community School District,2623280,91
MICHIGAN,McBain Rural Agricultural Schools,2623310,110
MICHIGAN,Melvindale-North Allen Park Schools,2623460,338
MICHIGAN,Memphis Community Schools,2623490,143
MICHIGAN,Mendon Community School District,2623520,61
MICHIGAN,Menominee Area Public Schools,2623550,175
MICHIGAN,Meridian Public Schools,2623580,222
MICHIGAN,Merrill Community Schools,2623610,103
MICHIGAN,Mesick Consolidated Schools,2623670,98
MICHIGAN,Michigan Center School District,2623790,217
MICHIGAN,Midland Public Schools,2623820,1171
MICHIGAN,Mid Peninsula School District,2623830,32
MICHIGAN,Milan Area Schools,2623850,338
MICHIGAN,Millington Community Schools,2623910,160
MICHIGAN,Mio-AuSable Schools,2624000,109
MICHIGAN,Mona Shores Public School District,2624120,428
MICHIGAN,Monroe Public Schools,2624150,772
MICHIGAN,Montague Area Public Schools,2624180,264
MICHIGAN,Montrose Community Schools,2624420,218
MICHIGAN,Moran Township School District,2624540,18
MICHIGAN,Morenci Area Schools,2624570,93
MICHIGAN,Morley Stanwood Community Schools,2624600,228
MICHIGAN,Morrice Area Schools,2624630,95
MICHIGAN,Mount Clemens Community School District,2624690,247
MICHIGAN,Mt. Morris Consolidated Schools,2624720,324
MICHIGAN,Mt. Pleasant City School District,2624750,605
MICHIGAN,Munising Public Schools,2624810,132
MICHIGAN,Muskegon Public Schools of the City of,2624840,518
MICHIGAN,Napoleon Community Schools,2624960,144
MICHIGAN,Negaunee Public Schools,2625020,232
MICHIGAN,New Buffalo Area Schools,2625140,72
MICHIGAN,New Haven Community Schools,2625230,228
MICHIGAN,New Lothrop Area Public Schools,2625290,73
MICHIGAN,Newaygo Public School District,2625320,172
MICHIGAN,Tahquamenon Area Schools,2625350,95
MICHIGAN,NICE Community School District,2625400,220
MICHIGAN,Niles Community Schools,2625560,512
MICHIGAN,North Adams-Jerome Public Schools,2625650,30
MICHIGAN,North Branch Area Schools,2625680,339
MICHIGAN,Grosse Pointe Public Schools,2625740,1042
MICHIGAN,North Huron School District,2625780,69
MICHIGAN,North Muskegon Public Schools,2625800,101
MICHIGAN,Northport Public School District,2625920,22
MICHIGAN,Northview Public Schools,2625950,436
MICHIGAN,Northville Public Schools,2625980,656
MICHIGAN,Northwest Community Schools,2626010,478
MICHIGAN,Norway-Vulcan Area Schools,2626040,74
MICHIGAN,Nottawa Community School,2626100,12
MICHIGAN,Novi Community School District,2626130,440
MICHIGAN,Oak Park School District of the City of,2626190,391
MICHIGAN,Oakridge Public Schools,2626220,253
MICHIGAN,Okemos Public Schools,2626280,404
MICHIGAN,Olivet Community Schools,2626370,194
MICHIGAN,Onaway Area Community School District,2626400,50
MICHIGAN,Oneida Township S/D #3,2626430,3
MICHIGAN,Onekama Consolidated Schools,2626490,70
MICHIGAN,Onsted Community Schools,2626520,174
MICHIGAN,Ontonagon Area School District,2626550,47
MICHIGAN,Orchard View Schools,2626760,383
MICHIGAN,Dollar Bay-Tamarack City Area  K-12 School,2626940,25
MICHIGAN,Oscoda Area Schools,2626970,151
MICHIGAN,Otsego Public Schools,2627060,229
MICHIGAN,Ovid-Elsie Area Schools,2627150,194
MICHIGAN,Owendale-Gagetown Area School District,2627180,27
MICHIGAN,Owosso Public Schools,2627210,457
MICHIGAN,Oxford Community Schools,2627240,570
MICHIGAN,Parchment School District,2627420,220
MICHIGAN,Paw Paw Public School District,2627660,254
MICHIGAN,Peck Community School District,2627690,54
MICHIGAN,Pellston Public Schools,2627720,71
MICHIGAN,Pennfield Schools,2627810,291
MICHIGAN,Pentwater Public School District,2627840,43
MICHIGAN,Perry Public Schools,2627900,171
MICHIGAN,Public Schools of Petoskey,2627930,324
MICHIGAN,Pewamo-Westphalia Community Schools,2627960,42
MICHIGAN,Pickford Public Schools,2628020,53
MICHIGAN,Pinckney Community Schools,2628140,284
MICHIGAN,Pinconning Area Schools,2628170,182
MICHIGAN,Pine River Area Schools,2628200,151
MICHIGAN,Pittsford Area Schools,2628500,53
MICHIGAN,Plainwell Community Schools,2628530,271
MICHIGAN,Plymouth-Canton Community Schools,2628560,1749
MICHIGAN,Pontiac City School District,2628740,726
MICHIGAN,Port Huron Area School District,2628830,1034
MICHIGAN,Houghton-Portage Township School District,2628890,133
MICHIGAN,Portage Public Schools,2628950,817
MICHIGAN,Portland Public Schools,2629120,218
MICHIGAN,Posen Consolidated School District No. 9,2629130,20
MICHIGAN,Potterville Public Schools,2629160,103
MICHIGAN,Powell Township Schools,2629190,5
MICHIGAN,North Central Area Schools,2629220,35
MICHIGAN,Quincy Community Schools,2629250,130
MICHIGAN,Rapid River Public Schools,2629340,37
MICHIGAN,Ravenna Public Schools,2629370,120
MICHIGAN,Reading Community Schools,2629400,68
MICHIGAN,Redford Union Schools District No. 1,2629460,643
MICHIGAN,Reed City Area Public Schools,2629490,200
MICHIGAN,Reese Public Schools,2629520,71
MICHIGAN,Reeths-Puffer Schools,2629540,530
MICHIGAN,Republic-Michigamme Schools,2629580,24
MICHIGAN,Richmond Community Schools,2629670,162
MICHIGAN,River Rouge School District of the City of,2629760,316
MICHIGAN,River Valley School District,2629790,137
MICHIGAN,Riverview Community School District,2629910,293
MICHIGAN,Rochester Community School District,2629940,1658
MICHIGAN,Rockford Public Schools,2630030,689
MICHIGAN,Rogers City Area Schools,2630060,53
MICHIGAN,Romeo Community Schools,2630090,597
MICHIGAN,Romulus Community Schools,2630120,381
MICHIGAN,Roseville Community Schools,2630210,744
MICHIGAN,Royal Oak Schools,2630300,741
MICHIGAN,Rudyard Area Schools,2630360,79
MICHIGAN,Saginaw School District of the City of,2630390,734
MICHIGAN,Saginaw Township Community Schools,2630450,773
MICHIGAN,North Dickinson County Schools,2630480,43
MICHIGAN,Saline Area Schools,2630660,676
MICHIGAN,Sand Creek Community Schools,2630780,105
MICHIGAN,Sandusky Community School District,2630840,114
MICHIGAN,Saranac Community Schools,2630930,133
MICHIGAN,Saugatuck Public Schools,2630960,78
MICHIGAN,Sault Ste. Marie Area Schools,2630990,329
MICHIGAN,Schoolcraft Community Schools,2631020,98
MICHIGAN,Shelby Public Schools,2631320,207
MICHIGAN,Shepherd Public Schools,2631380,316
MICHIGAN,Sodus Township S/D #5,2632070,12
MICHIGAN,South Lake Schools,2632220,258
MICHIGAN,South Lyon Community Schools,2632250,1156
MICHIGAN,South Redford School District,2632280,428
MICHIGAN,South Haven Public Schools,2632300,239
MICHIGAN,Southfield Public School District,2632310,823
MICHIGAN,Southgate Community School District,2632340,694
MICHIGAN,Sparta Area Schools,2632370,381
MICHIGAN,Spring Lake Public Schools,2632550,234
MICHIGAN,Springport Public Schools,2632610,120
MICHIGAN,St. Charles Community Schools,2632640,129
MICHIGAN,Lake Shore Public Schools (Macomb),2632670,579
MICHIGAN,St. Johns Public Schools,2632820,303
MICHIGAN,St. Joseph Public Schools,2632850,267
MICHIGAN,St. Louis Public Schools,2632880,162
MICHIGAN,West Iron County Public Schools,2632910,131
MICHIGAN,Standish-Sterling Community Schools,2632940,186
MICHIGAN,Stanton Township Public Schools,2632970,6
MICHIGAN,Stephenson Area Public Schools,2633000,50
MICHIGAN,Stockbridge Community Schools,2633030,199
MICHIGAN,Sturgis Public Schools,2633090,306
MICHIGAN,Summerfield Schools,2633120,54
MICHIGAN,Suttons Bay Public Schools,2633360,90
MICHIGAN,Swan Valley School District,2633410,205
MICHIGAN,Swartz Creek Community Schools,2633420,548
MICHIGAN,Tawas Area Schools,2633510,140
MICHIGAN,Taylor School District,2633540,1381
MICHIGAN,Tecumseh Public Schools,2633720,324
MICHIGAN,Tekonsha Community Schools,2633750,50
MICHIGAN,Thornapple Kellogg School District,2633810,393
MICHIGAN,Three Rivers Community Schools,2633840,288
MICHIGAN,Traverse City Area Public Schools,2633870,1187
MICHIGAN,Trenton Public Schools,2633900,409
MICHIGAN,Tri County Area Schools,2633930,314
MICHIGAN,Troy School District,2634260,1288
MICHIGAN,Ubly Community Schools,2634380,65
MICHIGAN,Union City Community Schools,2634410,226
MICHIGAN,Unionville-Sebewaing Area S.D.,2634440,62
MICHIGAN,Utica Community Schools,2634470,3291
MICHIGAN,Van Buren Public Schools,2634560,720
MICHIGAN,Vanderbilt Area Schools,2634620,7
MICHIGAN,Vandercook Lake Public Schools,2634650,153
MICHIGAN,Van Dyke Public Schools,2634680,455
MICHIGAN,Vassar Public Schools,2634710,211
MICHIGAN,Verona Township S/D #1F,2634860,4
MICHIGAN,Vestaburg Community Schools,2634920,97
MICHIGAN,Vicksburg Community Schools,2634950,261
MICHIGAN,Wakefield-Marenisco School District,2635010,33
MICHIGAN,Waldron Area Schools,2635040,41
MICHIGAN,Walkerville Public Schools,2635130,53
MICHIGAN,Walled Lake Consolidated Schools,2635160,1724
MICHIGAN,Warren Consolidated Schools,2635190,1676
MICHIGAN,Warren Woods Public Schools,2635220,529
MICHIGAN,Waterford School District,2635310,1325
MICHIGAN,Watersmeet Township School District,2635340,32
MICHIGAN,Watervliet School District,2635460,174
MICHIGAN,Waverly Community Schools,2635520,553
MICHIGAN,Wayland Union Schools,2635550,333
MICHIGAN,Webberville Community Schools,2635730,64
MICHIGAN,Wells Township School District,2635790,3
MICHIGAN,West Bloomfield School District,2635820,638
MICHIGAN,West Branch-Rose City Area Schools,2635850,219
MICHIGAN,West Ottawa Public School District,2635910,708
MICHIGAN,Western School District,2635940,337
MICHIGAN,Westwood Heights Schools,2635970,162
MICHIGAN,White Cloud Public Schools,2636060,172
MICHIGAN,White Pigeon Community Schools,2636120,112
MICHIGAN,Whitefish Township Schools,2636240,6
MICHIGAN,Whiteford Agricultural School District of the Counties of Le,2636270,70
MICHIGAN,Whitehall District Schools,2636300,234
MICHIGAN,Whitmore Lake Public School District,2636330,169
MICHIGAN,Whittemore-Prescott Area Schools,2636390,144
MICHIGAN,Williamston Community Schools,2636420,210
MICHIGAN,Wolverine Community School District,2636480,42
MICHIGAN,Woodhaven-Brownstown School District,2636485,776
MICHIGAN,Wyandotte School District of the City of,2636540,1004
MICHIGAN,Wyoming Public Schools,2636570,564
MICHIGAN,Yale Public Schools,2636600,278
MICHIGAN,Ypsilanti Community Schools,2636630,680
MICHIGAN,Zeeland Public Schools,2636660,718
MICHIGAN,Wexford-Missaukee ISD,2680000,204
MICHIGAN,Allegan Area Educational Service Agency,2680100,119
MICHIGAN,Alpena-Montmorency-Alcona ESD,2680120,71
MICHIGAN,Barry ISD,2680140,99
MICHIGAN,Berrien RESA,2680160,277
MICHIGAN,Branch ISD,2680180,319
MICHIGAN,Calhoun Intermediate School District,2680200,423
MICHIGAN,Lewis Cass ISD,2680220,163
MICHIGAN,Charlevoix-Emmet ISD,2680240,178
MICHIGAN,Cheb-Otsego-Presque Isle ESD,2680260,161
MICHIGAN,Eastern Upper Peninsula ISD,2680280,60
MICHIGAN,Clare-Gladwin Regional Education Service District,2680300,116
MICHIGAN,Clinton County RESA,2680320,180
MICHIGAN,Delta-Schoolcraft ISD,2680340,172
MICHIGAN,Dickinson-Iron ISD,2680360,100
MICHIGAN,Eaton RESA,2680380,106
MICHIGAN,Genesee ISD,2680400,746
MICHIGAN,Gogebic-Ontonagon ISD,2680420,74
MICHIGAN,Traverse Bay Area ISD,2680440,291
MICHIGAN,Gratiot-Isabella RESD,2680460,183
MICHIGAN,Hillsdale ISD,2680480,118
MICHIGAN,Huron ISD,2680500,119
MICHIGAN,Bay-Arenac ISD,2680504,285
MICHIGAN,Copper Country ISD,2680505,146
MICHIGAN,Ingham ISD,2680520,165
MICHIGAN,Ionia ISD,2680540,170
MICHIGAN,Iosco RESA,2680560,89
MICHIGAN,Jackson ISD,2680580,619
MICHIGAN,Kalamazoo RESA,2680600,440
MICHIGAN,Kent ISD,2680620,557
MICHIGAN,Lapeer ISD,2680660,54
MICHIGAN,Lenawee ISD,2680680,347
MICHIGAN,Livingston ESA,2680700,199
MICHIGAN,Macomb ISD,2680720,1290
MICHIGAN,Manistee ISD,2680740,60
MICHIGAN,Marquette-Alger RESA,2680750,34
MICHIGAN,West Shore Educational Service District,2680755,189
MICHIGAN,Mecosta-Osceola ISD,2680770,163
MICHIGAN,Menominee ISD,2680790,14
MICHIGAN,Midland County Educational Service Agency,2680800,345
MICHIGAN,Monroe ISD,2680820,871
MICHIGAN,Montcalm Area ISD,2680830,184
MICHIGAN,Muskegon Area ISD,2680850,151
MICHIGAN,Newaygo County RESA,2680860,179
MICHIGAN,Oakland Schools,2680880,13
MICHIGAN,Ottawa Area ISD,2680900,297
MICHIGAN,C.O.O.R. ISD,2680920,53
MICHIGAN,Saginaw ISD,2680930,363
MICHIGAN,St. Clair County RESA,2680940,142
MICHIGAN,St. Joseph County ISD,2680960,216
MICHIGAN,Sanilac ISD,2680965,76
MICHIGAN,Shiawassee Regional ESD,2680975,247
MICHIGAN,Tuscola ISD,2680980,231
MICHIGAN,Van Buren ISD,2680985,422
MICHIGAN,Washtenaw ISD,2680990,172
MICHIGAN,Wayne RESA,2680995,48
MINNESOTA,MOUNTAIN IRON-BUHL SCHOOL DISTRICT,2700001,113
MINNESOTA,UNITED SOUTH CENTRAL SCHOOL DIST.,2700005,157
MINNESOTA,MAPLE RIVER SCHOOL DISTRICT,2700006,166
MINNESOTA,KINGSLAND PUBLIC SCHOOL DISTRICT,2700007,136
MINNESOTA,ST. LOUIS COUNTY SCHOOL DISTRICT,2700008,473
MINNESOTA,WATERVILLE-ELYSIAN-MORRISTOWN,2700013,165
MINNESOTA,Freshwater Education District,2700014,3
MINNESOTA,ST. CROIX RIVER EDUCATION DISTRICT,2700015,3
MINNESOTA,RUNESTONE AREA ED. DISTRICT,2700016,3
MINNESOTA,CHISAGO LAKES SCHOOL DISTRICT,2700017,487
MINNESOTA,MINNEWASKA SCHOOL DISTRICT,2700019,281
MINNESOTA,EVELETH-GILBERT SCHOOL DISTRICT,2700021,153
MINNESOTA,WADENA-DEER CREEK SCHOOL DISTRICT,2700022,308
MINNESOTA,BUFFALO LK-HECTOR-STEWART PUBLIC SC,2700023,114
MINNESOTA,WARREN-ALVARADO-OSLO SCHOOL DIST.,2700024,103
MINNESOTA,INTERMEDIATE SCHOOL DISTRICT 287,2700025,3
MINNESOTA,INTERMEDIATE SCHOOL DISTRICT 917,2700026,3
MINNESOTA,CEDAR RIVERSIDE COMMUNITY SCHOOL,2700027,13
MINNESOTA,METRO DEAF SCHOOL,2700028,108
MINNESOTA,NORTH COUNTRY VOC. COOP. CTR.,2700031,NA
MINNESOTA,EAST RANGE SEC. TECHNICAL CENTER,2700034,NA
MINNESOTA,WRIGHT TECHNICAL CENTER,2700036,3
MINNESOTA,PINE TO PRAIRIE COOPERATIVE CTR.,2700038,NA
MINNESOTA,NW REGION INTERDISTRICT COUNCIL,2700039,NA
MINNESOTA,Lake Agassiz Education Cooperative,2700040,3
MINNESOTA,MIDWEST SPECIAL EDUCATION COOP.,2700041,3
MINNESOTA,FERGUS FALLS AREA SP. ED. COOP.,2700043,3
MINNESOTA,MEEKER AND WRIGHT SPECIAL EDUCATION,2700045,3
MINNESOTA,SOUTHERN PLAINS EDUCATION COOP.,2700046,3
MINNESOTA,BEMIDJI REGIONAL INTERDIST. COUNCIL,2700051,3
MINNESOTA,ZUMBRO EDUCATION DISTRICT,2700054,3
MINNESOTA,HIAWATHA VALLEY ED. DISTRICT,2700055,3
MINNESOTA,MN RIVER VALLEY EDUCATION DISTRICT,2700058,3
MINNESOTA,MN VALLEY EDUCATION DISTRICT,2700063,3
MINNESOTA,Benton-Stearns Education District,2700071,3
MINNESOTA,MID STATE EDUCATION DISTRICT,2700073,3
MINNESOTA,REGION 4-LAKES COUNTRY SERVICE COOP,2700083,3
MINNESOTA,REGION 3 - NORTHEAST SERVICE COOP,2700084,NA
MINNESOTA,Region 6 and 8-SW/WC Service Coop,2700086,3
MINNESOTA,LAKEVIEW SCHOOL DISTRICT,2700088,75
MINNESOTA,NRHEG SCHOOL DISTRICT,2700089,121
MINNESOTA,MURRAY COUNTY CENTRAL SCHOOL DIST.,2700090,119
MINNESOTA,MACCRAY SCHOOL DISTRICT,2700091,158
MINNESOTA,MINNESOTA NEW COUNTRY SCHOOL,2700092,63
MINNESOTA,PACT CHARTER SCHOOL,2700093,98
MINNESOTA,Athlos Leadership Academy,2700096,80
MINNESOTA,YELLOW MEDICINE EAST,2700099,186
MINNESOTA,FILLMORE CENTRAL,2700100,89
MINNESOTA,NORMAN COUNTY EAST SCHOOL DISTRICT,2700101,66
MINNESOTA,SIBLEY EAST SCHOOL DISTRICT,2700102,215
MINNESOTA,CLEARBROOK-GONVICK SCHOOL DISTRICT,2700103,65
MINNESOTA,WEST CENTRAL AREA,2700104,162
MINNESOTA,BELGRADE-BROOTEN-ELROSA SCHOOL DIST,2700105,100
MINNESOTA,A.C.G.C. Public School District,2700106,185
MINNESOTA,GREENBUSH-MIDDLE RIVER SCHOOL DIST.,2700107,66
MINNESOTA,PIPESTONE AREA SCHOOL DISTRICT,2700108,224
MINNESOTA,LONG PRAIRIE-GREY EAGLE SCHOOL DIST,2700109,230
MINNESOTA,CEDAR MOUNTAIN SCHOOL DISTRICT,2700110,95
MINNESOTA,COMMUNITY OF PEACE ACADEMY,2700115,114
MINNESOTA,WORLD LEARNER CHARTER SCHOOL,2700116,39
MINNESOTA,Minnesota Transitions Charter Sch,2700117,575
MINNESOTA,ACHIEVE LANGUAGE ACADEMY,2700118,50
MINNESOTA,HOWARD LAKE-WAVERLY-WINSTED,2700123,251
MINNESOTA,FAIRMONT AREA SCHOOL DISTRICT,2700124,315
MINNESOTA,LAC QUI PARLE VALLEY SCHOOL DIST.,2700125,195
MINNESOTA,ADA-BORUP PUBLIC SCHOOL DISTRICT,2700126,86
MINNESOTA,STEPHEN-ARGYLE CENTRAL SCHOOLS,2700127,44
MINNESOTA,GLENCOE-SILVER LAKE SCHOOL DISTRICT,2700128,338
MINNESOTA,MINNESOTA STATE ACADEMIES,2700129,145
MINNESOTA,BLUE EARTH AREA PUBLIC SCHOOL,2700130,178
MINNESOTA,RED ROCK CENTRAL SCHOOL DISTRICT,2700132,91
MINNESOTA,DULUTH PUBLIC SCHOOLS ACADEMY,2700133,270
MINNESOTA,CYBER VILLAGE ACADEMY,2700138,89
MINNESOTA,E.C.H.O. CHARTER SCHOOL,2700139,19
MINNESOTA,HIGHER GROUND ACADEMY,2700140,40
MINNESOTA,ST. PAUL CITY SCHOOL,2700142,93
MINNESOTA,CENTRAL MINNESOTA JT. POWERS DIST.,2700143,NA
MINNESOTA,GLENVILLE-EMMONS SCHOOL DISTRICT,2700148,47
MINNESOTA,CLINTON-GRACEVILLE-BEARDSLEY,2700150,62
MINNESOTA,JENNINGS COMMUNITY SCHOOL,2700152,15
MINNESOTA,LIFE PREP,2700156,39
MINNESOTA,FACE TO FACE ACADEMY,2700157,27
MINNESOTA,SOJOURNER TRUTH ACADEMY,2700159,59
MINNESOTA,HIGH SCHOOL FOR RECORDING ARTS,2700160,95
MINNESOTA,LAKE PARK AUDUBON SCHOOL DISTRICT,2700162,152
MINNESOTA,RENVILLE COUNTY WEST SCHOOL DIST.,2700163,131
MINNESOTA,MATH AND SCIENCE ACADEMY,2700167,44
MINNESOTA,NORTHWEST PASSAGE HIGH SCHOOL,2700173,67
MINNESOTA,LAFAYETTE PUBLIC CHARTER SCHOOL,2700174,9
MINNESOTA,NORTH LAKES ACADEMY,2700177,119
MINNESOTA,La Crescent Montessori & STEM Schoo,2700178,17
MINNESOTA,NERSTRAND CHARTER SCHOOL,2700179,26
MINNESOTA,Rosa Parks Charter High School,2700180,29
MINNESOTA,EL COLEGIO CHARTER SCHOOL,2700181,20
MINNESOTA,REDWOOD AREA SCHOOL DISTRICT,2700182,288
MINNESOTA,WESTBROOK-WALNUT GROVE SCHOOLS,2700183,84
MINNESOTA,EXCELL ACADEMY CHARTER,2700184,53
MINNESOTA,ACADEMIA CESAR CHAVEZ CHARTER SCH.,2700185,74
MINNESOTA,AFSA HIGH SCHOOL,2700186,95
MINNESOTA,AVALON SCHOOL,2700187,98
MINNESOTA,Twin Cities International Schools,2700189,61
MINNESOTA,FRIENDSHIP ACDMY OF FINE ARTS CHTR.,2700190,20
MINNESOTA,PILLAGER AREA CHARTER SCHOOL,2700191,20
MINNESOTA,DISCOVERY PUBLIC SCHOOL FARIBAULT,2700192,13
MINNESOTA,BLUESKY CHARTER SCHOOL,2700193,109
MINNESOTA,RIDGEWAY COMMUNITY SCHOOL,2700194,9
MINNESOTA,NORTH SHORE COMMUNITY SCHOOL,2700208,39
MINNESOTA,HARBOR CITY INTERNATIONAL CHARTER,2700209,39
MINNESOTA,SAGE ACADEMY CHARTER SCHOOL,2700211,29
MINNESOTA,PRAIRIE CREEK COMMUNITY SCHOOL,2700212,44
MINNESOTA,WATERSHED HIGH SCHOOL,2700213,18
MINNESOTA,New Century Academy,2700214,45
MINNESOTA,CROSSLAKE COMMUNITY CHARTER SCHOOL,2700218,72
MINNESOTA,AURORA CHARTER SCHOOL,2700220,55
MINNESOTA,Riverway Learning Community Charter,2700221,34
MINNESOTA,NORTHLAND LEARNING CENTER,2700224,3
MINNESOTA,SCHOOLCRAFT LEARNING COMMUNITY CHTR,2700225,51
MINNESOTA,Kato Public Charter School,2700226,35
MINNESOTA,HOPE COMMUNITY ACADEMY,2700230,39
MINNESOTA,JACKSON COUNTY CENTRAL SCHOOL DIST.,2700231,251
MINNESOTA,TRIO WOLF CREEK DISTANCE LEARNING,2700235,16
MINNESOTA,PARTNERSHIP ACADEMY INC.,2700237,74
MINNESOTA,SOCRATES,2700238,NA
MINNESOTA,PRAIRIE SEEDS ACADEMY,2700240,73
MINNESOTA,TEAM ACADEMY,2700241,32
MINNESOTA,METRO SCHOOLS CHARTER,2700245,46
MINNESOTA,TWIN CITIES ACADEMY,2700246,96
MINNESOTA,ROCHESTER MATH AND SCIENCE ACADEMY,2700247,33
MINNESOTA,Swan River Montessori Charter Sch,2700249,37
MINNESOTA,STRIDE ACADEMY CHARTER SCHOOL,2700252,50
MINNESOTA,NEW MILLENNIUM ACADEMY CHARTER SCH,2700253,57
MINNESOTA,GREEN ISLE COMMUNITY SCHOOL,2700254,12
MINNESOTA,BIRCH GROVE COMMUNITY SCHOOL,2700255,6
MINNESOTA,NORTHERN LIGHTS COMMUNITY SCHOOL,2700256,51
MINNESOTA,MINNESOTA ONLINE HIGH SCHOOL,2700260,31
MINNESOTA,EDVISIONS OFF CAMPUS SCHOOL,2700261,40
MINNESOTA,Twin Cities German Immersion Chtr,2700262,86
MINNESOTA,Midway Star Academy,2700263,13
MINNESOTA,MINNESOTA DEPARTMENT OF CORRECTIONS,2700272,69
MINNESOTA,LOVEWORKS ACADEMY FOR ARTS,2700273,21
MINNESOTA,NAYTAHWAUSH COMMUNITY SCHOOL,2700275,27
MINNESOTA,SPECTRUM HIGH SCHOOL,2700276,81
MINNESOTA,NEW DISCOVERIES MONTESSORI ACADEMY,2700277,97
MINNESOTA,SOUTHSIDE FAMILY CHARTER SCHOOL,2700278,20
MINNESOTA,YINGHUA ACADEMY,2700281,71
MINNESOTA,Seven Hills Preparatory Academy,2700284,98
MINNESOTA,PLAINVIEW-ELGIN-MILLVILLE,2700287,211
MINNESOTA,HIAWATHA ACADEMIES,2700288,222
MINNESOTA,Stonebridge World School,2700289,51
MINNESOTA,CLARKFIELD CHARTER SCHOOL,2700290,8
MINNESOTA,EAST RANGE ACADEMY OF TECH-SCIENCE,2700291,59
MINNESOTA,LAURA JEFFREY ACADEMY CHARTER,2700292,16
MINNESOTA,GLACIAL HILLS ELEMENTARY,2700293,38
MINNESOTA,RTR PUBLIC SCHOOLS,2700294,76
MINNESOTA,NOBLE ACADEMY,2700295,60
MINNESOTA,International Spanish Language Acad,2700296,21
MINNESOTA,LINCOLN INTERNATIONAL SCHOOL,2700299,4
MINNESOTA,MINISINAAKWAANG LEADERSHIP ACADEMY,2700300,9
MINNESOTA,COMMUNITY SCHOOL OF EXCELLENCE,2700304,127
MINNESOTA,KIPP MINNESOTA CHARTER SCHOOL,2700308,111
MINNESOTA,BEST ACADEMY,2700309,80
MINNESOTA,NATURAL SCIENCE ACADEMY,2700310,17
MINNESOTA,ASPEN ACADEMY,2700311,55
MINNESOTA,Infinity: Minnesota Digital Academy,2700312,NA
MINNESOTA,GLOBAL ACADEMY,2700313,44
MINNESOTA,LIONSGATE ACADEMY,2700315,283
MINNESOTA,BRIGHT WATER ELEMENTARY,2700316,27
MINNESOTA,RUM RIVER SPECIAL EDUCATION COOP,2700318,3
MINNESOTA,COLOGNE ACADEMY,2700319,79
MINNESOTA,DAVINCI ACADEMY,2700320,109
MINNESOTA,OSHKI OGIMAAG CHARTER SCHOOL,2700321,9
MINNESOTA,CANNON RIVER STEM SCHOOL,2700324,56
MINNESOTA,COLLEGE PREPARATORY ELEMENTARY,2700325,31
MINNESOTA,TRACY AREA PUBLIC SCHOOL DISTRICT,2700326,113
MINNESOTA,SOUTHERN MN EDUCATION CONSORTIUM,2700327,3
MINNESOTA,ORTONVILLE PUBLIC SCHOOLS,2700328,108
MINNESOTA,PARNASSUS PREPARATORY CHARTER SCH,2700333,78
MINNESOTA,HENNEPIN ELEMENTARY SCHOOL,2700335,37
MINNESOTA,NOVA CLASSICAL ACADEMY,2700337,73
MINNESOTA,GREAT EXPECTATIONS,2700339,26
MINNESOTA,MINNESOTA INTERNSHIP CENTER,2700341,100
MINNESOTA,HMONG COLLEGE PREP ACADEMY,2700342,242
MINNESOTA,Paladin Career and Tech High School,2700343,48
MINNESOTA,GREAT RIVER SCHOOL,2700344,110
MINNESOTA,TREKNORTH HIGH SCHOOL,2700345,61
MINNESOTA,VOYAGEURS EXPEDITIONARY,2700346,33
MINNESOTA,PIM Arts High School,2700349,52
MINNESOTA,AUGSBURG FAIRVIEW ACADEMY,2700350,36
MINNESOTA,ST PAUL CONSERVATORY PERFORMING ART,2700351,27
MINNESOTA,Spero Academy,2700352,131
MINNESOTA,URBAN ACADEMY CHARTER SCHOOL,2700353,47
MINNESOTA,NEW CITY SCHOOL,2700354,37
MINNESOTA,ARCADIA CHARTER SCHOOL,2700355,38
MINNESOTA,Lakes International Language Academ,2700358,140
MINNESOTA,KALEIDOSCOPE CHARTER SCHOOL,2700360,122
MINNESOTA,ACADEMIC ARTS HIGH SCHOOL,2700361,43
MINNESOTA,ST. CROIX PREPARATORY ACADEMY,2700362,154
MINNESOTA,UBAH MEDICAL ACADEMY CHARTER SCHOOL,2700363,10
MINNESOTA,EAGLE RIDGE ACADEMY CHARTER SCHOOL,2700364,76
MINNESOTA,BEACON ACADEMY,2700366,88
MINNESOTA,STEP ACADEMY CHARTER SCHOOL,2700367,32
MINNESOTA,CORNERSTONE MONTESSORI ELEMENTARY,2700368,21
MINNESOTA,Discovery Woods,2700369,23
MINNESOTA,ROCHESTER STEM ACADEMY,2700370,11
MINNESOTA,Vermilion Country School,2700372,9
MINNESOTA,MASTERY SCHOOL,2700373,27
MINNESOTA,Upper Mississippi Academy,2700376,102
MINNESOTA,NASHA SHKOLA CHARTER SCHOOL,2700378,3
MINNESOTA,TRI-CITY UNITED SCHOOL DISTRICT,2700379,428
MINNESOTA,PRODEO ACADEMY,2700380,58
MINNESOTA,BRANDON-EVANSVILLE PUBLIC SCHOOLS,2700382,86
MINNESOTA,MORRIS AREA PUBLIC SCHOOLS,2700383,170
MINNESOTA,VENTURE ACADEMY,2700384,87
MINNESOTA,RED LAKE COUNTY CENTRAL PUBLIC SCH,2700385,58
MINNESOTA,Sejong Academy of Minnesota,2700386,12
MINNESOTA,ROUND LAKE-BREWSTER PUBLIC SCHOOLS,2700388,51
MINNESOTA,TECHNICAL ACADEMIES OF MINNESOTA,2700389,46
MINNESOTA,Star of the North Academy Charter S,2700390,11
MINNESOTA,Discovery Charter School,2700391,40
MINNESOTA,Universal Academy Charter School,2700393,3
MINNESOTA,Agamim Classical Academy,2700394,43
MINNESOTA,Saint Cloud Math and Science Academ,2700395,20
MINNESOTA,Bdote Learning Center,2700396,22
MINNESOTA,Art and Science Academy,2700397,81
MINNESOTA,Northeast College Prep,2700398,52
MINNESOTA,Minnesota Math and Science Academy,2700399,25
MINNESOTA,Woodbury Leadership Academy,2700401,53
MINNESOTA,Career Pathways,2700402,21
MINNESOTA,Jane Goodall Environmental Science,2700403,30
MINNESOTA,Success Academy,2700404,5
MINNESOTA,Minnesota Excellence in Learning Ac,2700406,20
MINNESOTA,Level Up Academy,2700408,32
MINNESOTA,New Century School,2700410,10
MINNESOTA,Rochester Beacon Academy,2700412,96
MINNESOTA,Sherburne and Northern Wright Speci,2700413,3
MINNESOTA,Tesfa International School,2700415,14
MINNESOTA,Southwest Metro Intermediate 288,2700420,3
MINNESOTA,North Metro Flex Academy,2700423,54
MINNESOTA,Cannon Valley Special Education Coo,2700424,3
MINNESOTA,FIT Academy,2700425,76
MINNESOTA,Austin Albert Lea Area Special Educ,2700426,3
MINNESOTA,Phoenix Academy Charter School,2700429,16
MINNESOTA,Athlos Academy of Saint Cloud,2700430,60
MINNESOTA,Skyline Math and Science Academy,2700433,12
MINNESOTA,Marine Area Community School,2700437,59
MINNESOTA,The Journey School,2700438,6
MINNESOTA,SciTech Academy Charter School,2700439,16
MINNESOTA,Northern Lights Academy Cooperative,2700442,3
MINNESOTA,Progeny Academy Charter School,2700444,10
MINNESOTA,Gateway STEM Academy,2700445,9
MINNESOTA,Minnesota Wildflower Montessori Sch,2700446,3
MINNESOTA,Horizon Science Academy Twin Cities,2700450,4
MINNESOTA,Aurora Waasakone Community of Learn,2700455,21
MINNESOTA,Modern Montessori Charter School,2700456,12
MINNESOTA,East-West International Education A,2700457,NA
MINNESOTA,St. Paul School of Northern Lights,2700458,15
MINNESOTA,NORTHEAST METRO 916,2702264,3
MINNESOTA,LESTER PRAIRIE PUBLIC SCHOOL DIST.,2702640,77
MINNESOTA,SOUTHLAND PUBLIC SCHOOL DISTRICT,2702720,76
MINNESOTA,ADRIAN PUBLIC SCHOOL DISTRICT,2702730,49
MINNESOTA,AITKIN PUBLIC SCHOOL DISTRICT,2702760,207
MINNESOTA,WALKER-HACKENSACK-AKELEY SCHL. DIST,2702910,221
MINNESOTA,ALBANY PUBLIC SCHOOL DISTRICT,2702930,313
MINNESOTA,ALBERT LEA PUBLIC SCHOOL DISTRICT,2702970,748
MINNESOTA,ALDEN-CONGER PUBLIC SCHOOL DISTRICT,2703030,49
MINNESOTA,ALEXANDRIA PUBLIC SCHOOL DISTRICT,2703060,788
MINNESOTA,ANNANDALE PUBLIC SCHOOL DISTRICT,2703150,303
MINNESOTA,ANOKA-HENNEPIN PUBLIC SCHOOL DIST.,2703180,6567
MINNESOTA,ASHBY PUBLIC SCHOOL DISTRICT,2703300,28
MINNESOTA,AUSTIN PUBLIC SCHOOL DISTRICT,2703450,978
MINNESOTA,BADGER PUBLIC SCHOOL DISTRICT,2703540,22
MINNESOTA,BAGLEY PUBLIC SCHOOL DISTRICT,2703570,186
MINNESOTA,BARNESVILLE PUBLIC SCHOOL DIST.,2703660,127
MINNESOTA,BARNUM PUBLIC SCHOOL DISTRICT,2703690,105
MINNESOTA,BATTLE LAKE PUBLIC SCHOOL DISTRICT,2703750,69
MINNESOTA,BECKER PUBLIC SCHOOL DISTRICT,2703870,424
MINNESOTA,BELLE PLAINE PUBLIC SCHOOL DISTRICT,2704050,301
MINNESOTA,BEMIDJI PUBLIC SCHOOL DISTRICT,2704440,1076
MINNESOTA,BENSON PUBLIC SCHOOL DISTRICT,2704470,178
MINNESOTA,BERTHA-HEWITT PUBLIC SCHOOL DIST.,2705430,125
MINNESOTA,BIG LAKE PUBLIC SCHOOL DISTRICT,2705460,630
MINNESOTA,BIRD ISLAND-OLIVIA-LAKE LILLIAN,2705660,101
MINNESOTA,BLACKDUCK PUBLIC SCHOOL DISTRICT,2705730,115
MINNESOTA,BLOOMING PRAIRIE PUBLIC SCHOOL DIST,2705760,111
MINNESOTA,BLOOMINGTON PUBLIC SCHOOL DISTRICT,2705790,1684
MINNESOTA,BLUFFVIEW MONTESSORI,2705850,22
MINNESOTA,BRAHAM PUBLIC SCHOOL DISTRICT,2706060,149
MINNESOTA,BRAINERD PUBLIC SCHOOL DISTRICT,2706090,1534
MINNESOTA,BRECKENRIDGE PUBLIC SCHOOL DISTRICT,2706150,161
MINNESOTA,BROOKLYN CENTER SCHOOL DISTRICT,2706240,246
MINNESOTA,BROWERVILLE PUBLIC SCHOOL DISTRICT,2706300,131
MINNESOTA,Browns Valley Public School Dist,2707110,29
MINNESOTA,BUFFALO-HANOVER-MONTROSE PUBLIC SCH,2707200,1135
MINNESOTA,BURNSVILLE PUBLIC SCHOOL DISTRICT,2707290,1747
MINNESOTA,BUTTERFIELD PUBLIC SCHOOL DISTRICT,2707320,33
MINNESOTA,BYRON PUBLIC SCHOOL DISTRICT,2707350,222
MINNESOTA,CALEDONIA PUBLIC SCHOOL DISTRICT,2707380,137
MINNESOTA,CAMBRIDGE-ISANTI PUBLIC SCHOOL DIST,2707410,923
MINNESOTA,CAMPBELL-TINTAH PUBLIC SCHOOL DIST.,2707450,33
MINNESOTA,CANBY PUBLIC SCHOOL DISTRICT,2707470,81
MINNESOTA,CANNON FALLS PUBLIC SCHOOL DISTRICT,2707500,181
MINNESOTA,CARLTON PUBLIC SCHOOL DISTRICT,2707590,109
MINNESOTA,CASS LAKE-BENA PUBLIC SCHOOLS,2708070,248
MINNESOTA,CENTENNIAL PUBLIC SCHOOL DISTRICT,2708100,992
MINNESOTA,EASTERN CARVER COUNTY PUBLIC SCHOOL,2708190,1500
MINNESOTA,CHATFIELD PUBLIC SCHOOLS,2708220,72
MINNESOTA,FRANCONIA PUBLIC SCHOOL DISTRICT,2708880,3
MINNESOTA,CHISHOLM PUBLIC SCHOOL DISTRICT,2708910,172
MINNESOTA,CHOKIO-ALBERTA PUBLIC SCHOOL DIST.,2708940,36
MINNESOTA,CITY ACADEMY,2708955,3
MINNESOTA,CLEVELAND PUBLIC SCHOOL DISTRICT,2709330,35
MINNESOTA,CLIMAX-SHELLY PUBLIC SCHOOLS,2709360,29
MINNESOTA,CLOQUET PUBLIC SCHOOL DISTRICT,2709420,595
MINNESOTA,ROCORI PUBLIC SCHOOL DISTRICT,2709440,267
MINNESOTA,GREENWAY PUBLIC SCHOOL DISTRICT,2709480,309
MINNESOTA,COLUMBIA HEIGHTS PUBLIC SCHOOL DIST,2709510,578
MINNESOTA,COMFREY PUBLIC SCHOOL DISTRICT,2709540,26
MINNESOTA,CROMWELL-WRIGHT PUBLIC SCHOOLS,2709690,47
MINNESOTA,CROOKSTON PUBLIC SCHOOL DISTRICT,2709720,288
MINNESOTA,CROSBY-IRONTON PUBLIC SCHOOL DIST.,2709750,265
MINNESOTA,DASSEL-COKATO PUBLIC SCHOOL DIST.,2710060,299
MINNESOTA,DAWSON-BOYD PUBLIC SCHOOL DISTRICT,2710090,97
MINNESOTA,DEER RIVER PUBLIC SCHOOL DISTRICT,2710140,199
MINNESOTA,DELANO PUBLIC SCHOOL DISTRICT,2710170,349
MINNESOTA,DETROIT LAKES PUBLIC SCHOOL DIST.,2710230,606
MINNESOTA,DILWORTH-GLYNDON-FELTON,2710260,252
MINNESOTA,DOVER-EYOTA PUBLIC SCHOOL DISTRICT,2711010,118
MINNESOTA,DULUTH PUBLIC SCHOOL DISTRICT,2711040,1648
MINNESOTA,EAST CENTRAL SCHOOL DISTRICT,2711085,135
MINNESOTA,EAST GRAND FORKS PUBLIC SCHOOL DIST,2711130,296
MINNESOTA,EDEN VALLEY-WATKINS SCHOOL DISTRICT,2711190,149
MINNESOTA,EDGERTON PUBLIC SCHOOL DISTRICT,2711220,40
MINNESOTA,EDINA PUBLIC SCHOOL DISTRICT,2711250,901
MINNESOTA,Elk River School District,2711370,2277
MINNESOTA,ELLSWORTH PUBLIC SCHOOL DISTRICT,2711460,28
MINNESOTA,ELY PUBLIC SCHOOL DISTRICT,2711520,83
MINNESOTA,MINNETONKA PUBLIC SCHOOL DISTRICT,2711670,939
MINNESOTA,FARIBAULT PUBLIC SCHOOL DISTRICT,2711760,692
MINNESOTA,FARMINGTON PUBLIC SCHOOL DISTRICT,2711820,1379
MINNESOTA,FERGUS FALLS PUBLIC SCHOOL DISTRICT,2711880,420
MINNESOTA,FERTILE-BELTRAMI SCHOOL DISTRICT,2711910,49
MINNESOTA,FISHER PUBLIC SCHOOL DISTRICT,2712180,22
MINNESOTA,FLOODWOOD PUBLIC SCHOOL DISTRICT,2712210,40
MINNESOTA,FOLEY PUBLIC SCHOOL DISTRICT,2712240,282
MINNESOTA,FOREST LAKE PUBLIC SCHOOL DISTRICT,2712270,1041
MINNESOTA,FOSSTON PUBLIC SCHOOL DISTRICT,2712300,109
MINNESOTA,FRAZEE-VERGAS PUBLIC SCHOOL DIST.,2712360,215
MINNESOTA,FRIDLEY PUBLIC SCHOOL DISTRICT,2712420,349
MINNESOTA,FULDA PUBLIC SCHOOL DISTRICT,2712480,80
MINNESOTA,G.F.W.,2712580,187
MINNESOTA,GOODHUE PUBLIC SCHOOL DISTRICT,2712900,49
MINNESOTA,GOODRIDGE PUBLIC SCHOOL DISTRICT,2713020,24
MINNESOTA,Granada Huntley East Chain,2713040,23
MINNESOTA,COOK COUNTY PUBLIC SCHOOLS,2713110,119
MINNESOTA,GRAND MEADOW PUBLIC SCHOOL DISTRICT,2713140,47
MINNESOTA,GRAND RAPIDS PUBLIC SCHOOL DISTRICT,2713170,729
MINNESOTA,HANCOCK PUBLIC SCHOOL DISTRICT,2713380,61
MINNESOTA,HASTINGS PUBLIC SCHOOL DISTRICT,2713530,719
MINNESOTA,HAWLEY PUBLIC SCHOOL DISTRICT,2713560,146
MINNESOTA,HAYFIELD PUBLIC SCHOOL DISTRICT,2713590,115
MINNESOTA,HENDRICKS PUBLIC SCHOOL DISTRICT,2713680,14
MINNESOTA,HENNING PUBLIC SCHOOL DISTRICT,2713860,75
MINNESOTA,HERMAN-NORCROSS SCHOOL DISTRICT,2713890,17
MINNESOTA,HERMANTOWN PUBLIC SCHOOL DISTRICT,2713920,269
MINNESOTA,HERON LAKE-OKABENA SCHOOL DISTRICT,2713930,42
MINNESOTA,HIBBING PUBLIC SCHOOL DISTRICT,2713980,522
MINNESOTA,HILL CITY PUBLIC SCHOOL DISTRICT,2714010,55
MINNESOTA,HILLS-BEAVER CREEK SCHOOL DISTRICT,2714040,51
MINNESOTA,HINCKLEY-FINLAYSON SCHOOL DISTRICT,2714070,198
MINNESOTA,HOLDINGFORD PUBLIC SCHOOL DISTRICT,2714190,115
MINNESOTA,EDEN PRAIRIE PUBLIC SCHOOL DISTRICT,2714220,1011
MINNESOTA,HOPKINS PUBLIC SCHOOL DISTRICT,2714260,1049
MINNESOTA,HOUSTON PUBLIC SCHOOL DISTRICT,2714280,90
MINNESOTA,HUTCHINSON PUBLIC SCHOOL DISTRICT,2714970,434
MINNESOTA,INTERNATIONAL FALLS SCHOOL DISTRICT,2715000,223
MINNESOTA,INVER GROVE HEIGHTS SCHOOLS,2715030,610
MINNESOTA,ISLE PUBLIC SCHOOL DISTRICT,2715510,76
MINNESOTA,IVANHOE PUBLIC SCHOOL DISTRICT,2715540,33
MINNESOTA,JORDAN PUBLIC SCHOOL DISTRICT,2715750,315
MINNESOTA,PRINSBURG PUBLIC SCHOOL DISTRICT,2716830,30
MINNESOTA,KASSON-MANTORVILLE SCHOOL DISTRICT,2716980,309
MINNESOTA,KELLIHER PUBLIC SCHOOL DISTRICT,2717010,27
MINNESOTA,KENYON-WANAMINGO SCHOOL DISTRICT,2717100,140
MINNESOTA,KERKHOVEN-MURDOCK-SUNBURG,2717120,91
MINNESOTA,KIMBALL PUBLIC SCHOOL DISTRICT,2717220,122
MINNESOTA,LA CRESCENT-HOKAH SCHOOL DISTRICT,2717250,183
MINNESOTA,LAKE BENTON PUBLIC SCHOOL DISTRICT,2717460,21
MINNESOTA,LAKE CITY PUBLIC SCHOOL DISTRICT,2717520,178
MINNESOTA,LAKE OF THE WOODS SCHOOL DISTRICT,2717570,65
MINNESOTA,LAKEVILLE PUBLIC SCHOOL DISTRICT,2717780,1727
MINNESOTA,LANCASTER PUBLIC SCHOOL DISTRICT,2717880,42
MINNESOTA,LANESBORO PUBLIC SCHOOL DISTRICT,2717910,25
MINNESOTA,Laporte Public School District,2717940,46
MINNESOTA,LEROY-OSTRANDER PUBLIC SCHOOLS,2718060,50
MINNESOTA,LE SUEUR-HENDERSON SCHOOL DISTRICT,2718070,197
MINNESOTA,Lewiston-Altura Public School Dist,2718090,119
MINNESOTA,LITCHFIELD PUBLIC SCHOOL DISTRICT,2718210,360
MINNESOTA,LITTLE FALLS PUBLIC SCHOOL DISTRICT,2718240,497
MINNESOTA,LITTLEFORK-BIG FALLS SCHOOL DIST.,2718270,23
MINNESOTA,LUVERNE PUBLIC SCHOOL DISTRICT,2718330,206
MINNESOTA,LYLE PUBLIC SCHOOL DISTRICT,2718360,45
MINNESOTA,LYND PUBLIC SCHOOL DISTRICT,2718390,28
MINNESOTA,MABEL-CANTON PUBLIC SCHOOL DIST.,2718540,61
MINNESOTA,MADELIA PUBLIC SCHOOL DISTRICT,2718570,114
MINNESOTA,MAHNOMEN PUBLIC SCHOOL DISTRICT,2718660,151
MINNESOTA,MAHTOMEDI PUBLIC SCHOOL DISTRICT,2718750,317
MINNESOTA,MANKATO PUBLIC SCHOOL DISTRICT,2718780,1535
MINNESOTA,MAPLE LAKE PUBLIC SCHOOL DISTRICT,2718810,163
MINNESOTA,GRYGLA PUBLIC SCHOOL DISTRICT,2718920,7
MINNESOTA,MARSHALL PUBLIC SCHOOL DISTRICT,2718940,422
MINNESOTA,MARTIN COUNTY WEST SCHOOL DISTRICT,2718960,98
MINNESOTA,MCGREGOR PUBLIC SCHOOL DISTRICT,2719170,136
MINNESOTA,MEDFORD PUBLIC SCHOOL DISTRICT,2719320,112
MINNESOTA,MELROSE PUBLIC SCHOOL DISTRICT,2720550,231
MINNESOTA,MENAHGA PUBLIC SCHOOL DISTRICT,2720580,177
MINNESOTA,MILACA PUBLIC SCHOOL DISTRICT,2720670,450
MINNESOTA,MILROY PUBLIC SCHOOL DISTRICT,2721210,23
MINNESOTA,Minneapolis Public School District,2721240,6548
MINNESOTA,MINNEOTA PUBLIC SCHOOL DISTRICT,2721270,67
MINNESOTA,MONTEVIDEO PUBLIC SCHOOL DISTRICT,2721320,290
MINNESOTA,MONTICELLO PUBLIC SCHOOL DISTRICT,2721390,654
MINNESOTA,MOORHEAD PUBLIC SCHOOL DISTRICT,2721420,1479
MINNESOTA,MOOSE LAKE PUBLIC SCHOOL DISTRICT,2721450,97
MINNESOTA,MORA PUBLIC SCHOOL DISTRICT,2721480,312
MINNESOTA,WESTONKA PUBLIC SCHOOL DISTRICT,2722920,503
MINNESOTA,MOUNDS VIEW PUBLIC SCHOOL DISTRICT,2722950,1546
MINNESOTA,MOUNTAIN LAKE PUBLIC SCHOOLS,2723010,113
MINNESOTA,NASHWAUK-KEEWATIN SCHOOL DISTRICT,2723310,110
MINNESOTA,NEVIS PUBLIC SCHOOL DISTRICT,2723370,68
MINNESOTA,NEW HEIGHTS SCHOOL INC.,2723380,41
MINNESOTA,NEW LONDON-SPICER SCHOOL DISTRICT,2723400,195
MINNESOTA,NEW PRAGUE AREA SCHOOLS,2723430,569
MINNESOTA,NEW ULM PUBLIC SCHOOL DISTRICT,2723490,476
MINNESOTA,NEW YORK MILLS PUBLIC SCHOOL DIST.,2723520,125
MINNESOTA,MARSHALL COUNTY CENTRAL SCHOOLS,2723550,33
MINNESOTA,NICOLLET PUBLIC SCHOOL DISTRICT,2723580,72
MINNESOTA,NORTH BRANCH PUBLIC SCHOOLS,2723820,498
MINNESOTA,North St. Paul-Maplewood Oakdale,2723850,2032
MINNESOTA,NORTHFIELD PUBLIC SCHOOL DISTRICT,2723880,644
MINNESOTA,CENTRAL PUBLIC SCHOOL DISTRICT,2723910,229
MINNESOTA,OGILVIE PUBLIC SCHOOL DISTRICT,2723970,102
MINNESOTA,ONAMIA PUBLIC SCHOOL DISTRICT,2725050,269
MINNESOTA,ORONO PUBLIC SCHOOL DISTRICT,2725080,315
MINNESOTA,OSAKIS PUBLIC SCHOOL DISTRICT,2725140,110
MINNESOTA,OSSEO PUBLIC SCHOOL DISTRICT,2725200,3166
MINNESOTA,OWATONNA PUBLIC SCHOOL DISTRICT,2728050,819
MINNESOTA,PARK RAPIDS PUBLIC SCHOOL DISTRICT,2728080,340
MINNESOTA,PARKERS PRAIRIE PUBLIC SCHOOL DIST.,2728110,78
MINNESOTA,PAYNESVILLE PUBLIC SCHOOL DISTRICT,2728140,157
MINNESOTA,PELICAN RAPIDS PUBLIC SCHOOL DIST.,2728170,156
MINNESOTA,PEQUOT LAKES PUBLIC SCHOOLS,2728200,215
MINNESOTA,PERHAM-DENT PUBLIC SCHOOL DISTRICT,2728230,268
MINNESOTA,RUSHFORD-PETERSON PUBLIC SCHOOLS,2728290,87
MINNESOTA,PIERZ PUBLIC SCHOOL DISTRICT,2728320,150
MINNESOTA,PILLAGER PUBLIC SCHOOL DISTRICT,2728350,153
MINNESOTA,PINE CITY PUBLIC SCHOOL DISTRICT,2728380,200
MINNESOTA,Pine Island Public School District,2728950,191
MINNESOTA,PINE POINT PUBLIC SCHOOL DISTRICT,2728960,24
MINNESOTA,PINE RIVER-BACKUS SCHOOL DISTRICT,2728970,232
MINNESOTA,PRINCETON PUBLIC SCHOOL DISTRICT,2730030,514
MINNESOTA,PRIOR LAKE-SAVAGE AREA SCHOOLS,2730060,1035
MINNESOTA,PROCTOR PUBLIC SCHOOL DISTRICT,2730090,310
MINNESOTA,RANDOLPH PUBLIC SCHOOL DISTRICT,2730150,61
MINNESOTA,RED LAKE FALLS PUBLIC SCHOOL DIST.,2730450,53
MINNESOTA,RED WING PUBLIC SCHOOL DISTRICT,2730480,509
MINNESOTA,RED LAKE PUBLIC SCHOOL DISTRICT,2730510,405
MINNESOTA,NORTHLAND COMMUNITY SCHOOLS,2730870,75
MINNESOTA,RICHFIELD PUBLIC SCHOOL DISTRICT,2731750,770
MINNESOTA,ROBBINSDALE PUBLIC SCHOOL DISTRICT,2731780,1916
MINNESOTA,ROCHESTER PUBLIC SCHOOL DISTRICT,2731800,3286
MINNESOTA,ROCKFORD PUBLIC SCHOOL DISTRICT,2732070,253
MINNESOTA,ROSEAU PUBLIC SCHOOL DISTRICT,2732250,178
MINNESOTA,ROSEMOUNT-APPLE VALLEY-EAGAN,2732390,4376
MINNESOTA,ROSEVILLE PUBLIC SCHOOL DISTRICT,2732430,1015
MINNESOTA,ROTHSAY PUBLIC SCHOOL DISTRICT,2732460,26
MINNESOTA,ROYALTON PUBLIC SCHOOL DISTRICT,2732520,132
MINNESOTA,RUSH CITY PUBLIC SCHOOL DISTRICT,2732550,135
MINNESOTA,SOUTH KOOCHICHING SCHOOL DISTRICT,2732700,20
MINNESOTA,SARTELL-ST. STEPHEN SCHOOL DISTRICT,2732820,729
MINNESOTA,SAUK CENTRE PUBLIC SCHOOL DISTRICT,2732850,245
MINNESOTA,SAUK RAPIDS-RICE PUBLIC SCHOOLS,2732880,813
MINNESOTA,SEBEKA PUBLIC SCHOOL DISTRICT,2732970,113
MINNESOTA,SHAKOPEE PUBLIC SCHOOL DISTRICT,2733000,1443
MINNESOTA,SLEEPY EYE PUBLIC SCHOOL DISTRICT,2733210,125
MINNESOTA,South St. Paul Public School Dist,2733270,538
MINNESOTA,SPRING GROVE SCHOOL DISTRICT,2733300,53
MINNESOTA,SPRING LAKE PARK PUBLIC SCHOOLS,2733330,812
MINNESOTA,SPRINGFIELD PUBLIC SCHOOL DISTRICT,2733390,67
MINNESOTA,ST. ANTHONY-NEW BRIGHTON SCHOOLS,2733420,157
MINNESOTA,ST. CHARLES PUBLIC SCHOOL DISTRICT,2733450,117
MINNESOTA,ST. CLAIR PUBLIC SCHOOL DISTRICT,2733480,44
MINNESOTA,ST. CLOUD PUBLIC SCHOOL DISTRICT,2733510,2522
MINNESOTA,St. Francis Area Schools,2733540,754
MINNESOTA,ST. JAMES PUBLIC SCHOOL DISTRICT,2733600,217
MINNESOTA,NETT LAKE PUBLIC SCHOOL DISTRICT,2733720,36
MINNESOTA,ST. LOUIS PARK PUBLIC SCHOOL DIST.,2733780,630
MINNESOTA,ST. MICHAEL-ALBERTVILLE SCHOOL DIST,2733790,671
MINNESOTA,SOUTH WASHINGTON COUNTY SCHOOL DIST,2733810,3000
MINNESOTA,ST. PAUL PUBLIC SCHOOL DISTRICT,2733840,6149
MINNESOTA,ST. PETER PUBLIC SCHOOL DISTRICT,2733870,430
MINNESOTA,STAPLES-MOTLEY SCHOOL DISTRICT,2733900,321
MINNESOTA,STEWARTVILLE PUBLIC SCHOOL DISTRICT,2738160,346
MINNESOTA,STILLWATER AREA PUBLIC SCHOOL DIST.,2738190,1375
MINNESOTA,SWANVILLE PUBLIC SCHOOL DISTRICT,2738280,46
MINNESOTA,THIEF RIVER FALLS SCHOOL DISTRICT,2738850,364
MINNESOTA,ESKO PUBLIC SCHOOL DISTRICT,2738880,142
MINNESOTA,TRITON SCHOOL DISTRICT,2740665,264
MINNESOTA,TRUMAN PUBLIC SCHOOL DISTRICT,2740680,40
MINNESOTA,LAKE SUPERIOR PUBLIC SCHOOL DIST.,2740740,257
MINNESOTA,ULEN-HITTERDAL PUBLIC SCHOOL DIST,2740810,44
MINNESOTA,UNDERWOOD PUBLIC SCHOOL DISTRICT,2740830,30
MINNESOTA,UPSALA PUBLIC SCHOOL DISTRICT,2740860,61
MINNESOTA,VERNDALE PUBLIC SCHOOL DISTRICT,2740920,62
MINNESOTA,VIRGINIA PUBLIC SCHOOL DISTRICT,2741040,239
MINNESOTA,WABASHA-KELLOGG PUBLIC SCHOOL DIST.,2741060,111
MINNESOTA,WABASSO PUBLIC SCHOOL DISTRICT,2741430,62
MINNESOTA,WACONIA PUBLIC SCHOOL DISTRICT,2741460,669
MINNESOTA,WARROAD PUBLIC SCHOOL DISTRICT,2741850,194
MINNESOTA,WASECA PUBLIC SCHOOL DISTRICT,2741880,327
MINNESOTA,Watertown-Mayer Public School Dist,2741910,308
MINNESOTA,WAUBUN-OGEMA-WHITE EARTH PUBLIC SCH,2742120,115
MINNESOTA,WAYZATA PUBLIC SCHOOL DISTRICT,2742160,1219
MINNESOTA,WEST ST. PAUL-MENDOTA HTS.-EAGAN,2742270,1047
MINNESOTA,WHEATON AREA PUBLIC SCHOOL DISTRICT,2742330,59
MINNESOTA,WHITE BEAR LAKE SCHOOL DISTRICT,2742360,1507
MINNESOTA,WILLMAR PUBLIC SCHOOL DISTRICT,2742720,703
MINNESOTA,WILLOW RIVER PUBLIC SCHOOL DISTRICT,2742750,76
MINNESOTA,WINDOM PUBLIC SCHOOL DISTRICT,2742780,209
MINNESOTA,WINONA AREA PUBLIC SCHOOL DISTRICT,2744070,706
MINNESOTA,WORTHINGTON PUBLIC SCHOOL DISTRICT,2744160,526
MINNESOTA,WRENSHALL PUBLIC SCHOOL DISTRICT,2744190,45
MINNESOTA,ZUMBROTA-MAZEPPA SCHOOL DISTRICT,2745735,192
MINNESOTA,RIVER BEND EDUCATION DISTRICT,2791353,3
MINNESOTA,Goodhue County Education District,2791443,3
MINNESOTA,LAKE CRYSTAL-WELLCOME MEMORIAL,2791445,189
MINNESOTA,TRI-COUNTY SCHOOL DISTRICT,2791446,45
MINNESOTA,KITTSON CENTRAL SCHOOL DISTRICT,2791447,29
MINNESOTA,NORMAN COUNTY WEST SCHOOL DISTRICT,2791448,48
MINNESOTA,WIN-E-MAC SCHOOL DISTRICT,2791449,76
MINNESOTA,MESABI EAST SCHOOL DISTRICT,2791450,195
MINNESOTA,JANESVILLE-WALDORF-PEMBERTON,2791451,151
MINNESOTA,WEST CENTRAL EDUCATION DISTRICT,2791455,3
MINNESOTA,PERPICH CENTER FOR ARTS EDUCATION,2791456,14
MISSISSIPPI,MS SCHOOL FOR THE ARTS,2800031,3
MISSISSIPPI,ROGER AMOS MCMURTRY ADM,2800183,12
MISSISSIPPI,WEST BOLIVAR CONS SCHOOL DIST,2800185,183
MISSISSIPPI,NORTH BOLIVAR CONS SCHOOL DIST,2800186,125
MISSISSIPPI,SUNFLOWER CTY CONS SCHOOL DISTRICT,2800187,439
MISSISSIPPI,REIMAGINE PREP,2800188,55
MISSISSIPPI,STARKVILLE- OKTIBBEHA CONS DIST,2800189,831
MISSISSIPPI,MIDTOWN PUBLIC CHARTER SCHOOL,2800190,19
MISSISSIPPI,WEST POINT CONSOLIDATED SCHOOL DIST,2800191,423
MISSISSIPPI,JOEL E. SMILLOW PREP,2800192,54
MISSISSIPPI,JOEL E SMILOW COLLEGIATE,2800193,41
MISSISSIPPI,CLARKSDALE COLLEGIATE DISTRICT,2800194,30
MISSISSIPPI,HOLMES CO CONSOLIDATED SCHOOL DIST,2800195,405
MISSISSIPPI,WINONA-MONTGOMERY CONSOLIDATED,2800196,251
MISSISSIPPI,Ambition Preparatory Charter School,2800197,5
MISSISSIPPI,GREENWOOD-LEFLORE CONS SCH DISTRICT,2800198,570
MISSISSIPPI,ABERDEEN SCHOOL DIST,2800360,183
MISSISSIPPI,ALCORN SCHOOL DIST,2800390,547
MISSISSIPPI,AMITE COUNTY SCHOOL DISTRICT,2800420,227
MISSISSIPPI,AMORY SCHOOL DIST,2800450,282
MISSISSIPPI,ATTALA CO SCHOOL DIST,2800510,192
MISSISSIPPI,BALDWYN SCHOOL DISTRICT,2800540,112
MISSISSIPPI,BAY ST LOUIS WAVELAND SCHOOL DIST,2800570,316
MISSISSIPPI,BENTON CO SCHOOL DIST,2800600,212
MISSISSIPPI,BILOXI PUBLIC SCHOOL DIST,2800630,829
MISSISSIPPI,CLEVELAND SCHOOL DIST,2800750,492
MISSISSIPPI,BOONEVILLE SCHOOL DIST,2800820,213
MISSISSIPPI,BROOKHAVEN SCHOOL DIST,2800840,404
MISSISSIPPI,CALHOUN CO SCHOOL DIST,2800870,365
MISSISSIPPI,CANTON PUBLIC SCHOOL DIST,2800900,344
MISSISSIPPI,CARROLL COUNTY SCHOOL DIST,2800930,156
MISSISSIPPI,CHICKASAW CO SCHOOL DIST,2800960,92
MISSISSIPPI,CHOCTAW CO SCHOOL DIST,2800990,272
MISSISSIPPI,CLAIBORNE CO SCHOOL DIST,2801020,188
MISSISSIPPI,CLARKSDALE MUNICIPAL SCHOOL DIST,2801050,262
MISSISSIPPI,CLINTON PUBLIC SCHOOL DIST,2801090,594
MISSISSIPPI,COAHOMA EARLY COLLEGE,2801100,17
MISSISSIPPI,COAHOMA COUNTY SCHOOL DISTRICT,2801110,215
MISSISSIPPI,COFFEEVILLE SCHOOL DIST,2801140,64
MISSISSIPPI,COLUMBIA SCHOOL DISTRICT,2801170,351
MISSISSIPPI,MS SCHS FOR THE BLIND AND DEAF,2801189,129
MISSISSIPPI,MDHS DIVISION OF YOUTH SERVICES,2801191,19
MISSISSIPPI,ELLISVILLE STATE SCHOOL ADM,2801192,NA
MISSISSIPPI,STOVALL SPED COMPLEX ADMINISTRATION,2801193,3
MISSISSIPPI,MS SCHOOL FOR MATH AND SCIENCE,2801194,3
MISSISSIPPI,HUDSPETH CENTER ADMINISTRATION,2801196,NA
MISSISSIPPI,COLUMBUS MUNICIPAL SCHOOL DIST,2801200,501
MISSISSIPPI,COPIAH CO SCHOOL DIST,2801220,379
MISSISSIPPI,CORINTH SCHOOL DIST,2801260,271
MISSISSIPPI,COVINGTON COUNTY SCHOOL DISTRICT,2801290,686
MISSISSIPPI,DESOTO CO SCHOOL DIST,2801320,5419
MISSISSIPPI,EAST JASPER CONSOLIDATED SCH DIST,2801380,137
MISSISSIPPI,EAST TALLAHATCHIE CONSOL SCH DIST,2801410,120
MISSISSIPPI,ENTERPRISE SCHOOL DIST,2801440,167
MISSISSIPPI,FOREST MUNICIPAL SCHOOL DIST,2801470,269
MISSISSIPPI,FORREST COUNTY SCHOOL DISTRICT,2801490,452
MISSISSIPPI,FORREST COUNTY AG HIGH SCHOOL,2801510,93
MISSISSIPPI,FRANKLIN CO SCHOOL DIST,2801530,278
MISSISSIPPI,GEORGE CO SCHOOL DIST,2801560,597
MISSISSIPPI,GREENE COUNTY SCHOOL DISTRICT,2801590,292
MISSISSIPPI,GREENVILLE PUBLIC SCHOOLS,2801620,473
MISSISSIPPI,GRENADA SCHOOL DIST,2801680,646
MISSISSIPPI,GULFPORT SCHOOL DIST,2801710,1011
MISSISSIPPI,HANCOCK CO SCHOOL DIST,2801740,777
MISSISSIPPI,HARRISON CO SCHOOL DIST,2801770,2107
MISSISSIPPI,HATTIESBURG PUBLIC SCHOOL DIST,2801800,567
MISSISSIPPI,HAZLEHURST CITY SCHOOL DISTRICT,2801830,130
MISSISSIPPI,HINDS CO SCHOOL DIST,2801860,688
MISSISSIPPI,HOLLANDALE SCHOOL DIST,2801890,74
MISSISSIPPI,HOLLY SPRINGS SCHOOL DIST,2801950,227
MISSISSIPPI,HOUSTON  SCHOOL DIST,2802010,286
MISSISSIPPI,HUMPHREYS CO SCHOOL DIST,2802040,249
MISSISSIPPI,ITAWAMBA COUNTY SCHOOL DIST,2802100,675
MISSISSIPPI,JACKSON CO SCHOOL DIST,2802160,1271
MISSISSIPPI,JACKSON PUBLIC SCHOOL DISTRICT,2802190,2332
MISSISSIPPI,JEFFERSON CO SCHOOL DIST,2802220,155
MISSISSIPPI,JEFFERSON DAVIS CO SCHOOL DIST,2802250,216
MISSISSIPPI,JONES CO SCHOOL DIST,2802280,1496
MISSISSIPPI,KEMPER CO SCHOOL DIST,2802310,128
MISSISSIPPI,KOSCIUSKO SCHOOL DISTRICT,2802340,383
MISSISSIPPI,LAFAYETTE CO SCHOOL DIST,2802370,447
MISSISSIPPI,LAMAR COUNTY SCHOOL DISTRICT,2802400,1781
MISSISSIPPI,LAUDERDALE CO SCHOOL DIST,2802430,888
MISSISSIPPI,LAUREL SCHOOL DISTRICT,2802460,406
MISSISSIPPI,LAWRENCE CO SCHOOL DIST,2802490,325
MISSISSIPPI,LEAKE CO SCHOOL DIST,2802520,514
MISSISSIPPI,LEE COUNTY SCHOOL DISTRICT,2802550,1069
MISSISSIPPI,LELAND SCHOOL DIST,2802610,102
MISSISSIPPI,LINCOLN COUNTY SCHOOL DISTRICT,2802640,431
MISSISSIPPI,LONG BEACH SCHOOL DIST,2802670,501
MISSISSIPPI,LOUISVILLE MUNICIPAL SCHOOL DIST,2802700,343
MISSISSIPPI,LOWNDES CO SCHOOL DIST,2802730,864
MISSISSIPPI,MADISON CO SCHOOL DIST,2802790,1615
MISSISSIPPI,MARION CO SCHOOL DIST,2802820,336
MISSISSIPPI,MARSHALL CO SCHOOL DIST,2802850,334
MISSISSIPPI,MCCOMB SCHOOL DISTRICT,2802880,280
MISSISSIPPI,MERIDIAN PUBLIC SCHOOLS,2802910,616
MISSISSIPPI,MONROE CO SCHOOL DIST,2802940,396
MISSISSIPPI,MOSS POINT SEPARATE SCHOOL DIST,2803000,252
MISSISSIPPI,NATCHEZ-ADAMS SCHOOL DISTRICT,2803030,560
MISSISSIPPI,NESHOBA COUNTY SCHOOL DISTRICT,2803060,530
MISSISSIPPI,NETTLETON SCHOOL DIST,2803090,197
MISSISSIPPI,NEW ALBANY PUBLIC SCHOOLS,2803120,373
MISSISSIPPI,NEWTON COUNTY SCHOOL DISTRICT,2803150,227
MISSISSIPPI,NEWTON MUNICIPAL SCHOOL DISTRICT,2803180,142
MISSISSIPPI,NORTH PANOLA SCHOOL DISTRICT,2803210,246
MISSISSIPPI,NORTH PIKE SCHOOL DIST,2803240,380
MISSISSIPPI,NORTH TIPPAH SCHOOL DIST,2803270,241
MISSISSIPPI,NOXUBEE COUNTY SCHOOL DISTRICT,2803300,184
MISSISSIPPI,OCEAN SPRINGS SCHOOL DIST,2803360,993
MISSISSIPPI,OKOLONA SEPARATE SCHOOL DIST,2803390,109
MISSISSIPPI,OXFORD SCHOOL DISTRICT,2803450,588
MISSISSIPPI,PASCAGOULA-GAUTIER SCHOOL DISTRICT,2803480,911
MISSISSIPPI,PASS CHRISTIAN PUBLIC SCHOOL DIST,2803510,301
MISSISSIPPI,PEARL PUBLIC SCHOOL DISTRICT,2803520,676
MISSISSIPPI,PETAL SCHOOL DIST,2803530,771
MISSISSIPPI,PEARL RIVER CO SCHOOL DIST,2803540,508
MISSISSIPPI,PERRY CO SCHOOL DIST,2803570,175
MISSISSIPPI,PHILADELPHIA PUBLIC SCHOOL DIST,2803600,164
MISSISSIPPI,PICAYUNE SCHOOL DISTRICT,2803630,426
MISSISSIPPI,PONTOTOC CO SCHOOL DIST,2803660,578
MISSISSIPPI,PONTOTOC CITY SCHOOLS,2803690,459
MISSISSIPPI,POPLARVILLE SEPARATE SCHOOL DIST,2803720,302
MISSISSIPPI,PRENTISS CO SCHOOL DIST,2803750,522
MISSISSIPPI,QUITMAN SCHOOL DIST,2803780,284
MISSISSIPPI,QUITMAN CO SCHOOL DIST,2803810,180
MISSISSIPPI,RANKIN CO SCHOOL DIST,2803830,2670
MISSISSIPPI,RICHTON SCHOOL DIST,2803870,99
MISSISSIPPI,SCOTT CO SCHOOL DIST,2803900,705
MISSISSIPPI,SENATOBIA MUNICIPAL SCHOOL DIST,2803930,327
MISSISSIPPI,SOUTH DELTA SCHOOL DISTRICT,2803960,89
MISSISSIPPI,SIMPSON CO SCHOOL DIST,2803990,630
MISSISSIPPI,SMITH CO SCHOOL DIST,2804020,402
MISSISSIPPI,SOUTH PANOLA SCHOOL DISTRICT,2804050,701
MISSISSIPPI,SOUTH PIKE SCHOOL DIST,2804080,231
MISSISSIPPI,SOUTH TIPPAH SCHOOL DIST,2804110,581
MISSISSIPPI,STONE CO SCHOOL DIST,2804170,376
MISSISSIPPI,TATE CO SCHOOL DIST,2804230,359
MISSISSIPPI,TISHOMINGO CO SP MUN SCH DIST,2804260,526
MISSISSIPPI,TUNICA COUNTY SCHOOL DISTRICT,2804290,213
MISSISSIPPI,TUPELO PUBLIC SCHOOL DIST,2804320,1032
MISSISSIPPI,UNION CO SCHOOL DIST,2804350,516
MISSISSIPPI,UNION PUBLIC SCHOOL DIST,2804380,212
MISSISSIPPI,WALTHALL CO SCHOOL DIST,2804440,227
MISSISSIPPI,VICKSBURG WARREN SCHOOL DIST,2804470,1006
MISSISSIPPI,WATER VALLEY SCHOOL DISTRICT,2804500,161
MISSISSIPPI,WAYNE CO SCHOOL DIST,2804530,639
MISSISSIPPI,WEBSTER CO SCHOOL DIST,2804560,311
MISSISSIPPI,WEST JASPER CONSOLIDATED SCHOOLS,2804590,282
MISSISSIPPI,WEST TALLAHATCHIE SCHOOL DISTRICT,2804650,114
MISSISSIPPI,WESTERN LINE SCHOOL DISTRICT,2804680,273
MISSISSIPPI,WILKINSON CO SCHOOL DIST,2804710,156
MISSISSIPPI,YAZOO CITY MUNICIPAL SCHOOL DIST,2804770,324
MISSISSIPPI,YAZOO CO SCHOOL DIST,2804800,190
MISSOURI,MARIES CO. R-II,2900001,97
MISSOURI,SOUTH HARRISON CO. R-II,2900002,126
MISSOURI,PORTAGEVILLE,2900003,74
MISSOURI,NEW MADRID CO. R-I,2900004,187
MISSOURI,STATE FAIR COMMUNITY COLLEGE,2900005,3
MISSOURI,JEFFERSON COLLEGE,2900006,3
MISSOURI,CROWDER COLLEGE,2900007,3
MISSOURI,OZARKS TECHNICAL COMM COLLEGE,2900008,3
MISSOURI,DIVISION OF YOUTH SERVICE,2900009,194
MISSOURI,KC INTERNATIONAL ACADEMY,2900013,32
MISSOURI,HOGAN PREPARATORY ACADEMY,2900014,124
MISSOURI,GORDON PARKS ELEM.,2900015,14
MISSOURI,GENESIS SCHOOL INC.,2900016,37
MISSOURI,ACADEMIE LAFAYETTE,2900017,94
MISSOURI,SCUOLA VITA NUOVA,2900019,10
MISSOURI,MO SCHOOL FOR THE DEAF,2900020,54
MISSOURI,MO SCHOOL FOR THE BLIND,2900021,36
MISSOURI,MO SCHLS FOR THE SEV DISABLED,2900022,799
MISSOURI,BROOKSIDE CHARTER SCH.,2900024,88
MISSOURI,ALLEN VILLAGE,2900025,43
MISSOURI,UNIVERSITY ACADEMY,2900027,38
MISSOURI,LEE A. TOLBERT COM. ACADEMY,2900028,53
MISSOURI,GUADALUPE CENTERS SCHOOLS,2900029,116
MISSOURI,DEPARTMENT OF CORRECTIONS,2900030,106
MISSOURI,KIPP: ENDEAVOR ACADEMY,2900031,66
MISSOURI,LIFT FOR LIFE ACADEMY,2900574,77
MISSOURI,PREMIER CHARTER SCHOOL,2900576,164
MISSOURI,CONFLUENCE ACADEMIES,2900579,305
MISSOURI,CITY GARDEN MONTESSORI,2900585,25
MISSOURI,ST. LOUIS LANG IMMERSION SCH,2900586,65
MISSOURI,NORTH SIDE COMMUNITY SCHOOL,2900589,45
MISSOURI,FRONTIER SCHOOLS,2900590,98
MISSOURI,KIPP ST LOUIS PUBLIC SCHOOLS,2900591,261
MISSOURI,GATEWAY SCIENCE ACAD/ST LOUIS,2900592,105
MISSOURI,DELASALLE CHARTER SCHOOL,2900593,12
MISSOURI,CARONDELET LEADERSHIP ACADEMY,2900594,66
MISSOURI,EWING MARION KAUFFMAN SCHOOL,2900597,86
MISSOURI,HOPE LEADERSHIP ACADEMY,2900601,12
MISSOURI,CROSSROADS CHARTER SCHOOLS,2900603,78
MISSOURI,ACADEMY FOR INTEGRATED ARTS,2900604,21
MISSOURI,EAGLE COLLEGE PREP ENDEAVOR,2900605,72
MISSOURI,LAFAYETTE PREPARATORY ACADEMY,2900606,58
MISSOURI,MO VIRTUAL INSTRUCTION PROGRAM,2900607,3
MISSOURI,HAWTHORN LEADERSHIP SCHL GIRLS,2900608,14
MISSOURI,THE BIOME,2900609,18
MISSOURI,LA SALLE CHARTER SCHOOL,2900611,21
MISSOURI,CITIZENS OF THE WORLD CHARTER,2900612,55
MISSOURI,THE ARCH COMMUNITY SCHOOL,2900614,21
MISSOURI,KANSAS CITY GIRLS PREP ACADEMY,2900615,5
MISSOURI,KAIROS ACADEMIES,2900616,12
MISSOURI,THE SOULARD SCHOOL,2900617,8
MISSOURI,COLUMBIA 93,2901000,2088
MISSOURI,ADRIAN R-III,2902850,69
MISSOURI,ADVANCE R-IV,2902880,55
MISSOURI,AFFTON 101,2902910,402
MISSOURI,ALBANY R-III,2902970,53
MISSOURI,SANTA FE R-X,2903000,30
MISSOURI,ALTENBURG 48,2903040,21
MISSOURI,ALTON R-IV,2903060,107
MISSOURI,APPLETON CITY R-II,2903120,39
MISSOURI,ARCADIA VALLEY R-II,2903150,159
MISSOURI,ARCHIE R-V,2903200,58
MISSOURI,ASH GROVE R-IV,2903270,105
MISSOURI,ATLANTA C-3,2903480,21
MISSOURI,AURORA R-VIII,2904020,352
MISSOURI,AVA R-I,2904050,225
MISSOURI,AVENUE CITY R-IX,2904080,17
MISSOURI,AVILLA R-XIII,2904110,14
MISSOURI,BAKERSFIELD R-IV,2904140,73
MISSOURI,BALLARD R-II,2904170,20
MISSOURI,BAYLESS,2904500,280
MISSOURI,BELL CITY R-II,2904530,25
MISSOURI,BELLEVIEW R-III,2904590,22
MISSOURI,BELTON 124,2904620,776
MISSOURI,SCOTT CO. R-IV,2904890,147
MISSOURI,BERNIE R-XIII,2904950,73
MISSOURI,BEVIER C-4,2904980,51
MISSOURI,BILLINGS R-IV,2905070,56
MISSOURI,BISMARCK R-V,2905130,84
MISSOURI,BLACKWATER R-II,2905190,19
MISSOURI,BLOOMFIELD R-XIV,2905250,72
MISSOURI,BLUE EYE R-V,2905280,121
MISSOURI,BLUE SPRINGS R-IV,2905310,1873
MISSOURI,BOLIVAR R-I,2905370,404
MISSOURI,BONCL R-X,2905400,13
MISSOURI,NORTH ST. FRANCOIS CO. R-I,2905430,415
MISSOURI,BOONVILLE R-I,2905580,248
MISSOURI,BOSWORTH R-V,2905610,8
MISSOURI,CRAWFORD CO. R-I,2905640,152
MISSOURI,BOWLING GREEN R-I,2905660,246
MISSOURI,BRADLEYVILLE R-I,2905700,41
MISSOURI,DELTA C-7,2905730,26
MISSOURI,BRANSON R-IV,2905760,741
MISSOURI,ADAIR CO. R-II,2905790,29
MISSOURI,BRAYMER C-4,2905820,47
MISSOURI,BRECKENRIDGE R-I,2905850,15
MISSOURI,BRENTWOOD,2905880,102
MISSOURI,BRONAUGH R-VII,2905910,33
MISSOURI,BROOKFIELD R-III,2905940,162
MISSOURI,LINN CO. R-I,2906000,48
MISSOURI,BRUNSWICK R-II,2906030,52
MISSOURI,BUCKLIN R-II,2906090,31
MISSOURI,DALLAS CO. R-I,2906120,262
MISSOURI,COOPER CO. R-IV,2906150,17
MISSOURI,BUNKER R-III,2906170,35
MISSOURI,BUTLER R-V,2906360,158
MISSOURI,CABOOL R-IV,2906430,131
MISSOURI,CAINSVILLE R-I,2906450,31
MISSOURI,CALHOUN R-VIII,2906480,14
MISSOURI,MONITEAU CO. R-I,2906510,151
MISSOURI,CALLAO C-8,2906540,8
MISSOURI,CAMDENTON R-III,2906990,618
MISSOURI,CAMERON R-I,2907020,259
MISSOURI,CAMPBELL R-II,2907050,70
MISSOURI,CANTON R-V,2907080,98
MISSOURI,CAPE GIRARDEAU 63,2907120,726
MISSOURI,NELL HOLCOMB R-IV,2907320,36
MISSOURI,CARL JUNCTION R-I,2907350,373
MISSOURI,CARROLLTON R-VII,2907380,125
MISSOURI,CARTHAGE R-IX,2907460,665
MISSOURI,CARUTHERSVILLE 18,2907470,128
MISSOURI,CASSVILLE R-IV,2908170,218
MISSOURI,CENTER 58,2908250,405
MISSOURI,JOHNSON CO. R-VII,2908320,49
MISSOURI,CENTERVILLE R-I,2908340,8
MISSOURI,FT. ZUMWALT R-II,2908370,2921
MISSOURI,CENTRALIA R-VI,2908400,155
MISSOURI,CHADWICK R-I,2908430,53
MISSOURI,CHAFFEE R-II,2908460,94
MISSOURI,OSAGE CO. R-I,2908490,22
MISSOURI,CHARLESTON R-I,2908670,76
MISSOURI,CHILHOWEE R-IV,2908730,18
MISSOURI,CHILLICOTHE R-II,2908760,262
MISSOURI,LIVINGSTON CO. R-III,2908790,4
MISSOURI,CLARKSBURG C-2,2909090,7
MISSOURI,CLARKTON C-4,2909120,51
MISSOURI,CLAYTON,2909720,314
MISSOURI,CLEARWATER R-I,2909750,201
MISSOURI,CLEVER R-V,2909780,134
MISSOURI,CLIMAX SPRINGS R-IV,2909810,23
MISSOURI,CLINTON,2909860,254
MISSOURI,COLE CAMP R-I,2909900,103
MISSOURI,BLAIR OAKS R-II,2909930,164
MISSOURI,COMMUNITY R-VI,2910020,50
MISSOURI,CONCORDIA R-II,2910080,53
MISSOURI,LACLEDE CO. R-I,2910110,102
MISSOURI,COOTER R-IV,2910140,22
MISSOURI,COUCH R-I,2910200,36
MISSOURI,COWGILL R-VI,2910230,6
MISSOURI,CRAIG R-III,2910260,6
MISSOURI,CRANE R-III,2910290,85
MISSOURI,SHERWOOD CASS R-VIII,2910320,144
MISSOURI,CROCKER R-II,2910350,52
MISSOURI,CRYSTAL CITY 47,2910380,69
MISSOURI,CRAWFORD CO. R-II,2910410,263
MISSOURI,DADEVILLE R-II,2910440,15
MISSOURI,DAVIS R-XII,2910470,4
MISSOURI,DESOTO 73,2910500,480
MISSOURI,LAKELAND R-III,2910520,55
MISSOURI,BUCHANAN CO. R-IV,2910590,42
MISSOURI,DELTA R-V,2910620,22
MISSOURI,NORTH WOOD R-IV,2910650,34
MISSOURI,DENT-PHELPS R-III,2910710,26
MISSOURI,DEXTER R-XI,2910770,313
MISSOURI,DIAMOND R-IV,2910800,128
MISSOURI,DIXON R-I,2910830,79
MISSOURI,DONIPHAN R-I,2910920,211
MISSOURI,DORA R-III,2910950,62
MISSOURI,SKYLINE R-II,2911010,14
MISSOURI,PLAINVIEW R-VIII,2911040,12
MISSOURI,DREXEL R-IV,2911070,34
MISSOURI,EAST CARTER CO. R-II,2911100,110
MISSOURI,EAST LYNNE 40,2911160,20
MISSOURI,EAST PRAIRIE R-II,2911220,173
MISSOURI,EAST BUCHANAN CO. C-1,2911250,115
MISSOURI,KNOX CO. R-I,2911280,68
MISSOURI,EL DORADO SPRINGS R-II,2911310,178
MISSOURI,ELDON R-I,2911340,210
MISSOURI,ELSBERRY R-II,2911400,107
MISSOURI,EMINENCE R-I,2911450,41
MISSOURI,COLE CO. R-V,2911550,53
MISSOURI,EVERTON R-III,2911580,23
MISSOURI,EXCELSIOR SPRINGS 40,2911650,365
MISSOURI,EXETER R-VI,2911670,40
MISSOURI,FAIR GROVE R-X,2911700,142
MISSOURI,FAIR PLAY R-II,2911730,52
MISSOURI,FAIRFAX R-III,2911760,18
MISSOURI,FAIRVIEW R-XI,2911850,87
MISSOURI,FARMINGTON R-VII,2911910,439
MISSOURI,MID-BUCHANAN CO. R-V,2911940,89
MISSOURI,FAYETTE R-III,2911990,65
MISSOURI,FERGUSON-FLORISSANT R-II,2912010,1796
MISSOURI,FESTUS R-VI,2912030,268
MISSOURI,FORDLAND R-III,2912180,87
MISSOURI,FORSYTH R-III,2912240,192
MISSOURI,FORT OSAGE R-I,2912290,650
MISSOURI,FOX C-6,2912300,2116
MISSOURI,SPRING BLUFF R-XV,2912450,13
MISSOURI,STRAIN-JAPAN R-XVI,2912480,12
MISSOURI,FRANKLIN CO. R-II,2912510,22
MISSOURI,FREDERICKTOWN R-I,2912540,297
MISSOURI,FULTON 58,2912550,353
MISSOURI,GAINESVILLE R-V,2912600,97
MISSOURI,GALENA R-II,2912630,78
MISSOURI,GALLATIN R-V,2912660,105
MISSOURI,GRUNDY CO. R-V,2912690,19
MISSOURI,GASCONADE C-4,2912720,10
MISSOURI,GIDEON 37,2912780,43
MISSOURI,GILLIAM C-4,2912840,3
MISSOURI,GILMAN CITY R-IV,2912870,16
MISSOURI,GLASGOW,2912900,62
MISSOURI,GOLDEN CITY R-III,2912930,27
MISSOURI,GRAIN VALLEY R-V,2913080,537
MISSOURI,GRANDVIEW C-4,2913140,569
MISSOURI,GRANDVIEW R-II,2913170,106
MISSOURI,GREEN CITY R-I,2913230,32
MISSOURI,GREEN FOREST R-II,2913260,17
MISSOURI,GREEN RIDGE R-VIII,2913290,53
MISSOURI,GREENFIELD R-IV,2913320,58
MISSOURI,GREENVILLE R-II,2913380,121
MISSOURI,PLEASANT VIEW R-VI,2913440,44
MISSOURI,HALE R-I,2913500,22
MISSOURI,HALFWAY R-III,2913530,43
MISSOURI,HALLSVILLE R-IV,2913560,152
MISSOURI,HAMILTON R-II,2913590,102
MISSOURI,HANCOCK PLACE,2913620,231
MISSOURI,HANNIBAL 60,2913650,652
MISSOURI,HARDIN-CENTRAL C-2,2913680,34
MISSOURI,HARRISBURG R-VIII,2913710,67
MISSOURI,HARRISONVILLE R-IX,2913760,273
MISSOURI,HARTVILLE R-II,2913770,78
MISSOURI,HAYTI R-II,2913800,100
MISSOURI,HAZELWOOD,2913830,2935
MISSOURI,DUNKLIN R-V,2914250,342
MISSOURI,GASCONADE CO. R-I,2914280,156
MISSOURI,HERMITAGE R-IV,2914310,39
MISSOURI,HICKORY CO. R-I,2914320,76
MISSOURI,HICKMAN MILLS C-1,2914340,748
MISSOURI,HIGBEE R-VIII,2914370,33
MISSOURI,LAFAYETTE CO. C-1,2914400,167
MISSOURI,HILLSBORO R-III,2914430,504
MISSOURI,HOLCOMB R-III,2914460,73
MISSOURI,HOLDEN R-III,2914490,187
MISSOURI,HOLLIDAY C-2,2914520,6
MISSOURI,HOLLISTER R-V,2914550,214
MISSOURI,HOUSTON R-I,2914840,251
MISSOURI,JUNCTION HILL C-12,2915060,51
MISSOURI,GLENWOOD R-VIII,2915180,22
MISSOURI,HOWELL VALLEY R-I,2915210,20
MISSOURI,HUDSON R-IX,2915240,5
MISSOURI,PETTIS CO. R-V,2915270,33
MISSOURI,HUMANSVILLE R-IV,2915300,64
MISSOURI,HUME R-VIII,2915330,15
MISSOURI,HURLEY R-I,2915390,17
MISSOURI,IBERIA R-V,2915420,87
MISSOURI,SCOTT CITY R-I,2915450,97
MISSOURI,INDEPENDENCE 30,2915480,1522
MISSOURI,IRON CO. C-4,2915510,44
MISSOURI,JACKSON R-II,2915600,715
MISSOURI,NORTH DAVIESS R-III,2915630,18
MISSOURI,JAMESTOWN C-1,2915660,18
MISSOURI,JASPER CO. R-V,2916140,65
MISSOURI,JEFFERSON CITY,2916190,1194
MISSOURI,JEFFERSON C-123,2916200,9
MISSOURI,JEFFERSON CO. R-VII,2916230,101
MISSOURI,JENNINGS,2916290,408
MISSOURI,JOPLIN SCHOOLS,2916350,1408
MISSOURI,CLARK CO. R-I,2916380,213
MISSOURI,KANSAS CITY 33,2916400,1892
MISSOURI,KEARNEY R-I,2916450,380
MISSOURI,KELSO C-7,2916470,31
MISSOURI,KENNETT 39,2916500,288
MISSOURI,KEYTESVILLE R-III,2916530,19
MISSOURI,KING CITY R-I,2916590,49
MISSOURI,KINGSTON 42,2916620,5
MISSOURI,KINGSVILLE R-I,2916660,37
MISSOURI,KIRBYVILLE R-VI,2916710,35
MISSOURI,KIRKSVILLE R-III,2916740,413
MISSOURI,KIRKWOOD R-VII,2916770,950
MISSOURI,KNOB NOSTER R-VIII,2916830,238
MISSOURI,OREGON-HOWELL R-III,2916860,38
MISSOURI,LA MONTE R-IV,2916920,24
MISSOURI,LA PLATA R-II,2916950,39
MISSOURI,LACLEDE CO. C-5,2917000,76
MISSOURI,LADUE,2917820,517
MISSOURI,LAMAR R-I,2917850,265
MISSOURI,LAQUEY R-V,2917880,128
MISSOURI,LAREDO R-VII,2917910,13
MISSOURI,LATHROP R-II,2917970,120
MISSOURI,LAWSON R-XIV,2918220,110
MISSOURI,WEST ST. FRANCOIS CO. R-IV,2918240,162
MISSOURI,LEBANON R-III,2918270,810
MISSOURI,LEE'S SUMMIT R-VII,2918300,1817
MISSOURI,LEESVILLE R-IX,2918330,14
MISSOURI,LEETON R-X,2918360,33
MISSOURI,LEOPOLD R-III,2918420,27
MISSOURI,LESTERVILLE R-IV,2918450,49
MISSOURI,LEWIS CO. C-1,2918460,160
MISSOURI,LEXINGTON R-V,2918480,153
MISSOURI,LIBERAL R-II,2918510,43
MISSOURI,LIBERTY 53,2918540,1431
MISSOURI,LICKING R-VIII,2918600,112
MISSOURI,LINCOLN R-II,2918670,79
MISSOURI,LINDBERGH SCHOOLS,2918690,1085
MISSOURI,OSAGE CO. R-II,2919080,75
MISSOURI,LOCKWOOD R-I,2919140,25
MISSOURI,LOGAN-ROGERSVILLE R-VIII,2919170,247
MISSOURI,LONEDELL R-14,2919200,54
MISSOURI,LONE JACK C-6,2919230,70
MISSOURI,LOUISIANA R-II,2919260,88
MISSOURI,WOODLAND R-IV,2919350,121
MISSOURI,MACKS CREEK R-V,2919380,50
MISSOURI,MACON CO. R-I,2919410,129
MISSOURI,MADISON C-3,2919840,31
MISSOURI,MALDEN R-I,2919890,143
MISSOURI,MALTA BEND R-V,2919920,12
MISSOURI,MANES R-V,2919950,13
MISSOURI,MANSFIELD R-IV,2919980,94
MISSOURI,MAPLEWOOD-RICHMOND HEIGHTS,2920010,205
MISSOURI,MARCELINE R-V,2920050,88
MISSOURI,MARION C. EARLY R-V,2920160,66
MISSOURI,MARION CO. R-II,2920280,18
MISSOURI,MARIONVILLE R-IX,2920310,106
MISSOURI,MARK TWAIN R-VIII,2920340,16
MISSOURI,MARQUAND-ZION R-VI,2920370,24
MISSOURI,MARSHALL,2920410,353
MISSOURI,MARSHFIELD R-I,2920430,481
MISSOURI,MARYVILLE R-II,2920490,283
MISSOURI,MAYSVILLE R-I,2920550,68
MISSOURI,MCDONALD CO. R-I,2920610,639
MISSOURI,MEADVILLE R-IV,2920640,36
MISSOURI,MEHLVILLE R-IX,2920670,1713
MISSOURI,SCOTLAND CO. R-I,2920700,95
MISSOURI,NORTH MERCER CO. R-III,2920750,19
MISSOURI,MEXICO 59,2920810,311
MISSOURI,MIAMI R-I,2920820,22
MISSOURI,MIAMI R-I,2920840,10
MISSOURI,MIDDLE GROVE C-1,2920880,4
MISSOURI,MILAN C-2,2920940,61
MISSOURI,MILLER R-II,2921000,77
MISSOURI,MIRABILE C-1,2921030,8
MISSOURI,MISSOURI CITY 56,2921060,5
MISSOURI,MOBERLY,2921100,410
MISSOURI,MONETT R-I,2921120,359
MISSOURI,HIGH POINT R-III,2921150,10
MISSOURI,MONITEAU CO. R-V,2921180,3
MISSOURI,MONROE CITY R-I,2921210,142
MISSOURI,MONTGOMERY CO. R-II,2921330,158
MISSOURI,MONTROSE R-XIV,2921360,22
MISSOURI,SCOTT CO. CENTRAL,2921420,72
MISSOURI,MOUND CITY R-II,2921480,35
MISSOURI,MOUNTAIN GROVE R-III,2921510,242
MISSOURI,MOUNTAIN VIEW-BIRCH TREE R-III,2921540,211
MISSOURI,MT. VERNON R-V,2921600,241
MISSOURI,NORTHEAST NODAWAY CO. R-V,2921660,33
MISSOURI,NORTH NODAWAY CO. R-VI,2921690,42
MISSOURI,NAYLOR R-II,2921720,57
MISSOURI,NEELYVILLE R-IV,2921750,109
MISSOURI,NEOSHO SCHOOL DISTRICT,2921810,703
MISSOURI,NEVADA R-V,2921840,395
MISSOURI,NEW BLOOMFIELD R-III,2921875,83
MISSOURI,MACON CO. R-IV,2921880,17
MISSOURI,NEW FRANKLIN R-I,2921940,57
MISSOURI,NEW HAVEN,2921960,88
MISSOURI,NEW YORK R-IV,2922110,4
MISSOURI,NEWBURG R-II,2922140,60
MISSOURI,NEWTOWN-HARRIS R-III,2922470,13
MISSOURI,NIANGUA R-V,2922500,69
MISSOURI,Nixa Public Schools,2922530,793
MISSOURI,NODAWAY-HOLT R-VII,2922560,30
MISSOURI,NORBORNE R-VIII,2922620,31
MISSOURI,NORMANDY SCHOOLS COLLABORATIVE,2922650,394
MISSOURI,NORTH ANDREW CO. R-VI,2922710,47
MISSOURI,NORTH CALLAWAY CO. R-I,2922740,137
MISSOURI,NORTH HARRISON R-III,2922770,32
MISSOURI,NORTH KANSAS CITY 74,2922800,2642
MISSOURI,NORTH PLATTE CO. R-I,2922830,85
MISSOURI,NORTHEAST RANDOLPH CO. R-IV,2922860,52
MISSOURI,NORTHWEST R-I,2922890,894
MISSOURI,NORTHWESTERN R-I,2922920,20
MISSOURI,NORWOOD R-I,2922950,56
MISSOURI,ADAIR CO. R-I,2922980,28
MISSOURI,OAK GROVE R-VI,2923010,263
MISSOURI,OAK HILL R-I,2923040,17
MISSOURI,OAK RIDGE R-VI,2923070,32
MISSOURI,ODESSA R-VII,2923100,261
MISSOURI,ORAN R-III,2923130,51
MISSOURI,ORCHARD FARM R-V,2923160,359
MISSOURI,SOUTH HOLT CO. R-I,2923190,18
MISSOURI,ORRICK R-XI,2923220,29
MISSOURI,OSBORN R-O,2923250,13
MISSOURI,OSCEOLA,2923270,105
MISSOURI,OTTERVILLE R-VI,2923310,28
MISSOURI,GASCONADE CO. R-II,2923340,265
MISSOURI,THORNFIELD R-I,2923370,8
MISSOURI,LUTIE R-VI,2923400,29
MISSOURI,OZARK R-VI,2923430,787
MISSOURI,MERAMEC VALLEY R-III,2923460,567
MISSOURI,PALMYRA R-I,2923490,179
MISSOURI,PARIS R-II,2923530,70
MISSOURI,PARK HILL,2923550,1318
MISSOURI,PARKWAY C-2,2923580,2659
MISSOURI,MEADOW HEIGHTS R-II,2923640,65
MISSOURI,PATTONSBURG R-II,2923670,23
MISSOURI,PATTONVILLE R-III,2923700,1043
MISSOURI,RAYMORE-PECULIAR R-II,2923730,649
MISSOURI,NORTH PEMISCOT CO. R-I,2923760,46
MISSOURI,PEMISCOT CO. SPEC. SCH. DIST.,2923780,27
MISSOURI,PEMISCOT CO. R-III,2923790,15
MISSOURI,PERRY CO. 32,2924530,341
MISSOURI,PETTIS CO. R-XII,2924690,18
MISSOURI,PHELPS CO. R-III,2925080,36
MISSOURI,PIERCE CITY R-VI,2925110,106
MISSOURI,PIKE CO. R-III,2925140,50
MISSOURI,PILOT GROVE C-4,2925170,36
MISSOURI,PLATO R-V,2925210,69
MISSOURI,PLATTE CO. R-III,2925230,402
MISSOURI,CLINTON CO. R-III,2925290,114
MISSOURI,PLEASANT HILL R-III,2925330,219
MISSOURI,PLEASANT HOPE R-VI,2925350,128
MISSOURI,POLO R-VII,2925410,96
MISSOURI,POPLAR BLUFF R-I,2925450,897
MISSOURI,POTOSI R-III,2925500,407
MISSOURI,PRAIRIE HOME R-V,2925530,15
MISSOURI,PRINCETON R-V,2925590,53
MISSOURI,PURDY R-II,2925620,119
MISSOURI,PUTNAM CO. R-I,2925640,78
MISSOURI,PUXICO R-VIII,2925650,127
MISSOURI,RALLS CO. R-II,2925710,122
MISSOURI,RAYMONDVILLE R-VII,2926040,36
MISSOURI,RAYTOWN C-2,2926070,1351
MISSOURI,REEDS SPRING R-IV,2926160,283
MISSOURI,RENICK R-V,2926190,30
MISSOURI,REPUBLIC R-III,2926220,664
MISSOURI,RICH HILL R-IV,2926310,54
MISSOURI,RICHARDS R-V,2926370,62
MISSOURI,RICHLAND R-I,2926400,26
MISSOURI,RICHLAND R-IV,2926430,83
MISSOURI,RICHMOND R-XVI,2926480,213
MISSOURI,RIDGEWAY R-V,2926490,11
MISSOURI,RIPLEY CO. R-III,2926550,19
MISSOURI,RIPLEY CO. R-IV,2926580,12
MISSOURI,RISCO R-II,2926610,26
MISSOURI,RITENOUR,2926640,1087
MISSOURI,RIVERVIEW GARDENS,2926670,816
MISSOURI,SPECL. SCH. DST. ST. LOUIS CO.,2926760,3237
MISSOURI,ROCK PORT R-II,2926790,35
MISSOURI,ROCKWOOD R-VI,2926850,3111
MISSOURI,ROLLA 31,2926890,585
MISSOURI,ROSCOE C-1,2926940,3
MISSOURI,COLE CO. R-I,2926970,83
MISSOURI,ST. JOSEPH,2927060,1419
MISSOURI,SALEM R-80,2927090,274
MISSOURI,HARDEMAN R-X,2927330,7
MISSOURI,OREARVILLE R-IV,2927450,16
MISSOURI,SALISBURY R-IV,2927520,57
MISSOURI,SARCOXIE R-II,2927540,128
MISSOURI,SAVANNAH R-III,2927570,336
MISSOURI,NORTHEAST VERNON CO. R-I,2927600,26
MISSOURI,SCHOOL OF THE OSAGE,2927630,293
MISSOURI,SCHUYLER CO. R-I,2927660,95
MISSOURI,SEDALIA 200,2927830,784
MISSOURI,SENATH-HORNERSVILLE C-8,2927870,107
MISSOURI,SENECA R-VII,2927900,261
MISSOURI,SEYMOUR R-II,2927930,101
MISSOURI,SHAWNEE R-III,2928080,5
MISSOURI,SHELBY CO. R-IV,2928110,106
MISSOURI,NORTH SHELBY,2928140,23
MISSOURI,SHELDON R-VIII,2928170,28
MISSOURI,SHELL KNOB 78,2928200,96
MISSOURI,SIKESTON R-6,2928260,370
MISSOURI,SILEX R-I,2928290,59
MISSOURI,SLATER,2928360,42
MISSOURI,SMITHTON R-VI,2928380,70
MISSOURI,SMITHVILLE R-II,2928410,293
MISSOURI,SOUTH CALLAWAY CO. R-II,2928430,85
MISSOURI,SOUTH IRON CO. R-I,2928470,52
MISSOURI,SOUTH NODAWAY CO. R-IV,2928500,14
MISSOURI,SOUTH PEMISCOT CO. R-V,2928530,100
MISSOURI,SOUTHERN BOONE CO. R-I,2928560,183
MISSOURI,SOUTHERN REYNOLDS CO. R-II,2928590,65
MISSOURI,SOUTHLAND C-9,2928620,25
MISSOURI,SOUTHWEST LIVINGSTON CO. R-I,2928680,22
MISSOURI,SOUTHWEST R-V,2928710,142
MISSOURI,SPARTA R-III,2928740,78
MISSOURI,SPICKARD R-II,2928770,12
MISSOURI,SPOKANE R-VII,2928800,79
MISSOURI,SPRINGFIELD R-XII,2928860,3246
MISSOURI,ST. CHARLES R-VI,2928920,986
MISSOURI,FRANCIS HOWELL R-III,2928950,2182
MISSOURI,ST. CLAIR R-XIII,2929100,406
MISSOURI,ST. ELIZABETH R-IV,2929130,27
MISSOURI,CENTRAL R-III,2929170,260
MISSOURI,ST. JAMES R-I,2929250,336
MISSOURI,ST. LOUIS CITY,2929280,3086
MISSOURI,STANBERRY R-II,2929340,52
MISSOURI,STE. GENEVIEVE CO. R-II,2929370,293
MISSOURI,STEELVILLE R-III,2929430,162
MISSOURI,STEWARTSVILLE C-2,2929490,46
MISSOURI,STOCKTON R-I,2929520,231
MISSOURI,STOUTLAND R-II,2929580,66
MISSOURI,MORGAN CO. R-I,2929610,129
MISSOURI,STRAFFORD R-VI,2929640,159
MISSOURI,STRASBURG C-3,2929670,16
MISSOURI,STURGEON R-V,2929700,57
MISSOURI,SUCCESS R-VI,2929730,18
MISSOURI,SULLIVAN,2929760,296
MISSOURI,SUMMERSVILLE R-II,2929810,60
MISSOURI,SUNRISE R-IX,2929820,57
MISSOURI,SWEDEBORG R-III,2929850,11
MISSOURI,SWEET SPRINGS R-VII,2929880,53
MISSOURI,TANEYVILLE R-II,2929910,33
MISSOURI,TARKIO R-I,2929940,64
MISSOURI,THAYER R-II,2930270,94
MISSOURI,TINA-AVALON R-II,2930300,22
MISSOURI,TIPTON R-VI,2930330,88
MISSOURI,TRENTON R-IX,2930360,229
MISSOURI,TRI-COUNTY R-VII,2930390,44
MISSOURI,EAST NEWTON CO. R-VI,2930420,210
MISSOURI,TROY R-III,2930450,926
MISSOURI,MILLER CO. R-III,2930510,32
MISSOURI,TWIN RIVERS R-X,2930520,168
MISSOURI,UNION R-XI,2930570,435
MISSOURI,UNION STAR R-II,2930600,14
MISSOURI,UNIVERSITY CITY,2930660,426
MISSOURI,VALLEY PARK,2930690,106
MISSOURI,VALLEY R-VI,2930720,69
MISSOURI,VAN BUREN R-I,2930750,83
MISSOURI,VAN-FAR R-I,2930780,77
MISSOURI,VERONA R-VII,2930810,67
MISSOURI,MORGAN CO. R-II,2930840,199
MISSOURI,MARIES CO. R-I,2930870,39
MISSOURI,WEST NODAWAY CO. R-I,2930900,64
MISSOURI,WALNUT GROVE R-V,2930990,25
MISSOURI,WARRENSBURG R-VI,2931020,421
MISSOURI,WARREN CO. R-III,2931050,590
MISSOURI,WARSAW R-IX,2931070,293
MISSOURI,WASHINGTON,2931110,640
MISSOURI,KINGSTON K-14,2931140,135
MISSOURI,RICHWOODS R-VII,2931230,21
MISSOURI,WAYNESVILLE R-VI,2931440,1133
MISSOURI,WEAUBLEAU R-III,2931460,22
MISSOURI,WEBB CITY R-VII,2931500,667
MISSOURI,WEBSTER GROVES,2931530,582
MISSOURI,WELLINGTON-NAPOLEON R-IX,2931560,62
MISSOURI,WELLSVILLE MIDDLETOWN R-I,2931620,40
MISSOURI,WENTZVILLE R-IV,2931650,2728
MISSOURI,WEST PLAINS R-VII,2931680,436
MISSOURI,WEST PLATTE CO. R-II,2931710,64
MISSOURI,MIDWAY R-I,2931800,71
MISSOURI,OSAGE CO. R-III,2931830,98
MISSOURI,WESTRAN R-I,2931860,80
MISSOURI,WESTVIEW C-6,2931890,16
MISSOURI,WHEATLAND R-II,2931920,37
MISSOURI,WHEATON R-III,2931950,58
MISSOURI,WILLARD R-II,2932010,629
MISSOURI,WILLOW SPRINGS R-IV,2932070,236
MISSOURI,WINDSOR C-1,2932100,451
MISSOURI,HENRY CO. R-I,2932110,130
MISSOURI,WINFIELD R-IV,2932190,260
MISSOURI,WINONA R-III,2932220,78
MISSOURI,WINSTON R-VI,2932250,23
MISSOURI,WORTH CO. R-III,2932300,45
MISSOURI,WRIGHT CITY R-II OF WARREN CO.,2932310,315
MISSOURI,ZALMA R-V,2932490,33
MONTANA,Chouteau Co Joint Service,3000001,3
MONTANA,Somers Elem,3000002,40
MONTANA,Cut Bank Elem,3000003,74
MONTANA,Mountain View Elem,3000004,3
MONTANA,Helena Elem,3000005,987
MONTANA,Broadus Elem,3000006,11
MONTANA,Ashland Elem,3000008,17
MONTANA,Bear Paw Cooperative,3000012,3
MONTANA,North Ctrl Learn Res Ctr,3000017,3
MONTANA,Big Country Coop,3000020,3
MONTANA,Sheridan/Daniels Coop,3000022,3
MONTANA,Prairie View Coop,3000024,3
MONTANA,Central Mt Learn Res Ctr,3000029,3
MONTANA,Flathead Special Ed. Coop.,3000031,3
MONTANA,Gallatin/Madison Coop,3000033,3
MONTANA,Prickly Pear Coop,3000045,3
MONTANA,Missoula Area Education Coop,3000053,3
MONTANA,Park County Coop,3000056,3
MONTANA,Big Sky Special Needs Coop,3000060,3
MONTANA,Tri County Coop,3000063,3
MONTANA,Great Divide Educ Serv,3000065,3
MONTANA,Bitterroot Valley Coop,3000068,3
MONTANA,Roose-Valley Sp Ed Coop,3000070,3
MONTANA,Sanders County Ed ServicesCoop,3000074,3
MONTANA,Stillwater/Swt Grass Coop,3000078,3
MONTANA,E. Yellowstone Spec. Ser  Coop,3000087,3
MONTANA,Yellowstone/W Carbon Coop,3000088,3
MONTANA,Noxon Elem,3000090,23
MONTANA,Dept of Corrections-Youth,3000091,6
MONTANA,Liberty Elem,3000093,3
MONTANA,West Glacier Elem,3000094,6
MONTANA,Lame Deer H S,3000095,19
MONTANA,North Star Elem,3000096,16
MONTANA,North Star HS,3000097,5
MONTANA,Chester-Joplin-Inverness El,3000098,16
MONTANA,Heart Butte K-12 Schools,3000099,24
MONTANA,Mont Sch for Deaf Blind,3000100,29
MONTANA,Chester-Joplin-Inverness HS,3000101,3
MONTANA,Dutton/Brady K-12 Schools,3000102,8
MONTANA,Intermtn Childrens Home,3000104,6
MONTANA,Yellowstone Boys & Girls Ranch,3000105,8
MONTANA,Shodair Specialty Hosp,3000106,18
MONTANA,Mt Developmental Ctr,3000652,3
MONTANA,Dept of Corrections-Adult,3000653,3
MONTANA,Big Sky School K-12,3000654,34
MONTANA,East Helena K-12,3000655,170
MONTANA,Lockwood K-12,3000656,175
MONTANA,Shields Valley Elem,3000932,11
MONTANA,Shields Valley H S,3000933,6
MONTANA,Absarokee Elem,3001710,27
MONTANA,Absarokee H S,3001740,11
MONTANA,Alberton K-12 Schools,3001860,35
MONTANA,Alzada Elem,3001950,NA
MONTANA,Amsterdam Elem,3001980,12
MONTANA,Anaconda Elem,3002010,185
MONTANA,Anaconda H S,3002030,71
MONTANA,Anderson Elem,3002070,5
MONTANA,Arlee Elem,3002220,64
MONTANA,Arlee H S,3002250,34
MONTANA,Arrowhead Elem,3002300,11
MONTANA,Augusta Elem,3002430,5
MONTANA,Augusta H S,3002450,3
MONTANA,Auchard Creek Elem,3002490,3
MONTANA,Avon Elem,3002550,3
MONTANA,Ayers Elem,3002570,NA
MONTANA,Bainville K-12 Schools,3002640,22
MONTANA,Baker K-12 Schools,3002730,76
MONTANA,Basin Elem,3002820,3
MONTANA,Smith Valley Elem,3002850,35
MONTANA,Bear Paw Elem,3003000,NA
MONTANA,Beaverhead County H S,3003090,42
MONTANA,Belfry K-12 Schools,3003270,11
MONTANA,Belgrade Elem,3003290,293
MONTANA,Belgrade H S,3003330,76
MONTANA,Belt Elem,3003420,18
MONTANA,Belt H S,3003450,7
MONTANA,Benton Lake Elem,3003480,NA
MONTANA,Biddle Elem,3003600,NA
MONTANA,Spring Creek Elem,3003660,NA
MONTANA,Big Sandy K-12,3003750,32
MONTANA,Big Timber Elem,3003800,35
MONTANA,Bigfork Elem,3003820,48
MONTANA,Bigfork H S,3003840,35
MONTANA,Billings Elem,3003870,1583
MONTANA,Billings H S,3003900,676
MONTANA,Birney Elem,3003990,NA
MONTANA,Cleveland Elem,3004050,NA
MONTANA,Bloomfield Elem,3004200,NA
MONTANA,Blue Creek Elem,3004230,25
MONTANA,Bonner Elem,3004260,57
MONTANA,Boulder Elem,3004380,38
MONTANA,Box Elder Elem,3004440,42
MONTANA,Box Elder H S,3004500,12
MONTANA,Bozeman Elem,3004560,561
MONTANA,Bozeman H S,3004590,248
MONTANA,Bridger K-12 Schools,3004800,27
MONTANA,Powder River Co Dist H S,3004860,14
MONTANA,Broadview Elem,3004890,8
MONTANA,Broadview H S,3004920,3
MONTANA,Townsend K-12 Schools,3004980,76
MONTANA,Brockton Elem,3005010,8
MONTANA,Brockton H S,3005040,3
MONTANA,Brorson Elem,3005130,NA
MONTANA,Browning Elem,3005140,199
MONTANA,Browning H S,3005190,57
MONTANA,Butte Elem,3005280,345
MONTANA,Butte H S,3005310,146
MONTANA,Bynum Elem,3005330,4
MONTANA,Canyon Creek Elem,3005460,34
MONTANA,Cardwell Elem,3005550,6
MONTANA,Carter County H S,3005610,3
MONTANA,Carter Elem,3005760,4
MONTANA,Vaughn Elem,3005850,23
MONTANA,Cascade Elem,3005880,20
MONTANA,Cascade H S,3005910,11
MONTANA,Cayuse Prairie Elem,3005990,35
MONTANA,McCormick Elem,3006030,3
MONTANA,St Ignatius K-12 Schools,3006110,109
MONTANA,Charlo Elem,3006112,29
MONTANA,Charlo H S,3006115,17
MONTANA,Chinook Elem,3006260,33
MONTANA,Chinook H S,3006270,3
MONTANA,Choteau Elem,3006320,30
MONTANA,Choteau H S,3006330,19
MONTANA,Circle Elem,3006790,22
MONTANA,Circle H S,3006810,7
MONTANA,Clancy Elem,3006840,26
MONTANA,Clinton Elem,3006870,44
MONTANA,Cohagen Elem,3007030,3
MONTANA,Colstrip Elem,3007050,58
MONTANA,Colstrip H S,3007080,15
MONTANA,Columbia Falls Elem,3007110,229
MONTANA,Columbia Falls H S,3007140,71
MONTANA,Columbus Elem,3007190,80
MONTANA,Columbus H S,3007200,28
MONTANA,Conrad H S,3007320,10
MONTANA,Conrad Elem,3007330,27
MONTANA,Cooke City Elem,3007350,NA
MONTANA,Corvallis K-12 Schools,3007410,127
MONTANA,Cottonwood Elem,3007500,3
MONTANA,Creston Elem,3007710,15
MONTANA,Culbertson Elem,3007830,25
MONTANA,Culbertson H S,3007860,9
MONTANA,Custer County H S,3007930,71
MONTANA,Spring Creek Elem,3007950,NA
MONTANA,Kinsey Elem,3007980,8
MONTANA,S Y Elem,3008010,NA
MONTANA,S H Elem,3008040,NA
MONTANA,Custer K-12 Schools,3008130,9
MONTANA,Cut Bank H S,3008190,32
MONTANA,Darby K-12 Schools,3008280,65
MONTANA,Davey Elem,3008310,3
MONTANA,Dawson H S,3008340,42
MONTANA,Lindsay Elem,3008400,NA
MONTANA,Deer Creek Elem,3008470,3
MONTANA,Deer Lodge Elem,3008670,84
MONTANA,Deer Park Elem,3008700,15
MONTANA,Deerfield Elem,3008730,3
MONTANA,Denton H S,3008850,3
MONTANA,Denton Elem,3008860,3
MONTANA,DeSmet Elem,3008880,26
MONTANA,Dillon Elem,3008910,95
MONTANA,Divide Elem,3009000,NA
MONTANA,Dixon Elem,3009030,24
MONTANA,Dodson K-12,3009120,14
MONTANA,Drummond Elem,3009180,14
MONTANA,Drummond H S,3009210,7
MONTANA,Dupuyer Elem,3009330,3
MONTANA,East Glacier Park Elem,3009510,5
MONTANA,Ekalaka Elem,3009670,13
MONTANA,Elder Grove Elem,3009720,77
MONTANA,Elliston Elem,3009780,4
MONTANA,Elysian Elem,3009840,47
MONTANA,Ennis K-12 Schools,3009930,40
MONTANA,Eureka Elem,3010080,48
MONTANA,Fairfield Elem,3010140,13
MONTANA,Fairfield H S,3010170,13
MONTANA,Fairview Elem,3010210,34
MONTANA,Fair-Mont-Egan Elem,3010230,18
MONTANA,Fairview H S,3010290,11
MONTANA,Fergus H S,3010530,49
MONTANA,Fishtail Elem,3010800,3
MONTANA,Wise River Elem,3010820,NA
MONTANA,Evergreen Elem,3010920,178
MONTANA,Olney-Bissell Elem,3010950,10
MONTANA,Florence-Carlton K-12 Schls,3011100,106
MONTANA,Forsyth Elem,3011160,38
MONTANA,Forsyth H S,3011190,7
MONTANA,Fort Benton Elem,3011240,34
MONTANA,Fort Benton H S,3011260,13
MONTANA,Fortine Elem,3011340,10
MONTANA,Frazer Elem,3011420,4
MONTANA,Frazer H S,3011460,5
MONTANA,Frenchtown K-12 Schools,3011520,140
MONTANA,Froid Elem,3011550,9
MONTANA,Froid H S,3011580,3
MONTANA,Fromberg K-12,3011650,25
MONTANA,Frontier Elem,3011670,16
MONTANA,Galata Elem,3011730,NA
MONTANA,Gallatin Gateway Elem,3011790,14
MONTANA,Gardiner Elem,3011820,15
MONTANA,Gardiner H S,3011850,3
MONTANA,Garfield County H S,3011880,3
MONTANA,Ross Elem,3011990,NA
MONTANA,Sand Springs Elem,3012060,NA
MONTANA,Geraldine K-12,3012210,10
MONTANA,Geyser Elem,3012270,3
MONTANA,Geyser H S,3012300,6
MONTANA,Gildford Colony Elem,3012350,3
MONTANA,Glasgow K-12 Schools,3012420,97
MONTANA,Glendive Elem,3012510,153
MONTANA,Gold Creek Elem,3012570,NA
MONTANA,Golden Ridge Elem,3012600,3
MONTANA,Philipsburg K-12 Schools,3012840,27
MONTANA,Grant Elem,3012900,NA
MONTANA,Grass Range Elem,3012960,10
MONTANA,Grass Range H S,3012990,5
MONTANA,Great Falls Elem,3013040,760
MONTANA,Great Falls H S,3013050,333
MONTANA,Greenfield Elem,3013110,3
MONTANA,Greycliff Elem,3013140,NA
MONTANA,Hall Elem,3013200,3
MONTANA,Hamilton K-12 Schools,3013260,185
MONTANA,Hawks Home Elem,3013280,3
MONTANA,Hardin Elem,3013310,150
MONTANA,Hardin H S,3013340,35
MONTANA,Plenty Coups H S,3013360,3
MONTANA,Harlem Elem,3013395,56
MONTANA,Harlem H S,3013400,38
MONTANA,Harlowton K-12,3013470,44
MONTANA,Harrison K-12 Schools,3013530,12
MONTANA,Havre Elem,3013560,159
MONTANA,Havre H S,3013590,65
MONTANA,Hays-Lodge Pole K-12 Schls,3013660,41
MONTANA,Helena Flats Elem,3013800,31
MONTANA,Helena H S,3013830,328
MONTANA,Hellgate Elem,3013860,199
MONTANA,Helmville Elem,3013890,3
MONTANA,Highwood K-12,3014070,9
MONTANA,Cottonwood Elem,3014150,4
MONTANA,Hinsdale Elem,3014340,5
MONTANA,Hinsdale H S,3014370,6
MONTANA,Hobson K-12 Schools,3014430,10
MONTANA,Hot Springs K-12,3014640,28
MONTANA,Huntley Project K-12 Schools,3014700,107
MONTANA,Hysham K-12 Schools,3014760,13
MONTANA,Independent Elem,3014820,56
MONTANA,Jackson Elem,3015060,NA
MONTANA,Jefferson H S,3015120,54
MONTANA,Joliet Elem,3015200,34
MONTANA,Joliet H S,3015260,17
MONTANA,Jordan Elem,3015340,3
MONTANA,Judith Gap Elem,3015360,3
MONTANA,Judith Gap H S,3015390,NA
MONTANA,Flathead H S,3015420,297
MONTANA,Kalispell Elem,3015450,421
MONTANA,Kester Elem,3015510,NA
MONTANA,Kila Elem,3015570,34
MONTANA,King Colony Elem,3015610,3
MONTANA,Kircher Elem,3015640,11
MONTANA,Knees Elem,3015690,NA
MONTANA,Upper West Shore Elem,3015900,5
MONTANA,Swan Lake-Salmon Elem,3015930,NA
MONTANA,Lambert Elem,3015990,12
MONTANA,Lambert H S,3016020,4
MONTANA,Lame Deer Elem,3016050,44
MONTANA,LaMotte Elem,3016110,8
MONTANA,Laurel Elem,3016200,187
MONTANA,Laurel H S,3016230,83
MONTANA,Lavina K-12 Schools,3016290,11
MONTANA,Lewistown Elem,3016490,117
MONTANA,Libby K-12 Schools,3016530,108
MONTANA,Lima K-12 Schools,3016710,11
MONTANA,Lincoln County H S,3016770,7
MONTANA,Lincoln K-12 Schools,3016810,38
MONTANA,Livingston Elem,3016880,180
MONTANA,Lodge Grass Elem,3017010,33
MONTANA,Lodge Grass H S,3017040,14
MONTANA,Lolo Elem,3017130,102
MONTANA,Lone Rock Elem,3017190,30
MONTANA,Lustre Elem,3017340,3
MONTANA,Luther Elem,3017370,3
MONTANA,Alder Elem,3017460,3
MONTANA,Malmborg Elem,3017520,3
MONTANA,Malta K-12 Schools,3017580,70
MONTANA,Manhattan School,3017610,67
MONTANA,Manhattan High School,3017640,15
MONTANA,Marion Elem,3017700,23
MONTANA,McLeod Elem,3018060,NA
MONTANA,Medicine Lake K-12 Schools,3018170,13
MONTANA,Melrose Elem,3018210,NA
MONTANA,Melstone Elem,3018240,10
MONTANA,Melstone H S,3018270,8
MONTANA,Melville Elem,3018290,3
MONTANA,Miles City Elem,3018410,181
MONTANA,Missoula H S,3018540,486
MONTANA,Missoula Elem,3018570,853
MONTANA,Molt Elem,3018660,NA
MONTANA,Monforton Elem,3018750,33
MONTANA,Montana City Elem,3018780,44
MONTANA,Moore Elem,3018870,6
MONTANA,Moore H S,3018900,5
MONTANA,Morin Elem,3018960,6
MONTANA,Nashua K-12 Schools,3019170,20
MONTANA,North Harlem Colony Elem,3019310,3
MONTANA,Noxon H S,3019500,11
MONTANA,Nye Elem,3019530,NA
MONTANA,Opheim K-12 Schools,3019740,4
MONTANA,Ovando Elem,3019950,3
MONTANA,Park City Elem,3020040,31
MONTANA,Park City H S,3020070,17
MONTANA,Park H S,3020100,44
MONTANA,Pass Creek Elem,3020170,3
MONTANA,Pendroy Elem,3020240,3
MONTANA,Pine Creek Elem,3020670,3
MONTANA,Pine Grove Elem,3020690,NA
MONTANA,Pioneer Elem,3020790,8
MONTANA,Plains K-12,3020850,46
MONTANA,Pleasant Valley Elem,3020880,NA
MONTANA,Plentywood K-12 Schools,3020960,64
MONTANA,Plevna K-12 Schools,3021000,22
MONTANA,Polaris Elem,3021030,NA
MONTANA,Polson Elem,3021060,144
MONTANA,Polson H S,3021090,57
MONTANA,Miami Elem,3021150,3
MONTANA,Poplar Elem,3021240,157
MONTANA,Poplar H S,3021270,51
MONTANA,Potomac Elem,3021330,10
MONTANA,Powell County H S,3021450,27
MONTANA,Garrison Elem,3021480,3
MONTANA,Power Elem,3021510,6
MONTANA,Power H S,3021540,3
MONTANA,Pryor Elem,3021720,8
MONTANA,Ramsay Elem,3021850,14
MONTANA,Rapelje Elem,3021870,4
MONTANA,Rapelje H S,3021900,3
MONTANA,Rau Elem,3021960,7
MONTANA,Red Lodge Elem,3022080,48
MONTANA,Red Lodge H S,3022110,23
MONTANA,Reed Point Elem,3022230,7
MONTANA,Reed Point H S,3022260,3
MONTANA,Reichle Elem,3022290,4
MONTANA,Richey Elem,3022370,5
MONTANA,Richey H S,3022410,3
MONTANA,Roberts K-12 Schools,3022710,17
MONTANA,Rocky Boy Elem,3022750,53
MONTANA,Ronan Elem,3022790,181
MONTANA,Ronan H S,3022800,28
MONTANA,Rosebud K-12,3022920,8
MONTANA,Roundup Elem,3023040,61
MONTANA,Roundup High School,3023070,27
MONTANA,Roy K-12 Schools,3023160,6
MONTANA,Ryegate K-12 Schools,3023340,8
MONTANA,Saco Elem,3023370,3
MONTANA,Saco H S,3023400,3
MONTANA,Savage Elem,3023520,9
MONTANA,Savage H S,3023550,3
MONTANA,Scobey K-12 Schools,3023670,34
MONTANA,Seeley Lake Elem,3023730,36
MONTANA,Shelby Elem,3023900,47
MONTANA,Shelby H S,3023910,16
MONTANA,Shepherd Elem,3023940,67
MONTANA,Shepherd H S,3023970,30
MONTANA,Sheridan Elem,3024150,14
MONTANA,Sheridan H S,3024180,7
MONTANA,Sidney Elem,3024200,76
MONTANA,Sidney H S,3024230,50
MONTANA,Sun River Valley Elem,3024300,44
MONTANA,Simms H S,3024330,14
MONTANA,Spring Creek Colony Elem,3024690,NA
MONTANA,Springhill Elem,3024810,3
MONTANA,St Regis K-12 Schools,3024930,35
MONTANA,Stanford K-12 Schools,3024990,18
MONTANA,Stevensville Elem,3025020,93
MONTANA,Stevensville H S,3025050,55
MONTANA,Centerville Elem,3025130,21
MONTANA,Centerville H S,3025140,5
MONTANA,Sunburst K-12 Schools,3025320,11
MONTANA,Sunset Elem,3025380,3
MONTANA,Superior K-12 Schools,3025470,62
MONTANA,Swan River Elem,3025500,24
MONTANA,Swan Valley Elem,3025530,5
MONTANA,Sweet Grass County H S,3025560,17
MONTANA,Target Range Elem,3025890,92
MONTANA,Terry K-12 Schools,3025950,21
MONTANA,Thompson Falls Elem,3026070,48
MONTANA,Thompson Falls H S,3026100,18
MONTANA,Three Forks Elem,3026160,55
MONTANA,Three Forks H S,3026190,20
MONTANA,Trail Creek Elem,3026400,NA
MONTANA,Trego Elem,3026460,3
MONTANA,Trinity Elem,3026490,5
MONTANA,Trout Creek Elem,3026520,10
MONTANA,Troy Elem,3026550,42
MONTANA,Troy H S,3026580,20
MONTANA,Turner Elem,3026640,7
MONTANA,Turner H S,3026670,3
MONTANA,Twin Bridges K-12 Schools,3026730,46
MONTANA,Ulm Elem,3026880,9
MONTANA,Valier Elem,3027060,5
MONTANA,Valier H S,3027090,3
MONTANA,Valley View Elem,3027150,4
MONTANA,Victor K-12 Schools,3027270,55
MONTANA,Vida Elem,3027340,3
MONTANA,West Valley Elem,3027570,64
MONTANA,West Yellowstone K-12,3027630,29
MONTANA,Westby K-12 Schools,3027730,13
MONTANA,Whitefish Elem,3027740,144
MONTANA,Whitefish H S,3027790,65
MONTANA,Whitehall Elem,3027810,57
MONTANA,Whitehall H S,3027840,24
MONTANA,Whitewater K-12 Schools,3027930,7
MONTANA,Wibaux K-12 Schools,3028020,21
MONTANA,Willow Creek Elem,3028140,6
MONTANA,Willow Creek H S,3028170,3
MONTANA,Winifred K-12 Schools,3028380,16
MONTANA,Winnett K-12 Schools,3028470,10
MONTANA,Wisdom Elem,3028500,3
MONTANA,Wolf Creek Elem,3028550,3
MONTANA,Wolf Point Elem,3028590,95
MONTANA,Wolf Point H S,3028620,30
MONTANA,Woodman Elem,3028650,4
MONTANA,White Sulphur Spgs K-12,3028770,22
MONTANA,Wyola Elem,3028800,17
MONTANA,Yaak Elem,3028830,NA
MONTANA,Yellowstone Academy Elem,3028860,35
MONTANA,Zurich Elem,3028910,3
MONTANA,Rocky Boy H S,3028911,22
NEBRASKA,DAVID CITY PUBLIC SCHOOLS,3100002,129
NEBRASKA,EAST BUTLER PUBLIC SCHOOLS,3100003,57
NEBRASKA,LAUREL-CONCORD-COLERIDGE SCHOOL,3100004,66
NEBRASKA,WEST POINT PUBLIC SCHOOLS,3100006,115
NEBRASKA,WISNER-PILGER PUBLIC SCHOOLS,3100008,65
NEBRASKA,ANSELMO-MERNA PUBLIC SCHOOLS,3100010,25
NEBRASKA,BROKEN BOW PUBLIC SCHOOLS,3100011,151
NEBRASKA,CALLAWAY PUBLIC SCHOOLS,3100012,39
NEBRASKA,CAMBRIDGE PUBLIC SCHOOLS,3100015,49
NEBRASKA,GRAND ISLAND PUBLIC SCHOOLS,3100016,1741
NEBRASKA,WAUNETA-PALISADE PUBLIC SCHS,3100018,36
NEBRASKA,EWING PUBLIC SCHOOLS,3100020,28
NEBRASKA,WAVERLY SCHOOL DISTRICT 145,3100021,338
NEBRASKA,NORTH PLATTE PUBLIC SCHOOLS,3100022,810
NEBRASKA,MAXWELL PUBLIC SCHOOLS,3100023,21
NEBRASKA,SUTHERLAND PUBLIC SCHOOLS,3100024,44
NEBRASKA,ELKHORN VALLEY SCHOOLS,3100025,59
NEBRASKA,SUPERIOR PUBLIC SCHOOLS,3100029,100
NEBRASKA,ASHLAND-GREENWOOD PUBLIC SCHS,3100034,218
NEBRASKA,STANTON COMMUNITY SCHOOLS,3100041,71
NEBRASKA,WEST KEARNEY HIGH SCHOOL,3100046,NA
NEBRASKA,PINE RIDGE JOB CORPS,3100047,NA
NEBRASKA,GENEVA NORTH SCHOOL,3100051,NA
NEBRASKA,UNIVERSITY OF NEBRASKA HIGH SCHOOL,3100059,NA
NEBRASKA,FRANKLIN PUBLIC SCHOOLS,3100065,42
NEBRASKA,SILVER LAKE PUBLIC SCHOOLS,3100066,77
NEBRASKA,BANNER COUNTY PUBLIC SCHOOLS,3100067,10
NEBRASKA,AMHERST PUBLIC SCHOOLS,3100070,25
NEBRASKA,TEKAMAH-HERMAN COMMUNITY SCHS,3100071,84
NEBRASKA,LEYTON PUBLIC SCHOOLS,3100072,25
NEBRASKA,ARNOLD PUBLIC SCHOOLS,3100073,27
NEBRASKA,SCRIBNER-SNYDER COMMUNITY SCHS,3100076,45
NEBRASKA,DUNDY CO STRATTON PUBLIC SCHS,3100077,50
NEBRASKA,ALMA PUBLIC SCHOOLS,3100080,65
NEBRASKA,STUART PUBLIC SCHOOLS,3100082,22
NEBRASKA,ST PAUL PUBLIC SCHOOLS,3100085,77
NEBRASKA,NORRIS SCHOOL DIST 160,3100088,230
NEBRASKA,PALMER PUBLIC SCHOOLS,3100089,27
NEBRASKA,BAYARD PUBLIC SCHOOLS,3100090,45
NEBRASKA,FULLERTON PUBLIC SCHOOLS,3100091,56
NEBRASKA,CRETE PUBLIC SCHOOLS,3100095,326
NEBRASKA,FRIEND PUBLIC SCHOOLS,3100096,38
NEBRASKA,MORRILL PUBLIC SCHOOLS,3100097,41
NEBRASKA,GERING PUBLIC SCHOOLS,3100098,259
NEBRASKA,CENTENNIAL PUBLIC SCHOOLS,3100099,74
NEBRASKA,BRIDGEPORT PUBLIC SCHOOLS,3100105,67
NEBRASKA,SOUTHERN VALLEY SCHOOLS,3100109,81
NEBRASKA,SOUTH PLATTE PUBLIC SCHOOLS,3100110,27
NEBRASKA,EUSTIS-FARNAM PUBLIC SCHOOLS,3100111,32
NEBRASKA,LAKEVIEW COMMUNITY SCHOOLS,3100112,131
NEBRASKA,LOGAN VIEW PUBLIC SCHOOLS,3100114,88
NEBRASKA,NORTH BEND CENTRAL PUBLIC SCHS,3100115,66
NEBRASKA,FREEMAN PUBLIC SCHOOLS,3100116,58
NEBRASKA,HEARTLAND COMMUNITY SCHOOLS,3100117,53
NEBRASKA,FILLMORE CENTRAL PUBLIC SCHS,3100118,97
NEBRASKA,NEBRASKA UNIFIED DISTRICT 1,3100119,61
NEBRASKA,HITCHCOCK CO SCH SYSTEM,3100120,30
NEBRASKA,DONIPHAN-TRUMBULL PUBLIC SCHS,3100121,57
NEBRASKA,SOUTH CENTRAL NEBRASKA UNIFIED 5,3100122,163
NEBRASKA,HIGH PLAINS COMMUNITY SCHOOLS,3100123,59
NEBRASKA,BRUNING-DAVENPORT UNIFIED SYS,3100124,43
NEBRASKA,DILLER-ODELL PUBLIC SCHOOLS,3100125,44
NEBRASKA,TWIN RIVER PUBLIC SCHOOLS,3100129,60
NEBRASKA,CROSS COUNTY COMMUNITY SCHOOLS,3100130,55
NEBRASKA,THAYER CENTRAL COMMUNITY SCHS,3100132,88
NEBRASKA,EXETER-MILLIGAN PUBLIC SCHOOLS,3100133,34
NEBRASKA,WILCOX-HILDRETH PUBLIC SCHOOLS,3100134,58
NEBRASKA,CREEK VALLEY SCHOOLS,3100140,31
NEBRASKA,EMERSON-HUBBARD PUBLIC SCHOOLS,3100141,34
NEBRASKA,PERKINS COUNTY SCHOOLS,3100157,40
NEBRASKA,CHASE COUNTY SCHOOLS,3100163,75
NEBRASKA,DOUGLAS CO WEST COMMUNITY SCHS,3100165,130
NEBRASKA,GORDON-RUSHVILLE PUBLIC SCHS,3100170,111
NEBRASKA,WEST HOLT PUBLIC SCHOOLS,3100172,54
NEBRASKA,JOHNSON CO CENTRAL PUBLIC SCHS,3100176,129
NEBRASKA,NCYF COMMUNITY HIGH SCHOOL,3100177,NA
NEBRASKA,SOUTHWEST PUBLIC SCHOOLS,3100178,27
NEBRASKA,HUMBOLDT TABLE ROCK STEINAUER,3100179,90
NEBRASKA,HOWELLS-DODGE CONSOLIDATED SCHOOLS,3100183,40
NEBRASKA,RIVERSIDE PUBLIC SCHOOLS,3100184,33
NEBRASKA,CENTRAL VALLEY PUBLIC SCHOOLS,3100185,55
NEBRASKA,BOYD COUNTY SCHOOLS,3100187,49
NEBRASKA,ELMWOOD-MURDOCK PUBLIC SCHOOLS,3101992,52
NEBRASKA,ADAMS CENTRAL PUBLIC SCHOOLS,3102770,132
NEBRASKA,AINSWORTH COMMUNITY SCHOOLS,3102790,72
NEBRASKA,BOONE CENTRAL SCHOOLS,3102820,87
NEBRASKA,ALLEN CONSOLIDATED SCHOOLS,3102880,25
NEBRASKA,ALLIANCE PUBLIC SCHOOLS,3102910,297
NEBRASKA,ANSLEY PUBLIC SCHOOLS,3103060,27
NEBRASKA,ARAPAHOE PUBLIC SCHOOLS,3103090,43
NEBRASKA,ARCADIA PUBLIC SCHOOLS,3103120,11
NEBRASKA,ARLINGTON PUBLIC SCHOOLS,3103130,100
NEBRASKA,ARTHUR COUNTY SCHOOLS,3103210,12
NEBRASKA,AUBURN PUBLIC SCHOOLS,3103330,141
NEBRASKA,AURORA PUBLIC SCHOOLS,3103360,244
NEBRASKA,AXTELL COMMUNITY SCHOOLS,3103420,44
NEBRASKA,BANCROFT-ROSALIE COMM SCHOOLS,3103440,28
NEBRASKA,BATTLE CREEK PUBLIC SCHOOLS,3103540,60
NEBRASKA,BEATRICE PUBLIC SCHOOLS,3103600,501
NEBRASKA,BELLEVUE PUBLIC SCHOOLS,3103810,1777
NEBRASKA,BENNINGTON PUBLIC SCHOOLS,3103990,444
NEBRASKA,BERTRAND PUBLIC SCHOOLS,3104020,29
NEBRASKA,BLAIR COMMUNITY SCHOOLS,3104100,332
NEBRASKA,BLOOMFIELD COMMUNITY SCHOOLS,3104140,29
NEBRASKA,BLUE HILL PUBLIC SCHOOLS,3104200,55
NEBRASKA,BRADY PUBLIC SCHOOLS,3104290,25
NEBRASKA,BURWELL PUBLIC SCHOOLS,3104640,31
NEBRASKA,CEDAR BLUFFS PUBLIC SCHOOLS,3104870,32
NEBRASKA,CENTRAL CITY PUBLIC SCHOOLS,3104920,121
NEBRASKA,RAYMOND CENTRAL PUBLIC SCHOOLS,3104950,96
NEBRASKA,CHADRON PUBLIC SCHOOLS,3104980,113
NEBRASKA,CHAMBERS PUBLIC SCHOOLS,3105010,18
NEBRASKA,CLARKSON PUBLIC SCHOOLS,3105160,33
NEBRASKA,CODY-KILGORE PUBLIC SCHS,3105280,21
NEBRASKA,COLUMBUS PUBLIC SCHOOLS,3105340,655
NEBRASKA,COZAD COMMUNITY SCHOOLS,3105460,124
NEBRASKA,CRAWFORD PUBLIC SCHOOLS,3105520,21
NEBRASKA,CREIGHTON COMMUNITY PUBLIC SCHOOLS,3105550,35
NEBRASKA,CROFTON COMMUNITY SCHOOLS,3105630,43
NEBRASKA,DESHLER PUBLIC SCHOOLS,3105910,53
NEBRASKA,TRI COUNTY PUBLIC SCHOOLS,3105970,70
NEBRASKA,HAYES CENTER PUBLIC SCHOOLS,3109120,13
NEBRASKA,UMO N HO N NATION PUBLIC SCHS,3119560,118
NEBRASKA,CENTURA PUBLIC SCHOOLS,3162950,53
NEBRASKA,DORCHESTER PUBLIC SCHOOL,3169840,24
NEBRASKA,ELBA PUBLIC SCHOOLS,3170020,12
NEBRASKA,ELGIN PUBLIC SCHOOLS,3170050,22
NEBRASKA,ELKHORN PUBLIC SCHOOLS,3170110,1174
NEBRASKA,ELM CREEK PUBLIC SCHOOLS,3170140,40
NEBRASKA,ELWOOD PUBLIC SCHOOLS,3170220,34
NEBRASKA,FAIRBURY PUBLIC SCHOOLS,3170440,220
NEBRASKA,FALLS CITY PUBLIC SCHOOLS,3170530,187
NEBRASKA,FORT CALHOUN COMMUNITY SCHS,3170650,95
NEBRASKA,FREMONT PUBLIC SCHOOLS,3170710,967
NEBRASKA,GARDEN COUNTY SCHOOLS,3170800,66
NEBRASKA,GIBBON PUBLIC SCHOOLS,3170980,76
NEBRASKA,GILTNER PUBLIC SCHOOLS,3171010,23
NEBRASKA,GOTHENBURG PUBLIC SCHOOLS,3171100,106
NEBRASKA,GRETNA PUBLIC SCHOOLS,3171220,797
NEBRASKA,HAMPTON PUBLIC SCHOOL,3171370,19
NEBRASKA,HARTINGTON NEWCASTLE PUBLIC SCHOOLS,3171520,97
NEBRASKA,HARVARD PUBLIC SCHOOLS,3171550,69
NEBRASKA,HASTINGS PUBLIC SCHOOLS,3171580,861
NEBRASKA,HAY SPRINGS PUBLIC SCHOOLS,3171610,19
NEBRASKA,HEMINGFORD PUBLIC SCHOOLS,3171730,49
NEBRASKA,HERSHEY PUBLIC SCHOOLS,3171820,45
NEBRASKA,HOLDREGE PUBLIC SCHOOLS,3171940,222
NEBRASKA,HOMER COMMUNITY SCHOOLS,3172000,30
NEBRASKA,HUMPHREY PUBLIC SCHOOLS,3172150,45
NEBRASKA,HYANNIS AREA SCHOOLS,3172210,23
NEBRASKA,JOHNSON-BROCK PUBLIC SCHOOLS,3172335,33
NEBRASKA,KEARNEY PUBLIC SCHOOLS,3172390,870
NEBRASKA,KENESAW PUBLIC SCHOOLS,3172420,43
NEBRASKA,KEYA PAHA COUNTY SCHOOLS,3172480,9
NEBRASKA,KIMBALL PUBLIC SCHOOLS,3172570,75
NEBRASKA,LEIGH COMMUNITY SCHOOLS,3172720,13
NEBRASKA,LEWISTON CONSOLIDATED SCHOOLS,3172780,28
NEBRASKA,LEXINGTON PUBLIC SCHOOLS,3172810,375
NEBRASKA,LINCOLN PUBLIC SCHOOLS,3172840,7528
NEBRASKA,LITCHFIELD PUBLIC SCHOOLS,3172910,7
NEBRASKA,LOOMIS PUBLIC SCHOOLS,3172990,24
NEBRASKA,LOUISVILLE PUBLIC SCHOOLS,3173050,105
NEBRASKA,LOUP CITY PUBLIC SCHOOLS,3173090,52
NEBRASKA,LOUP COUNTY PUBLIC SCHOOLS,3173120,16
NEBRASKA,LYONS-DECATUR NORTHEAST SCHS,3173210,60
NEBRASKA,MADISON PUBLIC SCHOOLS,3173230,73
NEBRASKA,MALCOLM PUBLIC SCHOOLS,3173290,47
NEBRASKA,MAYWOOD PUBLIC SCHOOLS,3173440,13
NEBRASKA,MC COOK PUBLIC SCHOOLS,3173470,213
NEBRASKA,MC COOL JUNCTION PUBLIC SCHS,3173500,27
NEBRASKA,MC PHERSON COUNTY SCHOOLS,3173560,12
NEBRASKA,MEAD PUBLIC SCHOOLS,3173590,22
NEBRASKA,MEDICINE VALLEY PUBLIC SCHOOLS,3173600,21
NEBRASKA,MERIDIAN PUBLIC SCHOOLS,3173660,33
NEBRASKA,MILFORD PUBLIC SCHOOLS,3173710,101
NEBRASKA,MILLARD PUBLIC SCHOOLS,3173740,2879
NEBRASKA,MINATARE PUBLIC SCHOOLS,3173800,22
NEBRASKA,MINDEN PUBLIC SCHOOLS,3173830,146
NEBRASKA,MITCHELL PUBLIC SCHOOLS,3173890,66
NEBRASKA,MULLEN PUBLIC SCHOOLS,3174040,25
NEBRASKA,NEBRASKA CITY PUBLIC SCHOOLS,3174160,307
NEBRASKA,CONESTOGA PUBLIC SCHOOLS,3174200,99
NEBRASKA,NELIGH-OAKDALE SCHOOLS,3174220,90
NEBRASKA,NEWMAN GROVE PUBLIC SCHOOLS,3174340,30
NEBRASKA,NIOBRARA PUBLIC SCHOOLS,3174370,29
NEBRASKA,NORFOLK PUBLIC SCHOOLS,3174430,673
NEBRASKA,NORTHWEST PUBLIC SCHOOLS,3174580,88
NEBRASKA,OAKLAND CRAIG PUBLIC SCHOOLS,3174640,81
NEBRASKA,OGALLALA PUBLIC SCHOOLS,3174760,133
NEBRASKA,OMAHA PUBLIC SCHOOLS,3174820,10613
NEBRASKA,O'NEILL PUBLIC SCHOOLS,3174850,129
NEBRASKA,ORD PUBLIC SCHOOLS,3174940,76
NEBRASKA,OSCEOLA PUBLIC SCHOOLS,3175000,41
NEBRASKA,OSMOND COMMUNITY SCHOOLS,3175030,22
NEBRASKA,OVERTON PUBLIC SCHOOLS,3175060,32
NEBRASKA,PALMYRA DISTRICT O R 1,3175210,138
NEBRASKA,PAPILLION LA VISTA COMMUNITY SCHOOLS,3175270,1766
NEBRASKA,PAWNEE CITY PUBLIC SCHOOLS,3175330,54
NEBRASKA,PAXTON CONSOLIDATED SCHOOLS,3175360,26
NEBRASKA,PENDER PUBLIC SCHOOLS,3175390,51
NEBRASKA,PIERCE PUBLIC SCHOOLS,3175510,115
NEBRASKA,PLAINVIEW PUBLIC SCHOOLS,3175570,58
NEBRASKA,SPRINGFIELD PLATTEVIEW COMMUNITY SCHOOLS,3175630,161
NEBRASKA,PLATTSMOUTH COMMUNITY SCHOOLS,3175660,285
NEBRASKA,PLEASANTON PUBLIC SCHOOLS,3175690,40
NEBRASKA,PONCA PUBLIC SCHOOLS,3175770,49
NEBRASKA,POTTER-DIX PUBLIC SCHOOLS,3175810,14
NEBRASKA,RALSTON PUBLIC SCHOOLS,3175900,488
NEBRASKA,RANDOLPH PUBLIC SCHOOLS,3175930,30
NEBRASKA,RAVENNA PUBLIC SCHOOLS,3175960,66
NEBRASKA,RED CLOUD COMMUNITY SCHOOLS,3175990,59
NEBRASKA,ROCK COUNTY PUBLIC SCHOOLS,3176170,38
NEBRASKA,SANDHILLS PUBLIC SCHOOLS,3176380,15
NEBRASKA,SANTEE COMMUNITY SCHOOLS,3176400,47
NEBRASKA,SARGENT PUBLIC SCHOOLS,3176410,21
NEBRASKA,SCHUYLER COMMUNITY SCHOOLS,3176450,221
NEBRASKA,SCOTTSBLUFF PUBLIC SCHOOLS,3176470,486
NEBRASKA,SEWARD PUBLIC SCHOOLS,3176560,272
NEBRASKA,SHELBY - RISING CITY PUBLIC SCHOOLS,3176590,55
NEBRASKA,SHELTON PUBLIC SCHOOLS,3176620,41
NEBRASKA,SHICKLEY PUBLIC SCHOOLS,3176650,13
NEBRASKA,SIDNEY PUBLIC SCHOOLS,3176710,160
NEBRASKA,SIOUX COUNTY PUBLIC SCHOOLS,3176800,10
NEBRASKA,SO SIOUX CITY COMMUNITY SCHS,3176860,471
NEBRASKA,ST EDWARD PUBLIC SCHOOLS,3176980,45
NEBRASKA,STAPLETON PUBLIC SCHOOLS,3177100,28
NEBRASKA,SOUTHERN SCHOOL DISTRICT 1,3177180,76
NEBRASKA,STERLING PUBLIC SCHOOLS,3177190,29
NEBRASKA,SUMNER-EDDYVILLE-MILLER SCHS,3177340,22
NEBRASKA,SUTTON PUBLIC SCHOOLS,3177520,38
NEBRASKA,SYRACUSE-DUNBAR-AVOCA SCHOOLS,3177550,108
NEBRASKA,THEDFORD PUBLIC SCHOOLS,3177730,21
NEBRASKA,VALENTINE COMMUNITY SCHOOLS,3178020,99
NEBRASKA,WAHOO PUBLIC SCHOOLS,3178210,229
NEBRASKA,WAKEFIELD PUBLIC SCHOOLS,3178240,47
NEBRASKA,WALLACE PUBLIC SCH DIST 65 R,3178260,16
NEBRASKA,WALTHILL PUBLIC SCHOOLS,3178300,75
NEBRASKA,WAUSA PUBLIC SCHOOLS,3178450,31
NEBRASKA,WAYNE COMMUNITY SCHOOLS,3178520,117
NEBRASKA,WEEPING WATER PUBLIC SCHOOLS,3178540,51
NEBRASKA,WESTSIDE COMMUNITY SCHOOLS,3178660,721
NEBRASKA,WHEELER CENTRAL SCHOOLS,3178670,18
NEBRASKA,WILBER-CLATONIA PUBLIC SCHOOLS,3178720,106
NEBRASKA,WINNEBAGO PUBLIC SCHOOLS DISTRICT 17,3178810,170
NEBRASKA,WINSIDE PUBLIC SCHOOLS,3178840,12
NEBRASKA,WOOD RIVER RURAL SCHOOLS,3178940,73
NEBRASKA,WYNOT PUBLIC SCHOOLS,3178990,10
NEBRASKA,YORK PUBLIC SCHOOLS,3179050,222
NEBRASKA,YUTAN PUBLIC SCHOOLS,3179080,83
NEBRASKA,EDUCATIONAL SERVICE UNIT 03,3180030,NA
NEBRASKA,EDUCATIONAL SERVICE UNIT 13,3180130,NA
NEVADA,STATE-SPONSORED CHARTER SCHOOLS,3200001,4506
NEVADA,DAVIDSON ACADEMY  SCHOOL DISTRICT,3200021,3
NEVADA,ACHIEVEMENT SCHOOL DISTRICT,3200022,184
NEVADA,CORRECTIONAL SCHOOL DISTRICT,3200023,7
NEVADA,CHURCHILL COUNTY SCHOOL DISTRICT,3200030,553
NEVADA,CLARK COUNTY SCHOOL DISTRICT,3200060,42304
NEVADA,DOUGLAS COUNTY SCHOOL DISTRICT,3200090,803
NEVADA,ELKO COUNTY SCHOOL DISTRICT,3200120,1316
NEVADA,ESMERALDA COUNTY SCHOOL DISTRICT,3200150,10
NEVADA,EUREKA COUNTY SCHOOL DISTRICT,3200180,45
NEVADA,HUMBOLDT COUNTY SCHOOL DISTRICT,3200210,518
NEVADA,LANDER COUNTY SCHOOL DISTRICT,3200240,128
NEVADA,LINCOLN COUNTY SCHOOL DISTRICT,3200270,154
NEVADA,LYON COUNTY SCHOOL DISTRICT,3200300,1255
NEVADA,MINERAL COUNTY SCHOOL DISTRICT,3200330,86
NEVADA,NYE COUNTY SCHOOL DISTRICT,3200360,813
NEVADA,CARSON CITY SCHOOL DISTRICT,3200390,1216
NEVADA,PERSHING COUNTY SCHOOL DISTRICT,3200420,125
NEVADA,STOREY COUNTY SCHOOL DISTRICT,3200450,53
NEVADA,WASHOE COUNTY SCHOOL DISTRICT,3200480,9546
NEVADA,WHITE PINE COUNTY SCHOOL DISTRICT,3200510,203
NEW HAMPSHIRE,John Stark Regional School District,3300003,80
NEW HAMPSHIRE,Exeter Region Coop School District,3300017,419
NEW HAMPSHIRE,North Country Charter Academy,3300030,3
NEW HAMPSHIRE,Seacoast Charter School,3300031,3
NEW HAMPSHIRE,Gorham Randolph Shelburne Coop School District,3300035,82
NEW HAMPSHIRE,Cocheco Arts And Technology Academy,3300036,3
NEW HAMPSHIRE,Surry Village Charter School,3300039,3
NEW HAMPSHIRE,Academy for Science and Design Charter School,3300040,3
NEW HAMPSHIRE,CSI Charter School,3300041,3
NEW HAMPSHIRE,Strong Foundations Charter School,3300042,3
NEW HAMPSHIRE,Ledyard Charter Academy,3300043,3
NEW HAMPSHIRE,Great Bay Elearning Charter School,3300048,3
NEW HAMPSHIRE,Prospect Mountain School District,3300049,3
NEW HAMPSHIRE,Milton School District,3300616,101
NEW HAMPSHIRE,Albany School District,3301350,18
NEW HAMPSHIRE,Allenstown School District,3301380,114
NEW HAMPSHIRE,Alton School District,3301440,84
NEW HAMPSHIRE,Amherst School District,3301470,168
NEW HAMPSHIRE,Andover School District,3301500,55
NEW HAMPSHIRE,Ashland School District,3301560,29
NEW HAMPSHIRE,Auburn School District,3301590,150
NEW HAMPSHIRE,Barnstead School District,3301620,102
NEW HAMPSHIRE,Barrington School District,3301650,261
NEW HAMPSHIRE,Bartlett School District,3301680,47
NEW HAMPSHIRE,Bath School District,3301710,20
NEW HAMPSHIRE,Bedford School District,3301740,570
NEW HAMPSHIRE,Benton School District,3301830,10
NEW HAMPSHIRE,Berlin School District,3301860,250
NEW HAMPSHIRE,Bethlehem School District,3301890,22
NEW HAMPSHIRE,Bow School District,3301950,206
NEW HAMPSHIRE,Brentwood School District,3302010,48
NEW HAMPSHIRE,Brookline School District,3302070,94
NEW HAMPSHIRE,Campton School District,3302100,55
NEW HAMPSHIRE,Candia School District,3302130,68
NEW HAMPSHIRE,Chatham School District,3302200,4
NEW HAMPSHIRE,Chester School District,3302250,126
NEW HAMPSHIRE,Chesterfield School District,3302280,57
NEW HAMPSHIRE,Chichester School District,3302310,48
NEW HAMPSHIRE,Claremont School District,3302340,322
NEW HAMPSHIRE,Clarksville School District,3302370,4
NEW HAMPSHIRE,Colebrook School District,3302400,41
NEW HAMPSHIRE,Columbia School District,3302430,7
NEW HAMPSHIRE,Concord School District,3302460,713
NEW HAMPSHIRE,Contoocook Valley School District,3302480,358
NEW HAMPSHIRE,Conway School District,3302490,188
NEW HAMPSHIRE,Coos County School District,3302510,3
NEW HAMPSHIRE,Cornish School District,3302520,18
NEW HAMPSHIRE,Croydon School District,3302550,9
NEW HAMPSHIRE,Deerfield School District,3302580,136
NEW HAMPSHIRE,Derry School District,3302610,1059
NEW HAMPSHIRE,Dover School District,3302640,766
NEW HAMPSHIRE,Dresden School District,3302670,77
NEW HAMPSHIRE,Dummer School District,3302730,NA
NEW HAMPSHIRE,Dunbarton School District,3302760,89
NEW HAMPSHIRE,East Kingston School District,3302790,17
NEW HAMPSHIRE,Eaton School District,3302850,5
NEW HAMPSHIRE,Ellsworth School District,3302870,3
NEW HAMPSHIRE,Epping School District,3302880,158
NEW HAMPSHIRE,Epsom School District,3302910,83
NEW HAMPSHIRE,Errol School District,3302940,3
NEW HAMPSHIRE,Exeter School District,3302970,145
NEW HAMPSHIRE,Fall Mountain Regional School District,3302990,280
NEW HAMPSHIRE,Farmington School District,3303000,174
NEW HAMPSHIRE,Franklin School District,3303090,241
NEW HAMPSHIRE,Freedom School District,3303120,27
NEW HAMPSHIRE,Fremont School District,3303150,106
NEW HAMPSHIRE,Gilford School District,3303180,145
NEW HAMPSHIRE,Gilmanton School District,3303210,58
NEW HAMPSHIRE,Goffstown School District,3303240,451
NEW HAMPSHIRE,Virtual Learning Academy Charter School,3303271,3
NEW HAMPSHIRE,Surry School District,3303275,14
NEW HAMPSHIRE,Mason School District,3303276,21
NEW HAMPSHIRE,Hale's Location District,3303279,3
NEW HAMPSHIRE,Mill Falls Charter School District,3303280,3
NEW HAMPSHIRE,The Birches Academy for Academics & Art:A Public Charter Sch,3303286,3
NEW HAMPSHIRE,Robert Frost Charter School,3303287,3
NEW HAMPSHIRE,Making Community Connections Charter School,3303289,3
NEW HAMPSHIRE,Polaris Charter School,3303290,3
NEW HAMPSHIRE,Next Charter School District,3303291,3
NEW HAMPSHIRE,PACE Career Academy Charter School,3303292,3
NEW HAMPSHIRE,Sullivan School District,3303293,6
NEW HAMPSHIRE,Granite State Arts Academy Charter School,3303296,3
NEW HAMPSHIRE,Mountain Village Charter School,3303297,3
NEW HAMPSHIRE,The Founders Academy Charter School District,3303298,3
NEW HAMPSHIRE,Gate City Charter School For the Arts District,3303299,3
NEW HAMPSHIRE,Compass Classical Academy Charter School,3303301,3
NEW HAMPSHIRE,MicroSociety Academy Charter School of Southern NH,3303302,3
NEW HAMPSHIRE,Lempster School District,3303303,30
NEW HAMPSHIRE,Goshen School District,3303304,NA
NEW HAMPSHIRE,LEAF Charter School,3303305,3
NEW HAMPSHIRE,Kreiva Academy Public Charter School District,3303308,3
NEW HAMPSHIRE,Capital City Public Charter School,3303313,3
NEW HAMPSHIRE,Windham Academy Public Charter School,3303314,3
NEW HAMPSHIRE,Spark Academy of Advanced Technologies,3303315,3
NEW HAMPSHIRE,Governor Wentworth Reg School District,3303330,312
NEW HAMPSHIRE,Grantham School District,3303360,42
NEW HAMPSHIRE,Greenland School District,3303420,53
NEW HAMPSHIRE,Hampstead School District,3303480,220
NEW HAMPSHIRE,Hampton School District,3303510,147
NEW HAMPSHIRE,Hampton Falls School District,3303540,25
NEW HAMPSHIRE,Hanover School District,3303600,95
NEW HAMPSHIRE,Harrisville School District,3303630,14
NEW HAMPSHIRE,Hart's Location School District,3303640,3
NEW HAMPSHIRE,Haverhill Cooperative School District,3303660,111
NEW HAMPSHIRE,Henniker School District,3303690,67
NEW HAMPSHIRE,Hill School District,3303720,19
NEW HAMPSHIRE,Hillsboro Deering Coop School District,3303750,212
NEW HAMPSHIRE,Hinsdale School District,3303780,115
NEW HAMPSHIRE,Holderness School District,3303810,22
NEW HAMPSHIRE,Hollis School District,3303840,100
NEW HAMPSHIRE,Hollis/Brookline Coop School District,3303850,131
NEW HAMPSHIRE,Hooksett School District,3303870,280
NEW HAMPSHIRE,Hopkinton School District,3303900,173
NEW HAMPSHIRE,Hudson School District,3303930,524
NEW HAMPSHIRE,Inter-lakes School District,3303960,169
NEW HAMPSHIRE,Jackson School District,3303990,14
NEW HAMPSHIRE,Jaffrey-Rindge Coop School District,3304030,221
NEW HAMPSHIRE,Kearsarge Regional School District,3304040,206
NEW HAMPSHIRE,Keene School District,3304050,607
NEW HAMPSHIRE,Kensington School District,3304080,19
NEW HAMPSHIRE,Laconia School District,3304140,379
NEW HAMPSHIRE,Lafayette Regional School District,3304150,13
NEW HAMPSHIRE,Landaff School District,3304170,10
NEW HAMPSHIRE,Lebanon School District,3304230,220
NEW HAMPSHIRE,Lincoln-Woodstock School District,3304260,48
NEW HAMPSHIRE,Lisbon Regional School District,3304290,63
NEW HAMPSHIRE,Litchfield School District,3304350,216
NEW HAMPSHIRE,Littleton School District,3304380,136
NEW HAMPSHIRE,Londonderry School District,3304410,691
NEW HAMPSHIRE,Lyme School District,3304500,48
NEW HAMPSHIRE,Madison School District,3304560,33
NEW HAMPSHIRE,Manchester School District,3304590,2699
NEW HAMPSHIRE,Marlborough School District,3304620,46
NEW HAMPSHIRE,Marlow School District,3304650,17
NEW HAMPSHIRE,Mascenic Regional School District,3304670,122
NEW HAMPSHIRE,Mascoma Valley Reg School District,3304680,257
NEW HAMPSHIRE,Merrimack School District,3304740,699
NEW HAMPSHIRE,Merrimack Valley School District,3304760,503
NEW HAMPSHIRE,Middleton School District,3304770,49
NEW HAMPSHIRE,Milan School District,3304800,33
NEW HAMPSHIRE,Milford School District,3304830,398
NEW HAMPSHIRE,Monadnock Regional School District,3304890,313
NEW HAMPSHIRE,Monroe School District,3304920,22
NEW HAMPSHIRE,Mont Vernon School District,3304950,40
NEW HAMPSHIRE,Moultonborough School District,3304960,103
NEW HAMPSHIRE,Nashua School District,3304980,1946
NEW HAMPSHIRE,Nelson School District,3305010,6
NEW HAMPSHIRE,New Boston School District,3305040,163
NEW HAMPSHIRE,New Castle School District,3305070,7
NEW HAMPSHIRE,Newfields School District,3305190,17
NEW HAMPSHIRE,Newfound Area School District,3305220,166
NEW HAMPSHIRE,Newington School District,3305250,14
NEW HAMPSHIRE,Newmarket School District,3305280,157
NEW HAMPSHIRE,Newport School District,3305310,210
NEW HAMPSHIRE,North Hampton School District,3305370,59
NEW HAMPSHIRE,Northumberland School District,3305400,75
NEW HAMPSHIRE,Northwood School District,3305430,104
NEW HAMPSHIRE,Nottingham School District,3305460,81
NEW HAMPSHIRE,Oyster River Coop School District,3305520,302
NEW HAMPSHIRE,Pelham School District,3305550,329
NEW HAMPSHIRE,Pembroke School District,3305580,169
NEW HAMPSHIRE,Piermont School District,3305670,9
NEW HAMPSHIRE,Pittsburg School District,3305700,6
NEW HAMPSHIRE,Pittsfield School District,3305730,146
NEW HAMPSHIRE,Plainfield School District,3305760,33
NEW HAMPSHIRE,Plymouth School District,3305790,84
NEW HAMPSHIRE,Portsmouth School District,3305820,383
NEW HAMPSHIRE,Profile School District,3305830,26
NEW HAMPSHIRE,Raymond School District,3305880,273
NEW HAMPSHIRE,Rochester School District,3305940,797
NEW HAMPSHIRE,Rollinsford School District,3305970,40
NEW HAMPSHIRE,Rumney School District,3306000,23
NEW HAMPSHIRE,Rye School District,3306030,71
NEW HAMPSHIRE,Salem School District,3306060,516
NEW HAMPSHIRE,Sanborn Regional School District,3306080,288
NEW HAMPSHIRE,Seabrook School District,3306150,72
NEW HAMPSHIRE,Shaker Regional School District,3306180,221
NEW HAMPSHIRE,Somersworth School District,3306240,319
NEW HAMPSHIRE,Souhegan Cooperative School District,3306260,99
NEW HAMPSHIRE,South Hampton School District,3306270,26
NEW HAMPSHIRE,Stark School District,3306330,6
NEW HAMPSHIRE,Stewartstown School District,3306360,15
NEW HAMPSHIRE,Stoddard School District,3306390,35
NEW HAMPSHIRE,Strafford School District,3306420,84
NEW HAMPSHIRE,Stratford School District,3306450,24
NEW HAMPSHIRE,Stratham School District,3306480,78
NEW HAMPSHIRE,Sunapee School District,3306540,46
NEW HAMPSHIRE,Tamworth School District,3306600,58
NEW HAMPSHIRE,Thornton School District,3306660,26
NEW HAMPSHIRE,Timberlane Regional School District,3306720,735
NEW HAMPSHIRE,Unity School District,3306750,24
NEW HAMPSHIRE,Wakefield School District,3306780,122
NEW HAMPSHIRE,Warren School District,3306870,17
NEW HAMPSHIRE,Washington School District,3306900,12
NEW HAMPSHIRE,Waterville Valley School District,3306910,6
NEW HAMPSHIRE,Weare School District,3306930,159
NEW HAMPSHIRE,Wentworth School District,3306990,14
NEW HAMPSHIRE,Westmoreland School District,3307020,38
NEW HAMPSHIRE,White Mountain Regional School District,3307050,207
NEW HAMPSHIRE,Wilton-Lyndeboro School District,3307115,105
NEW HAMPSHIRE,Winchester School District,3307140,146
NEW HAMPSHIRE,Windham School District,3307170,477
NEW HAMPSHIRE,Windsor School District,3307200,3
NEW HAMPSHIRE,Winnacunnet Coop School District,3307230,163
NEW HAMPSHIRE,Winnisquam Regional School District,3307300,299
NEW HAMPSHIRE,Coe Brown Academy School District,3307330,3
NEW HAMPSHIRE,Pinkerton Academy School District,3307360,3
NEW HAMPSHIRE,Pemi-baker Regional School District,3399965,82
NEW JERSEY,School District of the Chathams,3400004,754
NEW JERSEY,Morris-Union Jointure Commisson School District,3400005,NA
NEW JERSEY,Atlantic County Special Services School District,3400006,NA
NEW JERSEY,South  Bergen Jointure Commission School District,3400007,NA
NEW JERSEY,Great Meadows Regional School District,3400008,130
NEW JERSEY,Somerset Hills Regional School District,3400009,400
NEW JERSEY,Englewood on the Palisades Charter School,3400014,28
NEW JERSEY,Teaneck Community Charter School,3400015,54
NEW JERSEY,Chartertech High School for the Performing Arts,3400019,89
NEW JERSEY,Discovery Charter School,3400020,12
NEW JERSEY,East Orange Community Charter School,3400021,38
NEW JERSEY,Marion P. Thomas Charter School,3400022,179
NEW JERSEY,New Horizons Community Charter School,3400023,41
NEW JERSEY,North Star Academy Charter School,3400024,545
NEW JERSEY,Robert Treat Academy Charter School,3400025,41
NEW JERSEY,Maria L. Varisco-Rogers Charter School,3400026,55
NEW JERSEY,Elysian Charter School,3400029,43
NEW JERSEY,Hoboken Charter School,3400032,34
NEW JERSEY,Jersey City Community Charter School,3400033,44
NEW JERSEY,Jersey City Golden Door Charter School,3400034,51
NEW JERSEY,The Learning Community Charter School,3400035,42
NEW JERSEY,Soaraing Heights Charter School,3400036,19
NEW JERSEY,International Charter School of Trenton,3400041,6
NEW JERSEY,Pace Charter School of Hamilton,3400042,12
NEW JERSEY,Princeton Charter School,3400043,34
NEW JERSEY,The Village Charter School,3400046,30
NEW JERSEY,Greater Brunswick Charter School,3400047,69
NEW JERSEY,Academy Charter High School,3400048,38
NEW JERSEY,Red Bank Charter School,3400049,21
NEW JERSEY,Hunterdon County Vocational School District,3400050,7
NEW JERSEY,Unity Charter School,3400051,41
NEW JERSEY,Classical Academy Charter School of Clifton,3400052,3
NEW JERSEY,Sussex County Technology Charter School,3400055,45
NEW JERSEY,The Queen City Academy Charter School District,3400061,23
NEW JERSEY,Gray Charter School,3400064,24
NEW JERSEY,Bayshore Jointure Commission School District,3400069,NA
NEW JERSEY,TEAM Academy Charter School,3400070,627
NEW JERSEY,University Academy Charter High School,3400073,76
NEW JERSEY,Hope Academy Charter School,3400076,29
NEW JERSEY,LEAP Academy University Charter School,3400078,137
NEW JERSEY,Environment Community Opportunity (ECO) Charter School,3400079,29
NEW JERSEY,Freedom Prep Charter School,3400080,171
NEW JERSEY,Ridge and Valley Charter School,3400082,42
NEW JERSEY,Union County TEAMS Charter School-High School/College LA,3400083,28
NEW JERSEY,University Heights Charter School,3400084,3
NEW JERSEY,OFFICE OF EDUCATION DEPARTMENT OF CHILDREN AND FAMILIES,3400085,238
NEW JERSEY,Paterson Charter School for Science and Technology,3400087,173
NEW JERSEY,OFFICE OF EDUCATIONAL SERVICES DEPARTMENT OF CORRECTIONS,3400088,77
NEW JERSEY,OFFICE OF EDUCATION JUVENILE JUSTICE COMMISSION,3400089,3
NEW JERSEY,Central Jersey College Prep Charter School,3400090,60
NEW JERSEY,Absecon Public Schools District,3400660,173
NEW JERSEY,Alexandria Township School District,3400690,99
NEW JERSEY,Bergen Arts and Science Charter School,3400715,61
NEW JERSEY,Foundation Academy Charter School,3400717,127
NEW JERSEY,Community Charter School of Paterson,3400718,93
NEW JERSEY,Pride Academy Charter School District,3400719,29
NEW JERSEY,Allamuchy Township School District,3400720,80
NEW JERSEY,Paul Robeson Charter School for the Humanities,3400723,47
NEW JERSEY,Burch Charter School of Excellence,3400724,11
NEW JERSEY,The Ethical Community Charter School,3400727,41
NEW JERSEY,Vineland Public Charter School,3400729,11
NEW JERSEY,Newark Educators Community Charter School,3400730,40
NEW JERSEY,Riverbank Charter School of Excellence,3400731,3
NEW JERSEY,Hoboken Dual Language Charter School,3400734,44
NEW JERSEY,Hatikvah International Academy Charter School,3400735,51
NEW JERSEY,The Barack Obama Green Charter High School District,3400740,15
NEW JERSEY,Academy for Urban Leadership Charter School,3400741,28
NEW JERSEY,Benjamin Banneker Preparatory Charter School,3400744,39
NEW JERSEY,Passaic Arts and Science Charter School,3400745,108
NEW JERSEY,Thomas Edison EnergySmart Charter School,3400746,29
NEW JERSEY,John P Holland Charter School,3400748,50
NEW JERSEY,Millville Public Charter School,3400749,12
NEW JERSEY,Allendale Public School District,3400750,108
NEW JERSEY,Great Oaks Legacy Charter School,3400751,212
NEW JERSEY,M.E.T.S. Charter School,3400753,74
NEW JERSEY,Peoples Preparatory Charter School District,3400754,63
NEW JERSEY,Roseville Community Charter School,3400755,11
NEW JERSEY,Dr Lena Edwards Academic Charter School,3400756,52
NEW JERSEY,BelovED Community Charter School,3400759,90
NEW JERSEY,Hope Community Charter School,3400763,22
NEW JERSEY,Phillip's Academy  Charter School,3400764,37
NEW JERSEY,Paterson Arts and Science Charter School,3400765,94
NEW JERSEY,Compass Academy Charter School,3400766,17
NEW JERSEY,Jersey City Global Charter School,3400767,26
NEW JERSEY,South Hunterdon Regional School District,3400769,186
NEW JERSEY,Trenton Stem-to-Civics Charter School,3400770,91
NEW JERSEY,Atlantic Community Charter School,3400771,54
NEW JERSEY,Mastery Schools of Camden Inc.,3400772,565
NEW JERSEY,Link Community Charter School,3400773,33
NEW JERSEY,Camden Prep Inc.,3400776,124
NEW JERSEY,KIPP: Cooper Norcross A New Jersey Nonprofit Corporation,3400777,245
NEW JERSEY,Marie H. Katzenbach School for the Deaf,3400778,NA
NEW JERSEY,College Achieve Central Charter School,3400779,95
NEW JERSEY,Empowerment Academy Charter School,3400781,57
NEW JERSEY,Bridgeton Public Charter School,3400782,3
NEW JERSEY,Principle Academy Charter School,3400783,39
NEW JERSEY,Philip's Academy Charter School of Paterson,3400784,20
NEW JERSEY,Camden's Promise Charter School,3400785,207
NEW JERSEY,Cresthaven Academy Charter School,3400786,23
NEW JERSEY,Hudson Arts and Science Charter School,3400787,51
NEW JERSEY,LEAD Charter School,3400788,27
NEW JERSEY,Ocean Academy Charter School,3400789,33
NEW JERSEY,College Achieve Greater Asbury Park Charter School,3400791,29
NEW JERSEY,Achieve Community Charter School,3400792,12
NEW JERSEY,College Achieve Paterson Charter School,3400793,65
NEW JERSEY,Achievers Early College Prep Charter School,3400794,17
NEW JERSEY,Middlesex County STEM Charter School,3400795,9
NEW JERSEY,BERGEN CO JDC,3400796,NA
NEW JERSEY,ESSEX CO JDC,3400797,NA
NEW JERSEY,OCEAN CO JDC,3400798,NA
NEW JERSEY,MIDDLESEX CO JDC,3400799,NA
NEW JERSEY,BURLINGTON CO JDC,3400800,NA
NEW JERSEY,CAMDEN CO JDC,3400802,NA
NEW JERSEY,ATLANTIC CO JDC,3400803,NA
NEW JERSEY,MORRIS CO JDC,3400804,NA
NEW JERSEY,Creativity CoLaboratory Charter School,3400805,20
NEW JERSEY,Alloway Twp School District,3400810,56
NEW JERSEY,Alpha Borough School District,3400840,28
NEW JERSEY,Alpine School District,3400870,24
NEW JERSEY,Andover Regional School District,3400900,92
NEW JERSEY,Asbury Park School District,3400930,359
NEW JERSEY,Atlantic City School District,3400960,1030
NEW JERSEY,Atlantic County Vocational School District,3400990,180
NEW JERSEY,Atlantic Highlands School District,3401020,60
NEW JERSEY,Audubon Public School Disrict,3401050,330
NEW JERSEY,Avalon School District,3401110,10
NEW JERSEY,Avon Boro School District,3401140,26
NEW JERSEY,Barrington School District,3401170,90
NEW JERSEY,Bass River Township Board of Education,3401200,20
NEW JERSEY,Bay Head Borough School District,3401230,6
NEW JERSEY,Bayonne School District,3401260,1573
NEW JERSEY,Beach Haven School District,3401290,7
NEW JERSEY,Bedminster Township Public School District,3401320,83
NEW JERSEY,Belleville Public School District,3401350,791
NEW JERSEY,Bellmawr Public School District,3401380,183
NEW JERSEY,Belmar Elementary School District,3401410,142
NEW JERSEY,Belvidere School District,3401440,99
NEW JERSEY,Bergen County Special Services School District,3401450,NA
NEW JERSEY,Bergen County Vocational Technical School District,3401470,368
NEW JERSEY,Bergenfield Borough School District,3401500,625
NEW JERSEY,Berkeley Heights School District,3401530,397
NEW JERSEY,Berkeley Township School District,3401560,521
NEW JERSEY,Berlin Borough School District,3401590,166
NEW JERSEY,Berlin Township School District,3401620,133
NEW JERSEY,Bernards Township School District,3401650,766
NEW JERSEY,Bethlehem Township School District,3401710,86
NEW JERSEY,Beverly City School,3401740,68
NEW JERSEY,Black Horse Pike Regional School District,3401770,760
NEW JERSEY,Blairstown Elementary Township School District,3401800,79
NEW JERSEY,Bloomfield Township School District,3401830,1077
NEW JERSEY,Bloomingdale School District,3401860,121
NEW JERSEY,Bloomsbury Borough School District,3401890,17
NEW JERSEY,Bogota Public School District,3401920,270
NEW JERSEY,Boonton Town School District,3401950,297
NEW JERSEY,Boonton Township School District,3401980,77
NEW JERSEY,Bordentown Regional School District,3402030,525
NEW JERSEY,Bound Brook School District,3402100,351
NEW JERSEY,Bradley Beach School District,3402130,44
NEW JERSEY,Branchburg Township School District,3402160,231
NEW JERSEY,Brick Township Public School District,3402220,1842
NEW JERSEY,Bridgeton City School District,3402250,671
NEW JERSEY,Bridgewater-Raritan Regional School District,3402280,1412
NEW JERSEY,Brielle Boro School District,3402310,91
NEW JERSEY,Brigantine Public School District,3402340,83
NEW JERSEY,Brooklawn Public School District,3402370,67
NEW JERSEY,Buena Regional School District,3402400,463
NEW JERSEY,Burlington City Public School District,3402430,419
NEW JERSEY,Burlington County Special Services School District,3402440,NA
NEW JERSEY,Burlington Township School District,3402460,597
NEW JERSEY,Burlington County Institute of Technology School District,3402490,317
NEW JERSEY,Butler Public School District,3402520,317
NEW JERSEY,Byram Township School District,3402550,202
NEW JERSEY,CALDWELL-WEST CALDWELL SCHOOL DISTRICT,3402580,521
NEW JERSEY,Califon Borough School District,3402610,17
NEW JERSEY,Camden City School District,3402640,1504
NEW JERSEY,Camden County Technical School District,3402670,255
NEW JERSEY,Cape May City School District,3402700,37
NEW JERSEY,Cape May County Technical High School District,3402730,86
NEW JERSEY,Cape May County Special Services School District,3402740,NA
NEW JERSEY,Carlstadt PublicSchool District,3402790,97
NEW JERSEY,Carlstadt-East Rutherford Regional High School District,3402800,94
NEW JERSEY,Carteret Public School District,3402820,559
NEW JERSEY,Cedar Grove Township School District,3402850,342
NEW JERSEY,Sterling Regional School District,3402880,177
NEW JERSEY,Central Regional School District,3402910,526
NEW JERSEY,Cherry Hill School District,3403000,2225
NEW JERSEY,Chester School District,3403060,199
NEW JERSEY,Chesterfield Township School District,3403090,139
NEW JERSEY,Cinnaminson Township School District,3403120,442
NEW JERSEY,Clark Township Public School District,3403150,437
NEW JERSEY,Clayton Public School District,3403180,351
NEW JERSEY,Clearview Regional High School District,3403210,305
NEW JERSEY,Clementon Elementary School District,3403240,85
NEW JERSEY,Cliffside Park School District,3403270,621
NEW JERSEY,Clifton Public School District,3403300,1957
NEW JERSEY,Clinton-Glen Gardner School District,3403330,93
NEW JERSEY,Clinton Township School District,3403360,247
NEW JERSEY,Closter Public School District,3403390,189
NEW JERSEY,Collingswood Public School District,3403420,367
NEW JERSEY,Colts Neck Township School District,3403450,170
NEW JERSEY,Commercial Township School District,3403480,96
NEW JERSEY,Cranbury Township School District,3403540,91
NEW JERSEY,Cranford Public School District,3403570,696
NEW JERSEY,Cresskill Public School District,3403600,272
NEW JERSEY,Cumberland County Board of Vocational Education,3403610,39
NEW JERSEY,CUMBERLAND REGIONAL SCHOOL DISTRICT,3403620,201
NEW JERSEY,Deal Boro School District,3403630,3
NEW JERSEY,Deerfield Township School District,3403660,43
NEW JERSEY,Delanco Township School District,3403690,61
NEW JERSEY,Delaware Township School District,3403720,77
NEW JERSEY,Delaware Valley Regional High School District,3403750,130
NEW JERSEY,Delran Township School District,3403780,581
NEW JERSEY,Demarest School District,3403810,114
NEW JERSEY,Dennis Township School District,3403840,137
NEW JERSEY,Denville Township K-8 School District,3403870,348
NEW JERSEY,Deptford Township Public School District,3403900,971
NEW JERSEY,Dover Public School District,3403930,521
NEW JERSEY,Downe Township School District,3403960,36
NEW JERSEY,Dumont Public School District,3403990,394
NEW JERSEY,Dunellen Public School District,3404020,187
NEW JERSEY,Eagleswood Township School District,3404050,21
NEW JERSEY,East Amwell Township School District,3404080,73
NEW JERSEY,East Brunswick Township School District,3404110,1380
NEW JERSEY,East Greenwich Township School District,3404140,251
NEW JERSEY,East Hanover Township School District,3404170,147
NEW JERSEY,East Newark School District,3404200,33
NEW JERSEY,East Orange School District,3404230,1470
NEW JERSEY,East Rutherford School District,3404290,134
NEW JERSEY,East Windsor Regional School District,3404320,712
NEW JERSEY,Eastampton Township School District,3404350,142
NEW JERSEY,Eastern Camden County Regional School District,3404380,275
NEW JERSEY,Eatontown Public School District,3404410,290
NEW JERSEY,Edgewater School District,3404440,123
NEW JERSEY,Edgewater Park Township School District,3404470,159
NEW JERSEY,Edison Township School District,3404500,1916
NEW JERSEY,Egg Harbor City School District,3404530,128
NEW JERSEY,Egg Harbor Township School District,3404560,1192
NEW JERSEY,Elizabeth Public Schools,3404590,3788
NEW JERSEY,Elk Township School District,3404620,43
NEW JERSEY,Elmwood Park School District,3404660,486
NEW JERSEY,Elsinboro Township School District,3404680,18
NEW JERSEY,Emerson Public School District,3404710,186
NEW JERSEY,Englewood Public School District,3404740,614
NEW JERSEY,Englewood Cliffs School District,3404770,68
NEW JERSEY,Essex County Schools of Technology,3404800,232
NEW JERSEY,Essex Fells School District,3404830,38
NEW JERSEY,Estell Manor School District,3404860,39
NEW JERSEY,Evesham Township School District,3404890,1075
NEW JERSEY,Ewing Township School District,3404920,772
NEW JERSEY,Fair Haven School District,3404950,153
NEW JERSEY,Fair Lawn Public School District,3404980,1108
NEW JERSEY,Fairfield Public Schools School District,3405010,79
NEW JERSEY,Fairfield Township School District,3405040,72
NEW JERSEY,Fairview Public School District,3405070,279
NEW JERSEY,Farmingdale Public School District,3405130,29
NEW JERSEY,Flemington-Raritan Regional School District,3405190,611
NEW JERSEY,Florence Township School District,3405220,324
NEW JERSEY,Florham Park School District,3405250,171
NEW JERSEY,Folsom Borough School District,3405280,85
NEW JERSEY,Fort Lee School District,3405310,608
NEW JERSEY,Frankford Township Consolidated School District,3405340,77
NEW JERSEY,Franklin Lakes School District,3405370,214
NEW JERSEY,Franklin Borough School District,3405400,92
NEW JERSEY,Township of Franklin School District,3405430,294
NEW JERSEY,Franklin Township School District,3405460,41
NEW JERSEY,Franklin Township School District,3405490,1389
NEW JERSEY,Franklin Township School District,3405520,27
NEW JERSEY,Fredon Township School District,3405550,39
NEW JERSEY,Freehold Borough School District,3405580,352
NEW JERSEY,Freehold Regional High School District,3405610,1858
NEW JERSEY,Freehold Township School District,3405640,576
NEW JERSEY,Frelinghuysen Township School District,3405670,23
NEW JERSEY,Frenchtown Borough School District,3405700,21
NEW JERSEY,GALLOWAY TOWNSHIP PUBLIC SCHOOLS,3405730,693
NEW JERSEY,Garfield Public School District,3405760,892
NEW JERSEY,Garwood Boro,3405790,71
NEW JERSEY,Gateway Regional High School District,3405820,223
NEW JERSEY,Gibbsboro Elementary School District,3405850,41
NEW JERSEY,Glassboro School District,3405880,385
NEW JERSEY,Glen Ridge Public School District,3405940,312
NEW JERSEY,Glen Rock Public School District,3405970,533
NEW JERSEY,Gloucester City Public School District,3406000,473
NEW JERSEY,Gloucester Township Public Schools,3406030,1242
NEW JERSEY,Gloucester County Vocational-Technical School District,3406040,144
NEW JERSEY,Greater Egg Harbor Regional High School District,3406060,671
NEW JERSEY,Green Township School District,3406090,59
NEW JERSEY,Green Brook Township Public School District,3406120,133
NEW JERSEY,Greenwich Township School District,3406150,9
NEW JERSEY,Greenwich Township School District,3406180,121
NEW JERSEY,Greenwich Township School District,3406210,121
NEW JERSEY,Guttenberg School District,3406240,102
NEW JERSEY,Hackensack School District,3406270,1335
NEW JERSEY,Hackettstown Public School District,3406300,357
NEW JERSEY,HADDON HEIGHTS School District,3406330,315
NEW JERSEY,Haddon Township School District,3406360,453
NEW JERSEY,Haddonfield School District,3406390,554
NEW JERSEY,Hainesport Township School District,3406420,115
NEW JERSEY,Haledon Public School District,3406450,148
NEW JERSEY,Hamburg School District,3406480,54
NEW JERSEY,Hamilton Township School District,3406510,551
NEW JERSEY,Hamilton Township Public School District,3406540,2229
NEW JERSEY,Hammonton School District,3406570,641
NEW JERSEY,Hampton Borough School District,3406600,18
NEW JERSEY,Hampton Township School District,3406630,66
NEW JERSEY,Hanover Park Regional High School District,3406660,263
NEW JERSEY,Hanover Township School District,3406690,276
NEW JERSEY,Harding Township School District,3406720,49
NEW JERSEY,Hardyston Township School District,3406780,151
NEW JERSEY,HARMONY TOWNSHIP SCHOOL DISTRICT,3406810,50
NEW JERSEY,Harrington Park School District,3406840,116
NEW JERSEY,Harrison Public Schools,3406870,396
NEW JERSEY,Harrison Township School District,3406900,184
NEW JERSEY,Hasbrouck Heights School District,3406930,391
NEW JERSEY,Haworth Public School District,3406960,57
NEW JERSEY,Hawthorne Public School District,3406990,488
NEW JERSEY,Henry Hudson Regional School District,3407050,82
NEW JERSEY,High Bridge Borough School District,3407110,78
NEW JERSEY,High Point Regional High School District,3407140,174
NEW JERSEY,Highland Park Boro School District,3407170,274
NEW JERSEY,Highlands Borough School District,3407200,41
NEW JERSEY,Hillsborough Township Public School District,3407230,1330
NEW JERSEY,Hillsdale School District,3407260,241
NEW JERSEY,Hillside Public School District,3407290,509
NEW JERSEY,Ho-Ho-Kus School District,3407320,103
NEW JERSEY,Hoboken Public School District,3407350,457
NEW JERSEY,Holland Township School District,3407380,132
NEW JERSEY,Holmdel Township School District,3407410,501
NEW JERSEY,Hopatcong Borough School District,3407440,369
NEW JERSEY,Hope Township School District,3407470,32
NEW JERSEY,Hopewell Township School District,3407500,99
NEW JERSEY,Hopewell Valley Regional School District,3407530,693
NEW JERSEY,Howell Township Public School District,3407560,1136
NEW JERSEY,Hudson County Schools of Technology School District,3407570,161
NEW JERSEY,Hunterdon Central Regional High School District,3407590,463
NEW JERSEY,Irvington Public School District,3407680,910
NEW JERSEY,Island Heights School District,3407710,30
NEW JERSEY,Jackson Township School District,3407740,1584
NEW JERSEY,Jamesburg Public School District,3407770,116
NEW JERSEY,Jefferson Township Public School District,3407800,606
NEW JERSEY,Jersey City Public Schools,3407830,4008
NEW JERSEY,Keansburg School District,3407860,394
NEW JERSEY,Kearny,3407890,1004
NEW JERSEY,Kenilworth School District,3407920,233
NEW JERSEY,Keyport School District,3407950,168
NEW JERSEY,Kingsway Regional School District,3407980,563
NEW JERSEY,Kingwood Township School District,3408010,59
NEW JERSEY,Kinnelon School District,3408040,315
NEW JERSEY,Kittatinny Regional School District,3408060,127
NEW JERSEY,Knowlton Township School District,3408070,27
NEW JERSEY,Lacey Township School District,3408100,988
NEW JERSEY,Lafayette Township School District,3408130,39
NEW JERSEY,Lakehurst School District,3408160,106
NEW JERSEY,Lakeland Regional High School District,3408190,191
NEW JERSEY,Lakewood Township School District,3408220,3
NEW JERSEY,Laurel Springs School District,3408280,36
NEW JERSEY,Lavallette Borough School District,3408310,18
NEW JERSEY,Lawnside School Distric,3408340,40
NEW JERSEY,Lawrence Township School District,3408370,99
NEW JERSEY,Lawrence Township Public School District,3408400,866
NEW JERSEY,Lebanon Borough School District,3408430,13
NEW JERSEY,Lebanon Township School District,3408460,142
NEW JERSEY,Lenape Regional High School District,3408490,1155
NEW JERSEY,Lenape Valley Regional High School District,3408500,127
NEW JERSEY,Leonia Public School District,3408520,315
NEW JERSEY,Lincoln Park School District,3408580,205
NEW JERSEY,Linden Public School District,3408610,1138
NEW JERSEY,Lindenwold Public School District,3408640,464
NEW JERSEY,Linwood City School District,3408670,159
NEW JERSEY,Little Egg Harbor Township School District,3408700,280
NEW JERSEY,Little Falls Township Public School District,3408730,190
NEW JERSEY,Little Ferry Public School District,3408760,133
NEW JERSEY,Little Silver Boro School District,3408790,122
NEW JERSEY,Livingston Board of Education School District,3408820,1090
NEW JERSEY,Lodi School District,3408850,545
NEW JERSEY,Logan Township School District,3408880,124
NEW JERSEY,Long Beach Island Consolidated School District,3408910,56
NEW JERSEY,LONG BRANCH PUBLIC SCHOOL District,3408940,745
NEW JERSEY,Lopatcong Township School District,3409000,131
NEW JERSEY,The Lower Alloways Creek School District,3409030,32
NEW JERSEY,Lower Cape May Regional School District,3409090,325
NEW JERSEY,PENNSVILLE PUBLIC SCHOOL DISTRICT,3409120,408
NEW JERSEY,Lower Township Elementary School District,3409150,314
NEW JERSEY,Lumberton Township Board of Education,3409180,254
NEW JERSEY,Lyndhurst School District,3409210,432
NEW JERSEY,Madison Public School District,3409240,553
NEW JERSEY,Old Bridge Township School District,3409270,1490
NEW JERSEY,Magnolia School District,3409300,81
NEW JERSEY,Mahwah Township Public School District,3409330,503
NEW JERSEY,Mainland Regional High School,3409360,243
NEW JERSEY,Manalapan-Englishtown Regional Schools School District,3409390,771
NEW JERSEY,Manasquan School District,3409420,281
NEW JERSEY,Manchester Township School District,3409450,679
NEW JERSEY,Mannington Township School District,3409480,31
NEW JERSEY,Mansfield Township School District,3409510,89
NEW JERSEY,Mansfield Township Elementary School District,3409540,102
NEW JERSEY,North Warren Regional School District,3409550,138
NEW JERSEY,Mantua Township School District,3409600,237
NEW JERSEY,Manville School District,3409630,326
NEW JERSEY,Maple Shade School District,3409660,536
NEW JERSEY,Margate City School District,3409690,65
NEW JERSEY,Marlboro Township School District,3409720,742
NEW JERSEY,Matawan-Aberdeen Regional School District,3409750,669
NEW JERSEY,Maurice River Township School District,3409780,88
NEW JERSEY,Maywood School District,3409810,146
NEW JERSEY,Medford Lakes School District,3409840,77
NEW JERSEY,Medford Township School District,3409870,614
NEW JERSEY,Mendham Borough School District,3409900,64
NEW JERSEY,Mendham Township School District,3409930,129
NEW JERSEY,Area Vocational Technical Schools of Mercer County,3409950,24
NEW JERSEY,Merchantville School District,3409960,104
NEW JERSEY,Metuchen Public School District,3409990,406
NEW JERSEY,Middle Township Public School District,3410020,595
NEW JERSEY,Middlesex Borough School District,3410050,357
NEW JERSEY,Middlesex County Vocational and Technical School District,3410080,467
NEW JERSEY,MIDDLETOWN TOWNSHIP PUBLIC SCHOOL DISTRICT,3410110,2181
NEW JERSEY,Midland Park School District,3410140,196
NEW JERSEY,Milford Borough School District,3410170,11
NEW JERSEY,Millburn Township School District,3410200,718
NEW JERSEY,Millstone Township School District,3410230,145
NEW JERSEY,Milltown School District,3410290,113
NEW JERSEY,Millville School District,3410320,1255
NEW JERSEY,Mine Hill Township School District,3410350,50
NEW JERSEY,Monmouth Beach School District,3410380,45
NEW JERSEY,Monmouth Regional High School,3410440,271
NEW JERSEY,Monroe Township Public School District,3410470,1220
NEW JERSEY,Monroe Township School District,3410500,1129
NEW JERSEY,Montague Township School District,3410530,49
NEW JERSEY,Montclair Public School District,3410560,1259
NEW JERSEY,Montgomery Township School District,3410590,686
NEW JERSEY,Montvale Board of Education School District,3410620,139
NEW JERSEY,Montville Township School District,3410650,679
NEW JERSEY,Moonachie School District,3410680,63
NEW JERSEY,Moorestown Township Public School District,3410710,881
NEW JERSEY,Morris County Vocational School District,3410720,31
NEW JERSEY,Morris Hills Regional School District,3410740,598
NEW JERSEY,Morris Plains School District,3410770,100
NEW JERSEY,Morris School District,3410810,866
NEW JERSEY,Mount Arlington Public School District,3410860,95
NEW JERSEY,Mt. Ephraim School District,3410890,86
NEW JERSEY,Mount Holly Township Public School District,3410920,231
NEW JERSEY,Mount Laurel Township School District,3410950,724
NEW JERSEY,Mount Olive Township School District,3410980,802
NEW JERSEY,Mountain Lakes Public School District,3411010,246
NEW JERSEY,Mountainside School District,3411040,94
NEW JERSEY,Mullica Township School District,3411070,121
NEW JERSEY,National Park Boro School District,3411100,43
NEW JERSEY,Neptune City School District,3411130,73
NEW JERSEY,Neptune Township School District,3411160,814
NEW JERSEY,Netcong School District,3411190,55
NEW JERSEY,New Brunswick School District,3411220,1805
NEW JERSEY,New Hanover Township,3411250,38
NEW JERSEY,New Milford Public School District,3411280,462
NEW JERSEY,New Providence School District,3411310,340
NEW JERSEY,Newark Public School District,3411340,6487
NEW JERSEY,NEWTON PUBLIC SCHOOL DISTRICT,3411400,297
NEW JERSEY,North Arlington School District,3411430,310
NEW JERSEY,North Bergen School District,3411460,1261
NEW JERSEY,North Brunswick Township School District,3411490,880
NEW JERSEY,North Caldwell School District,3411520,105
NEW JERSEY,North Haledon School District,3411550,97
NEW JERSEY,North Hanover Township School District,3411580,165
NEW JERSEY,North Hunterdon-Voorhees Regional High School District,3411610,404
NEW JERSEY,North Plainfield School District,3411640,670
NEW JERSEY,North Wildwood School District,3411670,51
NEW JERSEY,Northern Burlington County Regional School District,3411700,417
NEW JERSEY,Northern Highlands Regional High School District,3411730,218
NEW JERSEY,Northern Valley Regional High School District,3411760,417
NEW JERSEY,Northfield City School District,3411790,189
NEW JERSEY,Northvale Public School District,3411820,93
NEW JERSEY,Norwood Public School District,3411850,93
NEW JERSEY,Nutley Public School District,3411880,889
NEW JERSEY,Oakland Public School District,3411910,315
NEW JERSEY,Oaklyn Public School District,3411940,42
NEW JERSEY,Ocean City School District,3411970,226
NEW JERSEY,Ocean County Vocational Technical School District,3411980,20
NEW JERSEY,Ocean Gate School District,3412030,41
NEW JERSEY,Township of Ocean School District,3412060,883
NEW JERSEY,Ocean Township School District,3412090,122
NEW JERSEY,Oceanport School District,3412120,111
NEW JERSEY,Ogdensburg Borough School District,3412150,61
NEW JERSEY,Old Tappan Public School District,3412180,88
NEW JERSEY,Oldmans Township School District,3412210,41
NEW JERSEY,Oradell Public School District,3412240,119
NEW JERSEY,River Dell Regional School District,3412260,297
NEW JERSEY,ORANGE BOARD OF EDUCATION School District,3412270,731
NEW JERSEY,Oxford Township School District,3412300,55
NEW JERSEY,Palisades Park School District,3412360,189
NEW JERSEY,Palmyra Public School District,3412390,165
NEW JERSEY,Paramus Public School District,3412420,762
NEW JERSEY,Park Ridge School District,3412450,308
NEW JERSEY,Parsippany-Troy Hills Township School District,3412480,1069
NEW JERSEY,Pascack Valley Regional High School District,3412510,408
NEW JERSEY,Passaic City School District,3412540,2612
NEW JERSEY,Passaic Valley Regional High School District #1,3412570,228
NEW JERSEY,Passaic County Manchester Regional High School District,3412600,143
NEW JERSEY,Passaic County Vocational School District,3412630,434
NEW JERSEY,Long Hill Township School District,3412660,188
NEW JERSEY,Paterson Public School District,3412690,4148
NEW JERSEY,Paulsboro School District,3412720,297
NEW JERSEY,Pemberton Township School District,3412810,922
NEW JERSEY,Penns Grove-Carneys Point Regional School District,3412840,477
NEW JERSEY,Pennsauken Township Board of Education School District,3412870,1070
NEW JERSEY,Pequannock Township School District,3412900,460
NEW JERSEY,Perth Amboy Public School District,3412930,1198
NEW JERSEY,Phillipsburg School District,3412960,798
NEW JERSEY,Pine Hill School District,3412990,437
NEW JERSEY,Pinelands Regional School District,3413000,398
NEW JERSEY,Piscataway Township School District,3413050,941
NEW JERSEY,Pitman Boro School District,3413080,274
NEW JERSEY,Pittsgrove Township School District,3413110,302
NEW JERSEY,Plainfield Public School District,3413140,1541
NEW JERSEY,Pleasantville Public School District,3413200,644
NEW JERSEY,Plumsted Township School District,3413230,275
NEW JERSEY,Pohatcong Township School District,3413260,56
NEW JERSEY,Point Pleasant Borough School District,3413290,463
NEW JERSEY,Point Pleasant Beach School District,3413320,148
NEW JERSEY,Pompton Lakes School District,3413350,405
NEW JERSEY,Port Republic School District,3413380,17
NEW JERSEY,Princeton Public Schools,3413410,715
NEW JERSEY,Prospect Park Public School District,3413470,155
NEW JERSEY,Quinton Township School District,3413500,54
NEW JERSEY,Rahway Public School District,3413530,706
NEW JERSEY,Ramapo Indian Hills Regional High School District,3413560,403
NEW JERSEY,Ramsey School District,3413590,383
NEW JERSEY,Rancocas Valley Regional High School District,3413620,426
NEW JERSEY,Randolph Township School District,3413650,734
NEW JERSEY,Hazlet Township Public School District,3413680,602
NEW JERSEY,Readington Township School District,3413710,346
NEW JERSEY,Red Bank Borough Public School District,3413740,296
NEW JERSEY,Red Bank Regional School District,3413750,266
NEW JERSEY,Ridgefield School District,3413770,232
NEW JERSEY,Ridgefield Park Public School District,3413800,348
NEW JERSEY,Ridgewood Public School District,3413830,871
NEW JERSEY,Ringwood School District,3413860,223
NEW JERSEY,River Edge School District,3413890,277
NEW JERSEY,River Vale Public School District,3413950,159
NEW JERSEY,Riverdale School District,3413980,61
NEW JERSEY,Riverside Township School District,3414010,277
NEW JERSEY,Riverton School District,3414040,84
NEW JERSEY,Rochelle Park School District,3414070,111
NEW JERSEY,Rockaway Borough School District,3414100,136
NEW JERSEY,Rockaway Township School District,3414130,442
NEW JERSEY,Roosevelt Borough Public School District,3414220,12
NEW JERSEY,Roseland School District,3414250,92
NEW JERSEY,Roselle Public Schools,3414280,423
NEW JERSEY,Roselle Park Public School District,3414310,376
NEW JERSEY,Roxbury Township School District,3414340,628
NEW JERSEY,Rumson Borough School District,3414370,163
NEW JERSEY,Rumson-Fair Haven Regional High School District,3414400,154
NEW JERSEY,RUNNEMEDE PUBLIC SCHOOL DISTRICT,3414430,178
NEW JERSEY,Rutherford School District,3414460,428
NEW JERSEY,Saddle Brook School District,3414490,463
NEW JERSEY,Saddle River School District,3414520,45
NEW JERSEY,Salem City School District,3414550,211
NEW JERSEY,Salem County Vocational Technical School District,3414580,84
NEW JERSEY,Sandyston-Walpack Consolidated School District,3414610,28
NEW JERSEY,Sayreville School District,3414640,1184
NEW JERSEY,Scotch Plains-Fanwood School District,3414670,1088
NEW JERSEY,Sea Girt Borough School District,3414730,12
NEW JERSEY,Seaside Heights School District,3414790,50
NEW JERSEY,Secaucus School District,3414850,350
NEW JERSEY,Shamong Township School District,3414880,150
NEW JERSEY,Shore Regional High School District,3414940,152
NEW JERSEY,Shrewsbury Borough School District,3414970,98
NEW JERSEY,Somerdale School District,3415000,69
NEW JERSEY,Somers Point School District,3415030,180
NEW JERSEY,Somerset County Vocational and Technical School District,3415060,38
NEW JERSEY,Somerville Public School District,3415090,522
NEW JERSEY,South Amboy School District,3415120,213
NEW JERSEY,South Bound Brook Public Schools,3415180,56
NEW JERSEY,South Brunswick School District,3415210,972
NEW JERSEY,South Hackensack School District,3415240,46
NEW JERSEY,South Harrison Township School District,3415270,57
NEW JERSEY,South Orange-Maplewood School District,3415330,1160
NEW JERSEY,South Plainfield School District,3415360,606
NEW JERSEY,South River Public School District,3415390,463
NEW JERSEY,Southampton Township School District,3415420,149
NEW JERSEY,DELSEA REGIONAL HIGH SCHOOL DISTRICT,3415450,337
NEW JERSEY,Southern Regional School District,3415480,700
NEW JERSEY,SPARTA TOWNSHIP PUBLIC SCHOOL DISTRICT,3415510,642
NEW JERSEY,Spotswood Public School District,3415540,275
NEW JERSEY,Spring Lake Borough,3415570,57
NEW JERSEY,Spring Lake Heights School District,3415600,37
NEW JERSEY,Springfield Public School District,3415630,368
NEW JERSEY,Springfield Township School District,3415660,39
NEW JERSEY,Stafford Township School District,3415690,438
NEW JERSEY,Stanhope School District,3415720,78
NEW JERSEY,Stillwater Township School District,3415750,64
NEW JERSEY,Stone Harbor School District,3415810,3
NEW JERSEY,Stow Creek Township School District,3415840,15
NEW JERSEY,Stratford School District,3415870,157
NEW JERSEY,Summit Public School District,3415900,562
NEW JERSEY,Sussex County Technical School District,3415930,200
NEW JERSEY,Sussex-Wantage Regional School District,3415960,276
NEW JERSEY,Swedesboro-Woolwich School District,3415990,337
NEW JERSEY,Tabernacle Township School District,3416020,131
NEW JERSEY,Teaneck School District,3416080,1082
NEW JERSEY,Tenafly Public School District,3416110,684
NEW JERSEY,Tewksbury Township School District,3416170,77
NEW JERSEY,Tinton Falls School District,3416200,319
NEW JERSEY,Toms River Regional School District,3416230,2927
NEW JERSEY,Totowa Public School District,3416260,151
NEW JERSEY,TRENTON PUBLIC SCHOOL DISTRICT,3416290,2225
NEW JERSEY,Tuckerton Borough School District,3416320,53
NEW JERSEY,Union Beach Public School District,3416350,116
NEW JERSEY,Union City School District,3416380,1308
NEW JERSEY,Union County Educational Services Commission,3416400,NA
NEW JERSEY,Union Township School District,3416440,98
NEW JERSEY,Barnegat Township School District,3416470,628
NEW JERSEY,Township of Union School District,3416500,1268
NEW JERSEY,Upper Deerfield Township School District,3416530,202
NEW JERSEY,Upper Freehold Regional School District,3416560,432
NEW JERSEY,UPPER PITTSGROVE TWP School District,3416590,54
NEW JERSEY,Upper Saddle River School District,3416620,210
NEW JERSEY,Upper Township School District,3416650,225
NEW JERSEY,Ventnor City School District,3416680,109
NEW JERSEY,Vernon Township School District,3416710,724
NEW JERSEY,Verona Public School District,3416740,426
NEW JERSEY,Vineland Public School District,3416800,2108
NEW JERSEY,Voorhees Township School District,3416830,553
NEW JERSEY,Waldwick School District,3416860,294
NEW JERSEY,Wallkill Valley Regional High School,3416870,139
NEW JERSEY,Wall Township Public School District,3416890,666
NEW JERSEY,Wallington Boro School District,3416920,208
NEW JERSEY,Wanaque School District,3416950,209
NEW JERSEY,Warren Hills Regional School District,3416970,268
NEW JERSEY,Warren Township School District,3416980,277
NEW JERSEY,Washington Borough School District,3417010,81
NEW JERSEY,Washington Township School District,3417070,1270
NEW JERSEY,Robbinsville Public Schools,3417100,427
NEW JERSEY,Washington Township School District,3417130,443
NEW JERSEY,Washington Township School District,3417160,75
NEW JERSEY,Watchung Borough Public School District,3417190,107
NEW JERSEY,Watchung Hills Regional High School District,3417220,347
NEW JERSEY,Waterford Township School District,3417250,146
NEW JERSEY,Wayne Township Public School District,3417280,1470
NEW JERSEY,Weehawken Public School District,3417310,192
NEW JERSEY,Wenonah  Boro School District,3417340,16
NEW JERSEY,WEST CAPE MAY ELEMENTARY SCHOOL DISTRICT,3417400,21
NEW JERSEY,West Deptford Township School District,3417430,667
NEW JERSEY,West Essex Regional School District,3417460,295
NEW JERSEY,West Long Branch School District,3417490,155
NEW JERSEY,Monmouth County Vocational School District,3417500,10
NEW JERSEY,West Milford Township Public School District,3417520,689
NEW JERSEY,West Morris Regional High School District,3417550,446
NEW JERSEY,West New York Board of Education,3417580,1182
NEW JERSEY,West Orange Public Schools,3417610,1435
NEW JERSEY,Woodland Park School District,3417640,170
NEW JERSEY,West Windsor-Plainsboro Regional School District,3417700,994
NEW JERSEY,Westampton Township Public School District,3417730,221
NEW JERSEY,Westfield Public School District,3417760,1233
NEW JERSEY,Westville Boro Public School District,3417790,96
NEW JERSEY,Westwood Regional School District,3417820,476
NEW JERSEY,Weymouth Township School District,3417850,44
NEW JERSEY,Wharton Borough School District,3417880,158
NEW JERSEY,White Township Consolidated School District,3417910,41
NEW JERSEY,Warren County Vocational Technical School,3417920,108
NEW JERSEY,Wildwood City School District,3417940,230
NEW JERSEY,Wildwood Crest Borough School District,3417970,57
NEW JERSEY,Willingboro Public School District,3418000,728
NEW JERSEY,Winfield Township,3418030,16
NEW JERSEY,Union County Vocational-Technical School District,3418040,38
NEW JERSEY,Winslow Township School District,3418060,1031
NEW JERSEY,Woodbine School District,3418090,67
NEW JERSEY,Woodbridge Township School District,3418120,1846
NEW JERSEY,Woodbury City Public School District,3418150,353
NEW JERSEY,Woodbury Heights Public School District,3418180,81
NEW JERSEY,Woodcliff Lake School District,3418210,129
NEW JERSEY,Woodland Township School District,3418240,35
NEW JERSEY,Woodlynne School District,3418270,74
NEW JERSEY,Wood-Ridge School District,3418300,257
NEW JERSEY,Woodstown-Pilesgrove Regional School District,3418330,271
NEW JERSEY,Wyckoff Township Public School District,3418360,387
NEW JERSEY,Educational Services Commission of New Jersey,3480180,NA
NEW JERSEY,Mercer County Special Services School District,3480200,NA
NEW JERSEY,Monmouth-Ocean Educational Services Commission School Distri,3480240,NA
NEW JERSEY,Educational Services Commission of Morris County,3480260,NA
NEW JERSEY,Somerset County Educational Services Commission,3480280,NA
NEW JERSEY,Essex Regional Educational Services Commission,3480300,NA
NEW JERSEY,Northern Hills Academy School District,3480320,NA
NEW JERSEY,Hunterdon County Educational Services Commission,3480360,NA
NEW JERSEY,Salem County Special Services School District,3480361,NA
NEW JERSEY,Gloucester County Special Services School District,3480363,NA
NEW JERSEY,Northern Region Educational Services Commission,3480364,NA
NEW MEXICO,VAUGHN MUNICIPAL SCHOOLS,3500001,14
NEW MEXICO,RIO RANCHO PUBLIC SCHOOLS,3500010,2973
NEW MEXICO,JUVENILE JUSTICE,3500011,27
NEW MEXICO,NM CORRECTIONS,3500012,6
NEW MEXICO,NM SCHOOL FOR THE BLIND AND VISUALLY IMPAIRED,3500013,30
NEW MEXICO,NM SCHOOL FOR THE DEAF,3500014,121
NEW MEXICO,SEQUOYAH,3500015,12
NEW MEXICO,CHILDRENS PSYC,3500016,15
NEW MEXICO,ALAMOGORDO PUBLIC SCHOOLS,3500030,1027
NEW MEXICO,ALBUQUERQUE PUBLIC SCHOOLS,3500060,16344
NEW MEXICO,ANIMAS PUBLIC SCHOOLS,3500090,32
NEW MEXICO,NORTH VALLEY CHARTER,3500106,84
NEW MEXICO,HORIZON ACADEMY WEST,3500107,55
NEW MEXICO,MEDIA ARTS COLLABORATIVE CHARTER,3500109,72
NEW MEXICO,SCHOOL OF DREAMS ACADEMY,3500112,117
NEW MEXICO,ALMA D'ARTE CHARTER,3500116,32
NEW MEXICO,CESAR CHAVEZ COMMUNITY  SCHOOL,3500117,50
NEW MEXICO,TAOS ACADEMY,3500118,32
NEW MEXICO,NM SCHOOL FOR ARTS,3500119,29
NEW MEXICO,ARTESIA PUBLIC SCHOOLS,3500120,556
NEW MEXICO,SOUTH VALLEY PREP,3500121,45
NEW MEXICO,ABQ SCHOOL OF EXCELLENCE,3500122,89
NEW MEXICO,ABQ SIGN LANGUAGE ACADEMY,3500123,53
NEW MEXICO,TIERRA ADENTRO,3500124,58
NEW MEXICO,THE MASTERS PROGRAM,3500125,32
NEW MEXICO,THE ASK ACADEMY,3500126,45
NEW MEXICO,TAOS INTEGRATED SCHOOL OF THE ARTS,3500127,30
NEW MEXICO,ALBUQUERQUE INSTITUTE OF MATH & SCIENCE,3500130,5
NEW MEXICO,AMY BIEHL CHARTER HIGH SCHOOL,3500131,73
NEW MEXICO,LA PROMESA EARLY LEARNING,3500134,46
NEW MEXICO,MONTESSORI ELEMENTARY SCHOOL,3500135,19
NEW MEXICO,SOUTHWEST PREPARATORY LEARNING CENTER,3500136,34
NEW MEXICO,SOUTHWEST SECONDARY LEARNING CENTER,3500137,24
NEW MEXICO,ALDO LEOPOLD CHARTER,3500138,36
NEW MEXICO,J PAUL TAYLOR ACADEMY,3500141,16
NEW MEXICO,THE GREAT ACADEMY,3500142,17
NEW MEXICO,RED RIVER VALLEY CHARTER SCHOOL,3500143,22
NEW MEXICO,MISSION ACHIEVEMENT AND SUCCESS,3500148,189
NEW MEXICO,AZTEC MUNICIPAL SCHOOLS,3500150,428
NEW MEXICO,SW AERONAUTICS MATHEMATICS AND SCIENCE ACADEMY,3500151,36
NEW MEXICO,ESTANCIA VALLEY CLASSICAL ACADEMY,3500152,56
NEW MEXICO,MCCURDY CHARTER SCHOOL,3500153,92
NEW MEXICO,LA TIERRA MONTESSORI SCHOOL OF THE ARTS AND SCIENCES,3500155,15
NEW MEXICO,NEW AMERICA SCHOOL - LAS CRUCES,3500156,27
NEW MEXICO,WALATOWA CHARTER HIGH,3500158,3
NEW MEXICO,NEW MEXICO CONNECTIONS ACADEMY,3500160,166
NEW MEXICO,TAOS INTERNATIONAL SCHOOL,3500163,13
NEW MEXICO,LA ACADEMIA DOLORES HUERTA,3500166,14
NEW MEXICO,EXPLORE ACADEMY,3500167,55
NEW MEXICO,LAS MONTANAS CHARTER,3500168,48
NEW MEXICO,MONTE DEL SOL CHARTER,3500170,54
NEW MEXICO,TURQUOISE TRAIL CHARTER SCHOOL,3500171,96
NEW MEXICO,SANDOVAL ACADEMY OF BILINGUAL EDUCATION,3500172,21
NEW MEXICO,TIERRA ENCANTADA CHARTER SCHOOL,3500173,43
NEW MEXICO,DZIT DIT LOOL SCHOOL OF EMPOWERMENT ACTION AND PERSEVERANCE,3500174,3
NEW MEXICO,ROOTS AND WINGS COMMUNITY,3500176,14
NEW MEXICO,SIX DIRECTIONS INDIGENOUS SCHOOL,3500177,9
NEW MEXICO,ALTURA PREPARATORY SCHOOL,3500178,10
NEW MEXICO,HOZHO ACADEMY,3500179,32
NEW MEXICO,BELEN CONSOLIDATED SCHOOLS,3500180,755
NEW MEXICO,ALBUQUERQUE COLLEGIATE CHARTER SCHOOL,3500181,3
NEW MEXICO,SOLARE COLLEGIATE CHARTER SCHOOL,3500183,32
NEW MEXICO,RAICES DEL SABER XINACHTLI COMMUNITY SCHOOL,3500184,3
NEW MEXICO,MIDDLE COLLEGE HIGH SCHOOL CHARTER - GALLUP,3500186,NA
NEW MEXICO,BERNALILLO PUBLIC SCHOOLS,3500210,468
NEW MEXICO,BLOOMFIELD SCHOOLS,3500240,485
NEW MEXICO,CAPITAN MUNICIPAL SCHOOLS,3500270,89
NEW MEXICO,CARLSBAD MUNICIPAL SCHOOLS,3500300,1358
NEW MEXICO,CARRIZOZO MUNICIPAL SCHOOLS,3500330,15
NEW MEXICO,CENTRAL CONSOLIDATED SCHOOLS,3500390,904
NEW MEXICO,CHAMA VALLEY INDEP. SCHOOLS,3500420,67
NEW MEXICO,CIMARRON MUNICIPAL SCHOOLS,3500480,49
NEW MEXICO,CLAYTON MUNICIPAL SCHOOLS,3500510,77
NEW MEXICO,CLOUDCROFT MUNICIPAL SCHOOLS,3500540,56
NEW MEXICO,CLOVIS MUNICIPAL SCHOOLS,3500570,1380
NEW MEXICO,COBRE CONSOLIDATED SCHOOLS,3500600,232
NEW MEXICO,CORONA MUNICIPAL SCHOOLS,3500630,10
NEW MEXICO,CUBA INDEPENDENT SCHOOLS,3500660,96
NEW MEXICO,DEMING PUBLIC SCHOOLS,3500690,829
NEW MEXICO,DES MOINES MUNICIPAL SCHOOLS,3500720,10
NEW MEXICO,DEXTER CONSOLIDATED SCHOOLS,3500750,121
NEW MEXICO,DORA MUNICIPAL SCHOOLS,3500790,43
NEW MEXICO,DULCE INDEPENDENT SCHOOLS,3500810,81
NEW MEXICO,ELIDA MUNICIPAL SCHOOLS,3500840,24
NEW MEXICO,ESPANOLA PUBLIC SCHOOLS,3500900,495
NEW MEXICO,ESTANCIA MUNICIPAL SCHOOLS,3500930,126
NEW MEXICO,EUNICE MUNICIPAL SCHOOLS,3500960,107
NEW MEXICO,FARMINGTON MUNICIPAL SCHOOLS,3500990,1543
NEW MEXICO,FLOYD MUNICIPAL SCHOOLS,3501020,38
NEW MEXICO,FORT SUMNER MUNICIPAL SCHOOLS,3501050,58
NEW MEXICO,GADSDEN INDEPENDENT SCHOOLS,3501080,2051
NEW MEXICO,GALLUP-MCKINLEY CTY SCHOOLS,3501110,1511
NEW MEXICO,GRADY MUNICIPAL SCHOOLS,3501140,34
NEW MEXICO,GRANTS-CIBOLA COUNTY SCHOOLS,3501170,555
NEW MEXICO,HAGERMAN MUNICIPAL SCHOOLS,3501200,80
NEW MEXICO,HATCH VALLEY PUBLIC SCHOOLS,3501230,118
NEW MEXICO,HOBBS MUNICIPAL SCHOOLS,3501260,1449
NEW MEXICO,HONDO VALLEY PUBLIC SCHOOLS,3501290,25
NEW MEXICO,HOUSE MUNICIPAL SCHOOLS,3501320,15
NEW MEXICO,JAL PUBLIC SCHOOLS,3501350,70
NEW MEXICO,JEMEZ MOUNTAIN PUBLIC SCHOOLS,3501380,27
NEW MEXICO,JEMEZ VALLEY PUBLIC SCHOOLS,3501410,59
NEW MEXICO,LAKE ARTHUR MUNICIPAL SCHOOLS,3501470,19
NEW MEXICO,LAS CRUCES PUBLIC SCHOOLS,3501500,3757
NEW MEXICO,LAS VEGAS CITY PUBLIC SCHOOLS,3501530,215
NEW MEXICO,WEST LAS VEGAS PUBLIC SCHOOLS,3501560,168
NEW MEXICO,LOGAN MUNICIPAL SCHOOLS,3501590,35
NEW MEXICO,LORDSBURG MUNICIPAL SCHOOLS,3501620,71
NEW MEXICO,LOS ALAMOS PUBLIC SCHOOLS,3501650,693
NEW MEXICO,LOS LUNAS PUBLIC SCHOOLS,3501680,1144
NEW MEXICO,LOVING MUNICIPAL SCHOOLS,3501710,79
NEW MEXICO,LOVINGTON MUNICIPAL SCHOOLS,3501740,736
NEW MEXICO,MAGDALENA MUNICIPAL SCHOOLS,3501770,63
NEW MEXICO,MAXWELL MUNICIPAL SCHOOLS,3501800,11
NEW MEXICO,MELROSE PUBLIC SCHOOLS,3501830,52
NEW MEXICO,MORA INDEPENDENT SCHOOLS,3501860,53
NEW MEXICO,MORIARTY-EDGEWOOD SCHOOL DISTRICT,3501890,365
NEW MEXICO,MOSQUERO MUNICIPAL SCHOOLS,3501920,10
NEW MEXICO,MOUNTAINAIR PUBLIC SCHOOLS,3501950,48
NEW MEXICO,MESA VISTA CONSOLIDATED SCHOOLS,3501980,27
NEW MEXICO,PECOS INDEPENDENT SCHOOLS,3502010,95
NEW MEXICO,PENASCO INDEPENDENT SCHOOLS,3502040,61
NEW MEXICO,POJOAQUE VALLEY PUBLIC SCHOOLS,3502070,250
NEW MEXICO,PORTALES MUNICIPAL SCHOOLS,3502100,491
NEW MEXICO,QUEMADO INDEPENDENT SCHOOLS,3502130,29
NEW MEXICO,QUESTA INDEPENDENT SCHOOLS,3502160,41
NEW MEXICO,RATON PUBLIC SCHOOLS,3502190,148
NEW MEXICO,RESERVE PUBLIC SCHOOLS,3502220,37
NEW MEXICO,ROSWELL INDEPENDENT SCHOOLS,3502250,1907
NEW MEXICO,ROY MUNICIPAL SCHOOLS,3502280,11
NEW MEXICO,RUIDOSO MUNICIPAL SCHOOLS,3502310,285
NEW MEXICO,SAN JON MUNICIPAL SCHOOLS,3502340,27
NEW MEXICO,SANTA FE PUBLIC SCHOOLS,3502370,1962
NEW MEXICO,SANTA ROSA CONSOLIDATED SCHOOLS,3502400,87
NEW MEXICO,SILVER CONSOLIDATED SCHOOLS,3502430,401
NEW MEXICO,SOCORRO CONSOLIDATED SCHOOLS,3502460,279
NEW MEXICO,SPRINGER MUNICIPAL SCHOOLS,3502490,18
NEW MEXICO,TAOS MUNICIPAL SCHOOLS,3502520,446
NEW MEXICO,TATUM MUNICIPAL SCHOOLS,3502550,56
NEW MEXICO,TEXICO MUNICIPAL SCHOOLS,3502580,69
NEW MEXICO,T OR C MUNICIPAL SCHOOLS,3502610,222
NEW MEXICO,TUCUMCARI PUBLIC SCHOOLS,3502640,161
NEW MEXICO,TULAROSA MUNICIPAL SCHOOLS,3502670,145
NEW MEXICO,WAGON MOUND PUBLIC SCHOOLS,3502730,7
NEW MEXICO,ZUNI PUBLIC SCHOOLS,3502800,124
NEW YORK,DOLGEVILLE CENTRAL SCHOOL DISTRICT,3600001,126
NEW YORK,SAUQUOIT VALLEY CENTRAL SCHOOL DISTRICT,3600002,171
NEW YORK,EDWARDS-KNOX CENTRAL SCHOOL DISTRICT,3600003,112
NEW YORK,ROTTERDAM-MOHONASEN CENTRAL SCHOOL DISTRICT,3600004,457
NEW YORK,BROADALBIN-PERTH CENTRAL SCHOOL DISTRICT,3600005,220
NEW YORK,CHERRY VALLEY-SPRINGFIELD CENTRAL SCHOOL DISTRICT,3600006,94
NEW YORK,JASPER-TROUPSBURG CENTRAL SCHOOL DISTRICT,3600007,93
NEW YORK,SOUTH COUNTRY CENTRAL SCHOOL DISTRICT,3600008,720
NEW YORK,SARANAC CENTRAL SCHOOL DISTRICT,3600009,243
NEW YORK,COBLESKILL-RICHMONDVILLE CENTRAL SCHOOL DISTRICT,3600010,181
NEW YORK,WAYLAND-COHOCTON CENTRAL SCHOOL DISTRICT,3600011,188
NEW YORK,BOLIVAR-RICHBURG CENTRAL SCHOOL DISTRICT,3600012,124
NEW YORK,ONEIDA CITY SCHOOL DISTRICT,3600013,418
NEW YORK,WATERLOO CENTRAL SCHOOL DISTRICT,3600014,294
NEW YORK,ALLEGANY-LIMESTONE CENTRAL SCHOOL DISTRICT,3600015,166
NEW YORK,AVERILL PARK CENTRAL SCHOOL DISTRICT,3600016,526
NEW YORK,GENESEE VALLEY CENTRAL SCHOOL DISTRICT,3600017,91
NEW YORK,CHAUTAUQUA LAKE CENTRAL SCHOOL DISTRICT,3600018,105
NEW YORK,UNADILLA VALLEY CENTRAL SCHOOL DISTRICT,3600019,162
NEW YORK,CAMPBELL-SAVONA CENTRAL SCHOOL DISTRICT,3600020,161
NEW YORK,MATTITUCK-CUTCHOGUE UNION FREE SCHOOL DISTRICT,3600021,184
NEW YORK,SULLIVAN WEST CENTRAL SCHOOL DISTRICT,3600023,164
NEW YORK,CATTARAUGUS-LITTLE VALLEY CENTRAL SCHOOL DISTRICT,3600024,169
NEW YORK,CHARTER SCHOOL FOR APPLIED TECHNOLOGIES,3600025,NA
NEW YORK,EUGENIO MARIA DE HOSTOS CHARTER SCHOOL,3600026,NA
NEW YORK,GENESEE COMMUNITY CHARTER SCHOOL,3600029,NA
NEW YORK,ROOSEVELT CHILDREN'S ACADEMY CHARTER SCHOOL,3600030,NA
NEW YORK,BRIGHTER CHOICE CHARTER SCHOOL FOR BOYS,3600032,NA
NEW YORK,BRIGHTER CHOICE CHARTER SCHOOL FOR GIRLS,3600033,NA
NEW YORK,KING CENTER CHARTER SCHOOL,3600035,NA
NEW YORK,SOUTH BUFFALO CHARTER SCHOOL,3600036,NA
NEW YORK,TAPESTRY CHARTER SCHOOL,3600038,NA
NEW YORK,AMBER CHARTER SCHOOL EAST HARLEM,3600039,NA
NEW YORK,BRONX PREPARATORY CHARTER SCHOOL,3600042,NA
NEW YORK,BROOKLYN CHARTER SCHOOL (THE),3600045,NA
NEW YORK,COMMUNITY PARTNERSHIP CHARTER SCHOOL,3600046,NA
NEW YORK,HARBOR SCIENCE AND ARTS CHARTER SCHOOL,3600047,NA
NEW YORK,HARRIET TUBMAN CHARTER SCHOOL,3600048,NA
NEW YORK,ICAHN CHARTER SCHOOL 1,3600049,NA
NEW YORK,JOHN V LINDSAY WILDCAT ACADEMY CHARTER SCHOOL,3600053,NA
NEW YORK,KIPP ACADEMY CHARTER SCHOOL,3600054,NA
NEW YORK,MERRICK ACADEMY-QUEENS PUBLIC CHARTER SCHOOL,3600055,NA
NEW YORK,OUR WORLD NEIGHBORHOOD CHARTER SCHOOL,3600057,NA
NEW YORK,RENAISSANCE CHARTER SCHOOL,3600059,NA
NEW YORK,RIVERHEAD CHARTER SCHOOL,3600060,NA
NEW YORK,SISULU-WALKER CHARTER SCHOOL OF HARLEM,3600061,NA
NEW YORK,BRONX CHARTER SCHOOL FOR THE ARTS,3600063,NA
NEW YORK,FAMILY LIFE ACADEMY CHARTER SCHOOL,3600066,NA
NEW YORK,GLOBAL CONCEPTS CHARTER SCHOOL,3600067,NA
NEW YORK,HARLEM PREP CHARTER SCHOOL,3600068,NA
NEW YORK,SOUTHSIDE ACADEMY CHARTER SCHOOL,3600070,NA
NEW YORK,BUFFALO UNITED CHARTER SCHOOL,3600071,NA
NEW YORK,ENTERPRISE CHARTER SCHOOL,3600073,NA
NEW YORK,NEW YORK CITY GEOGRAPHIC DISTRICT # 1,3600076,2743
NEW YORK,NEW YORK CITY GEOGRAPHIC DISTRICT # 2,3600077,12402
NEW YORK,NEW YORK CITY GEOGRAPHIC DISTRICT # 3,3600078,5208
NEW YORK,NEW YORK CITY GEOGRAPHIC DISTRICT # 4,3600079,4163
NEW YORK,HARLEM VILLAGE ACADEMY WEST CHARTER SCHOOL,3600080,NA
NEW YORK,NEW YORK CITY GEOGRAPHIC DISTRICT # 5,3600081,5211
NEW YORK,KIPP STAR COLLEGE PREP CHARTER SCHOOL,3600082,NA
NEW YORK,NEW YORK CITY GEOGRAPHIC DISTRICT # 6,3600083,6181
NEW YORK,NEW YORK CITY GEOGRAPHIC DISTRICT # 7,3600084,6787
NEW YORK,NEW YORK CITY GEOGRAPHIC DISTRICT # 8,3600085,9630
NEW YORK,NEW YORK CITY GEOGRAPHIC DISTRICT # 9,3600086,11278
NEW YORK,NEW YORK CITY GEOGRAPHIC DISTRICT #10,3600087,14382
NEW YORK,NEW YORK CITY GEOGRAPHIC DISTRICT #11,3600088,11572
NEW YORK,BRONX CHARTER SCHOOL FOR BETTER LEARNING,3600089,NA
NEW YORK,NEW YORK CITY GEOGRAPHIC DISTRICT #12,3600090,7270
NEW YORK,NEW YORK CITY GEOGRAPHIC DISTRICT #13,3600091,3972
NEW YORK,NEW YORK CITY GEOGRAPHIC DISTRICT #15,3600092,8086
NEW YORK,NEW YORK CITY GEOGRAPHIC DISTRICT #16,3600094,2769
NEW YORK,NEW YORK CITY GEOGRAPHIC DISTRICT #17,3600095,7659
NEW YORK,NEW YORK CITY GEOGRAPHIC DISTRICT #18,3600096,4447
NEW YORK,NEW YORK CITY GEOGRAPHIC DISTRICT #32,3600097,3059
NEW YORK,NEW YORK CITY GEOGRAPHIC DISTRICT #24,3600098,12391
NEW YORK,NEW YORK CITY GEOGRAPHIC DISTRICT #26,3600099,5407
NEW YORK,NEW YORK CITY GEOGRAPHIC DISTRICT #28,3600100,8442
NEW YORK,NEW YORK CITY GEOGRAPHIC DISTRICT #29,3600101,6620
NEW YORK,NEW YORK CITY GEOGRAPHIC DISTRICT #30,3600102,7744
NEW YORK,NEW YORK CITY GEOGRAPHIC DISTRICT #31,3600103,19432
NEW YORK,SYRACUSE ACADEMY OF SCIENCE CHARTER SCHOOL,3600104,NA
NEW YORK,BUFFALO ACADEMY OF SCIENCE CHARTER SCHOOL,3600105,NA
NEW YORK,WESTERN NEW YORK MARITIME CHARTER SCHOOL,3600106,NA
NEW YORK,WESTMINSTER COMMUNITY CHARTER SCHOOL,3600107,NA
NEW YORK,HARLEM CHILDREN'S ZONE PROMISE ACADEMY CHARTER SCHOOL,3600108,NA
NEW YORK,OPPORTUNITY CHARTER SCHOOL,3600109,NA
NEW YORK,BRONX CHARTER SCHOOL FOR CHILDREN,3600110,NA
NEW YORK,BRONX LIGHTHOUSE CHARTER SCHOOL,3600111,NA
NEW YORK,GRAND CONCOURSE ACADEMY CHARTER SCHOOL,3600112,NA
NEW YORK,BRONX CHARTER SCHOOL FOR EXCELLENCE,3600113,NA
NEW YORK,EXCELLENCE BOYS CHARTER SCHOOL OF BEDFORD STUYVESANT,3600114,NA
NEW YORK,WILLIAMSBURG CHARTER HIGH SCHOOL,3600115,NA
NEW YORK,BROOKLYN EXCELSIOR CHARTER SCHOOL,3600116,NA
NEW YORK,PENINSULA PREPARATORY ACADEMY CHARTER SCHOOL,3600118,NA
NEW YORK,NEW YORK CITY GEOGRAPHIC DISTRICT #14,3600119,5363
NEW YORK,NEW YORK CITY GEOGRAPHIC DISTRICT #19,3600120,7615
NEW YORK,NEW YORK CITY GEOGRAPHIC DISTRICT #23,3600121,3721
NEW YORK,NEW YORK CITY GEOGRAPHIC DISTRICT #25,3600122,7161
NEW YORK,NEW YORK CITY GEOGRAPHIC DISTRICT #27,3600123,11643
NEW YORK,CANISTEO-GREENWOOD CSD,3600124,151
NEW YORK,EASTPORT-SOUTH MANOR CSD,3600125,571
NEW YORK,NEW YORK STATE DEPARTMENT OF CORRECTIONS,3600126,319
NEW YORK,NEW YORK STATE OFFICE MENTAL HEALTH (OMH),3600127,91
NEW YORK,KIPP TECH VALLEY CHARTER SCHOOL,3600128,NA
NEW YORK,NEW YORK STATE OFFICE OF CHILDREN AND FAMILY SERVICES (OCFS),3600131,130
NEW YORK,NEW YORK STATE SCHOOL FOR THE BLIND,3600133,48
NEW YORK,URBAN CHOICE CHARTER SCHOOL,3600134,NA
NEW YORK,NYC SPECIAL SCHOOLS - DISTRICT 75,3600135,NA
NEW YORK,GIRLS PREPARATORY CHARTER SCHOOL OF NEW YORK,3600136,NA
NEW YORK,MANHATTAN CHARTER SCHOOL,3600137,NA
NEW YORK,HARLEM LINK CHARTER SCHOOL,3600138,NA
NEW YORK,FUTURE LEADERS INSTITUTE CHARTER SCHOOL,3600139,NA
NEW YORK,HARLEM CHILDREN'S ZONE PROMISE ACADEMY II CHARTER SCHOOL,3600140,NA
NEW YORK,HARLEM VILLAGE ACADEMY EAST CHARTER SCHOOL,3600141,NA
NEW YORK,NYC AUTISM CHARTER SCHOOL EAST HARLEM,3600142,NA
NEW YORK,KIPP INFINITY CHARTER SCHOOL,3600143,NA
NEW YORK,SOUTH BRONX CHARTER SCHOOL,3600144,NA
NEW YORK,WILLIAMSBURG COLLEGIATE CHARTER SCHOOL,3600145,NA
NEW YORK,HELLENIC CLASSICAL CHARTER SCHOOL,3600146,NA
NEW YORK,ACHIEVEMENT FIRST CROWN HEIGHTS CHARTER SCHOOL,3600147,NA
NEW YORK,KIPP ALWAYS MENTALLY PREPARED CHARTER SCHOOL,3600148,NA
NEW YORK,ACHIEVEMENT FIRST EAST NEW YORK CHARTER SCHOOL,3600149,NA
NEW YORK,UFT CHARTER SCHOOL,3600150,NA
NEW YORK,NEW YORK CITY GEOGRAPHIC DISTRICT #20,3600151,14631
NEW YORK,NEW YORK CITY GEOGRAPHIC DISTRICT #21,3600152,11368
NEW YORK,NEW YORK CITY GEOGRAPHIC DISTRICT #22,3600153,11551
NEW YORK,NEW YORK STATE SCHOOL FOR THE DEAF,3600154,36
NEW YORK,CHARTER SCHOOL OF EDUCATIONAL EXCELLENCE,3600155,NA
NEW YORK,EXPLORE CHARTER SCHOOL,3600157,NA
NEW YORK,DEMOCRACY PREPARATORY CHARTER SCHOOL,3600158,NA
NEW YORK,COMMUNITY ROOTS CHARTER SCHOOL,3600159,NA
NEW YORK,ELMWOOD VILLAGE CHARTER SCHOOL DAYS PARK,3600160,NA
NEW YORK,SOUTH BRONX CLASSICAL CHARTER SCHOOL,3600161,NA
NEW YORK,ALBANY COMMUNITY CHARTER SCHOOL,3600162,NA
NEW YORK,INTERNATIONAL LEADERSHIP CHARTER  HIGH SCHOOL,3600163,NA
NEW YORK,NIAGARA CHARTER SCHOOL,3600164,NA
NEW YORK,HYDE LEADERSHIP CHARTER SCHOOL,3600165,NA
NEW YORK,ACHIEVEMENT FIRST-BUSHWICK CHARTER SCHOOL,3600166,NA
NEW YORK,NEW HEIGHTS ACADEMY CHARTER SCHOOL,3600167,NA
NEW YORK,SUCCESS ACADEMY CHARTER SCHOOL-HARLEM 1,3600169,NA
NEW YORK,ACHIEVEMENT FIRST ENDEAVOR CHARTER SCHOOL,3600170,NA
NEW YORK,LEADERSHIP PREPARATORY BEDFORD STUYVESANT CHARTER SCHOOL,3600172,NA
NEW YORK,TRUE NORTH ROCHESTER PREPARATORY CHARTER SCHOOL,3600173,NA
NEW YORK,ICAHN CHARTER SCHOOL 2,3600943,NA
NEW YORK,KINGS COLLEGIATE CHARTER SCHOOL,3600944,NA
NEW YORK,GREEN TECH HIGH CHARTER SCHOOL,3600945,NA
NEW YORK,HENRY JOHNSON CHARTER SCHOOL,3600946,NA
NEW YORK,NYS OFFICE FOR PEOPLE WITH DEVELOPMENTAL DISABILITIES,3600947,10
NEW YORK,NORTHSIDE CHARTER HIGH SCHOOL,3600948,NA
NEW YORK,PAVE ACADEMY CHARTER SCHOOL,3600949,NA
NEW YORK,ROCHESTER ACADEMY CHARTER SCHOOL,3600950,NA
NEW YORK,THE EQUITY PROJECT CHARTER SCHOOL,3600952,NA
NEW YORK,SUCCESS ACADEMY CHARTER SCHOOL-HARLEM 4,3600953,NA
NEW YORK,SUCCESS ACADEMY CHARTER SCHOOL-HARLEM 2,3600954,NA
NEW YORK,ICAHN CHARTER SCHOOL 3,3600955,NA
NEW YORK,BRONX ACADEMY OF PROMISE CHARTER SCHOOL,3600956,NA
NEW YORK,VOICE CHARTER SCHOOL OF NEW YORK,3600957,NA
NEW YORK,ST. HOPE LEADERSHIP ACADEMY CHARTER SCHOOL,3600958,NA
NEW YORK,NYC CHARTER HS - AECI,3600959,NA
NEW YORK,MOTT HAVEN ACADEMY CHARTER SCHOOL,3600960,NA
NEW YORK,LA CIMA CHARTER SCHOOL,3600961,NA
NEW YORK,SUCCESS ACADEMY CHARTER SCHOOL-HARLEM 3,3600962,NA
NEW YORK,UNIVERSITY PREP CHARTER HIGH SCHOOL,3600963,NA
NEW YORK,DREAM CHARTER SCHOOL,3600964,NA
NEW YORK,BEDFORD STUYVESANT COLLEGIATE CHARTER SCHOOL,3600965,NA
NEW YORK,BROOKLYN ASCEND CHARTER SCHOOL,3600966,NA
NEW YORK,BGLIG-SHIRLEY RODRIGUEZ-REMENESKI CS,3600967,NA
NEW YORK,BRONX COMMUNITY CHARTER SCHOOL,3600968,NA
NEW YORK,ACHIEVEMENT FIRST BROWNSVILLE CHARTER SCHOOL,3600969,NA
NEW YORK,BROWNSVILLE COLLEGIATE  CHARTER SCHOOL,3600984,NA
NEW YORK,GIRLS PREPARATORY CHARTER SCHOOL OF THE BRONX,3600986,NA
NEW YORK,GROWING UP GREEN CHARTER SCHOOL,3600987,NA
NEW YORK,EVERGREEN CHARTER SCHOOL,3600988,NA
NEW YORK,BROOKLYN SCHOLARS CHARTER SCHOOL,3600989,NA
NEW YORK,NEW ROOTS CHARTER SCHOOL,3600990,NA
NEW YORK,BROOKLYN PROSPECT CHARTER SCHOOL-CSD 15,3600991,NA
NEW YORK,TRUE NORTH TROY PREPARATORY CHARTER SCHOOL,3600992,NA
NEW YORK,LEADERSHIP PREPARATORY OCEAN HILL CHARTER SCHOOL,3600993,NA
NEW YORK,EXPLORE EMPOWER CHARTER SCHOOL,3600994,NA
NEW YORK,ICAHN CHARTER SCHOOL 4,3600995,NA
NEW YORK,JOHN W LAVELLE PREPARATORY CHARTER SCHOOL,3600996,NA
NEW YORK,ACADEMY CHARTER SCHOOL,3600997,NA
NEW YORK,SUMMIT ACADEMY CHARTER SCHOOL,3600998,NA
NEW YORK,EXCELLENCE GIRLS CHARTER SCHOOL,3601000,NA
NEW YORK,ACADEMIC LEADERSHIP CHARTER SCHOOL,3601001,NA
NEW YORK,BROWNSVILLE ASCEND CHARTER SCHOOL,3601002,NA
NEW YORK,HEBREW LANGUAGE ACADEMY CHARTER SCHOOL,3601003,NA
NEW YORK,CONEY ISLAND PREPARATORY PUBLIC CHARTER SCHOOL,3601004,NA
NEW YORK,EQUALITY CHARTER SCHOOL,3601005,NA
NEW YORK,ALBANY LEADERSHIP CHARTER HIGH SCHOOL FOR GIRLS,3601006,NA
NEW YORK,UNIVERSITY PREPARATORY CHARTER SCHOOL FOR YOUNG MEN,3601008,NA
NEW YORK,SUCCESS ACADEMY CHARTER SCHOOL-HARLEM 5,3601009,NA
NEW YORK,DEMOCRACY PREP HARLEM CHARTER SCHOOL,3601010,NA
NEW YORK,SUCCESS ACADEMY CHARTER SCHOOL-BRONX 1,3601011,NA
NEW YORK,SUCCESS ACADEMY CHARTER SCHOOL-BRONX 2,3601012,NA
NEW YORK,CULTURAL ARTS ACADEMY CHARTER SCHOOL AT SPRING CREEK,3601014,NA
NEW YORK,BROOKLYN DREAMS CHARTER SCHOOL,3601015,NA
NEW YORK,LEADERSHIP PREPARATORY BROWNSVILLE CHARTER SCHOOL,3601016,NA
NEW YORK,BUSHWICK ASCEND CHARTER SCHOOL,3601017,NA
NEW YORK,CHALLENGE PREPARATORY CHARTER SCHOOL,3601018,NA
NEW YORK,NEW WORLD PREPARATORY CHARTER SCHOOL,3601019,NA
NEW YORK,HEALTH SCIENCES CHARTER SCHOOL,3601022,NA
NEW YORK,NEW YORK FRENCH-AMERICAN CHARTER SCHOOL,3601023,NA
NEW YORK,INWOOD ACADEMY FOR LEADERSHIP CHARTER SCHOOL,3601024,NA
NEW YORK,METROPOLITAN LIGHTHOUSE CHARTER SCHOOL,3601025,NA
NEW YORK,DR RICHARD IZQUIERDO HEALTH AND SCIENCE CHARTER SCHOOL,3601027,NA
NEW YORK,ACHIEVEMENT FIRST APOLLO CHARTER SCHOOL,3601028,NA
NEW YORK,BEDFORD STUYVESANT NEW BEGINNINGS CHARTER SCHOOL,3601029,NA
NEW YORK,HYDE LEADERSHIP CHARTER SCHOOL - BROOKLYN,3601030,NA
NEW YORK,IMAGINE ME LEADERSHIP CHARTER SCHOOL,3601031,NA
NEW YORK,OCEAN HILL COLLEGIATE CHARTER SCHOOL,3601032,NA
NEW YORK,BROOKLYN EAST COLLEGIATE CHARTER SCHOOL,3601033,NA
NEW YORK,ROCHDALE EARLY ADVANTAGE CHARTER SCHOOL,3601034,NA
NEW YORK,RIVERTON STREET CHARTER SCHOOL,3601035,NA
NEW YORK,RENAISSANCE CHARTER HIGH SCHOOL FOR INNOVATION,3601036,NA
NEW YORK,SUCCESS ACADEMY CHARTER SCHOOL-UPPER WEST,3601039,NA
NEW YORK,TRUE NORTH ROCHESTER  PREP-WEST CAMP,3601040,NA
NEW YORK,NEW VISIONS CHARTER HIGH SCHOOL FOR THE HUMANITIES,3601041,NA
NEW YORK,EAST HARLEM SCHOLARS ACADEMY CHARTER SCHOOL,3601042,NA
NEW YORK,BROOME STREET ACADEMY CHARTER HIGH SCHOOL,3601043,NA
NEW YORK,NEW YORK CITY MONTESSORI CHARTER SCHOOL,3601044,NA
NEW YORK,DISCOVERY CHARTER SCHOOL,3601046,NA
NEW YORK,NEW VISIONS CHARTER HS-ADV MATH/SCIE,3601047,NA
NEW YORK,EMBER CHARTER SCHOOL,3601048,NA
NEW YORK,ICAHN CHARTER SCHOOL 5,3601049,NA
NEW YORK,AMANI PUBLIC CHARTER SCHOOL,3601051,NA
NEW YORK,EXPLORE EXCEL CHARTER SCHOOL,3601052,NA
NEW YORK,ACADEMY OF THE CITY CHARTER SCHOOL,3601053,NA
NEW YORK,SUCCESS ACADEMY CHARTER SCHOOL - BED STUY 1,3601054,NA
NEW YORK,WEST BUFFALO CHARTER SCHOOL,3601055,NA
NEW YORK,CENTRAL QUEENS ACADEMY CHARTER SCHOOL,3601056,NA
NEW YORK,NEW VISIONS AIM CHARTER HIGH SCHOOL I,3601057,NA
NEW YORK,EXPLORE EXCEED CHARTER SCHOOL,3601058,NA
NEW YORK,LAUNCH EXPEDITIONARY LEARNING CHARTER SCHOOL,3601059,NA
NEW YORK,SUCCESS ACADEMY CHARTER SCHOOL-COBBLE HILL,3601060,NA
NEW YORK,NEW DAWN CHARTER HIGH SCHOOL,3601061,NA
NEW YORK,SUCCESS ACADEMY CHARTER SCHOOL-WILLIAMSBURG,3601062,NA
NEW YORK,SUCCESS ACADEMY CHARTER SCHOOL-BED STUY 2,3601063,NA
NEW YORK,BEGINNING WITH CHILDREN CHARTER SCHOOL II,3601064,NA
NEW YORK,URBAN DOVE TEAM CHARTER SCHOOL,3601065,NA
NEW YORK,CHILDREN'S AID COLLEGE PREPARATORY CHARTER SCHOOL,3601066,NA
NEW YORK,NEW VISIONS AIM CHARTER HIGH SCHOOL II,3601067,NA
NEW YORK,ICAHN CHARTER SCHOOL 6,3601069,NA
NEW YORK,FAMILY LIFE ACADEMY CHARTER SCHOOL II,3601070,NA
NEW YORK,MOTT HALL CHARTER SCHOOL,3601071,NA
NEW YORK,NEW VISIONS CHTR HS-ADV MA/SCI II,3601072,NA
NEW YORK,NEW VISIONS CHARTER HIGH SCHOOL FOR THE HUMANITIES II,3601073,NA
NEW YORK,HEKETI COMMUNITY CHARTER SCHOOL,3601074,NA
NEW YORK,KIPP NYC WASHINGTON HEIGHTS ACADEMY CHARTER SCHOOL,3601075,NA
NEW YORK,GLOBAL COMMUNITY CHARTER SCHOOL,3601076,NA
NEW YORK,NEIGHBORHOOD CHARTER SCHOOL OF HARLEM,3601077,NA
NEW YORK,DEMOCRACY PREP ENDURANCE CHARTER SCHOOL,3601078,NA
NEW YORK,MANHATTAN CHARTER SCHOOL II,3601079,NA
NEW YORK,YOUNG WOMEN'S COLLEGE PREP CHARTER,3601080,NA
NEW YORK,MIDDLE VILLAGE PREPARATORY CHARTER SCHOOL,3601082,NA
NEW YORK,SUCCESS ACADEMY CHARTER SCHOOL-UNION SQUARE,3601083,NA
NEW YORK,UTICA ACADEMY OF SCIENCE CHARTER SCHOOL,3601084,NA
NEW YORK,GREAT OAKS CHARTER SCHOOL,3601085,NA
NEW YORK,SUCCESS ACADEMY CHARTER SCHOOL-FORT GREENE,3601086,NA
NEW YORK,CENTRAL VALLEY CSD AT ILION-MOHAWK,3601087,428
NEW YORK,NEW VISIONS CHTR HS-ADV MA/SCI III,3601088,NA
NEW YORK,SUCCESS ACADEMY CHARTER SCHOOL-PROSPECT HEIGHTS,3601089,NA
NEW YORK,EAST HARLEM SCHOLARS ACADEMY CHARTER SCHOOL II,3601090,NA
NEW YORK,ICAHN CHARTER SCHOOL 7,3601091,NA
NEW YORK,NEW AMERICAN ACADEMY CHARTER SCHOOL (THE),3601092,NA
NEW YORK,MATH ENGINEERING AND SCIENCE ACADEMY CHARTER HIGH SCHOOL,3601093,NA
NEW YORK,UNITY PREPARATORY CHARTER SCHOOL OF BROOKLYN,3601094,NA
NEW YORK,SUCCESS ACADEMY CHARTER SCHOOL-CROWN HEIGHTS,3601095,NA
NEW YORK,SUCCESS ACADEMY CHARTER SCHOOL-BRONX 3,3601096,NA
NEW YORK,HARLEM HEBREW LANGUAGE ACADEMY CHARTER SCHOOL,3601097,NA
NEW YORK,SUCCESS ACADEMY CHARTER SCHOOL-HELL'S KITCHEN,3601099,NA
NEW YORK,BROOKLYN URBAN GARDEN CHARTER SCHOOL,3601100,NA
NEW YORK,CANARSIE ASCEND CHARTER SCHOOL,3601102,NA
NEW YORK,NEW VISIONS CHARTER HIGH SCHOOL FOR THE HUMANITIES III,3601103,NA
NEW YORK,SOUTH BRONX CLASSICAL CHARTER SCHOOL II,3601105,NA
NEW YORK,LEADERSHIP PREPARATORY CANARSIE CHARTER SCHOOL,3601106,NA
NEW YORK,OPPENHEIM-EPHRATAH-ST. JOHNSVILLE CSD,3601107,141
NEW YORK,BRILLA COLLEGE PREPARATORY CHARTER SCHOOL,3601108,NA
NEW YORK,ACHIEVEMENT FIRST ASPIRE CHARTER SCHOOL,3601109,NA
NEW YORK,SUCCESS ACADEMY CHARTER SCHOOL - WASHINGTON HEIGHTS,3601110,NA
NEW YORK,BROOKLYN LABORATORY CHARTER SCHOOL,3601111,NA
NEW YORK,ACHIEVEMENT FIRST LINDEN CHARTER SCHOOL,3601112,NA
NEW YORK,RENAISSANCE ACADEMY CHARTER SCHOOL OF THE ARTS,3601113,NA
NEW YORK,CENTRAL BROOKLYN ASCEND CHARTER SCHOOL,3601114,NA
NEW YORK,BOYS PREPARATORY CHARTER SCHOOL OF NEW YORK,3601115,NA
NEW YORK,SUCCESS ACADEMY CHARTER SCHOOL - ROSEDALE,3601116,NA
NEW YORK,VERTUS CHARTER SCHOOL,3601117,NA
NEW YORK,SUCCESS ACADEMY CHARTER SCHOOL - SPRINGFIELD GARDENS,3601118,NA
NEW YORK,AMERICAN DREAM CHARTER SCHOOL,3601119,NA
NEW YORK,SUCCESS ACADEMY CHARTER SCHOOL - BRONX 4,3601120,NA
NEW YORK,COMPASS CHARTER SCHOOL,3601121,NA
NEW YORK,SUCCESS ACADEMY CHARTER SCHOOL - BENSONHURST,3601122,NA
NEW YORK,SUCCESS ACADEMY CS - BERGEN BEACH,3601123,NA
NEW YORK,ACHIEVEMENT FIRST NORTH BROOKLYN PREPARATORY CHARTER SCHOOL,3601124,NA
NEW YORK,FAMILY LIFE ACADEMY CHARTER SCHOOL III,3601125,NA
NEW YORK,BRONX CHARTER SCHOOL FOR BETTER LEARNING II,3601127,NA
NEW YORK,FINN ACADEMY: AN ELMIRA CHARTER SCHOOL,3601128,NA
NEW YORK,ROSALYN YALOW CHARTER SCHOOL,3601129,NA
NEW YORK,NEW VENTURES CHARTER SCHOOL,3601130,NA
NEW YORK,SOUTH BRONX EARLY COLLEGE ACADEMY CHARTER SCHOOL,3601131,NA
NEW YORK,SOUTH BRONX CLASSICAL CHARTER SCHOOL III,3601132,NA
NEW YORK,CHARTER HIGH SCHOOL FOR LAW AND SOCIAL JUSTICE,3601133,NA
NEW YORK,INTERNATIONAL CHARTER SCHOOL OF NEW YORK (THE),3601134,NA
NEW YORK,CHARTER SCHOOL OF INQUIRY,3601135,NA
NEW YORK,NEW VISIONS CHTR HS-ADV MA/SCI IV,3601136,NA
NEW YORK,STOREFRONT ACADEMY CHARTER SCHOOL,3601137,NA
NEW YORK,ATMOSPHERE ACADEMY PUBLIC CHARTER SCHOOL,3601138,NA
NEW YORK,SCHOOL IN THE SQUARE PUBLIC CHARTER SCHOOL,3601139,NA
NEW YORK,SUCCESS ACADEMY CHARTER SCHOOL-BED STUY 3,3601140,NA
NEW YORK,SUCCESS ACADEMY CHARTER SCHOOL-SOUTH JAMAICA,3601141,NA
NEW YORK,BRONX CHARTER SCHOOL FOR EXCELLENCE 2,3601142,NA
NEW YORK,ACHIEVEMENT FIRST VOYAGER CHARTER SCHOOL,3601143,NA
NEW YORK,CAPITAL PREPARATORY (CP) HARLEM CHARTER SCHOOL,3601144,NA
NEW YORK,COLLEGIATE ACADEMY-MATH-PERSONAL AWA,3601145,NA
NEW YORK,SUCCESS ACADEMY CHARTER SCHOOL-BUSHWICK,3601146,NA
NEW YORK,SOUTH BRONX COMMUNITY CHARTER HIGH SCHOOL,3601147,NA
NEW YORK,SUCCESS ACADEMY CHARTER SCHOOL-FLATBUSH,3601148,NA
NEW YORK,AMBER CHARTER SCHOOL KINGSBRIDGE,3601149,NA
NEW YORK,BROOKLYN PROSPECT CHARTER SCHOOL-CSD 13,3601150,NA
NEW YORK,SUCCESS ACADEMY CHARTER SCHOOL-FAR ROCKAWAY,3601151,NA
NEW YORK,GROWING UP GREEN CHARTER SCHOOL II,3601152,NA
NEW YORK,ROCHESTER PREP CHARTER SCHOOL 3,3601153,NA
NEW YORK,NEW YORK CITY CHARTER SCHOOL OF THE ARTS,3601154,NA
NEW YORK,WHIN MUSIC COMMUNITY CHARTER SCHOOL,3601155,NA
NEW YORK,SOUTH BRONX CLASSICAL CHARTER SCHOOL IV,3601156,NA
NEW YORK,BRONX CHARTER SCHOOL FOR EXCELLENCE 3,3601157,NA
NEW YORK,LEGACY COLLEGE PREPARATORY CHARTER SCHOOL,3601158,NA
NEW YORK,SUCCESS ACADEMY CHARTER SCHOOL-HARLEM 6,3601159,NA
NEW YORK,BROOKLYN EMERGING LEADERS ACADEMY CHARTER SCHOOL,3601160,NA
NEW YORK,NYC AUTISM CHARTER SCHOOL BRONX,3601161,NA
NEW YORK,NEW VISIONS CHARTER HIGH SCHOOL FOR THE HUMANITIES IV,3601162,NA
NEW YORK,ELMWOOD VILLAGE CHARTER SCHOOL HERTEL,3601163,NA
NEW YORK,FORTE PREPARATORY ACADEMY CHARTER SCHOOL,3601164,NA
NEW YORK,BRILLA VERITAS CHARTER SCHOOL,3601165,NA
NEW YORK,HEBREW LANGUAGE ACADEMY CHARTER SCHOOL 2,3601166,NA
NEW YORK,SUCCESS ACADEMY CHARTER SCHOOL-HUDSON YARDS,3601167,NA
NEW YORK,EXPLORATION ELE CS - SCIENCE-TECHNOL,3601168,NA
NEW YORK,ACADEMY CHARTER SCHOOL-UNIONDALE,3601169,NA
NEW YORK,BUFFALO COLLEGIATE CHARTER SCHOOL,3601170,NA
NEW YORK,ZETA CHARTER SCHOOL - INWOOD 1,3601171,NA
NEW YORK,PERSISTENCE PREPARATORY ACADEMY CHARTER SCHOOL,3601172,NA
NEW YORK,REACH ACADEMY CHARTER SCHOOL,3601173,NA
NEW YORK,ONTECH CHARTER HIGH SCHOOL,3601174,NA
NEW YORK,CYPRESS HILLS ASCEND CHARTER SCHOOL,3601175,NA
NEW YORK,KIPP FREEDOM CHARTER SCHOOL,3601176,NA
NEW YORK,ZETA CHARTER SCHOOL - BRONX 1,3601177,NA
NEW YORK,ELM COMMUNITY CHARTER SCHOOL,3601178,NA
NEW YORK,LOIS AND RICHARD NICOTRA EARLY COLLEGE CHARTER SCHOOL,3601179,NA
NEW YORK,BRONX CHARTER SCHOOL FOR EXCELLENCE 4,3601180,NA
NEW YORK,SYRACUSE ACADEMY OF SCIENCE AND CITIZENSHIP CHARTER SCHOOL,3601181,NA
NEW YORK,URBAN ASSEMBLY CHARTER SCHOOL FOR COMPUTER SCIENCE,3601182,NA
NEW YORK,OUR WORLD NEIGHBORHOOD CHARTER SCHOOL 2,3601183,NA
NEW YORK,EMBLAZE ACADEMY CHARTER SCHOOL,3601184,NA
NEW YORK,KEY COLLEGIATE CHARTER SCHOOL,3601185,NA
NEW YORK,EDMUND W GORDON BROOKLYN LABORATORY CHARTER SCHOOL,3601186,NA
NEW YORK,URBAN DOVE TEAM CHARTER SCHOOL II,3601187,NA
NEW YORK,TRUXTON ACADEMY CHARTER SCHOOL,3601188,NA
NEW YORK,BOQUET VALLEY CSD,3601189,81
NEW YORK,ACADEMY OF HEALTH SCIENCES CHARTER SCHOOL,3601190,NA
NEW YORK,HARLEM VILLAGE ACADEMY WEST 2 CHARTER SCHOOL,3601191,NA
NEW YORK,STOREFRONT ACADEMY HARLEM CHARTER SCHOOL,3601192,NA
NEW YORK,NEIGHBORHOOD CHARTER SCHOOL - BRONX,3601193,NA
NEW YORK,CREO COLLEGE PREPARATORY CHARTER SCHOOL,3601194,NA
NEW YORK,AECI II:  NYC CHARTER HS-COMP ENGIN,3601195,NA
NEW YORK,DREAM CHARTER SCHOOL MOTT HAVEN,3601196,NA
NEW YORK,UNIVERSITY PREP CHARTER MIDDLE SCHOOL,3601197,NA
NEW YORK,BOLD CHARTER SCHOOL,3601198,NA
NEW YORK,BRONX ARTS AND SCIENCE CHARTER SCHOOL,3601199,NA
NEW YORK,BRONX CHARTER SCHOOL FOR EXCELLENCE 5,3601200,NA
NEW YORK,CARDINAL MCCLOSKEY COMMUNITY CHARTER SCHOOL,3601201,NA
NEW YORK,KIPP BRONX CHARTER SCHOOL II,3601202,NA
NEW YORK,KIPP BRONX CHARTER SCHOOL III,3601203,NA
NEW YORK,BROOKLYN RISE CHARTER SCHOOL,3601204,NA
NEW YORK,LEEP DUAL LANGUAGE ACADEMY CHARTER SCHOOL,3601205,NA
NEW YORK,BROOKLYN PROSPECT CHARTER SCHOOL - CSD 15.2,3601206,NA
NEW YORK,LEFFERTS GARDENS ASCEND CHARTER SCHOOL (LGACS),3601207,NA
NEW YORK,EAST FLATBUSH ASCEND CHARTER SCHOOL (EFACS),3601208,NA
NEW YORK,IVY HILL PREPARATORY CHARTER SCHOOL,3601209,NA
NEW YORK,EAST BROOKLYN ASCEND CHARTER SCHOOL (EBACS),3601210,NA
NEW YORK,NEW DAWN CHARTER HIGH SCHOOL II,3601211,NA
NEW YORK,VALENCE COLLEGE PREPARATORY CHARTER SCHOOL,3601212,NA
NEW YORK,BRIDGE PREPARATORY CHARTER SCHOOL,3601213,NA
NEW YORK,HELLENIC CLASSICAL CHARTER SCHOOL - STATEN ISLAND,3601214,NA
NEW YORK,GLENS FALLS COMMON SCHOOL DISTRICT,3602310,45
NEW YORK,SOUTH JEFFERSON CENTRAL SCHOOL DISTRICT,3602340,336
NEW YORK,ADDISON CENTRAL SCHOOL DISTRICT,3602370,180
NEW YORK,AFTON CENTRAL SCHOOL DISTRICT,3602400,89
NEW YORK,AKRON CENTRAL SCHOOL DISTRICT,3602430,209
NEW YORK,ALBANY CITY SCHOOL DISTRICT,3602460,1689
NEW YORK,ALBION CENTRAL SCHOOL DISTRICT,3602520,253
NEW YORK,ALDEN CENTRAL SCHOOL DISTRICT,3602550,216
NEW YORK,ALEXANDER CENTRAL SCHOOL DISTRICT,3602580,112
NEW YORK,ALEXANDRIA CENTRAL SCHOOL DISTRICT,3602670,97
NEW YORK,ALFRED-ALMOND CENTRAL SCHOOL DISTRICT,3602700,76
NEW YORK,WINDSOR CENTRAL SCHOOL DISTRICT,3602730,241
NEW YORK,ALTMAR-PARISH-WILLIAMSTOWN CENTRAL SCHOOL DISTRICT,3602820,256
NEW YORK,AMAGANSETT UNION FREE SCHOOL DISTRICT,3602880,NA
NEW YORK,AMHERST CENTRAL SCHOOL DISTRICT,3602920,477
NEW YORK,AMITYVILLE UNION FREE SCHOOL DISTRICT,3602940,529
NEW YORK,AMSTERDAM CITY SCHOOL DISTRICT,3602970,679
NEW YORK,ANDES CENTRAL SCHOOL DISTRICT,3603000,20
NEW YORK,ANDOVER CENTRAL SCHOOL DISTRICT,3603030,54
NEW YORK,SCHENEVUS CENTRAL SCHOOL DISTRICT,3603060,69
NEW YORK,ARDSLEY UNION FREE SCHOOL DISTRICT,3603180,295
NEW YORK,ARGYLE CENTRAL SCHOOL DISTRICT,3603210,76
NEW YORK,ARKPORT CENTRAL SCHOOL DISTRICT,3603240,63
NEW YORK,ARLINGTON CENTRAL SCHOOL DISTRICT,3603270,1599
NEW YORK,ATTICA CENTRAL SCHOOL DISTRICT,3603420,203
NEW YORK,AUBURN CITY SCHOOL DISTRICT,3603480,753
NEW YORK,AVOCA CENTRAL SCHOOL DISTRICT,3603630,74
NEW YORK,AVON CENTRAL SCHOOL DISTRICT,3603660,96
NEW YORK,BABYLON UNION FREE SCHOOL DISTRICT,3603720,264
NEW YORK,BAINBRIDGE-GUILFORD CENTRAL SCHOOL DISTRICT,3603810,113
NEW YORK,BALDWIN UNION FREE SCHOOL DISTRICT,3603840,888
NEW YORK,BALDWINSVILLE CENTRAL SCHOOL DISTRICT,3603870,942
NEW YORK,BALLSTON SPA CENTRAL SCHOOL DISTRICT,3603930,820
NEW YORK,BARKER CENTRAL SCHOOL DISTRICT,3603960,117
NEW YORK,BATAVIA CITY SCHOOL DISTRICT,3603990,317
NEW YORK,BATH CENTRAL SCHOOL DISTRICT,3604050,210
NEW YORK,BAY SHORE UNION FREE SCHOOL DISTRICT,3604080,1065
NEW YORK,BAYPORT-BLUE POINT UNION FREE SCHOOL DISTRICT,3604110,380
NEW YORK,BEACON CITY SCHOOL DISTRICT,3604140,592
NEW YORK,BEAVER RIVER CENTRAL SCHOOL DISTRICT,3604200,172
NEW YORK,BEEKMANTOWN CENTRAL SCHOOL DISTRICT,3604290,390
NEW YORK,BELFAST CENTRAL SCHOOL DISTRICT,3604350,77
NEW YORK,BELLEVILLE-HENDERSON CENTRAL SCHOOL DISTRICT,3604370,90
NEW YORK,BELLMORE UNION FREE SCHOOL DISTRICT,3604410,200
NEW YORK,BEMUS POINT CENTRAL SCHOOL DISTRICT,3604530,85
NEW YORK,BERKSHIRE UNION FREE SCHOOL DISTRICT,3604590,17
NEW YORK,BERLIN CENTRAL SCHOOL DISTRICT,3604620,125
NEW YORK,BERNE-KNOX-WESTERLO CENTRAL SCHOOL DISTRICT,3604650,120
NEW YORK,BETHLEHEM CENTRAL SCHOOL DISTRICT,3604710,665
NEW YORK,BETHPAGE UNION FREE SCHOOL DISTRICT,3604740,388
NEW YORK,GILBERTSVILLE-MOUNT UPTON CENTRAL SCHOOL DISTRICT,3604757,72
NEW YORK,KIRYAS JOEL VILLAGE UNION FREE SCHOOL DISTRICT,3604758,130
NEW YORK,BINGHAMTON CITY SCHOOL DISTRICT,3604870,1139
NEW YORK,EAST BLOOMFIELD CENTRAL SCHOOL DISTRICT,3604920,134
NEW YORK,BOLTON CENTRAL SCHOOL DISTRICT,3605010,20
NEW YORK,ADIRONDACK CENTRAL SCHOOL DISTRICT,3605040,185
NEW YORK,BRADFORD CENTRAL SCHOOL DISTRICT,3605220,64
NEW YORK,BRENTWOOD UNION FREE SCHOOL DISTRICT,3605280,3116
NEW YORK,BREWSTER CENTRAL SCHOOL DISTRICT,3605310,498
NEW YORK,BRIARCLIFF MANOR UNION FREE SCHOOL DISTRICT,3605340,123
NEW YORK,BRIDGEHAMPTON UNION FREE SCHOOL DISTRICT,3605370,39
NEW YORK,BRIGHTON CENTRAL SCHOOL DISTRICT,3605460,614
NEW YORK,BRUNSWICK CENTRAL SCHOOL DISTRICT (BRITTONKILL),3605520,167
NEW YORK,BROCKPORT CENTRAL SCHOOL DISTRICT,3605580,583
NEW YORK,BROCTON CENTRAL SCHOOL DISTRICT,3605610,130
NEW YORK,BRONXVILLE UNION FREE SCHOOL DISTRICT,3605640,144
NEW YORK,BROOKFIELD CENTRAL SCHOOL DISTRICT,3605670,48
NEW YORK,BRUSHTON-MOIRA CENTRAL SCHOOL DISTRICT,3605820,159
NEW YORK,BUFFALO CITY SCHOOL DISTRICT,3605850,9411
NEW YORK,BURNT HILLS-BALLSTON LAKE CENTRAL SCHOOL DISTRICT,3605940,527
NEW YORK,BYRAM HILLS CENTRAL SCHOOL DISTRICT,3606060,378
NEW YORK,BYRON-BERGEN CENTRAL SCHOOL DISTRICT,3606090,102
NEW YORK,CAIRO-DURHAM CENTRAL SCHOOL DISTRICT,3606160,265
NEW YORK,CALEDONIA-MUMFORD CENTRAL SCHOOL DISTRICT,3606180,117
NEW YORK,CAMBRIDGE CENTRAL SCHOOL DISTRICT,3606210,150
NEW YORK,CAMDEN CENTRAL SCHOOL DISTRICT,3606240,342
NEW YORK,CANAJOHARIE CENTRAL SCHOOL DISTRICT,3606300,105
NEW YORK,CANANDAIGUA CITY SCHOOL DISTRICT,3606330,637
NEW YORK,CANASERAGA CENTRAL SCHOOL DISTRICT,3606360,43
NEW YORK,CANASTOTA CENTRAL SCHOOL DISTRICT,3606390,244
NEW YORK,CANDOR CENTRAL SCHOOL DISTRICT,3606420,135
NEW YORK,CANTON CENTRAL SCHOOL DISTRICT,3606470,215
NEW YORK,SPACKENKILL UNION FREE SCHOOL DISTRICT,3606500,234
NEW YORK,CARLE PLACE UNION FREE SCHOOL DISTRICT,3606540,226
NEW YORK,CARMEL CENTRAL SCHOOL DISTRICT,3606570,689
NEW YORK,CARTHAGE CENTRAL SCHOOL DISTRICT,3606630,581
NEW YORK,CASSADAGA VALLEY CENTRAL SCHOOL DISTRICT,3606660,150
NEW YORK,CATO-MERIDIAN CENTRAL SCHOOL DISTRICT,3606690,121
NEW YORK,CATSKILL CENTRAL SCHOOL DISTRICT,3606720,256
NEW YORK,CAZENOVIA CENTRAL SCHOOL DISTRICT,3606780,155
NEW YORK,CENTER MORICHES UNION FREE SCHOOL DISTRICT,3606840,330
NEW YORK,CENTRAL ISLIP UNION FREE SCHOOL DISTRICT,3606870,1091
NEW YORK,CENTRAL SQUARE CENTRAL SCHOOL DISTRICT,3606900,588
NEW YORK,CHAPPAQUA CENTRAL SCHOOL DISTRICT,3606990,392
NEW YORK,GRAND ISLAND CENTRAL SCHOOL DISTRICT,3607020,419
NEW YORK,CHARLOTTE VALLEY CENTRAL SCHOOL DISTRICT,3607050,74
NEW YORK,CHATEAUGAY CENTRAL SCHOOL DISTRICT,3607080,90
NEW YORK,CHATHAM CENTRAL SCHOOL DISTRICT,3607110,194
NEW YORK,CHAZY UNION FREE SCHOOL DISTRICT,3607170,75
NEW YORK,CHEEKTOWAGA CENTRAL SCHOOL DISTRICT,3607230,395
NEW YORK,CHENANGO FORKS CENTRAL SCHOOL DISTRICT,3607260,211
NEW YORK,CHENANGO VALLEY CENTRAL SCHOOL DISTRICT,3607290,305
NEW YORK,WESTHILL CENTRAL SCHOOL DISTRICT,3607320,242
NEW YORK,CHESTER UNION FREE SCHOOL DISTRICT,3607380,248
NEW YORK,RANDOLPH ACADEMY UNION FREE SCHOOL DISTRICT,3607440,11
NEW YORK,CHITTENANGO CENTRAL SCHOOL DISTRICT,3607470,317
NEW YORK,CHURCHVILLE-CHILI CENTRAL SCHOOL DISTRICT,3607530,510
NEW YORK,CINCINNATUS CENTRAL SCHOOL DISTRICT,3607560,123
NEW YORK,CLARENCE CENTRAL SCHOOL DISTRICT,3607590,672
NEW YORK,THOUSAND ISLANDS CENTRAL SCHOOL DISTRICT,3607650,120
NEW YORK,CLEVELAND HILL UNION FREE SCHOOL DISTRICT,3607680,255
NEW YORK,CLIFTON-FINE CENTRAL SCHOOL DISTRICT,3607710,NA
NEW YORK,CLINTON CENTRAL SCHOOL DISTRICT,3607770,166
NEW YORK,CLYDE-SAVANNAH CENTRAL SCHOOL DISTRICT,3607860,169
NEW YORK,CLYMER CENTRAL SCHOOL DISTRICT,3607890,66
NEW YORK,COHOES CITY SCHOOL DISTRICT,3607980,390
NEW YORK,COLD SPRING HARBOR CENTRAL SCHOOL DISTRICT,3608010,227
NEW YORK,COLTON-PIERREPONT CENTRAL SCHOOL DISTRICT,3608100,56
NEW YORK,COMMACK UNION FREE SCHOOL DISTRICT,3608130,1152
NEW YORK,CONNETQUOT CENTRAL SCHOOL DISTRICT,3608160,1063
NEW YORK,COOPERSTOWN CENTRAL SCHOOL DISTRICT,3608250,101
NEW YORK,COPENHAGEN CENTRAL SCHOOL DISTRICT,3608280,73
NEW YORK,COPIAGUE UNION FREE SCHOOL DISTRICT,3608310,901
NEW YORK,PEMBROKE CENTRAL SCHOOL DISTRICT,3608340,141
NEW YORK,CORINTH CENTRAL SCHOOL DISTRICT,3608370,150
NEW YORK,CORNING CITY SCHOOL DISTRICT,3608400,875
NEW YORK,CORNWALL CENTRAL SCHOOL DISTRICT,3608430,450
NEW YORK,CORTLAND CITY SCHOOL DISTRICT,3608460,437
NEW YORK,MOUNT PLEASANT-COTTAGE UNION FREE SCHOOL DISTRICT,3608470,103
NEW YORK,COXSACKIE-ATHENS CENTRAL SCHOOL DISTRICT,3608490,184
NEW YORK,CROTON-HARMON UNION FREE SCHOOL DISTRICT,3608580,249
NEW YORK,CROWN POINT CENTRAL SCHOOL DISTRICT,3608610,68
NEW YORK,DANSVILLE CENTRAL SCHOOL DISTRICT,3608790,220
NEW YORK,DERUYTER CENTRAL SCHOOL DISTRICT,3608850,66
NEW YORK,DEER PARK UNION FREE SCHOOL DISTRICT,3608880,704
NEW YORK,DELAWARE ACADEMY CENTRAL SCHOOL DISTRICT AT DELHI,3608910,NA
NEW YORK,YORKSHIRE-PIONEER CENTRAL SCHOOL DISTRICT,3608970,578
NEW YORK,DEPEW UNION FREE SCHOOL DISTRICT,3609030,379
NEW YORK,DEPOSIT CENTRAL SCHOOL DISTRICT,3609060,114
NEW YORK,JAMESVILLE-DEWITT CENTRAL SCHOOL DISTRICT,3609090,342
NEW YORK,DOBBS FERRY UNION FREE SCHOOL DISTRICT,3609120,233
NEW YORK,DOVER UNION FREE SCHOOL DISTRICT,3609210,216
NEW YORK,DOWNSVILLE CENTRAL SCHOOL DISTRICT,3609240,51
NEW YORK,DRYDEN CENTRAL SCHOOL DISTRICT,3609330,357
NEW YORK,DUANESBURG CENTRAL SCHOOL DISTRICT,3609360,89
NEW YORK,DUNDEE CENTRAL SCHOOL DISTRICT,3609390,153
NEW YORK,DUNKIRK CITY SCHOOL DISTRICT,3609420,337
NEW YORK,EAST AURORA UNION FREE SCHOOL DISTRICT,3609540,325
NEW YORK,EAST GREENBUSH CENTRAL SCHOOL DISTRICT,3609630,724
NEW YORK,EAST HAMPTON UNION FREE SCHOOL DISTRICT,3609660,216
NEW YORK,EAST IRONDEQUOIT CENTRAL SCHOOL DISTRICT,3609690,437
NEW YORK,EAST ISLIP UNION FREE SCHOOL DISTRICT,3609720,704
NEW YORK,EAST MEADOW UNION FREE SCHOOL DISTRICT,3609840,1124
NEW YORK,EAST MORICHES UNION FREE SCHOOL DISTRICT,3609870,87
NEW YORK,EAST QUOGUE UNION FREE SCHOOL DISTRICT,3609900,53
NEW YORK,EAST ROCHESTER UNION FREE SCHOOL DISTRICT,3609930,212
NEW YORK,EAST ROCKAWAY UNION FREE SCHOOL DISTRICT,3609960,166
NEW YORK,EAST SYRACUSE MINOA CENTRAL SCHOOL DISTRICT,3609990,672
NEW YORK,EAST WILLISTON UNION FREE SCHOOL DISTRICT,3610050,221
NEW YORK,EASTCHESTER UNION FREE SCHOOL DISTRICT,3610080,507
NEW YORK,GREENBURGH ELEVEN UNION FREE SCHOOL DISTRICT,3610140,39
NEW YORK,EDEN CENTRAL SCHOOL DISTRICT,3610170,270
NEW YORK,EDGEMONT UNION FREE SCHOOL DISTRICT,3610200,272
NEW YORK,EDINBURG COMMON SCHOOL DISTRICT,3610230,8
NEW YORK,EDMESTON CENTRAL SCHOOL DISTRICT,3610260,45
NEW YORK,ELBA CENTRAL SCHOOL DISTRICT,3610380,38
NEW YORK,ELDRED CENTRAL SCHOOL DISTRICT,3610410,71
NEW YORK,ELLENVILLE CENTRAL SCHOOL DISTRICT,3610500,363
NEW YORK,ELLICOTTVILLE CENTRAL SCHOOL DISTRICT,3610530,72
NEW YORK,ELMIRA CITY SCHOOL DISTRICT,3610560,1043
NEW YORK,ELMIRA HEIGHTS CENTRAL SCHOOL DISTRICT,3610590,159
NEW YORK,ELMONT UNION FREE SCHOOL DISTRICT,3610620,477
NEW YORK,ELMSFORD UNION FREE SCHOOL DISTRICT,3610650,173
NEW YORK,ELWOOD UNION FREE SCHOOL DISTRICT,3610680,284
NEW YORK,UNION-ENDICOTT CENTRAL SCHOOL DISTRICT,3610710,620
NEW YORK,FABIUS-POMPEY CENTRAL SCHOOL DISTRICT,3610860,73
NEW YORK,FAIRPORT CENTRAL SCHOOL DISTRICT,3610890,808
NEW YORK,FALCONER CENTRAL SCHOOL DISTRICT,3610920,137
NEW YORK,FALLSBURG CENTRAL SCHOOL DISTRICT,3610950,259
NEW YORK,FARMINGDALE UNION FREE SCHOOL DISTRICT,3610980,1045
NEW YORK,FILLMORE CENTRAL SCHOOL DISTRICT,3611070,110
NEW YORK,FISHERS ISLAND UNION FREE SCHOOL DISTRICT,3611100,6
NEW YORK,FLORAL PARK-BELLEROSE UNION FREE SCHOOL DISTRICT,3611160,275
NEW YORK,FONDA-FULTONVILLE CENTRAL SCHOOL DISTRICT,3611190,201
NEW YORK,FORESTVILLE CENTRAL SCHOOL DISTRICT,3611250,90
NEW YORK,FORT ANN CENTRAL SCHOOL DISTRICT,3611280,71
NEW YORK,FORT EDWARD UNION FREE SCHOOL DISTRICT,3611310,NA
NEW YORK,FORT PLAIN CENTRAL SCHOOL DISTRICT,3611370,163
NEW YORK,FRANKFORT-SCHUYLER CENTRAL SCHOOL DISTRICT,3611400,167
NEW YORK,FRANKLIN CENTRAL SCHOOL DISTRICT,3611430,51
NEW YORK,FRANKLIN SQUARE UNION FREE SCHOOL DISTRICT,3611460,281
NEW YORK,FRANKLINVILLE CENTRAL SCHOOL DISTRICT,3611490,108
NEW YORK,FREDONIA CENTRAL SCHOOL DISTRICT,3611520,193
NEW YORK,FREEPORT UNION FREE SCHOOL DISTRICT,3611550,1128
NEW YORK,FREWSBURG CENTRAL SCHOOL DISTRICT,3611610,136
NEW YORK,FRIENDSHIP CENTRAL SCHOOL DISTRICT,3611640,93
NEW YORK,FRONTIER CENTRAL SCHOOL DISTRICT,3611670,936
NEW YORK,FULTON CITY SCHOOL DISTRICT,3611700,642
NEW YORK,GALWAY CENTRAL SCHOOL DISTRICT,3611730,100
NEW YORK,GANANDA CENTRAL SCHOOL DISTRICT,3611740,116
NEW YORK,GARDEN CITY UNION FREE SCHOOL DISTRICT,3611760,647
NEW YORK,GARRISON UNION FREE SCHOOL DISTRICT,3611860,39
NEW YORK,GATES-CHILI CENTRAL SCHOOL DISTRICT,3611880,702
NEW YORK,GENERAL BROWN CENTRAL SCHOOL DISTRICT,3611910,271
NEW YORK,GENESEO CENTRAL SCHOOL DISTRICT,3611940,145
NEW YORK,GENEVA CITY SCHOOL DISTRICT,3611970,365
NEW YORK,GERMANTOWN CENTRAL SCHOOL DISTRICT,3612030,88
NEW YORK,GILBOA-CONESVILLE CENTRAL SCHOOL DISTRICT,3612120,55
NEW YORK,GLEN COVE CITY SCHOOL DISTRICT,3612180,724
NEW YORK,GLENS FALLS CITY SCHOOL DISTRICT,3612240,453
NEW YORK,GLOVERSVILLE CITY SCHOOL DISTRICT,3612270,545
NEW YORK,GORHAM-MIDDLESEX CENTRAL SCHOOL DISTRICT (MARCUS WHITMAN),3612300,237
NEW YORK,GOSHEN CENTRAL SCHOOL DISTRICT,3612330,545
NEW YORK,GOUVERNEUR CENTRAL SCHOOL DISTRICT,3612360,285
NEW YORK,GOWANDA CENTRAL SCHOOL DISTRICT,3612390,242
NEW YORK,GREENBURGH-GRAHAM UNION FREE SCHOOL DISTRICT,3612400,NA
NEW YORK,GRANVILLE CENTRAL SCHOOL DISTRICT,3612450,228
NEW YORK,GREAT NECK UNION FREE SCHOOL DISTRICT,3612510,1268
NEW YORK,GREECE CENTRAL SCHOOL DISTRICT,3612630,1754
NEW YORK,GREEN ISLAND UNION FREE SCHOOL DISTRICT,3612660,59
NEW YORK,GREENBURGH CENTRAL SCHOOL DISTRICT,3612720,347
NEW YORK,GREENE CENTRAL SCHOOL DISTRICT,3612750,149
NEW YORK,GREENPORT UNION FREE SCHOOL DISTRICT,3612840,75
NEW YORK,GREENVILLE CENTRAL SCHOOL DISTRICT,3612870,191
NEW YORK,GREENWICH CENTRAL SCHOOL DISTRICT,3612900,164
NEW YORK,GREENWOOD LAKE UNION FREE SCHOOL DISTRICT,3612960,88
NEW YORK,SPRINGVILLE-GRIFFITH INSTITUTE CENTRAL SCHOOL DISTRICT,3612990,245
NEW YORK,GROTON CENTRAL SCHOOL DISTRICT,3613020,141
NEW YORK,GUILDERLAND CENTRAL SCHOOL DISTRICT,3613080,713
NEW YORK,HADLEY-LUZERNE CENTRAL SCHOOL DISTRICT,3613110,129
NEW YORK,HALDANE CENTRAL SCHOOL DISTRICT,3613230,123
NEW YORK,HALF HOLLOW HILLS CENTRAL SCHOOL DISTRICT,3613290,1657
NEW YORK,HAMBURG CENTRAL SCHOOL DISTRICT,3613350,658
NEW YORK,HAMILTON CENTRAL SCHOOL DISTRICT,3613380,104
NEW YORK,HAMMOND CENTRAL SCHOOL DISTRICT,3613440,42
NEW YORK,HAMMONDSPORT CENTRAL SCHOOL DISTRICT,3613470,60
NEW YORK,HAMPTON BAYS UNION FREE SCHOOL DISTRICT,3613530,263
NEW YORK,HANCOCK CENTRAL SCHOOL DISTRICT,3613560,45
NEW YORK,HANNIBAL CENTRAL SCHOOL DISTRICT,3613590,228
NEW YORK,HARBORFIELDS CENTRAL SCHOOL DISTRICT,3613620,529
NEW YORK,HARPURSVILLE CENTRAL SCHOOL DISTRICT,3613710,143
NEW YORK,HARRISON CENTRAL SCHOOL DISTRICT,3613740,557
NEW YORK,HARRISVILLE CENTRAL SCHOOL DISTRICT,3613770,42
NEW YORK,HARTFORD CENTRAL SCHOOL DISTRICT,3613830,87
NEW YORK,HASTINGS-ON-HUDSON UNION FREE SCHOOL DISTRICT,3613950,231
NEW YORK,HAUPPAUGE UNION FREE SCHOOL DISTRICT,3613980,586
NEW YORK,HAVERSTRAW-STONY POINT CSD (NORTH ROCKLAND),3614010,1477
NEW YORK,HAWTHORNE-CEDAR KNOLLS UNION FREE SCHOOL DISTRICT,3614070,58
NEW YORK,HEMPSTEAD UNION FREE SCHOOL DISTRICT,3614130,1275
NEW YORK,HENDRICK HUDSON CENTRAL SCHOOL DISTRICT,3614190,387
NEW YORK,HERKIMER CENTRAL SCHOOL DISTRICT,3614220,217
NEW YORK,HERMON-DEKALB CENTRAL SCHOOL DISTRICT,3614250,75
NEW YORK,HERRICKS UNION FREE SCHOOL DISTRICT,3614280,534
NEW YORK,HEUVELTON CENTRAL SCHOOL DISTRICT,3614310,80
NEW YORK,HICKSVILLE UNION FREE SCHOOL DISTRICT,3614340,874
NEW YORK,HIGHLAND CENTRAL SCHOOL DISTRICT,3614400,287
NEW YORK,HIGHLAND FALLS CENTRAL SCHOOL DISTRICT,3614430,222
NEW YORK,HILTON CENTRAL SCHOOL DISTRICT,3614460,581
NEW YORK,HINSDALE CENTRAL SCHOOL DISTRICT,3614490,73
NEW YORK,HOLLAND CENTRAL SCHOOL DISTRICT,3614550,155
NEW YORK,HOLLAND PATENT CENTRAL SCHOOL DISTRICT,3614580,218
NEW YORK,HOLLEY CENTRAL SCHOOL DISTRICT,3614610,164
NEW YORK,HOMER CENTRAL SCHOOL DISTRICT,3614640,229
NEW YORK,HONEOYE CENTRAL SCHOOL DISTRICT,3614670,103
NEW YORK,HONEOYE FALLS-LIMA CENTRAL SCHOOL DISTRICT,3614700,310
NEW YORK,HOOSIC VALLEY CENTRAL SCHOOL DISTRICT,3614730,203
NEW YORK,HOOSICK FALLS CENTRAL SCHOOL DISTRICT,3614760,196
NEW YORK,HORNELL CITY SCHOOL DISTRICT,3614820,328
NEW YORK,HORSEHEADS CENTRAL SCHOOL DISTRICT,3614850,578
NEW YORK,SACKETS HARBOR CENTRAL SCHOOL DISTRICT,3614880,80
NEW YORK,HUDSON CITY SCHOOL DISTRICT,3614940,344
NEW YORK,HUDSON FALLS CENTRAL SCHOOL DISTRICT,3614970,531
NEW YORK,GEORGE JUNIOR REPUBLIC UNION FREE SCHOOL DISTRICT,3615030,79
NEW YORK,HUNTER-TANNERSVILLE CENTRAL SCHOOL DISTRICT,3615060,74
NEW YORK,HUNTINGTON UNION FREE SCHOOL DISTRICT,3615090,777
NEW YORK,HYDE PARK CENTRAL SCHOOL DISTRICT,3615180,681
NEW YORK,KINDERHOOK CENTRAL SCHOOL DISTRICT,3615210,276
NEW YORK,INDIAN LAKE CENTRAL SCHOOL DISTRICT,3615270,20
NEW YORK,INDIAN RIVER CENTRAL SCHOOL DISTRICT,3615300,673
NEW YORK,IROQUOIS CENTRAL SCHOOL DISTRICT,3615360,424
NEW YORK,WEST IRONDEQUOIT CENTRAL SCHOOL DISTRICT,3615390,505
NEW YORK,IRVINGTON UNION FREE SCHOOL DISTRICT,3615450,287
NEW YORK,ISLAND PARK UNION FREE SCHOOL DISTRICT,3615480,123
NEW YORK,ISLAND TREES UNION FREE SCHOOL DISTRICT,3615510,309
NEW YORK,ISLIP UNION FREE SCHOOL DISTRICT,3615540,467
NEW YORK,ITHACA CITY SCHOOL DISTRICT,3615570,904
NEW YORK,JAMESTOWN CITY SCHOOL DISTRICT,3615630,802
NEW YORK,JEFFERSON CENTRAL SCHOOL DISTRICT,3615720,50
NEW YORK,BROOKHAVEN-COMSEWOGUE UNION FREE SCHOOL DISTRICT,3615780,666
NEW YORK,JERICHO UNION FREE SCHOOL DISTRICT,3615810,396
NEW YORK,JOHNSBURG CENTRAL SCHOOL DISTRICT,3615870,48
NEW YORK,JOHNSON CITY CENTRAL SCHOOL DISTRICT,3615900,376
NEW YORK,JOHNSTOWN CITY SCHOOL DISTRICT,3615980,217
NEW YORK,JORDAN-ELBRIDGE CENTRAL SCHOOL DISTRICT,3615990,204
NEW YORK,KATONAH-LEWISBORO UNION FREE SCHOOL DISTRICT,3616080,542
NEW YORK,KEENE CENTRAL SCHOOL DISTRICT,3616140,18
NEW YORK,AUSABLE VALLEY CENTRAL SCHOOL DISTRICT,3616170,180
NEW YORK,KENDALL CENTRAL SCHOOL DISTRICT,3616200,124
NEW YORK,KENMORE-TONAWANDA UNION FREE SCHOOL DISTRICT,3616230,1676
NEW YORK,KINGS PARK CENTRAL SCHOOL DISTRICT,3616260,583
NEW YORK,KINGSTON CITY SCHOOL DISTRICT,3616290,1588
NEW YORK,LA FARGEVILLE CENTRAL SCHOOL DISTRICT,3616380,87
NEW YORK,LAFAYETTE CENTRAL SCHOOL DISTRICT,3616410,148
NEW YORK,LACKAWANNA CITY SCHOOL DISTRICT,3616440,499
NEW YORK,LAKE GEORGE CENTRAL SCHOOL DISTRICT,3616470,93
NEW YORK,LAKE PLACID CENTRAL SCHOOL DISTRICT,3616500,106
NEW YORK,LAKE PLEASANT CENTRAL SCHOOL DISTRICT,3616530,11
NEW YORK,EVANS-BRANT CENTRAL SCHOOL DISTRICT (LAKE SHORE),3616560,487
NEW YORK,LAKELAND CENTRAL SCHOOL DISTRICT,3616620,904
NEW YORK,LANCASTER CENTRAL SCHOOL DISTRICT,3616680,1108
NEW YORK,LANSING CENTRAL SCHOOL DISTRICT,3616710,163
NEW YORK,LANSINGBURGH CENTRAL SCHOOL DISTRICT,3616740,510
NEW YORK,LAURENS CENTRAL SCHOOL DISTRICT,3616800,70
NEW YORK,LAWRENCE UNION FREE SCHOOL DISTRICT,3616830,1218
NEW YORK,LE ROY CENTRAL SCHOOL DISTRICT,3616950,152
NEW YORK,NORTH WARREN CENTRAL SCHOOL DISTRICT,3616960,61
NEW YORK,NORTH ROSE-WOLCOTT CENTRAL SCHOOL DISTRICT,3616980,184
NEW YORK,LETCHWORTH CENTRAL SCHOOL DISTRICT,3617130,129
NEW YORK,LEVITTOWN UNION FREE SCHOOL DISTRICT,3617160,1010
NEW YORK,LEWISTON-PORTER CENTRAL SCHOOL DISTRICT,3617190,419
NEW YORK,LIBERTY CENTRAL SCHOOL DISTRICT,3617220,265
NEW YORK,LINDENHURST UNION FREE SCHOOL DISTRICT,3617380,1032
NEW YORK,LITTLE FLOWER UNION FREE SCHOOL DISTRICT,3617400,20
NEW YORK,LISBON CENTRAL SCHOOL DISTRICT,3617430,85
NEW YORK,LITTLE FALLS CITY SCHOOL DISTRICT,3617460,199
NEW YORK,LIVERPOOL CENTRAL SCHOOL DISTRICT,3617520,1516
NEW YORK,LIVINGSTON MANOR CENTRAL SCHOOL DISTRICT,3617580,92
NEW YORK,LIVONIA CENTRAL SCHOOL DISTRICT,3617640,184
NEW YORK,LOCKPORT CITY SCHOOL DISTRICT,3617670,1062
NEW YORK,LOCUST VALLEY CENTRAL SCHOOL DISTRICT,3617700,422
NEW YORK,LONG BEACH CITY SCHOOL DISTRICT,3617730,664
NEW YORK,LONG LAKE CENTRAL SCHOOL DISTRICT,3617760,12
NEW YORK,LOWVILLE ACADEMY & CENTRAL SCHOOL DISTRICT,3617820,221
NEW YORK,LYME CENTRAL SCHOOL DISTRICT,3617880,70
NEW YORK,LYNBROOK UNION FREE SCHOOL DISTRICT,3617910,491
NEW YORK,LYNCOURT UNION FREE SCHOOL DISTRICT,3617940,100
NEW YORK,LYNDONVILLE CENTRAL SCHOOL DISTRICT,3617970,102
NEW YORK,LYONS CENTRAL SCHOOL DISTRICT,3618030,178
NEW YORK,MADISON CENTRAL SCHOOL DISTRICT,3618080,86
NEW YORK,MADRID-WADDINGTON CENTRAL SCHOOL DISTRICT,3618090,102
NEW YORK,MAHOPAC CENTRAL SCHOOL DISTRICT,3618120,805
NEW YORK,MAINE-ENDWELL CENTRAL SCHOOL DISTRICT,3618150,413
NEW YORK,MALONE CENTRAL SCHOOL DISTRICT,3618180,402
NEW YORK,MALVERNE UNION FREE SCHOOL DISTRICT,3618210,356
NEW YORK,MAMARONECK UNION FREE SCHOOL DISTRICT,3618240,852
NEW YORK,MANHASSET UNION FREE SCHOOL DISTRICT,3618270,426
NEW YORK,FAYETTEVILLE-MANLIUS CENTRAL SCHOOL DISTRICT,3618330,483
NEW YORK,MARATHON CENTRAL SCHOOL DISTRICT,3618450,140
NEW YORK,MARCELLUS CENTRAL SCHOOL DISTRICT,3618480,207
NEW YORK,MARGARETVILLE CENTRAL SCHOOL DISTRICT,3618510,76
NEW YORK,MARION CENTRAL SCHOOL DISTRICT,3618540,131
NEW YORK,MARLBORO CENTRAL SCHOOL DISTRICT,3618570,400
NEW YORK,CHEEKTOWAGA-MARYVALE UNION FREE SCHOOL DISTRICT,3618600,371
NEW YORK,MASSAPEQUA UNION FREE SCHOOL DISTRICT,3618630,1066
NEW YORK,MASSENA CENTRAL SCHOOL DISTRICT,3618660,502
NEW YORK,WILLIAM FLOYD UNION FREE SCHOOL DISTRICT,3618690,1591
NEW YORK,MAYFIELD CENTRAL SCHOOL DISTRICT,3618750,123
NEW YORK,MCGRAW CENTRAL SCHOOL DISTRICT,3618840,124
NEW YORK,MECHANICVILLE CITY SCHOOL DISTRICT,3618900,249
NEW YORK,MEDINA CENTRAL SCHOOL DISTRICT,3618960,218
NEW YORK,MENANDS UNION FREE SCHOOL DISTRICT,3618990,57
NEW YORK,BELLMORE-MERRICK CENTRAL HIGH SCHOOL DISTRICT,3619020,831
NEW YORK,MERRICK UNION FREE SCHOOL DISTRICT,3619110,259
NEW YORK,MEXICO CENTRAL SCHOOL DISTRICT,3619170,364
NEW YORK,MIDDLE COUNTRY CENTRAL SCHOOL DISTRICT,3619200,1678
NEW YORK,LONGWOOD CENTRAL SCHOOL DISTRICT,3619230,1689
NEW YORK,MIDDLEBURGH CENTRAL SCHOOL DISTRICT,3619260,137
NEW YORK,MIDDLETOWN CITY SCHOOL DISTRICT,3619320,1438
NEW YORK,MILFORD CENTRAL SCHOOL DISTRICT,3619350,61
NEW YORK,MILLBROOK CENTRAL SCHOOL DISTRICT,3619380,198
NEW YORK,MILLER PLACE UNION FREE SCHOOL DISTRICT,3619410,451
NEW YORK,MINEOLA UNION FREE SCHOOL DISTRICT,3619500,427
NEW YORK,MINERVA CENTRAL SCHOOL DISTRICT,3619530,28
NEW YORK,MINISINK VALLEY CENTRAL SCHOOL DISTRICT,3619560,678
NEW YORK,MONROE-WOODBURY CENTRAL SCHOOL DISTRICT,3619650,1297
NEW YORK,VALLEY CENTRAL SCHOOL DISTRICT (MONTGOMERY),3619680,926
NEW YORK,MONTAUK UNION FREE SCHOOL DISTRICT,3619710,56
NEW YORK,MONTICELLO CENTRAL SCHOOL DISTRICT,3619740,757
NEW YORK,MORAVIA CENTRAL SCHOOL DISTRICT,3619800,185
NEW YORK,MORIAH CENTRAL SCHOOL DISTRICT,3619830,196
NEW YORK,MORRIS CENTRAL SCHOOL DISTRICT,3619860,81
NEW YORK,MORRISTOWN CENTRAL SCHOOL DISTRICT,3619890,46
NEW YORK,MORRISVILLE-EATON CENTRAL SCHOOL DISTRICT,3619920,120
NEW YORK,BEDFORD CENTRAL SCHOOL DISTRICT,3619950,673
NEW YORK,MOUNT MORRIS CENTRAL SCHOOL DISTRICT,3620010,134
NEW YORK,MOUNT SINAI UNION FREE SCHOOL DISTRICT,3620040,338
NEW YORK,MOUNT VERNON SCHOOL DISTRICT,3620100,1520
NEW YORK,MOUNT PLEASANT CENTRAL SCHOOL DISTRICT,3620160,382
NEW YORK,MOUNT PLEASANT-BLYTHEDALE UNION FREE SCHOOL DISTRICT,3620170,114
NEW YORK,NANUET UNION FREE SCHOOL DISTRICT,3620190,323
NEW YORK,NAPLES CENTRAL SCHOOL DISTRICT,3620220,112
NEW YORK,CLARKSTOWN CENTRAL SCHOOL DISTRICT,3620340,1477
NEW YORK,NEW HARTFORD CENTRAL SCHOOL DISTRICT,3620370,317
NEW YORK,NEW HYDE PARK-GARDEN CITY PARK UNION FREE SCHOOL DISTRICT,3620400,229
NEW YORK,NEW LEBANON CENTRAL SCHOOL DISTRICT,3620430,65
NEW YORK,NEW PALTZ CENTRAL SCHOOL DISTRICT,3620460,400
NEW YORK,NEW ROCHELLE CITY SCHOOL DISTRICT,3620490,1778
NEW YORK,NEW SUFFOLK COMMON SCHOOL DISTRICT,3620520,3
NEW YORK,NYC CHANCELLOR'S OFFICE,3620580,NA
NEW YORK,NEW YORK MILLS UNION FREE SCHOOL DISTRICT,3620610,96
NEW YORK,NEWARK CENTRAL SCHOOL DISTRICT,3620640,327
NEW YORK,NEWARK VALLEY CENTRAL SCHOOL DISTRICT,3620670,161
NEW YORK,NEWBURGH CITY SCHOOL DISTRICT,3620700,2105
NEW YORK,NEWCOMB CENTRAL SCHOOL DISTRICT,3620730,7
NEW YORK,NEWFANE CENTRAL SCHOOL DISTRICT,3620760,288
NEW YORK,NEWFIELD CENTRAL SCHOOL DISTRICT,3620790,193
NEW YORK,NIAGARA FALLS CITY SCHOOL DISTRICT,3620820,1598
NEW YORK,NIAGARA-WHEATFIELD CENTRAL SCHOOL DISTRICT,3620850,591
NEW YORK,NISKAYUNA CENTRAL SCHOOL DISTRICT,3620880,541
NEW YORK,NORTH BABYLON UNION FREE SCHOOL DISTRICT,3620910,827
NEW YORK,NORTH BELLMORE UNION FREE SCHOOL DISTRICT,3620940,495
NEW YORK,NORTH COLLINS CENTRAL SCHOOL DISTRICT,3620970,115
NEW YORK,NORTH COLONIE CSD,3621000,933
NEW YORK,NORTH MERRICK UNION FREE SCHOOL DISTRICT,3621120,230
NEW YORK,NORTH SALEM CENTRAL SCHOOL DISTRICT,3621180,175
NEW YORK,NORTH SYRACUSE CENTRAL SCHOOL DISTRICT,3621210,1581
NEW YORK,NORTH TONAWANDA CITY SCHOOL DISTRICT,3621240,922
NEW YORK,NORTHEASTERN CLINTON CENTRAL SCHOOL DISTRICT,3621250,259
NEW YORK,NORTHERN ADIRONDACK CENTRAL SCHOOL DISTRICT,3621260,171
NEW YORK,NORTHPORT-EAST NORTHPORT UNION FREE SCHOOL DISTRICT,3621270,968
NEW YORK,NORTHVILLE CENTRAL SCHOOL DISTRICT,3621300,71
NEW YORK,NORWICH CITY SCHOOL DISTRICT,3621330,328
NEW YORK,NORWOOD-NORFOLK CENTRAL SCHOOL DISTRICT,3621360,156
NEW YORK,DALTON-NUNDA CENTRAL SCHOOL DISTRICT (KESHEQUA),3621450,95
NEW YORK,NYACK UNION FREE SCHOOL DISTRICT,3621480,506
NEW YORK,OAKFIELD-ALABAMA CENTRAL SCHOOL DISTRICT,3621510,94
NEW YORK,FIRE ISLAND UNION FREE SCHOOL DISTRICT,3621540,4
NEW YORK,OCEANSIDE UNION FREE SCHOOL DISTRICT,3621570,752
NEW YORK,ODESSA-MONTOUR CENTRAL SCHOOL DISTRICT,3621630,118
NEW YORK,OGDENSBURG CITY SCHOOL DISTRICT,3621660,336
NEW YORK,OLEAN CITY SCHOOL DISTRICT,3621720,421
NEW YORK,ONEONTA CITY SCHOOL DISTRICT,3621780,353
NEW YORK,ONONDAGA CENTRAL SCHOOL DISTRICT,3621810,145
NEW YORK,ONTEORA CENTRAL SCHOOL DISTRICT,3621840,291
NEW YORK,ORCHARD PARK CENTRAL SCHOOL DISTRICT,3621900,863
NEW YORK,OYSTERPONDS UNION FREE SCHOOL DISTRICT,3621930,10
NEW YORK,ORISKANY CENTRAL SCHOOL DISTRICT,3621960,81
NEW YORK,OSSINING UNION FREE SCHOOL DISTRICT,3622020,717
NEW YORK,OSWEGO CITY SCHOOL DISTRICT,3622050,710
NEW YORK,GEORGETOWN-SOUTH OTSELIC CENTRAL SCHOOL DISTRICT,3622100,64
NEW YORK,SOUTH SENECA CENTRAL SCHOOL DISTRICT,3622140,126
NEW YORK,OWEGO-APALACHIN CENTRAL SCHOOL DISTRICT,3622170,376
NEW YORK,VAN HORNESVILLE-OWEN D YOUNG CENTRAL SCHOOL DISTRICT,3622200,10
NEW YORK,OXFORD ACADEMY AND CENTRAL SCHOOL DISTRICT,3622260,116
NEW YORK,OYSTER BAY-EAST NORWICH CENTRAL SCHOOL DISTRICT,3622290,326
NEW YORK,PALMYRA-MACEDON CENTRAL SCHOOL DISTRICT,3622380,260
NEW YORK,PANAMA CENTRAL SCHOOL DISTRICT,3622410,69
NEW YORK,PARISHVILLE-HOPKINTON CENTRAL SCHOOL DISTRICT,3622440,62
NEW YORK,PATCHOGUE-MEDFORD UNION FREE SCHOOL DISTRICT,3622470,1373
NEW YORK,PAVILION CENTRAL SCHOOL DISTRICT,3622500,95
NEW YORK,PAWLING CENTRAL SCHOOL DISTRICT,3622530,159
NEW YORK,PEARL RIVER UNION FREE SCHOOL DISTRICT,3622560,385
NEW YORK,PEEKSKILL CITY SCHOOL DISTRICT,3622650,622
NEW YORK,PELHAM UNION FREE SCHOOL DISTRICT,3622680,325
NEW YORK,PENFIELD CENTRAL SCHOOL DISTRICT,3622710,558
NEW YORK,PENN YAN CENTRAL SCHOOL DISTRICT,3622740,208
NEW YORK,PERRY CENTRAL SCHOOL DISTRICT,3622770,126
NEW YORK,PERU CENTRAL SCHOOL DISTRICT,3622830,389
NEW YORK,PHELPS-CLIFTON SPRINGS CENTRAL SCHOOL DISTRICT,3622890,288
NEW YORK,PHOENIX CENTRAL SCHOOL DISTRICT,3622920,204
NEW YORK,PINE BUSH CENTRAL SCHOOL DISTRICT,3623010,956
NEW YORK,PINE PLAINS CENTRAL SCHOOL DISTRICT,3623040,170
NEW YORK,PINE VALLEY CENTRAL SCHOOL DISTRICT (SOUTH DAYTON),3623070,108
NEW YORK,PITTSFORD CENTRAL SCHOOL DISTRICT,3623160,778
NEW YORK,PLAINEDGE UNION FREE SCHOOL DISTRICT,3623190,446
NEW YORK,PLAINVIEW-OLD BETHPAGE CENTRAL SCHOOL DISTRICT,3623220,779
NEW YORK,PLATTSBURGH CITY SCHOOL DISTRICT,3623280,450
NEW YORK,PLEASANTVILLE UNION FREE SCHOOL DISTRICT,3623310,297
NEW YORK,POCANTICO HILLS CENTRAL SCHOOL DISTRICT,3623340,35
NEW YORK,POLAND CENTRAL SCHOOL DISTRICT,3623370,75
NEW YORK,PORT BYRON CENTRAL SCHOOL DISTRICT,3623430,130
NEW YORK,PORT CHESTER-RYE UNION FREE SCHOOL DISTRICT,3623460,747
NEW YORK,PORT JEFFERSON UNION FREE SCHOOL DISTRICT,3623490,204
NEW YORK,PORT JERVIS CITY SCHOOL DISTRICT,3623520,661
NEW YORK,PORT WASHINGTON UNION FREE SCHOOL DISTRICT,3623580,929
NEW YORK,PORTVILLE CENTRAL SCHOOL DISTRICT,3623640,109
NEW YORK,POTSDAM CENTRAL SCHOOL DISTRICT,3623670,211
NEW YORK,POUGHKEEPSIE CITY SCHOOL DISTRICT,3623760,996
NEW YORK,PRATTSBURGH CENTRAL SCHOOL DISTRICT,3623790,70
NEW YORK,PULASKI CENTRAL SCHOOL DISTRICT,3623880,153
NEW YORK,PUTNAM CENTRAL SCHOOL DISTRICT,3623970,5
NEW YORK,PUTNAM VALLEY CENTRAL SCHOOL DISTRICT,3624000,244
NEW YORK,QUEENSBURY UNION FREE SCHOOL DISTRICT,3624030,560
NEW YORK,QUOGUE UNION FREE SCHOOL DISTRICT,3624060,18
NEW YORK,RANDOLPH CENTRAL SCHOOL DISTRICT,3624090,139
NEW YORK,RAVENA-COEYMANS-SELKIRK CENTRAL SCHOOL DISTRICT,3624150,373
NEW YORK,RED CREEK CENTRAL SCHOOL DISTRICT,3624210,151
NEW YORK,RED HOOK CENTRAL SCHOOL DISTRICT,3624240,263
NEW YORK,MANCHESTER-SHORTSVILLE CENTRAL SCHOOL DISTRICT (RED JACKET),3624270,127
NEW YORK,REMSEN CENTRAL SCHOOL DISTRICT,3624360,61
NEW YORK,REMSENBURG-SPEONK UNION FREE SCHOOL DISTRICT,3624420,34
NEW YORK,RENSSELAER CITY SCHOOL DISTRICT,3624450,245
NEW YORK,RHINEBECK CENTRAL SCHOOL DISTRICT,3624480,131
NEW YORK,RICHFIELD SPRINGS CENTRAL SCHOOL DISTRICT,3624570,98
NEW YORK,BLIND BROOK-RYE UNION FREE SCHOOL DISTRICT,3624630,147
NEW YORK,RIPLEY CENTRAL SCHOOL DISTRICT,3624660,42
NEW YORK,RIVERHEAD CENTRAL SCHOOL DISTRICT,3624690,1043
NEW YORK,ROCHESTER CITY SCHOOL DISTRICT,3624750,7033
NEW YORK,ROCKVILLE CENTRE UNION FREE SCHOOL DISTRICT,3624780,581
NEW YORK,ROCKY POINT UNION FREE SCHOOL DISTRICT,3624840,584
NEW YORK,ROME CITY SCHOOL DISTRICT,3624900,1133
NEW YORK,ROMULUS CENTRAL SCHOOL DISTRICT,3624930,57
NEW YORK,RONDOUT VALLEY CENTRAL SCHOOL DISTRICT,3624960,418
NEW YORK,ROOSEVELT UNION FREE SCHOOL DISTRICT,3624990,584
NEW YORK,ROSCOE CENTRAL SCHOOL DISTRICT,3625020,42
NEW YORK,ROSLYN UNION FREE SCHOOL DISTRICT,3625050,366
NEW YORK,ROXBURY CENTRAL SCHOOL DISTRICT,3625110,50
NEW YORK,ROYALTON-HARTLAND CENTRAL SCHOOL DISTRICT,3625140,217
NEW YORK,RUSH-HENRIETTA CENTRAL SCHOOL DISTRICT,3625170,758
NEW YORK,RYE CITY SCHOOL DISTRICT,3625260,391
NEW YORK,RYE NECK UNION FREE SCHOOL DISTRICT,3625290,186
NEW YORK,FLORIDA UNION FREE SCHOOL DISTRICT,3625320,137
NEW YORK,SACHEM CENTRAL SCHOOL DISTRICT,3625350,2519
NEW YORK,SAG HARBOR UNION FREE SCHOOL DISTRICT,3625380,117
NEW YORK,SAGAPONACK COMMON SCHOOL DISTRICT,3625410,NA
NEW YORK,SALAMANCA CITY SCHOOL DISTRICT,3625440,207
NEW YORK,SALEM CENTRAL SCHOOL DISTRICT,3625470,103
NEW YORK,SALMON RIVER CENTRAL SCHOOL DISTRICT,3625500,220
NEW YORK,SANDY CREEK CENTRAL SCHOOL DISTRICT,3625650,114
NEW YORK,SARANAC LAKE CENTRAL SCHOOL DISTRICT,3625740,181
NEW YORK,SARATOGA SPRINGS CITY SD,3625770,882
NEW YORK,SAUGERTIES CENTRAL SCHOOL DISTRICT,3625800,568
NEW YORK,SAYVILLE UNION FREE SCHOOL DISTRICT,3625920,414
NEW YORK,SCARSDALE UNION FREE SCHOOL DISTRICT,3625950,536
NEW YORK,SCHALMONT CENTRAL SCHOOL DISTRICT,3625980,272
NEW YORK,SCHENECTADY CITY SCHOOL DISTRICT,3626010,1932
NEW YORK,SCHODACK CENTRAL SCHOOL DISTRICT,3626070,166
NEW YORK,SCHOHARIE CENTRAL SCHOOL DISTRICT,3626100,135
NEW YORK,SCHROON LAKE CENTRAL SCHOOL DISTRICT,3626130,37
NEW YORK,SCHUYLERVILLE CENTRAL SCHOOL DISTRICT,3626160,187
NEW YORK,SCIO CENTRAL SCHOOL DISTRICT,3626190,65
NEW YORK,SCOTIA-GLENVILLE CENTRAL SCHOOL DISTRICT,3626310,434
NEW YORK,NORTH SHORE CENTRAL SCHOOL DISTRICT,3626370,454
NEW YORK,SEAFORD UNION FREE SCHOOL DISTRICT,3626400,397
NEW YORK,SENECA FALLS CENTRAL SCHOOL DISTRICT,3626430,218
NEW YORK,SEWANHAKA CENTRAL HIGH SCHOOL DISTRICT,3626520,1079
NEW YORK,SHARON SPRINGS CENTRAL SCHOOL DISTRICT,3626580,43
NEW YORK,SHELTER ISLAND UNION FREE SCHOOL DISTRICT,3626640,25
NEW YORK,SHENENDEHOWA CENTRAL SCHOOL DISTRICT,3626670,1295
NEW YORK,SHERBURNE-EARLVILLE CENTRAL SCHOOL DISTRICT,3626700,323
NEW YORK,SHERMAN CENTRAL SCHOOL DISTRICT,3626730,70
NEW YORK,SHERRILL CITY SCHOOL DISTRICT,3626760,226
NEW YORK,SHOREHAM-WADING RIVER CENTRAL SCHOOL DISTRICT,3626840,384
NEW YORK,SIDNEY CENTRAL SCHOOL DISTRICT,3626850,161
NEW YORK,SILVER CREEK CENTRAL SCHOOL DISTRICT,3626880,223
NEW YORK,SKANEATELES CENTRAL SCHOOL DISTRICT,3626940,126
NEW YORK,CHEEKTOWAGA-SLOAN UNION FREE SCHOOL DISTRICT,3627000,273
NEW YORK,SMITHTOWN CENTRAL SCHOOL DISTRICT,3627060,1629
NEW YORK,SODUS CENTRAL SCHOOL DISTRICT,3627120,176
NEW YORK,SOLVAY UNION FREE SCHOOL DISTRICT,3627150,256
NEW YORK,SOMERS CENTRAL SCHOOL DISTRICT,3627180,583
NEW YORK,SOUTH COLONIE CENTRAL SCHOOL DISTRICT,3627210,844
NEW YORK,SOUTH GLENS FALLS CENTRAL SCHOOL DISTRICT,3627240,461
NEW YORK,SOUTH HUNTINGTON UNION FREE SCHOOL DISTRICT,3627300,1239
NEW YORK,SOUTH KORTRIGHT CENTRAL SCHOOL DISTRICT,3627330,39
NEW YORK,SOUTH LEWIS CENTRAL SCHOOL DISTRICT,3627360,281
NEW YORK,SOUTH ORANGETOWN CENTRAL SCHOOL DISTRICT,3627450,416
NEW YORK,SOUTHAMPTON UNION FREE SCHOOL DISTRICT,3627540,247
NEW YORK,SOUTHERN CAYUGA CENTRAL SCHOOL DISTRICT,3627570,114
NEW YORK,SOUTHOLD UNION FREE SCHOOL DISTRICT,3627620,110
NEW YORK,SOUTHWESTERN CENTRAL SCHOOL DISTRICT AT JAMESTOWN,3627660,213
NEW YORK,SPENCER-VAN ETTEN CENTRAL SCHOOL DISTRICT,3627750,163
NEW YORK,SPENCERPORT CENTRAL SCHOOL DISTRICT,3627780,538
NEW YORK,EAST RAMAPO CENTRAL SCHOOL DISTRICT (SPRING VALLEY),3627810,2678
NEW YORK,SPRINGS UNION FREE SCHOOL DISTRICT,3627900,79
NEW YORK,BRASHER FALLS CENTRAL SCHOOL DISTRICT,3627960,155
NEW YORK,GREENBURGH-NORTH CASTLE UNION FREE SCHOOL DISTRICT,3627980,10
NEW YORK,SAINT REGIS FALLS CENTRAL SCHOOL DISTRICT,3627990,52
NEW YORK,STAMFORD CENTRAL SCHOOL DISTRICT,3628020,56
NEW YORK,STARPOINT CENTRAL SCHOOL DISTRICT,3628050,415
NEW YORK,STILLWATER CENTRAL SCHOOL DISTRICT,3628110,118
NEW YORK,STOCKBRIDGE VALLEY CENTRAL SCHOOL DISTRICT,3628140,67
NEW YORK,THREE VILLAGE CENTRAL SCHOOL DISTRICT,3628200,934
NEW YORK,SUFFERN CENTRAL SCHOOL DISTRICT,3628320,752
NEW YORK,SUSQUEHANNA VALLEY CENTRAL SCHOOL DISTRICT,3628380,232
NEW YORK,SWEET HOME CENTRAL SCHOOL DISTRICT,3628500,409
NEW YORK,SYOSSET CENTRAL SCHOOL DISTRICT,3628560,766
NEW YORK,SYRACUSE CITY SCHOOL DISTRICT,3628590,4545
NEW YORK,TACONIC HILLS CENTRAL SCHOOL DISTRICT,3628620,176
NEW YORK,UNION FREE SCHOOL DISTRICT OF THE TARRYTOWNS,3628650,379
NEW YORK,TICONDEROGA CENTRAL SCHOOL DISTRICT,3628680,166
NEW YORK,TIOGA CENTRAL SCHOOL DISTRICT,3628710,136
NEW YORK,TONAWANDA CITY SCHOOL DISTRICT,3628740,296
NEW YORK,TOWN OF WEBB UNION FREE SCHOOL DISTRICT,3628800,45
NEW YORK,TRI-VALLEY CENTRAL SCHOOL DISTRICT,3628890,172
NEW YORK,TROY CITY SCHOOL DISTRICT,3628950,950
NEW YORK,TRUMANSBURG CENTRAL SCHOOL DISTRICT,3628980,219
NEW YORK,TUCKAHOE UNION FREE SCHOOL DISTRICT,3629040,163
NEW YORK,TUCKAHOE COMMON SCHOOL DISTRICT,3629070,48
NEW YORK,TULLY CENTRAL SCHOOL DISTRICT,3629130,129
NEW YORK,TUPPER LAKE CENTRAL SCHOOL DISTRICT,3629160,130
NEW YORK,TUXEDO UNION FREE SCHOOL DISTRICT,3629190,54
NEW YORK,OTEGO-UNADILLA CENTRAL SCHOOL DISTRICT,3629240,130
NEW YORK,UNION SPRINGS CENTRAL SCHOOL DISTRICT,3629250,119
NEW YORK,UNIONDALE UNION FREE SCHOOL DISTRICT,3629280,1019
NEW YORK,UTICA CITY SCHOOL DISTRICT,3629370,1911
NEW YORK,VALHALLA UNION FREE SCHOOL DISTRICT,3629400,218
NEW YORK,VALLEY STREAM 13 UNION FREE SCHOOL DISTRICT,3629430,320
NEW YORK,VALLEY STREAM 24 UNION FREE SCHOOL DISTRICT,3629460,157
NEW YORK,VALLEY STREAM 30 UNION FREE SCHOOL DISTRICT,3629490,182
NEW YORK,VALLEY STREAM CENTRAL HIGH SCHOOL DISTRICT,3629520,735
NEW YORK,VESTAL CENTRAL SCHOOL DISTRICT,3629610,499
NEW YORK,VICTOR CENTRAL SCHOOL DISTRICT,3629640,561
NEW YORK,VOORHEESVILLE CENTRAL SCHOOL DISTRICT,3629670,148
NEW YORK,WAINSCOTT COMMON SCHOOL DISTRICT,3629760,21
NEW YORK,WALLKILL CENTRAL SCHOOL DISTRICT,3629790,478
NEW YORK,WALTON CENTRAL SCHOOL DISTRICT,3629820,158
NEW YORK,WANTAGH UNION FREE SCHOOL DISTRICT,3629850,461
NEW YORK,WAPPINGERS CENTRAL SCHOOL DISTRICT,3629880,1951
NEW YORK,WARRENSBURG CENTRAL SCHOOL DISTRICT,3629910,160
NEW YORK,WARSAW CENTRAL SCHOOL DISTRICT,3629940,120
NEW YORK,WARWICK VALLEY CENTRAL SCHOOL DISTRICT,3629970,671
NEW YORK,WASHINGTONVILLE CENTRAL SCHOOL DISTRICT,3630030,662
NEW YORK,WATERFORD-HALFMOON UNION FREE SCHOOL DISTRICT,3630060,144
NEW YORK,WATERTOWN CITY SCHOOL DISTRICT,3630120,807
NEW YORK,WATERVILLE CENTRAL SCHOOL DISTRICT,3630160,130
NEW YORK,WATERVLIET CITY SCHOOL DISTRICT,3630210,259
NEW YORK,WATKINS GLEN CENTRAL SCHOOL DISTRICT,3630240,170
NEW YORK,WAVERLY CENTRAL SCHOOL DISTRICT,3630270,252
NEW YORK,WAYNE CENTRAL SCHOOL DISTRICT,3630330,344
NEW YORK,WEBSTER CENTRAL SCHOOL DISTRICT,3630360,987
NEW YORK,NORTHEAST CENTRAL SCHOOL DISTRICT,3630390,145
NEW YORK,WEEDSPORT CENTRAL SCHOOL DISTRICT,3630420,125
NEW YORK,WELLS CENTRAL SCHOOL DISTRICT,3630450,15
NEW YORK,WELLSVILLE CENTRAL SCHOOL DISTRICT,3630480,233
NEW YORK,WEST BABYLON UNION FREE SCHOOL DISTRICT,3630540,802
NEW YORK,WEST CANADA VALLEY CENTRAL SCHOOL DISTRICT,3630600,101
NEW YORK,WEST GENESEE CENTRAL SCHOOL DISTRICT,3630630,815
NEW YORK,WEST HEMPSTEAD UNION FREE SCHOOL DISTRICT,3630660,482
NEW YORK,WEST ISLIP UNION FREE SCHOOL DISTRICT,3630690,846
NEW YORK,WEST SENECA CENTRAL SCHOOL DISTRICT,3630780,1228
NEW YORK,WEST VALLEY CENTRAL SCHOOL DISTRICT,3630900,43
NEW YORK,MOUNT MARKHAM CENTRAL SCHOOL DISTRICT,3630930,233
NEW YORK,WESTBURY UNION FREE SCHOOL DISTRICT,3630960,762
NEW YORK,WESTFIELD CENTRAL SCHOOL DISTRICT,3630990,135
NEW YORK,WESTHAMPTON BEACH UNION FREE SCHOOL DISTRICT,3631020,281
NEW YORK,WESTMORELAND CENTRAL SCHOOL DISTRICT,3631050,125
NEW YORK,WHEATLAND-CHILI CENTRAL SCHOOL DISTRICT,3631170,106
NEW YORK,WHEELERVILLE UNION FREE SCHOOL DISTRICT,3631200,11
NEW YORK,WHITE PLAINS CITY SCHOOL DISTRICT,3631260,1334
NEW YORK,WHITEHALL CENTRAL SCHOOL DISTRICT,3631290,150
NEW YORK,WHITESBORO CENTRAL SCHOOL DISTRICT,3631320,545
NEW YORK,WHITESVILLE CENTRAL SCHOOL DISTRICT,3631350,31
NEW YORK,WHITNEY POINT CENTRAL SCHOOL DISTRICT,3631380,248
NEW YORK,NORTH GREENBUSH COMMON SCHOOL DISTRICT (WILLIAMS),3631410,11
NEW YORK,WILLIAMSON CENTRAL SCHOOL DISTRICT,3631440,154
NEW YORK,WILLIAMSVILLE CENTRAL SCHOOL DISTRICT,3631470,1384
NEW YORK,WILLSBORO CENTRAL SCHOOL DISTRICT,3631500,50
NEW YORK,WILSON CENTRAL SCHOOL DISTRICT,3631560,199
NEW YORK,WINDHAM-ASHLAND-JEWETT CENTRAL SCHOOL DISTRICT,3631590,60
NEW YORK,HEWLETT-WOODMERE UNION FREE SCHOOL DISTRICT,3631710,612
NEW YORK,WORCESTER CENTRAL SCHOOL DISTRICT,3631740,77
NEW YORK,WYANDANCH UNION FREE SCHOOL DISTRICT,3631800,528
NEW YORK,WYNANTSKILL UNION FREE SCHOOL DISTRICT,3631830,61
NEW YORK,WYOMING CENTRAL SCHOOL DISTRICT,3631860,18
NEW YORK,YONKERS CITY SCHOOL DISTRICT,3631920,5245
NEW YORK,YORK CENTRAL SCHOOL DISTRICT,3631950,127
NEW YORK,YORKTOWN CENTRAL SCHOOL DISTRICT,3631980,616
NEW YORK,CUBA-RUSHFORD CENTRAL SCHOOL DISTRICT,3632010,183
NEW YORK,ALBANY-SCHOHARIE-SCHENECTADY-SARATOGA BOCES,3680100,NA
NEW YORK,BROOME-DELAWARE-TIOGA BOCES,3680140,NA
NEW YORK,CATTARAUGUS-ALLEGANY-ERIE-WYOMING BOCES,3680150,NA
NEW YORK,CAYUGA-ONONDAGA BOCES,3680180,NA
NEW YORK,CLINTON-ESSEX-WARREN-WASHINGTON BOCES,3680220,NA
NEW YORK,DELAWARE-CHENANGO-MADISON-OTSEGO BOCES,3680260,NA
NEW YORK,DUTCHESS BOCES,3680280,NA
NEW YORK,ERIE 1 BOCES,3680300,NA
NEW YORK,ERIE 2-CHAUTAUQUA-CATTARAUGUS BOCES,3680320,NA
NEW YORK,FRANKLIN-ESSEX-HAMILTON BOCES,3680340,NA
NEW YORK,OTSEGO-DELAWARE-SCHOHARIE-GREENE BOCES,3680380,NA
NEW YORK,HAMILTON-FULTON-MONTGOMERY BOCES,3680400,NA
NEW YORK,HERKIMER-FULTON-HAMILTON-OTSEGO BOCES,3680420,NA
NEW YORK,JEFFERSON-LEWIS-HAMILTON-HERKIMER-ONEIDA BOCES,3680440,NA
NEW YORK,GENESEE VALLEY BOCES,3680460,NA
NEW YORK,MADISON-ONEIDA BOCES,3680480,NA
NEW YORK,MONROE 1 BOCES,3680500,NA
NEW YORK,MONROE 2-ORLEANS BOCES,3680520,NA
NEW YORK,NASSAU BOCES,3680540,NA
NEW YORK,ONEIDA-HERKIMER-MADISON BOCES,3680560,NA
NEW YORK,ONONDAGA-CORTLAND-MADISON BOCES,3680580,NA
NEW YORK,ONTARIO-SENECA-YATES-CAYUGA-WAYNE BOCES,3680600,NA
NEW YORK,ORANGE-ULSTER BOCES,3680620,NA
NEW YORK,ORLEANS-NIAGARA BOCES,3680640,NA
NEW YORK,OSWEGO BOCES,3680660,NA
NEW YORK,PUTNAM-WESTCHESTER BOCES,3680680,NA
NEW YORK,RENSSELAER-COLUMBIA-GREENE BOCES,3680700,NA
NEW YORK,ROCKLAND BOCES,3680720,NA
NEW YORK,SAINT LAWRENCE-LEWIS BOCES,3680740,NA
NEW YORK,SCHUYLER-STEUBEN-CHEMUNG-TIOGA-ALLEGANY BOCES,3680780,NA
NEW YORK,EASTERN SUFFOLK BOCES,3680820,NA
NEW YORK,WESTERN SUFFOLK BOCES,3680860,NA
NEW YORK,SULLIVAN BOCES,3680880,NA
NEW YORK,TOMPKINS-SENECA-TIOGA BOCES,3680900,NA
NEW YORK,ULSTER BOCES,3680920,NA
NEW YORK,WASHINGTON-SARATOGA-WARREN-HAMILTON-ESSEX BOCES,3680940,NA
NEW YORK,WESTCHESTER BOCES,3680960,NA
NORTH CAROLINA,NC Health and Human Services,3700001,115
NORTH CAROLINA,Cumberland County Schools,3700011,7345
NORTH CAROLINA,Pitt County Schools,3700012,3013
NORTH CAROLINA,Grandfather Academy,3700016,8
NORTH CAROLINA,Francine Delany New School,3700017,24
NORTH CAROLINA,Chatham Charter,3700020,48
NORTH CAROLINA,The Learning Center,3700021,28
NORTH CAROLINA,Maureen Joy Charter,3700022,76
NORTH CAROLINA,Healthy Start Academy,3700023,45
NORTH CAROLINA,Quality Education Academy,3700025,73
NORTH CAROLINA,Carter G Woodson School,3700027,33
NORTH CAROLINA,Summit Charter,3700029,28
NORTH CAROLINA,Alamance-Burlington Schools,3700030,3158
NORTH CAROLINA,Children's Village Academy,3700031,37
NORTH CAROLINA,The Academy of Moore County,3700033,48
NORTH CAROLINA,Rocky Mount Preparatory,3700034,130
NORTH CAROLINA,Eno River Academy,3700035,88
NORTH CAROLINA,Arapahoe Charter School,3700038,95
NORTH CAROLINA,CIS Academy,3700040,18
NORTH CAROLINA,Bridges Academy,3700041,54
NORTH CAROLINA,The Exploris School,3700043,66
NORTH CAROLINA,Magellan Charter,3700045,56
NORTH CAROLINA,Sterling Montessori Academy,3700046,73
NORTH CAROLINA,Sallie B Howard School,3700049,100
NORTH CAROLINA,River Mill Academy,3700050,71
NORTH CAROLINA,Tiller School,3700052,26
NORTH CAROLINA,Woods Charter School,3700053,77
NORTH CAROLINA,Carter Community Charter,3700054,22
NORTH CAROLINA,Kestrel Heights School,3700055,79
NORTH CAROLINA,Lincoln Charter School,3700062,150
NORTH CAROLINA,Lake Norman Charter,3700064,141
NORTH CAROLINA,Brevard Academy,3700068,47
NORTH CAROLINA,Franklin Academy,3700069,94
NORTH CAROLINA,East Wake Academy,3700070,103
NORTH CAROLINA,Dillard Academy,3700074,46
NORTH CAROLINA,Williams Academy,3700077,26
NORTH CAROLINA,Evergreen Community Charter,3700078,60
NORTH CAROLINA,Research Triangle Charter,3700081,69
NORTH CAROLINA,Forsyth Academy,3700083,93
NORTH CAROLINA,Greensboro Academy,3700084,69
NORTH CAROLINA,The Mountain Community Sch,3700085,46
NORTH CAROLINA,American Renaissance School,3700086,82
NORTH CAROLINA,Sugar Creek Charter,3700089,101
NORTH CAROLINA,Alexander County Schools,3700090,741
NORTH CAROLINA,Sandhills Theatre Arts Renaiss,3700091,62
NORTH CAROLINA,Thomas Jefferson Classical Academy,3700093,90
NORTH CAROLINA,Vance Charter School,3700096,87
NORTH CAROLINA,Raleigh Charter High School,3700097,20
NORTH CAROLINA,Torchlight Academy,3700098,29
NORTH CAROLINA,Quest Academy,3700099,19
NORTH CAROLINA,Washington Montessori,3700101,54
NORTH CAROLINA,Charter Day School,3700102,116
NORTH CAROLINA,Alpha Academy,3700103,69
NORTH CAROLINA,Piedmont Community Charter,3700104,140
NORTH CAROLINA,Phoenix Academy Inc,3700105,122
NORTH CAROLINA,Success Charter School,3700106,28
NORTH CAROLINA,Metrolina Regional Scholars Academy,3700107,8
NORTH CAROLINA,Cape Fear Center for Inquiry,3700108,61
NORTH CAROLINA,Bethel Hill Charter,3700109,35
NORTH CAROLINA,Bethany Community Middle,3700110,59
NORTH CAROLINA,Millennium Charter Academy,3700111,102
NORTH CAROLINA,Union Academy Charter School,3700112,180
NORTH CAROLINA,PreEminent Charter School,3700113,108
NORTH CAROLINA,Southern Wake Academy,3700114,226
NORTH CAROLINA,Haliwa-Saponi Tribal School,3700115,39
NORTH CAROLINA,Clover Garden,3700116,84
NORTH CAROLINA,ArtSpace Charter,3700117,63
NORTH CAROLINA,The New Dimensions School,3700118,47
NORTH CAROLINA,Crosscreek Charter School,3700119,42
NORTH CAROLINA,Alleghany County Schools,3700120,207
NORTH CAROLINA,Guilford Preparatory Academy,3700121,33
NORTH CAROLINA,Gaston College Preparatory,3700123,87
NORTH CAROLINA,Arts Based School,3700126,73
NORTH CAROLINA,Queen's Grant Community School,3700127,129
NORTH CAROLINA,Gray Stone Day School,3700128,11
NORTH CAROLINA,Mountain Discovery Charter School,3700129,27
NORTH CAROLINA,Central Park School For Children,3700130,123
NORTH CAROLINA,Casa Esperanza Montessori,3700131,43
NORTH CAROLINA,The Hawbridge School,3700132,36
NORTH CAROLINA,Carolina International School,3700133,96
NORTH CAROLINA,Community School of Davidson,3700135,178
NORTH CAROLINA,Socrates Academy,3700137,62
NORTH CAROLINA,Two Rivers Community School,3700138,27
NORTH CAROLINA,Voyager Academy,3700139,189
NORTH CAROLINA,Columbus Charter School,3700140,107
NORTH CAROLINA,Wilmington Preparatory Academy,3700141,15
NORTH CAROLINA,KIPP: Charlotte,3700142,74
NORTH CAROLINA,Charlotte Secondary School,3700143,55
NORTH CAROLINA,Neuse Charter School,3700144,97
NORTH CAROLINA,Pine Lake Preparatory,3700145,174
NORTH CAROLINA,Fort Bragg,3700148,NA
NORTH CAROLINA,Cherokee Central Schools,3700153,NA
NORTH CAROLINA,NCDPS Juvenile Education Services,3700157,74
NORTH CAROLINA,DPS Education Services (fka Div Prisons),3700167,52
NORTH CAROLINA,Roxboro Community School,3700175,31
NORTH CAROLINA,Anson County Schools,3700180,513
NORTH CAROLINA,Ashe County Schools,3700210,464
NORTH CAROLINA,Asheboro City Schools,3700240,646
NORTH CAROLINA,Asheville City Schools,3700270,528
NORTH CAROLINA,Avery County Schools,3700300,369
NORTH CAROLINA,Endeavor Charter,3700314,60
NORTH CAROLINA,Triad Math and Science Academy,3700315,138
NORTH CAROLINA,Global Scholars Academy,3700316,34
NORTH CAROLINA,Mountain Island Charter,3700317,96
NORTH CAROLINA,Lake Lure Classical Academy,3700318,64
NORTH CAROLINA,Henderson Collegiate,3700319,59
NORTH CAROLINA,Deaf and Blind Schools,3700320,174
NORTH CAROLINA,Northeast Regional School - Biotech/Agri,3700321,3
NORTH CAROLINA,Bear Grass Charter School,3700322,41
NORTH CAROLINA,North East Carolina Preparatory School,3700323,106
NORTH CAROLINA,Triangle Math and Science Academy,3700324,71
NORTH CAROLINA,The College Preparatory and Leadership A,3700325,76
NORTH CAROLINA,Research Triangle High School,3700326,41
NORTH CAROLINA,Corvian Community School,3700327,139
NORTH CAROLINA,Cornerstone Charter Academy,3700328,115
NORTH CAROLINA,Water's Edge Village School,3700329,4
NORTH CAROLINA,Beaufort County Schools,3700330,961
NORTH CAROLINA,Langtree Charter Academy,3700331,180
NORTH CAROLINA,Island Montessori Charter,3700332,33
NORTH CAROLINA,Invest Collegiate,3700333,29
NORTH CAROLINA,Uwharrie Charter Academy,3700334,135
NORTH CAROLINA,Falls Lake Academy,3700336,132
NORTH CAROLINA,Longleaf School of the Arts,3700337,60
NORTH CAROLINA,Oxford Preparatory School,3700338,25
NORTH CAROLINA,Charlotte Choice Charter,3700339,9
NORTH CAROLINA,Douglass Academy,3700340,9
NORTH CAROLINA,Willow Oak Montessori,3700341,41
NORTH CAROLINA,NC Leadership Charter Academy,3700343,76
NORTH CAROLINA,Summerfield Charter Academy,3700344,61
NORTH CAROLINA,Southeastern Academy,3700346,25
NORTH CAROLINA,Cabarrus Charter Academy,3700347,109
NORTH CAROLINA,Z.E.C.A. School of Arts and Technology,3700348,32
NORTH CAROLINA,Thomas Academy,3700349,21
NORTH CAROLINA,Aristotle Preparatory Academy,3700350,21
NORTH CAROLINA,Paul R Brown Leadership Academy,3700351,22
NORTH CAROLINA,The Institute for the Development of You,3700352,39
NORTH CAROLINA,Pinnacle Classical Academy,3700353,68
NORTH CAROLINA,The Expedition School,3700354,33
NORTH CAROLINA,NC Virtual Public School,3700355,NA
NORTH CAROLINA,Bradford Preparatory School,3700356,143
NORTH CAROLINA,Cardinal Charter,3700358,88
NORTH CAROLINA,Pioneer Springs Community School,3700359,55
NORTH CAROLINA,Bertie County Schools,3700360,290
NORTH CAROLINA,The Franklin School of Innovation,3700361,77
NORTH CAROLINA,Envision Science Academy,3700362,83
NORTH CAROLINA,Reaching All Minds Academy,3700363,36
NORTH CAROLINA,Wake Forest Charter Academy,3700364,73
NORTH CAROLINA,Three Rivers Academy (fka Heritage Coll),3700365,5
NORTH CAROLINA,United Community School,3700367,44
NORTH CAROLINA,Invest Collegiate - Imagine,3700369,139
NORTH CAROLINA,The Capitol Encore Academy,3700370,67
NORTH CAROLINA,Lakeside Charter Acad  fka Thunderbird,3700371,22
NORTH CAROLINA,A.C.E. Academy,3700372,50
NORTH CAROLINA,Stewart Creek High School,3700374,14
NORTH CAROLINA,KIPP Halifax College Preparatory,3700375,51
NORTH CAROLINA,Wayne Preparatory,3700377,121
NORTH CAROLINA,South Brunswick Charter School,3700378,35
NORTH CAROLINA,Wilson Preparatory Academy,3700379,57
NORTH CAROLINA,Anderson Creek Academy,3700381,16
NORTH CAROLINA,Commonwealth High School,3700382,20
NORTH CAROLINA,Camp Lejeune,3700383,NA
NORTH CAROLINA,Excelsior Classical Academy,3700384,74
NORTH CAROLINA,KIPP Durham College Preparatory,3700385,41
NORTH CAROLINA,North Carolina Cyber Academy,3700386,278
NORTH CAROLINA,Youngsville Academy,3700387,26
NORTH CAROLINA,Piedmont Classical High School,3700388,68
NORTH CAROLINA,Shining Rock Classical Academy: CFA,3700389,46
NORTH CAROLINA,Bladen County Schools,3700390,533
NORTH CAROLINA,Charlotte Lab School,3700391,58
NORTH CAROLINA,Queen City STEM School,3700392,20
NORTH CAROLINA,VERITAS Community School,3700393,12
NORTH CAROLINA,Northeast Academy of Aerospace & AdvTech,3700394,48
NORTH CAROLINA,Ignite Innovation Academy - Pitt,3700395,27
NORTH CAROLINA,Winterville Charter Academy,3700396,73
NORTH CAROLINA,PAVE Southeast Raleigh Charter School,3700397,37
NORTH CAROLINA,NC Virtual Academy,3700398,366
NORTH CAROLINA,Concord Lake STEAM Academy,3700399,39
NORTH CAROLINA,Iredell Charter Academy,3700400,85
NORTH CAROLINA,Union Preparatory Academy at Indian Trai,3700401,109
NORTH CAROLINA,Peak Charter Academy,3700402,63
NORTH CAROLINA,Union Day School,3700403,49
NORTH CAROLINA,FernLeaf Community Charter School,3700404,55
NORTH CAROLINA,Matthews Charter Academy,3700405,91
NORTH CAROLINA,Central Wake Charter High School,3700406,49
NORTH CAROLINA,Girls Leadership Academy of Wilmington,3700407,40
NORTH CAROLINA,Gate City Charter Academy,3700408,84
NORTH CAROLINA,Unity Classical Charter School,3700409,12
NORTH CAROLINA,Mallard Creek STEM Academy,3700410,77
NORTH CAROLINA,Movement Charter School,3700411,40
NORTH CAROLINA,Coastal Preparatory Academy,3700412,37
NORTH CAROLINA,Emereau: Bladen,3700413,76
NORTH CAROLINA,UpROAR Leadership Academy,3700416,10
NORTH CAROLINA,Pine Springs Preparatory Academy: CFA,3700417,38
NORTH CAROLINA,Discovery Charter School,3700418,11
NORTH CAROLINA,East Carolina Community School,3700419,21
NORTH CAROLINA,Brunswick County Schools,3700420,1794
NORTH CAROLINA,Catamount School,3700421,12
NORTH CAROLINA,Davidson Charter Academy: CFA,3700422,43
NORTH CAROLINA,Carolina Charter Academy: CFA,3700423,31
NORTH CAROLINA,East Voyager Academy,3700424,4
NORTH CAROLINA,The Experiential School of Greensboro,3700425,45
NORTH CAROLINA,Monroe Charter Academy,3700426,7
NORTH CAROLINA,Appalachian State U Academy Middle Fork,3700427,28
NORTH CAROLINA,Raleigh Oak Charter School,3700428,38
NORTH CAROLINA,D.C. Virgo Preparatory Academy,3700429,41
NORTH CAROLINA,Johnston Charter Academy,3700430,85
NORTH CAROLINA,Moss Street Partnership School,3700431,69
NORTH CAROLINA,Moore Montessori Community School,3700432,16
NORTH CAROLINA,Rolesville Charter Academy,3700433,87
NORTH CAROLINA,Essie Mae Kiser Foxx Charter School,3700434,9
NORTH CAROLINA,Next Generation Academy,3700435,14
NORTH CAROLINA,Ascend Leadership Academy: Lee County,3700438,36
NORTH CAROLINA,Apprentice Academy HS of NC,3700439,22
NORTH CAROLINA,Mountain Island Day Community Charter Sc,3700441,56
NORTH CAROLINA,Innovative School District,3700442,50
NORTH CAROLINA,Niner University Elementary School,3700443,3
NORTH CAROLINA,B.L.U.E.-G.R.E.E.N. Academy,3700444,6
NORTH CAROLINA,Hobgood Charter School,3700445,20
NORTH CAROLINA,Southwest Charlotte STEM Academy,3700446,21
NORTH CAROLINA,Tillery Charter Academy,3700447,9
NORTH CAROLINA,Pocosin Innovative Charter,3700448,17
NORTH CAROLINA,Bonnie Cone Classical Academy,3700449,11
NORTH CAROLINA,Buncombe County Schools,3700450,3278
NORTH CAROLINA,Ridgeview Charter School,3700451,17
NORTH CAROLINA,TeamCFA - Community Public Charter,3700452,25
NORTH CAROLINA,West Lake Preparatory Academy,3700453,15
NORTH CAROLINA,Steele Creek Preparatory Academy,3700454,29
NORTH CAROLINA,Burke County Schools,3700480,1935
NORTH CAROLINA,Cabarrus County Schools,3700530,3811
NORTH CAROLINA,Caldwell County Schools,3700580,1673
NORTH CAROLINA,Camden County Schools,3700600,244
NORTH CAROLINA,Carteret County Public Schools,3700630,1016
NORTH CAROLINA,Caswell County Schools,3700660,397
NORTH CAROLINA,Catawba County Schools,3700690,1983
NORTH CAROLINA,Chapel Hill-Carrboro City Schools,3700720,1339
NORTH CAROLINA,Chatham County Schools,3700750,1197
NORTH CAROLINA,Cherokee County Schools,3700780,556
NORTH CAROLINA,Edenton-Chowan Schools,3700840,256
NORTH CAROLINA,Clay County Schools,3700870,215
NORTH CAROLINA,Cleveland County Schools,3700900,2250
NORTH CAROLINA,Clinton City Schools,3700930,212
NORTH CAROLINA,Columbus County Schools,3700960,681
NORTH CAROLINA,Currituck County Schools,3701080,543
NORTH CAROLINA,Dare County Schools,3701110,699
NORTH CAROLINA,Davidson County Schools,3701140,2566
NORTH CAROLINA,Davie County Schools,3701170,1002
NORTH CAROLINA,Duplin County Schools,3701200,894
NORTH CAROLINA,Durham Public Schools,3701260,4777
NORTH CAROLINA,Edgecombe County Public Schools,3701320,850
NORTH CAROLINA,Elkin City Schools,3701380,150
NORTH CAROLINA,Winston Salem / Forsyth County Schools,3701500,7420
NORTH CAROLINA,Franklin County Schools,3701530,1052
NORTH CAROLINA,Gaston County Schools,3701620,4553
NORTH CAROLINA,Gates County Schools,3701680,279
NORTH CAROLINA,Graham County Schools,3701770,182
NORTH CAROLINA,Granville County Schools,3701800,1121
NORTH CAROLINA,Greene County Schools,3701830,280
NORTH CAROLINA,Guilford County Schools,3701920,10062
NORTH CAROLINA,Halifax County Schools,3701950,336
NORTH CAROLINA,Harnett County Schools,3702010,2457
NORTH CAROLINA,Haywood County Schools,3702040,1293
NORTH CAROLINA,Henderson County Schools,3702100,1887
NORTH CAROLINA,Hertford County Schools,3702160,404
NORTH CAROLINA,Hickory City Schools,3702190,552
NORTH CAROLINA,Hoke County Schools,3702250,1183
NORTH CAROLINA,Hyde County Schools,3702280,88
NORTH CAROLINA,Iredell-Statesville Schools,3702310,2228
NORTH CAROLINA,Jackson County Public Schools,3702340,575
NORTH CAROLINA,Johnston County Public Schools,3702370,5908
NORTH CAROLINA,Jones County Schools,3702400,179
NORTH CAROLINA,Kannapolis City Schools,3702430,740
NORTH CAROLINA,Lee County Schools,3702560,1250
NORTH CAROLINA,Lenoir County Public Schools,3702610,1381
NORTH CAROLINA,Lexington City Schools,3702640,408
NORTH CAROLINA,Lincoln County Schools,3702680,1598
NORTH CAROLINA,Macon County Schools,3702760,716
NORTH CAROLINA,Madison County Schools,3702820,371
NORTH CAROLINA,Martin County Schools,3702880,571
NORTH CAROLINA,McDowell County Schools,3702940,1091
NORTH CAROLINA,Charlotte-Mecklenburg Schools,3702970,14899
NORTH CAROLINA,Mitchell County Schools,3703000,317
NORTH CAROLINA,Montgomery County Schools,3703060,446
NORTH CAROLINA,Moore County Schools,3703090,1679
NORTH CAROLINA,Mooresville Graded School District,3703120,831
NORTH CAROLINA,Mount Airy City Schools,3703210,246
NORTH CAROLINA,Nash-Rocky Mount Schools,3703270,2307
NORTH CAROLINA,Craven County Schools,3703310,1790
NORTH CAROLINA,New Hanover County Schools,3703330,3351
NORTH CAROLINA,Newton Conover City Schools,3703360,407
NORTH CAROLINA,Northampton County Schools,3703420,223
NORTH CAROLINA,Onslow County Schools,3703450,4223
NORTH CAROLINA,Orange County Schools,3703480,1019
NORTH CAROLINA,Pamlico County Schools,3703510,212
NORTH CAROLINA,Elizabeth City-Pasquotank Public Schools,3703540,836
NORTH CAROLINA,Pender County Schools,3703570,1361
NORTH CAROLINA,Perquimans County Schools,3703600,314
NORTH CAROLINA,Person County Schools,3703630,604
NORTH CAROLINA,Polk County Schools,3703720,304
NORTH CAROLINA,Randolph County School System,3703780,2041
NORTH CAROLINA,Richmond County Schools,3703870,1042
NORTH CAROLINA,Roanoke Rapids City Schools,3703900,389
NORTH CAROLINA,Public Schools of Robeson County,3703930,3658
NORTH CAROLINA,Rockingham County Schools,3703990,1975
NORTH CAROLINA,Rowan-Salisbury Schools,3704050,2397
NORTH CAROLINA,Rutherford County Schools,3704080,1382
NORTH CAROLINA,Sampson County Schools,3704140,834
NORTH CAROLINA,Scotland County Schools,3704200,1011
NORTH CAROLINA,Stanly County Schools,3704320,1402
NORTH CAROLINA,Stokes County Schools,3704380,1107
NORTH CAROLINA,Surry County Schools,3704410,1035
NORTH CAROLINA,Swain County Schools,3704440,342
NORTH CAROLINA,Thomasville City Schools,3704500,291
NORTH CAROLINA,Transylvania County Schools,3704530,513
NORTH CAROLINA,Tyrrell County Schools,3704590,87
NORTH CAROLINA,Union County Public Schools,3704620,4243
NORTH CAROLINA,Vance County Schools,3704650,753
NORTH CAROLINA,Wake County Schools,3704720,20041
NORTH CAROLINA,Warren County Schools,3704740,329
NORTH CAROLINA,Washington County Schools,3704800,174
NORTH CAROLINA,Watauga County Schools,3704830,890
NORTH CAROLINA,Wayne County Public Schools,3704880,2505
NORTH CAROLINA,Weldon City Schools,3704890,110
NORTH CAROLINA,Whiteville City Schools,3704920,296
NORTH CAROLINA,Wilkes County Schools,3704950,1303
NORTH CAROLINA,Wilson County Schools,3705020,1051
NORTH CAROLINA,Yadkin County Schools,3705040,783
NORTH CAROLINA,Yancey County Schools,3705070,316
NORTH DAKOTA,MARMOT SCHOOLS,3800005,3
NORTH DAKOTA,ND SCHOOL FOR THE DEAF,3800006,10
NORTH DAKOTA,BISMARCK 1,3800014,1712
NORTH DAKOTA,NAUGHTON 25,3800015,3
NORTH DAKOTA,STRASBURG 15,3800016,13
NORTH DAKOTA,LINTON 36,3800017,32
NORTH DAKOTA,CAVALIER 6,3800018,87
NORTH DAKOTA,JAMESTOWN 1,3800021,335
NORTH DAKOTA,SCRANTON 33,3800023,18
NORTH DAKOTA,POWERS LAKE 27,3800024,37
NORTH DAKOTA,KINDRED 2,3800025,139
NORTH DAKOTA,NEW ENGLAND 9,3800027,29
NORTH DAKOTA,DRAKE 57,3800029,8
NORTH DAKOTA,HAZEN 3,3800031,64
NORTH DAKOTA,BEULAH 27,3800032,76
NORTH DAKOTA,FT RANSOM 6,3800033,3
NORTH DAKOTA,RICHLAND 44,3800036,35
NORTH DAKOTA,DICKINSON 1,3800038,723
NORTH DAKOTA,TIOGA 15,3800039,77
NORTH DAKOTA,DAKOTA PRAIRIE 1,3800040,33
NORTH DAKOTA,MAY-PORT CG 14,3800041,96
NORTH DAKOTA,MIDKOTA 7,3800042,19
NORTH DAKOTA,GACKLE-STREETER 56,3800043,14
NORTH DAKOTA,NORTHERN CASS 97,3800044,44
NORTH DAKOTA,ELGIN-NEW LEIPZIG 49,3800045,28
NORTH DAKOTA,MOTT-REGENT 1,3800046,35
NORTH DAKOTA,TGU 60,3800047,51
NORTH DAKOTA,RICHARDTON-TAYLOR 34,3800048,55
NORTH DAKOTA,FESSENDEN-BOWDON 25,3800049,28
NORTH DAKOTA,MOHALL-LANSFORD-SHERWOOD 1,3800050,62
NORTH DAKOTA,CENTER-STANTON 1,3800052,33
NORTH DAKOTA,CARRINGTON 49,3800053,55
NORTH DAKOTA,NORTH BORDER 100,3800054,79
NORTH DAKOTA,FORDVILLE-LANKIN 5,3800056,6
NORTH DAKOTA,LITCHVILLE-MARION 46,3800057,21
NORTH DAKOTA,LEWIS AND CLARK 161,3800058,55
NORTH DAKOTA,NEW ROCKFORD-SHEYENNE 2,3800059,46
NORTH DAKOTA,BARNES COUNTY NORTH 7,3800060,29
NORTH DAKOTA,ENDERLIN AREA 24,3800061,35
NORTH DAKOTA,KIDDER COUNTY 1,3800389,59
NORTH DAKOTA,NORTH STAR 10,3800390,36
NORTH DAKOTA,NEW SALEM-ALMONT 49,3800392,28
NORTH DAKOTA,VALLEY-EDINBURG 118,3800397,37
NORTH DAKOTA,PARK RIVER AREA 8,3800401,52
NORTH DAKOTA,NEWBURG-UNITED 54,3800825,19
NORTH DAKOTA,ALEXANDER 2,3801760,31
NORTH DAKOTA,ANAMOOSE 14,3801950,20
NORTH DAKOTA,APPLE CREEK 39,3802014,5
NORTH DAKOTA,ASHLEY 9,3802170,13
NORTH DAKOTA,BAKKER 10,3802240,3
NORTH DAKOTA,BEACH 3,3802380,43
NORTH DAKOTA,BELCOURT 7,3802530,105
NORTH DAKOTA,BILLINGS CO 1,3802840,13
NORTH DAKOTA,BOTTINEAU 1,3803060,52
NORTH DAKOTA,BOWBELLS 14,3803090,14
NORTH DAKOTA,BOWMAN CO 1,3803200,61
NORTH DAKOTA,BURKE CENTRAL 36,3803590,25
NORTH DAKOTA,CENTRAL CASS 17,3804090,113
NORTH DAKOTA,CENTRAL VALLEY 3,3804140,24
NORTH DAKOTA,GRIGGS COUNTY CENTRAL 18,3804560,63
NORTH DAKOTA,DEVILS LAKE 1,3805040,306
NORTH DAKOTA,DIVIDE COUNTY 1,3805160,60
NORTH DAKOTA,DRAYTON 19,3805340,20
NORTH DAKOTA,DUNSEITH 1,3805460,102
NORTH DAKOTA,EARL 18,3805670,3
NORTH DAKOTA,EDGELEY 3,3805850,18
NORTH DAKOTA,EDMORE 2,3805950,5
NORTH DAKOTA,EIGHT MILE 6,3806010,29
NORTH DAKOTA,ELLENDALE 40,3806090,24
NORTH DAKOTA,BELFIELD 13,3806210,47
NORTH DAKOTA,EMERADO 127,3806360,21
NORTH DAKOTA,FAIRMOUNT 18,3806690,22
NORTH DAKOTA,FARGO 1,3806780,1734
NORTH DAKOTA,FINLEY-SHARON 19,3806910,12
NORTH DAKOTA,FLASHER 39,3806930,33
NORTH DAKOTA,FT TOTTEN 30,3807170,38
NORTH DAKOTA,FT YATES 4,3807200,27
NORTH DAKOTA,GARRISON 51,3807590,53
NORTH DAKOTA,GLEN ULLIN 48,3807830,10
NORTH DAKOTA,GLENBURN 26,3807850,35
NORTH DAKOTA,GOODRICH 16,3807950,3
NORTH DAKOTA,GRAFTON 3,3808060,182
NORTH DAKOTA,GRAND FORKS 1,3808130,1318
NORTH DAKOTA,GRENORA 99,3808460,12
NORTH DAKOTA,HALLIDAY 19,3808610,3
NORTH DAKOTA,HANKINSON 8,3808710,43
NORTH DAKOTA,HARVEY 38,3808890,56
NORTH DAKOTA,HATTON EIELSON 7,3809000,30
NORTH DAKOTA,HAZELTON-MOFFIT-BRADDOCK 6,3809130,15
NORTH DAKOTA,HEBRON 13,3809180,22
NORTH DAKOTA,HETTINGER 13,3809410,36
NORTH DAKOTA,HILLSBORO 9,3809570,67
NORTH DAKOTA,HOPE 10,3809710,7
NORTH DAKOTA,HORSE CREEK 32,3809810,3
NORTH DAKOTA,KENMARE 28,3810180,36
NORTH DAKOTA,KENSAL 19,3810260,7
NORTH DAKOTA,KILLDEER 16,3810270,91
NORTH DAKOTA,KULM 7,3810500,22
NORTH DAKOTA,LAKOTA 66,3810600,19
NORTH DAKOTA,LAMOURE 8,3810740,36
NORTH DAKOTA,LANGDON AREA 23,3810810,62
NORTH DAKOTA,LARIMORE 44,3810860,51
NORTH DAKOTA,LEEDS 6,3810980,12
NORTH DAKOTA,LIDGERWOOD 28,3811140,40
NORTH DAKOTA,LISBON 19,3811430,68
NORTH DAKOTA,LITTLE HEART 4,3811540,3
NORTH DAKOTA,LONE TREE 6,3811610,3
NORTH DAKOTA,MADDOCK 9,3811700,15
NORTH DAKOTA,MANDAN 1,3811820,470
NORTH DAKOTA,MANDAREE 36,3811850,9
NORTH DAKOTA,MANNING 45,3811970,NA
NORTH DAKOTA,MANVEL 125,3812000,37
NORTH DAKOTA,MAPLE VALLEY 4,3812020,19
NORTH DAKOTA,MAPLETON 7,3812030,22
NORTH DAKOTA,MARMARTH 12,3812120,4
NORTH DAKOTA,MAX 50,3812350,24
NORTH DAKOTA,MCCLUSKY 19,3812430,19
NORTH DAKOTA,MCKENZIE CO 1,3812540,222
NORTH DAKOTA,MEDINA 3,3812660,25
NORTH DAKOTA,MENOKEN 33,3812720,6
NORTH DAKOTA,MIDWAY 128,3812920,38
NORTH DAKOTA,MILNOR 2,3812930,38
NORTH DAKOTA,MINNEWAUKAN 5,3812990,38
NORTH DAKOTA,MINOT 1,3813030,1316
NORTH DAKOTA,MINTO 20,3813050,59
NORTH DAKOTA,WILTON 1,3813200,31
NORTH DAKOTA,MONTPELIER 14,3813230,14
NORTH DAKOTA,MT PLEASANT 4,3813400,38
NORTH DAKOTA,MUNICH 19,3813440,11
NORTH DAKOTA,NAPOLEON 2,3813510,33
NORTH DAKOTA,NEDROSE 4,3813660,95
NORTH DAKOTA,NESSON 2,3813710,61
NORTH DAKOTA,WILLIAMS COUNTY 8,3813760,101
NORTH DAKOTA,NEW TOWN 1,3813920,127
NORTH DAKOTA,NORTH SARGENT 3,3814290,34
NORTH DAKOTA,NORTHWOOD 129,3814340,38
NORTH DAKOTA,OAKES 41,3814500,45
NORTH DAKOTA,OBERON 16,3814520,3
NORTH DAKOTA,PAGE 80,3814730,6
NORTH DAKOTA,PARSHALL 3,3814940,48
NORTH DAKOTA,PINGREE-BUCHANAN 10,3815150,14
NORTH DAKOTA,ROLETTE 29,3816050,25
NORTH DAKOTA,ROOSEVELT 18,3816090,17
NORTH DAKOTA,RUGBY 5,3816130,100
NORTH DAKOTA,SARGENT CENTRAL 6,3816430,26
NORTH DAKOTA,SAWYER 16,3816470,12
NORTH DAKOTA,SELFRIDGE 8,3816510,8
NORTH DAKOTA,SOLEN 3,3816980,40
NORTH DAKOTA,VELVA 1,3817040,49
NORTH DAKOTA,SOUTH HEART 9,3817130,62
NORTH DAKOTA,SOUTH PRAIRIE 70,3817170,54
NORTH DAKOTA,ST JOHN 3,3817460,63
NORTH DAKOTA,ST THOMAS 43,3817520,9
NORTH DAKOTA,STANLEY 2,3817570,133
NORTH DAKOTA,STARKWEATHER 44,3817670,8
NORTH DAKOTA,STERLING 35,3817760,3
NORTH DAKOTA,SURREY 41,3817910,46
NORTH DAKOTA,SWEET BRIAR 17,3817940,3
NORTH DAKOTA,THOMPSON 61,3818280,54
NORTH DAKOTA,TURTLE LAKE-MERCER 72,3818500,30
NORTH DAKOTA,TWIN BUTTES 37,3818600,3
NORTH DAKOTA,UNDERWOOD 8,3818660,40
NORTH DAKOTA,UNITED 7,3818730,64
NORTH DAKOTA,VALLEY CITY 2,3818850,141
NORTH DAKOTA,WAHPETON 37,3819020,179
NORTH DAKOTA,WARWICK 29,3819260,59
NORTH DAKOTA,WASHBURN 4,3819290,39
NORTH DAKOTA,WEST FARGO 6,3819410,1557
NORTH DAKOTA,WESTHOPE 17,3819470,35
NORTH DAKOTA,WHITE SHIELD 85,3819680,3
NORTH DAKOTA,WILLISTON 1,3819880,564
NORTH DAKOTA,WING 28,3820130,15
NORTH DAKOTA,WISHEK 19,3820190,31
NORTH DAKOTA,WOLFORD 1,3820230,3
NORTH DAKOTA,WYNDMERE 42,3820310,29
NORTH DAKOTA,YELLOWSTONE 14,3820340,11
NORTH DAKOTA,ZEELAND 4,3820400,7
OHIO,Ohio School For The Deaf,3900001,3
OHIO,Ohio School For The Blind,3900002,3
OHIO,Muskingum Valley ESC,3900008,NA
OHIO,South Central Ohio ESC,3900009,NA
OHIO,North Point Educational Service Center,3900013,NA
OHIO,Ohio Valley ESC,3900014,NA
OHIO,Northwest Ohio Educational Service Center,3900015,NA
OHIO,Youngstown Community School,3900017,18
OHIO,Constellation Schools: Old Brooklyn Community Elementary,3900019,36
OHIO,Autism Model School,3900022,108
OHIO,Green Inspiration Academy,3900025,27
OHIO,Middlebury Academy,3900027,35
OHIO,City Day Community School,3900029,17
OHIO,Cincinnati College Preparatory Academy,3900031,55
OHIO,Citizens Academy,3900032,37
OHIO,Edge Academy The,3900033,38
OHIO,Millennium Community School,3900036,46
OHIO,Summit Academy Akron Elementary School,3900038,88
OHIO,Horizon Science Acad Cleveland,3900040,75
OHIO,Horizon Science Academy Columbus,3900042,38
OHIO,Riverside Academy,3900043,38
OHIO,Richard Allen Academy,3900047,16
OHIO,Invictus High School,3900052,95
OHIO,Towpath Trail High School,3900053,116
OHIO,Toledo School For The Arts,3900056,41
OHIO,North Central Ohio ESC,3900063,NA
OHIO,Mid-Ohio ESC,3900064,NA
OHIO,Intergenerational School The,3900065,20
OHIO,Constellation Schools: Parma Community,3900068,194
OHIO,Summit Academy Community School for Alternative Learn-Canton,3900071,64
OHIO,T.C.P. World Academy,3900072,55
OHIO,Richard Allen Preparatory,3900073,15
OHIO,Lighthouse Community Sch Inc,3900077,43
OHIO,Graham School The,3900080,83
OHIO,Cornerstone Academy Community School,3900081,74
OHIO,Dayton Leadership Academies-Dayton View Campus,3900083,66
OHIO,River Gate High School,3900084,16
OHIO,Queen City Career Prep High School,3900086,16
OHIO,Western Buckeye ESC,3900090,NA
OHIO,Athens-Meigs ESC,3900091,NA
OHIO,Madison-Champaign ESC,3900092,NA
OHIO,Ross-Pike ESC,3900093,NA
OHIO,Monroe Local,3900094,322
OHIO,Summit Acdy Comm Schl for Alternative Learners of Middletown,3900096,66
OHIO,Summit Academy Community School Alternative Learners -Xenia,3900097,153
OHIO,Summit Academy Akron Middle School,3900098,44
OHIO,Cliff Park High School,3900100,42
OHIO,Marshall High School,3900101,93
OHIO,Constellation Schools: Lorain Community Elementary,3900102,17
OHIO,Constellation Schools: Elyria Community,3900103,53
OHIO,YB Columbus Community School,3900104,52
OHIO,Constellation Schools: Westpark Community Elementary,3900105,26
OHIO,Dohn Community,3900106,183
OHIO,Washington Park Community School,3900107,22
OHIO,Summit Academy Community School Alternative Learners-Lorain,3900109,54
OHIO,Phoenix Community Learning Ctr,3900113,31
OHIO,The Autism Academy Of Learning,3900117,55
OHIO,TRECA Digital Academy,3900118,466
OHIO,West Preparatory Academy,3900119,22
OHIO,Hamilton Cnty Math & Science,3900121,24
OHIO,Sciotoville,3900123,81
OHIO,Glass City Academy,3900127,60
OHIO,Pathway School of Discovery,3900129,109
OHIO,Alliance Academy of Cincinnati,3900130,96
OHIO,Wildwood Environmental Academy,3900138,80
OHIO,Tomorrow Center,3900145,51
OHIO,Mahoning Unlimited Classroom,3900146,25
OHIO,Goal Digital Academy,3900151,173
OHIO,Fairborn Digital Academy,3900155,36
OHIO,Stark High School,3900175,15
OHIO,Black River Career Prep High School,3900176,46
OHIO,Focus Learning Academy of Southwest Columbus,3900177,74
OHIO,Focus Learning Academy of Southeastern Columbus,3900178,41
OHIO,Focus Learning Academy of Northern Columbus,3900179,10
OHIO,Ohio Virtual Academy,3900180,2369
OHIO,Hope Academy Northcoast,3900181,54
OHIO,Mound Street Academies,3900185,33
OHIO,International Acad Of Columbus,3900190,21
OHIO,Great Western Academy,3900192,61
OHIO,Trotwood Preparatory & Fitness Academy,3900193,57
OHIO,Middletown Preparatory & Fitness Academy,3900194,59
OHIO,Alternative Education Academy,3900203,470
OHIO,Constellation Schools: Puritas Community Elementary,3900211,13
OHIO,Constellation Schools: Stockyard Community Elementary,3900212,29
OHIO,North Dayton School Of Science & Discovery,3900216,72
OHIO,Arts & College Preparatory Academy,3900223,56
OHIO,Skyway Career Prep High School,3900231,32
OHIO,Foxfire High School,3900233,99
OHIO,Buckeye United School District,3900237,116
OHIO,Ohio Central School System,3900238,199
OHIO,Miami Valley Academies,3900241,32
OHIO,Ohio Connections Academy Inc,3900250,594
OHIO,Quaker Digital Academy,3900252,74
OHIO,West Central Learning Academy II,3900276,16
OHIO,Lake Erie International High School,3900277,43
OHIO,Randall Park High School,3900279,3
OHIO,Canton Harbor High School,3900285,41
OHIO,Cleveland Academy for Scholarship Technology and Leadership,3900286,61
OHIO,Constellation Schools: Puritas Community Middle,3900291,32
OHIO,Pinnacle Academy,3900299,76
OHIO,Winterfield Venture Academy,3900302,87
OHIO,Columbus Humanities Arts and Technology Academy,3900304,27
OHIO,A+ Arts Academy,3900305,72
OHIO,Columbus Arts & Technology Academy,3900306,46
OHIO,Columbus Preparatory Academy,3900307,38
OHIO,Orion Academy,3900308,53
OHIO,Apex Academy,3900309,62
OHIO,Hope Academy Northwest Campus,3900313,38
OHIO,The Dream Academy Community School,3900314,6
OHIO,Emerson Academy,3900315,93
OHIO,Coshocton Opportunity School,3900331,14
OHIO,Summit Academy Transition High School-Cincinnati,3900337,51
OHIO,Summit Academy School - Lorain,3900338,73
OHIO,Summit Academy Middle School - Columbus,3900339,42
OHIO,Heir Force Community School,3900341,29
OHIO,Summit Academy Transition High School-Columbus,3900342,55
OHIO,Summit Academy Alternative LearnersWarren Middle & Secondary,3900344,79
OHIO,Summit Academy Transition High School Dayton,3900348,109
OHIO,Summit Academy-Youngstown,3900350,123
OHIO,Summit Academy Community School - Painesville,3900356,36
OHIO,Summit Academy Secondary School - Middletown,3900361,78
OHIO,Rittman Academy,3900366,4
OHIO,Capital City Career Prep High School,3900381,25
OHIO,Oakstone Community School,3900383,268
OHIO,Schnee Learning Center,3900385,26
OHIO,Zenith Academy,3900396,33
OHIO,Wings Academy 1,3900399,13
OHIO,Maritime Academy of Toledo The,3900428,74
OHIO,Educational Academy for Boys & Girls,3900434,10
OHIO,Midnimo Cross Cultural Community School,3900435,9
OHIO,Horizon Science Academy-Cincinnati,3900441,34
OHIO,Horizon Science Academy-Dayton,3900444,10
OHIO,Gem City Career Prep High School,3900448,16
OHIO,Horizon Science Academy-Springfield,3900451,41
OHIO,Horizon Science Academy-Denison Middle School,3900454,29
OHIO,Bennett Venture Academy,3900457,94
OHIO,Stambaugh Charter Academy,3900467,96
OHIO,Horizon Science Academy-Cleveland Middle School,3900470,40
OHIO,Westside Academy,3900474,15
OHIO,Interactive Media & Construction (IMAC),3900478,14
OHIO,Greater Ohio Virtual School,3900488,145
OHIO,Auglaize County Educational Academy,3900490,13
OHIO,Summit Academy Community School-Columbus,3900492,28
OHIO,Summit Academy Community School - Dayton,3900493,58
OHIO,Summit Academy Secondary - Akron,3900494,60
OHIO,Summit Academy Secondary - Canton,3900495,56
OHIO,Summit Academy - Toledo,3900496,89
OHIO,Summit Academy Community School-Parma,3900497,111
OHIO,Summit Academy Secondary - Youngstown,3900498,129
OHIO,Summit Academy Community School-Warren,3900500,83
OHIO,Summit Academy Community School - Cincinnati,3900501,75
OHIO,Bridges Community Academy,3900502,42
OHIO,Constellation Schools: Westpark Community Middle,3900503,28
OHIO,Menlo Park Academy,3900505,20
OHIO,Constellation Schools: Madison Community Elementary,3900506,43
OHIO,Constellation Schools: Lorain Community Middle,3900507,31
OHIO,Constellation Schools: Old Brooklyn Community Middle,3900508,35
OHIO,Horizon Science Academy Toledo,3900510,67
OHIO,Findlay Digital Academy,3900528,37
OHIO,Buckeye On-Line School for Success,3900530,154
OHIO,Manchester Local,3900537,152
OHIO,Whitehall Preparatory and Fitness Academy,3900550,72
OHIO,Springfield Preparatory and Fitness Academy,3900551,43
OHIO,Northland Preparatory and Fitness Academy,3900552,37
OHIO,Promise Academy,3900562,18
OHIO,East Bridge Academy of Excellence,3900564,56
OHIO,Par Excellence Academy,3900567,56
OHIO,Toledo Preparatory and Fitness Academy,3900573,51
OHIO,Columbus Preparatory and Fitness Academy,3900574,94
OHIO,Mt. Healthy Preparatory and Fitness Academy,3900575,42
OHIO,Youngstown Academy of Excellence,3900580,39
OHIO,Cleveland Arts and Social Sciences Academy,3900584,28
OHIO,Charles School at Ohio Dominican University,3900586,58
OHIO,Lorain Preparatory Academy,3900587,74
OHIO,Cascade Career Prep High School,3900593,31
OHIO,Monroe Preparatory Academy,3900594,41
OHIO,Early College Academy,3900638,13
OHIO,Groveport Community School,3900640,60
OHIO,Harvard Avenue Performance Academy,3900641,51
OHIO,Dayton Business Technology High School,3900642,29
OHIO,North Woods Career Prep High School,3900643,11
OHIO,South Scioto Academy,3900644,79
OHIO,Noble Academy-Columbus,3900645,22
OHIO,Noble Academy-Cleveland,3900646,34
OHIO,Eagle Learning Center,3900647,5
OHIO,Clay Avenue Community School,3901296,62
OHIO,Foundation Academy,3901301,60
OHIO,Dayton Early College Academy Inc,3901302,25
OHIO,Columbus Collegiate Academy,3901305,39
OHIO,Central Academy of Ohio,3901313,27
OHIO,Zanesville Community School,3901314,34
OHIO,Horizon Science Academy Columbus Middle School,3901322,51
OHIO,Constellation Schools: Westside Community School of the Arts,3901326,35
OHIO,Mahoning County High School,3901329,21
OHIO,KIPP Columbus,3901330,187
OHIO,Cesar Chavez College Preparatory School,3901335,8
OHIO,Performance Academy Eastland,3901337,54
OHIO,L. Hollingworth School for Talented and Gifted,3901339,35
OHIO,Sullivant Avenue Community School,3901344,26
OHIO,Harrisburg Pike Community School,3901345,11
OHIO,Madison Avenue School of Arts,3901346,50
OHIO,Klepinger Community School,3901347,56
OHIO,Ashland County Community Academy,3901350,22
OHIO,Horizon Science Academy Elementary School,3901353,56
OHIO,Renaissance Academy,3901354,17
OHIO,Achieve Career Preparatory Academy,3901362,39
OHIO,Lakeland Academy Community School,3901363,11
OHIO,Horizon Science Academy Lorain,3901365,68
OHIO,Horizon Science Academy Dayton High School,3901366,39
OHIO,Village Preparatory School Cliffs,3901368,52
OHIO,Greater Summit County Early Learning Center,3901369,9
OHIO,Bella Academy of Excellence,3901370,18
OHIO,Dayton Regional STEM School,3901374,31
OHIO,Columbus Bilingual Academy-North,3901375,39
OHIO,Northeast Ohio College Preparatory School,3901376,91
OHIO,Imagine Akron Academy,3901377,3
OHIO,Everest High School,3901378,9
OHIO,The Richland School of Academic Arts,3901381,25
OHIO,Graham Elementary and Middle School,3901382,102
OHIO,Horizon Science Academy Dayton Downtown,3901383,27
OHIO,Horizon Science Academy Youngstown,3901389,34
OHIO,Zenith Academy East,3901396,21
OHIO,Cleveland College Preparatory School,3901397,50
OHIO,Columbus Performance Academy,3901398,31
OHIO,Constellation Schools: Stockyard Community Middle,3901403,13
OHIO,Near West Intergenerational School,3901405,39
OHIO,Foxfire Intermediate School,3901407,79
OHIO,Regent High School,3901409,22
OHIO,Mason Run High School,3901410,33
OHIO,Old Brook High School,3901411,32
OHIO,Road to Success Academy,3901412,17
OHIO,Central High School,3901413,40
OHIO,Frederick Douglass High School,3901415,21
OHIO,Capital High School,3901416,18
OHIO,Patriot Preparatory Academy,3901417,66
OHIO,North Central Academy,3901420,40
OHIO,Southside Academy,3901427,31
OHIO,Akros Middle School,3901428,28
OHIO,Hardin Community School,3901429,10
OHIO,Broadway Academy,3901430,39
OHIO,Constellation Schools: Eastside Arts Academy,3901432,17
OHIO,The Academy for Urban Scholars,3901433,48
OHIO,STEAM Academy of Warren,3901434,34
OHIO,Citizens Leadership Academy,3901444,32
OHIO,Townsend North Community School,3901450,296
OHIO,Focus North High School,3901451,37
OHIO,STEAM Academy of Akron,3901454,9
OHIO,University of Cleveland Preparatory School,3901457,46
OHIO,Beacon Hill Academy,3901463,3
OHIO,Global Village Academy,3901465,7
OHIO,Canton College Preparatory School,3901470,52
OHIO,Academy for Urban Scholars Youngstown,3901472,35
OHIO,Hope Academy for Autism,3901473,23
OHIO,SunBridge Schools,3901475,34
OHIO,Columbus Collegiate Academy - West,3901478,38
OHIO,A+ Children's Academy,3901480,23
OHIO,STEAM Academy of Warrensville Heights,3901482,12
OHIO,Citizens Academy East,3901486,31
OHIO,Ohio College Preparatory School,3901487,42
OHIO,Imagine Hill Avenue,3901488,14
OHIO,Metro Early College High School,3901490,39
OHIO,Cleveland Preparatory Academy,3901496,14
OHIO,Stepstone Academy,3901498,9
OHIO,Lake Erie College Preparatory School,3901499,29
OHIO,Academy of Educational Excellence,3901502,12
OHIO,Akron Preparatory School,3901503,53
OHIO,Village Preparatory School Woodland Hills,3901505,86
OHIO,DECA PREP,3901508,80
OHIO,Main Preparatory Academy,3901511,17
OHIO,Bio-Med Science Academy STEM School,3901512,41
OHIO,West Park Academy,3901514,54
OHIO,Cincinnati Technology Academy,3901516,60
OHIO,Hope Learning Academy of Toledo,3901520,52
OHIO,Imagine Columbus Primary School,3901521,20
OHIO,Winton Preparatory Academy,3901524,51
OHIO,East Academy,3901526,38
OHIO,Chapelside Cleveland Academy,3901527,44
OHIO,United Preparatory Academy,3901529,34
OHIO,Ohio Construction Academy,3901530,32
OHIO,Franklinton Preparatory Academy,3901533,32
OHIO,Global Impact STEM Academy,3901535,33
OHIO,Dayton SMART Elementary School,3901536,12
OHIO,Albert Einstein Academy for Letters Arts and Sciences-Ohio,3901539,121
OHIO,Lincoln Park Academy,3901543,77
OHIO,Discovery Academy,3901545,86
OHIO,Imagine Leadership Academy,3901549,15
OHIO,Eastland Preparatory Academy,3901550,25
OHIO,Liberty Preparatory School,3901551,24
OHIO,East Preparatory Academy,3901554,22
OHIO,Rise & Shine Academy,3901555,10
OHIO,University Academy,3901556,46
OHIO,Lakeshore Intergenerational School,3901564,28
OHIO,Valley STEM+ME2 Academy,3901565,48
OHIO,Utica Shale Academy of Ohio,3901566,10
OHIO,Steel Academy,3901567,56
OHIO,T2 Honors Academy,3901568,19
OHIO,Citizens Academy Southeast,3901570,43
OHIO,Stonebrook Montessori,3901571,11
OHIO,Flex High School,3901574,65
OHIO,iSTEM Geauga Early College High School,3901575,17
OHIO,Zenith Academy West,3901576,13
OHIO,Tri-State STEM+M Early College High School,3901577,4
OHIO,Village Preparatory School Willard,3901581,47
OHIO,Bridge Gate Community School,3901582,34
OHIO,Westwood Preparatory Academy,3901583,137
OHIO,East Branch Preparatory AcademydbaWright Preparatory Academy,3901584,28
OHIO,iLEAD Spring Meadows,3901585,49
OHIO,Beacon Academy,3901586,48
OHIO,Urban Early College Network,3901587,14
OHIO,Global Ambassadors Language Academy,3901588,6
OHIO,Midwest Regional ESC,3901589,NA
OHIO,Southwest Ohio Preparatory School,3901590,22
OHIO,Kids Care Elementary,3901591,12
OHIO,Euclid Preparatory School,3901592,29
OHIO,United Preparatory Academy East,3901593,17
OHIO,Citizens Leadership Academy East,3901594,46
OHIO,Liberty High School,3901595,23
OHIO,South Columbus Preparatory Academy,3901596,7
OHIO,Orchard Park Academy,3901597,24
OHIO,Inspire Charter School - Elementary,3901598,3
OHIO,Great River Connections Academy,3901599,121
OHIO,SMART Academy,3901600,9
OHIO,Academy of Junior Scholars,3901601,17
OHIO,AchievePoint Career Academy - Cincinnati,3901602,16
OHIO,Lorain Bilingual Preparatory Academy,3901603,16
OHIO,Montgomery Preparatory Academy,3901604,35
OHIO,Mount Auburn Preparatory Academy,3901605,50
OHIO,Horizon Science Academy Primary,3901606,5
OHIO,Kenmore Preparatory Academy dba Toledo Preparatory Academy,3901608,27
OHIO,Marion Preparatory Academy,3901609,15
OHIO,Capital Collegiate Preparatory Academy,3901610,20
OHIO,North Columbus Preparatory Academy,3901611,3
OHIO,Huber Heights Preparatory Academy dba Parma Academy,3901612,3
OHIO,Northwest Ohio Classical Academy,3901613,7
OHIO,ReGeneration Bond Hill,3901614,4
OHIO,Ohio Digital Learning School,3901615,61
OHIO,Urban Male Tech Academy,3901616,NA
OHIO,Cypress High School,3901617,7
OHIO,Akron City,3904348,4536
OHIO,Alliance City,3904349,559
OHIO,Ashland City,3904350,460
OHIO,Ashtabula Area City,3904351,934
OHIO,Athens City,3904352,459
OHIO,Barberton City,3904353,778
OHIO,Bay Village City,3904354,310
OHIO,Beachwood City,3904355,282
OHIO,Bellaire Local,3904357,239
OHIO,Bellefontaine City,3904358,435
OHIO,Bellevue City,3904359,285
OHIO,Berea City,3904360,978
OHIO,Belpre City,3904361,202
OHIO,Bexley City,3904362,335
OHIO,Bowling Green City School District,3904363,534
OHIO,Brecksville-Broadview Heights City,3904364,388
OHIO,Brooklyn City,3904365,216
OHIO,Brunswick City,3904366,770
OHIO,Bryan City,3904367,388
OHIO,Bucyrus City,3904368,370
OHIO,Cambridge City,3904369,422
OHIO,Campbell City,3904370,192
OHIO,Canton City,3904371,1478
OHIO,Centerville City,3904373,1141
OHIO,Chillicothe City,3904374,506
OHIO,Cincinnati Public Schools,3904375,7518
OHIO,Circleville City,3904376,402
OHIO,Claymont City,3904377,384
OHIO,Cleveland Municipal,3904378,8658
OHIO,Cleveland Heights-University Heights City,3904379,1227
OHIO,Columbus City School District,3904380,9455
OHIO,Conneaut Area City,3904381,351
OHIO,Coshocton City,3904382,393
OHIO,Cuyahoga Falls City,3904383,665
OHIO,Dayton City,3904384,2436
OHIO,Deer Park Community City,3904385,212
OHIO,Defiance City,3904386,427
OHIO,Delaware City,3904387,931
OHIO,Delphos City,3904388,190
OHIO,Dover City,3904389,403
OHIO,East Cleveland City School District,3904390,363
OHIO,East Liverpool City,3904391,431
OHIO,East Palestine City,3904392,186
OHIO,Eaton Community City,3904393,295
OHIO,Elyria City Schools,3904394,1261
OHIO,Euclid City,3904395,1046
OHIO,Fairborn City,3904396,793
OHIO,Fairview Park City,3904397,248
OHIO,Fostoria City,3904399,392
OHIO,Franklin City,3904400,597
OHIO,Fremont City,3904401,644
OHIO,Galion City,3904402,336
OHIO,Gallipolis City,3904403,501
OHIO,Garfield Heights City Schools,3904404,717
OHIO,Geneva Area City,3904405,383
OHIO,Girard City School District,3904406,276
OHIO,Grandview Heights Schools,3904407,134
OHIO,Winton Woods City,3904408,625
OHIO,Greenville City,3904409,428
OHIO,Hamilton City,3904410,1815
OHIO,Heath City,3904411,285
OHIO,Hillsboro City,3904412,427
OHIO,Huron City Schools,3904413,193
OHIO,Ironton City School District,3904414,260
OHIO,Jackson City,3904415,387
OHIO,Kent City,3904416,557
OHIO,Kettering City School District,3904418,1225
OHIO,Lakewood City,3904419,764
OHIO,Lancaster City,3904420,1174
OHIO,Lebanon City,3904421,773
OHIO,Lima City,3904422,959
OHIO,Lockland Local,3904423,90
OHIO,Logan-Hocking Local,3904424,760
OHIO,London City,3904425,411
OHIO,Lorain City,3904426,1456
OHIO,Loveland City,3904427,630
OHIO,Madeira City,3904428,184
OHIO,Mansfield City,3904429,930
OHIO,Maple Heights City,3904430,692
OHIO,Mariemont City,3904431,164
OHIO,Marion City,3904433,943
OHIO,Martins Ferry City,3904434,292
OHIO,Massillon City,3904435,645
OHIO,Maumee City,3904436,355
OHIO,Mayfield City,3904437,639
OHIO,Medina City SD,3904438,986
OHIO,Miamisburg City,3904439,923
OHIO,Middletown City,3904440,1432
OHIO,Mt Healthy City,3904441,673
OHIO,Napoleon Area City,3904443,358
OHIO,Nelsonville-York City,3904444,261
OHIO,Newark City,3904445,1593
OHIO,New Boston Local,3904446,61
OHIO,New Lexington School District,3904447,303
OHIO,New Philadelphia City,3904448,554
OHIO,Niles City,3904449,392
OHIO,North Canton City,3904450,608
OHIO,North College Hill City,3904451,357
OHIO,North Olmsted City,3904452,536
OHIO,North Ridgeville City,3904453,666
OHIO,North Royalton City,3904454,464
OHIO,Norton City,3904455,334
OHIO,Norwalk City,3904456,474
OHIO,Norwood City,3904457,335
OHIO,Oakwood City,3904458,220
OHIO,Oberlin City Schools,3904459,166
OHIO,Oregon City,3904460,466
OHIO,Orrville City,3904461,248
OHIO,Parma City,3904463,1661
OHIO,Piqua City,3904464,563
OHIO,Port Clinton City,3904465,325
OHIO,Princeton City,3904467,914
OHIO,Ravenna City,3904468,570
OHIO,Reading Community City,3904469,244
OHIO,Rocky River City,3904470,307
OHIO,St Bernard-Elmwood Place City,3904471,194
OHIO,St Marys City,3904472,361
OHIO,Sandusky City,3904474,628
OHIO,Shaker Heights City,3904475,710
OHIO,Sheffield-Sheffield Lake City,3904476,249
OHIO,South Euclid-Lyndhurst City,3904479,626
OHIO,South-Western City,3904480,3944
OHIO,Springfield City School District,3904481,1631
OHIO,Steubenville City,3904482,344
OHIO,Stow-Munroe Falls City School District,3904483,693
OHIO,Strongsville City,3904484,686
OHIO,Struthers City,3904485,263
OHIO,Sycamore Community City,3904486,607
OHIO,Sylvania Schools,3904487,1007
OHIO,Tallmadge City,3904488,349
OHIO,Tiffin City,3904489,484
OHIO,Toledo City,3904490,4875
OHIO,Toronto City,3904491,141
OHIO,Troy City,3904492,615
OHIO,Upper Arlington City,3904493,1181
OHIO,Urbana City,3904494,397
OHIO,Vandalia-Butler City,3904495,491
OHIO,Wapakoneta City,3904498,406
OHIO,Warren City,3904499,993
OHIO,Warrensville Heights City,3904500,309
OHIO,Wellston City,3904502,284
OHIO,Wellsville Local,3904503,118
OHIO,Westerville City,3904504,2272
OHIO,West Carrollton City,3904505,637
OHIO,Westlake City,3904506,507
OHIO,Whitehall City,3904507,537
OHIO,Wickliffe City,3904508,217
OHIO,Willard City,3904509,240
OHIO,Willoughby-Eastlake City,3904510,1298
OHIO,Wilmington City,3904511,401
OHIO,Worthington City,3904513,1635
OHIO,Wyoming City,3904514,193
OHIO,Xenia Community City,3904515,792
OHIO,Youngstown City,3904516,1247
OHIO,Zanesville City,3904517,1029
OHIO,Ada Exempted Village,3904518,123
OHIO,Amherst Exempted Village,3904519,503
OHIO,Barnesville Exempted Village,3904520,139
OHIO,Bluffton Exempted Village,3904521,98
OHIO,Bradford Exempted Village,3904522,78
OHIO,Bridgeport Exempted Village,3904523,129
OHIO,Harrison Hills City,3904524,306
OHIO,Caldwell Exempted Village,3904525,157
OHIO,Carey Exempted Village Schools,3904526,147
OHIO,Carrollton Exempted Village,3904527,411
OHIO,Chagrin Falls Exempted Village,3904528,197
OHIO,Chesapeake Union Exempted Village,3904529,209
OHIO,Coldwater Exempted Village,3904531,140
OHIO,Columbiana Exempted Village,3904532,149
OHIO,Covington Exempted Village,3904533,83
OHIO,Crooksville Exempted Village,3904535,163
OHIO,Fairport Harbor Exempted Village,3904536,53
OHIO,Georgetown Exempted Village,3904537,142
OHIO,Gibsonburg Exempted Village,3904538,129
OHIO,Granville Exempted Village,3904539,294
OHIO,Greenfield Exempted Village,3904540,281
OHIO,Hicksville Exempted Village,3904541,200
OHIO,Hubbard Exempted Village,3904542,213
OHIO,Indian Hill Exempted Village,3904543,171
OHIO,Lisbon Exempted Village,3904545,157
OHIO,Loudonville-Perrysville Exempted Village,3904546,199
OHIO,Marysville Exempted Village,3904547,977
OHIO,Mechanicsburg Exempted Village,3904548,157
OHIO,Mentor Exempted Village,3904549,970
OHIO,Milford Exempted Village,3904550,871
OHIO,Milton-Union Exempted Village,3904551,189
OHIO,Montpelier Exempted Village,3904552,160
OHIO,Mount Gilead Exempted Village,3904553,218
OHIO,Newcomerstown Exempted Village,3904554,177
OHIO,New Richmond Exempted Village,3904555,387
OHIO,Newton Falls Exempted Village,3904556,193
OHIO,Paulding Exempted Village,3904557,272
OHIO,Perrysburg Exempted Village,3904558,593
OHIO,Rossford Exempted Village,3904560,186
OHIO,Tipp City Exempted Village,3904561,364
OHIO,Versailles Exempted Village,3904563,105
OHIO,Wauseon Exempted Village,3904564,257
OHIO,Wellington Exempted Village,3904565,203
OHIO,Windham Exempted Village,3904566,98
OHIO,Yellow Springs Exempted Village,3904567,85
OHIO,Allen County ESC,3904574,NA
OHIO,Allen East Local,3904575,130
OHIO,Bath Local,3904576,241
OHIO,Elida Local,3904577,351
OHIO,Perry Local,3904578,106
OHIO,Shawnee Local,3904579,277
OHIO,Spencerville Local,3904580,161
OHIO,Hillsdale Local,3904582,136
OHIO,Mapleton Local,3904583,125
OHIO,Ashtabula County ESC,3904584,NA
OHIO,Buckeye Local,3904585,256
OHIO,Grand Valley Local,3904586,202
OHIO,Jefferson Area Local,3904587,290
OHIO,Pymatuning Valley Local,3904588,172
OHIO,Alexander Local,3904590,277
OHIO,Federal Hocking Local,3904591,247
OHIO,Trimble Local,3904592,200
OHIO,Auglaize County ESC,3904593,NA
OHIO,Minster Local,3904594,110
OHIO,New Bremen Local,3904595,78
OHIO,New Knoxville Local,3904596,48
OHIO,Waynesfield-Goshen Local,3904597,62
OHIO,St Clairsville-Richland City,3904599,192
OHIO,Shadyside Local,3904600,113
OHIO,Union Local,3904601,227
OHIO,Brown ESC,3904602,NA
OHIO,Eastern Local School District,3904603,175
OHIO,Fayetteville-Perry Local,3904604,114
OHIO,Western Brown Local,3904606,445
OHIO,Ripley-Union-Lewis-Huntington Local,3904607,194
OHIO,Butler County ESC,3904608,NA
OHIO,Edgewood City,3904609,563
OHIO,Fairfield City,3904610,1452
OHIO,Lakota Local,3904611,1963
OHIO,Madison Local,3904612,173
OHIO,New Miami Local,3904613,89
OHIO,Ross Local,3904614,352
OHIO,Talawanda City,3904615,344
OHIO,Brown Local,3904617,137
OHIO,Graham Local,3904619,272
OHIO,Triad Local,3904620,140
OHIO,West Liberty-Salem Local,3904621,123
OHIO,Clark County ESC,3904622,NA
OHIO,Greenon Local,3904623,294
OHIO,Tecumseh Local,3904624,469
OHIO,Northeastern Local,3904625,360
OHIO,Northwestern Local,3904626,221
OHIO,Southeastern Local,3904627,130
OHIO,Clark-Shawnee Local,3904628,238
OHIO,Clermont County ESC,3904629,NA
OHIO,Batavia Local,3904630,463
OHIO,Bethel-Tate Local,3904631,264
OHIO,Clermont Northeastern Local,3904632,249
OHIO,Felicity-Franklin Local,3904633,172
OHIO,Goshen Local,3904634,495
OHIO,West Clermont Local,3904635,1262
OHIO,Williamsburg Local,3904636,126
OHIO,Southern Ohio ESC,3904637,NA
OHIO,Blanchester Local,3904638,220
OHIO,Clinton-Massie Local,3904639,234
OHIO,East Clinton Local,3904640,312
OHIO,Columbiana County ESC,3904641,NA
OHIO,Beaver Local,3904642,273
OHIO,Crestview Local,3904643,115
OHIO,Southern Local,3904644,124
OHIO,United Local,3904645,127
OHIO,Ridgewood Local,3904647,192
OHIO,River View Local,3904648,281
OHIO,Buckeye Central Local,3904650,147
OHIO,Colonel Crawford Local,3904651,116
OHIO,Wynford Local,3904652,180
OHIO,Cuyahoga Heights Local,3904655,79
OHIO,Independence Local,3904656,137
OHIO,Olmsted Falls City,3904657,506
OHIO,Richmond Heights Local,3904659,110
OHIO,Solon City,3904660,487
OHIO,Darke County ESC,3904661,NA
OHIO,Ansonia Local,3904662,102
OHIO,Arcanum-Butler Local,3904663,90
OHIO,Franklin Monroe Local,3904664,53
OHIO,Mississinawa Valley Local,3904667,105
OHIO,Tri-Village Local,3904668,104
OHIO,Ayersville Local,3904670,65
OHIO,Central Local,3904671,156
OHIO,Northeastern Local,3904672,144
OHIO,Big Walnut Local,3904674,419
OHIO,Buckeye Valley Local,3904675,324
OHIO,Olentangy Local,3904676,3016
OHIO,Edison Local (formerly Berlin-Milan),3904678,168
OHIO,Kelleys Island Local,3904679,NA
OHIO,Margaretta Local,3904680,194
OHIO,Perkins Local,3904681,199
OHIO,Vermilion Local,3904682,285
OHIO,Fairfield County ESC,3904683,NA
OHIO,Amanda-Clearcreek Local,3904684,198
OHIO,Berne Union Local,3904685,135
OHIO,Bloom-Carroll Local,3904686,246
OHIO,Fairfield Union Local,3904687,290
OHIO,Liberty Union-Thurston Local,3904688,225
OHIO,Pickerington Local,3904689,1557
OHIO,Walnut Township Local,3904690,101
OHIO,ESC of Central Ohio,3904693,NA
OHIO,Canal Winchester Local,3904694,564
OHIO,Hamilton Local,3904695,406
OHIO,Gahanna-Jefferson City,3904696,1198
OHIO,Groveport Madison Local,3904697,1024
OHIO,New Albany-Plain Local,3904699,648
OHIO,Reynoldsburg City,3904700,961
OHIO,Hilliard City,3904701,2482
OHIO,Dublin City,3904702,2020
OHIO,Archbold-Area Local,3904704,155
OHIO,Evergreen Local,3904705,155
OHIO,Fayette Local,3904706,75
OHIO,Pettisville Local,3904707,51
OHIO,Pike-Delta-York Local,3904708,204
OHIO,Swanton Local,3904709,226
OHIO,Geauga County Educational Service Center,3904715,NA
OHIO,Berkshire Local,3904716,224
OHIO,Cardinal Local,3904717,172
OHIO,Chardon Local,3904718,318
OHIO,Kenston Local,3904719,295
OHIO,Newbury Local,3904721,86
OHIO,West Geauga Local,3904722,235
OHIO,Greene County ESC,3904723,NA
OHIO,Beavercreek City,3904724,1268
OHIO,Cedar Cliff Local,3904725,80
OHIO,Greeneview Local,3904726,226
OHIO,Bellbrook-Sugarcreek Local,3904727,344
OHIO,Rolling Hills Local,3904730,273
OHIO,Hamilton County ESC,3904732,NA
OHIO,Finneytown Local,3904733,256
OHIO,Forest Hills Local,3904734,778
OHIO,Northwest Local,3904736,1663
OHIO,Oak Hills Local,3904737,1426
OHIO,Southwest Local,3904738,616
OHIO,Three Rivers Local,3904739,394
OHIO,Hancock County ESC,3904740,NA
OHIO,Arlington Local,3904742,75
OHIO,Cory-Rawson Local,3904743,108
OHIO,Liberty-Benton Local,3904744,142
OHIO,McComb Local,3904745,93
OHIO,Vanlue Local,3904747,38
OHIO,Hardin Northern Local,3904749,68
OHIO,Ridgemont Local,3904750,69
OHIO,Riverdale Local,3904751,181
OHIO,Upper Scioto Valley Local,3904752,107
OHIO,Conotton Valley Union Local,3904754,82
OHIO,Holgate Local,3904757,74
OHIO,Liberty Center Local,3904758,155
OHIO,Patrick Henry Local,3904759,131
OHIO,Bright Local,3904761,117
OHIO,Fairfield Local,3904762,143
OHIO,Lynchburg-Clay Local,3904763,201
OHIO,East Holmes Local,3904768,203
OHIO,West Holmes Local,3904769,422
OHIO,Monroeville Local,3904771,94
OHIO,New London Local,3904772,136
OHIO,South Central Local,3904773,96
OHIO,Western Reserve Local,3904774,160
OHIO,Oak Hill Union Local,3904776,184
OHIO,Buckeye Local,3904778,340
OHIO,Edison Local,3904779,262
OHIO,Indian Creek Local,3904780,310
OHIO,Knox County ESC,3904781,NA
OHIO,Centerburg Local,3904782,136
OHIO,Danville Local,3904783,84
OHIO,Fredericktown Local,3904785,232
OHIO,Lake County ESC,3904786,NA
OHIO,Kirtland Local,3904787,156
OHIO,Madison Local,3904788,404
OHIO,Perry Local,3904790,166
OHIO,Dawson-Bryant Local,3904792,213
OHIO,Fairland Local,3904793,219
OHIO,Rock Hill Local,3904794,203
OHIO,South Point Local,3904795,240
OHIO,Symmes Valley Local,3904796,154
OHIO,Licking County ESC,3904797,NA
OHIO,Johnstown-Monroe Local,3904798,185
OHIO,Lakewood Local,3904799,344
OHIO,Licking Heights Local,3904800,603
OHIO,Licking Valley Local,3904801,236
OHIO,North Fork Local,3904802,296
OHIO,Northridge Local,3904803,172
OHIO,Southwest Licking Local,3904804,642
OHIO,Benjamin Logan Local,3904807,222
OHIO,Indian Lake Local,3904808,233
OHIO,Riverside Local,3904809,117
OHIO,Lorain County ESC,3904810,NA
OHIO,Avon Local,3904811,542
OHIO,Avon Lake City,3904812,436
OHIO,Clearview Local,3904813,158
OHIO,Columbia Local,3904814,100
OHIO,Firelands Local,3904815,182
OHIO,Keystone Local,3904816,210
OHIO,Midview Local,3904817,379
OHIO,ESC of Lake Erie West,3904819,NA
OHIO,Anthony Wayne Local,3904820,529
OHIO,Ottawa Hills Local,3904821,72
OHIO,Springfield Local,3904822,573
OHIO,Washington Local,3904823,1132
OHIO,Jefferson Local,3904825,206
OHIO,Jonathan Alder Local,3904826,262
OHIO,Madison-Plains Local,3904827,203
OHIO,Mahoning County ESC,3904828,NA
OHIO,Austintown Local Schools,3904829,794
OHIO,Boardman Local,3904830,717
OHIO,Canfield Local,3904831,297
OHIO,Jackson-Milton Local,3904832,103
OHIO,Lowellville Local,3904833,43
OHIO,Poland Local,3904834,222
OHIO,Sebring Local,3904835,94
OHIO,South Range Local,3904836,128
OHIO,Springfield Local,3904837,136
OHIO,West Branch Local,3904838,256
OHIO,Western Reserve Local,3904839,72
OHIO,Elgin Local,3904841,163
OHIO,Pleasant Local,3904842,119
OHIO,Ridgedale Local,3904843,91
OHIO,River Valley Local,3904844,202
OHIO,Black River Local,3904846,180
OHIO,Buckeye Local,3904847,260
OHIO,Cloverleaf Local,3904848,327
OHIO,Highland Local,3904849,384
OHIO,Eastern Local,3904851,110
OHIO,Meigs Local,3904852,281
OHIO,Southern Local,3904853,122
OHIO,Mercer County Educational Service Center,3904854,NA
OHIO,Parkway Local,3904857,151
OHIO,St Henry Consolidated Local,3904858,113
OHIO,Fort Recovery Local,3904859,116
OHIO,Miami County ESC,3904860,NA
OHIO,Bethel Local,3904861,132
OHIO,Miami East Local,3904862,140
OHIO,Newton Local,3904863,38
OHIO,Switzerland of Ohio Local,3904865,466
OHIO,Montgomery County ESC,3904866,NA
OHIO,Brookville Local,3904867,173
OHIO,Jefferson Township Local,3904868,54
OHIO,Trotwood-Madison City,3904869,405
OHIO,Mad River Local,3904870,467
OHIO,New Lebanon Local School District,3904871,138
OHIO,Northmont City,3904872,774
OHIO,Northridge Local,3904873,237
OHIO,Valley View Local,3904874,247
OHIO,Huber Heights City,3904875,998
OHIO,Morgan Local,3904877,330
OHIO,Cardington-Lincoln Local,3904879,205
OHIO,Highland Local,3904880,251
OHIO,Northmor Local,3904881,150
OHIO,East Muskingum Local,3904883,310
OHIO,Franklin Local,3904884,327
OHIO,Maysville Local,3904885,356
OHIO,Tri-Valley Local,3904887,465
OHIO,West Muskingum Local,3904888,217
OHIO,Noble Local,3904890,130
OHIO,Benton Carroll Salem Local,3904892,226
OHIO,Danbury Local,3904893,87
OHIO,Genoa Area Local,3904894,158
OHIO,Middle Bass Local,3904895,3
OHIO,Put-In-Bay Local,3904897,5
OHIO,Antwerp Local,3904899,124
OHIO,Twin Valley Community Local,3904900,126
OHIO,Wayne Trace Local,3904903,200
OHIO,Northern Local,3904905,309
OHIO,Southern Local,3904906,143
OHIO,Pickaway County ESC,3904907,NA
OHIO,Logan Elm Local,3904908,308
OHIO,Teays Valley Local,3904909,601
OHIO,Westfall Local,3904910,202
OHIO,Eastern Local School District,3904912,147
OHIO,Scioto Valley Local,3904913,265
OHIO,Waverly City,3904914,314
OHIO,Western Local,3904915,130
OHIO,Aurora City,3904917,356
OHIO,Crestwood Local,3904918,224
OHIO,Field Local,3904919,287
OHIO,James A Garfield Local,3904920,186
OHIO,Rootstown Local,3904921,188
OHIO,Southeast Local,3904922,186
OHIO,Streetsboro City,3904923,334
OHIO,Waterloo Local,3904924,148
OHIO,Preble County ESC,3904925,NA
OHIO,Tri-County North Local,3904926,84
OHIO,National Trail Local,3904927,144
OHIO,Preble Shawnee Local,3904928,243
OHIO,Putnam County ESC,3904930,NA
OHIO,Columbus Grove Local,3904931,133
OHIO,Continental Local,3904932,101
OHIO,Jennings Local,3904933,38
OHIO,Kalida Local,3904934,63
OHIO,Leipsic Local,3904935,142
OHIO,Miller City-New Cleveland Local,3904936,57
OHIO,Ottawa-Glandorf Local,3904937,249
OHIO,Ottoville Local,3904938,66
OHIO,Pandora-Gilboa Local,3904939,76
OHIO,Clear Fork Valley Local,3904941,284
OHIO,Crestview Local,3904942,142
OHIO,Lexington Local,3904943,384
OHIO,Lucas Local,3904944,53
OHIO,Madison Local,3904945,520
OHIO,Plymouth-Shiloh Local,3904946,71
OHIO,Ontario Local,3904947,201
OHIO,Adena Local,3904949,186
OHIO,Huntington Local,3904950,186
OHIO,Paint Valley Local,3904951,110
OHIO,Southeastern Local,3904952,174
OHIO,Union-Scioto Local,3904953,294
OHIO,Zane Trace Local,3904954,211
OHIO,Lakota Local,3904956,125
OHIO,Woodmore Local,3904957,125
OHIO,Bloom-Vernon Local,3904959,105
OHIO,Green Local,3904961,100
OHIO,Minford Local,3904962,205
OHIO,Northwest Local,3904963,286
OHIO,Valley Local,3904964,139
OHIO,Washington-Nile Local,3904965,240
OHIO,Wheelersburg Local,3904966,152
OHIO,Seneca East Local,3904968,137
OHIO,Hopewell-Loudon Local,3904970,125
OHIO,New Riegel Local,3904971,46
OHIO,Botkins Local,3904976,49
OHIO,Fairlawn Local,3904977,58
OHIO,Fort Loramie Local,3904978,103
OHIO,Hardin-Houston Local,3904979,170
OHIO,Russia Local,3904981,46
OHIO,Stark County ESC,3904982,NA
OHIO,Canton Local,3904983,292
OHIO,Fairless Local,3904984,237
OHIO,Jackson Local,3904985,716
OHIO,Lake Local,3904986,390
OHIO,Louisville City,3904987,484
OHIO,Marlington Local,3904988,289
OHIO,Minerva Local,3904989,297
OHIO,Northwest Local,3904990,245
OHIO,Osnaburg Local,3904991,132
OHIO,Perry Local,3904992,514
OHIO,Plain Local,3904993,871
OHIO,Sandy Valley Local,3904994,221
OHIO,Tuslaw Local,3904995,176
OHIO,Summit County ESC,3904996,NA
OHIO,Woodridge Local,3904997,273
OHIO,Copley-Fairlawn City,3904998,332
OHIO,Coventry Local,3904999,303
OHIO,Manchester Local,3905000,216
OHIO,Green Local,3905001,609
OHIO,Hudson City,3905002,641
OHIO,Mogadore Local,3905003,91
OHIO,Nordonia Hills City,3905004,477
OHIO,Revere Local,3905005,275
OHIO,Springfield Local,3905006,406
OHIO,Twinsburg City,3905007,485
OHIO,Trumbull County ESC,3905008,NA
OHIO,Bloomfield-Mespo Local,3905009,33
OHIO,Bristol Local,3905011,92
OHIO,Brookfield Local,3905012,144
OHIO,Champion Local,3905013,171
OHIO,Mathews Local,3905015,84
OHIO,Howland Local,3905016,388
OHIO,Joseph Badger Local,3905017,129
OHIO,Lakeview Local,3905018,216
OHIO,Liberty Local,3905019,230
OHIO,Lordstown Local,3905020,85
OHIO,Maplewood Local,3905021,93
OHIO,McDonald Local,3905022,83
OHIO,Southington Local,3905023,74
OHIO,LaBrae Local,3905024,179
OHIO,Weathersfield Local,3905025,150
OHIO,East Central Ohio ESC,3905026,NA
OHIO,Garaway Local,3905027,194
OHIO,Indian Valley Local,3905028,251
OHIO,Strasburg-Franklin Local,3905029,79
OHIO,Tuscarawas Valley Local,3905030,149
OHIO,Fairbanks Local,3905032,170
OHIO,North Union Local School District,3905033,236
OHIO,Crestview Local,3905035,156
OHIO,Vinton County Local,3905039,389
OHIO,Warren County ESC,3905040,NA
OHIO,Carlisle Local,3905041,178
OHIO,Springboro Community City,3905042,632
OHIO,Kings Local,3905043,642
OHIO,Little Miami Local,3905044,702
OHIO,Mason City,3905045,969
OHIO,Wayne Local,3905046,159
OHIO,Fort Frye Local,3905048,214
OHIO,Frontier Local,3905049,107
OHIO,Wolf Creek Local,3905051,104
OHIO,Tri-County ESC,3905052,NA
OHIO,Chippewa Local,3905053,157
OHIO,Dalton Local,3905054,123
OHIO,Green Local,3905055,138
OHIO,Norwayne Local,3905056,172
OHIO,Southeast Local,3905058,206
OHIO,Triway Local,3905059,258
OHIO,Edgerton Local,3905061,65
OHIO,Edon Northwest Local,3905062,88
OHIO,Millcreek-West Unity Local,3905063,112
OHIO,North Central Local,3905064,90
OHIO,Stryker Local,3905065,83
OHIO,Wood County ESC,3905066,NA
OHIO,Eastwood Local,3905067,179
OHIO,Elmwood Local,3905068,234
OHIO,Lake Local,3905069,209
OHIO,North Baltimore Local,3905070,134
OHIO,Northwood Local Schools,3905071,139
OHIO,Otsego Local,3905072,243
OHIO,Mohawk Local,3905074,109
OHIO,Apollo,3905077,NA
OHIO,Southern Hills,3905079,NA
OHIO,Ashtabula County Technical and Career Center,3905081,NA
OHIO,Belmont-Harrison,3905085,NA
OHIO,Butler Technology & Career Development Schools,3905088,NA
OHIO,Columbiana County,3905090,NA
OHIO,Cuyahoga Valley Career Center,3905092,NA
OHIO,Polaris,3905094,NA
OHIO,Four County Career Center,3905096,NA
OHIO,Delaware Area Career Center,3905098,NA
OHIO,Eastland-Fairfield Career & Technical Schools,3905100,NA
OHIO,EHOVE Career Center,3905102,NA
OHIO,Greene County Vocational School District,3905104,NA
OHIO,Great Oaks Career Campuses,3905106,NA
OHIO,Jefferson County,3905112,NA
OHIO,Knox County JVSD,3905114,NA
OHIO,Auburn,3905116,NA
OHIO,Lawrence County,3905118,NA
OHIO,Career and Technology Educational Centers,3905120,NA
OHIO,Lorain County JVS,3905122,NA
OHIO,Mahoning Co Career & Tech Ctr,3905124,NA
OHIO,Miami Valley Career Tech,3905128,NA
OHIO,Mid-East Career and Technology Centers,3905130,NA
OHIO,Ohio Hi-Point Career Center,3905133,NA
OHIO,Penta Career Center - District,3905135,NA
OHIO,Pike County Area,3905137,NA
OHIO,Maplewood Career Center,3905139,NA
OHIO,Pioneer Career & Technology,3905141,NA
OHIO,Pickaway-Ross County JVSD,3905143,NA
OHIO,Vanguard-Sentinel Career & Technology Centers,3905145,NA
OHIO,Warren County Vocational School,3905147,NA
OHIO,Scioto County Career Technical Center,3905149,NA
OHIO,Springfield-Clark County,3905153,NA
OHIO,Tri-County Career Center,3905160,NA
OHIO,Trumbull Career & Tech Ctr,3905163,NA
OHIO,Buckeye,3905165,NA
OHIO,Vantage Career Center,3905167,NA
OHIO,Washington County Career Center,3905169,NA
OHIO,Wayne County JVSD,3905171,NA
OHIO,Adams County Ohio Valley Local,3906190,640
OHIO,Stark County Area,3906202,NA
OHIO,Ashland County-West Holmes,3906204,NA
OHIO,Gallia-Jackson-Vinton,3906206,NA
OHIO,Medina County Joint Vocational School District,3906210,NA
OHIO,Upper Valley Career Center,3906212,NA
OHIO,U S Grant,3906280,NA
OHIO,Portage Lakes,3906349,NA
OHIO,Tolles Career & Technical Center,3906351,NA
OHIO,College Corner Local,3906496,9
OHIO,Coshocton County,3906522,NA
OHIO,Tri-Rivers,3906526,NA
OHIO,Gallia County Local,3906568,403
OHIO,East Guernsey Local,3906968,148
OHIO,Findlay City,3910000,1012
OHIO,Van Buren Local,3910001,126
OHIO,Arcadia Local,3910002,72
OHIO,Sidney City,3910003,819
OHIO,Anna Local,3910004,150
OHIO,Jackson Center Local,3910005,95
OHIO,Salem City,3910006,289
OHIO,Leetonia Exempted Village,3910007,129
OHIO,Crestline Exempted Village,3910008,145
OHIO,Shelby City,3910009,315
OHIO,Miami Trace Local,3910010,372
OHIO,Washington Court House City,3910011,416
OHIO,Mount Vernon City,3910012,767
OHIO,East Knox Local,3910013,178
OHIO,Riverside Local,3910014,562
OHIO,Painesville City Local,3910015,568
OHIO,Orange City,3910016,312
OHIO,Bedford City,3910017,578
OHIO,Warren Local,3910018,256
OHIO,Marietta City,3910019,502
OHIO,Clyde-Green Springs Exempted Village,3910020,350
OHIO,Old Fort Local,3910021,75
OHIO,Lincolnview Local,3910022,122
OHIO,Van Wert City,3910023,402
OHIO,Upper Sandusky Exempted Village,3910024,314
OHIO,Kenton City,3910025,364
OHIO,Clay Local,3910026,80
OHIO,Portsmouth City,3910027,549
OHIO,Rittman Exempted Village,3910028,176
OHIO,Wadsworth City,3910029,659
OHIO,Celina City,3910030,567
OHIO,Marion Local,3910031,98
OHIO,Wooster City,3910032,593
OHIO,Northwestern Local,3910033,167
OKLAHOMA,TIMBERLAKE,4000013,64
OKLAHOMA,BURNS FLAT-DILL CITY,4000014,135
OKLAHOMA,THOMAS-FAY-CUSTER UNIFIED DIST,4000015,79
OKLAHOMA,FRONTIER,4000020,84
OKLAHOMA,OKLAHOMA UNION,4000021,83
OKLAHOMA,HYDRO-EAKLY,4000032,67
OKLAHOMA,KEYS,4000033,146
OKLAHOMA,LAKESIDE SCHOOL,4000063,3
OKLAHOMA,OKLAHOMA SCHOOL FOR THE DEAF,4000075,77
OKLAHOMA,OKLAHOMA SCHOOL FOR THE BLIND,4000076,57
OKLAHOMA,DEBORAH BROWN (CHARTER),4000751,10
OKLAHOMA,DOVE SCHOOLS OF TULSA,4000753,124
OKLAHOMA,CHEROKEE IMMERSION CHARTER SCH,4000755,4
OKLAHOMA,KIPP REACH COLL (CHARTER),4000766,27
OKLAHOMA,LIGHTHOUSE ACADEMY (CHARTER),4000769,92
OKLAHOMA,SANKOFA MIDDLE SCHL (CHARTER),4000772,6
OKLAHOMA,HARDING FINE ARTS (CHARTER),4000773,51
OKLAHOMA,SCHL ARTS/SCI (CHARTER),4000774,102
OKLAHOMA,HUPFELD/W VILLAGE (CHARTER),4000775,38
OKLAHOMA,EPIC ONE ON ONE CHARTER SCHOOL,4000777,3279
OKLAHOMA,OKLAHOMA VIRTUAL CHARTER ACAD,4000778,471
OKLAHOMA,KIPP (CHARTER),4000780,104
OKLAHOMA,INDEPENDENCE MIDDLE SCHOOL,4000781,40
OKLAHOMA,GRAHAM-DUSTIN,4000782,49
OKLAHOMA,ASTEC CHARTERS,4000783,109
OKLAHOMA,HARDING (CHARTER),4000784,31
OKLAHOMA,INSIGHT SCHOOL OF OKLAHOMA,4000785,189
OKLAHOMA,OKLAHOMA CONNECTIONS ACADEMY,4000786,171
OKLAHOMA,JOHN W REX CHARTER ELEMENTARY,4000787,66
OKLAHOMA,OKLAHOMA YOUTH ACADEMY,4000789,42
OKLAHOMA,COLLEGE BOUND(CHARTER),4000791,46
OKLAHOMA,HONOR ACADEMY(CHARTER),4000792,74
OKLAHOMA,COLLEGIATE HALL(CHARTER),4000793,16
OKLAHOMA,CARLTON LANDING ACADEMY,4000795,10
OKLAHOMA,SANTA FE SOUTH (CHARTER),4000796,401
OKLAHOMA,OLUSTEE-ELDORADO,4000797,33
OKLAHOMA,DAVIDSON,4000798,7
OKLAHOMA,DOVE SCIENCE ACADEMY (CHARTER),4000799,127
OKLAHOMA,EPIC BLENDED LEARNING CHARTER,4000800,1684
OKLAHOMA,LE MONDE INTERNATIONAL SCHOOL,4000801,20
OKLAHOMA,NORTH ROCK CREEK,4000802,136
OKLAHOMA,ACADEMY OF SEMINOLE CHARTER,4000803,42
OKLAHOMA,eSCHOOL VIRTUAL CHARTER ACAD,4000804,14
OKLAHOMA,SOVEREIGN COMMUNITY SCHOOL,4000805,14
OKLAHOMA,ACHILLE,4002370,102
OKLAHOMA,ADA,4002430,439
OKLAHOMA,ADAIR,4002460,182
OKLAHOMA,AFTON,4002520,121
OKLAHOMA,AGRA,4002550,66
OKLAHOMA,ALBION,4002580,17
OKLAHOMA,ALEX,4002670,73
OKLAHOMA,ALINE-CLEO,4002720,30
OKLAHOMA,ALLEN,4002760,90
OKLAHOMA,ALLEN-BOWDEN,4002790,80
OKLAHOMA,ALTUS,4002850,449
OKLAHOMA,ALVA,4002880,162
OKLAHOMA,AMBER-POCASSET,4002910,83
OKLAHOMA,ANADARKO,4003000,198
OKLAHOMA,ANDERSON,4003010,54
OKLAHOMA,ANTLERS,4003060,194
OKLAHOMA,ARAPAHO-BUTLER,4003120,77
OKLAHOMA,ARDMORE,4003180,470
OKLAHOMA,ARKOMA,4003210,74
OKLAHOMA,ARNETT,4003240,29
OKLAHOMA,ASHER,4003300,40
OKLAHOMA,ATOKA,4003360,282
OKLAHOMA,AVANT,4003450,29
OKLAHOMA,BALKO,4003510,33
OKLAHOMA,BANNER,4003540,46
OKLAHOMA,BARNSDALL,4003570,70
OKLAHOMA,BARTLESVILLE,4003630,677
OKLAHOMA,BATTIEST,4003660,40
OKLAHOMA,BEARDEN,4003690,33
OKLAHOMA,BEAVER,4003750,41
OKLAHOMA,BEGGS,4003810,217
OKLAHOMA,BELFONTE,4003840,44
OKLAHOMA,BENNINGTON,4003930,92
OKLAHOMA,BERRYHILL,4004020,180
OKLAHOMA,BETHANY,4004110,324
OKLAHOMA,BETHEL,4004230,218
OKLAHOMA,BIG PASTURE,4004350,37
OKLAHOMA,BILLINGS,4004360,24
OKLAHOMA,BISHOP,4004470,49
OKLAHOMA,BIXBY,4004500,922
OKLAHOMA,BLACKWELL,4004630,263
OKLAHOMA,BLAIR,4004650,49
OKLAHOMA,BLANCHARD,4004680,268
OKLAHOMA,BLUEJACKET,4004830,48
OKLAHOMA,BOISE CITY,4004860,63
OKLAHOMA,BOKOSHE,4004950,37
OKLAHOMA,BOONE-APACHE,4005010,89
OKLAHOMA,BOSWELL,4005040,90
OKLAHOMA,BOWLEGS,4005130,55
OKLAHOMA,BOWRING,4005160,12
OKLAHOMA,BRAGGS,4005280,18
OKLAHOMA,BRAY-DOYLE,4005340,61
OKLAHOMA,BRIDGE CREEK,4005400,238
OKLAHOMA,BRIGGS,4005430,86
OKLAHOMA,BRISTOW,4005460,344
OKLAHOMA,BROKEN ARROW,4005490,2313
OKLAHOMA,BROKEN BOW,4005520,279
OKLAHOMA,BRUSHY,4005580,102
OKLAHOMA,BUFFALO,4005760,34
OKLAHOMA,BUFFALO VALLEY,4005820,27
OKLAHOMA,BURLINGTON,4005910,23
OKLAHOMA,BUTNER,4006000,70
OKLAHOMA,BYNG,4006060,314
OKLAHOMA,CACHE,4006120,369
OKLAHOMA,CADDO,4006150,123
OKLAHOMA,CALERA,4006180,158
OKLAHOMA,CALUMET,4006240,50
OKLAHOMA,CALVIN,4006270,36
OKLAHOMA,CAMERON,4006330,67
OKLAHOMA,CANADIAN,4006390,106
OKLAHOMA,CANEY,4006420,63
OKLAHOMA,CANTON,4006480,61
OKLAHOMA,CANUTE,4006510,54
OKLAHOMA,CARNEGIE,4006630,88
OKLAHOMA,CARNEY,4006690,47
OKLAHOMA,CASHION,4006810,93
OKLAHOMA,OKEMAH,4006850,173
OKLAHOMA,CATOOSA,4006870,353
OKLAHOMA,CAVE SPRINGS,4006930,41
OKLAHOMA,CEMENT,4006960,36
OKLAHOMA,CENTRAL,4007140,120
OKLAHOMA,CENTRAL HIGH,4007170,76
OKLAHOMA,CHANDLER,4007290,162
OKLAHOMA,CHATTANOOGA,4007320,35
OKLAHOMA,CHECOTAH,4007350,274
OKLAHOMA,CHELSEA,4007380,165
OKLAHOMA,CHEROKEE,4007410,98
OKLAHOMA,CHEYENNE,4007500,77
OKLAHOMA,CHICKASHA,4007560,392
OKLAHOMA,CHOCTAW-NICOMA PARK,4007620,920
OKLAHOMA,CHOUTEAU-MAZIE,4007670,169
OKLAHOMA,CIMARRON,4007710,58
OKLAHOMA,CLAREMORE,4007740,609
OKLAHOMA,CLAYTON,4007800,100
OKLAHOMA,CLEORA,4008010,22
OKLAHOMA,CLEVELAND,4008040,320
OKLAHOMA,CLINTON,4008070,349
OKLAHOMA,COALGATE,4008130,171
OKLAHOMA,COLBERT,4008220,195
OKLAHOMA,COLCORD,4008250,144
OKLAHOMA,COLEMAN,4008310,46
OKLAHOMA,COLLINSVILLE,4008370,462
OKLAHOMA,COMANCHE,4008460,145
OKLAHOMA,COMMERCE,4008490,155
OKLAHOMA,COPAN,4008610,46
OKLAHOMA,CORDELL,4008640,121
OKLAHOMA,COTTONWOOD,4008730,72
OKLAHOMA,COVINGTON-DOUGLAS,4008790,41
OKLAHOMA,COWETA,4008850,594
OKLAHOMA,COYLE,4008940,87
OKLAHOMA,CRESCENT,4009000,141
OKLAHOMA,CROOKED OAK,4009060,220
OKLAHOMA,CROWDER,4009090,88
OKLAHOMA,CRUTCHO,4009150,50
OKLAHOMA,CUSHING,4009240,307
OKLAHOMA,CYRIL,4009300,36
OKLAHOMA,DAHLONEGAH,4009360,57
OKLAHOMA,DALE,4009390,96
OKLAHOMA,DARLINGTON,4009420,26
OKLAHOMA,DAVENPORT,4009450,77
OKLAHOMA,DAVIS,4009510,178
OKLAHOMA,DEER CREEK,4009570,748
OKLAHOMA,DENISON,4009720,45
OKLAHOMA,DEPEW,4009750,63
OKLAHOMA,DEWAR,4009780,93
OKLAHOMA,DEWEY,4009810,171
OKLAHOMA,DIBBLE,4009870,163
OKLAHOMA,DICKSON,4009910,186
OKLAHOMA,DOVER,4010050,26
OKLAHOMA,DRUMMOND,4010170,66
OKLAHOMA,DRUMRIGHT,4010200,90
OKLAHOMA,DUKE,4010260,40
OKLAHOMA,DUNCAN,4010290,470
OKLAHOMA,DURANT,4010350,629
OKLAHOMA,EAGLETOWN,4010440,39
OKLAHOMA,EARLSBORO,4010500,57
OKLAHOMA,PEAVINE,4010560,31
OKLAHOMA,EDMOND,4010590,2951
OKLAHOMA,EL RENO,4010650,656
OKLAHOMA,ELGIN,4010710,324
OKLAHOMA,ELK CITY,4010740,306
OKLAHOMA,ELMORE CITY-PERNELL,4010860,108
OKLAHOMA,EMPIRE,4010890,76
OKLAHOMA,ENID,4010920,1058
OKLAHOMA,ERICK,4011040,24
OKLAHOMA,EUFAULA,4011160,298
OKLAHOMA,FAIRLAND,4011250,125
OKLAHOMA,FAIRVIEW,4011280,145
OKLAHOMA,FANSHAWE,4011400,24
OKLAHOMA,FARGO,4011430,46
OKLAHOMA,FELT,4011580,14
OKLAHOMA,FLETCHER,4011700,76
OKLAHOMA,FLOWER MOUND,4011760,35
OKLAHOMA,FOREST GROVE,4011850,55
OKLAHOMA,FORGAN,4011880,30
OKLAHOMA,FORT GIBSON,4011970,282
OKLAHOMA,FORT SUPPLY,4012000,27
OKLAHOMA,FOX,4012060,45
OKLAHOMA,FOYIL,4012090,115
OKLAHOMA,FREDERICK,4012150,133
OKLAHOMA,FREEDOM,4012180,11
OKLAHOMA,FRIEND,4012210,30
OKLAHOMA,FRINK-CHAMBERS,4012240,90
OKLAHOMA,FORT TOWSON,4012300,93
OKLAHOMA,GANS,4012390,120
OKLAHOMA,GARBER,4012420,72
OKLAHOMA,GEARY,4012570,62
OKLAHOMA,GERONIMO,4012630,69
OKLAHOMA,GLENCOE,4012690,70
OKLAHOMA,GLENPOOL,4012720,396
OKLAHOMA,GLOVER,4012750,29
OKLAHOMA,GOODWELL,4012870,14
OKLAHOMA,GORE,4012900,145
OKLAHOMA,GRACEMONT,4013080,30
OKLAHOMA,GRANDFIELD,4013200,41
OKLAHOMA,GRAND VIEW,4013230,117
OKLAHOMA,GRANDVIEW,4013260,54
OKLAHOMA,GRANITE,4013290,42
OKLAHOMA,GREENVILLE,4013380,17
OKLAHOMA,GROVE,4013500,72
OKLAHOMA,GROVE,4013530,391
OKLAHOMA,GUTHRIE,4013560,465
OKLAHOMA,GUYMON,4013590,333
OKLAHOMA,GYPSY,4013600,13
OKLAHOMA,HAILEYVILLE,4013620,106
OKLAHOMA,HAMMON,4013650,43
OKLAHOMA,HANNA,4013680,29
OKLAHOMA,HARDESTY,4013740,13
OKLAHOMA,HARMONY,4013830,74
OKLAHOMA,HARRAH,4013890,512
OKLAHOMA,HARTSHORNE,4013920,170
OKLAHOMA,HASKELL,4013950,194
OKLAHOMA,HAWORTH,4014080,123
OKLAHOMA,HAYWOOD,4014100,35
OKLAHOMA,HEALDTON,4014130,102
OKLAHOMA,HEAVENER,4014160,153
OKLAHOMA,HENNESSEY,4014340,174
OKLAHOMA,HENRYETTA,4014370,317
OKLAHOMA,HILLDALE,4014520,278
OKLAHOMA,HINTON,4014610,105
OKLAHOMA,MIDWAY,4014670,70
OKLAHOMA,HOBART,4014700,118
OKLAHOMA,HODGEN,4014730,44
OKLAHOMA,HOLDENVILLE,4014790,298
OKLAHOMA,HOLLIS,4014850,96
OKLAHOMA,HOLLY CREEK,4014890,71
OKLAHOMA,HOMINY,4014970,120
OKLAHOMA,HOOKER,4015090,76
OKLAHOMA,HOWE,4015120,106
OKLAHOMA,HUGO,4015210,297
OKLAHOMA,HULBERT,4015240,112
OKLAHOMA,IDABEL,4015370,217
OKLAHOMA,INDIAHOMA,4015420,64
OKLAHOMA,INDIANOLA,4015450,94
OKLAHOMA,INOLA,4015480,222
OKLAHOMA,JAY,4015690,327
OKLAHOMA,JENKS,4015720,2172
OKLAHOMA,JENNINGS,4015750,42
OKLAHOMA,JONES,4015840,119
OKLAHOMA,JUSTICE,4015900,51
OKLAHOMA,JUSTUS-TIAWAH,4015930,61
OKLAHOMA,KANSAS,4015990,185
OKLAHOMA,KELLYVILLE,4016170,174
OKLAHOMA,KENWOOD,4016320,26
OKLAHOMA,KEOTA,4016350,112
OKLAHOMA,KETCHUM,4016380,131
OKLAHOMA,KEYES,4016410,4
OKLAHOMA,KEYSTONE,4016470,110
OKLAHOMA,KIEFER,4016500,102
OKLAHOMA,KILDARE,4016530,22
OKLAHOMA,KINGFISHER,4016560,256
OKLAHOMA,KINGSTON,4016590,370
OKLAHOMA,KINTA,4016620,56
OKLAHOMA,KIOWA,4016650,51
OKLAHOMA,KONAWA,4016710,125
OKLAHOMA,KREBS,4016720,78
OKLAHOMA,KREMLIN-HILLSDALE,4016740,36
OKLAHOMA,DEER CREEK-LAMONT,4017020,30
OKLAHOMA,LANE,4017040,103
OKLAHOMA,LATTA,4017190,106
OKLAHOMA,LAVERNE,4017220,79
OKLAHOMA,LAWTON,4017250,2772
OKLAHOMA,LE FLORE,4017280,58
OKLAHOMA,LEACH,4017310,19
OKLAHOMA,LEEDEY,4017370,44
OKLAHOMA,LEXINGTON,4017580,161
OKLAHOMA,LIBERTY,4017700,87
OKLAHOMA,LIBERTY,4017760,95
OKLAHOMA,LINDSAY,4017850,183
OKLAHOMA,LITTLE AXE,4017880,273
OKLAHOMA,LOCUST GROVE,4018000,330
OKLAHOMA,LONE GROVE,4018090,206
OKLAHOMA,LONE STAR,4018240,100
OKLAHOMA,LONE WOLF,4018270,14
OKLAHOMA,LOOKEBA SICKLES,4018390,38
OKLAHOMA,LOWREY,4018480,39
OKLAHOMA,LUKFATA,4018570,52
OKLAHOMA,LUTHER,4018630,117
OKLAHOMA,MACOMB,4018660,62
OKLAHOMA,MADILL,4018700,254
OKLAHOMA,MANGUM,4018780,109
OKLAHOMA,MANNFORD,4018840,332
OKLAHOMA,MANNSVILLE,4018870,20
OKLAHOMA,MAPLE,4018900,21
OKLAHOMA,MARBLE CITY,4018960,47
OKLAHOMA,MARIETTA,4018990,191
OKLAHOMA,MARLOW,4019080,174
OKLAHOMA,MARYETTA,4019200,183
OKLAHOMA,MASON,4019260,43
OKLAHOMA,MAUD,4019290,64
OKLAHOMA,MAYSVILLE,4019380,49
OKLAHOMA,MCCURTAIN,4019410,51
OKLAHOMA,MCALESTER,4019440,626
OKLAHOMA,MCCORD,4019500,59
OKLAHOMA,MCLOUD,4019560,320
OKLAHOMA,MEDFORD,4019620,60
OKLAHOMA,MEEKER,4019680,180
OKLAHOMA,MERRITT,4019800,134
OKLAHOMA,MIAMI,4019860,306
OKLAHOMA,MIDDLEBERG,4019890,31
OKLAHOMA,MIDWEST CITY-DEL CITY,4019950,2297
OKLAHOMA,MILBURN,4019980,59
OKLAHOMA,MILL CREEK,4020040,39
OKLAHOMA,MILLWOOD,4020080,119
OKLAHOMA,MINCO,4020100,80
OKLAHOMA,MOFFETT,4020160,91
OKLAHOMA,MONROE,4020190,36
OKLAHOMA,MOORE,4020250,4269
OKLAHOMA,MOORELAND,4020280,95
OKLAHOMA,MORRIS,4020310,184
OKLAHOMA,MORRISON,4020340,86
OKLAHOMA,MOSELEY,4020430,27
OKLAHOMA,MOSS,4020460,54
OKLAHOMA,MOUNDS,4020550,108
OKLAHOMA,MOYERS,4020640,55
OKLAHOMA,MULDROW,4020880,334
OKLAHOMA,MULHALL-ORLANDO,4020910,47
OKLAHOMA,MUSKOGEE,4020970,931
OKLAHOMA,MUSTANG,4021000,1656
OKLAHOMA,SHARON-MUTUAL,4021030,44
OKLAHOMA,NASHOBA,4021120,18
OKLAHOMA,NAVAJO,4021180,63
OKLAHOMA,NEW LIMA,4021360,49
OKLAHOMA,NEWCASTLE,4021510,376
OKLAHOMA,NEWKIRK,4021540,129
OKLAHOMA,NINNEKAH,4021600,84
OKLAHOMA,NOBLE,4021630,420
OKLAHOMA,NORMAN,4021720,2995
OKLAHOMA,CHISHOLM,4021780,198
OKLAHOMA,GREASY,4021870,27
OKLAHOMA,NORWOOD,4021900,37
OKLAHOMA,NOWATA,4021930,143
OKLAHOMA,OAK GROVE,4022160,17
OKLAHOMA,OAKDALE,4022350,30
OKLAHOMA,OAKS-MISSION,4022410,20
OKLAHOMA,OILTON,4022560,77
OKLAHOMA,OKARCHE,4022590,65
OKLAHOMA,OKAY,4022620,87
OKLAHOMA,OKEENE,4022650,63
OKLAHOMA,OKLAHOMA CITY,4022770,5405
OKLAHOMA,OKMULGEE,4022800,241
OKLAHOMA,OKTAHA,4022830,134
OKLAHOMA,OLIVE,4022860,54
OKLAHOMA,LOMEGA,4022950,39
OKLAHOMA,OOLOGAH-TALALA,4023040,249
OKLAHOMA,OPTIMA,4023070,5
OKLAHOMA,OSAGE,4023190,41
OKLAHOMA,OSAGE HILLS,4023220,29
OKLAHOMA,OWASSO,4023280,1096
OKLAHOMA,PADEN,4023340,53
OKLAHOMA,PANAMA,4023370,143
OKLAHOMA,PANOLA,4023400,22
OKLAHOMA,PAOLI,4023430,55
OKLAHOMA,PAULS VALLEY,4023550,326
OKLAHOMA,PAWHUSKA,4023580,135
OKLAHOMA,PAWNEE,4023610,95
OKLAHOMA,PECKHAM,4023700,17
OKLAHOMA,PEGGS,4023730,68
OKLAHOMA,PERKINS-TRYON,4023800,195
OKLAHOMA,PERRY,4023850,151
OKLAHOMA,PIEDMONT,4023970,650
OKLAHOMA,PIONEER,4024150,42
OKLAHOMA,PITTSBURG,4024180,40
OKLAHOMA,PLAINVIEW,4024240,243
OKLAHOMA,PLEASANT GROVE,4024330,33
OKLAHOMA,PIONEER-PLEASANT VALE,4024510,73
OKLAHOMA,POCOLA,4024630,141
OKLAHOMA,PONCA CITY,4024690,760
OKLAHOMA,POND CREEK-HUNTER,4024720,69
OKLAHOMA,PORUM,4024840,88
OKLAHOMA,POTEAU,4024870,401
OKLAHOMA,PRAGUE,4024930,153
OKLAHOMA,PRESTON,4025050,72
OKLAHOMA,PRETTY WATER,4025080,46
OKLAHOMA,PRUE,4025170,77
OKLAHOMA,PRYOR,4025200,518
OKLAHOMA,PURCELL,4025230,229
OKLAHOMA,PUTNAM CITY,4025290,3081
OKLAHOMA,QUAPAW,4025320,89
OKLAHOMA,QUINTON,4025410,91
OKLAHOMA,CANEY VALLEY,4025470,141
OKLAHOMA,RATTAN,4025500,86
OKLAHOMA,RAVIA,4025530,19
OKLAHOMA,RED OAK,4025590,62
OKLAHOMA,REYDON,4025800,18
OKLAHOMA,RINGLING,4025860,71
OKLAHOMA,RINGWOOD,4025920,55
OKLAHOMA,RIPLEY,4025950,101
OKLAHOMA,RIVERSIDE,4026010,24
OKLAHOMA,ROBIN HILL,4026100,41
OKLAHOMA,ROCKY MOUNTAIN,4026250,45
OKLAHOMA,ROFF,4026280,61
OKLAHOMA,ROLAND,4026310,261
OKLAHOMA,RUSH SPRINGS,4026550,120
OKLAHOMA,RYAL,4026580,15
OKLAHOMA,RYAN,4026610,71
OKLAHOMA,SOUTH COFFEYVILLE,4026640,45
OKLAHOMA,SALINA,4026730,197
OKLAHOMA,SALLISAW,4026790,331
OKLAHOMA,SAND SPRINGS,4026880,804
OKLAHOMA,SAPULPA,4026910,625
OKLAHOMA,SASAKWA,4026940,53
OKLAHOMA,SAVANNA,4027000,78
OKLAHOMA,SAYRE,4027060,105
OKLAHOMA,SCHULTER,4027090,33
OKLAHOMA,SEILING,4027240,69
OKLAHOMA,SEMINOLE,4027300,312
OKLAHOMA,SENTINEL,4027330,52
OKLAHOMA,SEQUOYAH,4027390,171
OKLAHOMA,SHADY GROVE,4027420,32
OKLAHOMA,SHADY POINT,4027450,37
OKLAHOMA,SHATTUCK,4027540,67
OKLAHOMA,SHAWNEE,4027570,656
OKLAHOMA,SHIDLER,4027630,40
OKLAHOMA,SILO,4027640,235
OKLAHOMA,SKIATOOK,4027750,249
OKLAHOMA,SMITHVILLE,4027840,50
OKLAHOMA,SNYDER,4027930,99
OKLAHOMA,SOPER,4027960,73
OKLAHOMA,SOUTH ROCK CREEK,4027990,54
OKLAHOMA,SPERRY,4028170,192
OKLAHOMA,SPIRO,4028200,165
OKLAHOMA,SPRINGER,4028350,41
OKLAHOMA,STERLING,4028590,54
OKLAHOMA,STIDHAM,4028620,33
OKLAHOMA,STIGLER,4028650,312
OKLAHOMA,STILLWATER,4028680,881
OKLAHOMA,STILWELL,4028710,328
OKLAHOMA,STONEWALL,4028800,82
OKLAHOMA,STRAIGHT,4028920,3
OKLAHOMA,STRATFORD,4028980,106
OKLAHOMA,STRINGTOWN,4029010,78
OKLAHOMA,STROTHER,4029040,81
OKLAHOMA,STROUD,4029070,115
OKLAHOMA,STUART,4029100,42
OKLAHOMA,SULPHUR,4029160,263
OKLAHOMA,SWEETWATER,4029310,31
OKLAHOMA,TAHLEQUAH,4029380,756
OKLAHOMA,TALIHINA,4029400,115
OKLAHOMA,TALOGA,4029430,20
OKLAHOMA,TANNEHILL,4029520,42
OKLAHOMA,TECUMSEH,4029610,345
OKLAHOMA,TEMPLE,4029640,60
OKLAHOMA,TENKILLER,4029670,53
OKLAHOMA,TERRAL,4029760,16
OKLAHOMA,TEXHOMA,4029820,31
OKLAHOMA,THACKERVILLE,4029850,46
OKLAHOMA,MOUNTAIN VIEW-GOTEBO,4029886,56
OKLAHOMA,TIPTON,4030030,50
OKLAHOMA,WOODLAND,4030048,67
OKLAHOMA,TISHOMINGO,4030060,183
OKLAHOMA,TONKAWA,4030120,132
OKLAHOMA,PORTER CONSOLIDATED,4030197,112
OKLAHOMA,TULSA,4030240,5850
OKLAHOMA,TUPELO,4030270,71
OKLAHOMA,TURKEY FORD,4030290,11
OKLAHOMA,TURNER,4030300,73
OKLAHOMA,TURPIN,4030330,31
OKLAHOMA,TUSHKA,4030360,144
OKLAHOMA,TUSKAHOMA,4030390,23
OKLAHOMA,TUTTLE,4030420,267
OKLAHOMA,TWIN HILLS,4030450,90
OKLAHOMA,TYRONE,4030480,39
OKLAHOMA,UNION,4030600,1979
OKLAHOMA,UNION CITY,4030630,47
OKLAHOMA,VALLIANT,4030870,212
OKLAHOMA,VANOSS,4030960,115
OKLAHOMA,VARNUM,4030990,68
OKLAHOMA,VELMA-ALMA,4031020,76
OKLAHOMA,VERDEN,4031080,60
OKLAHOMA,VERDIGRIS,4031110,224
OKLAHOMA,VIAN,4031140,236
OKLAHOMA,VICI,4031170,42
OKLAHOMA,VINITA,4031290,289
OKLAHOMA,WAGONER,4031350,362
OKLAHOMA,WAINWRIGHT,4031380,26
OKLAHOMA,WALTERS,4031470,91
OKLAHOMA,WANETTE,4031500,37
OKLAHOMA,WAPANUCKA,4031590,80
OKLAHOMA,WARNER,4031650,143
OKLAHOMA,WASHINGTON,4031710,152
OKLAHOMA,WATONGA,4031770,129
OKLAHOMA,WATTS,4031860,58
OKLAHOMA,WAUKOMIS,4031950,73
OKLAHOMA,WAURIKA,4031980,74
OKLAHOMA,WAYNE,4032010,97
OKLAHOMA,WAYNOKA,4032040,28
OKLAHOMA,WEATHERFORD,4032070,256
OKLAHOMA,WEBBERS FALLS,4032130,89
OKLAHOMA,WELCH,4032190,84
OKLAHOMA,WELEETKA,4032220,143
OKLAHOMA,WELLSTON,4032280,88
OKLAHOMA,WESTERN HEIGHTS,4032370,470
OKLAHOMA,WESTVILLE,4032400,223
OKLAHOMA,WETUMKA,4032430,95
OKLAHOMA,WEWOKA,4032460,156
OKLAHOMA,WHITE OAK,4032610,8
OKLAHOMA,WHITE ROCK,4032640,21
OKLAHOMA,WHITEBEAD,4032670,34
OKLAHOMA,WHITEFIELD,4032700,61
OKLAHOMA,WHITESBORO,4032730,45
OKLAHOMA,WICKLIFFE,4032760,13
OKLAHOMA,WILBURTON,4032790,210
OKLAHOMA,WILSON,4032880,67
OKLAHOMA,WILSON,4032940,89
OKLAHOMA,WISTER,4032970,99
OKLAHOMA,WOODALL,4033090,99
OKLAHOMA,WOODWARD,4033180,339
OKLAHOMA,WRIGHT CITY,4033210,85
OKLAHOMA,WYANDOTTE,4033240,122
OKLAHOMA,WYNNEWOOD,4033300,148
OKLAHOMA,WYNONA,4033330,34
OKLAHOMA,YALE,4033360,91
OKLAHOMA,YARBROUGH,4033390,6
OKLAHOMA,YUKON,4033480,1479
OKLAHOMA,ZANEIS,4033540,46
OKLAHOMA,ZION,4033600,73
OKLAHOMA,ROCK CREEK,4033601,115
OKLAHOMA,FORT COBB-BROXTON,4033602,62
OKLAHOMA,BINGER-ONEY,4033603,101
OREGON,Falls City SD 57,4100003,30
OREGON,Oregon Department of Education,4100009,NA
OREGON,Vale SD 84,4100014,124
OREGON,Gervais SD 1,4100015,165
OREGON,Yamhill Carlton SD 1,4100016,140
OREGON,Harrisburg SD 7J,4100019,139
OREGON,North Santiam SD 29J,4100020,413
OREGON,South Wasco County SD 1,4100021,29
OREGON,Northwest Regional ESD,4100022,NA
OREGON,Hillsboro SD 1J,4100023,3586
OREGON,South Coast ESD,4100024,NA
OREGON,Douglas ESD,4100025,NA
OREGON,North Central ESD,4100026,NA
OREGON,Grant ESD,4100027,NA
OREGON,Harney ESD Region XVII,4100028,NA
OREGON,Southern Oregon ESD,4100029,NA
OREGON,Jefferson ESD,4100030,NA
OREGON,Lake ESD,4100031,NA
OREGON,Lane ESD,4100032,NA
OREGON,Linn Benton Lincoln ESD,4100033,NA
OREGON,Malheur ESD Region 14,4100034,NA
OREGON,Willamette ESD,4100035,NA
OREGON,InterMountain ESD,4100036,NA
OREGON,Region 18 ESD,4100038,NA
OREGON,Knappa SD 4,4100040,114
OREGON,Malheur County SD 51,4100042,NA
OREGON,ODE YCEP District,4100043,NA
OREGON,ODE JDEP District,4100045,NA
OREGON,ODE Head Start,4100046,NA
OREGON,Ione SD R2,4100047,21
OREGON,North Wasco County SD 21,4100048,544
OREGON,ODE LTCT District,4100049,NA
OREGON,ODE Hospital Program District,4100384,NA
OREGON,Myrtle Point SD 41,4100640,110
OREGON,Adel SD 21,4100990,4
OREGON,Adrian SD 61,4101020,49
OREGON,Greater Albany Public SD 8J,4101120,1506
OREGON,Alsea SD 7J,4101200,22
OREGON,Amity SD 4J,4101230,128
OREGON,Annex SD 29,4101350,6
OREGON,Columbia Gorge ESD,4101355,NA
OREGON,Arlington SD 3,4101470,25
OREGON,Arock SD 81,4101500,3
OREGON,Ashland SD 5,4101560,320
OREGON,Ashwood SD 8,4101590,NA
OREGON,Astoria SD 1,4101620,296
OREGON,Athena-Weston SD 29RJ,4101660,79
OREGON,Baker SD 5J,4101710,521
OREGON,Burnt River SD 30J,4101740,5
OREGON,Bandon SD 54,4101800,108
OREGON,Banks SD 13,4101830,150
OREGON,Beaverton SD 48J,4101920,5703
OREGON,Bend-LaPine Administrative SD 1,4101980,1991
OREGON,Bethel SD 52,4102040,1231
OREGON,Blachly SD 90,4102160,20
OREGON,Black Butte SD 41,4102190,5
OREGON,Brookings-Harbor SD 17C,4102310,249
OREGON,Harney County SD 3,4102490,145
OREGON,Butte Falls SD 91,4102580,56
OREGON,Camas Valley SD 21J,4102610,38
OREGON,Canby SD 86,4102640,644
OREGON,Cascade SD 5,4102780,354
OREGON,Centennial SD 28J,4102800,980
OREGON,Central SD 13J,4102840,417
OREGON,Central Linn SD 552,4102910,106
OREGON,Central Point SD 6,4102940,713
OREGON,Clatskanie SD 6J,4103260,152
OREGON,Rainier SD 13,4103265,187
OREGON,Colton SD 53,4103270,82
OREGON,Condon SD 25J,4103330,24
OREGON,Coquille SD 8,4103390,153
OREGON,Corbett SD 39,4103420,100
OREGON,Corvallis SD 509J,4103480,736
OREGON,Cove SD 15,4103540,40
OREGON,Harney County SD 4,4103600,46
OREGON,Harney County Union High SD 1J,4103630,34
OREGON,Coos Bay SD 9,4103660,564
OREGON,Creswell SD 40,4103690,257
OREGON,Crook County SD,4103720,476
OREGON,Crow-Applegate-Lorane SD 66,4103780,44
OREGON,Culver SD 4,4103840,98
OREGON,Dallas SD 2,4103860,587
OREGON,David Douglas SD 40,4103940,1343
OREGON,Douglas County SD 15,4103960,39
OREGON,Dayton SD 8,4103990,139
OREGON,Dayville SD 16J,4104020,4
OREGON,Diamond SD 7,4104170,NA
OREGON,Double O SD 28,4104290,NA
OREGON,North Douglas SD 22,4104350,50
OREGON,Drewsey SD 13,4104380,NA
OREGON,Dufur SD 29,4104410,54
OREGON,Eagle Point SD 9,4104500,679
OREGON,Echo SD 5,4104530,30
OREGON,Elgin SD 23,4104590,60
OREGON,Elkton SD 34,4104620,18
OREGON,Estacada SD 108,4104700,345
OREGON,Eugene SD 4J,4104740,2600
OREGON,Fern Ridge SD 28J,4104950,306
OREGON,South Harney SD 33,4105020,3
OREGON,Enterprise SD 21,4105080,70
OREGON,Siuslaw SD 97J,4105100,229
OREGON,Forest Grove SD 15,4105160,1064
OREGON,Fossil SD 21J,4105250,16
OREGON,Frenchglen SD 16,4105310,NA
OREGON,Gaston SD 511J,4105430,65
OREGON,Gladstone SD 115,4105610,244
OREGON,Glendale SD 77,4105640,62
OREGON,Glide SD 12,4105670,105
OREGON,Central Curry SD 1,4105760,69
OREGON,Grants Pass SD 7,4105910,881
OREGON,Gresham-Barlow SD 10J,4106000,1712
OREGON,Harper SD 66,4106120,10
OREGON,Helix SD 1,4106270,15
OREGON,Hermiston SD 8,4106300,836
OREGON,Hood River County SD,4106510,559
OREGON,Huntington SD 16J,4106600,8
OREGON,Imbler SD 11,4106630,39
OREGON,Jefferson SD 14J,4106710,151
OREGON,Jefferson County SD 509J,4106740,604
OREGON,Jewell SD 8,4106750,36
OREGON,John Day SD 3,4106780,112
OREGON,Jordan Valley SD 3,4106820,5
OREGON,Joseph SD 6,4106870,35
OREGON,Three Rivers/Josephine County SD,4106900,662
OREGON,Junction City SD 69,4106930,313
OREGON,Juntura SD 12,4106960,NA
OREGON,Klamath County SD,4107020,1088
OREGON,Klamath Falls City Schools,4107080,515
OREGON,La Grande SD 1,4107200,414
OREGON,Lake Oswego SD 7J,4107230,730
OREGON,Lake County SD 7,4107280,100
OREGON,Lebanon Community SD 9,4107380,786
OREGON,Lincoln County SD,4107500,950
OREGON,Long Creek SD 17,4107530,4
OREGON,Lowell SD 71,4107590,66
OREGON,Mapleton SD 32,4107710,36
OREGON,Marcola SD 79J,4107740,44
OREGON,McKenzie SD 68,4107980,40
OREGON,McMinnville SD 40,4108010,1004
OREGON,Medford SD 549C,4108040,2383
OREGON,Santiam Canyon SD 129J,4108100,700
OREGON,Milton-Freewater Unified SD 7,4108160,254
OREGON,Mitchell SD 55,4108280,6
OREGON,Molalla River SD 35,4108310,497
OREGON,Monroe SD 1J,4108430,54
OREGON,Monument SD 8,4108460,8
OREGON,Morrow SD 1,4108520,382
OREGON,Mt Angel SD 91,4108550,99
OREGON,Neah-Kah-Nie SD 56,4108650,134
OREGON,Nestucca Valley SD 101J,4108700,88
OREGON,Newberg SD 29J,4108720,749
OREGON,North Bend SD 13,4108820,673
OREGON,North Clackamas SD 12,4108830,3204
OREGON,North Marion SD 15,4108880,313
OREGON,North Powder SD 8J,4108940,31
OREGON,Nyssa SD 26,4109000,206
OREGON,Oakland SD 1,4109120,74
OREGON,Oakridge SD 76,4109150,126
OREGON,Ontario SD 8C,4109270,407
OREGON,Oregon City SD 62,4109330,1385
OREGON,Paisley SD 11,4109430,8
OREGON,Parkrose SD 3,4109480,580
OREGON,Pendleton SD 16,4109510,546
OREGON,Perrydale SD 21,4109530,42
OREGON,Philomath SD 17J,4109600,159
OREGON,Phoenix-Talent SD 4,4109630,524
OREGON,Pilot Rock SD 2,4109660,43
OREGON,Pine Creek SD 5,4109690,NA
OREGON,Pine Eagle SD 61,4109720,32
OREGON,Pinehurst SD 94,4109750,5
OREGON,Pleasant Hill SD 1,4109870,155
OREGON,Plush SD 18,4109960,4
OREGON,Port Orford-Langlois SD 2CJ,4110020,35
OREGON,Portland SD 1J,4110040,8560
OREGON,Powers SD 31,4110080,23
OREGON,Prairie City SD 4,4110110,25
OREGON,Prospect SD 59,4110200,25
OREGON,Redmond SD 2J,4110350,1067
OREGON,Reedsport SD 105,4110410,132
OREGON,Reynolds SD 7,4110520,2041
OREGON,Riddle SD 70,4110530,69
OREGON,Riverdale SD 51J,4110560,32
OREGON,Rogue River SD 35,4110680,211
OREGON,Douglas County SD 4,4110710,888
OREGON,Salem-Keizer SD 24J,4110820,7394
OREGON,Oregon Trail SD 46,4110890,693
OREGON,Scappoose SD 1J,4110980,359
OREGON,Scio SD 95,4111040,72
OREGON,Seaside SD 10,4111100,292
OREGON,Sheridan SD 48J,4111220,146
OREGON,Sherman County SD,4111250,48
OREGON,Sherwood SD 88J,4111290,640
OREGON,North Lake SD 14,4111400,55
OREGON,Silver Falls SD 4J,4111450,530
OREGON,Sisters SD 6,4111490,118
OREGON,South Lane SD 45J3,4111580,581
OREGON,South Umpqua SD 19,4111610,309
OREGON,Spray SD 1,4111640,5
OREGON,Springfield SD 19,4111670,2081
OREGON,St Helens SD 502,4111720,526
OREGON,St Paul SD 45,4111760,24
OREGON,Stanfield SD 61,4111790,79
OREGON,Suntex SD 10,4111910,NA
OREGON,Sutherlin SD 130,4111940,226
OREGON,Sweet Home SD 55,4111970,477
OREGON,Tigard-Tualatin SD 23J,4112240,1611
OREGON,Tillamook SD 9,4112320,378
OREGON,Troy SD 54,4112360,NA
OREGON,Ukiah SD 80R,4112540,3
OREGON,Umatilla SD 6R,4112600,157
OREGON,Union SD 5,4112690,43
OREGON,Vernonia SD 47J,4112930,119
OREGON,Wallowa SD 12,4112990,31
OREGON,Warrenton-Hammond SD 30,4113080,174
OREGON,West Linn-Wilsonville SD 3J,4113170,1220
OREGON,Willamina SD 30J,4113350,167
OREGON,Winston-Dillard SD 116,4113490,267
OREGON,Woodburn SD 103,4113530,915
OREGON,Yoncalla SD 32,4113650,53
OREGON,High Desert ESD,4180070,NA
OREGON,Multnomah ESD,4180180,NA
OREGON,Clackamas ESD,4180505,NA
PENNSYLVANIA,Bedford County Technical Center,4200001,NA
PENNSYLVANIA,Susquehanna County CTC,4200003,NA
PENNSYLVANIA,Fulton County AVTS,4200007,NA
PENNSYLVANIA,Keystone Education Center CS,4200011,62
PENNSYLVANIA,Chester Co Family Academy CS,4200012,13
PENNSYLVANIA,Community Academy of Philadelphia CS,4200013,271
PENNSYLVANIA,Harambee Institute of Science and Technology CS,4200014,61
PENNSYLVANIA,Youth Build Phila CS,4200016,62
PENNSYLVANIA,Manchester Academic CS,4200017,52
PENNSYLVANIA,Urban Pathways 6-12 CS,4200018,79
PENNSYLVANIA,Urban Academy of Greater Pittsburgh CS,4200019,35
PENNSYLVANIA,Robert Benjamin Wiley Community CS,4200020,105
PENNSYLVANIA,Dr Robert Ketterer CS Inc,4200021,106
PENNSYLVANIA,Centre Learning Community CS,4200023,28
PENNSYLVANIA,Nittany Valley CS,4200024,8
PENNSYLVANIA,South Mountain Secure Trmnt Unit,4200025,NA
PENNSYLVANIA,La Academia Partnership Charter School,4200026,65
PENNSYLVANIA,Sylvan Heights Science CS,4200027,19
PENNSYLVANIA,Susq-Cyber CS,4200028,21
PENNSYLVANIA,School Lane CS,4200030,130
PENNSYLVANIA,Chester Community CS,4200035,928
PENNSYLVANIA,Preparatory CS of Mathematics Science Tech and Careers,4200036,96
PENNSYLVANIA,Imhotep Institute CHS,4200038,102
PENNSYLVANIA,Alliance for Progress CS,4200039,84
PENNSYLVANIA,Multicultural Academy CS,4200040,42
PENNSYLVANIA,West Oak Lane CS,4200041,160
PENNSYLVANIA,Inquiry Charter School,4200042,70
PENNSYLVANIA,Eugenio Maria De Hostos CS,4200043,152
PENNSYLVANIA,Laboratory CS,4200044,35
PENNSYLVANIA,Crispus Attucks CS,4200048,20
PENNSYLVANIA,Danville Ctr Adolescent Female,4200049,NA
PENNSYLVANIA,Collegium CS,4200050,641
PENNSYLVANIA,MAST Community CS,4200051,214
PENNSYLVANIA,Christopher Columbus CS,4200052,105
PENNSYLVANIA,Charter High School for Architecture and Design,4200053,104
PENNSYLVANIA,Universal Institute CS,4200055,107
PENNSYLVANIA,Math Civics and Sciences CS,4200056,45
PENNSYLVANIA,Young Scholars CS,4200058,45
PENNSYLVANIA,Freire CS,4200060,218
PENNSYLVANIA,Philadelphia Academy CS,4200061,247
PENNSYLVANIA,Mastery CS-Hardy Williams,4200062,268
PENNSYLVANIA,Sugar Valley Rural CS,4200063,158
PENNSYLVANIA,Spectrum CS,4200064,29
PENNSYLVANIA,Lincoln CS,4200065,92
PENNSYLVANIA,Renaissance Academy CS,4200067,181
PENNSYLVANIA,Roberto Clemente CS,4200068,63
PENNSYLVANIA,Bucks County Montessori CS,4200069,26
PENNSYLVANIA,Souderton CS Collaborative,4200070,38
PENNSYLVANIA,Pennsylvania Cyber CS,4200071,2190
PENNSYLVANIA,Global Leadership Academy CS,4200073,88
PENNSYLVANIA,Philadelphia Performing Arts CS,4200074,433
PENNSYLVANIA,New Foundations CS,4200075,111
PENNSYLVANIA,Esperanza Academy Charter School,4200076,278
PENNSYLVANIA,Franklin Towne CHS,4200077,147
PENNSYLVANIA,Mariana Bracetti Academy CS,4200079,274
PENNSYLVANIA,Mastery CHS-Lenfest Campus,4200084,170
PENNSYLVANIA,People for People CS,4200085,147
PENNSYLVANIA,Richard Allen Preparatory CS,4200086,69
PENNSYLVANIA,Independence CS,4200087,140
PENNSYLVANIA,Pennsylvania Virtual CS,4200088,369
PENNSYLVANIA,21st Century Cyber CS,4200091,220
PENNSYLVANIA,Russell Byers CS,4200092,112
PENNSYLVANIA,First Philadelphia Preparatory Charter School,4200093,358
PENNSYLVANIA,City CHS,4200094,130
PENNSYLVANIA,Central PA Digital Learning Foundation CS,4200095,47
PENNSYLVANIA,Fell CS,4200096,27
PENNSYLVANIA,Lehigh Valley Academy Regional CS,4200098,257
PENNSYLVANIA,Lehigh Valley Charter High School for the Arts,4200099,58
PENNSYLVANIA,Center for Student Learning CS at Pennsbury,4200100,72
PENNSYLVANIA,Avon Grove CS,4200101,298
PENNSYLVANIA,Green Woods CS,4200104,93
PENNSYLVANIA,West Phila. Achievement CES,4200105,80
PENNSYLVANIA,Wissahickon CS,4200106,237
PENNSYLVANIA,Philadelphia Electrical & Tech CHS,4200107,118
PENNSYLVANIA,Belmont Charter School,4200108,208
PENNSYLVANIA,Pittsburgh-Mt Oliver IU 2,4200109,NA
PENNSYLVANIA,Philadelphia IU 26,4200110,NA
PENNSYLVANIA,Propel CS-Homestead,4200111,142
PENNSYLVANIA,New Day Charter School,4200114,64
PENNSYLVANIA,Perseus House CS of Excellence,4200115,164
PENNSYLVANIA,Infinity CS,4200118,19
PENNSYLVANIA,Commonwealth Charter Academy CS,4200119,2453
PENNSYLVANIA,Discovery Charter School,4200121,64
PENNSYLVANIA,KIPP Philadelphia Charter School,4200122,221
PENNSYLVANIA,Maritime Academy Charter School,4200123,61
PENNSYLVANIA,Montessori Regional CS,4200124,62
PENNSYLVANIA,Pennsylvania Distance Learning CS,4200125,240
PENNSYLVANIA,Bear Creek Community CS,4200126,96
PENNSYLVANIA,Pennsylvania Leadership Charter School,4200127,382
PENNSYLVANIA,Achievement House CS,4200128,230
PENNSYLVANIA,Ad Prima CS,4200129,98
PENNSYLVANIA,Philadelphia Montessori CS,4200130,48
PENNSYLVANIA,The New Academy CS,4200133,73
PENNSYLVANIA,Propel CS-McKeesport,4200134,63
PENNSYLVANIA,Propel CS-East,4200135,56
PENNSYLVANIA,Tidioute Community CS,4200136,63
PENNSYLVANIA,Young Scholars of Central PA CS,4200137,66
PENNSYLVANIA,Northwood Academy CS,4200139,136
PENNSYLVANIA,Agora Cyber CS,4200140,1555
PENNSYLVANIA,Folk Arts-Cultural Treasures CS,4200141,86
PENNSYLVANIA,Lincoln Park Performing Arts CS,4200143,85
PENNSYLVANIA,Mastery CS-Thomas Campus,4200144,253
PENNSYLVANIA,Mastery CS-Shoemaker Campus,4200145,194
PENNSYLVANIA,Evergreen Community CS,4200749,6
PENNSYLVANIA,Propel CS-Montour,4200752,133
PENNSYLVANIA,Widener Partnership CS,4200753,71
PENNSYLVANIA,Southwest Leadership Academy CS,4200758,71
PENNSYLVANIA,Boys Latin of Philadelphia CS,4200760,181
PENNSYLVANIA,Mastery CS-Pickett Campus,4200761,220
PENNSYLVANIA,Keystone Academy Charter School,4200762,110
PENNSYLVANIA,Pan American Academy CS,4200810,219
PENNSYLVANIA,Environmental Charter School at Frick Park,4200812,127
PENNSYLVANIA,Antonia Pantoja Community Charter School,4200813,189
PENNSYLVANIA,Vida Charter School,4200814,30
PENNSYLVANIA,KIPP West Philadelphia Preparatory Charter School,4200815,80
PENNSYLVANIA,Sankofa Freedom Academy Charter School,4200816,118
PENNSYLVANIA,Franklin Towne Charter Elementary School,4200817,139
PENNSYLVANIA,Seven Generations Charter School,4200818,52
PENNSYLVANIA,Lincoln Leadership Academy Charter School,4200819,98
PENNSYLVANIA,Tacony Academy Charter School,4200821,183
PENNSYLVANIA,Central Valley SD,4200824,385
PENNSYLVANIA,Universal Daroff Charter School,4200827,138
PENNSYLVANIA,Mastery CS-Harrity Campus,4200828,162
PENNSYLVANIA,Mastery CS-Smedley Campus,4200829,185
PENNSYLVANIA,Frederick Douglass Mastery Charter School,4200830,164
PENNSYLVANIA,Mastery CS-Mann Campus,4200831,98
PENNSYLVANIA,Lehigh Valley Dual Language Charter School,4200832,27
PENNSYLVANIA,Propel CS-Braddock Hills,4200833,194
PENNSYLVANIA,Universal Bluford Charter School,4200834,104
PENNSYLVANIA,ASPIRA Bilingual Cyber Charter School,4200835,216
PENNSYLVANIA,Gettysburg Montessori Charter School,4200836,39
PENNSYLVANIA,John B Stetson Charter School,4200839,225
PENNSYLVANIA,Mastery CS-Clymer Elementary,4200840,113
PENNSYLVANIA,Gillingham Charter School,4200841,74
PENNSYLVANIA,Olney Charter High School,4200843,532
PENNSYLVANIA,Stone Valley Community CS,4200844,14
PENNSYLVANIA,Young Scholars of Western Pennsylvania CS,4200845,69
PENNSYLVANIA,York Academy Regional Charter School,4200846,92
PENNSYLVANIA,Urban Pathways K-5 College Charter School,4200847,59
PENNSYLVANIA,I-LEAD Charter School,4200848,97
PENNSYLVANIA,Propel CS-Northside,4200849,77
PENNSYLVANIA,Lindley Academy CS at Birney,4200850,142
PENNSYLVANIA,Mastery CS-Gratz Campus,4200851,421
PENNSYLVANIA,HOPE for Hyndman CS,4200852,27
PENNSYLVANIA,Penn Hills Charter School of Entrepreneurship,4200853,67
PENNSYLVANIA,Erie Rise Leadership Academy Charter School,4200854,92
PENNSYLVANIA,Universal Vare Charter School,4200855,52
PENNSYLVANIA,Universal Audenried Charter School,4200856,153
PENNSYLVANIA,Chester Charter Scholars Academy CS,4200857,95
PENNSYLVANIA,Esperanza Cyber CS,4200858,107
PENNSYLVANIA,Propel CS-Pitcairn,4200859,57
PENNSYLVANIA,Arts Academy CS,4200860,68
PENNSYLVANIA,Baden Academy CS,4200861,128
PENNSYLVANIA,Mastery CS-Cleveland Elementary,4200862,162
PENNSYLVANIA,The Philadelphia CS for Arts and Sciences at HR Edmunds,4200863,271
PENNSYLVANIA,Universal Creighton Charter School,4200866,99
PENNSYLVANIA,Howard Gardner Multiple Intelligence CS,4200867,39
PENNSYLVANIA,Memphis Street Academy CS @ JP Jones,4200870,153
PENNSYLVANIA,Universal Alcorn CS,4200872,79
PENNSYLVANIA,Premier Arts and Science Charter School,4200873,33
PENNSYLVANIA,Mastery CS-Francis D. Pastorius Elementary,4200874,143
PENNSYLVANIA,Circle of Seasons Charter School,4200875,84
PENNSYLVANIA,Capital Area School for the Arts Charter School,4200876,31
PENNSYLVANIA,Mifflin County Academy of Science and Technology,4200878,NA
PENNSYLVANIA,Executive Education Academy Charter School,4200879,153
PENNSYLVANIA,Propel CS-Hazelwood,4200880,42
PENNSYLVANIA,Passport Academy CS,4200882,52
PENNSYLVANIA,Arts Academy Elementary Charter School,4200883,68
PENNSYLVANIA,Young Scholars of McKeesport Charter School,4200884,56
PENNSYLVANIA,Vision Academy Charter School,4200885,62
PENNSYLVANIA,KIPP DuBois Charter School,4200886,158
PENNSYLVANIA,Reach Cyber CS,4200887,701
PENNSYLVANIA,KIPP West Philadelphia CS,4200888,63
PENNSYLVANIA,Mastery CS John Wister Elementary,4200889,111
PENNSYLVANIA,Provident CS,4200890,190
PENNSYLVANIA,MaST Community CS II,4200891,185
PENNSYLVANIA,Global Leadership Academy CS Southwest at Huey,4200892,109
PENNSYLVANIA,Independence CS West,4200893,133
PENNSYLVANIA,Innovative Arts Academy CS,4200894,97
PENNSYLVANIA,TECH Freire CS,4200895,110
PENNSYLVANIA,Westinghouse Arts Academy CS,4200896,36
PENNSYLVANIA,Easton Arts Academy Elementary CS,4200897,41
PENNSYLVANIA,Insight PA Cyber CS,4200898,421
PENNSYLVANIA,Deep Roots Charter School,4200899,50
PENNSYLVANIA,Mastery Prep Elementary CS,4200900,45
PENNSYLVANIA,KIPP North Philadelphia CS,4200901,47
PENNSYLVANIA,Philadelphia Hebrew Public CS,4200902,11
PENNSYLVANIA,MaST Community CS III,4200903,107
PENNSYLVANIA,Abington Heights SD,4202010,522
PENNSYLVANIA,Abington SD,4202040,1563
PENNSYLVANIA,Albert Gallatin Area SD,4202100,743
PENNSYLVANIA,Aliquippa SD,4202130,218
PENNSYLVANIA,Allegheny Valley SD,4202190,178
PENNSYLVANIA,Allentown City SD,4202280,3565
PENNSYLVANIA,Allegheny-Clarion Valley SD,4202310,133
PENNSYLVANIA,Altoona Area SD,4202340,1774
PENNSYLVANIA,Wissahickon SD,4202400,1005
PENNSYLVANIA,Ambridge Area SD,4202440,513
PENNSYLVANIA,Antietam SD,4202480,298
PENNSYLVANIA,Annville-Cleona SD,4202490,268
PENNSYLVANIA,Apollo-Ridge SD,4202550,251
PENNSYLVANIA,Armstrong SD,4202590,1204
PENNSYLVANIA,Lenape Tech,4202600,NA
PENNSYLVANIA,Athens Area SD,4202670,466
PENNSYLVANIA,Austin Area SD,4202700,40
PENNSYLVANIA,Avella Area SD,4202760,126
PENNSYLVANIA,Avon Grove SD,4202790,707
PENNSYLVANIA,Avonworth SD,4202820,275
PENNSYLVANIA,Pine-Richland SD,4202850,715
PENNSYLVANIA,Chester County Technical College HS,4202900,NA
PENNSYLVANIA,Bald Eagle Area SD,4202910,318
PENNSYLVANIA,Baldwin-Whitehall SD,4202970,551
PENNSYLVANIA,Bangor Area SD,4203000,574
PENNSYLVANIA,Beaver Area SD,4203120,325
PENNSYLVANIA,Bedford Area SD,4203180,323
PENNSYLVANIA,Belle Vernon Area SD,4203210,365
PENNSYLVANIA,Bellefonte Area SD,4203240,550
PENNSYLVANIA,Bellwood-Antis SD,4203300,222
PENNSYLVANIA,Bensalem Township SD,4203330,1605
PENNSYLVANIA,Bentworth SD,4203360,214
PENNSYLVANIA,Benton Area SD,4203390,146
PENNSYLVANIA,Berlin Brothersvalley SD,4203420,130
PENNSYLVANIA,Bermudian Springs SD,4203450,232
PENNSYLVANIA,Berwick Area SD,4203480,620
PENNSYLVANIA,Bethel Park SD,4203510,769
PENNSYLVANIA,Bethlehem Area SD,4203570,2890
PENNSYLVANIA,Bethlehem-Center SD,4203600,315
PENNSYLVANIA,Big Beaver Falls Area SD,4203630,363
PENNSYLVANIA,Big Spring SD,4203660,603
PENNSYLVANIA,Blackhawk SD,4203688,423
PENNSYLVANIA,Blacklick Valley SD,4203690,153
PENNSYLVANIA,Blairsville-Saltsburg SD,4203750,307
PENNSYLVANIA,Bloomsburg Area SD,4203840,241
PENNSYLVANIA,Blue Mountain SD,4203870,581
PENNSYLVANIA,Blue Ridge SD,4203900,171
PENNSYLVANIA,Boyertown Area SD,4203960,1643
PENNSYLVANIA,Bradford Area SD,4204020,515
PENNSYLVANIA,Brandywine Heights Area SD,4204050,341
PENNSYLVANIA,Brownsville Area SD,4204080,415
PENNSYLVANIA,Bryn Athyn SD,4204090,3
PENNSYLVANIA,Brentwood Borough SD,4204140,223
PENNSYLVANIA,Bristol Borough SD,4204200,321
PENNSYLVANIA,Bristol Township SD,4204230,1616
PENNSYLVANIA,Brockway Area SD,4204260,198
PENNSYLVANIA,Brookville Area SD,4204320,316
PENNSYLVANIA,Burgettstown Area SD,4204500,237
PENNSYLVANIA,Burrell SD,4204530,329
PENNSYLVANIA,Butler Area SD,4204590,1309
PENNSYLVANIA,California Area SD,4204710,162
PENNSYLVANIA,Cambria Heights SD,4204740,214
PENNSYLVANIA,Cameron County SD,4204830,154
PENNSYLVANIA,Camp Hill SD,4204860,198
PENNSYLVANIA,Canon-McMillan SD,4204890,920
PENNSYLVANIA,Canton Area SD,4204920,225
PENNSYLVANIA,Carbondale Area SD,4204980,452
PENNSYLVANIA,Carlisle Area SD,4205010,936
PENNSYLVANIA,Carlynton SD,4205040,289
PENNSYLVANIA,Carmichaels Area SD,4205070,244
PENNSYLVANIA,Catasauqua Area SD,4205160,320
PENNSYLVANIA,Centennial SD,4205190,1131
PENNSYLVANIA,Central Bucks SD,4205310,2790
PENNSYLVANIA,Central Cambria SD,4205340,273
PENNSYLVANIA,Central Columbia SD,4205370,299
PENNSYLVANIA,Central Dauphin SD,4205400,2151
PENNSYLVANIA,Central Greene SD,4205430,440
PENNSYLVANIA,Crestwood SD,4205460,428
PENNSYLVANIA,Central York SD,4205490,744
PENNSYLVANIA,Chambersburg Area SD,4205550,1565
PENNSYLVANIA,Charleroi SD,4205640,307
PENNSYLVANIA,Chartiers Valley SD,4205700,462
PENNSYLVANIA,Chartiers-Houston SD,4205730,202
PENNSYLVANIA,Cheltenham SD,4205760,914
PENNSYLVANIA,Chester-Upland SD,4205860,800
PENNSYLVANIA,Chestnut Ridge SD,4205880,247
PENNSYLVANIA,Chichester SD,4205910,898
PENNSYLVANIA,Clairton City SD,4206030,229
PENNSYLVANIA,Clarion Area SD,4206060,165
PENNSYLVANIA,Clarion-Limestone Area SD,4206090,151
PENNSYLVANIA,Claysburg-Kimmel SD,4206120,165
PENNSYLVANIA,Clearfield Area SD,4206150,590
PENNSYLVANIA,Coatesville Area SD,4206240,1711
PENNSYLVANIA,Cocalico SD,4206270,638
PENNSYLVANIA,Columbia Borough SD,4206360,385
PENNSYLVANIA,Columbia-Montour AVTS,4206365,NA
PENNSYLVANIA,Commodore Perry SD,4206390,108
PENNSYLVANIA,Conemaugh Township Area SD,4206420,180
PENNSYLVANIA,Conemaugh Valley SD,4206430,159
PENNSYLVANIA,Conestoga Valley SD,4206480,723
PENNSYLVANIA,Conewago Valley SD,4206550,636
PENNSYLVANIA,Conneaut SD,4206590,429
PENNSYLVANIA,Connellsville Area SD,4206660,1112
PENNSYLVANIA,Conrad Weiser Area SD,4206780,617
PENNSYLVANIA,Cornell SD,4206810,156
PENNSYLVANIA,Cornwall-Lebanon SD,4206840,836
PENNSYLVANIA,Corry Area SD,4206860,472
PENNSYLVANIA,Coudersport Area SD,4206930,149
PENNSYLVANIA,Council Rock SD,4206960,1868
PENNSYLVANIA,Cranberry Area SD,4207050,246
PENNSYLVANIA,Crawford Central SD,4207080,778
PENNSYLVANIA,Cumberland Valley SD,4207110,1244
PENNSYLVANIA,Curwensville Area SD,4207140,226
PENNSYLVANIA,Dallas SD,4207200,444
PENNSYLVANIA,Dallastown Area SD,4207230,1250
PENNSYLVANIA,Daniel Boone Area SD,4207290,687
PENNSYLVANIA,Danville Area SD,4207320,451
PENNSYLVANIA,Dauphin County Technical School,4207385,NA
PENNSYLVANIA,Delaware Valley SD,4207530,866
PENNSYLVANIA,Deer Lakes SD,4207540,420
PENNSYLVANIA,Derry Area SD,4207560,380
PENNSYLVANIA,Derry Township SD,4207590,417
PENNSYLVANIA,Donegal SD,4207650,563
PENNSYLVANIA,Dover Area SD,4207680,625
PENNSYLVANIA,Downingtown Area SD,4207710,2406
PENNSYLVANIA,Dubois Area SD,4207830,950
PENNSYLVANIA,Dunmore SD,4207980,298
PENNSYLVANIA,Duquesne City SD,4208010,111
PENNSYLVANIA,East Allegheny SD,4208060,401
PENNSYLVANIA,Forest Area SD,4208280,108
PENNSYLVANIA,Eastern Lebanon County SD,4208460,496
PENNSYLVANIA,East Lycoming SD,4208490,287
PENNSYLVANIA,East Penn SD,4208550,1681
PENNSYLVANIA,East Pennsboro Area SD,4208580,557
PENNSYLVANIA,East Stroudsburg Area SD,4208670,1438
PENNSYLVANIA,Eastern York SD,4208790,379
PENNSYLVANIA,Eastern Lancaster County SD,4208820,536
PENNSYLVANIA,Easton Area SD,4208850,1630
PENNSYLVANIA,Elizabeth Forward SD,4209090,503
PENNSYLVANIA,Elizabethtown Area SD,4209120,693
PENNSYLVANIA,Elk Lake SD,4209150,268
PENNSYLVANIA,Ellwood City Area SD,4209240,305
PENNSYLVANIA,Ephrata Area SD,4209270,859
PENNSYLVANIA,Erie City SD,4209300,2629
PENNSYLVANIA,Everett Area SD,4209360,244
PENNSYLVANIA,Exeter Township SD,4209480,818
PENNSYLVANIA,Fairfield Area SD,4209540,150
PENNSYLVANIA,Fairview SD,4209570,222
PENNSYLVANIA,Karns City Area SD,4209600,242
PENNSYLVANIA,Fannett-Metal SD,4209660,93
PENNSYLVANIA,Farrell Area SD,4209690,172
PENNSYLVANIA,Ferndale Area SD,4209750,146
PENNSYLVANIA,Fleetwood Area SD,4209780,517
PENNSYLVANIA,Forbes Road SD,4209870,58
PENNSYLVANIA,Forest City Regional SD,4209930,155
PENNSYLVANIA,Youth Forestry Camp #3,4209931,NA
PENNSYLVANIA,Loysville Youth Dev Ctr,4209932,NA
PENNSYLVANIA,North Central Secure Trmnt Unt,4209933,NA
PENNSYLVANIA,Youth Forestry Camp #2,4209934,NA
PENNSYLVANIA,Forest Hills SD,4209940,303
PENNSYLVANIA,Fort Cherry SD,4209960,220
PENNSYLVANIA,Fort LeBoeuf SD,4209990,424
PENNSYLVANIA,Fox Chapel Area SD,4210070,540
PENNSYLVANIA,North Schuylkill SD,4210110,428
PENNSYLVANIA,North Star SD,4210115,186
PENNSYLVANIA,Franklin Area SD,4210200,548
PENNSYLVANIA,Franklin Regional SD,4210230,541
PENNSYLVANIA,Frazier SD,4210350,192
PENNSYLVANIA,Freedom Area SD,4210380,261
PENNSYLVANIA,Freeport Area SD,4210440,299
PENNSYLVANIA,Galeton Area SD,4210530,97
PENNSYLVANIA,Garnet Valley SD,4210590,1005
PENNSYLVANIA,Gateway SD,4210620,772
PENNSYLVANIA,General McLane SD,4210650,397
PENNSYLVANIA,Gettysburg Area SD,4210710,453
PENNSYLVANIA,Girard SD,4210740,355
PENNSYLVANIA,Glendale SD,4210830,169
PENNSYLVANIA,Governor Mifflin SD,4210860,926
PENNSYLVANIA,Great Valley SD,4210870,781
PENNSYLVANIA,Greensburg Salem SD,4210920,584
PENNSYLVANIA,Greater Johnstown SD,4210950,648
PENNSYLVANIA,Greater Johnstown CTC,4210970,NA
PENNSYLVANIA,Greater Latrobe SD,4210980,629
PENNSYLVANIA,Greencastle-Antrim SD,4211010,413
PENNSYLVANIA,Greenville Area SD,4211160,265
PENNSYLVANIA,Greenwood SD,4211190,148
PENNSYLVANIA,Grove City Area SD,4211220,372
PENNSYLVANIA,Halifax Area SD,4211310,201
PENNSYLVANIA,Hamburg Area SD,4211340,420
PENNSYLVANIA,Hampton Township SD,4211400,308
PENNSYLVANIA,Hanover Area SD,4211420,558
PENNSYLVANIA,Hanover Public SD,4211450,318
PENNSYLVANIA,Harbor Creek SD,4211490,362
PENNSYLVANIA,Harmony Area SD,4211520,58
PENNSYLVANIA,Harrisburg City SD,4211580,1364
PENNSYLVANIA,Hatboro-Horsham SD,4211610,919
PENNSYLVANIA,Haverford Township SD,4211670,1254
PENNSYLVANIA,Hazleton Area SD,4211700,1665
PENNSYLVANIA,Saucon Valley SD,4211730,379
PENNSYLVANIA,Hempfield Area SD,4211760,895
PENNSYLVANIA,Hempfield SD,4211790,1440
PENNSYLVANIA,Hermitage SD,4211820,374
PENNSYLVANIA,Highlands SD,4211880,561
PENNSYLVANIA,Hollidaysburg Area SD,4211940,494
PENNSYLVANIA,Hopewell Area SD,4212030,391
PENNSYLVANIA,Huntingdon Area SD,4212090,426
PENNSYLVANIA,Indiana Area SD,4212150,484
PENNSYLVANIA,Interboro SD,4212170,845
PENNSYLVANIA,Iroquois SD,4212210,266
PENNSYLVANIA,Jamestown Area SD,4212300,87
PENNSYLVANIA,Jeannette City SD,4212330,275
PENNSYLVANIA,Jefferson County-DuBois AVTS,4212335,NA
PENNSYLVANIA,Jefferson-Morgan SD,4212390,185
PENNSYLVANIA,Jenkintown SD,4212420,127
PENNSYLVANIA,Jersey Shore Area SD,4212480,410
PENNSYLVANIA,Jim Thorpe Area SD,4212540,418
PENNSYLVANIA,Johnsonburg Area SD,4212570,126
PENNSYLVANIA,Juniata County SD,4212600,570
PENNSYLVANIA,Juniata Valley SD,4212630,137
PENNSYLVANIA,Kane Area SD,4212660,211
PENNSYLVANIA,Kennett Consolidated SD,4212690,624
PENNSYLVANIA,Keystone SD,4212720,198
PENNSYLVANIA,Keystone Central SD,4212725,858
PENNSYLVANIA,Keystone Oaks SD,4212750,363
PENNSYLVANIA,Kiski Area SD,4212840,649
PENNSYLVANIA,Kutztown Area SD,4212930,288
PENNSYLVANIA,Lackawanna Trail SD,4212990,213
PENNSYLVANIA,Lake-Lehman SD,4213020,402
PENNSYLVANIA,Lakeland SD,4213050,246
PENNSYLVANIA,Lakeview SD,4213080,198
PENNSYLVANIA,Lampeter-Strasburg SD,4213110,470
PENNSYLVANIA,Lancaster SD,4213140,2172
PENNSYLVANIA,Homer-Center SD,4213290,173
PENNSYLVANIA,Laurel Highlands SD,4213320,669
PENNSYLVANIA,Laurel SD,4213380,106
PENNSYLVANIA,Lawrence County CTC,4213390,NA
PENNSYLVANIA,Lebanon SD,4213440,1165
PENNSYLVANIA,Leechburg Area SD,4213470,143
PENNSYLVANIA,Lehighton Area SD,4213500,438
PENNSYLVANIA,Lewisburg Area SD,4213590,292
PENNSYLVANIA,Ligonier Valley SD,4213710,298
PENNSYLVANIA,Penn Cambria SD,4213770,320
PENNSYLVANIA,Littlestown Area SD,4213980,291
PENNSYLVANIA,Lower Dauphin SD,4214100,742
PENNSYLVANIA,Lower Merion SD,4214160,1576
PENNSYLVANIA,Lower Moreland Township SD,4214190,381
PENNSYLVANIA,Methacton SD,4214250,925
PENNSYLVANIA,Loyalsock Township SD,4214310,266
PENNSYLVANIA,Mahanoy Area SD,4214430,279
PENNSYLVANIA,Line Mountain SD,4214460,195
PENNSYLVANIA,Manheim Central SD,4214550,550
PENNSYLVANIA,Manheim Township SD,4214580,920
PENNSYLVANIA,Marion Center Area SD,4214730,282
PENNSYLVANIA,Marple Newtown SD,4214760,748
PENNSYLVANIA,Mars Area SD,4214790,471
PENNSYLVANIA,Central Fulton SD,4214850,171
PENNSYLVANIA,McGuffey SD,4214880,342
PENNSYLVANIA,McKeesport Area SD,4214940,968
PENNSYLVANIA,Mechanicsburg Area SD,4215030,727
PENNSYLVANIA,Mercer Area SD,4215120,297
PENNSYLVANIA,Meyersdale Area SD,4215150,142
PENNSYLVANIA,Mid Valley SD,4215170,386
PENNSYLVANIA,Midd-West SD,4215210,478
PENNSYLVANIA,Middletown Area SD,4215240,460
PENNSYLVANIA,Midland Borough SD,4215270,42
PENNSYLVANIA,Mifflin County SD,4215290,913
PENNSYLVANIA,Millcreek Township SD,4215330,1270
PENNSYLVANIA,Millersburg Area SD,4215360,144
PENNSYLVANIA,Millville Area SD,4215450,167
PENNSYLVANIA,Milton Area SD,4215480,383
PENNSYLVANIA,Minersville Area SD,4215510,331
PENNSYLVANIA,Mohawk Area SD,4215540,219
PENNSYLVANIA,Monessen City SD,4215600,150
PENNSYLVANIA,Montgomery Area SD,4215660,150
PENNSYLVANIA,Montour SD,4215720,498
PENNSYLVANIA,Montoursville Area SD,4215750,307
PENNSYLVANIA,Montrose Area SD,4215810,263
PENNSYLVANIA,Moon Area SD,4215830,686
PENNSYLVANIA,Morrisville Borough SD,4215900,252
PENNSYLVANIA,Moshannon Valley SD,4215960,193
PENNSYLVANIA,Mount Carmel Area SD,4215990,392
PENNSYLVANIA,Mount Union Area SD,4216020,293
PENNSYLVANIA,Mountain View SD,4216050,182
PENNSYLVANIA,Mt Lebanon SD,4216110,755
PENNSYLVANIA,Mount Pleasant Area SD,4216170,370
PENNSYLVANIA,Muhlenberg SD,4216200,863
PENNSYLVANIA,Muncy SD,4216230,190
PENNSYLVANIA,Greater Nanticoke Area SD,4216290,623
PENNSYLVANIA,Nazareth Area SD,4216380,713
PENNSYLVANIA,Neshaminy SD,4216410,2011
PENNSYLVANIA,Neshannock Township SD,4216440,187
PENNSYLVANIA,Woodland Hills SD,4216500,976
PENNSYLVANIA,New Brighton Area SD,4216530,256
PENNSYLVANIA,New Castle Area SD,4216620,666
PENNSYLVANIA,New Kensington-Arnold SD,4216740,501
PENNSYLVANIA,New Hope-Solebury SD,4216860,192
PENNSYLVANIA,Newport SD,4216890,225
PENNSYLVANIA,Norristown Area SD,4216980,1751
PENNSYLVANIA,North Allegheny SD,4217010,1137
PENNSYLVANIA,Moniteau SD,4217100,288
PENNSYLVANIA,North Clarion County SD,4217130,119
PENNSYLVANIA,North East SD,4217160,282
PENNSYLVANIA,North Hills SD,4217220,731
PENNSYLVANIA,North Penn SD,4217280,2430
PENNSYLVANIA,North Pocono SD,4217310,564
PENNSYLVANIA,Northampton Area SD,4217370,1090
PENNSYLVANIA,Riverside Beaver County SD,4217430,279
PENNSYLVANIA,Northeast Bradford SD,4217460,161
PENNSYLVANIA,Northeastern York SD,4217520,681
PENNSYLVANIA,Northern Bedford County SD,4217580,143
PENNSYLVANIA,Northern Cambria SD,4217610,179
PENNSYLVANIA,Northern Lebanon SD,4217640,533
PENNSYLVANIA,Northern Lehigh SD,4217670,332
PENNSYLVANIA,Northern Potter SD,4217700,131
PENNSYLVANIA,Northern Tioga SD,4217730,390
PENNSYLVANIA,Northern York County SD,4217760,519
PENNSYLVANIA,Northgate SD,4217770,257
PENNSYLVANIA,Northwest Area SD,4217790,278
PENNSYLVANIA,Northwestern Lehigh SD,4217850,397
PENNSYLVANIA,Northwestern SD,4217880,355
PENNSYLVANIA,Norwin SD,4217940,852
PENNSYLVANIA,Octorara Area SD,4218030,466
PENNSYLVANIA,Oil City Area SD,4218090,383
PENNSYLVANIA,Old Forge SD,4218120,205
PENNSYLVANIA,Oley Valley SD,4218150,318
PENNSYLVANIA,Oswayo Valley SD,4218210,87
PENNSYLVANIA,Otto-Eldred SD,4218240,116
PENNSYLVANIA,Owen J Roberts SD,4218270,1159
PENNSYLVANIA,Oxford Area SD,4218300,789
PENNSYLVANIA,Palisades SD,4218330,302
PENNSYLVANIA,Palmerton Area SD,4218360,413
PENNSYLVANIA,Palmyra Area SD,4218390,661
PENNSYLVANIA,Panther Valley SD,4218450,430
PENNSYLVANIA,Parkland SD,4218510,1650
PENNSYLVANIA,Pen Argyl Area SD,4218570,328
PENNSYLVANIA,Penn-Delco SD,4218580,656
PENNSYLVANIA,Penn Hills SD,4218590,908
PENNSYLVANIA,Penn Manor SD,4218630,1041
PENNSYLVANIA,Penn-Trafford SD,4218660,504
PENNSYLVANIA,Penncrest SD,4218740,466
PENNSYLVANIA,Pennridge SD,4218750,1385
PENNSYLVANIA,Penns Manor Area SD,4218780,181
PENNSYLVANIA,Penns Valley Area SD,4218810,245
PENNSYLVANIA,Pennsbury SD,4218840,2398
PENNSYLVANIA,Pequea Valley SD,4218900,371
PENNSYLVANIA,Perkiomen Valley SD,4218930,914
PENNSYLVANIA,Peters Township SD,4218960,513
PENNSYLVANIA,Philadelphia City SD,4218990,25376
PENNSYLVANIA,Philipsburg-Osceola Area SD,4219020,383
PENNSYLVANIA,Phoenixville Area SD,4219050,705
PENNSYLVANIA,Pine Grove Area SD,4219140,289
PENNSYLVANIA,Pittsburgh SD,4219170,5081
PENNSYLVANIA,Pittston Area SD,4219200,680
PENNSYLVANIA,Pleasant Valley SD,4219290,935
PENNSYLVANIA,Plum Borough SD,4219350,619
PENNSYLVANIA,Colonial SD,4219470,1037
PENNSYLVANIA,Pocono Mountain SD,4219500,2179
PENNSYLVANIA,Port Allegany SD,4219530,202
PENNSYLVANIA,Portage Area SD,4219560,168
PENNSYLVANIA,Pottsgrove SD,4219650,695
PENNSYLVANIA,Pottstown SD,4219680,811
PENNSYLVANIA,Pottsville Area SD,4219710,606
PENNSYLVANIA,Punxsutawney Area SD,4219800,560
PENNSYLVANIA,Purchase Line SD,4219830,201
PENNSYLVANIA,Quaker Valley SD,4219860,302
PENNSYLVANIA,Quakertown Community SD,4219890,1019
PENNSYLVANIA,Radnor Township SD,4219920,537
PENNSYLVANIA,Reading SD,4220040,4436
PENNSYLVANIA,Red Lion Area SD,4220100,991
PENNSYLVANIA,Redbank Valley SD,4220130,220
PENNSYLVANIA,Reynolds SD,4220220,186
PENNSYLVANIA,Richland SD,4220250,216
PENNSYLVANIA,Ridgway Area SD,4220310,156
PENNSYLVANIA,Ridley SD,4220370,1603
PENNSYLVANIA,Ringgold SD,4220400,492
PENNSYLVANIA,Riverview SD,4220430,201
PENNSYLVANIA,Rochester Area SD,4220460,206
PENNSYLVANIA,Rockwood Area SD,4220520,80
PENNSYLVANIA,Rose Tree Media SD,4220550,633
PENNSYLVANIA,South Fayette Township SD,4220580,361
PENNSYLVANIA,Saint Marys Area SD,4220640,472
PENNSYLVANIA,Salisbury Township SD,4220730,416
PENNSYLVANIA,Salisbury-Elk Lick SD,4220760,53
PENNSYLVANIA,Sayre Area SD,4220850,226
PENNSYLVANIA,Schuylkill Haven Area SD,4220910,289
PENNSYLVANIA,Schuylkill Valley SD,4220970,420
PENNSYLVANIA,Scranton SD,4221090,2245
PENNSYLVANIA,Selinsgrove Area SD,4221120,340
PENNSYLVANIA,Yough SD,4221150,412
PENNSYLVANIA,Shade-Central City SD,4221180,90
PENNSYLVANIA,Shaler Area SD,4221200,832
PENNSYLVANIA,Shamokin Area SD,4221240,503
PENNSYLVANIA,Shanksville-Stonycreek SD,4221270,74
PENNSYLVANIA,Sharon City SD,4221330,572
PENNSYLVANIA,Sharpsville Area SD,4221420,201
PENNSYLVANIA,Shenandoah Valley SD,4221490,216
PENNSYLVANIA,Shenango Area SD,4221510,204
PENNSYLVANIA,Shikellamy SD,4221540,660
PENNSYLVANIA,Shippensburg Area SD,4221570,645
PENNSYLVANIA,Slippery Rock Area SD,4221660,404
PENNSYLVANIA,Smethport Area SD,4221690,167
PENNSYLVANIA,Solanco SD,4221810,678
PENNSYLVANIA,Somerset Area SD,4221840,395
PENNSYLVANIA,Souderton Area SD,4221870,1295
PENNSYLVANIA,South Allegheny SD,4221910,396
PENNSYLVANIA,South Butler County SD,4221930,341
PENNSYLVANIA,South Middleton SD,4222050,355
PENNSYLVANIA,South Park SD,4222060,283
PENNSYLVANIA,South Williamsport Area SD,4222140,185
PENNSYLVANIA,South Eastern SD,4222170,468
PENNSYLVANIA,Southeastern Greene SD,4222200,145
PENNSYLVANIA,South Side Area SD,4222230,160
PENNSYLVANIA,Southern Columbia Area SD,4222260,231
PENNSYLVANIA,Southern Fulton SD,4222290,127
PENNSYLVANIA,Southern Huntingdon County SD,4222320,241
PENNSYLVANIA,Southern Lehigh SD,4222350,396
PENNSYLVANIA,Southern Tioga SD,4222370,433
PENNSYLVANIA,Southern York County SD,4222380,636
PENNSYLVANIA,Southeast Delco SD,4222400,972
PENNSYLVANIA,Southmoreland SD,4222410,362
PENNSYLVANIA,Seneca Valley SD,4222440,1430
PENNSYLVANIA,South Western SD,4222470,629
PENNSYLVANIA,Spring Cove SD,4222530,317
PENNSYLVANIA,Spring-Ford Area SD,4222560,1581
PENNSYLVANIA,Spring Grove Area SD,4222590,606
PENNSYLVANIA,Springfield SD,4222600,791
PENNSYLVANIA,Springfield Township SD,4222620,510
PENNSYLVANIA,Saint Clair Area SD,4222710,180
PENNSYLVANIA,Tuscarora SD,4222740,303
PENNSYLVANIA,State College Area SD,4222770,869
PENNSYLVANIA,Steel Valley SD,4222790,405
PENNSYLVANIA,Steelton-Highspire SD,4222800,277
PENNSYLVANIA,Sto-Rox SD,4222830,313
PENNSYLVANIA,Stroudsburg Area SD,4222860,1001
PENNSYLVANIA,Sullivan County SD,4222920,142
PENNSYLVANIA,Susquehanna Community SD,4222980,205
PENNSYLVANIA,Susquehanna Township SD,4223010,544
PENNSYLVANIA,Susquenita SD,4223040,367
PENNSYLVANIA,Tamaqua Area SD,4223220,529
PENNSYLVANIA,Riverside SD,4223250,332
PENNSYLVANIA,Titusville Area SD,4223490,361
PENNSYLVANIA,Towanda Area SD,4223550,256
PENNSYLVANIA,Tredyffrin-Easttown SD,4223640,1229
PENNSYLVANIA,Tri-Valley SD,4223700,193
PENNSYLVANIA,Trinity Area SD,4223760,699
PENNSYLVANIA,Troy Area SD,4223790,310
PENNSYLVANIA,Tulpehocken Area SD,4223820,344
PENNSYLVANIA,Tunkhannock Area SD,4223850,458
PENNSYLVANIA,Turkeyfoot Valley Area SD,4223880,47
PENNSYLVANIA,Tussey Mountain SD,4223970,178
PENNSYLVANIA,Twin Valley SD,4224000,683
PENNSYLVANIA,Tyrone Area SD,4224030,303
PENNSYLVANIA,Union Area SD,4224060,180
PENNSYLVANIA,Union City Area SD,4224090,221
PENNSYLVANIA,Union SD,4224120,138
PENNSYLVANIA,Uniontown Area SD,4224150,594
PENNSYLVANIA,Unionville-Chadds Ford SD,4224210,711
PENNSYLVANIA,United SD,4224240,215
PENNSYLVANIA,Upper Adams SD,4224300,279
PENNSYLVANIA,Upper Darby SD,4224320,2502
PENNSYLVANIA,Upper Dauphin Area SD,4224360,194
PENNSYLVANIA,Upper Dublin SD,4224390,706
PENNSYLVANIA,Upper Merion Area SD,4224480,807
PENNSYLVANIA,Upper Moreland Township SD,4224510,588
PENNSYLVANIA,Upper Perkiomen SD,4224540,572
PENNSYLVANIA,Upper Saint Clair SD,4224570,564
PENNSYLVANIA,Valley Grove SD,4224630,202
PENNSYLVANIA,Valley View SD,4224650,452
PENNSYLVANIA,Wallenpaupack Area SD,4224750,692
PENNSYLVANIA,Wallingford-Swarthmore SD,4224790,686
PENNSYLVANIA,Warren County SD,4224820,1024
PENNSYLVANIA,Warrior Run SD,4224870,262
PENNSYLVANIA,Warwick SD,4224960,614
PENNSYLVANIA,Wayne Highlands SD,4224970,553
PENNSYLVANIA,Washington SD,4224990,359
PENNSYLVANIA,Wattsburg Area SD,4225080,279
PENNSYLVANIA,Waynesboro Area SD,4225110,614
PENNSYLVANIA,Weatherly Area SD,4225140,104
PENNSYLVANIA,Wellsboro Area SD,4225170,312
PENNSYLVANIA,West Allegheny SD,4225200,528
PENNSYLVANIA,West Branch Area SD,4225230,262
PENNSYLVANIA,West Chester Area SD,4225290,2085
PENNSYLVANIA,West Greene SD,4225440,155
PENNSYLVANIA,West Jefferson Hills SD,4225590,297
PENNSYLVANIA,West Middlesex Area SD,4225650,172
PENNSYLVANIA,West Mifflin Area SD,4225680,745
PENNSYLVANIA,West Perry SD,4225740,388
PENNSYLVANIA,West Shore SD,4225830,1431
PENNSYLVANIA,West Side CTC,4225870,NA
PENNSYLVANIA,Wyoming Valley West SD,4225950,1353
PENNSYLVANIA,West York Area SD,4225980,589
PENNSYLVANIA,Mifflinburg Area SD,4226010,352
PENNSYLVANIA,Western Beaver County SD,4226040,150
PENNSYLVANIA,Western Wayne SD,4226070,391
PENNSYLVANIA,Westmont Hilltop SD,4226130,238
PENNSYLVANIA,Whitehall-Coplay SD,4226250,884
PENNSYLVANIA,Wilkes-Barre Area SD,4226300,1663
PENNSYLVANIA,Wilkinsburg Borough SD,4226370,206
PENNSYLVANIA,William Penn SD,4226390,1059
PENNSYLVANIA,Williams Valley SD,4226400,243
PENNSYLVANIA,Williamsburg Community SD,4226430,85
PENNSYLVANIA,Williamsport Area SD,4226460,839
PENNSYLVANIA,Wilmington Area SD,4226520,244
PENNSYLVANIA,Wilson Area SD,4226550,447
PENNSYLVANIA,Wilson SD,4226580,1264
PENNSYLVANIA,Windber Area SD,4226610,215
PENNSYLVANIA,Wyalusing Area SD,4226700,269
PENNSYLVANIA,Wyoming Area SD,4226730,550
PENNSYLVANIA,Wyomissing Area SD,4226760,351
PENNSYLVANIA,York Co School of Technology,4226810,NA
PENNSYLVANIA,York City SD,4226820,1471
PENNSYLVANIA,York Suburban SD,4226850,462
PENNSYLVANIA,A W Beattie Career Center,4280010,NA
PENNSYLVANIA,Forbes Road CTC,4280020,NA
PENNSYLVANIA,McKeesport Area Tech Ctr,4280030,NA
PENNSYLVANIA,Parkway West CTC,4280040,NA
PENNSYLVANIA,Steel Center for Career and Technical Education,4280050,NA
PENNSYLVANIA,Berks CTC,4280060,NA
PENNSYLVANIA,Reading Muhlenberg CTC,4280070,NA
PENNSYLVANIA,Greater Altoona CTC,4280080,NA
PENNSYLVANIA,Bucks County Technical High School,4280090,NA
PENNSYLVANIA,Middle Bucks Institute of Technology,4280100,NA
PENNSYLVANIA,Upper Bucks County Technical School,4280110,NA
PENNSYLVANIA,Admiral Peary AVTS,4280120,NA
PENNSYLVANIA,Carbon Career & Technical Institute,4280130,NA
PENNSYLVANIA,Clarion County Career Center,4280150,NA
PENNSYLVANIA,Clearfield County CTC,4280160,NA
PENNSYLVANIA,Crawford County CTC,4280170,NA
PENNSYLVANIA,Cumberland Perry AVTS,4280180,NA
PENNSYLVANIA,Delaware County Technical High School,4280200,NA
PENNSYLVANIA,Erie County Technical School,4280210,NA
PENNSYLVANIA,Connellsville Area Career & Technical Center,4280220,NA
PENNSYLVANIA,Franklin County CTC,4280230,NA
PENNSYLVANIA,Greene County CTC,4280240,NA
PENNSYLVANIA,Huntingdon County CTC,4280250,NA
PENNSYLVANIA,CTC of Lackawanna County,4280260,NA
PENNSYLVANIA,Lancaster County CTC,4280270,NA
PENNSYLVANIA,Lebanon County CTC,4280280,NA
PENNSYLVANIA,Lehigh Career & Technical Institute,4280290,NA
PENNSYLVANIA,Wilkes-Barre Area CTC,4280300,NA
PENNSYLVANIA,Mercer County Career Center,4280310,NA
PENNSYLVANIA,Monroe Career & Tech Inst,4280320,NA
PENNSYLVANIA,Central Montco Technical High School,4280330,NA
PENNSYLVANIA,Eastern Center for Arts & Technology,4280340,NA
PENNSYLVANIA,Western Montgomery CTC,4280360,NA
PENNSYLVANIA,Bethlehem AVTS,4280370,NA
PENNSYLVANIA,Career Institute of Technology,4280380,NA
PENNSYLVANIA,Somerset County Technology Center,4280400,NA
PENNSYLVANIA,SUN Area Technical Institute,4280420,NA
PENNSYLVANIA,Venango Technology Center,4280430,NA
PENNSYLVANIA,Warren County AVTS,4280440,NA
PENNSYLVANIA,Mon Valley CTC,4280450,NA
PENNSYLVANIA,Western Area CTC,4280460,NA
PENNSYLVANIA,Central Westmoreland CTC,4280470,NA
PENNSYLVANIA,Eastern Westmoreland CTC,4280480,NA
PENNSYLVANIA,Northern Westmoreland CTC,4280490,NA
PENNSYLVANIA,Northumberland County CTC,4280491,NA
PENNSYLVANIA,Beaver County CTC,4280500,NA
PENNSYLVANIA,Northern Tier Career Center,4280510,NA
PENNSYLVANIA,Butler County AVTS,4280520,NA
PENNSYLVANIA,Central PA Institute of Science & Technology,4280530,NA
PENNSYLVANIA,Fayette County Career & Technical Institute,4280560,NA
PENNSYLVANIA,Hazleton Area Career Center,4280570,NA
PENNSYLVANIA,North Montco Tech Career Center,4280590,NA
PENNSYLVANIA,Schuylkill Technology Centers,4280620,NA
PENNSYLVANIA,Seneca Highlands Career and Technical Center,4280630,NA
PENNSYLVANIA,Indiana County Technology Center,4280660,NA
PENNSYLVANIA,Keystone Central CTC,4280670,NA
PENNSYLVANIA,Intermediate Unit 1,4289110,NA
PENNSYLVANIA,Allegheny IU 3,4289130,NA
PENNSYLVANIA,Midwestern IU 4,4289140,NA
PENNSYLVANIA,Northwest Tri-County IU 5,4289150,NA
PENNSYLVANIA,Riverview IU 6,4289160,NA
PENNSYLVANIA,Westmoreland IU 7,4289170,NA
PENNSYLVANIA,Appalachia IU 8,4289180,NA
PENNSYLVANIA,Seneca Highlands IU 9,4289190,NA
PENNSYLVANIA,Central IU 10,4289200,NA
PENNSYLVANIA,Tuscarora IU 11,4289210,NA
PENNSYLVANIA,Lincoln IU 12,4289220,NA
PENNSYLVANIA,Lancaster-Lebanon IU 13,4289230,NA
PENNSYLVANIA,Berks County IU 14,4289240,NA
PENNSYLVANIA,Capital Area IU 15,4289250,NA
PENNSYLVANIA,Central Susquehanna IU 16,4289260,NA
PENNSYLVANIA,BLaST IU 17,4289270,NA
PENNSYLVANIA,Luzerne IU 18,4289280,NA
PENNSYLVANIA,Northeastern Educational IU 19,4289290,NA
PENNSYLVANIA,Colonial IU 20,4289300,NA
PENNSYLVANIA,Carbon-Lehigh IU 21,4289310,NA
PENNSYLVANIA,Bucks County IU 22,4289320,NA
PENNSYLVANIA,Montgomery County IU 23,4289330,NA
PENNSYLVANIA,Chester County IU 24,4289340,NA
PENNSYLVANIA,Delaware County IU 25,4289350,NA
PENNSYLVANIA,Beaver Valley IU 27,4289370,NA
PENNSYLVANIA,ARIN IU 28,4289380,NA
PENNSYLVANIA,Schuylkill IU 29,4289390,NA
PENNSYLVANIA,Lycoming CTC,4289393,NA
RHODE ISLAND,R.I. Sch for the Deaf,4400001,73
RHODE ISLAND,MET Career and Tech,4400003,85
RHODE ISLAND,Davies Career and Tech,4400004,61
RHODE ISLAND,Urban Collaborative,4400005,8
RHODE ISLAND,Learning Community,4400006,100
RHODE ISLAND,Beacon Charter School,4400008,78
RHODE ISLAND,DCYF,4400009,26
RHODE ISLAND,Segue Institute for Learning,4400014,27
RHODE ISLAND,Blackstone Valley Prep  A RI Mayoral Academy,4400015,285
RHODE ISLAND,The Greene School,4400017,41
RHODE ISLAND,Trinity Academy for the Performing Arts,4400018,23
RHODE ISLAND,Rhode Island Nurses Institute Middle College,4400019,26
RHODE ISLAND,Northern RI Collaborative,4400020,3
RHODE ISLAND,Achievement First Rhode Island,4400021,104
RHODE ISLAND,West Bay Collaborative,4400023,3
RHODE ISLAND,Sheila Skip Nowell Leadership Academy,4400024,23
RHODE ISLAND,Village Green Virtual,4400025,25
RHODE ISLAND,East Bay Educational Collaborative,4400026,3
RHODE ISLAND,The Hope Academy,4400027,36
RHODE ISLAND,SouthSide Charter School,4400028,16
RHODE ISLAND,RISE Prep Mayoral Academy,4400029,56
RHODE ISLAND,Barrington,4400030,448
RHODE ISLAND,Highlander,4400031,82
RHODE ISLAND,Paul Cuffee Charter Sch,4400032,120
RHODE ISLAND,Kingston Hill Academy,4400033,29
RHODE ISLAND,International Charter,4400034,37
RHODE ISLAND,The Compass School,4400035,39
RHODE ISLAND,Blackstone Academy,4400036,62
RHODE ISLAND,Charette Charter,4400037,12
RHODE ISLAND,Bristol Warren,4400065,465
RHODE ISLAND,Burrillville,4400090,370
RHODE ISLAND,Central Falls,4400120,657
RHODE ISLAND,Chariho,4400150,484
RHODE ISLAND,Coventry,4400210,767
RHODE ISLAND,Cranston,4400240,1709
RHODE ISLAND,Cumberland,4400270,702
RHODE ISLAND,East Greenwich,4400300,319
RHODE ISLAND,East Providence,4400330,976
RHODE ISLAND,Exeter-West Greenwich,4400360,194
RHODE ISLAND,Foster,4400390,36
RHODE ISLAND,Foster-Glocester,4400420,111
RHODE ISLAND,Glocester,4400450,85
RHODE ISLAND,Jamestown,4400510,81
RHODE ISLAND,Johnston,4400540,612
RHODE ISLAND,Lincoln,4400570,567
RHODE ISLAND,Little Compton,4400600,52
RHODE ISLAND,Middletown,4400630,413
RHODE ISLAND,Narragansett,4400660,225
RHODE ISLAND,New Shoreham,4400690,21
RHODE ISLAND,Newport,4400720,436
RHODE ISLAND,North Kingstown,4400750,530
RHODE ISLAND,North Providence,4400780,677
RHODE ISLAND,North Smithfield,4400810,262
RHODE ISLAND,Pawtucket,4400840,1732
RHODE ISLAND,Portsmouth,4400870,319
RHODE ISLAND,Providence,4400900,3937
RHODE ISLAND,Scituate,4400960,160
RHODE ISLAND,Smithfield,4400990,364
RHODE ISLAND,South Kingstown,4401020,368
RHODE ISLAND,Tiverton,4401050,306
RHODE ISLAND,Warwick,4401110,1569
RHODE ISLAND,West Warwick,4401140,829
RHODE ISLAND,Westerly,4401170,471
RHODE ISLAND,Woonsocket,4401200,1771
SOUTH CAROLINA,Dept Of Correction N04,4500001,59
SOUTH CAROLINA,Dorchester 04,4500002,397
SOUTH CAROLINA,Deaf & Blind School,4500004,201
SOUTH CAROLINA,Greenwood 80,4500007,3
SOUTH CAROLINA,Orangeburg 80,4500008,3
SOUTH CAROLINA,Spartanburg 81,4500010,3
SOUTH CAROLINA,Spartanburg 82,4500011,3
SOUTH CAROLINA,Abbeville 60,4500690,396
SOUTH CAROLINA,Aiken 01,4500720,3176
SOUTH CAROLINA,Allendale 01,4500750,114
SOUTH CAROLINA,Anderson 80,4500760,3
SOUTH CAROLINA,Anderson 01,4500780,1425
SOUTH CAROLINA,Anderson 02,4500810,581
SOUTH CAROLINA,Anderson 03,4500840,373
SOUTH CAROLINA,Anderson 04,4500870,429
SOUTH CAROLINA,Anderson 05,4500900,1906
SOUTH CAROLINA,Bamberg 01,4500930,181
SOUTH CAROLINA,Bamberg 02,4500960,121
SOUTH CAROLINA,Barnwell 80,4500980,3
SOUTH CAROLINA,Barnwell 19,4501020,94
SOUTH CAROLINA,Barnwell 29,4501050,93
SOUTH CAROLINA,Barnwell 45,4501080,340
SOUTH CAROLINA,Beaufort 80,4501100,3
SOUTH CAROLINA,Beaufort 01,4501110,2348
SOUTH CAROLINA,Berkeley 01,4501170,4628
SOUTH CAROLINA,Calhoun 01,4501250,276
SOUTH CAROLINA,Charleston 01,4501440,5332
SOUTH CAROLINA,Cherokee 01,4501500,1152
SOUTH CAROLINA,Chester 01,4501530,714
SOUTH CAROLINA,Chesterfield 01,4501560,772
SOUTH CAROLINA,Clarendon 80,4501600,3
SOUTH CAROLINA,Clarendon 01,4501740,126
SOUTH CAROLINA,Clarendon 02,4501770,529
SOUTH CAROLINA,Clarendon 03,4501800,178
SOUTH CAROLINA,Colleton 01,4501830,926
SOUTH CAROLINA,Darlington 01,4501860,1497
SOUTH CAROLINA,Dillon 80,4501870,3
SOUTH CAROLINA,Dillon 04,4501920,322
SOUTH CAROLINA,Dillon 03,4501950,172
SOUTH CAROLINA,Dorchester 80,4501990,3
SOUTH CAROLINA,Dorchester 02,4502010,3358
SOUTH CAROLINA,Edgefield 01,4502070,385
SOUTH CAROLINA,Fairfield 01,4502100,402
SOUTH CAROLINA,Florence 01,4502130,2374
SOUTH CAROLINA,Florence 02,4502160,198
SOUTH CAROLINA,Florence 03,4502190,614
SOUTH CAROLINA,Florence 04,4502220,136
SOUTH CAROLINA,Florence 05,4502250,247
SOUTH CAROLINA,Georgetown 01,4502280,1457
SOUTH CAROLINA,Greenville 01,4502310,11855
SOUTH CAROLINA,Greenwood 50,4502340,1062
SOUTH CAROLINA,Greenwood 51,4502370,165
SOUTH CAROLINA,Greenwood 52,4502400,175
SOUTH CAROLINA,Hampton 01,4502430,213
SOUTH CAROLINA,Hampton 02,4502460,108
SOUTH CAROLINA,Horry 01,4502490,6598
SOUTH CAROLINA,Jasper 01,4502520,267
SOUTH CAROLINA,Kershaw 01,4502550,1531
SOUTH CAROLINA,Lancaster 01,4502580,2103
SOUTH CAROLINA,Laurens 55,4502610,874
SOUTH CAROLINA,Laurens 56,4502640,569
SOUTH CAROLINA,Lee 01,4502670,231
SOUTH CAROLINA,Lexington 01,4502700,3697
SOUTH CAROLINA,Lexington 02,4502730,1535
SOUTH CAROLINA,Lexington 03,4502760,328
SOUTH CAROLINA,Lexington 04,4502790,695
SOUTH CAROLINA,Lexington 05,4502820,2448
SOUTH CAROLINA,Marlboro 01,4502970,545
SOUTH CAROLINA,McCormick 01,4503000,104
SOUTH CAROLINA,Newberry 01,4503030,830
SOUTH CAROLINA,Oconee 01,4503060,2125
SOUTH CAROLINA,Pickens 01,4503330,2243
SOUTH CAROLINA,Richland 01,4503360,3240
SOUTH CAROLINA,Richland 02,4503390,3816
SOUTH CAROLINA,Dept of Juvenile Justice,4503420,157
SOUTH CAROLINA,Saluda 01,4503460,414
SOUTH CAROLINA,Spartanburg 80,4503470,3
SOUTH CAROLINA,Spartanburg 01,4503480,589
SOUTH CAROLINA,Spartanburg 02,4503510,1443
SOUTH CAROLINA,Spartanburg 03,4503540,428
SOUTH CAROLINA,Spartanburg 04,4503570,406
SOUTH CAROLINA,Spartanburg 05,4503600,1387
SOUTH CAROLINA,Spartanburg 06,4503630,1824
SOUTH CAROLINA,Spartanburg 07,4503660,963
SOUTH CAROLINA,Union 01,4503750,717
SOUTH CAROLINA,Williamsburg 01,4503780,625
SOUTH CAROLINA,York 01,4503810,987
SOUTH CAROLINA,York 02,4503840,822
SOUTH CAROLINA,York 03,4503870,2758
SOUTH CAROLINA,York 04,4503900,1733
SOUTH CAROLINA,SC Public Charter School District,4503901,2343
SOUTH CAROLINA,Sumter 01,4503902,2517
SOUTH CAROLINA,John de la Howe,4503903,3
SOUTH CAROLINA,Governor's School for the Arts and Humanities,4503904,3
SOUTH CAROLINA,South Carolina Department of Disabilities and Special Needs,4503905,3
SOUTH CAROLINA,Wil Lou Gray Opportunity,4503906,3
SOUTH CAROLINA,Governor' School for Science and Mathematics,4503907,3
SOUTH CAROLINA,Marion 10,4503908,746
SOUTH CAROLINA,Charter Institute at Erskine,4503909,1148
SOUTH CAROLINA,Orangeburg,4503910,1537
SOUTH CAROLINA,Anderson 81,4503911,3
SOUTH DAKOTA,Milbank School District 25-4,4600002,189
SOUTH DAKOTA,Wilmot School District 54-7,4600003,43
SOUTH DAKOTA,Howard School District 48-3,4600025,56
SOUTH DAKOTA,East Dakota Educational Cooperative,4600027,3
SOUTH DAKOTA,Alcester-Hudson School District 61-1,4600028,71
SOUTH DAKOTA,SD SCH FOR THE BLIND & VISUALLY IMPAIRED,4600029,3
SOUTH DAKOTA,Deuel School District 19-4,4600036,81
SOUTH DAKOTA,Britton-Hecla School District 45-4,4600041,62
SOUTH DAKOTA,Agar-Blunt-Onida School District 58-3,4600042,39
SOUTH DAKOTA,Groton Area School District 06-6,4600045,96
SOUTH DAKOTA,Hitchcock Tulare School District 56-6,4600046,42
SOUTH DAKOTA,Tea Area School District 41-5,4600052,255
SOUTH DAKOTA,Sisseton School District 54-2,4600053,234
SOUTH DAKOTA,McCook Central School District 43-7,4601026,73
SOUTH DAKOTA,Oldham - Ramona School District 39-5,4601027,23
SOUTH DAKOTA,Selby Area School District 62-5,4601028,34
SOUTH DAKOTA,Aberdeen School District 06-1,4602070,849
SOUTH DAKOTA,Hanson School District 30-1,4602640,71
SOUTH DAKOTA,Arlington School District 38-1,4603720,38
SOUTH DAKOTA,Armour School District 21-1,4603780,25
SOUTH DAKOTA,Sanborn Central School District 55-5,4603932,11
SOUTH DAKOTA,Avon School District 04-1,4604270,41
SOUTH DAKOTA,Baltic School District 49-1,4604680,55
SOUTH DAKOTA,Belle Fourche School District 09-1,4605610,251
SOUTH DAKOTA,Bennett County School District 03-1,4606240,94
SOUTH DAKOTA,Beresford School District 61-2,4606360,93
SOUTH DAKOTA,Big Stone City School District 25-1,4606960,16
SOUTH DAKOTA,Bison School District 52-1,4607050,23
SOUTH DAKOTA,Bon Homme School District 04-2,4607400,67
SOUTH DAKOTA,South Central 26-5,4607670,19
SOUTH DAKOTA,Bowdle School District 22-1,4607800,16
SOUTH DAKOTA,Brandon Valley School District 49-2,4607950,637
SOUTH DAKOTA,Brookings School District 05-1,4608520,583
SOUTH DAKOTA,Harding County School District 31-1,4609300,45
SOUTH DAKOTA,Burke School District 26-2,4609512,31
SOUTH DAKOTA,Canistota School District 43-1,4610320,34
SOUTH DAKOTA,Canton School District 41-1,4610560,133
SOUTH DAKOTA,Castlewood School District 28-1,4611280,29
SOUTH DAKOTA,Centerville School District 60-1,4611760,40
SOUTH DAKOTA,Chamberlain School District 07-1,4612000,119
SOUTH DAKOTA,Chester Area School District 39-1,4612300,66
SOUTH DAKOTA,Clark School District 12-2,4612940,75
SOUTH DAKOTA,Colman-Egan School District 50-5,4614100,45
SOUTH DAKOTA,Colome Consolidated 59-3,4614130,33
SOUTH DAKOTA,Custer School District 16-1,4616950,128
SOUTH DAKOTA,De Smet School District 38-2,4617850,37
SOUTH DAKOTA,Dell Rapids School District 49-3,4618120,152
SOUTH DAKOTA,Doland School District 56-2,4619170,29
SOUTH DAKOTA,Douglas School District 51-1,4619410,412
SOUTH DAKOTA,Dupree School District 64-2,4619450,115
SOUTH DAKOTA,Jones County School District 37-3,4619580,31
SOUTH DAKOTA,Eagle Butte School District 20-1,4620100,148
SOUTH DAKOTA,Edgemont School District 23-1,4620850,35
SOUTH DAKOTA,Elk Mountain School District 16-2,4621300,3
SOUTH DAKOTA,Elk Point-Jefferson School District 61-7,4621340,90
SOUTH DAKOTA,Elkton School District 05-3,4621390,38
SOUTH DAKOTA,Frederick Area School District 06-2,4621400,30
SOUTH DAKOTA,Bridgewater-Emery 30-3,4621420,56
SOUTH DAKOTA,Estelline School District 28-2,4622410,49
SOUTH DAKOTA,Ethan School District 17-1,4622500,57
SOUTH DAKOTA,Eureka School District 44-1,4622560,37
SOUTH DAKOTA,Faith School District 46-2,4622940,15
SOUTH DAKOTA,Faulkton Area Schools 24-4,4624030,46
SOUTH DAKOTA,Flandreau School District 50-3,4624390,120
SOUTH DAKOTA,Florence School District 14-1,4624540,35
SOUTH DAKOTA,Stanley County School District 57-1,4624850,80
SOUTH DAKOTA,Freeman School District 33-1,4625500,70
SOUTH DAKOTA,Garretson School District 49-4,4626370,83
SOUTH DAKOTA,Gayville-Volin School District 63-1,4626490,45
SOUTH DAKOTA,Gettysburg School District 53-1,4626970,43
SOUTH DAKOTA,Gregory School District 26-4,4629880,54
SOUTH DAKOTA,Haakon School District 27-1,4630490,34
SOUTH DAKOTA,Hamlin School District 28-3,4630800,73
SOUTH DAKOTA,Harrisburg School District 41-2,4631350,949
SOUTH DAKOTA,West Central School District 49-7,4631710,201
SOUTH DAKOTA,Henry School District 14-2,4632340,36
SOUTH DAKOTA,Herreid School District 10-1,4632430,20
SOUTH DAKOTA,Hill City School District 51-2,4633360,63
SOUTH DAKOTA,Edmunds Central School District 22-5,4634440,29
SOUTH DAKOTA,Hot Springs School District 23-2,4634480,118
SOUTH DAKOTA,Hoven School District 53-2,4634600,22
SOUTH DAKOTA,Huron School District 02-2,4635480,527
SOUTH DAKOTA,Ipswich Public School District 22-6,4636060,66
SOUTH DAKOTA,Iroquois School District 02-3,4636150,41
SOUTH DAKOTA,Dakota Valley School District 61-8,4636990,153
SOUTH DAKOTA,Kimball School District 07-2,4638220,41
SOUTH DAKOTA,Andes Central School District 11-1,4639540,48
SOUTH DAKOTA,Madison Central School District 39-2,4639600,153
SOUTH DAKOTA,Lake Preston School District 38-3,4639990,24
SOUTH DAKOTA,Langford Area 45-5,4640860,30
SOUTH DAKOTA,Lead-Deadwood School District 40-1,4641300,113
SOUTH DAKOTA,Lemmon School District 52-4,4641520,48
SOUTH DAKOTA,Lennox School District 41-4,4641550,206
SOUTH DAKOTA,Leola School District 44-2,4641640,37
SOUTH DAKOTA,Lyman School District 42-1,4644770,35
SOUTH DAKOTA,Tri-Valley School District 49-6,4644940,129
SOUTH DAKOTA,Marion School District 60-3,4645450,37
SOUTH DAKOTA,McIntosh School District 15-1,4646260,31
SOUTH DAKOTA,McLaughlin School District 15-2,4646380,100
SOUTH DAKOTA,Menno School District 33-2,4647100,25
SOUTH DAKOTA,Miller 29-4,4647942,74
SOUTH DAKOTA,Mitchell School District 17-2,4648390,505
SOUTH DAKOTA,Montrose School District 43-2,4648780,35
SOUTH DAKOTA,Mount Vernon School District 17-3,4649650,40
SOUTH DAKOTA,New Underwood School District 51-3,4650670,35
SOUTH DAKOTA,Newell School District 09-2,4650850,69
SOUTH DAKOTA,Northwestern Area School District 56-7,4651750,44
SOUTH DAKOTA,Oelrichs School District 23-3,4652770,28
SOUTH DAKOTA,Parker School District 60-4,4654270,65
SOUTH DAKOTA,Parkston School District 33-3,4654300,62
SOUTH DAKOTA,Pierre School District 32-2,4655260,335
SOUTH DAKOTA,Plankinton School District 01-1,4655710,57
SOUTH DAKOTA,Rapid City Area School District 51-4,4659820,2115
SOUTH DAKOTA,Redfield School District 56-4,4660450,133
SOUTH DAKOTA,Rosholt School District 54-4,4663360,41
SOUTH DAKOTA,Rutland School District 39-4,4664140,17
SOUTH DAKOTA,Southeast Area Cooperative,4664300,3
SOUTH DAKOTA,Scotland School District 04-3,4665180,38
SOUTH DAKOTA,Oglala Lakota County 65-1,4665460,348
SOUTH DAKOTA,Sioux Falls School District 49-5,4666270,3935
SOUTH DAKOTA,Sioux Valley School District 05-5,4666300,97
SOUTH DAKOTA,Spearfish School District 40-2,4666930,330
SOUTH DAKOTA,Meade School District 46-1,4669930,474
SOUTH DAKOTA,Summit School District 54-6,4670140,31
SOUTH DAKOTA,Timber Lake School District 20-3,4671880,43
SOUTH DAKOTA,Todd County School District 66-1,4672090,349
SOUTH DAKOTA,Tripp-Delmont School District 33-5,4672450,16
SOUTH DAKOTA,Vermillion School District 13-1,4674370,202
SOUTH DAKOTA,Viborg-Hurley School District 60-6,4674520,53
SOUTH DAKOTA,Wagner Community School District 11-4,4675420,118
SOUTH DAKOTA,Smee School District 15-3,4675600,30
SOUTH DAKOTA,Wall School District 51-5,4675660,25
SOUTH DAKOTA,Warner School District 06-5,4676020,35
SOUTH DAKOTA,Watertown School District 14-4,4676620,621
SOUTH DAKOTA,Waubay School District 18-3,4676680,32
SOUTH DAKOTA,Waverly School District 14-5,4676740,58
SOUTH DAKOTA,Webster Area 18-5,4676990,73
SOUTH DAKOTA,Wessington Springs School District 36-2,4677460,39
SOUTH DAKOTA,Deubrook Area School District 05-6,4678300,53
SOUTH DAKOTA,White Lake School District 01-3,4678510,14
SOUTH DAKOTA,White River School District 47-1,4678570,66
SOUTH DAKOTA,Willow Lake School District 12-3,4679350,31
SOUTH DAKOTA,Winner School District 59-2,4679710,118
SOUTH DAKOTA,Wolsey Wessington School District 02-6,4680100,64
SOUTH DAKOTA,Black Hills Special Services Cooperative,4680120,3
SOUTH DAKOTA,NORTHEAST TECHNICAL HIGH SCHOOL,4680170,3
SOUTH DAKOTA,Woonsocket School District 55-4,4680190,26
SOUTH DAKOTA,Northwest Area Schools ED Cooperative,4680280,3
SOUTH DAKOTA,Yankton School District 63-3,4680430,495
SOUTH DAKOTA,Kadoka Area School District 35-2,4680437,43
SOUTH DAKOTA,Platte - Geddes School District 11-5,4680438,57
SOUTH DAKOTA,Irene - Wakonda School District 13-3,4680439,62
SOUTH DAKOTA,Highmore-Harrold 34-2,4680440,38
SOUTH DAKOTA,Mobridge-Pollock 62-6,4680441,122
SOUTH DAKOTA,Corsica-Stickney 21-3,4680445,29
SOUTH DAKOTA,CORE Educational Cooperative,4680446,3
TENNESSEE,Hamblen County,4700001,1403
TENNESSEE,Alamo,4700030,87
TENNESSEE,Alcoa,4700060,238
TENNESSEE,Anderson County,4700090,1092
TENNESSEE,Athens,4700120,267
TENNESSEE,West Tennessee School for the Deaf,4700143,39
TENNESSEE,Alvin C York Institute,4700144,66
TENNESSEE,Tennessee School for Blind,4700145,118
TENNESSEE,Tennessee School for the Deaf,4700146,144
TENNESSEE,Achievement School District,4700147,1270
TENNESSEE,Shelby County,4700148,12591
TENNESSEE,Collierville,4700149,1086
TENNESSEE,Millington Municipal Schools,4700150,390
TENNESSEE,Germantown,4700151,611
TENNESSEE,Arlington,4700152,549
TENNESSEE,Bartlett,4700153,1210
TENNESSEE,Lakeland,4700154,230
TENNESSEE,Tennessee State Board of Education,4700155,108
TENNESSEE,Bedford County,4700180,926
TENNESSEE,Bells,4700210,39
TENNESSEE,Benton County,4700240,399
TENNESSEE,Bledsoe County,4700270,391
TENNESSEE,Blount County,4700300,1425
TENNESSEE,Bradley County,4700330,1077
TENNESSEE,Bristol,4700360,517
TENNESSEE,Campbell County,4700420,865
TENNESSEE,Cannon County,4700450,271
TENNESSEE,Carroll County,4700480,NA
TENNESSEE,Carter County,4700510,819
TENNESSEE,Cheatham County,4700570,924
TENNESSEE,Chester County,4700600,306
TENNESSEE,Claiborne County,4700630,570
TENNESSEE,Clay County,4700660,156
TENNESSEE,Cleveland,4700690,816
TENNESSEE,Clinton,4700720,149
TENNESSEE,Cocke County,4700750,682
TENNESSEE,Coffee County,4700780,586
TENNESSEE,Crockett County,4700850,200
TENNESSEE,Cumberland County,4700900,955
TENNESSEE,Dayton,4700930,95
TENNESSEE,Decatur County,4700960,266
TENNESSEE,DeKalb County,4700990,474
TENNESSEE,Dickson County,4701020,1186
TENNESSEE,Dyer County,4701050,485
TENNESSEE,Dyersburg,4701080,407
TENNESSEE,Elizabethton,4701110,388
TENNESSEE,Etowah,4701140,79
TENNESSEE,Fayette County Public Schools,4701170,491
TENNESSEE,Fayetteville,4701200,189
TENNESSEE,Fentress County,4701230,333
TENNESSEE,Franklin SSD,4701260,428
TENNESSEE,Franklin County,4701290,755
TENNESSEE,Bradford,4701390,80
TENNESSEE,Gibson Co Sp Dist,4701400,482
TENNESSEE,Giles County,4701410,408
TENNESSEE,Grainger County,4701440,645
TENNESSEE,Greene County,4701470,1133
TENNESSEE,Greeneville,4701500,443
TENNESSEE,Grundy County,4701530,330
TENNESSEE,Hamilton County,4701590,5746
TENNESSEE,Hancock County,4701620,253
TENNESSEE,Hardeman County Schools,4701650,475
TENNESSEE,Hardin County,4701680,561
TENNESSEE,Hawkins County,4701740,984
TENNESSEE,Haywood County,4701770,379
TENNESSEE,Henderson County,4701800,523
TENNESSEE,Henry County,4701830,397
TENNESSEE,Hickman County,4701860,612
TENNESSEE,Hollow Rock - Bruceton,4701890,104
TENNESSEE,Houston County,4701920,182
TENNESSEE,Humboldt City Schools,4701950,129
TENNESSEE,Humphreys County,4701980,501
TENNESSEE,Huntingdon Special School District,4702010,191
TENNESSEE,Jackson County,4702070,276
TENNESSEE,Jefferson County,4702100,928
TENNESSEE,Johnson City,4702130,989
TENNESSEE,Johnson County,4702160,385
TENNESSEE,Kingsport,4702190,1252
TENNESSEE,Knox County,4702220,8110
TENNESSEE,Lake County,4702280,167
TENNESSEE,Lauderdale County,4702310,635
TENNESSEE,Lawrence County,4702340,800
TENNESSEE,Lebanon,4702370,486
TENNESSEE,Lenoir City,4702400,293
TENNESSEE,Lewis County,4702430,245
TENNESSEE,Lexington,4702460,109
TENNESSEE,Lincoln County,4702490,520
TENNESSEE,Loudon County,4702520,562
TENNESSEE,Macon County,4702550,523
TENNESSEE,Madison County,4702580,1847
TENNESSEE,Manchester,4702610,217
TENNESSEE,Marion County,4702640,502
TENNESSEE,Marshall County,4702670,661
TENNESSEE,Maryville,4702700,646
TENNESSEE,Maury County,4702760,1864
TENNESSEE,McKenzie,4702790,197
TENNESSEE,McMinn County,4702820,849
TENNESSEE,McNairy County,4702880,488
TENNESSEE,Meigs County,4702910,318
TENNESSEE,Milan,4702970,318
TENNESSEE,Monroe County,4703000,829
TENNESSEE,Montgomery County,4703030,5041
TENNESSEE,Moore County,4703060,120
TENNESSEE,Morgan County,4703090,431
TENNESSEE,Murfreesboro,4703150,1247
TENNESSEE,Davidson County,4703180,10357
TENNESSEE,Newport,4703210,88
TENNESSEE,Oak Ridge,4703240,686
TENNESSEE,Obion County,4703270,467
TENNESSEE,Oneida,4703300,145
TENNESSEE,Overton County,4703330,423
TENNESSEE,Paris,4703360,287
TENNESSEE,Perry County,4703390,192
TENNESSEE,Pickett County,4703420,87
TENNESSEE,Polk County,4703450,338
TENNESSEE,Putnam County,4703480,1719
TENNESSEE,Rhea County,4703510,476
TENNESSEE,Richard City,4703540,26
TENNESSEE,Roane County,4703590,1183
TENNESSEE,Robertson County,4703600,1749
TENNESSEE,Rogersville,4703660,96
TENNESSEE,Rutherford County,4703690,4083
TENNESSEE,Scott County,4703720,426
TENNESSEE,Sequatchie County,4703750,347
TENNESSEE,Sevier County,4703780,1893
TENNESSEE,Smith County,4703870,454
TENNESSEE,South Carroll,4703900,44
TENNESSEE,Stewart County,4703960,285
TENNESSEE,Sullivan County,4703990,1572
TENNESSEE,Sumner County,4704020,4002
TENNESSEE,Sweetwater,4704050,264
TENNESSEE,Tipton County,4704080,1424
TENNESSEE,Trenton,4704100,177
TENNESSEE,Trousdale County,4704170,182
TENNESSEE,Tullahoma,4704200,455
TENNESSEE,Unicoi County,4704230,477
TENNESSEE,Union City,4704260,197
TENNESSEE,Union County,4704290,642
TENNESSEE,Van Buren County,4704320,118
TENNESSEE,Warren County,4704350,855
TENNESSEE,Washington County,4704380,1241
TENNESSEE,Wayne County,4704440,369
TENNESSEE,Weakley County,4704470,569
TENNESSEE,West Carroll Sp Dist,4704490,135
TENNESSEE,White County,4704500,631
TENNESSEE,Williamson County,4704530,3860
TENNESSEE,Wilson County,4704550,2382
TEXAS,CROSBYTON CISD,4800001,42
TEXAS,SPUR ISD,4800002,41
TEXAS,ROCKSPRINGS ISD,4800003,49
TEXAS,POR VIDA ACADEMY,4800004,29
TEXAS,BLACKWELL CISD,4800005,26
TEXAS,ASPERMONT ISD,4800006,30
TEXAS,PANTHER CREEK CISD,4800007,24
TEXAS,DRIPPING SPRINGS ISD,4800008,811
TEXAS,WIMBERLEY ISD,4800009,224
TEXAS,HAYS CISD,4800010,2681
TEXAS,ALVARADO ISD,4800011,294
TEXAS,CHISUM ISD,4800012,116
TEXAS,GEORGE GERVIN ACADEMY,4800014,84
TEXAS,TEXANS CAN ACADEMIES,4800016,401
TEXAS,SER-NINOS CHARTER SCHOOL,4800018,63
TEXAS,ARISTOI CLASSICAL ACADEMY,4800019,96
TEXAS,GEORGE I SANCHEZ CHARTER,4800020,82
TEXAS,RAUL YZAGUIRRE SCHOOLS FOR SUCCESS,4800022,82
TEXAS,WACO CHARTER SCHOOL,4800024,16
TEXAS,DR M L GARZA-GONZALEZ CHARTER SCHOOL,4800025,17
TEXAS,PEGASUS SCHOOL OF LIBERAL ARTS AND SCIENCES,4800029,67
TEXAS,UPLIFT EDUCATION,4800030,1556
TEXAS,UNIVERSITY OF HOUSTON CHARTER SCHOOL,4800031,16
TEXAS,ACADEMY OF ACCELERATED LEARNING INC,4800032,19
TEXAS,CUMBERLAND ACADEMY,4800034,166
TEXAS,ALIEF MONTESSORI COMMUNITY SCHOOL,4800035,3
TEXAS,BURNHAM WOOD CHARTER SCHOOL DISTRICT,4800037,62
TEXAS,ADVANTAGE ACADEMY,4800041,80
TEXAS,RAPOPORT ACADEMY PUBLIC SCHOOL,4800042,100
TEXAS,WAYSIDE SCHOOLS,4800044,181
TEXAS,RAVEN SCHOOL,4800048,16
TEXAS,EXCEL ACADEMY,4800049,59
TEXAS,INSPIRE ACADEMIES,4800053,225
TEXAS,LIFE SCHOOL,4800055,622
TEXAS,NYOS CHARTER SCHOOL,4800058,92
TEXAS,POSITIVE SOLUTIONS CHARTER SCHOOL,4800059,21
TEXAS,NEW FRONTIERS PUBLIC SCHOOLS INC,4800061,36
TEXAS,SCHOOL OF EXCELLENCE IN EDUCATION,4800062,38
TEXAS,SOUTHWEST PREPARATORY SCHOOL,4800063,57
TEXAS,CHAPARRAL STAR ACADEMY,4800064,9
TEXAS,HORIZON MONTESSORI PUBLIC SCHOOLS,4800065,48
TEXAS,TEXAS EMPOWERMENT ACADEMY,4800066,33
TEXAS,TREETOPS SCHOOL INTERNATIONAL,4800068,21
TEXAS,TWO DIMENSIONS PREPARATORY ACADEMY,4800069,16
TEXAS,UNIVERSAL ACADEMY,4800070,60
TEXAS,UNIVERSITY OF TEXAS UNIVERSITY CHARTER SCHOOL,4800071,223
TEXAS,NOVA ACADEMY,4800072,3
TEXAS,THE VARNETT PUBLIC SCHOOL,4800073,65
TEXAS,PINEYWOODS COMMUNITY ACADEMY,4800074,95
TEXAS,RICHARD MILBURN ALTER HIGH SCHOOL (KILLEEN),4800075,240
TEXAS,PRIORITY CHARTER SCHOOLS,4800076,104
TEXAS,BEXAR COUNTY ACADEMY,4800077,33
TEXAS,HERITAGE ACADEMY,4800080,47
TEXAS,REG 20 EDUCATION SERVICE CENTER,4800083,3
TEXAS,BRAZOS SCHOOL FOR INQUIRY & CREATIVITY,4800086,36
TEXAS,LUMIN EDUCATION,4800089,29
TEXAS,ACADEMY OF DALLAS,4800090,25
TEXAS,TRINITY BASIN PREPARATORY,4800092,342
TEXAS,ACADEMY FOR ACADEMIC EXCELLENCE,4800093,111
TEXAS,A W BROWN LEADERSHIP ACADEMY,4800095,91
TEXAS,JEAN MASSIEU ACADEMY,4800098,10
TEXAS,REG 10 EDUCATION SERVICE CENTER,4800104,3
TEXAS,WAXAHACHIE FAITH FAMILY ACADEMY,4800105,187
TEXAS,TRIUMPH PUBLIC HIGH SCHOOLS-EL PASO,4800106,19
TEXAS,REG 19 EDUCATION SERVICE CENTER,4800107,3
TEXAS,ODYSSEY ACADEMY INC,4800108,115
TEXAS,EAST TEXAS CHARTER SCHOOLS,4800109,12
TEXAS,REG 7 EDUCATION SERVICE CENTER,4800110,3
TEXAS,AMIGOS POR VIDA-FRIENDS FOR LIFE PUB CHTR SCH,4800113,31
TEXAS,HOUSTON HEIGHTS HIGH SCHOOL,4800115,21
TEXAS,HOUSTON GATEWAY ACADEMY INC,4800118,72
TEXAS,CALVIN NELMS CHARTER SCHOOLS,4800124,22
TEXAS,SOUTHWEST SCHOOL,4800125,178
TEXAS,COMQUEST ACADEMY,4800127,4
TEXAS,REG 4 EDUCATION SERVICE CENTER,4800130,3
TEXAS,KATHERINE ANNE PORTER SCHOOL,4800132,21
TEXAS,TRIUMPH PUBLIC HIGH SCHOOLS-RIO GRANDE VALLEY,4800133,60
TEXAS,REG 1 EDUCATION SERVICE CENTER,4800136,3
TEXAS,TEKOA ACADEMY OF ACCELERATED STUDIES STEM SCHOOL,4800139,15
TEXAS,RISE ACADEMY,4800141,40
TEXAS,TRIUMPH PUBLIC HIGH SCHOOLS-LUBBOCK,4800142,37
TEXAS,REG 17 EDUCATION SERVICE CENTER,4800144,3
TEXAS,REG 12 EDUCATION SERVICE CENTER,4800146,3
TEXAS,MIDLAND ACADEMY CHARTER SCHOOL,4800148,16
TEXAS,REG 18 EDUCATION SERVICE CENTER,4800150,3
TEXAS,TEXAS SERENITY ACADEMY,4800151,40
TEXAS,REG 2 EDUCATION SERVICE CENTER,4800154,3
TEXAS,REG 5 EDUCATION SERVICE CENTER,4800155,3
TEXAS,REG 16 EDUCATION SERVICE CENTER,4800156,3
TEXAS,ARLINGTON CLASSICS ACADEMY,4800158,52
TEXAS,ERATH EXCELS ACADEMY INC,4800159,8
TEXAS,REG 11 EDUCATION SERVICE CENTER,4800162,3
TEXAS,TEXAS COLLEGE PREPARATORY ACADEMIES,4800163,903
TEXAS,REG 14 EDUCATION SERVICE CENTER,4800164,3
TEXAS,REG 8 EDUCATION SERVICE CENTER,4800165,3
TEXAS,REG 15 EDUCATION SERVICE CENTER,4800166,3
TEXAS,REG 13 EDUCATION SERVICE CENTER,4800169,3
TEXAS,RANCH ACADEMY,4800171,20
TEXAS,REG 3 EDUCATION SERVICE CENTER,4800172,3
TEXAS,REG 6 EDUCATION SERVICE CENTER,4800173,3
TEXAS,TRIUMPH PUBLIC HIGH SCHOOLS-LAREDO,4800174,27
TEXAS,REG 9 EDUCATION SERVICE CENTER,4800176,3
TEXAS,ST MARY'S ACADEMY CHARTER SCHOOL,4800177,37
TEXAS,JUBILEE ACADEMIES,4800179,501
TEXAS,GATEWAY CHARTER ACADEMY,4800184,29
TEXAS,EDUCATION CENTER INTERNATIONAL ACADEMY,4800186,60
TEXAS,NORTH TEXAS COLLEGIATE ACADEMY,4800187,59
TEXAS,BEATRICE MAYES INSTITUTE CHARTER SCHOOL,4800190,27
TEXAS,ACCELERATED INTERMEDIATE ACADEMY,4800192,8
TEXAS,TEXAS PREPARATORY SCHOOL,4800194,20
TEXAS,VANGUARD ACADEMY,4800195,238
TEXAS,NOVA ACADEMY SOUTHEAST,4800201,34
TEXAS,WINFREE ACADEMY CHARTER SCHOOLS,4800202,142
TEXAS,A+ ACADEMY,4800203,133
TEXAS,INSPIRED VISION ACADEMY,4800204,106
TEXAS,EL PASO ACADEMY,4800205,32
TEXAS,PREMIER HIGH SCHOOLS,4800207,743
TEXAS,YES PREP PUBLIC SCHOOLS INC,4800209,769
TEXAS,HARMONY SCIENCE ACADEMY,4800210,301
TEXAS,IDEA PUBLIC SCHOOLS,4800211,3189
TEXAS,PANOLA CHARTER SCHOOL,4800213,15
TEXAS,BRAZOS RIVER CHARTER SCHOOL,4800214,46
TEXAS,EHRHART SCHOOL,4800221,40
TEXAS,BIG SPRINGS CHARTER SCHOOL,4800227,106
TEXAS,FORT WORTH ACADEMY OF FINE ARTS,4800231,31
TEXAS,CEDARS INTERNATIONAL ACADEMY,4800232,49
TEXAS,ORENDA CHARTER SCHOOL,4800235,189
TEXAS,EVOLUTION ACADEMY CHARTER SCHOOL,4800236,48
TEXAS,GOLDEN RULE CHARTER SCHOOL,4800237,84
TEXAS,PROMISE COMMUNITY SCHOOL,4800240,160
TEXAS,HARMONY SCIENCE ACADEMY (AUSTIN),4800241,309
TEXAS,LIGHTHOUSE CHARTER SCHOOL,4800246,23
TEXAS,ST ANTHONY SCHOOL,4800248,24
TEXAS,UNIVERSITY OF TEXAS ELEMENTARY CHARTER SCHOOL,4800251,46
TEXAS,TEXAS SCH FOR THE BLIND & VISUALLY IMPAIRED,4800252,119
TEXAS,TEXAS SCH FOR THE DEAF,4800253,538
TEXAS,WESTLAKE ACADEMY CHARTER SCHOOL,4800254,44
TEXAS,EAST FORT WORTH MONTESSORI ACADEMY,4800255,14
TEXAS,SCHOOL OF SCIENCE AND TECHNOLOGY,4800258,189
TEXAS,TRINITY CHARTER SCHOOL,4800259,172
TEXAS,HARRIS COUNTY DEPT OF ED,4800261,3
TEXAS,MEYERPARK ELEMENTARY,4800262,16
TEXAS,DRAW ACADEMY,4800263,20
TEXAS,KIPP TEXAS PUBLIC SCHOOLS,4800264,2372
TEXAS,AUSTIN DISCOVERY SCHOOL,4800265,53
TEXAS,HARMONY SCIENCE ACAD (SAN ANTONIO),4800266,424
TEXAS,BROOKS ACADEMIES OF TEXAS,4800268,422
TEXAS,LA ACADEMIA DE ESTRELLAS,4800270,120
TEXAS,RICHLAND COLLEGIATE HIGH SCHOOL,4800271,3
TEXAS,HARMONY SCIENCE ACAD (EL PASO),4800272,372
TEXAS,HARMONY SCHOOL OF EXCELLENCE,4800274,383
TEXAS,STEP CHARTER SCHOOL,4800275,32
TEXAS,CROSSTIMBERS ACADEMY,4800278,12
TEXAS,CORPUS CHRISTI MONTESSORI SCHOOL,4800279,19
TEXAS,THE RHODES SCHOOL,4800283,84
TEXAS,AMBASSADORS PREPARATORY ACADEMY,4800284,10
TEXAS,LA FE PREPARATORY SCHOOL,4800286,6
TEXAS,TEXAS SCHOOL OF THE ARTS,4800287,24
TEXAS,CITYSCAPE SCHOOLS,4800288,64
TEXAS,SEASHORE CHARTER SCHOOLS,4800289,40
TEXAS,WINDHAM SCHOOL DISTRICT,4800291,314
TEXAS,HARMONY SCIENCE ACAD (WACO),4800292,893
TEXAS,VISTA DEL FUTURO CHARTER SCHOOL,4801394,15
TEXAS,STEPHEN F AUSTIN STATE UNIVERSITY CHARTER SCHOOL,4801395,19
TEXAS,SCHOOL OF SCIENCE AND TECHNOLOGY DISCOVERY,4801400,284
TEXAS,MEADOWLAND CHARTER DISTRICT,4801404,32
TEXAS,HARMONY SCHOOL OF SCIENCE - HOUSTON,4801405,238
TEXAS,CHAPEL HILL ACADEMY,4801407,59
TEXAS,TEXAS LEADERSHIP,4801409,255
TEXAS,BOB HOPE SCHOOL,4801410,74
TEXAS,HENRY FORD ACADEMY ALAMEDA SCHOOL FOR ART + DESIGN,4801412,11
TEXAS,PROMESA PUBLIC SCHOOLS,4801414,73
TEXAS,MANARA ACADEMY,4801415,49
TEXAS,ARROW ACADEMY,4801416,70
TEXAS,COMPASS ACADEMY CHARTER SCHOOL,4801417,106
TEXAS,THE LAWSON ACADEMY,4801418,15
TEXAS,LEADERSHIP PREP SCHOOL,4801420,94
TEXAS,NEWMAN INTERNATIONAL ACADEMY OF ARLINGTON,4801421,208
TEXAS,MERIDIAN WORLD SCHOOL LLC,4801422,178
TEXAS,UME PREPARATORY ACADEMY,4801425,54
TEXAS,UT TYLER UNIVERSITY ACADEMY,4801427,57
TEXAS,LEGACY PREPARATORY,4801428,131
TEXAS,IMAGINE INTERNATIONAL ACADEMY OF NORTH TEXAS,4801429,71
TEXAS,AUSTIN ACHIEVE PUBLIC SCHOOLS,4801431,182
TEXAS,TEXAS JUVENILE JUSTICE DEPARTMENT,4801432,197
TEXAS,EXCELLENCE IN LEADERSHIP ACADEMY,4801433,31
TEXAS,THE PRO-VISION ACADEMY,4801434,77
TEXAS,ELEANOR KOLITZ HEBREW LANGUAGE ACADEMY,4801435,33
TEXAS,VILLAGE TECH SCHOOLS,4801436,86
TEXAS,BASIS TEXAS,4801438,53
TEXAS,EL PASO LEADERSHIP ACADEMY,4801439,17
TEXAS,INTERNATIONAL LEADERSHIP OF TEXAS (ILTEXAS),4801440,1173
TEXAS,GREAT HEARTS TEXAS,4801441,322
TEXAS,MONTESSORI FOR ALL,4801442,32
TEXAS,UTPB STEM ACADEMY,4801443,44
TEXAS,BETA ACADEMY,4801446,72
TEXAS,KI CHARTER ACADEMY,4801447,116
TEXAS,THE EXCEL CENTER (FOR ADULTS),4801448,19
TEXAS,HIGH POINT ACADEMY,4801450,153
TEXAS,PIONEER TECHNOLOGY & ARTS ACADEMY,4801451,63
TEXAS,LONE STAR LANGUAGE ACADEMY,4801452,14
TEXAS,A+ UNLIMITED POTENTIAL,4801453,27
TEXAS,SAM HOUSTON STATE UNIVERSITY CHARTER SCHOOL,4801454,29
TEXAS,KAUFFMAN LEADERSHIP ACADEMY,4801455,19
TEXAS,TRIVIUM ACADEMY,4801456,56
TEXAS,COMPASS ROSE ACADEMY,4801457,39
TEXAS,GOODWATER MONTESSORI SCHOOL,4801458,41
TEXAS,LEGACY SCHOOL OF SPORT SCIENCES,4801459,24
TEXAS,ETOILE ACADEMY CHARTER SCHOOL,4801460,11
TEXAS,VALOR PUBLIC SCHOOLS,4801461,34
TEXAS,BRIDGEWAY PREPARATORY ACADEMY,4801462,14
TEXAS,YELLOWSTONE COLLEGE PREPARATORY,4801463,18
TEXAS,LAKE GRANBURY ACADEMY CHARTER SCHOOL,4801464,16
TEXAS,REVE PREPARATORY CHARTER SCHOOL,4801465,7
TEXAS,BLOOM ACADEMY CHARTER SCHOOL,4801466,3
TEXAS,BETTY M CONDRA SCHOOL FOR EDUCATION INNOVATION,4801468,18
TEXAS,UNIVERSITY OF TEXAS AT AUSTIN H S,4801473,5
TEXAS,COLLEGE STATION ISD,4807350,1739
TEXAS,ABBOTT ISD,4807380,32
TEXAS,ABERNATHY ISD,4807410,61
TEXAS,ABILENE ISD,4807440,2222
TEXAS,ACADEMY ISD,4807470,168
TEXAS,ADRIAN ISD,4807500,15
TEXAS,AGUA DULCE ISD,4807530,34
TEXAS,ALAMO HEIGHTS ISD,4807590,457
TEXAS,ALBA-GOLDEN ISD,4807650,117
TEXAS,ALBANY ISD,4807680,44
TEXAS,ALDINE ISD,4807710,5921
TEXAS,ALEDO ISD,4807780,571
TEXAS,ALICE ISD,4807800,549
TEXAS,ALIEF ISD,4807830,3936
TEXAS,ALLEN ISD,4807890,2644
TEXAS,ALPINE ISD,4807950,110
TEXAS,ALTO ISD,4807980,89
TEXAS,ALVIN ISD,4808090,3122
TEXAS,ALVORD ISD,4808100,104
TEXAS,AMARILLO ISD,4808130,4093
TEXAS,AMHERST ISD,4808160,16
TEXAS,ANAHUAC ISD,4808190,147
TEXAS,ANDERSON-SHIRO CISD,4808230,95
TEXAS,ANDREWS ISD,4808280,379
TEXAS,ANGLETON ISD,4808310,820
TEXAS,ANNA ISD,4808340,551
TEXAS,ANSON ISD,4808400,96
TEXAS,ANTHONY ISD,4808430,89
TEXAS,ANTON ISD,4808460,28
TEXAS,APPLE SPRINGS ISD,4808490,34
TEXAS,AQUILLA ISD,4808520,42
TEXAS,ARANSAS COUNTY ISD,4808550,361
TEXAS,ARANSAS PASS ISD,4808580,147
TEXAS,ARCHER CITY ISD,4808610,65
TEXAS,ARGYLE ISD,4808670,380
TEXAS,ARLINGTON ISD,4808700,4988
TEXAS,ARP ISD,4808730,84
TEXAS,ATHENS ISD,4808870,414
TEXAS,ATLANTA ISD,4808880,238
TEXAS,AUBREY ISD,4808910,261
TEXAS,AUSTIN ISD,4808940,10443
TEXAS,AUSTWELL-TIVOLI ISD,4809000,28
TEXAS,AVALON ISD,4809030,55
TEXAS,AVERY ISD,4809060,43
TEXAS,AVINGER ISD,4809090,13
TEXAS,AXTELL ISD,4809150,135
TEXAS,AZLE ISD,4809200,774
TEXAS,BAIRD ISD,4809280,42
TEXAS,BALLINGER ISD,4809300,102
TEXAS,BALMORHEA ISD,4809330,17
TEXAS,BANDERA ISD,4809360,324
TEXAS,BANGS ISD,4809390,88
TEXAS,BANQUETE ISD,4809410,106
TEXAS,BARBERS HILL ISD,4809450,600
TEXAS,BARTLETT ISD,4809540,39
TEXAS,BASTROP ISD,4809570,1362
TEXAS,BAY CITY ISD,4809630,367
TEXAS,BEAUMONT ISD,4809670,1601
TEXAS,BECKVILLE ISD,4809690,81
TEXAS,BEEVILLE ISD,4809720,410
TEXAS,BELLEVUE ISD,4809750,20
TEXAS,BELLS ISD,4809780,96
TEXAS,BELLVILLE ISD,4809810,283
TEXAS,BELTON ISD,4809860,1693
TEXAS,BEN BOLT-PALITO BLANCO ISD,4809870,55
TEXAS,BENJAMIN ISD,4809980,14
TEXAS,BIG SANDY ISD,4810140,98
TEXAS,BIG SANDY ISD,4810170,67
TEXAS,BIG SPRING ISD,4810200,557
TEXAS,BIRDVILLE ISD,4810230,2515
TEXAS,BISHOP CISD,4810260,227
TEXAS,BLANCO ISD,4810320,133
TEXAS,BLAND ISD,4810350,81
TEXAS,BLANKET ISD,4810380,17
TEXAS,BLOOMBURG ISD,4810440,20
TEXAS,BLOOMING GROVE ISD,4810470,88
TEXAS,BLOOMINGTON ISD,4810500,130
TEXAS,BLUE RIDGE ISD,4810590,113
TEXAS,BLUFF DALE ISD,4810620,17
TEXAS,BLUM ISD,4810650,51
TEXAS,BOERNE ISD,4810710,1090
TEXAS,BOLES ISD,4810740,68
TEXAS,BOLING ISD,4810780,100
TEXAS,BONHAM ISD,4810800,246
TEXAS,BOOKER ISD,4810830,33
TEXAS,BORDEN COUNTY ISD,4810860,17
TEXAS,BORGER ISD,4810890,328
TEXAS,BOSQUEVILLE ISD,4810910,106
TEXAS,BOVINA ISD,4810950,47
TEXAS,BOWIE ISD,4810990,210
TEXAS,BOYD ISD,4811010,112
TEXAS,BOYS RANCH ISD,4811040,54
TEXAS,BRACKETT ISD,4811070,81
TEXAS,BRADY ISD,4811110,173
TEXAS,BRAZOSPORT ISD,4811190,1233
TEXAS,BRECKENRIDGE ISD,4811220,184
TEXAS,BREMOND ISD,4811250,47
TEXAS,BRENHAM ISD,4811280,673
TEXAS,BRIDGE CITY ISD,4811310,301
TEXAS,BRIDGEPORT ISD,4811340,250
TEXAS,FORT ELLIOTT CISD,4811400,18
TEXAS,BROADDUS ISD,4811430,69
TEXAS,BROCK ISD,4811460,131
TEXAS,BRONTE ISD,4811490,24
TEXAS,BROOKELAND ISD,4811520,51
TEXAS,BROOKESMITH ISD,4811550,23
TEXAS,BROOKS COUNTY ISD,4811580,188
TEXAS,BROWNFIELD ISD,4811610,176
TEXAS,BROWNSBORO ISD,4811640,365
TEXAS,BROWNSVILLE ISD,4811680,5754
TEXAS,BROWNWOOD ISD,4811700,385
TEXAS,BRUCEVILLE-EDDY ISD,4811730,97
TEXAS,BRYAN ISD,4811790,1958
TEXAS,BRYSON ISD,4811820,27
TEXAS,BUCKHOLTS ISD,4811850,16
TEXAS,BUENA VISTA ISD,4811910,12
TEXAS,BUFFALO ISD,4811990,76
TEXAS,BULLARD ISD,4812060,328
TEXAS,BUNA ISD,4812090,199
TEXAS,BURKBURNETT ISD,4812120,454
TEXAS,BURKEVILLE ISD,4812150,38
TEXAS,BURLESON ISD,4812180,1367
TEXAS,BURNET CISD,4812220,488
TEXAS,BURTON ISD,4812240,48
TEXAS,BYNUM ISD,4812360,41
TEXAS,CADDO MILLS ISD,4812390,212
TEXAS,CALALLEN ISD,4812420,522
TEXAS,CALDWELL ISD,4812460,171
TEXAS,CALHOUN COUNTY ISD,4812480,358
TEXAS,CALLISBURG ISD,4812510,146
TEXAS,CALVERT ISD,4812540,18
TEXAS,CAMERON ISD,4812640,142
TEXAS,CAMPBELL ISD,4812660,67
TEXAS,CANADIAN ISD,4812700,76
TEXAS,CANTON ISD,4812750,198
TEXAS,CANUTILLO ISD,4812780,635
TEXAS,CANYON ISD,4812810,1256
TEXAS,CARLISLE ISD,4812870,69
TEXAS,CARRIZO SPRINGS CISD,4812990,190
TEXAS,CARROLL ISD,4813020,689
TEXAS,CARROLLTON-FARMERS BRANCH ISD,4813050,3407
TEXAS,CARTHAGE ISD,4813110,332
TEXAS,CASTLEBERRY ISD,4813170,441
TEXAS,CAYUGA ISD,4813200,82
TEXAS,CEDAR HILL ISD,4813230,641
TEXAS,CELESTE ISD,4813260,72
TEXAS,CELINA ISD,4813290,295
TEXAS,CENTER ISD,4813320,318
TEXAS,CENTER POINT ISD,4813350,79
TEXAS,CENTERVILLE ISD,4813380,16
TEXAS,CENTERVILLE ISD,4813410,64
TEXAS,CENTRAL HEIGHTS ISD,4813440,85
TEXAS,CENTRAL ISD,4813500,220
TEXAS,LUMBERTON ISD,4813530,441
TEXAS,CHANNELVIEW ISD,4813590,1018
TEXAS,CHANNING ISD,4813620,22
TEXAS,CHAPEL HILL ISD,4813650,417
TEXAS,CHAPEL HILL ISD,4813680,105
TEXAS,CHARLOTTE ISD,4813710,64
TEXAS,CHEROKEE ISD,4813740,12
TEXAS,CHESTER ISD,4813770,27
TEXAS,CHICO ISD,4813800,64
TEXAS,CHILDRESS ISD,4813860,143
TEXAS,CHILLICOTHE ISD,4813890,26
TEXAS,CHILTON ISD,4813920,67
TEXAS,CHINA SPRING ISD,4813960,320
TEXAS,CHIRENO ISD,4813980,47
TEXAS,CHRISTOVAL ISD,4814010,68
TEXAS,CISCO ISD,4814070,124
TEXAS,CITY VIEW ISD,4814130,185
TEXAS,CLARENDON ISD,4814160,61
TEXAS,CLARKSVILLE ISD,4814190,57
TEXAS,CLAUDE ISD,4814250,36
TEXAS,CLEAR CREEK ISD,4814280,4861
TEXAS,CLEBURNE ISD,4814310,792
TEXAS,CLEVELAND ISD,4814370,616
TEXAS,CLIFTON ISD,4814400,145
TEXAS,CLINT ISD,4814430,1126
TEXAS,CLYDE CISD,4814450,203
TEXAS,COAHOMA ISD,4814490,110
TEXAS,COLDSPRING-OAKHURST CISD,4814520,198
TEXAS,COLEMAN ISD,4814550,100
TEXAS,COLLINSVILLE ISD,4814580,63
TEXAS,COLMESNEIL ISD,4814600,64
TEXAS,COLORADO ISD,4814640,119
TEXAS,COLUMBIA-BRAZORIA ISD,4814670,340
TEXAS,COLUMBUS ISD,4814700,220
TEXAS,COMAL ISD,4814730,3042
TEXAS,COMANCHE ISD,4814760,163
TEXAS,COMFORT ISD,4814790,154
TEXAS,COMMERCE ISD,4814820,208
TEXAS,COMMUNITY ISD,4814850,314
TEXAS,COMO-PICKTON CISD,4814880,106
TEXAS,COMSTOCK ISD,4814920,17
TEXAS,CONNALLY ISD,4814970,226
TEXAS,CONROE ISD,4815000,5813
TEXAS,COOLIDGE ISD,4815120,48
TEXAS,COOPER ISD,4815150,93
TEXAS,LUBBOCK-COOPER ISD,4815180,724
TEXAS,COPPELL ISD,4815210,1058
TEXAS,COPPERAS COVE ISD,4815240,986
TEXAS,CORPUS CHRISTI ISD,4815270,3884
TEXAS,CORRIGAN-CAMDEN ISD,4815300,79
TEXAS,CORSICANA ISD,4815330,637
TEXAS,COTTON CENTER ISD,4815360,11
TEXAS,COTULLA ISD,4815400,197
TEXAS,COUPLAND ISD,4815420,15
TEXAS,COVINGTON ISD,4815480,38
TEXAS,CRANDALL ISD,4815510,547
TEXAS,CRANE ISD,4815540,107
TEXAS,CRANFILLS GAP ISD,4815570,21
TEXAS,CRAWFORD ISD,4815600,64
TEXAS,CROCKETT COUNTY CONSOLIDATED CSD,4815690,70
TEXAS,CROCKETT ISD,4815720,163
TEXAS,CROSBY ISD,4815750,679
TEXAS,CROSS PLAINS ISD,4815810,42
TEXAS,CROSS ROADS ISD,4815840,65
TEXAS,CROWELL ISD,4815870,45
TEXAS,CROWLEY ISD,4815910,1708
TEXAS,CRYSTAL CITY ISD,4815930,244
TEXAS,CUERO ISD,4815960,286
TEXAS,CULBERSON COUNTY-ALLAMOORE ISD,4815990,34
TEXAS,CUMBY ISD,4816020,65
TEXAS,CUSHING ISD,4816080,68
TEXAS,CYPRESS-FAIRBANKS ISD,4816110,11195
TEXAS,D'HANIS ISD,4816140,37
TEXAS,DAINGERFIELD-LONE STAR ISD,4816180,171
TEXAS,DALHART ISD,4816200,157
TEXAS,DALLAS ISD,4816230,14455
TEXAS,DAMON ISD,4816260,28
TEXAS,DANBURY ISD,4816290,94
TEXAS,DARROUZETT ISD,4816320,17
TEXAS,DAWSON ISD,4816350,13
TEXAS,DAWSON ISD,4816380,66
TEXAS,DAYTON ISD,4816410,597
TEXAS,DE LEON ISD,4816440,71
TEXAS,DECATUR ISD,4816500,434
TEXAS,DEER PARK ISD,4816530,1594
TEXAS,DEKALB ISD,4816570,89
TEXAS,DEL VALLE ISD,4816620,1633
TEXAS,DELL CITY ISD,4816650,9
TEXAS,DENISON ISD,4816710,723
TEXAS,DENTON ISD,4816740,3670
TEXAS,DENVER CITY ISD,4816770,127
TEXAS,DESOTO ISD,4816860,854
TEXAS,DETROIT ISD,4816890,67
TEXAS,DEVERS ISD,4816920,16
TEXAS,DEVINE ISD,4816950,256
TEXAS,DEW ISD,4816980,14
TEXAS,DEWEYVILLE ISD,4817010,89
TEXAS,DIBOLL ISD,4817040,203
TEXAS,DICKINSON ISD,4817070,1568
TEXAS,DILLEY ISD,4817100,171
TEXAS,DIME BOX ISD,4817130,26
TEXAS,DIMMITT ISD,4817160,100
TEXAS,DIVIDE ISD,4817190,4
TEXAS,DODD CITY ISD,4817280,31
TEXAS,DONNA ISD,4817390,1410
TEXAS,DOSS CONSOLIDATED CSD,4817400,3
TEXAS,DOUGLASS ISD,4817460,42
TEXAS,DRISCOLL ISD,4817550,31
TEXAS,DUBLIN ISD,4817580,85
TEXAS,DUMAS ISD,4817610,436
TEXAS,DUNCANVILLE ISD,4817640,1184
TEXAS,EAGLE MT-SAGINAW ISD,4817700,2237
TEXAS,EAGLE PASS ISD,4817730,1558
TEXAS,EANES ISD,4817760,762
TEXAS,EARLY ISD,4817790,124
TEXAS,EAST BERNARD ISD,4817830,75
TEXAS,EAST CENTRAL ISD,4817850,1186
TEXAS,EAST CHAMBERS ISD,4817880,148
TEXAS,EASTLAND ISD,4817960,117
TEXAS,ECTOR COUNTY ISD,4818000,3072
TEXAS,ECTOR ISD,4818030,53
TEXAS,EDCOUCH-ELSA ISD,4818060,500
TEXAS,EDEN CISD,4818070,47
TEXAS,EDGEWOOD ISD,4818120,145
TEXAS,EDGEWOOD ISD,4818150,1130
TEXAS,EDINBURG CISD,4818180,2374
TEXAS,EDNA ISD,4818210,190
TEXAS,EL CAMPO ISD,4818280,368
TEXAS,EL PASO ISD,4818300,6401
TEXAS,ELECTRA ISD,4818330,45
TEXAS,ELGIN ISD,4818360,500
TEXAS,ELKHART ISD,4818390,148
TEXAS,ELYSIAN FIELDS ISD,4818480,128
TEXAS,ENNIS ISD,4818540,665
TEXAS,ERA ISD,4818600,55
TEXAS,ETOILE ISD,4818660,19
TEXAS,EULA ISD,4818690,65
TEXAS,EUSTACE ISD,4818720,268
TEXAS,EVADALE ISD,4818750,68
TEXAS,EVANT ISD,4818780,31
TEXAS,EVERMAN ISD,4818810,612
TEXAS,EXCELSIOR ISD,4818840,20
TEXAS,EZZELL ISD,4818890,3
TEXAS,FABENS ISD,4818900,279
TEXAS,FAIRFIELD ISD,4818940,157
TEXAS,FALLS CITY ISD,4819020,38
TEXAS,FANNINDEL ISD,4819050,25
TEXAS,FARMERSVILLE ISD,4819080,242
TEXAS,FARWELL ISD,4819110,57
TEXAS,FAYETTEVILLE ISD,4819140,18
TEXAS,FERRIS ISD,4819170,347
TEXAS,FLATONIA ISD,4819280,69
TEXAS,FLORENCE ISD,4819320,142
TEXAS,FLORESVILLE ISD,4819350,402
TEXAS,FLOUR BLUFF ISD,4819380,715
TEXAS,FLOYDADA ISD,4819440,62
TEXAS,FOLLETT ISD,4819500,20
TEXAS,FORESTBURG ISD,4819530,30
TEXAS,FORNEY ISD,4819560,1304
TEXAS,FORSAN ISD,4819620,66
TEXAS,FORT BEND ISD,4819650,7856
TEXAS,FORT WORTH ISD,4819700,8185
TEXAS,FRANKLIN ISD,4819740,141
TEXAS,FRANKSTON ISD,4819770,92
TEXAS,FREER ISD,4819820,110
TEXAS,FRENSHIP ISD,4819830,992
TEXAS,FREDERICKSBURG ISD,4819840,431
TEXAS,FRIENDSWOOD ISD,4819950,740
TEXAS,FRIONA ISD,4819980,116
TEXAS,FRISCO ISD,4820010,6492
TEXAS,FROST ISD,4820040,46
TEXAS,FRUITVALE ISD,4820070,52
TEXAS,FT DAVIS ISD,4820100,30
TEXAS,FT HANCOCK ISD,4820130,43
TEXAS,FT SAM HOUSTON ISD,4820160,193
TEXAS,FORT STOCKTON ISD,4820190,228
TEXAS,GAINESVILLE ISD,4820220,302
TEXAS,GALENA PARK ISD,4820250,2151
TEXAS,GALVESTON ISD,4820280,688
TEXAS,GANADO ISD,4820310,57
TEXAS,GARLAND ISD,4820340,5336
TEXAS,GARNER ISD,4820370,21
TEXAS,GARRISON ISD,4820400,88
TEXAS,GARY ISD,4820460,52
TEXAS,GATESVILLE ISD,4820500,340
TEXAS,GAUSE ISD,4820520,11
TEXAS,GEORGE WEST ISD,4820550,124
TEXAS,GEORGETOWN ISD,4820600,1450
TEXAS,GHOLSON ISD,4820610,25
TEXAS,GIDDINGS ISD,4820640,223
TEXAS,GILMER ISD,4820700,236
TEXAS,GLADEWATER ISD,4820760,283
TEXAS,GLASSCOCK COUNTY ISD,4820790,28
TEXAS,GLEN ROSE ISD,4820850,154
TEXAS,GODLEY ISD,4820960,289
TEXAS,GOLD BURG ISD,4820970,13
TEXAS,GOLDTHWAITE ISD,4821000,76
TEXAS,GOLIAD ISD,4821030,175
TEXAS,GONZALES ISD,4821060,387
TEXAS,GOODRICH ISD,4821090,27
TEXAS,GOOSE CREEK CISD,4821150,2711
TEXAS,GORDON ISD,4821180,13
TEXAS,GORMAN ISD,4821270,47
TEXAS,GRADY ISD,4821300,12
TEXAS,GRAFORD ISD,4821330,30
TEXAS,GRAHAM ISD,4821360,306
TEXAS,GRANBURY ISD,4821390,968
TEXAS,GRAND PRAIRIE ISD,4821420,2723
TEXAS,GRAND SALINE ISD,4821450,137
TEXAS,GRANDFALLS-ROYALTY ISD,4821480,17
TEXAS,GRANDVIEW ISD,4821540,132
TEXAS,GRANDVIEW-HOPKINS ISD,4821560,3
TEXAS,GRANGER ISD,4821590,29
TEXAS,GRAPE CREEK ISD,4821600,227
TEXAS,GRAPELAND ISD,4821630,85
TEXAS,GRAPEVINE-COLLEYVILLE ISD,4821660,1297
TEXAS,GREENVILLE ISD,4821720,690
TEXAS,GREENWOOD ISD,4821750,261
TEXAS,GREGORY-PORTLAND ISD,4821780,506
TEXAS,GROESBECK ISD,4821810,211
TEXAS,GROOM ISD,4821840,24
TEXAS,GROVETON ISD,4821900,122
TEXAS,GRUVER ISD,4821930,39
TEXAS,GUNTER ISD,4821960,77
TEXAS,GUSTINE ISD,4821990,16
TEXAS,GUTHRIE CSD,4822020,9
TEXAS,HALE CENTER ISD,4822050,62
TEXAS,HALLETTSVILLE ISD,4822120,133
TEXAS,HALLSBURG ISD,4822140,10
TEXAS,HALLSVILLE ISD,4822170,1477
TEXAS,HAMILTON ISD,4822230,119
TEXAS,HAMLIN COLLEGIATE ISD,4822260,53
TEXAS,HAMSHIRE-FANNETT ISD,4822320,182
TEXAS,HAPPY ISD,4822350,24
TEXAS,HARDIN ISD,4822380,127
TEXAS,HARDIN-JEFFERSON ISD,4822410,315
TEXAS,HARLANDALE ISD,4822470,1516
TEXAS,HARLETON ISD,4822500,82
TEXAS,HARLINGEN CISD,4822530,2028
TEXAS,HARMONY ISD,4822560,71
TEXAS,HARPER ISD,4822590,61
TEXAS,HARROLD ISD,4822620,15
TEXAS,HART ISD,4822650,14
TEXAS,HARTLEY ISD,4822680,15
TEXAS,HARTS BLUFF ISD,4822710,48
TEXAS,HASKELL CISD,4822740,84
TEXAS,HAWKINS ISD,4822770,95
TEXAS,HAWLEY ISD,4822800,100
TEXAS,HEARNE ISD,4822830,139
TEXAS,HEDLEY ISD,4822850,15
TEXAS,HEMPHILL ISD,4822890,120
TEXAS,HEMPSTEAD ISD,4822920,139
TEXAS,HENDERSON ISD,4822970,397
TEXAS,HENRIETTA ISD,4822980,137
TEXAS,HEREFORD ISD,4823010,442
TEXAS,HERMLEIGH ISD,4823040,17
TEXAS,HICO ISD,4823070,54
TEXAS,HIDALGO ISD,4823100,256
TEXAS,HIGGINS ISD,4823140,9
TEXAS,HIGH ISLAND ISD,4823160,20
TEXAS,HIGHLAND ISD,4823190,20
TEXAS,HIGHLAND PARK ISD,4823250,647
TEXAS,HILLSBORO ISD,4823280,234
TEXAS,HITCHCOCK ISD,4823310,231
TEXAS,HOLLAND ISD,4823370,57
TEXAS,HOLLIDAY ISD,4823400,111
TEXAS,HONDO ISD,4823430,202
TEXAS,HONEY GROVE ISD,4823460,103
TEXAS,HOOKS ISD,4823490,103
TEXAS,HOUSTON ISD,4823640,16880
TEXAS,HOWE ISD,4823670,170
TEXAS,HUBBARD ISD,4823700,24
TEXAS,HUBBARD ISD,4823730,54
TEXAS,HUCKABAY ISD,4823760,15
TEXAS,HUDSON ISD,4823790,267
TEXAS,HUFFMAN ISD,4823820,444
TEXAS,HUGHES SPRINGS ISD,4823850,130
TEXAS,HULL-DAISETTA ISD,4823880,70
TEXAS,HUMBLE ISD,4823910,4086
TEXAS,HUNT ISD,4823970,16
TEXAS,HUNTINGTON ISD,4824000,228
TEXAS,HUNTSVILLE ISD,4824030,781
TEXAS,HURST-EULESS-BEDFORD ISD,4824060,2571
TEXAS,HUTTO ISD,4824100,1120
TEXAS,IDALOU ISD,4824120,80
TEXAS,INDUSTRIAL ISD,4824150,120
TEXAS,INGLESIDE ISD,4824180,225
TEXAS,INGRAM ISD,4824210,138
TEXAS,IOLA ISD,4824240,65
TEXAS,IOWA PARK CISD,4824260,260
TEXAS,IRA ISD,4824300,22
TEXAS,IRAAN-SHEFFIELD ISD,4824330,30
TEXAS,IREDELL ISD,4824360,25
TEXAS,IRVING ISD,4824420,2786
TEXAS,ITALY ISD,4824450,85
TEXAS,ITASCA ISD,4824480,87
TEXAS,JACKSBORO ISD,4824530,119
TEXAS,JACKSONVILLE ISD,4824590,528
TEXAS,JARRELL ISD,4824600,263
TEXAS,JASPER ISD,4824630,279
TEXAS,JAYTON-GIRARD ISD,4824660,24
TEXAS,JEFFERSON ISD,4824730,196
TEXAS,JIM HOGG COUNTY ISD,4824750,110
TEXAS,JIM NED CISD,4824780,153
TEXAS,JOAQUIN ISD,4824810,144
TEXAS,JOHNSON CITY ISD,4824840,71
TEXAS,JONESBORO ISD,4824900,40
TEXAS,JOSHUA ISD,4824930,566
TEXAS,JOURDANTON ISD,4824960,207
TEXAS,JUDSON ISD,4824990,3102
TEXAS,JUNCTION ISD,4825020,79
TEXAS,KARNACK ISD,4825110,12
TEXAS,KARNES CITY ISD,4825140,158
TEXAS,KATY ISD,4825170,10077
TEXAS,KAUFMAN ISD,4825200,419
TEXAS,KEENE ISD,4825230,115
TEXAS,KELLER ISD,4825260,3991
TEXAS,KELTON ISD,4825290,13
TEXAS,KEMP ISD,4825320,243
TEXAS,KENEDY COUNTY WIDE CSD,4825410,12
TEXAS,KENEDY ISD,4825440,118
TEXAS,KENNARD ISD,4825470,40
TEXAS,KENNEDALE ISD,4825500,259
TEXAS,KERENS ISD,4825530,69
TEXAS,KERMIT ISD,4825560,138
TEXAS,KERRVILLE ISD,4825590,526
TEXAS,KILGORE ISD,4825620,357
TEXAS,KILLEEN ISD,4825660,6082
TEXAS,KINGSVILLE ISD,4825680,453
TEXAS,KIRBYVILLE CISD,4825710,141
TEXAS,KLEIN ISD,4825740,5712
TEXAS,KLONDIKE ISD,4825790,11
TEXAS,KNIPPA ISD,4825800,41
TEXAS,KNOX CITY-O'BRIEN CISD,4825870,42
TEXAS,KOPPERL ISD,4825890,32
TEXAS,KOUNTZE ISD,4825920,142
TEXAS,KRESS ISD,4825950,24
TEXAS,KRUM ISD,4825980,271
TEXAS,LA FERIA ISD,4826040,372
TEXAS,LA GLORIA ISD,4826070,9
TEXAS,LA GRANGE ISD,4826100,210
TEXAS,LA JOYA ISD,4826130,2777
TEXAS,LA PORTE ISD,4826190,779
TEXAS,LAPOYNOR ISD,4826220,41
TEXAS,LA PRYOR ISD,4826250,66
TEXAS,LA VEGA ISD,4826280,266
TEXAS,LA VERNIA ISD,4826310,411
TEXAS,LA VILLA ISD,4826340,38
TEXAS,LACKLAND ISD,4826370,127
TEXAS,LAGO VISTA ISD,4826400,168
TEXAS,LAKE DALLAS ISD,4826430,468
TEXAS,LAKE TRAVIS ISD,4826470,1063
TEXAS,LAKE WORTH ISD,4826490,347
TEXAS,LAMAR CISD,4826580,4506
TEXAS,LAMESA ISD,4826610,235
TEXAS,LAMPASAS ISD,4826640,509
TEXAS,LANCASTER ISD,4826670,645
TEXAS,LANEVILLE ISD,4826700,24
TEXAS,LAREDO ISD,4826790,2248
TEXAS,LASARA ISD,4826850,35
TEXAS,LATEXO ISD,4826910,52
TEXAS,LAZBUDDIE ISD,4826970,20
TEXAS,LEAKEY ISD,4827000,41
TEXAS,LEANDER ISD,4827030,5329
TEXAS,LEARY ISD,4827060,15
TEXAS,LEFORS ISD,4827090,31
TEXAS,LEGGETT ISD,4827120,20
TEXAS,LEON ISD,4827180,61
TEXAS,LEONARD ISD,4827210,96
TEXAS,LEVELLAND ISD,4827240,458
TEXAS,LEVERETTS CHAPEL ISD,4827270,29
TEXAS,LEWISVILLE ISD,4827300,7268
TEXAS,LEXINGTON ISD,4827330,113
TEXAS,LIBERTY-EYLAU ISD,4827390,327
TEXAS,LIBERTY HILL ISD,4827420,551
TEXAS,LIBERTY ISD,4827450,295
TEXAS,LINDALE ISD,4827510,512
TEXAS,LINDEN-KILDARE CISD,4827540,78
TEXAS,LINDSAY ISD,4827570,52
TEXAS,LINGLEVILLE ISD,4827600,28
TEXAS,LIPAN ISD,4827630,35
TEXAS,LITTLE CYPRESS-MAURICEVILLE CISD,4827690,442
TEXAS,LITTLE ELM ISD,4827720,736
TEXAS,LITTLEFIELD ISD,4827750,153
TEXAS,LIVINGSTON ISD,4827780,451
TEXAS,LLANO ISD,4827810,226
TEXAS,LOCKHART ISD,4827870,682
TEXAS,LOCKNEY ISD,4827890,48
TEXAS,LOHN ISD,4827930,12
TEXAS,LOMETA ISD,4827960,46
TEXAS,LONDON ISD,4827990,65
TEXAS,LONE OAK ISD,4828020,160
TEXAS,LONGVIEW ISD,4828110,729
TEXAS,LOOP ISD,4828140,9
TEXAS,LORAINE ISD,4828170,30
TEXAS,LORENA ISD,4828200,187
TEXAS,LORENZO ISD,4828230,35
TEXAS,LOS FRESNOS CISD,4828290,1305
TEXAS,LOUISE ISD,4828350,34
TEXAS,LOVEJOY ISD,4828380,390
TEXAS,LOVELADY ISD,4828410,55
TEXAS,LUBBOCK ISD,4828500,3287
TEXAS,LUEDERS-AVOCA ISD,4828530,21
TEXAS,LUFKIN ISD,4828550,906
TEXAS,LULING ISD,4828590,192
TEXAS,LYFORD CISD,4828620,135
TEXAS,LYTLE ISD,4828650,171
TEXAS,MABANK ISD,4828680,481
TEXAS,MADISONVILLE CISD,4828710,214
TEXAS,MAGNOLIA ISD,4828740,1507
TEXAS,MALAKOFF ISD,4828780,155
TEXAS,MALONE ISD,4828800,21
TEXAS,MALTA ISD,4828830,13
TEXAS,MANOR ISD,4828890,960
TEXAS,MANSFIELD ISD,4828920,3644
TEXAS,MARATHON ISD,4828980,4
TEXAS,MARBLE FALLS ISD,4829010,611
TEXAS,MARFA ISD,4829040,30
TEXAS,MARION ISD,4829100,173
TEXAS,MARLIN ISD,4829130,99
TEXAS,MARSHALL ISD,4829160,389
TEXAS,MART ISD,4829190,57
TEXAS,MARTINS MILL ISD,4829220,45
TEXAS,MARTINSVILLE ISD,4829250,42
TEXAS,MASON ISD,4829280,63
TEXAS,MATAGORDA ISD,4829370,14
TEXAS,MATHIS ISD,4829400,170
TEXAS,MAUD ISD,4829460,41
TEXAS,MAY ISD,4829520,31
TEXAS,MAYPEARL ISD,4829580,90
TEXAS,MCALLEN ISD,4829670,2582
TEXAS,MCCAMEY ISD,4829700,62
TEXAS,MCDADE ISD,4829760,42
TEXAS,MCGREGOR ISD,4829820,140
TEXAS,MCKINNEY ISD,4829850,3153
TEXAS,MCLEAN ISD,4829880,41
TEXAS,MCLEOD ISD,4829910,50
TEXAS,MCMULLEN COUNTY ISD,4829940,25
TEXAS,MEADOW ISD,4830000,28
TEXAS,MEDINA ISD,4830030,52
TEXAS,MEDINA VALLEY ISD,4830060,738
TEXAS,MELISSA ISD,4830120,420
TEXAS,MEMPHIS ISD,4830180,86
TEXAS,MENARD ISD,4830210,25
TEXAS,MERCEDES ISD,4830250,448
TEXAS,MERIDIAN ISD,4830300,70
TEXAS,MERKEL ISD,4830340,191
TEXAS,IRION COUNTY ISD,4830360,32
TEXAS,MESQUITE ISD,4830390,4708
TEXAS,MEXIA ISD,4830420,268
TEXAS,MEYERSVILLE ISD,4830450,10
TEXAS,MIAMI ISD,4830480,13
TEXAS,MIDLAND ISD,4830570,2060
TEXAS,MIDLOTHIAN ISD,4830600,1194
TEXAS,MIDWAY ISD,4830640,926
TEXAS,MIDWAY ISD,4830660,33
TEXAS,MILANO ISD,4830690,34
TEXAS,MILDRED ISD,4830720,71
TEXAS,MILES ISD,4830750,36
TEXAS,MILFORD ISD,4830780,37
TEXAS,MILLER GROVE ISD,4830810,30
TEXAS,MILLSAP ISD,4830870,122
TEXAS,MINEOLA ISD,4830930,178
TEXAS,MINERAL WELLS ISD,4830950,369
TEXAS,MISSION CISD,4831040,1267
TEXAS,MONAHANS-WICKETT-PYOTE ISD,4831170,262
TEXAS,MONTAGUE ISD,4831200,21
TEXAS,MONTE ALTO ISD,4831230,81
TEXAS,MONTGOMERY ISD,4831260,782
TEXAS,MOODY ISD,4831290,103
TEXAS,MORAN ISD,4831320,23
TEXAS,MORGAN ISD,4831380,23
TEXAS,MORGAN MILL ISD,4831410,11
TEXAS,MORTON ISD,4831470,50
TEXAS,MOTLEY COUNTY ISD,4831500,18
TEXAS,MOULTON ISD,4831560,46
TEXAS,MOUNT CALM ISD,4831620,26
TEXAS,MOUNT ENTERPRISE ISD,4831650,65
TEXAS,MOUNT PLEASANT ISD,4831760,669
TEXAS,MOUNT VERNON ISD,4831770,165
TEXAS,MUENSTER ISD,4831860,87
TEXAS,MULESHOE ISD,4831890,197
TEXAS,MULLIN ISD,4831920,79
TEXAS,MUMFORD ISD,4831950,54
TEXAS,MUNDAY CISD,4831970,69
TEXAS,MURCHISON ISD,4832010,34
TEXAS,NACOGDOCHES ISD,4832090,705
TEXAS,NATALIA ISD,4832130,106
TEXAS,NAVARRO ISD,4832160,208
TEXAS,NAVASOTA ISD,4832190,356
TEXAS,NAZARETH ISD,4832220,16
TEXAS,NECHES ISD,4832250,26
TEXAS,NEDERLAND ISD,4832280,612
TEXAS,NEEDVILLE ISD,4832310,395
TEXAS,NEW BOSTON ISD,4832340,187
TEXAS,NEW BRAUNFELS ISD,4832370,956
TEXAS,NEW CANEY ISD,4832400,1457
TEXAS,NEW DEAL ISD,4832430,58
TEXAS,NEW DIANA ISD,4832460,68
TEXAS,NEW HOME ISD,4832490,30
TEXAS,NEW SUMMERFIELD ISD,4832610,36
TEXAS,NEW WAVERLY ISD,4832640,86
TEXAS,NEWCASTLE ISD,4832700,31
TEXAS,NEWTON ISD,4832730,162
TEXAS,NIXON-SMILEY CISD,4832740,170
TEXAS,NOCONA ISD,4832790,140
TEXAS,NORDHEIM ISD,4832880,9
TEXAS,NORMANGEE ISD,4832910,60
TEXAS,NORTH EAST ISD,4832940,7372
TEXAS,NORTH HOPKINS ISD,4832970,70
TEXAS,NORTH LAMAR ISD,4833010,322
TEXAS,NORTH ZULCH ISD,4833030,41
TEXAS,NORTHSIDE ISD,4833090,18
TEXAS,NORTHSIDE ISD,4833120,14172
TEXAS,NORTHWEST ISD,4833180,2857
TEXAS,NUECES CANYON CISD,4833240,38
TEXAS,NURSERY ISD,4833270,9
TEXAS,OAKWOOD ISD,4833340,17
TEXAS,ODEM-EDROY ISD,4833360,76
TEXAS,O'DONNELL ISD,4833390,38
TEXAS,OGLESBY ISD,4833420,11
TEXAS,OLFEN ISD,4833570,14
TEXAS,OLNEY ISD,4833630,92
TEXAS,OLTON ISD,4833660,56
TEXAS,ONALASKA ISD,4833690,143
TEXAS,ORANGE GROVE ISD,4833720,214
TEXAS,ORANGEFIELD ISD,4833780,207
TEXAS,ORE CITY ISD,4833840,124
TEXAS,OVERTON ISD,4833870,64
TEXAS,PADUCAH ISD,4833900,33
TEXAS,PAINT CREEK ISD,4833960,17
TEXAS,PAINT ROCK ISD,4833980,40
TEXAS,PALACIOS ISD,4834020,159
TEXAS,PALESTINE ISD,4834050,401
TEXAS,PALMER ISD,4834110,221
TEXAS,PALO PINTO ISD,4834140,6
TEXAS,PAMPA ISD,4834170,490
TEXAS,PANHANDLE ISD,4834230,85
TEXAS,PARADISE ISD,4834260,171
TEXAS,PARIS ISD,4834290,523
TEXAS,PASADENA ISD,4834320,6087
TEXAS,PATTON SPRINGS ISD,4834380,16
TEXAS,PAWNEE ISD,4834410,12
TEXAS,PEARLAND ISD,4834440,2290
TEXAS,PEARSALL ISD,4834470,222
TEXAS,PEASTER ISD,4834500,113
TEXAS,PECOS-BARSTOW-TOYAH ISD,4834550,303
TEXAS,PENELOPE ISD,4834560,29
TEXAS,PERRIN-WHITT CISD,4834630,46
TEXAS,PERRYTON ISD,4834650,209
TEXAS,PETERSBURG ISD,4834680,42
TEXAS,PETROLIA CISD,4834710,62
TEXAS,PETTUS ISD,4834770,46
TEXAS,PEWITT CISD,4834800,139
TEXAS,PFLUGERVILLE ISD,4834830,3225
TEXAS,PHARR-SAN JUAN-ALAMO ISD,4834860,2862
TEXAS,PILOT POINT ISD,4834920,140
TEXAS,PINE TREE ISD,4834980,490
TEXAS,PITTSBURG ISD,4835010,265
TEXAS,PLAINS ISD,4835040,39
TEXAS,PLAINVIEW ISD,4835070,562
TEXAS,PLANO ISD,4835100,6430
TEXAS,PLEASANT GROVE ISD,4835130,245
TEXAS,PLEASANTON ISD,4835190,462
TEXAS,POINT ISABEL ISD,4835250,210
TEXAS,PONDER ISD,4835310,161
TEXAS,POOLVILLE ISD,4835340,67
TEXAS,PORT ARANSAS ISD,4835370,39
TEXAS,PORT ARTHUR ISD,4835400,809
TEXAS,PORT NECHES-GROVES ISD,4835430,502
TEXAS,POST ISD,4835490,118
TEXAS,POTEET ISD,4835520,162
TEXAS,POTH ISD,4835550,116
TEXAS,HIGHLAND PARK ISD,4835560,127
TEXAS,BUSHLAND ISD,4835570,193
TEXAS,POTTSBORO ISD,4835580,147
TEXAS,PRAIRIE LEA ISD,4835700,23
TEXAS,PRAIRIE VALLEY ISD,4835730,19
TEXAS,PRAIRILAND ISD,4835740,104
TEXAS,PREMONT ISD,4835760,104
TEXAS,PRESIDIO ISD,4835800,75
TEXAS,PRIDDY ISD,4835820,15
TEXAS,PRINCETON ISD,4835850,690
TEXAS,PRINGLE-MORSE CISD,4835890,8
TEXAS,PROGRESO ISD,4835910,123
TEXAS,PROSPER ISD,4836000,1727
TEXAS,QUANAH ISD,4836180,97
TEXAS,QUEEN CITY ISD,4836210,140
TEXAS,QUINLAN ISD,4836240,321
TEXAS,QUITMAN ISD,4836300,157
TEXAS,RAINS ISD,4836360,233
TEXAS,RALLS ISD,4836390,56
TEXAS,RAMIREZ CSD,4836420,4
TEXAS,RANDOLPH FIELD ISD,4836450,128
TEXAS,RANGER ISD,4836480,68
TEXAS,RANKIN ISD,4836510,29
TEXAS,RAYMONDVILLE ISD,4836540,272
TEXAS,REAGAN COUNTY ISD,4836570,94
TEXAS,RED LICK ISD,4836630,38
TEXAS,RED OAK ISD,4836660,732
TEXAS,REDWATER ISD,4836750,116
TEXAS,REFUGIO ISD,4836780,92
TEXAS,RICARDO ISD,4836930,60
TEXAS,RICE ISD,4836960,87
TEXAS,RICE CISD,4836970,153
TEXAS,RICHARDS ISD,4836990,14
TEXAS,RICHARDSON ISD,4837020,4909
TEXAS,RICHLAND SPRINGS ISD,4837080,23
TEXAS,RIESEL ISD,4837110,70
TEXAS,RIO GRANDE CITY CISD,4837140,1021
TEXAS,SOUTH TEXAS ISD,4837150,125
TEXAS,RIO HONDO ISD,4837170,194
TEXAS,RIO VISTA ISD,4837200,85
TEXAS,RISING STAR ISD,4837230,17
TEXAS,RIVER ROAD ISD,4837260,193
TEXAS,RIVIERA ISD,4837320,29
TEXAS,ROBERT LEE ISD,4837380,36
TEXAS,ROBINSON ISD,4837410,273
TEXAS,ROBSTOWN ISD,4837440,319
TEXAS,ROBY CISD,4837470,30
TEXAS,ROCHELLE ISD,4837500,25
TEXAS,ROCKDALE ISD,4837590,136
TEXAS,ROCKWALL ISD,4837650,1798
TEXAS,ROGERS ISD,4837710,74
TEXAS,ROMA ISD,4837740,486
TEXAS,ROOSEVELT ISD,4837800,134
TEXAS,ROPES ISD,4837830,29
TEXAS,ROSCOE COLLEGIATE ISD,4837860,61
TEXAS,ROSEBUD-LOTT ISD,4837900,103
TEXAS,ROTAN ISD,4838040,31
TEXAS,ROUND ROCK ISD,4838080,5229
TEXAS,ROUND TOP-CARMINE ISD,4838100,23
TEXAS,ROYAL ISD,4838190,251
TEXAS,ROYSE CITY ISD,4838220,798
TEXAS,RULE ISD,4838280,16
TEXAS,RUNGE ISD,4838310,35
TEXAS,RUSK ISD,4838360,263
TEXAS,S AND S CISD,4838400,123
TEXAS,SABINAL ISD,4838430,70
TEXAS,SABINE ISD,4838460,181
TEXAS,SABINE PASS ISD,4838490,8
TEXAS,SAINT JO ISD,4838520,40
TEXAS,SALADO ISD,4838580,175
TEXAS,SALTILLO ISD,4838610,36
TEXAS,SAM RAYBURN ISD,4838640,59
TEXAS,SAN ANGELO ISD,4838700,1628
TEXAS,SAN ANTONIO ISD,4838730,5966
TEXAS,SAN AUGUSTINE ISD,4838760,117
TEXAS,SAN BENITO CISD,4838790,1085
TEXAS,SAN DIEGO ISD,4838820,182
TEXAS,SAN ELIZARIO ISD,4838850,420
TEXAS,SAN FELIPE-DEL RIO CISD,4838900,1265
TEXAS,SAN ISIDRO ISD,4838910,35
TEXAS,SAN MARCOS CISD,4838970,1109
TEXAS,SAN PERLITA ISD,4839000,22
TEXAS,SAN SABA ISD,4839030,82
TEXAS,SAN VICENTE ISD,4839060,3
TEXAS,SANDS CISD,4839120,21
TEXAS,SANFORD-FRITCH ISD,4839150,92
TEXAS,SANGER ISD,4839180,339
TEXAS,SANTA ANNA ISD,4839210,27
TEXAS,SANTA FE ISD,4839270,544
TEXAS,SANTA GERTRUDIS ISD,4839300,31
TEXAS,SANTA MARIA ISD,4839330,60
TEXAS,SANTA ROSA ISD,4839360,140
TEXAS,SANTO ISD,4839390,41
TEXAS,SAVOY ISD,4839450,44
TEXAS,SCHERTZ-CIBOLO-U CITY ISD,4839480,1879
TEXAS,SCHLEICHER ISD,4839510,32
TEXAS,SCHULENBURG ISD,4839540,129
TEXAS,SCURRY-ROSSER ISD,4839570,141
TEXAS,SEAGRAVES ISD,4839600,44
TEXAS,SEALY ISD,4839630,328
TEXAS,SEGUIN ISD,4839690,875
TEXAS,SEMINOLE ISD,4839750,265
TEXAS,SEYMOUR ISD,4839780,72
TEXAS,SHALLOWATER ISD,4839870,122
TEXAS,SHAMROCK ISD,4839900,63
TEXAS,SHARYLAND ISD,4839930,775
TEXAS,SHELBYVILLE ISD,4839960,102
TEXAS,SHELDON ISD,4839990,872
TEXAS,SHEPHERD ISD,4840020,207
TEXAS,SHERMAN ISD,4840080,1028
TEXAS,SHINER ISD,4840110,95
TEXAS,SIDNEY ISD,4840170,20
TEXAS,SIERRA BLANCA ISD,4840200,23
TEXAS,SILSBEE ISD,4840230,484
TEXAS,SILVERTON ISD,4840290,17
TEXAS,SIMMS ISD,4840320,75
TEXAS,SINTON ISD,4840350,314
TEXAS,SIVELLS BEND ISD,4840380,8
TEXAS,SKIDMORE-TYNAN ISD,4840410,108
TEXAS,SLATON ISD,4840440,223
TEXAS,SLIDELL ISD,4840470,27
TEXAS,SLOCUM ISD,4840500,52
TEXAS,SMITHVILLE ISD,4840550,233
TEXAS,SMYER ISD,4840590,53
TEXAS,SNOOK ISD,4840620,67
TEXAS,SNYDER ISD,4840650,280
TEXAS,SOUTH SAN ANTONIO ISD,4840680,969
TEXAS,SOCORRO ISD,4840710,5429
TEXAS,SOMERSET ISD,4840740,392
TEXAS,SOMERVILLE ISD,4840770,68
TEXAS,SONORA ISD,4840800,89
TEXAS,SOUTHLAND ISD,4840890,12
TEXAS,SOUTHSIDE ISD,4840920,767
TEXAS,SOUTHWEST ISD,4840950,2028
TEXAS,SPEARMAN ISD,4841010,70
TEXAS,SPLENDORA ISD,4841070,469
TEXAS,SPRING BRANCH ISD,4841100,3222
TEXAS,SPRING CREEK ISD,4841130,8
TEXAS,SPRING HILL ISD,4841190,200
TEXAS,SPRING ISD,4841220,3402
TEXAS,SPRINGLAKE-EARTH ISD,4841250,54
TEXAS,SPRINGTOWN ISD,4841280,387
TEXAS,SPURGER ISD,4841340,66
TEXAS,STAFFORD MSD,4841350,318
TEXAS,STAMFORD ISD,4841400,69
TEXAS,STANTON ISD,4841430,95
TEXAS,STEPHENVILLE ISD,4841520,412
TEXAS,STERLING CITY ISD,4841550,55
TEXAS,PLEMONS-STINNETT-PHILLIPS CISD,4841580,99
TEXAS,STOCKDALE ISD,4841610,126
TEXAS,STRATFORD ISD,4841670,51
TEXAS,STRAWN ISD,4841700,19
TEXAS,SUDAN ISD,4841760,53
TEXAS,SULPHUR BLUFF ISD,4841790,31
TEXAS,SULPHUR SPRINGS ISD,4841820,537
TEXAS,SUNDOWN ISD,4841850,59
TEXAS,SUNNYVALE ISD,4841880,247
TEXAS,SUNRAY ISD,4841910,71
TEXAS,SWEENY ISD,4841970,191
TEXAS,SWEET HOME ISD,4842000,6
TEXAS,SWEETWATER ISD,4842030,339
TEXAS,TAFT ISD,4842060,119
TEXAS,TAHOKA ISD,4842090,67
TEXAS,RIVERCREST ISD,4842120,67
TEXAS,TARKINGTON ISD,4842210,248
TEXAS,TATUM ISD,4842240,126
TEXAS,TAYLOR ISD,4842280,333
TEXAS,TEAGUE ISD,4842300,164
TEXAS,TEMPLE ISD,4842330,1144
TEXAS,TENAHA ISD,4842360,88
TEXAS,TERLINGUA CSD,4842390,14
TEXAS,TERRELL COUNTY ISD,4842420,23
TEXAS,TERRELL ISD,4842450,528
TEXAS,TEXARKANA ISD,4842480,872
TEXAS,TEXAS CITY ISD,4842510,1043
TEXAS,TEXHOMA ISD,4842540,24
TEXAS,TEXLINE ISD,4842570,15
TEXAS,THORNDALE ISD,4842630,51
TEXAS,THRALL ISD,4842660,66
TEXAS,THREE RIVERS ISD,4842690,83
TEXAS,THREE WAY ISD,4842720,3
TEXAS,THROCKMORTON COLLEGIATE ISD,4842780,11
TEXAS,TIDEHAVEN ISD,4842810,82
TEXAS,TIMPSON ISD,4842840,90
TEXAS,TIOGA ISD,4842870,45
TEXAS,TOLAR ISD,4842900,48
TEXAS,TOM BEAN ISD,4842930,67
TEXAS,TOMBALL ISD,4842960,1600
TEXAS,TORNILLO ISD,4842990,72
TEXAS,TRENT ISD,4843110,25
TEXAS,TRENTON ISD,4843140,76
TEXAS,TRINIDAD ISD,4843170,17
TEXAS,TRINITY ISD,4843200,139
TEXAS,TROUP ISD,4843230,112
TEXAS,TROY ISD,4843260,215
TEXAS,WESTWOOD ISD,4843290,212
TEXAS,TULIA ISD,4843320,121
TEXAS,TULOSO-MIDWAY ISD,4843350,388
TEXAS,TURKEY-QUITAQUE ISD,4843400,22
TEXAS,TYLER ISD,4843470,1661
TEXAS,UNION GROVE ISD,4843530,43
TEXAS,UNION HILL ISD,4843560,20
TEXAS,UNITED ISD,4843650,4500
TEXAS,UTOPIA ISD,4843680,31
TEXAS,UVALDE CISD,4843720,450
TEXAS,VALENTINE ISD,4843740,3
TEXAS,VALLEY MILLS ISD,4843760,82
TEXAS,VALLEY VIEW ISD,4843800,348
TEXAS,VALLEY VIEW ISD,4843860,108
TEXAS,VAN ALSTYNE ISD,4843890,205
TEXAS,VAN ISD,4843920,273
TEXAS,VAN VLECK ISD,4843950,107
TEXAS,VEGA ISD,4843980,26
TEXAS,VENUS ISD,4844010,203
TEXAS,VERIBEST ISD,4844040,34
TEXAS,VERNON ISD,4844110,270
TEXAS,VICTORIA ISD,4844150,1735
TEXAS,VIDOR ISD,4844160,633
TEXAS,VYSEHRAD ISD,4844250,5
TEXAS,WACO ISD,4844280,1391
TEXAS,WAELDER ISD,4844310,33
TEXAS,WALCOTT ISD,4844370,22
TEXAS,WALL ISD,4844410,91
TEXAS,WALLER ISD,4844430,737
TEXAS,BRAZOS ISD,4844470,123
TEXAS,WALNUT BEND ISD,4844490,3
TEXAS,WALNUT SPRINGS ISD,4844520,33
TEXAS,WARREN ISD,4844580,138
TEXAS,WASKOM ISD,4844670,97
TEXAS,WATER VALLEY ISD,4844710,46
TEXAS,WAXAHACHIE ISD,4844730,1355
TEXAS,WEATHERFORD ISD,4844800,1051
TEXAS,WEBB CISD,4844810,35
TEXAS,WEIMAR ISD,4844820,85
TEXAS,WELLINGTON ISD,4844890,65
TEXAS,WELLMAN-UNION CISD,4844910,21
TEXAS,WELLS ISD,4844940,38
TEXAS,WESLACO ISD,4844960,1598
TEXAS,WEST HARDIN COUNTY CISD,4845000,51
TEXAS,WEST ISD,4845040,122
TEXAS,WEST ORANGE-COVE CISD,4845090,285
TEXAS,WEST OSO ISD,4845120,251
TEXAS,WEST RUSK COUNTY CONSOLIDATED ISD,4845150,120
TEXAS,WEST SABINE ISD,4845180,75
TEXAS,WESTBROOK ISD,4845210,25
TEXAS,WESTHOFF ISD,4845240,3
TEXAS,WESTPHALIA ISD,4845330,19
TEXAS,WHARTON ISD,4845380,240
TEXAS,WHEELER ISD,4845420,42
TEXAS,WHITE DEER ISD,4845450,39
TEXAS,WHITE OAK ISD,4845480,189
TEXAS,WHITE SETTLEMENT ISD,4845540,738
TEXAS,WHITEFACE CISD,4845570,39
TEXAS,WHITEHOUSE ISD,4845600,568
TEXAS,WHITESBORO ISD,4845630,207
TEXAS,WHITEWRIGHT ISD,4845670,73
TEXAS,WHITHARRAL ISD,4845690,13
TEXAS,WHITNEY ISD,4845720,206
TEXAS,WICHITA FALLS ISD,4845780,1822
TEXAS,WILDORADO ISD,4845840,16
TEXAS,WILLIS ISD,4845900,768
TEXAS,WILLS POINT ISD,4845950,333
TEXAS,WILSON ISD,4845990,21
TEXAS,WINDTHORST ISD,4846080,37
TEXAS,WINK-LOVING ISD,4846170,46
TEXAS,WINNSBORO ISD,4846200,232
TEXAS,WINONA ISD,4846230,136
TEXAS,WINTERS ISD,4846260,76
TEXAS,WODEN ISD,4846320,63
TEXAS,WOLFE CITY ISD,4846350,66
TEXAS,WOODSBORO ISD,4846380,72
TEXAS,WOODSON ISD,4846410,18
TEXAS,WOODVILLE ISD,4846440,214
TEXAS,WORTHAM ISD,4846470,46
TEXAS,WYLIE ISD,4846500,355
TEXAS,WYLIE ISD,4846530,2019
TEXAS,YANTIS ISD,4846590,33
TEXAS,YOAKUM ISD,4846620,235
TEXAS,YORKTOWN ISD,4846650,61
TEXAS,YSLETA ISD,4846680,5579
TEXAS,ZAPATA COUNTY ISD,4846710,432
TEXAS,ZAVALLA ISD,4846740,50
TEXAS,ZEPHYR ISD,4846770,20
TEXAS,BENAVIDES ISD,4899130,41
UTAH,American Preparatory Academy,4900005,503
UTAH,Pinnacle Canyon Academy,4900008,139
UTAH,City Academy,4900009,33
UTAH,Soldier Hollow Charter School,4900011,55
UTAH,Tuacahn High School for the Performing Arts,4900012,31
UTAH,Uintah River High,4900013,9
UTAH,John Hancock Charter School,4900014,35
UTAH,Thomas Edison,4900015,240
UTAH,Timpanogos Academy,4900016,82
UTAH,Academy for Math Engineering & Science,4900017,27
UTAH,Salt Lake Arts Academy,4900018,36
UTAH,Fast Forward High,4900019,60
UTAH,Utah County Academy of Science,4900020,12
UTAH,Odyssey Charter School,4900021,53
UTAH,Lincoln Academy,4900022,106
UTAH,Beehive Science & Technology Academy,4900023,42
UTAH,Wasatch Peak Academy,4900024,45
UTAH,North Star Academy,4900025,54
UTAH,Central Utah Ed. Services,4900027,NA
UTAH,Northeastern Utah Ed. Serv.,4900028,NA
UTAH,Southeast Ed. Service Center,4900029,NA
UTAH,Alpine District,4900030,9202
UTAH,Southwest Educational Development Center,4900031,NA
UTAH,Reagan Academy,4900032,83
UTAH,American Leadership Academy,4900033,256
UTAH,Navigator Pointe Academy,4900034,59
UTAH,Moab Charter School,4900035,15
UTAH,East Hollywood High,4900036,67
UTAH,Success Academy,4900037,4
UTAH,Renaissance Academy,4900038,53
UTAH,Intech Collegiate High School,4900039,28
UTAH,Channing Hall,4900040,74
UTAH,Entheos Academy,4900041,116
UTAH,Spectrum Academy,4900042,1189
UTAH,Lakeview Academy,4900043,112
UTAH,Syracuse Arts Academy,4900044,272
UTAH,Legacy Preparatory Academy,4900045,155
UTAH,George Washington Academy,4900046,70
UTAH,Noah Webster Academy,4900048,54
UTAH,Monticello Academy,4900049,83
UTAH,Salt Lake School for the Performing Arts,4900050,22
UTAH,Mountainville Academy,4900051,75
UTAH,Paradigm High School,4900052,77
UTAH,Karl G. Maeser Preparatory Academy,4900056,51
UTAH,Ogden Preparatory Academy,4900058,129
UTAH,Beaver District,4900060,243
UTAH,Walden School of Liberal Arts,4900061,83
UTAH,Freedom Preparatory Academy,4900062,192
UTAH,No. UT. Acad. for Math Engineering & Science,4900063,36
UTAH,Ranches Academy,4900064,53
UTAH,Davinci Academy,4900065,176
UTAH,Summit Academy,4900066,276
UTAH,Itineris Early College High,4900067,13
UTAH,North Davis Preparatory Academy,4900068,99
UTAH,Utah Schools for Deaf & Blind,4900069,213
UTAH,Edith Bowen Laboratory School,4900070,56
UTAH,Canyon Rim Academy,4900071,44
UTAH,Guadalupe School,4900072,11
UTAH,Dual Immersion Academy,4900073,48
UTAH,C.S. Lewis Academy,4900074,47
UTAH,Box Elder District,4900090,1508
UTAH,Open Classroom,4900118,53
UTAH,Cache District,4900120,2514
UTAH,Gateway Preparatory Academy,4900122,127
UTAH,Salt Lake Center for Science Education,4900123,43
UTAH,Providence Hall,4900124,248
UTAH,Rockwell Charter High School,4900125,62
UTAH,Utah Virtual Academy,4900130,367
UTAH,Merit College Preparatory Academy,4900131,86
UTAH,Quest Academy,4900132,120
UTAH,Venture Academy,4900133,127
UTAH,USBE,4900135,NA
UTAH,Excelsior Academy,4900136,192
UTAH,Hawthorn Academy,4900137,178
UTAH,Mountain Heights Academy,4900138,108
UTAH,Jefferson Academy,4900139,68
UTAH,Early Light Academy at Daybreak,4900140,161
UTAH,Vista School,4900141,94
UTAH,Canyons District,4900142,4104
UTAH,Canyon Grove Academy,4900143,45
UTAH,Maria Montessori Academy,4900144,75
UTAH,Weilenmann School of Discovery,4900145,49
UTAH,Bear River Charter School,4900146,28
UTAH,Good Foundations Academy,4900147,84
UTAH,Summit Academy High School,4900148,73
UTAH,Carbon District,4900150,669
UTAH,Utah Connections Academy,4900151,91
UTAH,Endeavor Hall,4900155,56
UTAH,Highmark Charter School,4900156,66
UTAH,Promontory School of Expeditionary Learning,4900157,75
UTAH,Valley Academy,4900158,70
UTAH,Pacific Heritage Academy,4900159,60
UTAH,Voyage Academy,4900160,62
UTAH,Esperanza School,4900161,47
UTAH,Leadership Learning Academy,4900162,132
UTAH,Mana Academy Charter School,4900165,26
UTAH,Utah International Charter School,4900166,12
UTAH,Weber State University Charter Academy,4900167,4
UTAH,Winter Sports School,4900168,3
UTAH,Dixie Montessori Academy,4900169,49
UTAH,Scholar Academy,4900170,77
UTAH,Utah Career Path High School,4900171,39
UTAH,Ascent Academies of Utah,4900174,330
UTAH,Mountain West Montessori Academy,4900175,95
UTAH,Utah Military Academy,4900176,185
UTAH,Greenwood Charter School,4900177,61
UTAH,Roots Charter High School,4900178,48
UTAH,Terra Academy,4900179,94
UTAH,Daggett District,4900180,28
UTAH,Athenian eAcademy,4900181,110
UTAH,Lumen Scholar Institute,4900182,36
UTAH,Vanguard Academy,4900183,19
UTAH,Wallace Stegner Academy,4900184,59
UTAH,Wasatch Waldorf Charter School,4900185,91
UTAH,American Academy of Innovation,4900186,78
UTAH,Franklin Discovery Academy,4900187,87
UTAH,St. George Academy,4900188,49
UTAH,Athlos Academy of Utah,4900189,99
UTAH,Treeside Charter School,4900192,55
UTAH,The Center for Creativity Innovation and Discovery,4900193,62
UTAH,Ignite Entrepreneurship Academy,4900194,69
UTAH,Bonneville Academy,4900195,104
UTAH,Leadership Academy of Utah,4900196,20
UTAH,Real Salt Lake Academy High School,4900197,37
UTAH,Capstone Classical Academy,4900199,20
UTAH,Davis District,4900210,9512
UTAH,Duchesne District,4900240,956
UTAH,Emery District,4900270,495
UTAH,Garfield District,4900300,119
UTAH,Grand District,4900330,281
UTAH,Granite District,4900360,8329
UTAH,Iron District,4900390,1241
UTAH,Jordan District,4900420,7308
UTAH,Juab District,4900450,392
UTAH,Kane District,4900480,169
UTAH,Logan City District,4900510,815
UTAH,Millard District,4900540,495
UTAH,Morgan District,4900570,363
UTAH,Murray District,4900600,929
UTAH,Nebo District,4900630,4927
UTAH,North Sanpete District,4900660,339
UTAH,North Summit District,4900690,131
UTAH,Ogden City District,4900720,1521
UTAH,Park City District,4900750,342
UTAH,Piute District,4900780,50
UTAH,Provo District,4900810,1834
UTAH,Rich District,4900840,82
UTAH,Salt Lake District,4900870,2955
UTAH,San Juan District,4900900,457
UTAH,Sevier District,4900930,689
UTAH,South Sanpete District,4900960,522
UTAH,South Summit District,4900990,146
UTAH,Tintic District,4901020,26
UTAH,Tooele District,4901050,2141
UTAH,Uintah District,4901080,1024
UTAH,Wasatch District,4901110,676
UTAH,Washington District,4901140,4766
UTAH,Wayne District,4901170,59
UTAH,Weber District,4901200,4594
VERMONT,Woodside Juvenile Rehabilitation Center,5000005,3
VERMONT,Buels Gore School District,5000011,3
VERMONT,Ferdinand School District,5000012,3
VERMONT,Glastenbury School District,5000013,3
VERMONT,Somerset School District,5000014,3
VERMONT,Averill School District,5000015,3
VERMONT,Averys Gore School District,5000016,3
VERMONT,Lewis School District,5000017,3
VERMONT,Warners Grant School District,5000018,3
VERMONT,Warrens Grant School District,5000019,3
VERMONT,Patricia Hannaford Career Center School District,5000021,NA
VERMONT,Southwest Vermont Career Development Center,5000022,NA
VERMONT,Rivendell Interstate School District,5000024,91
VERMONT,River Valley Technical Center,5000371,NA
VERMONT,Barstow Unified School District,5000390,31
VERMONT,Otter Valley Unified Union School District #53,5000392,185
VERMONT,Mill River Unified School District,5000393,128
VERMONT,Essex-Westford Educational Community Unified School District,5000395,584
VERMONT,Champlain Valley Unified School District,5000396,524
VERMONT,Lamoille North Modified USD #058B,5000397,136
VERMONT,Addison Northwest Unified School District,5000398,137
VERMONT,Maple Run Unified School District,5000399,607
VERMONT,Orange Southwest Unified School District,5000400,187
VERMONT,Lamoille North Modified USD #058A,5000401,136
VERMONT,Addison Central Unified School District,5000402,247
VERMONT,Harwood Unified School District,5000403,282
VERMONT,Paine Mountain School District,5000408,185
VERMONT,Wells Spring Unified Union School District,5000409,42
VERMONT,Montpelier Roxbury Unified Union School District,5000410,124
VERMONT,Quarry Valley Unified Union School District #70,5000411,189
VERMONT,Caledonia Cooperative Unified School District,5000412,104
VERMONT,Granville Hancock Unified School District,5000414,NA
VERMONT,Northeast Kingdom Choice School District,5000415,40
VERMONT,Windsor Central Modified Unified Union School District #76B,5000416,48
VERMONT,Taconic and Green Regional School District,5000417,277
VERMONT,Twin Valley Unified School District,5000418,81
VERMONT,Mettawee School District,5000419,59
VERMONT,Southern Valley Unified School District,5000420,32
VERMONT,Kingdom East Unified Union School District,5000421,338
VERMONT,Ludlow Mt. Holly Unified Union School District,5000422,86
VERMONT,Rochester Stockbridge Unified School District,5000423,17
VERMONT,Mt. Abraham Unified School District,5000425,187
VERMONT,White River Unified School District,5000426,88
VERMONT,Green Mountain Unified School District,5000427,144
VERMONT,Windsor Central Modified Unified Union School District #76A,5000428,59
VERMONT,First Branch Unified School District,5000429,69
VERMONT,Echo Valley Community School District,5000430,44
VERMONT,Windham Southeast Unified Union School District #96,5000431,406
VERMONT,West River Valley Modified Union Education District #72B,5000432,51
VERMONT,Missisquoi Valley School District #89,5000433,356
VERMONT,Southwest Vermont Union Elementary School District #87,5000434,379
VERMONT,Champlain Islands Unified Union School District #66,5000435,66
VERMONT,Lake Region Union Elementary Middle School District,5000436,188
VERMONT,Oxbow Unified Union School District #91,5000437,152
VERMONT,Orleans Southwest Union Elementary School District #94,5000438,77
VERMONT,Washington Central Unified Union School District #92,5000439,268
VERMONT,Slate Valley Unified Union School District #62,5000440,227
VERMONT,Northern Mountain Valley Unified Union School District #85,5000441,153
VERMONT,Mount Ascutney School District #86,5000442,124
VERMONT,Mount Mansfield Unified Union School District #401,5000443,397
VERMONT,Enosburgh-Richford Unified Union School District #88,5000444,192
VERMONT,Barre Unified Union School District #97,5000445,539
VERMONT,Windham Northeast Union Elementary School District #95,5000446,74
VERMONT,River Valleys Unified School District #73,5000447,39
VERMONT,Lamoille South Unified Union School District #90,5000448,225
VERMONT,West River Valley Modified Union Education District #72A,5000449,78
VERMONT,Alburg School District,5001770,69
VERMONT,Arlington School District,5001830,74
VERMONT,Barnard School District,5001950,7
VERMONT,Brighton School District,5002610,28
VERMONT,Burlington School District,5002820,692
VERMONT,Cabot School District,5002850,34
VERMONT,Cambridge School District,5002910,53
VERMONT,Canaan School District,5002940,30
VERMONT,Charleston School District,5003060,21
VERMONT,Colchester School District,5003240,348
VERMONT,Coventry School District,5003360,42
VERMONT,Craftsbury School District,5003390,29
VERMONT,Danville School District,5003450,70
VERMONT,Derby School District,5003480,88
VERMONT,Fairfax School District,5003930,167
VERMONT,Fletcher School District,5004080,25
VERMONT,Georgia School District,5004140,155
VERMONT,Hartford School District,5004590,306
VERMONT,Hartland School District,5004620,93
VERMONT,Holland School District,5004710,10
VERMONT,Ira School District,5004830,NA
VERMONT,Jay School District,5004950,NA
VERMONT,Jay/Westfield Joint Elementary School District,5004960,3
VERMONT,Lake Region UHSD #24,5005050,68
VERMONT,Lowell School District,5005220,26
VERMONT,Marlboro School District,5005400,32
VERMONT,Milton Incorporated School District,5005610,334
VERMONT,Morgan School District,5005760,5
VERMONT,Mount Anthony UHSD #14,5005810,265
VERMONT,Newport City School District,5006000,97
VERMONT,Newport Town School District,5006030,32
VERMONT,North Bennington Incorporated School District,5006060,20
VERMONT,Norwich School District,5006180,41
VERMONT,Peacham School District,5006390,19
VERMONT,Pittsfield School District,5006450,NA
VERMONT,Rockingham School District,5006930,120
VERMONT,Rutland City School District,5007050,391
VERMONT,Rutland Town School District,5007080,76
VERMONT,Sandgate School District,5007170,4
VERMONT,Searsburg School District,5007200,NA
VERMONT,Sharon School District,5007260,46
VERMONT,South Burlington School District,5007470,363
VERMONT,South Hero School District,5007500,29
VERMONT,Springfield School District,5007530,314
VERMONT,Saint Johnsbury School District,5007650,222
VERMONT,Stamford School District,5007680,15
VERMONT,Stannard School District,5007710,NA
VERMONT,Strafford School District,5007830,26
VERMONT,Stratton School District,5007860,6
VERMONT,Thetford School District,5008010,78
VERMONT,Troy School District,5008130,61
VERMONT,Blue Mountain USD #21,5008224,92
VERMONT,Twinfield USD #33,5008225,50
VERMONT,Waits River Valley USD #36,5008242,60
VERMONT,Hazen UHSD #26,5008243,54
VERMONT,Bellows Falls UHSD #27,5008246,71
VERMONT,Vernon School District,5008310,64
VERMONT,Weathersfield School District,5008700,62
VERMONT,Westfield School District,5008910,NA
VERMONT,Westmore School District,5009000,NA
VERMONT,Windham School District,5009270,4
VERMONT,Winhall School District,5009330,17
VERMONT,Winooski School District,5009360,213
VERMONT,Wolcott School District,5009390,49
VERMONT,North Country Junior UHSD #22,5009570,74
VERMONT,North Country Senior UHSD #22,5009600,174
VIRGINIA,KINGS DAUGHTERS,5100038,3
VIRGINIA,MEDICAL COLLEGE OF VA,5100040,21
VIRGINIA,UNIVERSITY OF VA,5100041,3
VIRGINIA,DOE SOP EDUC PROGRAMS,5100042,172
VIRGINIA,CENTRAL ST HOSP,5100045,3
VIRGINIA,EASTERN ST HOSP,5100046,NA
VIRGINIA,SW VA MENTAL HEALTH INSTITUTE,5100047,NA
VIRGINIA,WESTERN ST HOSP,5100048,3
VIRGINIA,CENT VA TRAIN CT,5100050,3
VIRGINIA,N. VA. TRN CT,5100051,NA
VIRGINIA,S.SIDE VA TRN CT,5100052,NA
VIRGINIA,WILSON WORKFORCE AND REHAB,5100054,NA
VIRGINIA,MCV/VA TREATMENT CTR,5100055,4
VIRGINIA,S.EAST VA TRN CT,5100056,NA
VIRGINIA,VSDB-STAUNTON,5100058,80
VIRGINIA,ACCOMACK CO PBLC SCHS,5100060,756
VIRGINIA,DEPARTMENT OF JUVENILE JUSTICE,5100070,75
VIRGINIA,COMMONWEALTH CTR FOR CHILDREN & ADOLESCENTS,5100071,7
VIRGINIA,ALBEMARLE CO PBLC SCHS,5100090,1955
VIRGINIA,ALEXANDRIA CITY PBLC SCHS,5100120,1836
VIRGINIA,ALLEGHANY CO PBLC SCHS,5100152,304
VIRGINIA,AMELIA CO PBLC SCHS,5100180,227
VIRGINIA,AMHERST CO PBLC SCHS,5100210,583
VIRGINIA,APPOMATTOX CO PBLC SCHS,5100240,254
VIRGINIA,ARLINGTON CO PBLC SCHS,5100270,4219
VIRGINIA,AUGUSTA CO PBLC SCHS,5100300,944
VIRGINIA,BATH CO PBLC SCHS,5100330,88
VIRGINIA,BEDFORD CO PBLC SCHS,5100360,1130
VIRGINIA,BLAND CO PBLC SCHS,5100390,112
VIRGINIA,BOTETOURT CO PBLC SCHS,5100420,653
VIRGINIA,BRISTOL CITY PBLC SCHS,5100450,441
VIRGINIA,BRUNSWICK CO PBLC SCHS,5100480,201
VIRGINIA,BUCHANAN CO PBLC SCHS,5100510,463
VIRGINIA,BUCKINGHAM CO PBLC SCHS,5100540,288
VIRGINIA,BUENA VISTA CITY PBLC SCHS,5100560,173
VIRGINIA,CAMPBELL CO PBLC SCHS,5100600,1092
VIRGINIA,CAROLINE CO PBLC SCHS,5100660,585
VIRGINIA,CARROLL CO PBLC SCHS,5100690,649
VIRGINIA,CHARLES CITY CO PBLC SCHS,5100720,116
VIRGINIA,CHARLOTTE CO PBLC SCHS,5100750,257
VIRGINIA,CHARLOTTESVILLE CTY PBLC SCHS,5100780,640
VIRGINIA,CHESAPEAKE CITY PBLC SCHS,5100810,7156
VIRGINIA,CHESTERFIELD CO PBLC SCHS,5100840,8195
VIRGINIA,CLARKE CO PBLC SCHS,5100870,214
VIRGINIA,COLONIAL BEACH PBLC SCHS,5100930,106
VIRGINIA,COLONIAL HEIGHTS CITY PBLC SCHS,5100960,497
VIRGINIA,COVINGTON CITY PBLC SCHS,5100990,195
VIRGINIA,CRAIG CO PBLC SCHS,5101020,152
VIRGINIA,CULPEPER CO PBLC SCHS,5101050,960
VIRGINIA,CUMBERLAND CO PBLC SCHS,5101080,163
VIRGINIA,DANVILLE CITY PBLC SCHS,5101110,858
VIRGINIA,DICKENSON CO PBLC SCHS,5101140,370
VIRGINIA,DINWIDDIE CO PBLC SCHS,5101170,639
VIRGINIA,ESSEX CO PBLC SCHS,5101200,195
VIRGINIA,FAIRFAX CO PBLC SCHS,5101260,27718
VIRGINIA,FALLS CHURCH CITY PBLC SCHS,5101290,337
VIRGINIA,FAUQUIER CO PBLC SCHS,5101320,1622
VIRGINIA,FLOYD CO PBLC SCHS,5101350,292
VIRGINIA,FLUVANNA CO PBLC SCHS,5101380,465
VIRGINIA,FRANKLIN CITY PBLC SCHS,5101410,136
VIRGINIA,FRANKLIN CO PBLC SCHS,5101440,1206
VIRGINIA,FREDERICK CO PBLC SCHS,5101470,1890
VIRGINIA,FREDERICKSBURG CITY PBLC SCHS,5101510,467
VIRGINIA,GALAX CITY PBLC SCHS,5101560,176
VIRGINIA,GILES CO PBLC SCHS,5101590,411
VIRGINIA,GLOUCESTER CO PBLC SCHS,5101620,707
VIRGINIA,GOOCHLAND CO PBLC SCHS,5101650,357
VIRGINIA,GRAYSON CO PBLC SCHS,5101690,269
VIRGINIA,GREENE CO PBLC SCHS,5101710,419
VIRGINIA,GREENSVILLE CO PBLC SCHS,5101740,318
VIRGINIA,HALIFAX CO PBLC SCHS,5101770,933
VIRGINIA,HAMPTON CITY PBLC SCHS,5101800,2664
VIRGINIA,HANOVER CO PBLC SCHS,5101830,2567
VIRGINIA,HARRISONBURG CITY PBLC SCHS,5101860,726
VIRGINIA,HENRICO CO PBLC SCHS,5101890,6837
VIRGINIA,HENRY CO PBLC SCHS,5101920,1232
VIRGINIA,HIGHLAND CO PBLC SCHS,5101950,38
VIRGINIA,HOPEWELL CITY PBLC SCHS,5101980,759
VIRGINIA,ISLE OF WIGHT CO PBLC SCHS,5102010,741
VIRGINIA,KING AND QUEEN CO PBLC SCHS,5102070,120
VIRGINIA,KING GEO CO PBLC SCHS,5102100,640
VIRGINIA,KING WILLIAM CO PBLC SCHS,5102120,322
VIRGINIA,LANCASTER CO PBLC SCHS,5102160,154
VIRGINIA,LEE CO PBLC SCHS,5102190,554
VIRGINIA,LEXINGTON CITY PBLC SCHS,5102220,48
VIRGINIA,LOUDOUN CO PBLC SCHS,5102250,9572
VIRGINIA,LOUISA CO PBLC SCHS,5102280,877
VIRGINIA,LUNENBURG CO PBLC SCHS,5102310,233
VIRGINIA,LYNCHBURG CITY PBLC SCHS,5102340,1316
VIRGINIA,MANASSAS CITY PBLC SCHS,5102360,958
VIRGINIA,MADISON CO PBLC SCHS,5102370,153
VIRGINIA,MANASSAS PARK CITY PBLC SCHS,5102390,481
VIRGINIA,MARTINSVILLE CITY PBLC SCHS,5102400,233
VIRGINIA,MATHEWS CO PBLC SCHS,5102430,170
VIRGINIA,MECKLENBURG CO PBLC SCHS,5102460,488
VIRGINIA,MIDDLESEX CO PBLC SCHS,5102490,233
VIRGINIA,MONTGOMERY CO PBLC SCHS,5102520,1090
VIRGINIA,NELSON CO PBLC SCHS,5102580,300
VIRGINIA,NEW KENT CO PBLC SCHS,5102610,426
VIRGINIA,NEWPORT NEWS CITY PBLC SCHS,5102640,3836
VIRGINIA,NORFOLK CITY PBLC SCHS,5102670,4446
VIRGINIA,NORTHAMPTON CO PBLC SCHS,5102710,240
VIRGINIA,NORTHUMBERLAND CO PBLC SCHS,5102730,189
VIRGINIA,NORTON CITY PBLC SCHS,5102760,129
VIRGINIA,NOTTOWAY CO PBLC SCHS,5102790,248
VIRGINIA,ORANGE CO PBLC SCHS,5102820,605
VIRGINIA,PAGE CO PBLC SCHS,5102850,422
VIRGINIA,PATRICK CO PBLC SCHS,5102880,414
VIRGINIA,PETERSBURG CITY PBLC SCHS,5102910,429
VIRGINIA,PITTSYLVANIA CO PBLC SCHS,5102940,1134
VIRGINIA,POQUOSON CITY PBLC SCHS,5102980,235
VIRGINIA,PORTSMOUTH CITY PBLC SCHS,5103000,1807
VIRGINIA,POWHATAN CO PBLC SCHS,5103030,580
VIRGINIA,PRINCE EDWARD CO PBLC SCHS,5103060,257
VIRGINIA,PRINCE GEORGE CO PBLC SCHS,5103090,860
VIRGINIA,PRINCE WILLIAM CO PBLC SCHS,5103130,11822
VIRGINIA,PULASKI CO PBLC SCHS,5103150,641
VIRGINIA,RADFORD CITY PBLC SCHS,5103180,218
VIRGINIA,RAPPAHANNOCK CO PBLC SCHS,5103210,108
VIRGINIA,RICHMOND CITY PBLC SCHS,5103240,3709
VIRGINIA,RICHMOND CO PBLC SCHS,5103270,169
VIRGINIA,ROANOKE CITY PBLC SCHS,5103300,2312
VIRGINIA,ROANOKE CO PBLC SCHS,5103330,2297
VIRGINIA,ROCKBRIDGE CO PBLC SCHS,5103370,398
VIRGINIA,ROCKINGHAM CO PBLC SCHS,5103390,1230
VIRGINIA,RUSSELL CO PBLC SCHS,5103420,551
VIRGINIA,SALEM CITY PBLC SCHS,5103460,620
VIRGINIA,SCOTT CO PBLC SCHS,5103480,683
VIRGINIA,SHENANDOAH CO PBLC SCHS,5103510,876
VIRGINIA,SMYTH CO PBLC SCHS,5103520,667
VIRGINIA,SOUTHAMPTON CO PBLC SCHS,5103600,359
VIRGINIA,SPOTSYLVANIA CO PBLC SCHS,5103640,3417
VIRGINIA,STAFFORD CO PBLC SCHS,5103660,3766
VIRGINIA,STAUNTON CITY PBLC SCHS,5103690,366
VIRGINIA,SUFFOLK CITY PBLC SCHS,5103710,1892
VIRGINIA,SURRY CO PBLC SCHS,5103750,145
VIRGINIA,SUSSEX CO PBLC SCHS,5103780,164
VIRGINIA,TAZEWELL CO PBLC SCHS,5103810,930
VIRGINIA,VA BEACH CITY PBLC SCHS,5103840,8360
VIRGINIA,WARREN CO PBLC SCHS,5103870,715
VIRGINIA,WASHINGTON CO PBLC SCHS,5103900,1222
VIRGINIA,WAYNESBORO CITY PBLC SCHS,5103930,342
VIRGINIA,WEST POINT PBLC SCHS,5103950,97
VIRGINIA,WESTMORELAND CO PBLC SCHS,5103980,257
VIRGINIA,WILLIAMSBURG-JAMES CITY PBLC SCHS,5104020,1911
VIRGINIA,WINCHESTER CITY PBLC SCHS,5104050,637
VIRGINIA,WISE CO PBLC SCHS,5104080,887
VIRGINIA,WYTHE CO PBLC SCHS,5104110,597
VIRGINIA,YORK CO PBLC SCHS,5104150,1564
WASHINGTON,Enumclaw School District,5300001,671
WASHINGTON,Inchelium School District,5300002,24
WASHINGTON,Kelso School District,5300003,744
WASHINGTON,Educational Service District 112,5300005,NA
WASHINGTON,Olympic Educational Service District 114,5300007,3
WASHINGTON,Northwest Educational Service District 189,5300008,NA
WASHINGTON,Educational Service District 101,5300010,NA
WASHINGTON,Capital Region ESD 113,5300011,NA
WASHINGTON,Educational Service District 123,5300012,NA
WASHINGTON,Educational Service District 105,5300013,NA
WASHINGTON,Bates Technical College,5300014,NA
WASHINGTON,Washington Center for Deaf and Hard of Hearing Youth,5300015,72
WASHINGTON,Centralia College,5300016,NA
WASHINGTON,Clover Park Technical College,5300017,NA
WASHINGTON,Aberdeen School District,5300030,578
WASHINGTON,Adna School District,5300060,62
WASHINGTON,Almira School District,5300090,15
WASHINGTON,Anacortes School District,5300150,311
WASHINGTON,Arlington School District,5300240,812
WASHINGTON,Asotin-Anatone School District,5300280,91
WASHINGTON,Auburn School District,5300300,1968
WASHINGTON,Lake Washington Institute of Technology,5300313,NA
WASHINGTON,Office of the Governor (Sch for Blind),5300318,51
WASHINGTON,Washington Military Department,5300324,22
WASHINGTON,Renton Technical College,5300325,NA
WASHINGTON,Suquamish Tribal Education Department,5300328,17
WASHINGTON,Bainbridge Island School District,5300330,454
WASHINGTON,Summit Public School: Olympus,5300333,44
WASHINGTON,Summit Public School: Sierra,5300334,62
WASHINGTON,Rainier Prep Charter School District,5300335,38
WASHINGTON,Spokane International Academy,5300337,56
WASHINGTON,PRIDE Prep Charter School District,5300339,93
WASHINGTON,Educational Service Agency 112,5300340,NA
WASHINGTON,Rainier Valley Leadership Academy,5300342,45
WASHINGTON,Summit Public School: Atlas,5300343,77
WASHINGTON,Innovation Schools,5300344,10
WASHINGTON,Impact Public Schools,5300345,13
WASHINGTON,Ashe Preparatory Academy,5300346,NA
WASHINGTON,Battle Ground School District,5300380,1894
WASHINGTON,Bellevue School District,5300390,1873
WASHINGTON,Bellingham School District,5300420,1690
WASHINGTON,Benge School District,5300450,3
WASHINGTON,Bethel School District,5300480,2815
WASHINGTON,Bickleton School District,5300510,16
WASHINGTON,Blaine School District,5300570,366
WASHINGTON,Boistfort School District,5300630,20
WASHINGTON,Bremerton School District,5300660,731
WASHINGTON,Brewster School District,5300690,113
WASHINGTON,Bridgeport School District,5300720,73
WASHINGTON,Brinnon School District,5300750,15
WASHINGTON,Burlington-Edison School District,5300780,525
WASHINGTON,Camas School District,5300810,793
WASHINGTON,Cape Flattery School District,5300840,79
WASHINGTON,Carbonado School District,5300870,24
WASHINGTON,Cascade School District,5300950,144
WASHINGTON,CASHMERE SCHOOL DISTRICT,5300960,212
WASHINGTON,Castle Rock School District,5300990,279
WASHINGTON,Centerville School District,5301050,6
WASHINGTON,Central Kitsap School District,5301080,1833
WASHINGTON,Central Valley School District,5301110,2110
WASHINGTON,Centralia School District,5301140,544
WASHINGTON,Chehalis School District,5301170,496
WASHINGTON,Lake Chelan School District,5301200,140
WASHINGTON,Cheney School District,5301230,905
WASHINGTON,Chewelah School District,5301260,129
WASHINGTON,Chimacum School District,5301290,142
WASHINGTON,Clarkston School District,5301320,433
WASHINGTON,Cle Elum-Roslyn School District,5301350,134
WASHINGTON,Queets-Clearwater School District,5301380,3
WASHINGTON,Clover Park School District,5301410,2082
WASHINGTON,Colfax School District,5301440,77
WASHINGTON,College Place School District,5301470,205
WASHINGTON,Colton School District,5301500,29
WASHINGTON,Columbia (Stevens) School District,5301560,21
WASHINGTON,Columbia (Walla Walla) School District,5301590,128
WASHINGTON,Colville School District,5301630,275
WASHINGTON,Concrete School District,5301660,92
WASHINGTON,Conway School District,5301680,49
WASHINGTON,Cosmopolis School District,5301710,34
WASHINGTON,Coupeville School District,5301800,161
WASHINGTON,Crescent School District,5301830,36
WASHINGTON,Creston School District,5301860,13
WASHINGTON,Curlew School District,5301890,22
WASHINGTON,Cusick School District,5301920,43
WASHINGTON,Damman School District,5301950,3
WASHINGTON,Darrington School District,5301980,73
WASHINGTON,Davenport School District,5302010,73
WASHINGTON,Dayton School District,5302040,61
WASHINGTON,Deer Park School District,5302070,321
WASHINGTON,Dieringer School District,5302130,200
WASHINGTON,Dixie School District,5302160,4
WASHINGTON,East Valley School District (Spokane),5302280,613
WASHINGTON,Eastmont School District,5302310,753
WASHINGTON,Easton School District,5302340,16
WASHINGTON,Eatonville School District,5302370,234
WASHINGTON,Edmonds School District,5302400,3096
WASHINGTON,Ellensburg School District,5302460,446
WASHINGTON,Elma School District,5302490,302
WASHINGTON,Endicott School District,5302520,12
WASHINGTON,Entiat School District,5302550,38
WASHINGTON,Ephrata School District,5302610,358
WASHINGTON,Evaline School District,5302640,11
WASHINGTON,Everett School District,5302670,2690
WASHINGTON,Evergreen School District (Clark),5302700,3494
WASHINGTON,Evergreen School District (Stevens),5302730,3
WASHINGTON,Federal Way School District,5302820,3157
WASHINGTON,Ferndale School District,5302850,739
WASHINGTON,Fife School District,5302880,465
WASHINGTON,Finley School District,5302910,126
WASHINGTON,Franklin Pierce School District,5302940,1158
WASHINGTON,Freeman School District,5302970,113
WASHINGTON,Garfield School District,5303000,15
WASHINGTON,Glenwood School District,5303030,12
WASHINGTON,Goldendale School District,5303090,122
WASHINGTON,Grand Coulee Dam School District,5303130,113
WASHINGTON,Grandview School District,5303150,513
WASHINGTON,Granger School District,5303180,213
WASHINGTON,Granite Falls School District,5303210,370
WASHINGTON,Grapeview School District,5303240,29
WASHINGTON,Great Northern School District,5303270,5
WASHINGTON,Green Mountain School District,5303300,19
WASHINGTON,Griffin School District,5303330,94
WASHINGTON,Harrington School District,5303360,24
WASHINGTON,Coulee-Hartline School District,5303440,19
WASHINGTON,Highland School District,5303510,139
WASHINGTON,Highline School District,5303540,2800
WASHINGTON,Hockinson School District,5303570,178
WASHINGTON,Hood Canal School District,5303600,49
WASHINGTON,Hoquiam School District,5303660,263
WASHINGTON,Index Elementary School District 63,5303720,7
WASHINGTON,Issaquah School District,5303750,1707
WASHINGTON,Kahlotus School District,5303780,4
WASHINGTON,Kalama School District,5303810,179
WASHINGTON,Keller School District,5303870,4
WASHINGTON,Kennewick School District,5303930,2358
WASHINGTON,Kent School District,5303960,3005
WASHINGTON,Kettle Falls School District,5303990,149
WASHINGTON,Kiona-Benton City School District,5304020,196
WASHINGTON,Kittitas School District,5304050,105
WASHINGTON,Klickitat School District,5304080,8
WASHINGTON,La Conner School District,5304110,107
WASHINGTON,LaCrosse School District,5304150,10
WASHINGTON,La Center School District,5304170,207
WASHINGTON,Lake Stevens School District,5304200,1498
WASHINGTON,Lake Washington School District,5304230,3263
WASHINGTON,Lakewood School District,5304260,407
WASHINGTON,Lamont School District,5304290,9
WASHINGTON,Liberty School District,5304380,71
WASHINGTON,Lind School District,5304410,26
WASHINGTON,Longview School District,5304470,1155
WASHINGTON,Loon Lake School District,5304500,13
WASHINGTON,Lopez School District,5304530,46
WASHINGTON,Riverview School District,5304560,353
WASHINGTON,Lyle School District,5304590,37
WASHINGTON,Lynden School District,5304620,558
WASHINGTON,Mabton School District,5304650,99
WASHINGTON,Mansfield School District,5304710,12
WASHINGTON,Manson School District,5304740,82
WASHINGTON,Mary M Knight School District,5304800,277
WASHINGTON,Mary Walker School District,5304830,77
WASHINGTON,Marysville School District,5304860,1776
WASHINGTON,McCleary School District,5304890,74
WASHINGTON,Mead School District,5304920,1426
WASHINGTON,Medical Lake School District,5304950,233
WASHINGTON,Mercer Island School District,5304980,438
WASHINGTON,Meridian School District,5305010,202
WASHINGTON,Methow Valley School District,5305020,81
WASHINGTON,Mill A School District,5305040,7
WASHINGTON,Monroe School District,5305130,827
WASHINGTON,Montesano School District,5305160,225
WASHINGTON,Morton School District,5305190,59
WASHINGTON,Moses Lake School District,5305220,1182
WASHINGTON,Mossyrock School District,5305250,99
WASHINGTON,Mount Adams School District,5305280,127
WASHINGTON,Mount Baker School District,5305310,351
WASHINGTON,Mount Pleasant School District,5305340,8
WASHINGTON,East Valley School District (Yakima),5305370,413
WASHINGTON,Mount Vernon School District,5305400,993
WASHINGTON,Mukilteo School District,5305430,2213
WASHINGTON,Naches Valley School District,5305460,177
WASHINGTON,Napavine School District,5305490,100
WASHINGTON,Naselle-Grays River Valley School District,5305520,76
WASHINGTON,Nespelem School District #14,5305550,31
WASHINGTON,Newport School District,5305610,183
WASHINGTON,Nine Mile Falls School District,5305640,194
WASHINGTON,Nooksack Valley School District,5305670,344
WASHINGTON,North Beach School District No. 64,5305700,125
WASHINGTON,North Franklin School District,5305730,303
WASHINGTON,North Kitsap School District,5305760,828
WASHINGTON,North Mason School District,5305790,360
WASHINGTON,North River School District,5305820,9
WASHINGTON,North Thurston Public Schools,5305850,2324
WASHINGTON,Northport School District,5305880,25
WASHINGTON,Northshore School District,5305910,2922
WASHINGTON,Oak Harbor School District,5305940,1017
WASHINGTON,Oakesdale School District,5305970,12
WASHINGTON,Oakville School District,5306000,54
WASHINGTON,Ocean Beach School District,5306060,260
WASHINGTON,Ocosta School District,5306090,95
WASHINGTON,Odessa School District,5306120,27
WASHINGTON,Okanogan School District,5306150,173
WASHINGTON,Olympia School District,5306180,1506
WASHINGTON,Omak School District,5306220,881
WASHINGTON,Onalaska School District,5306240,125
WASHINGTON,Onion Creek School District,5306270,3
WASHINGTON,Orcas Island School District,5306300,87
WASHINGTON,Orchard Prairie School District,5306330,6
WASHINGTON,Orient School District,5306360,14
WASHINGTON,Orondo School District,5306390,26
WASHINGTON,Oroville School District,5306420,79
WASHINGTON,Orting School District,5306450,421
WASHINGTON,Othello School District,5306480,617
WASHINGTON,Palisades School District,5306510,4
WASHINGTON,Palouse School District,5306540,20
WASHINGTON,Pasco School District,5306570,2490
WASHINGTON,Pateros School District,5306600,55
WASHINGTON,Paterson School District,5306630,21
WASHINGTON,Pe Ell School District,5306660,49
WASHINGTON,Peninsula School District,5306690,1312
WASHINGTON,Pioneer School District,5306750,124
WASHINGTON,Pomeroy School District,5306780,47
WASHINGTON,Port Angeles School District,5306820,579
WASHINGTON,Port Townsend School District,5306840,187
WASHINGTON,Prescott School District,5306870,28
WASHINGTON,Prosser School District,5306900,353
WASHINGTON,Pullman School District,5306930,347
WASHINGTON,Puyallup School District,5306960,2900
WASHINGTON,Quilcene School District,5306990,53
WASHINGTON,Quillayute Valley School District,5307020,555
WASHINGTON,Lake Quinault School District,5307050,38
WASHINGTON,Quincy School District,5307080,421
WASHINGTON,Rainier School District,5307110,128
WASHINGTON,Raymond School District,5307140,91
WASHINGTON,Reardan-Edwall School District,5307210,80
WASHINGTON,Renton School District,5307230,2269
WASHINGTON,Republic School District,5307260,42
WASHINGTON,Richland School District,5307320,1622
WASHINGTON,Ridgefield School District,5307350,382
WASHINGTON,Ritzville School District,5307380,28
WASHINGTON,Riverside School District,5307440,238
WASHINGTON,Rochester School District,5307470,326
WASHINGTON,Roosevelt School District,5307530,4
WASHINGTON,Rosalia School District,5307560,40
WASHINGTON,Royal School District,5307620,196
WASHINGTON,San Juan Island School District,5307650,135
WASHINGTON,Satsop School District,5307680,12
WASHINGTON,Seattle School District No. 1,5307710,7805
WASHINGTON,Sedro-Woolley School District,5307740,799
WASHINGTON,Selah School District,5307770,506
WASHINGTON,Selkirk School District,5307800,52
WASHINGTON,Sequim School District,5307830,419
WASHINGTON,Shaw Island School District,5307860,NA
WASHINGTON,Shelton School District,5307900,702
WASHINGTON,Shoreline School District,5307920,1145
WASHINGTON,Skamania School District,5307950,13
WASHINGTON,Skykomish School District,5307980,22
WASHINGTON,Snohomish School District,5308020,1250
WASHINGTON,Snoqualmie Valley School District,5308040,805
WASHINGTON,Soap Lake School District,5308070,84
WASHINGTON,South Bend School District,5308100,85
WASHINGTON,Tukwila School District,5308130,350
WASHINGTON,South Kitsap School District,5308160,1531
WASHINGTON,South Whidbey School District,5308190,204
WASHINGTON,Southside School District,5308220,30
WASHINGTON,Spokane School District,5308250,4808
WASHINGTON,Sprague School District,5308280,11
WASHINGTON,St. John School District,5308310,14
WASHINGTON,Stanwood-Camano School District,5308340,707
WASHINGTON,Star School District No. 054,5308370,3
WASHINGTON,Starbuck School District,5308400,5
WASHINGTON,Stehekin School District,5308430,3
WASHINGTON,Steilacoom Hist. School District,5308460,443
WASHINGTON,Steptoe School District,5308490,8
WASHINGTON,Stevenson-Carson School District,5308520,159
WASHINGTON,Sultan School District,5308550,331
WASHINGTON,Summit Valley School District,5308580,7
WASHINGTON,Sumner School District,5308610,1205
WASHINGTON,Sunnyside School District,5308670,943
WASHINGTON,Tacoma School District,5308700,4421
WASHINGTON,Taholah School District,5308730,34
WASHINGTON,Tahoma School District,5308760,1093
WASHINGTON,Tekoa School District,5308790,44
WASHINGTON,Tenino School District,5308820,202
WASHINGTON,Thorp School District,5308850,32
WASHINGTON,Toledo School District,5308910,140
WASHINGTON,Tonasket School District,5308940,121
WASHINGTON,Toppenish School District,5308970,579
WASHINGTON,Touchet School District,5309000,35
WASHINGTON,Toutle Lake School District,5309030,101
WASHINGTON,Trout Lake School District,5309060,24
WASHINGTON,Tumwater School District,5309100,867
WASHINGTON,Union Gap School District,5309150,74
WASHINGTON,University Place School District,5309180,584
WASHINGTON,Valley School District,5309240,106
WASHINGTON,Vancouver School District,5309270,3052
WASHINGTON,Vashon Island School District,5309300,191
WASHINGTON,Wahkiakum School District,5309330,91
WASHINGTON,Wahluke School District,5309360,341
WASHINGTON,Waitsburg School District,5309390,24
WASHINGTON,Walla Walla Public Schools,5309450,818
WASHINGTON,Wapato School District,5309480,424
WASHINGTON,Warden School District,5309510,153
WASHINGTON,Washougal School District,5309540,488
WASHINGTON,Washtucna School District,5309570,4
WASHINGTON,Waterville School District,5309600,46
WASHINGTON,Wellpinit School District #49,5309630,59
WASHINGTON,Wenatchee School District,5309660,964
WASHINGTON,West Valley School District (Spokane),5309690,522
WASHINGTON,West Valley School District (Yakima),5309720,732
WASHINGTON,White Pass School District,5309750,64
WASHINGTON,White River School District,5309780,575
WASHINGTON,White Salmon Valley School District,5309810,196
WASHINGTON,Wilbur School District,5309840,40
WASHINGTON,Willapa Valley School District,5309870,55
WASHINGTON,Wilson Creek School District,5309900,15
WASHINGTON,Winlock School District,5309930,141
WASHINGTON,Wishkah Valley School District,5309990,27
WASHINGTON,Wishram School District,5310020,10
WASHINGTON,Woodland School District,5310050,322
WASHINGTON,Yakima School District,5310110,2241
WASHINGTON,Yelm School District,5310140,840
WASHINGTON,Zillah School District,5310170,149
WEST VIRGINIA,BARBOUR COUNTY BOARD OF EDUCATION,5400030,476
WEST VIRGINIA,BERKELEY COUNTY SCHOOLS,5400060,3611
WEST VIRGINIA,BOONE COUNTY  SCHOOLS,5400090,696
WEST VIRGINIA,BRAXTON COUNTY SCHOOLS,5400120,350
WEST VIRGINIA,BROOKE COUNTY SCHOOLS,5400150,723
WEST VIRGINIA,CABELL COUNTY SCHOOLS,5400180,2323
WEST VIRGINIA,CALHOUN COUNTY SCHOOLS,5400210,168
WEST VIRGINIA,CLAY COUNTY SCHOOLS,5400240,306
WEST VIRGINIA,DODDRIDGE COUNTY SCHOOLS,5400270,189
WEST VIRGINIA,FAYETTE COUNTY SCHOOLS,5400300,1019
WEST VIRGINIA,GILMER COUNTY SCHOOLS,5400330,157
WEST VIRGINIA,GRANT COUNTY SCHOOLS,5400360,247
WEST VIRGINIA,GREENBRIER COUNTY SCHOOLS,5400390,862
WEST VIRGINIA,HAMPSHIRE COUNTY SCHOOLS,5400420,551
WEST VIRGINIA,HANCOCK COUNTY SCHOOLS,5400450,866
WEST VIRGINIA,HARDY COUNTY SCHOOLS,5400480,376
WEST VIRGINIA,HARRISON COUNTY SCHOOLS,5400510,2225
WEST VIRGINIA,INSTITUTIONAL EDUCATIONAL PROGRAMS,5400511,192
WEST VIRGINIA,JACKSON COUNTY SCHOOLS,5400540,844
WEST VIRGINIA,JEFFERSON COUNTY SCHOOLS,5400570,1247
WEST VIRGINIA,KANAWHA COUNTY SCHOOLS,5400600,4210
WEST VIRGINIA,LEWIS COUNTY SCHOOLS,5400630,465
WEST VIRGINIA,LINCOLN COUNTY SCHOOLS,5400660,707
WEST VIRGINIA,LOGAN COUNTY SCHOOLS,5400690,959
WEST VIRGINIA,MARION COUNTY SCHOOLS,5400720,1212
WEST VIRGINIA,MARSHALL COUNTY SCHOOLS,5400750,608
WEST VIRGINIA,MASON COUNTY SCHOOLS,5400780,680
WEST VIRGINIA,MCDOWELL COUNTY SCHOOLS,5400810,589
WEST VIRGINIA,MERCER COUNTY SCHOOLS,5400840,1653
WEST VIRGINIA,MINERAL COUNTY SCHOOLS,5400870,841
WEST VIRGINIA,MINGO COUNTY SCHOOLS,5400900,525
WEST VIRGINIA,MONONGALIA COUNTY SCHOOLS,5400930,1706
WEST VIRGINIA,MONROE COUNTY SCHOOLS,5400960,303
WEST VIRGINIA,MORGAN COUNTY SCHOOLS,5400990,392
WEST VIRGINIA,NICHOLAS COUNTY SCHOOLS,5401020,604
WEST VIRGINIA,OHIO COUNTY SCHOOLS,5401050,886
WEST VIRGINIA,PENDLETON COUNTY SCHOOLS,5401080,153
WEST VIRGINIA,PLEASANTS COUNTY SCHOOLS,5401110,181
WEST VIRGINIA,POCAHONTAS COUNTY SCHOOLS,5401140,160
WEST VIRGINIA,PRESTON COUNTY SCHOOLS,5401170,853
WEST VIRGINIA,PUTNAM COUNTY SCHOOLS,5401200,1764
WEST VIRGINIA,RALEIGH COUNTY SCHOOLS,5401230,1957
WEST VIRGINIA,RANDOLPH COUNTY SCHOOLS,5401260,670
WEST VIRGINIA,RITCHIE COUNTY SCHOOLS,5401290,252
WEST VIRGINIA,ROANE COUNTY SCHOOLS,5401320,307
WEST VIRGINIA,SUMMERS COUNTY SCHOOLS,5401350,259
WEST VIRGINIA,TAYLOR COUNTY SCHOOLS,5401380,441
WEST VIRGINIA,TUCKER COUNTY SCHOOLS,5401410,141
WEST VIRGINIA,TYLER COUNTY SCHOOLS,5401440,260
WEST VIRGINIA,UPSHUR COUNTY SCHOOLS,5401470,558
WEST VIRGINIA,WAYNE COUNTY SCHOOLS,5401500,1431
WEST VIRGINIA,WEBSTER COUNTY SCHOOLS,5401530,213
WEST VIRGINIA,WETZEL COUNTY SCHOOLS,5401560,505
WEST VIRGINIA,WIRT COUNTY SCHOOLS,5401590,185
WEST VIRGINIA,WOOD COUNTY SCHOOLS,5401620,2259
WEST VIRGINIA,WV SCHOOLS FOR THE DEAF AND THE BLIND,5401621,106
WEST VIRGINIA,WYOMING COUNTY SCHOOLS,5401650,855
WISCONSIN,Lake Country School District,5500013,65
WISCONSIN,Blair-Taylor School District,5500016,96
WISCONSIN,River Ridge School District,5500017,70
WISCONSIN,Brown Co CDEB,5500018,3
WISCONSIN,Walworth Co CDEB,5500021,3
WISCONSIN,Abbotsford School District,5500030,100
WISCONSIN,Wisconsin Department of Corrections,5500035,127
WISCONSIN,Wisconsin Department of Health Services,5500036,30
WISCONSIN,Wisconsin Dept of Public Instruction,5500037,3
WISCONSIN,Downtown Montessori Agency,5500039,13
WISCONSIN,Central City Cyberschool Agency,5500041,39
WISCONSIN,Milwaukee Academy of Science Agency,5500042,94
WISCONSIN,21st Century Preparatory School Agency,5500045,62
WISCONSIN,Darrell Lynn Hines Academy Agency,5500047,28
WISCONSIN,Trevor-Wilmot Consolidated School District,5500052,73
WISCONSIN,Gresham School District,5500056,55
WISCONSIN,Chequamegon School District,5500058,111
WISCONSIN,Bruce Guadalupe Agency,5500059,100
WISCONSIN,Adams-Friendship Area School District,5500060,367
WISCONSIN,Chetek-Weyerhaeuser Area School District,5500061,110
WISCONSIN,Milwaukee Scholars Charter School Agency,5500065,62
WISCONSIN,Dr Howard Fuller Collegiate Academy Agency,5500066,39
WISCONSIN,Milwaukee Math and Science Academy Agency,5500067,23
WISCONSIN,Escuela Verde Agency,5500069,30
WISCONSIN,Woodlands School - State Street Campus Agency,5500070,35
WISCONSIN,La Casa de Esperanza Charter School Agency,5500073,12
WISCONSIN,Seeds of Health Inc,5500074,97
WISCONSIN,Herman-Neosho-Rubicon School District,5500075,35
WISCONSIN,Stellar Collegiate Charter School Agency,5500076,28
WISCONSIN,United Community Center Acosta Middle School Agency,5500077,15
WISCONSIN,Penfield Montessori Academy Agency,5500078,34
WISCONSIN,Pathways High Agency,5500079,14
WISCONSIN,Holy Hill Area School District,5500080,60
WISCONSIN,Rocketship Education Wisconsin Inc,5500081,102
WISCONSIN,Isthmus Montessori Academy Public Agency,5500082,3
WISCONSIN,One City Expeditionary Elementary School Agency,5500083,3
WISCONSIN,Woodlands School Agency,5500113,41
WISCONSIN,Capitol West Academy Agency,5500114,31
WISCONSIN,Albany School District,5500120,51
WISCONSIN,Algoma School District,5500150,116
WISCONSIN,Alma School District,5500180,48
WISCONSIN,Alma Center School District,5500210,77
WISCONSIN,Almond-Bancroft School District,5500240,65
WISCONSIN,Altoona School District,5500270,274
WISCONSIN,Amery School District,5500300,207
WISCONSIN,Tomorrow River School District,5500330,112
WISCONSIN,Antigo Unified School District,5500360,383
WISCONSIN,Appleton Area School District,5500390,2679
WISCONSIN,Arcadia School District,5500420,129
WISCONSIN,Argyle School District,5500450,45
WISCONSIN,Ashland School District,5500510,324
WISCONSIN,Ashwaubenon School District,5500540,372
WISCONSIN,Athens School District,5500570,30
WISCONSIN,Auburndale School District,5500600,68
WISCONSIN,Augusta School District,5500630,123
WISCONSIN,Baldwin-Woodville Area School District,5500720,271
WISCONSIN,Unity School District,5500750,191
WISCONSIN,Bangor School District,5500780,61
WISCONSIN,Baraboo School District,5500810,453
WISCONSIN,Barneveld School District,5500840,42
WISCONSIN,Barron Area School District,5500870,189
WISCONSIN,Bayfield School District,5500900,84
WISCONSIN,Beaver Dam Unified School District,5500960,479
WISCONSIN,Belleville School District,5500990,105
WISCONSIN,Belmont Community School District,5501020,47
WISCONSIN,Beloit School District,5501050,936
WISCONSIN,Beloit Turner School District,5501080,186
WISCONSIN,Benton School District,5501110,33
WISCONSIN,Berlin Area School District,5501140,285
WISCONSIN,Birchwood School District,5501170,61
WISCONSIN,Wisconsin Heights School District,5501230,98
WISCONSIN,Black River Falls School District,5501260,263
WISCONSIN,Pecatonica Area School District,5501310,45
WISCONSIN,Bloomer School District,5501350,168
WISCONSIN,Bonduel School District,5501470,87
WISCONSIN,Boscobel Area School District,5501500,148
WISCONSIN,North Lakeland School District,5501530,29
WISCONSIN,Bowler School District,5501560,63
WISCONSIN,Boyceville Community School District,5501590,124
WISCONSIN,Brighton #1 School District,5501650,13
WISCONSIN,Brillion School District,5501680,130
WISCONSIN,Bristol #1 School District,5501710,78
WISCONSIN,Brodhead School District,5501740,116
WISCONSIN,Elmbrook School District,5501770,819
WISCONSIN,Brown Deer School District,5501800,191
WISCONSIN,Bruce School District,5501830,70
WISCONSIN,Burlington Area School District,5501890,523
WISCONSIN,Butternut School District,5501920,37
WISCONSIN,Cadott Community School District,5502040,136
WISCONSIN,Cambria-Friesland School District,5502070,53
WISCONSIN,Cambridge School District,5502100,115
WISCONSIN,Cameron School District,5502130,139
WISCONSIN,Campbellsport School District,5502160,243
WISCONSIN,Cashton School District,5502340,103
WISCONSIN,Cassville School District,5502400,32
WISCONSIN,Cedar Grove-Belgium Area School District,5502430,108
WISCONSIN,Cedarburg School District,5502460,341
WISCONSIN,Chilton School District,5502520,171
WISCONSIN,Chippewa Falls Area Unified School District,5502550,768
WISCONSIN,Clayton School District,5502580,48
WISCONSIN,Clear Lake School District,5502610,71
WISCONSIN,Clinton Community School District,5502640,169
WISCONSIN,Clintonville School District,5502670,223
WISCONSIN,Cochrane-Fountain City School District,5502700,68
WISCONSIN,Colby School District,5502730,148
WISCONSIN,Coleman School District,5502760,94
WISCONSIN,Colfax School District,5502790,122
WISCONSIN,Columbus School District,5502820,181
WISCONSIN,Cornell School District,5502880,84
WISCONSIN,Crandon School District,5502910,135
WISCONSIN,Crivitz School District,5502970,100
WISCONSIN,Cuba City School District,5503030,126
WISCONSIN,Cudahy School District,5503060,418
WISCONSIN,Cumberland School District,5503090,179
WISCONSIN,Darlington Community School District,5503150,93
WISCONSIN,De Forest Area School District,5503180,422
WISCONSIN,De Pere School District,5503210,585
WISCONSIN,De Soto Area School District,5503240,97
WISCONSIN,Deerfield Community School District,5503270,120
WISCONSIN,Kettle Moraine School District,5503510,470
WISCONSIN,Delavan-Darien School District,5503640,340
WISCONSIN,Denmark School District,5503660,249
WISCONSIN,Dodgeville School District,5503690,134
WISCONSIN,Dover #1 School District,5503750,16
WISCONSIN,Drummond Area School District,5503810,46
WISCONSIN,Durand-Arkansaw School District,5503840,122
WISCONSIN,Northland Pines School District,5503860,185
WISCONSIN,East Troy Community School District,5504020,204
WISCONSIN,Eau Claire Area School District,5504050,1686
WISCONSIN,Edgar School District,5504080,97
WISCONSIN,Edgerton School District,5504110,314
WISCONSIN,Elcho School District,5504170,40
WISCONSIN,Eleva-Strum School District,5504200,82
WISCONSIN,Elk Mound Area School District,5504230,101
WISCONSIN,Elkhart Lake-Glenbeulah School District,5504260,51
WISCONSIN,Elkhorn Area School District,5504290,432
WISCONSIN,Ellsworth Community School District,5504320,224
WISCONSIN,Elmwood School District,5504350,35
WISCONSIN,Royall School District,5504380,76
WISCONSIN,Erin School District,5504410,32
WISCONSIN,Evansville Community School District,5504440,221
WISCONSIN,Fall Creek School District,5504500,113
WISCONSIN,Fall River School District,5504530,72
WISCONSIN,Fennimore Community School District,5504590,152
WISCONSIN,Lac du Flambeau #1 School District,5504620,128
WISCONSIN,Florence County School District,5504650,58
WISCONSIN,Fond du Lac School District,5504680,1275
WISCONSIN,Fontana J8 School District,5504720,12
WISCONSIN,Fort Atkinson School District,5504740,474
WISCONSIN,Maple Dale-Indian Hill School District,5504770,79
WISCONSIN,Fox Point J2 School District,5504800,89
WISCONSIN,Franklin Public School District,5504830,438
WISCONSIN,Frederic School District,5504860,51
WISCONSIN,Northern Ozaukee School District,5504890,133
WISCONSIN,Freedom Area School District,5504920,205
WISCONSIN,Galesville-Ettrick-Trempealeau School District,5504960,185
WISCONSIN,North Crawford School District,5504980,83
WISCONSIN,Geneva J4 School District,5505100,5
WISCONSIN,Genoa City J2 School District,5505130,70
WISCONSIN,Germantown School District,5505160,544
WISCONSIN,Gibraltar Area School District,5505220,52
WISCONSIN,Gillett School District,5505250,112
WISCONSIN,Gilman School District,5505280,48
WISCONSIN,Gilmanton School District,5505370,23
WISCONSIN,Glendale-River Hills School District,5505460,156
WISCONSIN,Nicolet UHS School District,5505490,126
WISCONSIN,Glenwood City School District,5505520,114
WISCONSIN,Goodman-Armstrong Creek School District,5505580,14
WISCONSIN,Grafton School District,5505610,281
WISCONSIN,Granton Area School District,5505640,34
WISCONSIN,Grantsburg School District,5505670,205
WISCONSIN,Black Hawk School District,5505730,52
WISCONSIN,Green Bay Area Public School District,5505820,3066
WISCONSIN,Green Lake School District,5505880,44
WISCONSIN,Greendale School District,5505910,347
WISCONSIN,Greenfield School District,5505940,403
WISCONSIN,Greenwood School District,5505970,22
WISCONSIN,Whitnall School District,5506000,412
WISCONSIN,Hamilton School District,5506030,489
WISCONSIN,Saint Croix Central School District,5506060,232
WISCONSIN,Hartford J1 School District,5506090,286
WISCONSIN,Hartford UHS School District,5506120,167
WISCONSIN,Hartland-Lakeside J3 School District,5506140,156
WISCONSIN,Arrowhead UHS School District,5506180,173
WISCONSIN,Hayward Community School District,5506270,307
WISCONSIN,Southwestern Wisconsin School District,5506300,79
WISCONSIN,Highland School District,5506420,45
WISCONSIN,Hilbert School District,5506450,64
WISCONSIN,Hillsboro School District,5506480,100
WISCONSIN,Holmen School District,5506540,513
WISCONSIN,Horicon School District,5506570,130
WISCONSIN,Hortonville Area School District,5506600,541
WISCONSIN,Howard-Suamico School District,5506630,720
WISCONSIN,Howards Grove School District,5506660,122
WISCONSIN,Hudson School District,5506690,746
WISCONSIN,Hurley School District,5506750,81
WISCONSIN,Hustisford School District,5506780,60
WISCONSIN,Independence School District,5506810,57
WISCONSIN,Iola-Scandinavia School District,5506840,75
WISCONSIN,Iowa-Grant School District,5506870,132
WISCONSIN,Ithaca School District,5506960,73
WISCONSIN,Janesville School District,5507020,1330
WISCONSIN,Jefferson School District,5507050,322
WISCONSIN,Johnson Creek School District,5507170,89
WISCONSIN,Juda School District,5507230,46
WISCONSIN,Dodgeland School District,5507260,148
WISCONSIN,Kaukauna Area School District,5507290,603
WISCONSIN,Kenosha School District,5507320,2818
WISCONSIN,Kewaskum School District,5507380,239
WISCONSIN,Kewaunee School District,5507410,139
WISCONSIN,Kiel Area School District,5507440,121
WISCONSIN,Kimberly Area School District,5507470,640
WISCONSIN,Kohler School District,5507500,49
WISCONSIN,La Crosse School District,5507530,1000
WISCONSIN,La Farge School District,5507560,38
WISCONSIN,Ladysmith School District,5507590,126
WISCONSIN,Lake Geneva J1 School District,5507620,274
WISCONSIN,Lake Geneva-Genoa City UHS School District,5507650,113
WISCONSIN,Lake Holcombe School District,5507680,44
WISCONSIN,Lake Mills Area School District,5507710,236
WISCONSIN,Lancaster Community School District,5507770,176
WISCONSIN,Laona School District,5507830,38
WISCONSIN,Lena School District,5507860,61
WISCONSIN,Linn J4 School District,5508040,15
WISCONSIN,Linn J6 School District,5508070,19
WISCONSIN,Richmond School District,5508130,40
WISCONSIN,Little Chute Area School District,5508160,207
WISCONSIN,Lodi School District,5508190,221
WISCONSIN,Lomira School District,5508220,167
WISCONSIN,Loyal School District,5508250,46
WISCONSIN,Luck School District,5508280,60
WISCONSIN,Luxemburg-Casco School District,5508340,272
WISCONSIN,Madison Metropolitan School District,5508520,3829
WISCONSIN,Manawa School District,5508550,89
WISCONSIN,Manitowoc School District,5508610,850
WISCONSIN,Maple School District,5508640,227
WISCONSIN,Marathon City School District,5508670,94
WISCONSIN,Marinette School District,5508700,364
WISCONSIN,Marion School District,5508730,67
WISCONSIN,Markesan School District,5508760,87
WISCONSIN,Marshall School District,5508790,117
WISCONSIN,Marshfield Unified School District,5508820,505
WISCONSIN,Mauston School District,5508850,198
WISCONSIN,Mayville School District,5508880,127
WISCONSIN,McFarland School District,5508910,806
WISCONSIN,Medford Area Public School District,5508940,464
WISCONSIN,Mellen School District,5508970,48
WISCONSIN,Melrose-Mindoro School District,5509000,137
WISCONSIN,Menasha Joint School District,5509030,582
WISCONSIN,Menomonee Falls School District,5509060,524
WISCONSIN,Menominee Indian School District,5509070,209
WISCONSIN,Menomonie Area School District,5509090,516
WISCONSIN,Mequon-Thiensville School District,5509130,349
WISCONSIN,Mercer School District,5509150,39
WISCONSIN,Merrill Area School District,5509210,574
WISCONSIN,Swallow School District,5509240,33
WISCONSIN,North Lake School District,5509300,41
WISCONSIN,Merton Community School District,5509360,90
WISCONSIN,Stone Bank School District,5509390,30
WISCONSIN,Middleton-Cross Plains Area School District,5509510,825
WISCONSIN,Milton School District,5509570,409
WISCONSIN,Milwaukee School District,5509600,15028
WISCONSIN,Lakeland UHS School District,5509630,129
WISCONSIN,Mineral Point Unified School District,5509660,85
WISCONSIN,Minocqua J1 School District,5509690,83
WISCONSIN,Northwood School District,5509720,49
WISCONSIN,Mishicot School District,5509750,139
WISCONSIN,Mondovi School District,5509780,130
WISCONSIN,Monona Grove School District,5509810,280
WISCONSIN,Monroe School District,5509840,373
WISCONSIN,Montello School District,5509870,7
WISCONSIN,Monticello School District,5509900,51
WISCONSIN,Mosinee School District,5509960,323
WISCONSIN,Mount Horeb Area School District,5509990,292
WISCONSIN,Mukwonago School District,5510060,570
WISCONSIN,Riverdale School District,5510140,162
WISCONSIN,Muskego-Norway School District,5510170,497
WISCONSIN,Necedah Area School District,5510230,138
WISCONSIN,Neenah Joint School District,5510320,1003
WISCONSIN,Neillsville School District,5510350,161
WISCONSIN,Nekoosa School District,5510380,181
WISCONSIN,New Auburn School District,5510440,38
WISCONSIN,New Berlin School District,5510470,395
WISCONSIN,New Glarus School District,5510500,94
WISCONSIN,New Holstein School District,5510530,141
WISCONSIN,New Lisbon School District,5510560,99
WISCONSIN,New London School District,5510590,374
WISCONSIN,New Richmond School District,5510620,489
WISCONSIN,Niagara School District,5510680,77
WISCONSIN,Norris School District,5510710,11
WISCONSIN,North Fond du Lac School District,5510740,272
WISCONSIN,Norwalk-Ontario-Wilton School District,5510770,110
WISCONSIN,Norway J7 School District,5510800,16
WISCONSIN,Oak Creek-Franklin Joint School District,5510830,645
WISCONSIN,Oakfield School District,5510860,64
WISCONSIN,Oconomowoc Area School District,5510890,600
WISCONSIN,Oconto Unified School District,5510920,171
WISCONSIN,Oconto Falls Public School District,5510950,258
WISCONSIN,Omro School District,5510980,139
WISCONSIN,Onalaska School District,5511010,408
WISCONSIN,Oostburg School District,5511070,107
WISCONSIN,Oregon School District,5511100,458
WISCONSIN,Parkview School District,5511130,95
WISCONSIN,Osceola School District,5511160,198
WISCONSIN,Oshkosh Area School District,5511190,1587
WISCONSIN,Osseo-Fairchild School District,5511220,145
WISCONSIN,Owen-Withee School District,5511310,88
WISCONSIN,Palmyra-Eagle Area School District,5511350,92
WISCONSIN,Pardeeville Area School District,5511370,92
WISCONSIN,Paris J1 School District,5511400,25
WISCONSIN,Beecher-Dunbar-Pembine School District,5511550,61
WISCONSIN,Pepin Area School District,5511580,42
WISCONSIN,Peshtigo School District,5511610,157
WISCONSIN,Pewaukee School District,5511640,262
WISCONSIN,Phelps School District,5511710,18
WISCONSIN,Phillips School District,5511730,151
WISCONSIN,Pittsville School District,5511790,57
WISCONSIN,Tri-County Area School District,5511820,110
WISCONSIN,Platteville School District,5511850,192
WISCONSIN,Plum City School District,5511880,31
WISCONSIN,Plymouth Joint School District,5511940,282
WISCONSIN,Port Edwards School District,5511970,60
WISCONSIN,Port Washington-Saukville School District,5512000,446
WISCONSIN,South Shore School District,5512030,24
WISCONSIN,Portage Community School District,5512060,333
WISCONSIN,Potosi School District,5512090,61
WISCONSIN,Poynette School District,5512120,143
WISCONSIN,Prairie du Chien Area School District,5512150,166
WISCONSIN,Prairie Farm Public School District,5512180,68
WISCONSIN,Prentice School District,5512210,83
WISCONSIN,Prescott School District,5512240,175
WISCONSIN,Princeton School District,5512300,66
WISCONSIN,Pulaski Community School District,5512330,599
WISCONSIN,Racine Unified School District,5512360,3109
WISCONSIN,Randall J1 School District,5512390,57
WISCONSIN,Randolph School District,5512420,95
WISCONSIN,Random Lake School District,5512450,113
WISCONSIN,Raymond #14 School District,5512480,57
WISCONSIN,North Cape School District,5512510,23
WISCONSIN,Kickapoo Area School District,5512540,67
WISCONSIN,Reedsburg School District,5512660,534
WISCONSIN,Reedsville School District,5512690,92
WISCONSIN,Rhinelander School District,5512720,338
WISCONSIN,Rib Lake School District,5512780,68
WISCONSIN,Rice Lake Area School District,5512810,358
WISCONSIN,Richland School District,5512960,265
WISCONSIN,Rio Community School District,5512990,68
WISCONSIN,Ripon Area School District,5513020,213
WISCONSIN,River Falls School District,5513050,394
WISCONSIN,Rosendale-Brandon School District,5513100,120
WISCONSIN,Rosholt School District,5513140,74
WISCONSIN,D C Everest Area School District,5513170,705
WISCONSIN,Saint Croix Falls School District,5513230,132
WISCONSIN,Saint Francis School District,5513260,175
WISCONSIN,Central/Westosha UHS School District,5513290,103
WISCONSIN,Salem School District,5513350,171
WISCONSIN,Sauk Prairie School District,5513410,343
WISCONSIN,Seneca Area School District,5513470,31
WISCONSIN,Sevastopol School District,5513500,91
WISCONSIN,Seymour Community School District,5513530,304
WISCONSIN,Sharon J11 School District,5513560,44
WISCONSIN,Shawano School District,5513620,407
WISCONSIN,Sheboygan Area School District,5513650,1835
WISCONSIN,Sheboygan Falls School District,5513680,257
WISCONSIN,Shell Lake School District,5513710,99
WISCONSIN,Shiocton School District,5513770,92
WISCONSIN,Shorewood School District,5513800,225
WISCONSIN,Shullsburg School District,5513830,48
WISCONSIN,Silver Lake J1 School District,5513860,57
WISCONSIN,Siren School District,5513890,110
WISCONSIN,Slinger School District,5513950,307
WISCONSIN,Solon Springs School District,5513980,57
WISCONSIN,Somerset School District,5514010,217
WISCONSIN,South Milwaukee School District,5514040,458
WISCONSIN,Southern Door County School District,5514130,155
WISCONSIN,Sparta Area School District,5514160,528
WISCONSIN,Spencer School District,5514190,83
WISCONSIN,Spooner Area School District,5514220,161
WISCONSIN,River Valley School District,5514250,182
WISCONSIN,Spring Valley School District,5514340,88
WISCONSIN,Stanley-Boyd Area School District,5514430,185
WISCONSIN,Stevens Point Area Public School District,5514490,1064
WISCONSIN,Stockbridge School District,5514520,26
WISCONSIN,Stoughton Area School District,5514550,343
WISCONSIN,Stratford School District,5514580,126
WISCONSIN,Sturgeon Bay School District,5514610,194
WISCONSIN,Sun Prairie Area School District,5514640,1072
WISCONSIN,Superior School District,5514670,827
WISCONSIN,Suring Public School District,5514700,77
WISCONSIN,Thorp School District,5514820,85
WISCONSIN,Three Lakes School District,5514850,102
WISCONSIN,Tigerton School District,5514880,41
WISCONSIN,Tomah Area School District,5514910,3
WISCONSIN,Tomahawk School District,5514940,185
WISCONSIN,Flambeau School District,5514970,80
WISCONSIN,Turtle Lake School District,5515060,64
WISCONSIN,Twin Lakes #4 School District,5515090,57
WISCONSIN,Two Rivers Public School District,5515120,264
WISCONSIN,Union Grove UHS School District,5515150,80
WISCONSIN,Union Grove J1 School District,5515180,121
WISCONSIN,Valders Area School District,5515210,149
WISCONSIN,Verona Area School District,5515330,444
WISCONSIN,Viroqua Area School District,5515360,150
WISCONSIN,Wabeno Area School District,5515390,85
WISCONSIN,Walworth J1 School District,5515450,75
WISCONSIN,Big Foot UHS School District,5515480,63
WISCONSIN,Washburn School District,5515540,93
WISCONSIN,Washington School District,5515570,11
WISCONSIN,Waterford UHS School District,5515600,93
WISCONSIN,Waterford Graded J1 School District,5515660,177
WISCONSIN,Washington-Caldwell School District,5515700,25
WISCONSIN,Waterloo School District,5515720,100
WISCONSIN,Watertown Unified School District,5515750,585
WISCONSIN,Waukesha School District,5515780,1913
WISCONSIN,Waunakee Community School District,5515810,394
WISCONSIN,Waupaca School District,5515840,312
WISCONSIN,Waupun School District,5515870,300
WISCONSIN,Wausau School District,5515900,1212
WISCONSIN,Wausaukee School District,5515930,69
WISCONSIN,Wautoma Area School District,5515960,157
WISCONSIN,Wauwatosa School District,5515990,883
WISCONSIN,Wauzeka-Steuben School District,5516020,32
WISCONSIN,Webster School District,5516230,99
WISCONSIN,West Allis-West Milwaukee School District,5516260,1277
WISCONSIN,West Bend School District,5516290,1039
WISCONSIN,West De Pere School District,5516320,423
WISCONSIN,West Salem School District,5516350,238
WISCONSIN,Westby Area School District,5516410,161
WISCONSIN,Westfield School District,5516440,139
WISCONSIN,Weston School District,5516470,43
WISCONSIN,Weyauwega-Fremont School District,5516500,94
WISCONSIN,Wheatland J1 School District,5516560,70
WISCONSIN,White Lake School District,5516590,26
WISCONSIN,Whitefish Bay School District,5516620,339
WISCONSIN,Whitehall School District,5516650,99
WISCONSIN,Whitewater Unified School District,5516680,393
WISCONSIN,Wild Rose School District,5516710,84
WISCONSIN,Williams Bay School District,5516740,86
WISCONSIN,Wilmot UHS School District,5516770,119
WISCONSIN,Winneconne Community School District,5516830,177
WISCONSIN,Winter School District,5516860,44
WISCONSIN,Wisconsin Dells School District,5517040,210
WISCONSIN,Wisconsin Rapids School District,5517070,831
WISCONSIN,Wittenberg-Birnamwood School District,5517100,177
WISCONSIN,Wonewoc-Union Center School District,5517130,44
WISCONSIN,Woodruff J1 School District,5517160,56
WISCONSIN,Wrightstown Community School District,5517190,162
WISCONSIN,Yorkville J2 School District,5517220,44
WYOMING,Wyoming Department of Health,5600005,3
WYOMING,Cathedral Home for Children - Administration Office,5600009,NA
WYOMING,Saint Joseph's Children's Home - Administration Office,5600010,3
WYOMING,Normative Services - Administration Office,5600014,3
WYOMING,Red Top Meadows - Administration Office,5600015,NA
WYOMING,Northwest Wyoming BOCES,5600016,3
WYOMING,Albany County School District #1,5600730,533
WYOMING,Fremont County School District #38,5600960,67
WYOMING,Carbon County School District #1,5601030,251
WYOMING,Big Horn County School District #4,5601090,54
WYOMING,Sublette County School District #9,5601260,82
WYOMING,Big Horn County School District #1,5601420,183
WYOMING,Big Horn County School District #2,5601460,103
WYOMING,Campbell County School District #1,5601470,1062
WYOMING,Carbon County School District #2,5601700,88
WYOMING,Laramie County School District #1,5601980,1908
WYOMING,Park County School District # 6,5602070,309
WYOMING,Converse County School District #1,5602140,272
WYOMING,Converse County School District #2,5602150,84
WYOMING,Crook County School District #1,5602370,188
WYOMING,Fremont County School District # 2,5602670,25
WYOMING,Uinta County School District #1,5602760,414
WYOMING,Fremont County School District #21,5602820,109
WYOMING,Fremont County School District # 6,5602830,53
WYOMING,Fremont County School District # 1,5602870,260
WYOMING,Goshen County School District #1,5602990,234
WYOMING,Big Horn County School District #3,5603170,93
WYOMING,Platte County School District #2,5603180,39
WYOMING,Hot Springs County School District #1,5603310,85
WYOMING,Johnson County School District #1,5603770,159
WYOMING,Lincoln County School District #1,5604030,114
WYOMING,Lincoln County School District #2,5604060,425
WYOMING,Laramie County School District #2,5604120,175
WYOMING,Niobrara County School District #1,5604230,151
WYOMING,Uinta County School District #6,5604260,106
WYOMING,Park County School District #16,5604380,12
WYOMING,Fremont County School District #14,5604450,97
WYOMING,Uinta County School District #4,5604500,99
WYOMING,Natrona County School District #1,5604510,2054
WYOMING,Weston County School District #1,5604830,147
WYOMING,Sublette County School District #1,5604860,148
WYOMING,Platte County School District #1,5605090,129
WYOMING,Park County School District # 1,5605160,260
WYOMING,Fremont County School District #25,5605220,462
WYOMING,Sweetwater County School District #1,5605302,921
WYOMING,Sheridan County School District #3,5605680,15
WYOMING,Sheridan County School District #1,5605690,114
WYOMING,Sheridan County School District #2,5605695,388
WYOMING,Fremont County School District #24,5605700,48
WYOMING,Sweetwater County School District #2,5605762,427
WYOMING,Washakie County School District #2,5605820,11
WYOMING,Teton County School District #1,5605830,275
WYOMING,Weston County School District #7,5606090,40
WYOMING,Washakie County School District #1,5606240,188
WYOMING,Northeast Wyoming BOCES,5680180,3
WYOMING,Region V BOCES,5680250,3
WYOMING,Wyoming Department of Family Services,5680251,3
WYOMING,Youth Emergency Services Inc. - Administration Office,5680252,NA
WYOMING,Wyoming Behavioral Institute - Administration Office,5680253,3
WYOMING,Saint Stephen's Indian School Admin Office,5680254,3
WYOMING,Right of Passage,5680255,NA
BUREAU OF INDIAN EDUCATION,Turtle Mountain Middle School,5900025,88
BUREAU OF INDIAN EDUCATION,Naa Tsis'aan Community School,5900026,19
BUREAU OF INDIAN EDUCATION,Flandreau Indian Boarding School,5900027,35
BUREAU OF INDIAN EDUCATION,San Ildefonso Day School,5900028,6
BUREAU OF INDIAN EDUCATION,Hopi Day School,5900029,22
BUREAU OF INDIAN EDUCATION,Santa Rosa Day School,5900030,21
BUREAU OF INDIAN EDUCATION,Choctaw Central High School,5900031,93
BUREAU OF INDIAN EDUCATION,Cottonwood Day School,5900032,13
BUREAU OF INDIAN EDUCATION,Dzilth-Na-O-Dith-Hle Community School,5900033,36
BUREAU OF INDIAN EDUCATION,Sequoyah High School,5900034,43
BUREAU OF INDIAN EDUCATION,RED ROCK DAY SCHOOL,5900035,17
BUREAU OF INDIAN EDUCATION,Chief Leschi School,5900036,109
BUREAU OF INDIAN EDUCATION,Tuba City Boarding School,5900037,252
BUREAU OF INDIAN EDUCATION,Circle of Life Academy,5900038,39
BUREAU OF INDIAN EDUCATION,Te Tsu Geh Oweenge Day School,5900039,10
BUREAU OF INDIAN EDUCATION,Moencopi Day School,5900040,12
BUREAU OF INDIAN EDUCATION,Northern Cheyenne Tribal School,5900041,8
BUREAU OF INDIAN EDUCATION,Indian Township School,5900042,52
BUREAU OF INDIAN EDUCATION,Nazlini Community School,5900043,8
BUREAU OF INDIAN EDUCATION,Na' Neelzhiin Ji'Olta,5900044,15
BUREAU OF INDIAN EDUCATION,Loneman Day School,5900045,48
BUREAU OF INDIAN EDUCATION,Alamo Navajo Community School,5900046,57
BUREAU OF INDIAN EDUCATION,Muckleshoot Tribal School,5900047,138
BUREAU OF INDIAN EDUCATION,Ch'ooshgai Community School,5900048,36
BUREAU OF INDIAN EDUCATION,Hunters Point Boarding School,5900049,15
BUREAU OF INDIAN EDUCATION,Laguna Middle School,5900050,15
BUREAU OF INDIAN EDUCATION,Cheyenne-Eagle Butte School,5900051,143
BUREAU OF INDIAN EDUCATION,Chilchinbeto Community School,5900052,25
BUREAU OF INDIAN EDUCATION,Standing Pine Elementary School,5900053,30
BUREAU OF INDIAN EDUCATION,JKL Bahweting Anishnabe School,5900054,84
BUREAU OF INDIAN EDUCATION,Marty Indian School,5900055,36
BUREAU OF INDIAN EDUCATION,Tse'ii'ahi' Community School,5900056,9
BUREAU OF INDIAN EDUCATION,Yakama Nation Tribal School,5900057,3
BUREAU OF INDIAN EDUCATION,Tate Topa Tribal School,5900058,61
BUREAU OF INDIAN EDUCATION,Wingate Elementary School,5900059,64
BUREAU OF INDIAN EDUCATION,T`siya Day School,5900060,3
BUREAU OF INDIAN EDUCATION,Pyramid Lake High School,5900061,25
BUREAU OF INDIAN EDUCATION,Wide Ruins Community School,5900062,10
BUREAU OF INDIAN EDUCATION,Kayenta Boarding School,5900063,40
BUREAU OF INDIAN EDUCATION,Nay-Ah-Shing School,5900064,48
BUREAU OF INDIAN EDUCATION,Cove Day School,5900065,5
BUREAU OF INDIAN EDUCATION,Cherokee Central Elementary School,5900066,114
BUREAU OF INDIAN EDUCATION,Standing Rock Community School,5900067,115
BUREAU OF INDIAN EDUCATION,Ojibwa Indian School,5900068,64
BUREAU OF INDIAN EDUCATION,Kha'p'o Community School,5900069,25
BUREAU OF INDIAN EDUCATION,American Horse Elem.,5900070,24
BUREAU OF INDIAN EDUCATION,Coeur d' Alene Tribal School,5900071,29
BUREAU OF INDIAN EDUCATION,Hopi Jr/Sr High School,5900072,111
BUREAU OF INDIAN EDUCATION,Crow Creek Reservation High School,5900073,23
BUREAU OF INDIAN EDUCATION,Hanaa'dli Community School,5900074,3
BUREAU OF INDIAN EDUCATION,Sanostee Day School,5900075,3
BUREAU OF INDIAN EDUCATION,John F. Kennedy Day School,5900076,28
BUREAU OF INDIAN EDUCATION,Twin Buttes Day School,5900077,3
BUREAU OF INDIAN EDUCATION,Choctaw Central Middle School,5900078,37
BUREAU OF INDIAN EDUCATION,Jeehdeez'a Elementary School,5900079,12
BUREAU OF INDIAN EDUCATION,Pine Ridge School,5900080,95
BUREAU OF INDIAN EDUCATION,Isleta Elementary School,5900081,21
BUREAU OF INDIAN EDUCATION,Second Mesa Day School,5900082,20
BUREAU OF INDIAN EDUCATION,Paschal Sherman Indian School,5900083,30
BUREAU OF INDIAN EDUCATION,Ojo Encino Day School,5900084,14
BUREAU OF INDIAN EDUCATION,Lower Brule Day School,5900085,78
BUREAU OF INDIAN EDUCATION,Santa Rosa Ranch School,5900086,13
BUREAU OF INDIAN EDUCATION,Baca/Dlo'ay Azhi Community School,5900087,36
BUREAU OF INDIAN EDUCATION,Pinon Community School,5900088,3
BUREAU OF INDIAN EDUCATION,Rocky Ridge Boarding School,5900089,19
BUREAU OF INDIAN EDUCATION,Miccosukee Indian School,5900090,37
BUREAU OF INDIAN EDUCATION,St. Francis Indian School,5900091,119
BUREAU OF INDIAN EDUCATION,Ahfachkee Day School,5900092,45
BUREAU OF INDIAN EDUCATION,Mescalero Apache School,5900093,144
BUREAU OF INDIAN EDUCATION,Aneth Community School,5900094,26
BUREAU OF INDIAN EDUCATION,Circle of Nations,5900095,42
BUREAU OF INDIAN EDUCATION,Theodore Jamerson Elementary,5900096,34
BUREAU OF INDIAN EDUCATION,Shoshone-Bannock School District No 512,5900097,20
BUREAU OF INDIAN EDUCATION,Crystal Boarding School,5900098,10
BUREAU OF INDIAN EDUCATION,Dennehotso Boarding School,5900099,16
BUREAU OF INDIAN EDUCATION,Tucker Elementary School,5900100,36
BUREAU OF INDIAN EDUCATION,Cherokee Central High School,5900101,145
BUREAU OF INDIAN EDUCATION,Black Mesa Community School,5900102,5
BUREAU OF INDIAN EDUCATION,Kickapoo Nation School,5900103,15
BUREAU OF INDIAN EDUCATION,Lac Courte Oreilles Ojibwa School,5900104,65
BUREAU OF INDIAN EDUCATION,Sherman Indian High School,5900105,26
BUREAU OF INDIAN EDUCATION,Turtle Mountain Elementary School,5900106,148
BUREAU OF INDIAN EDUCATION,Pierre Indian Learning Center,5900107,51
BUREAU OF INDIAN EDUCATION,Pine Hill Schools,5900108,39
BUREAU OF INDIAN EDUCATION,Kin Dah Lichi'i Olta,5900109,9
BUREAU OF INDIAN EDUCATION,Leupp School Inc.,5900110,16
BUREAU OF INDIAN EDUCATION,Conehatta Elementary School,5900111,44
BUREAU OF INDIAN EDUCATION,Lukachukai Community School,5900112,37
BUREAU OF INDIAN EDUCATION,Crazy Horse School,5900113,54
BUREAU OF INDIAN EDUCATION,Oneida Nation School,5900114,97
BUREAU OF INDIAN EDUCATION,LUMMI HIGH SCHOOL,5900115,55
BUREAU OF INDIAN EDUCATION,Navajo Preparatory School,5900116,3
BUREAU OF INDIAN EDUCATION,White Shield School,5900117,21
BUREAU OF INDIAN EDUCATION,Crow Creek Sioux Tribal Elem School,5900118,53
BUREAU OF INDIAN EDUCATION,Wingate High School,5900119,64
BUREAU OF INDIAN EDUCATION,Salt River Elementary School,5900120,78
BUREAU OF INDIAN EDUCATION,First Mesa Elementary School,5900121,20
BUREAU OF INDIAN EDUCATION,Rock Point Community School,5900122,69
BUREAU OF INDIAN EDUCATION,Pearl River Elementary School,5900123,135
BUREAU OF INDIAN EDUCATION,Porcupine Day School,5900124,30
BUREAU OF INDIAN EDUCATION,Lake Valley Navajo School,5900125,4
BUREAU OF INDIAN EDUCATION,Northwest High School,5900126,28
BUREAU OF INDIAN EDUCATION,Quileute Tribal School,5900127,31
BUREAU OF INDIAN EDUCATION,Shonto Preparatory School,5900128,27
BUREAU OF INDIAN EDUCATION,Tiospa Zina Tribal School,5900129,100
BUREAU OF INDIAN EDUCATION,Santa Fe Indian School,5900130,104
BUREAU OF INDIAN EDUCATION,Hotevilla Bacavi Community School,5900131,28
BUREAU OF INDIAN EDUCATION,Theodore Roosevelt School,5900132,13
BUREAU OF INDIAN EDUCATION,Greyhills Academy High School,5900133,48
BUREAU OF INDIAN EDUCATION,Rock Creek Grant School,5900134,8
BUREAU OF INDIAN EDUCATION,Fond du Lac Ojibwe School,5900135,53
BUREAU OF INDIAN EDUCATION,Pueblo Pintado Community School,5900136,16
BUREAU OF INDIAN EDUCATION,Beatrice Rafferty School,5900137,40
BUREAU OF INDIAN EDUCATION,Bread Springs Day School,5900138,9
BUREAU OF INDIAN EDUCATION,Dilcon Community School,5900139,16
BUREAU OF INDIAN EDUCATION,Jemez Day School,5900140,13
BUREAU OF INDIAN EDUCATION,St. Stephens Indian School,5900141,38
BUREAU OF INDIAN EDUCATION,Blackwater Community School,5900142,31
BUREAU OF INDIAN EDUCATION,Takini School,5900143,33
BUREAU OF INDIAN EDUCATION,Menominee Tribal School,5900144,44
BUREAU OF INDIAN EDUCATION,Dishchii'bikoh Community School,5900145,109
BUREAU OF INDIAN EDUCATION,Chitimacha Tribal School,5900146,19
BUREAU OF INDIAN EDUCATION,Atsa Biyaazh Community School,5900147,37
BUREAU OF INDIAN EDUCATION,Many Farms Community School,5900148,41
BUREAU OF INDIAN EDUCATION,Dunseith Day School,5900149,3
BUREAU OF INDIAN EDUCATION,Tohaali' Community School,5900150,18
BUREAU OF INDIAN EDUCATION,San Felipe Pueblo Elementary School,5900151,26
BUREAU OF INDIAN EDUCATION,Pine Springs Day School,5900152,14
BUREAU OF INDIAN EDUCATION,Duckwater Shoshone Elementary School,5900153,3
BUREAU OF INDIAN EDUCATION,Enemy Swim Day School,5900154,39
BUREAU OF INDIAN EDUCATION,Borrego Pass,5900155,12
BUREAU OF INDIAN EDUCATION,San Simon School,5900156,45
BUREAU OF INDIAN EDUCATION,Nenahnezad Community School,5900157,18
BUREAU OF INDIAN EDUCATION,Turtle Mountain High School,5900158,126
BUREAU OF INDIAN EDUCATION,Little Singer Community School,5900159,13
BUREAU OF INDIAN EDUCATION,Indian Island School,5900160,25
BUREAU OF INDIAN EDUCATION,Many Farms High School,5900161,51
BUREAU OF INDIAN EDUCATION,Ohkay Owingeh Community School,5900162,21
BUREAU OF INDIAN EDUCATION,Riverside Indian School,5900163,73
BUREAU OF INDIAN EDUCATION,Chemawa Indian School,5900164,41
BUREAU OF INDIAN EDUCATION,Havasupai Elementary School,5900165,19
BUREAU OF INDIAN EDUCATION,Bug-O-Nay-Ge-Shig,5900166,27
BUREAU OF INDIAN EDUCATION,Mariano Lake Community School,5900167,19
BUREAU OF INDIAN EDUCATION,T'iis Nazbas Community School,5900168,34
BUREAU OF INDIAN EDUCATION,Tohono O`odham High School,5900169,25
BUREAU OF INDIAN EDUCATION,Tonalea Day School,5900170,21
BUREAU OF INDIAN EDUCATION,Rough Rock Community School,5900171,11
BUREAU OF INDIAN EDUCATION,Red Water Elementary School,5900172,36
BUREAU OF INDIAN EDUCATION,Little Wound School,5900173,115
BUREAU OF INDIAN EDUCATION,Taos Day School,5900174,17
BUREAU OF INDIAN EDUCATION,Keams Canyon Elementary School,5900175,22
BUREAU OF INDIAN EDUCATION,LUMMI ELEMENTARY SCHOOL,5900176,60
BUREAU OF INDIAN EDUCATION,T'iis Ts'ozi Bi'Olta',5900177,41
BUREAU OF INDIAN EDUCATION,Two Eagle River School,5900178,3
BUREAU OF INDIAN EDUCATION,Chi Chil'tah Comm School,5900179,6
BUREAU OF INDIAN EDUCATION,Kaibeto Boarding School,5900180,36
BUREAU OF INDIAN EDUCATION,Sitting Bull School,5900181,19
BUREAU OF INDIAN EDUCATION,Greasewood Springs Community School Inc,5900182,22
BUREAU OF INDIAN EDUCATION,Wounded Knee District School,5900183,22
BUREAU OF INDIAN EDUCATION,Laguna Elementary School,5900184,34
BUREAU OF INDIAN EDUCATION,Wa He Lut Indian School,5900185,17
BUREAU OF INDIAN EDUCATION,Casa Blanca Community School,5900186,47
BUREAU OF INDIAN EDUCATION,Hannahville Indian School,5900187,3
BUREAU OF INDIAN EDUCATION,Beclabito Day School,5900188,8
BUREAU OF INDIAN EDUCATION,Mandaree Day School,5900189,28
BUREAU OF INDIAN EDUCATION,Tiospaye Topa School,5900190,38
BUREAU OF INDIAN EDUCATION,To'hajiilee Day School,5900191,53
BUREAU OF INDIAN EDUCATION,Gila Crossing Community School,5900192,81
BUREAU OF INDIAN EDUCATION,Seba Dalkai Boarding School,5900193,12
BUREAU OF INDIAN EDUCATION,Bogue Chitto Elementary School,5900194,41
BUREAU OF INDIAN EDUCATION,Sky City Community School,5900195,30
BUREAU OF INDIAN EDUCATION,Meskwaki Settlement School,5900196,30
BUREAU OF INDIAN EDUCATION,Noli School,5900197,22
BUREAU OF INDIAN EDUCATION,Jones Academy,5900200,9
AMERICAN SAMOA,American Samoa Department of Education,6000030,NA
GUAM,Guam Department of Education,6600002,NA
GUAM,Science is Fun and Awesome Learning Academy Charter School,6600003,NA
GUAM,Guahan Academy Charter School,6600004,NA
GUAM,iLearn Academy Charter School,6600005,NA
PUERTO RICO,PUERTO RICO DEPARTMENT OF EDUCATION,7200030,103318
U.S. VIRGIN ISLANDS,Saint Croix School District,7800002,601
U.S. VIRGIN ISLANDS,Saint Thomas - Saint John School District,7800030,502
