dist_id,state,schlev,agchrt,district,total_enroll,tcurelsc,current_sped_exp,sped_instructional_exp,sped_pupil_support_services_exp,sped_instructional_support_exp,sped_student_transportation_exp,sped_teacher_salaries
100005,Alabama,3,3,Albertville City,5900,63879000,3382000,2595000,398000,0,228000,1061000
100006,Alabama,3,3,Marshall County,5951,78385000,8690000,5681000,1396000,22000,628000,2133000
100007,Alabama,3,3,Hoover City,13557,193498000,22266000,15173000,5722000,4000,1323000,5723000
100008,Alabama,3,3,Madison City,12473,144376000,13681000,9107000,2604000,409000,1091000,4274000
100011,Alabama,3,3,Leeds City,2223,26499000,1814000,1154000,301000,185000,157000,564000
100012,Alabama,3,3,Boaz City,2471,30435000,1944000,1309000,367000,10000,90000,681000
100013,Alabama,3,3,Trussville City,5065,62785000,6192000,3926000,1750000,16000,499000,1949000
100030,Alabama,3,3,Alexander City,2899,37205000,2872000,2199000,424000,14000,155000,1144000
100060,Alabama,3,3,Andalusia City,1871,22609000,2291000,1892000,248000,1000,14000,952000
100090,Alabama,3,3,Anniston City,1892,29232000,2005000,1134000,465000,2000,164000,625000
100100,Alabama,3,3,Arab City,2653,30872000,2587000,2143000,289000,4000,13000,987000
100120,Alabama,3,3,Athens City,4840,55956000,3837000,2962000,363000,294000,63000,1477000
100180,Alabama,3,3,Attalla City,1538,17904000,1415000,879000,275000,0,30000,508000
100185,Alabama,3,3,Saraland City,3354,41254000,3904000,2806000,584000,53000,295000,1403000
100188,Alabama,3,3,Chickasaw City,2654,24066000,1602000,1222000,322000,15000,32000,649000
100189,Alabama,3,3,Satsuma City,1502,18643000,1594000,1231000,179000,9000,54000,547000
100190,Alabama,3,3,Alabaster City,6425,85940000,7796000,6513000,582000,7000,561000,2712000
100194,Alabama,3,3,Pelham City,3425,43958000,3093000,2027000,739000,10000,213000,1247000
100195,Alabama,3,3,Pike Road City,2695,29552000,2685000,2034000,394000,1000,97000,899000
100202,Alabama,3,3,Gulf Shores City,2450,32586000,1808000,1617000,90000,4000,0,730000
100210,Alabama,3,3,Auburn City,9492,115192000,12572000,9175000,2324000,6000,875000,4258000
100240,Alabama,3,3,Autauga County,9202,103191000,9858000,6637000,2101000,17000,762000,3126000
100270,Alabama,3,3,Baldwin County,31517,412511000,43227000,37329000,2614000,456000,2671000,15502000
100300,Alabama,3,3,Barbour County,715,13020000,692000,451000,8000,19000,32000,153000
100330,Alabama,3,3,Bessemer City,3246,50107000,2127000,920000,515000,326000,332000,261000
100360,Alabama,3,3,Bibb County,3098,42004000,4100000,3132000,631000,2000,184000,1430000
100390,Alabama,3,3,Birmingham City,21130,342319000,27824000,21027000,1981000,1748000,2546000,6644000
100420,Alabama,3,3,Blount County,7798,89377000,7405000,4946000,1513000,37000,660000,2349000
100450,Alabama,3,3,Brewton City,1224,15559000,979000,755000,28000,0,0,457000
100480,Alabama,3,3,Bullock County,1397,21271000,1765000,1118000,319000,20000,91000,632000
100510,Alabama,3,3,Butler County,2900,36742000,2969000,2120000,490000,14000,142000,947000
100540,Alabama,3,3,Calhoun County,8050,97539000,9359000,7142000,1153000,105000,734000,3267000
100600,Alabama,3,3,Chambers County,3158,41386000,4633000,3480000,689000,28000,276000,1471000
100630,Alabama,3,3,Cherokee County,3886,51213000,4472000,3106000,776000,5000,434000,1676000
100660,Alabama,3,3,Chilton County,7858,82085000,7430000,5611000,825000,0,638000,2443000
100690,Alabama,3,3,Choctaw County,1097,18540000,1382000,905000,308000,17000,29000,551000
100720,Alabama,3,3,Clarke County,2171,31227000,2889000,1993000,523000,219000,146000,1080000
100750,Alabama,3,3,Clay County,1784,21034000,2175000,1482000,388000,2000,289000,670000
100780,Alabama,3,3,Cleburne County,2507,31886000,2257000,1875000,100000,2000,116000,934000
100810,Alabama,3,3,Coffee County,2846,33476000,3120000,2708000,248000,21000,26000,974000
100840,Alabama,3,3,Colbert County,2621,39363000,4084000,3096000,467000,102000,230000,1216000
100870,Alabama,3,3,Conecuh County,1487,25371000,1602000,1082000,171000,32000,61000,441000
100900,Alabama,3,3,Coosa County,805,12282000,1314000,899000,143000,0,152000,363000
100930,Alabama,3,3,Covington County,3040,35950000,3206000,2703000,379000,1000,24000,1439000
100960,Alabama,3,3,Crenshaw County,2240,28334000,2708000,2135000,379000,10000,45000,987000
100990,Alabama,3,3,Cullman City,3226,41317000,2727000,2289000,254000,34000,82000,1175000
101020,Alabama,3,3,Cullman County,9846,116392000,11067000,8748000,1181000,105000,346000,4197000
101050,Alabama,3,3,Dale County,3270,39935000,2517000,1766000,556000,12000,58000,996000
101080,Alabama,3,3,Daleville City,1154,14210000,1402000,850000,363000,0,39000,397000
101110,Alabama,3,3,Dallas County,2488,44289000,3144000,1905000,759000,13000,188000,728000
101140,Alabama,3,3,DeKalb County,8717,109208000,8141000,5389000,1447000,4000,519000,2811000
101170,Alabama,3,3,Decatur City,8745,129710000,13667000,12019000,491000,3000,1154000,4913000
101200,Alabama,3,3,Demopolis City,2064,26333000,2096000,1829000,35000,15000,53000,888000
101230,Alabama,3,3,Dothan City,8021,113489000,10789000,7588000,1419000,890000,771000,3967000
101260,Alabama,3,3,Elba City,685,9437000,767000,590000,67000,0,0,315000
101290,Alabama,3,3,Elmore County,11971,130701000,14935000,12155000,1000000,265000,927000,4728000
101320,Alabama,3,3,Enterprise City,6651,77364000,5416000,4068000,775000,0,340000,2155000
101350,Alabama,3,3,Escambia County,4208,61497000,3944000,2837000,481000,128000,424000,1541000
101380,Alabama,3,3,Etowah County,8702,97589000,8630000,5441000,1449000,382000,789000,2826000
101410,Alabama,3,3,Eufaula City,6289,62619000,2679000,2376000,145000,6000,51000,1021000
101440,Alabama,3,3,Fairfield City,1411,22952000,1521000,1027000,31000,309000,48000,472000
101470,Alabama,3,3,Fayette County,2163,29035000,2357000,1974000,196000,8000,53000,968000
101530,Alabama,3,3,Florence City,4489,66786000,5753000,4618000,644000,149000,341000,2302000
101560,Alabama,3,3,Fort Payne City,3515,39817000,2786000,2190000,319000,10000,91000,1136000
101590,Alabama,3,3,Franklin County,3637,48811000,5067000,4599000,267000,0,89000,1815000
101620,Alabama,3,3,Gadsden City,4939,66721000,6283000,4825000,681000,40000,387000,2318000
101640,Alabama,3,3,Geneva City,1252,15613000,1264000,903000,220000,0,28000,397000
101660,Alabama,3,3,Geneva County,2784,35101000,2932000,1900000,761000,0,125000,1040000
101680,Alabama,3,3,Greene County,913,17488000,979000,596000,189000,0,80000,344000
101690,Alabama,3,3,Guntersville City,1851,24642000,1767000,1130000,340000,1000,75000,500000
101710,Alabama,3,3,Hale County,2318,30208000,2135000,1385000,400000,4000,203000,516000
101720,Alabama,3,3,Haleyville City,1644,20852000,2173000,1813000,93000,14000,93000,652000
101730,Alabama,3,3,Hartselle City,3638,46825000,4519000,3799000,321000,0,176000,1772000
101740,Alabama,3,3,Henry County,2530,30954000,2946000,2058000,570000,1000,135000,1197000
101760,Alabama,3,3,Homewood City,4371,65122000,7599000,6201000,1086000,13000,127000,2023000
101770,Alabama,3,3,Houston County,6883,75516000,8132000,6912000,444000,8000,438000,2862000
101800,Alabama,3,3,Huntsville City,23776,312567000,30004000,18981000,8186000,1067000,781000,9343000
101830,Alabama,3,3,Jackson County,5200,67439000,5258000,2902000,1857000,2000,184000,1538000
101860,Alabama,3,3,Jacksonville City,1752,21025000,2196000,1784000,178000,150000,79000,987000
101890,Alabama,3,3,Jasper City,2770,34052000,2581000,2040000,487000,2000,41000,1115000
101920,Alabama,3,3,Jefferson County,35951,438387000,49229000,32604000,7733000,1667000,5824000,18063000
101950,Alabama,3,3,Lamar County,2201,26420000,2399000,1359000,762000,1000,123000,879000
101980,Alabama,3,3,Lanett City,963,11690000,1253000,1102000,52000,1000,36000,559000
102010,Alabama,3,3,Lauderdale County,8080,99008000,7751000,4221000,2657000,69000,561000,2633000
102040,Alabama,3,3,Lawrence County,4698,62870000,5165000,3868000,596000,16000,464000,1612000
102070,Alabama,3,3,Lee County,9312,117018000,14700000,9534000,3302000,19000,1562000,4228000
102100,Alabama,3,3,Limestone County,15887,146792000,13239000,9080000,2234000,115000,990000,3919000
102130,Alabama,3,3,Linden City,434,7133000,550000,262000,115000,1000,40000,169000
102160,Alabama,3,3,Lowndes County,1176,27258000,1342000,1005000,116000,14000,123000,494000
102190,Alabama,3,3,Macon County,1790,31502000,2129000,1581000,259000,5000,129000,785000
102220,Alabama,3,3,Madison County,20551,224108000,24356000,19949000,1851000,499000,1600000,9714000
102250,Alabama,3,3,Marengo County,953,15818000,1179000,839000,238000,44000,6000,550000
102310,Alabama,3,3,Marion County,3329,40906000,3136000,2344000,550000,30000,24000,1121000
102350,Alabama,3,3,Midfield City,1045,13941000,1209000,910000,198000,39000,0,469000
102370,Alabama,3,3,Mobile County,51979,688456000,63714000,46688000,8516000,2124000,5540000,22811000
102400,Alabama,3,3,Monroe County,3077,41125000,4103000,2634000,1001000,6000,287000,1245000
102430,Alabama,3,2,Montgomery County,26821,348056000,29688000,21371000,4616000,1382000,1794000,9885000
102480,Alabama,3,3,Morgan County,7691,91674000,8669000,5704000,1674000,72000,857000,2807000
102490,Alabama,3,3,Mountain Brook City,4409,78610000,9565000,7274000,2214000,17000,61000,3259000
102520,Alabama,3,3,Muscle Shoals City,2896,37220000,2862000,2106000,391000,10000,0,1049000
102550,Alabama,3,3,Oneonta City,1403,16578000,1138000,873000,153000,0,39000,459000
102580,Alabama,3,3,Opelika City,5048,61748000,4116000,3442000,251000,33000,237000,1963000
102610,Alabama,3,3,Opp City,1329,17059000,1539000,1375000,84000,3000,0,681000
102635,Alabama,3,3,Oxford City,4203,56820000,4185000,3605000,237000,18000,217000,1895000
102640,Alabama,3,3,Ozark City,2054,27855000,2781000,1817000,740000,6000,125000,970000
102650,Alabama,3,3,Pell City,4157,49598000,4963000,3578000,702000,18000,330000,1461000
102670,Alabama,3,3,Perry County,935,19804000,1143000,914000,76000,0,58000,356000
102700,Alabama,3,3,Phenix City,7218,88485000,6699000,4965000,1285000,2000,119000,2599000
102730,Alabama,3,3,Pickens County,2373,31545000,2876000,2254000,318000,27000,139000,1276000
102760,Alabama,3,3,Piedmont City,1131,12762000,884000,547000,262000,65000,10000,237000
102790,Alabama,3,3,Pike County,2155,31695000,2415000,1393000,616000,43000,171000,869000
102820,Alabama,3,3,Randolph County,2090,25817000,2061000,1361000,365000,0,178000,628000
102850,Alabama,3,3,Roanoke City,1447,17502000,1545000,1330000,57000,0,2000,585000
102880,Alabama,3,3,Russell County,3695,45074000,2609000,2132000,252000,1000,91000,1059000
102910,Alabama,3,3,Russellville City,2614,33235000,1654000,1264000,93000,6000,133000,719000
102940,Alabama,3,3,Scottsboro City,2416,31348000,2533000,1791000,474000,2000,100000,996000
102970,Alabama,3,3,Selma City,2587,36874000,2749000,1840000,414000,18000,275000,957000
103000,Alabama,3,3,Sheffield City,1043,14830000,1564000,1295000,137000,5000,29000,651000
103030,Alabama,3,3,Shelby County,21179,263381000,37981000,29088000,3678000,1539000,3569000,11798000
103062,Alabama,3,3,St Clair County,9747,104154000,11268000,9180000,909000,55000,832000,3464000
103090,Alabama,3,3,Sumter County,1006,19331000,1418000,990000,200000,25000,82000,562000
103120,Alabama,3,3,Sylacauga City,2125,26589000,2340000,1852000,230000,167000,89000,782000
103150,Alabama,3,3,Talladega City,1560,24273000,1916000,1522000,132000,0,55000,744000
103180,Alabama,3,3,Talladega County,7204,87495000,6765000,5673000,350000,579000,109000,2440000
103210,Alabama,3,3,Tallapoosa County,2791,37050000,2686000,1899000,411000,10000,196000,1003000
103240,Alabama,3,3,Tallassee City,1536,20528000,2645000,1976000,339000,49000,95000,962000
103270,Alabama,3,3,Tarrant City,1271,18449000,1270000,905000,222000,3000,69000,521000
103300,Alabama,3,3,Thomasville City,1056,14916000,1135000,838000,96000,144000,0,450000
103330,Alabama,3,3,Troy City,1763,22698000,2391000,2008000,275000,0,32000,1072000
103360,Alabama,3,3,Tuscaloosa City,11186,159144000,13732000,8761000,2511000,462000,1544000,4443000
103390,Alabama,3,3,Tuscaloosa County,19377,224082000,23087000,17133000,2656000,185000,1931000,8382000
103420,Alabama,3,3,Tuscumbia City,1513,19148000,1316000,1049000,138000,1000,0,474000
103430,Alabama,3,3,Vestavia Hills City,7069,104689000,12872000,9463000,2774000,1000,381000,3615000
103450,Alabama,3,3,Walker County,7188,91217000,9178000,6831000,1258000,399000,380000,3323000
103480,Alabama,3,3,Washington County,2530,32185000,2673000,2051000,388000,0,127000,1064000
103510,Alabama,3,3,Wilcox County,1240,23445000,1601000,676000,607000,27000,119000,453000
103540,Alabama,3,3,Winfield City,1255,16282000,1167000,1051000,34000,3000,9000,445000
103580,Alabama,3,3,Winston County,2302,34051000,3661000,2655000,598000,6000,262000,1036000
200001,Alaska,3,2,Lower Kuskokwim School District,3970,166728000,1532000,0,1462000,0,0,0
200003,Alaska,3,2,Lower Yukon School District,2035,97751000,821000,221000,572000,0,0,0
200004,Alaska,3,3,Yupiit School District,471,19418000,179000,118000,44000,0,0,0
200005,Alaska,3,3,Kashunamiut School District,339,12455000,79000,74000,0,0,0,0
200006,Alaska,2,3,Mount Edgecumbe,407,13999000,62000,62000,0,0,0,0
200007,Alaska,3,3,Aleutians East Borough School District,211,10467000,52000,0,48000,0,0,0
200020,Alaska,3,3,Bering Strait School District,1830,86471000,698000,688000,0,0,0,0
200030,Alaska,3,3,Bristol Bay Borough School District,121,7010000,38000,25000,11000,0,0,0
200050,Alaska,3,3,Alaska Gateway School District,386,16520000,140000,136000,0,0,0,0
200060,Alaska,3,3,Cordova City School District,340,7880000,105000,8000,88000,0,0,0
200070,Alaska,3,3,Copper River School District,400,9871000,131000,118000,0,0,0,0
200090,Alaska,3,3,Craig City School District,668,8980000,171000,163000,0,0,0,0
200100,Alaska,3,3,Delta/Greely School District,938,14217000,275000,261000,0,0,0,0
200120,Alaska,3,3,Dillingham City School District,420,14732000,147000,4000,132000,0,0,0
200130,Alaska,3,3,Galena City School District,7177,46878000,1317000,1280000,0,0,0,0
200150,Alaska,3,2,Ketchikan Gateway Borough School District,2074,47973000,565000,538000,4000,0,0,0
200180,Alaska,3,2,Anchorage School District,43727,727451000,12569000,352000,11503000,0,0,0
200210,Alaska,3,2,Juneau Borough School District,4338,90089000,1572000,1088000,400000,0,0,0
200240,Alaska,3,3,Sitka School District,1120,26780000,421000,397000,0,0,0,0
200270,Alaska,3,3,Haines Borough School District,262,6258000,93000,88000,0,0,0,0
200300,Alaska,3,3,Hoonah City School District,112,4075000,26000,23000,1000,0,0,0
200330,Alaska,3,3,Hydaburg City School District,121,4556000,44000,40000,0,0,0,0
200390,Alaska,3,2,Kenai Peninsula Borough School District,8528,169387000,3337000,3170000,0,0,0,0
200450,Alaska,3,3,Klawock City School District,124,4772000,53000,48000,0,0,0,0
200480,Alaska,3,3,Kodiak Island Borough School District,2228,57233000,726000,556000,155000,0,0,0
200485,Alaska,3,3,Lake and Peninsula Borough School District,334,21199000,136000,22000,108000,0,0,0
200510,Alaska,3,2,Matanuska-Susitna Borough School District,19705,306906000,4896000,2287000,1667000,511000,0,0
200520,Alaska,3,3,Iditarod Area School District,306,11524000,106000,1000,97000,0,0,0
200525,Alaska,3,3,Annette Island School District,311,12127000,119000,70000,41000,0,0,0
200540,Alaska,3,3,Nenana City School District,1858,15312000,379000,359000,0,0,0,0
200570,Alaska,3,2,Nome Public Schools,719,18100000,282000,229000,32000,9000,0,0
200600,Alaska,3,2,Fairbanks North Star Borough School District,12703,223780000,4010000,3782000,0,0,0,0
200610,Alaska,3,2,North Slope Borough School District,2044,84116000,873000,0,812000,23000,0,0
200625,Alaska,3,3,Northwest Arctic Borough School District,1911,88610000,682000,0,656000,0,0,0
200660,Alaska,3,3,Petersburg Borough School District,438,10983000,154000,148000,0,0,0,0
200670,Alaska,3,3,Pribilof School District,57,2333000,45000,0,45000,0,0,0
200680,Alaska,3,3,Saint Mary's School District,203,8103000,65000,62000,0,0,0,0
200690,Alaska,3,3,Skagway School District,152,4355000,86000,86000,0,0,0,0
200700,Alaska,3,3,Southeast Island School District,170,8959000,66000,63000,0,0,0,0
200710,Alaska,3,3,Southwest Region School District,631,26601000,325000,26000,286000,0,0,0
200720,Alaska,3,3,Unalaska City School District,346,10278000,107000,107000,0,0,0,0
200730,Alaska,3,3,Chatham School District,147,6794000,48000,0,45000,0,0,0
200760,Alaska,3,3,Kuspuk School District,318,18275000,158000,111000,39000,0,0,0
200770,Alaska,3,3,Denali Borough School District,912,10287000,286000,189000,87000,0,0,0
200775,Alaska,3,3,Yukon Flats School District,197,15126000,98000,0,0,92000,0,0
200780,Alaska,3,3,Valdez City School District,653,17039000,234000,227000,0,0,0,0
200800,Alaska,3,3,Chugach School District,637,8731000,163000,2000,127000,28000,0,0
200810,Alaska,3,3,Wrangell Public School District,264,5992000,74000,58000,6000,0,0,0
200840,Alaska,3,3,Yakutat School District,92,2622000,59000,0,56000,0,0,0
200862,Alaska,3,3,Yukon-Koyukuk School District,3100,39946000,777000,534000,203000,0,0,0
500001,Arkansas,3,3,DEWITT SCHOOL DISTRICT,1151,14806000,1150000,830000,282000,35000,4000,402000
500006,Arkansas,3,2,WARREN SCHOOL DISTRICT,1424,21699000,989000,832000,77000,67000,8000,430000
500009,Arkansas,3,3,CORNING SCHOOL DISTRICT,832,10170000,584000,521000,63000,0,0,269000
500012,Arkansas,3,3,RIVERSIDE SCHOOL DISTRICT,774,8738000,827000,616000,157000,43000,11000,392000
500015,Arkansas,3,3,SHERIDAN SCHOOL DISTRICT,4325,43597000,3713000,3000000,401000,268000,43000,1855000
500016,Arkansas,3,3,MARMADUKE SCHOOL DISTRICT,717,8331000,530000,398000,117000,15000,0,225000
500017,Arkansas,3,3,PARAGOULD SCHOOL DISTRICT,3217,38536000,3763000,2925000,590000,248000,0,1610000
500019,Arkansas,3,2,BATESVILLE SCHOOL DISTRICT,3469,34691000,2813000,1901000,652000,260000,0,1018000
500020,Arkansas,3,3,MIDLAND SCHOOL DISTRICT,511,7855000,611000,536000,16000,59000,0,196000
500021,Arkansas,3,3,IZARD CO. CONS. SCHOOL DIST.,648,9096000,374000,359000,16000,0,0,171000
500023,Arkansas,3,3,NEWPORT SCHOOL DISTRICT,1268,16862000,1313000,900000,279000,108000,25000,616000
500026,Arkansas,3,3,PINE BLUFF SCHOOL DISTRICT,3261,58565000,5254000,3549000,1022000,595000,87000,1281000
500028,Arkansas,3,3,STAR CITY SCHOOL DISTRICT,1432,17166000,1168000,741000,247000,122000,57000,427000
500029,Arkansas,3,3,GOSNELL SCHOOL DISTRICT,1173,13249000,1108000,959000,109000,17000,23000,584000
500030,Arkansas,3,3,NEVADA SCHOOL DISTRICT,414,5390000,272000,218000,52000,0,2000,112000
500032,Arkansas,3,3,BEARDEN SCHOOL DISTRICT,476,6955000,472000,294000,89000,81000,8000,160000
500041,Arkansas,3,3,WESTERN YELL CO. SCHOOL DIST.,322,5141000,235000,140000,93000,2000,0,79000
500042,Arkansas,3,3,HAMBURG SCHOOL DISTRICT,1691,19254000,1145000,869000,133000,116000,27000,502000
500043,Arkansas,3,2,MOUNTAIN HOME SCHOOL DISTRICT,3914,47331000,4808000,3383000,849000,418000,159000,1387000
500044,Arkansas,3,3,MAGNOLIA SCHOOL DISTRICT,2662,35601000,2366000,1503000,554000,308000,1000,939000
500045,Arkansas,3,2,RIVERCREST SCHOOL DISTRICT #57,1116,17219000,972000,697000,173000,87000,15000,384000
500046,Arkansas,3,3,MANILA SCHOOL DISTRICT,1076,11986000,669000,576000,68000,24000,0,400000
500047,Arkansas,3,3,TRUMANN SCHOOL DISTRICT,1573,16528000,1268000,789000,90000,386000,4000,514000
500048,Arkansas,3,3,EAST POINSETT CO. SCHOOL DIST.,621,7963000,563000,430000,108000,22000,3000,297000
500049,Arkansas,3,3,DEQUEEN SCHOOL DISTRICT,2320,28977000,1747000,1165000,448000,111000,23000,701000
500051,Arkansas,3,3,PALESTINE-WHEATLEY SCH. DIST.,775,9541000,723000,467000,249000,7000,0,207000
500065,Arkansas,3,3,LAFAYETTE COUNTY SCHOOL DISTRICT,516,8827000,644000,529000,75000,18000,22000,169000
500067,Arkansas,3,3,CLEVELAND COUNTY SCHOOL DIST.,739,9168000,720000,543000,177000,0,0,329000
500068,Arkansas,3,3,EMERSON-TAYLOR SCHOOL DISTRICT,1171,13470000,846000,747000,100000,0,0,318000
500070,Arkansas,3,3,CEDAR RIDGE SCHOOL DISTRICT,641,11045000,716000,500000,135000,81000,0,311000
500071,Arkansas,3,3,HILLCREST SCHOOL DISTRICT,434,6506000,404000,310000,45000,44000,4000,188000
500072,Arkansas,3,3,DEER/MT. JUDEA SCHOOL DISTRICT,356,5426000,215000,126000,89000,0,0,83000
500073,Arkansas,3,3,OUACHITA RIVER SCHOOL DISTRICT,799,9242000,466000,375000,80000,11000,0,167000
500076,Arkansas,3,3,OZARK MOUNTAIN SCHOOL DISTRICT,571,8562000,615000,406000,125000,85000,0,180000
500079,Arkansas,3,3,TWO RIVERS SCHOOL DISTRICT,783,10676000,782000,624000,133000,18000,8000,340000
500082,Arkansas,3,3,LAWRENCE COUNTY SCHOOL DISTRICT,1042,11474000,644000,578000,35000,32000,0,277000
500405,Arkansas,3,3,COSSATOT RIVER SCHOOL DISTRICT,861,14101000,664000,534000,126000,4000,0,333000
500419,Arkansas,3,3,JACKSONVILLE NORTH PULASKI SCHOOL DISTRICT,4517,50879000,4665000,2706000,1513000,422000,24000,1428000
502250,Arkansas,3,3,ALMA SCHOOL DISTRICT,3143,35449000,3200000,2470000,303000,316000,111000,1454000
502280,Arkansas,3,3,ALPENA SCHOOL DISTRICT,470,5450000,514000,442000,50000,21000,0,242000
502430,Arkansas,3,3,ARKADELPHIA SCHOOL DISTRICT,1913,19636000,1800000,1458000,163000,172000,6000,820000
502550,Arkansas,3,3,ARMOREL SCHOOL DISTRICT,416,5667000,409000,312000,95000,2000,0,151000
502580,Arkansas,3,3,ASHDOWN SCHOOL DISTRICT,1308,16561000,1346000,757000,483000,96000,0,462000
502610,Arkansas,3,3,ATKINS SCHOOL DISTRICT,989,11674000,1110000,955000,130000,0,24000,414000
502670,Arkansas,3,3,AUGUSTA SCHOOL DISTRICT,371,7045000,534000,432000,1000,86000,14000,196000
502700,Arkansas,3,3,BALD KNOB SCHOOL DISTRICT,1106,14829000,849000,745000,92000,13000,0,445000
502730,Arkansas,3,3,BARTON-LEXA SCHOOL DISTRICT,674,8862000,759000,383000,290000,68000,0,266000
502790,Arkansas,3,2,BAUXITE SCHOOL DISTRICT,1659,16549000,1402000,1270000,99000,33000,0,660000
502820,Arkansas,3,3,BAY SCHOOL DISTRICT,562,6590000,634000,583000,34000,17000,0,252000
502880,Arkansas,3,3,BEEBE SCHOOL DISTRICT,3394,34361000,3377000,2683000,293000,269000,132000,1554000
502960,Arkansas,3,3,BENTON SCHOOL DISTRICT,5904,55301000,5171000,3854000,662000,397000,259000,2189000
503030,Arkansas,3,3,PEA RIDGE SCHOOL DISTRICT,2494,25677000,2293000,1464000,667000,133000,27000,719000
503060,Arkansas,3,3,BENTONVILLE SCHOOL DISTRICT,18674,231134000,25362000,13621000,6480000,4346000,915000,7797000
503090,Arkansas,3,3,BERGMAN SCHOOL DISTRICT,1124,11649000,741000,633000,104000,4000,0,329000
503150,Arkansas,3,3,BERRYVILLE SCHOOL DISTRICT,1863,23335000,2594000,1774000,607000,152000,61000,804000
503240,Arkansas,3,3,BISMARCK SCHOOL DISTRICT,1020,10751000,677000,487000,70000,99000,21000,317000
503300,Arkansas,3,3,BLEVINS SCHOOL DISTRICT,450,6390000,478000,388000,54000,36000,0,123000
503320,Arkansas,3,3,BLYTHEVILLE SCHOOL DISTRICT,1581,22966000,1297000,981000,66000,176000,74000,515000
503420,Arkansas,3,3,LEAD HILL SCHOOL DISTRICT,377,5307000,373000,262000,93000,17000,0,151000
503450,Arkansas,3,3,BOONEVILLE SCHOOL DISTRICT,1344,14660000,969000,828000,72000,32000,37000,437000
503480,Arkansas,3,3,BRADFORD SCHOOL DISTRICT,473,5423000,268000,247000,21000,0,0,127000
503630,Arkansas,3,3,BRINKLEY SCHOOL DISTRICT,469,7232000,344000,246000,40000,59000,0,133000
503640,Arkansas,3,3,BROOKLAND SCHOOL DISTRICT,3060,30769000,3857000,2873000,473000,408000,103000,1587000
503690,Arkansas,3,3,BRYANT SCHOOL DISTRICT,9766,97721000,11852000,9904000,1243000,618000,87000,5549000
503710,Arkansas,3,3,BUFFALO IS. CENTRAL SCH. DIST.,731,9206000,747000,439000,222000,86000,0,286000
503750,Arkansas,3,2,CABOT SCHOOL DISTRICT,10696,115426000,14736000,12202000,1564000,971000,0,6891000
503770,Arkansas,3,2,CADDO HILLS SCHOOL DISTRICT,589,7787000,601000,465000,42000,78000,16000,198000
503840,Arkansas,3,3,CALICO ROCK SCHOOL DISTRICT,385,5440000,309000,286000,19000,0,4000,125000
503960,Arkansas,3,3,CARLISLE SCHOOL DISTRICT,677,8733000,533000,320000,102000,111000,0,189000
504020,Arkansas,3,3,WESTSIDE CONS. SCHOOL DISTRICT,1824,19700000,1653000,1299000,180000,134000,40000,826000
504050,Arkansas,3,2,CAVE CITY SCHOOL DISTRICT,1235,15857000,1071000,831000,143000,85000,12000,403000
504080,Arkansas,3,3,CEDARVILLE SCHOOL DISTRICT,721,10658000,825000,515000,182000,129000,0,370000
504110,Arkansas,3,3,GENOA CENTRAL SCHOOL DISTRICT,1183,13219000,821000,527000,189000,79000,26000,306000
504170,Arkansas,3,3,WHITE CO. CENTRAL SCHOOL DIST.,899,9270000,501000,460000,31000,10000,0,289000
504200,Arkansas,3,3,CHARLESTON SCHOOL DISTRICT,889,9261000,536000,468000,69000,0,0,258000
504350,Arkansas,3,3,CLARENDON SCHOOL DISTRICT,472,7269000,582000,414000,80000,88000,0,136000
504370,Arkansas,3,3,RECTOR SCHOOL DISTRICT,616,8031000,402000,342000,50000,10000,0,197000
504380,Arkansas,3,3,CLARKSVILLE SCHOOL DISTRICT,2525,30621000,2933000,2385000,267000,152000,130000,961000
504410,Arkansas,3,3,CLINTON SCHOOL DISTRICT,1338,16695000,1679000,1375000,260000,14000,30000,496000
504560,Arkansas,3,3,CONCORD SCHOOL DISTRICT,373,6156000,429000,309000,83000,38000,0,177000
504590,Arkansas,3,3,CONWAY SCHOOL DISTRICT,10251,119822000,12551000,9959000,1477000,750000,365000,6508000
504680,Arkansas,3,3,COTTER SCHOOL DISTRICT,728,8753000,672000,474000,179000,11000,9000,218000
504740,Arkansas,3,3,COUNTY LINE SCHOOL DISTRICT,565,6144000,401000,294000,106000,0,0,170000
504800,Arkansas,3,3,CROSSETT SCHOOL DISTRICT,1654,18883000,1379000,893000,353000,115000,18000,356000
504860,Arkansas,3,3,CUTTER-MORNING STAR SCH. DIST.,690,9430000,663000,340000,290000,34000,0,206000
504890,Arkansas,3,3,DANVILLE SCHOOL DISTRICT,787,10370000,758000,593000,152000,0,13000,257000
504930,Arkansas,3,3,DARDANELLE SCHOOL DISTRICT,2064,24469000,2075000,2011000,44000,4000,16000,1091000
504980,Arkansas,3,3,DECATUR SCHOOL DISTRICT,619,7755000,423000,380000,12000,15000,16000,202000
505170,Arkansas,3,3,DERMOTT SCHOOL DISTRICT,337,6053000,566000,490000,0,76000,0,233000
505190,Arkansas,3,3,DES ARC SCHOOL DISTRICT,636,7116000,500000,463000,19000,4000,15000,244000
505340,Arkansas,3,3,DIERKS SCHOOL DISTRICT,523,6774000,530000,319000,194000,17000,0,210000
505430,Arkansas,3,3,DOVER SCHOOL DISTRICT,1254,14763000,952000,867000,73000,12000,0,523000
505470,Arkansas,3,3,DREW CENTRAL SCHOOL DISTRICT,1262,14722000,1191000,603000,531000,57000,0,314000
505500,Arkansas,3,3,DUMAS SCHOOL DISTRICT,1001,16629000,1190000,866000,209000,94000,21000,459000
505550,Arkansas,3,3,EARLE SCHOOL DISTRICT,435,8626000,387000,259000,106000,22000,0,102000
505580,Arkansas,3,3,EAST END SCHOOL DISTRICT,667,7717000,706000,574000,91000,41000,0,357000
505680,Arkansas,3,3,EL DORADO SCHOOL DISTRICT,4051,51933000,4042000,2639000,770000,485000,105000,1299000
505760,Arkansas,3,3,ELKINS SCHOOL DISTRICT,1404,14276000,793000,771000,0,4000,17000,440000
505850,Arkansas,3,3,ENGLAND SCHOOL DISTRICT,648,9247000,635000,441000,51000,124000,19000,279000
505970,Arkansas,3,3,EUREKA SPRINGS SCHOOL DISTRICT,661,10189000,906000,541000,282000,84000,0,270000
506060,Arkansas,3,3,CAMDEN FAIRVIEW SCHOOL DIST.,2222,30691000,2415000,1607000,524000,235000,48000,816000
506090,Arkansas,3,3,FARMINGTON SCHOOL DISTRICT,2685,25965000,1894000,1783000,39000,40000,31000,984000
506120,Arkansas,3,2,FAYETTEVILLE SCHOOL DISTRICT,10560,138174000,15873000,13019000,1587000,936000,332000,7680000
506150,Arkansas,3,3,FLIPPIN SCHOOL DISTRICT,915,12704000,1041000,817000,175000,29000,20000,345000
506210,Arkansas,3,3,FORDYCE SCHOOL DISTRICT,732,12276000,2009000,1791000,110000,107000,0,173000
506240,Arkansas,3,3,FOREMAN SCHOOL DISTRICT,490,6601000,399000,373000,14000,5000,7000,230000
506270,Arkansas,3,3,FORREST CITY SCHOOL DISTRICT,2159,31111000,2921000,1975000,494000,413000,39000,821000
506330,Arkansas,3,2,FORT SMITH SCHOOL DISTRICT,14291,178046000,17570000,10989000,4961000,1573000,47000,6821000
506360,Arkansas,3,3,FOUKE SCHOOL DISTRICT,1155,12438000,685000,523000,149000,3000,10000,286000
506420,Arkansas,3,2,FOUNTAIN LAKE SCHOOL DISTRICT,1349,19234000,1679000,1297000,262000,118000,2000,737000
506540,Arkansas,3,3,GENTRY SCHOOL DISTRICT,1617,20175000,1940000,1494000,141000,230000,76000,833000
506630,Arkansas,3,3,GLEN ROSE SCHOOL DISTRICT,985,11679000,804000,591000,134000,79000,0,356000
506690,Arkansas,3,2,CENTERPOINT SCHOOL DISTRICT,974,13869000,933000,724000,118000,83000,7000,489000
506840,Arkansas,3,3,GRAVETTE SCHOOL DISTRICT,2076,24099000,2293000,1631000,433000,204000,26000,959000
506870,Arkansas,3,3,GREEN FOREST SCHOOL DISTRICT,1467,17948000,1972000,1251000,484000,188000,48000,555000
506900,Arkansas,3,3,GREENBRIER SCHOOL DISTRICT,3862,38911000,3510000,2332000,785000,359000,34000,1232000
506930,Arkansas,3,3,GREENLAND SCHOOL DISTRICT,767,10262000,608000,590000,0,3000,15000,321000
506990,Arkansas,3,3,GREENWOOD SCHOOL DISTRICT,3956,44371000,6585000,4801000,1136000,638000,9000,2487000
507110,Arkansas,3,3,GURDON SCHOOL DISTRICT,645,9305000,634000,402000,139000,93000,0,167000
507140,Arkansas,3,3,GUY-PERKINS SCHOOL DISTRICT,350,4761000,307000,272000,36000,0,0,128000
507170,Arkansas,3,3,HACKETT SCHOOL DISTRICT,820,9126000,663000,395000,165000,102000,0,253000
507230,Arkansas,3,3,HAMPTON SCHOOL DISTRICT,543,7417000,518000,244000,165000,107000,0,103000
507290,Arkansas,3,3,HARMONY GROVE SCHOOL DISTRICT,915,10798000,660000,386000,123000,132000,19000,150000
507320,Arkansas,3,3,HARMONY GROVE SCHOOL DISTRICT,1244,13192000,1044000,747000,150000,147000,0,450000
507350,Arkansas,3,3,HARRISBURG SCHOOL DISTRICT,1074,15443000,1389000,980000,262000,121000,5000,645000
507380,Arkansas,3,3,HARRISON SCHOOL DISTRICT,2774,34581000,2753000,2341000,263000,148000,1000,991000
507530,Arkansas,3,3,HAZEN SCHOOL DISTRICT,556,7305000,488000,365000,82000,31000,10000,178000
507560,Arkansas,3,3,HEBER SPRINGS SCHOOL DISTRICT,1620,17193000,1719000,1127000,380000,153000,59000,555000
507620,Arkansas,3,3,HECTOR SCHOOL DISTRICT,626,8228000,549000,501000,37000,0,10000,230000
507680,Arkansas,3,3,HELENA/ W.HELENA SCHOOL DIST.,1012,14785000,1219000,903000,91000,225000,0,430000
507710,Arkansas,3,3,HERMITAGE SCHOOL DISTRICT,442,6284000,263000,201000,16000,47000,0,64000
507770,Arkansas,3,3,HIGHLAND SCHOOL DISTRICT,1612,20731000,1507000,1310000,72000,65000,60000,703000
507840,Arkansas,3,3,HOPE SCHOOL DISTRICT,2263,32171000,1826000,1194000,350000,224000,57000,560000
507860,Arkansas,3,3,HORATIO SCHOOL DISTRICT,694,9465000,629000,337000,222000,71000,0,182000
507890,Arkansas,3,2,HOT SPRINGS SCHOOL DISTRICT,3690,54428000,4933000,3526000,914000,434000,60000,1955000
507920,Arkansas,3,3,JESSIEVILLE SCHOOL DISTRICT,846,10688000,699000,441000,129000,122000,7000,211000
507990,Arkansas,3,3,HOXIE SCHOOL DISTRICT,868,10553000,453000,316000,85000,44000,8000,201000
508040,Arkansas,3,2,WEST MEMPHIS SCHOOL DISTRICT,4954,64879000,3888000,2775000,449000,539000,125000,1171000
508130,Arkansas,3,3,HUNTSVILLE SCHOOL DISTRICT,2339,27078000,2126000,1524000,483000,115000,4000,810000
508240,Arkansas,3,3,JASPER SCHOOL DISTRICT,888,13334000,865000,738000,78000,44000,5000,252000
508280,Arkansas,3,3,JONESBORO SCHOOL DISTRICT,6709,84559000,6829000,5165000,956000,469000,239000,2925000
508340,Arkansas,3,3,JUNCTION CITY SCHOOL DISTRICT,702,7934000,590000,395000,60000,135000,0,219000
508400,Arkansas,3,3,RIVERVIEW SCHOOL DISTRICT,1144,14282000,960000,659000,201000,100000,0,389000
508490,Arkansas,3,3,KIRBY SCHOOL DISTRICT,448,4896000,389000,217000,111000,60000,0,140000
508610,Arkansas,3,3,LAKE HAMILTON SCHOOL DISTRICT,4131,50698000,4592000,2939000,1277000,301000,75000,1660000
508640,Arkansas,3,3,LAKESIDE SCHOOL DISTRICT (CHICOT COUNTY),889,14575000,851000,510000,211000,130000,0,301000
508670,Arkansas,3,3,LAKESIDE SCHOOL DISTRICT,3466,39712000,2994000,2194000,639000,141000,19000,1330000
508700,Arkansas,3,3,LAMAR SCHOOL DISTRICT,1284,15970000,1228000,1013000,194000,0,22000,533000
508730,Arkansas,3,3,LAVACA SCHOOL DISTRICT,837,9534000,809000,630000,171000,7000,2000,303000
508940,Arkansas,3,2,LINCOLN SCHOOL DISTRICT,1122,15365000,1099000,1075000,0,16000,8000,579000
509000,Arkansas,3,3,LITTLE ROCK SCHOOL DISTRICT,21456,342416000,34331000,26287000,4233000,3442000,346000,15401000
509060,Arkansas,3,3,LONOKE SCHOOL DISTRICT,1603,18510000,1511000,1003000,261000,153000,86000,595000
509150,Arkansas,3,3,MAGAZINE SCHOOL DISTRICT,493,7304000,342000,312000,28000,2000,0,141000
509190,Arkansas,3,3,MAGNET COVE SCHOOL DIST.,725,9147000,750000,418000,292000,40000,0,225000
509240,Arkansas,3,3,MALVERN SCHOOL DISTRICT,1831,25279000,2244000,1254000,783000,197000,10000,699000
509270,Arkansas,3,3,MAMMOTH SPRING SCHOOL DISTRICT,508,6854000,261000,259000,0,1000,0,134000
509330,Arkansas,3,3,MANSFIELD SCHOOL DISTRICT,775,9451000,726000,544000,175000,7000,0,335000
509360,Arkansas,3,3,LEE COUNTY SCHOOL DISTRICT,631,13088000,592000,393000,144000,34000,21000,323000
509390,Arkansas,3,3,MARION SCHOOL DISTRICT,3902,46652000,4238000,2888000,735000,461000,154000,1594000
509420,Arkansas,3,3,MARKED TREE SCHOOL DISTRICT,530,7051000,619000,453000,146000,20000,0,259000
509480,Arkansas,3,3,SEARCY COUNTY SCHOOL DISTRICT,841,12157000,890000,704000,128000,38000,19000,364000
509510,Arkansas,3,3,MARVELL SCHOOL DISTRICT,331,6498000,142000,44000,65000,33000,0,10000
509540,Arkansas,3,3,MAYFLOWER SCHOOL DISTRICT,1045,10292000,845000,741000,97000,3000,4000,464000
509570,Arkansas,3,3,MAYNARD SCHOOL DISTRICT,583,6503000,450000,426000,24000,0,0,293000
509600,Arkansas,3,3,MCCRORY SCHOOL DISTRICT,574,6898000,568000,450000,30000,81000,7000,161000
509630,Arkansas,3,3,MCGEHEE SCHOOL DISTRICT,1098,14648000,1395000,1052000,113000,167000,64000,501000
509720,Arkansas,3,3,MELBOURNE SCHOOL DISTRICT,871,10520000,583000,490000,72000,21000,0,193000
509750,Arkansas,3,2,MENA SCHOOL DISTRICT,1745,22841000,1871000,1220000,546000,104000,0,583000
509780,Arkansas,3,3,MINERAL SPRINGS SCHOOL DIST.,375,8405000,432000,362000,38000,18000,14000,180000
509840,Arkansas,3,3,MONTICELLO SCHOOL DISTRICT,1671,21764000,1655000,1214000,375000,39000,27000,503000
509990,Arkansas,3,3,MOUNT IDA SCHOOL DISTRICT,447,6537000,478000,375000,94000,0,9000,161000
510080,Arkansas,3,3,MT. VERNON/ENOLA SCHOOL DIST.,558,6409000,409000,284000,58000,67000,0,132000
510170,Arkansas,3,3,MOUNTAIN PINE SCHOOL DISTRICT,641,9663000,1176000,753000,299000,115000,9000,372000
510200,Arkansas,3,3,MOUNTAIN VIEW SCHOOL DISTRICT,1613,21876000,1599000,1408000,101000,69000,20000,644000
510260,Arkansas,3,2,MOUNTAINBURG SCHOOL DISTRICT,660,8241000,772000,554000,116000,101000,0,307000
510290,Arkansas,3,3,MULBERRY SCHOOL DISTRICT,431,6421000,506000,355000,106000,41000,3000,170000
510320,Arkansas,3,3,SOUTH PIKE COUNTY SCHOOL DISTRICT,655,8695000,795000,552000,203000,39000,0,361000
510380,Arkansas,3,3,NASHVILLE SCHOOL DISTRICT,1931,22383000,1774000,1448000,153000,149000,25000,709000
510410,Arkansas,3,3,NEMO VISTA SCHOOL DISTRICT,538,6853000,572000,415000,157000,0,0,225000
510440,Arkansas,3,3,NETTLETON SCHOOL DISTRICT,3633,46305000,4350000,3675000,474000,201000,0,1844000
510560,Arkansas,3,3,NORFORK SCHOOL DISTRICT,470,6738000,491000,320000,142000,16000,14000,182000
510680,Arkansas,3,2,N. LITTLE ROCK SCHOOL DISTRICT,8200,105934000,9784000,6185000,2688000,910000,0,3376000
510920,Arkansas,3,3,OMAHA SCHOOL DISTRICT,400,5683000,336000,211000,76000,49000,0,87000
510950,Arkansas,3,3,OSCEOLA SCHOOL DISTRICT,983,18076000,964000,728000,39000,160000,37000,245000
510980,Arkansas,3,3,OUACHITA SCHOOL DISTRICT,550,5339000,355000,285000,52000,17000,0,207000
511010,Arkansas,3,3,OZARK SCHOOL DISTRICT,1777,20928000,1316000,1085000,77000,154000,0,496000
511070,Arkansas,3,3,PANGBURN SCHOOL DISTRICT,753,9670000,467000,432000,35000,1000,0,197000
511130,Arkansas,3,3,PARIS SCHOOL DISTRICT,1083,13948000,910000,717000,56000,119000,18000,393000
511220,Arkansas,3,3,PARKERS CHAPEL SCHOOL DIST.,846,8803000,497000,381000,116000,0,0,180000
511340,Arkansas,3,3,PERRYVILLE SCHOOL DISTRICT,904,10958000,831000,761000,50000,5000,15000,459000
511370,Arkansas,3,3,PIGGOTT SCHOOL DISTRICT,849,9253000,652000,617000,35000,0,0,370000
511610,Arkansas,3,3,POCAHONTAS SCHOOL DISTRICT,2004,20887000,2888000,2394000,317000,120000,56000,1178000
511700,Arkansas,3,3,POTTSVILLE SCHOOL DISTRICT,1856,19161000,1412000,1276000,116000,4000,16000,792000
511730,Arkansas,3,3,POYEN SCHOOL DISTRICT,508,5409000,492000,458000,32000,1000,0,261000
511760,Arkansas,3,2,PRAIRIE GROVE SCHOOL DISTRICT,2207,22045000,1241000,1114000,102000,18000,7000,642000
511820,Arkansas,3,3,PRESCOTT SCHOOL DISTRICT,938,11040000,537000,329000,191000,5000,0,171000
511850,Arkansas,3,2,PULASKI CO. SPEC. SCHOOL DIST.,12244,170609000,19225000,14520000,2829000,1876000,0,5332000
511880,Arkansas,3,3,QUITMAN SCHOOL DISTRICT,882,9271000,616000,455000,126000,0,35000,234000
511970,Arkansas,3,2,ROGERS SCHOOL DISTRICT,15964,183894000,16643000,12516000,2330000,1729000,68000,7541000
512000,Arkansas,3,3,ROSE BUD SCHOOL DISTRICT,752,9272000,610000,561000,48000,0,0,211000
512060,Arkansas,3,3,RUSSELLVILLE SCHOOL DISTRICT,5602,74204000,7209000,5383000,1095000,535000,197000,3471000
512090,Arkansas,3,3,SALEM SCHOOL DISTRICT,876,9620000,490000,353000,111000,24000,2000,246000
512180,Arkansas,3,3,SCRANTON SCHOOL DISTRICT,437,5210000,253000,227000,24000,3000,0,156000
512210,Arkansas,3,3,SEARCY SCHOOL DISTRICT,4003,42906000,3796000,3098000,481000,216000,0,1798000
512420,Arkansas,3,3,SHIRLEY SCHOOL DISTRICT,319,5108000,453000,357000,65000,23000,8000,186000
512450,Arkansas,3,2,SILOAM SPRINGS SCHOOL DISTRICT,4612,53056000,5561000,3797000,623000,928000,213000,2014000
512480,Arkansas,3,3,SLOAN-HENDRIX SCHOOL DIST.,805,8730000,510000,410000,66000,34000,0,208000
512510,Arkansas,3,3,SMACKOVER SCHOOL DISTRICT,1161,13807000,1024000,755000,137000,124000,9000,307000
512520,Arkansas,3,3,SO. CONWAY CO. SCHOOL DISTRICT,2459,29556000,2859000,1458000,1174000,200000,28000,910000
512540,Arkansas,3,2,SOUTHSIDE SCHOOL DISTRICT,2234,22449000,2201000,1486000,484000,231000,0,994000
512570,Arkansas,3,3,SOUTH SIDE SCHOOL DISTRICT,542,8372000,744000,561000,143000,26000,14000,264000
512630,Arkansas,3,3,SPRING HILL SCHOOL DISTRICT,621,6487000,460000,342000,112000,6000,0,218000
512660,Arkansas,3,2,SPRINGDALE SCHOOL DISTRICT,22745,276256000,21263000,15513000,2236000,2213000,1301000,9207000
512930,Arkansas,3,3,STRONG-HUTTIG SCHOOL DISTRICT,316,5619000,310000,183000,126000,0,0,93000
512960,Arkansas,3,3,STUTTGART SCHOOL DISTRICT,1593,18408000,1330000,976000,208000,133000,13000,565000
513080,Arkansas,3,3,GREENE CO. TECH SCHOOL DIST.,3652,41074000,5572000,4064000,800000,624000,84000,2017000
513110,Arkansas,3,3,TEXARKANA SCHOOL DISTRICT,3888,60376000,3639000,2962000,323000,284000,70000,1452000
513230,Arkansas,3,3,JACKSON CO. SCHOOL DISTRICT,937,10874000,542000,402000,138000,2000,0,232000
513350,Arkansas,3,3,VALLEY SPRINGS SCHOOL DISTRICT,852,9603000,765000,577000,187000,0,0,290000
513380,Arkansas,3,3,VALLEY VIEW SCHOOL DISTRICT,2994,31123000,3516000,2395000,914000,163000,44000,1317000
513410,Arkansas,3,2,VAN BUREN SCHOOL DISTRICT,5911,66883000,5866000,4904000,416000,409000,138000,2720000
513530,Arkansas,3,2,VILONIA SCHOOL DISTRICT,3053,31845000,3005000,1969000,760000,179000,97000,1063000
513560,Arkansas,3,3,VIOLA SCHOOL DISTRICT,387,5654000,334000,292000,30000,13000,0,137000
513680,Arkansas,3,2,WALDRON SCHOOL DISTRICT,1576,18335000,1294000,1064000,50000,148000,32000,600000
513930,Arkansas,3,3,WATSON CHAPEL SCHOOL DISTRICT,1796,26468000,1911000,1424000,296000,190000,0,683000
514010,Arkansas,3,3,WEST FORK SCHOOL DISTRICT,872,10380000,648000,615000,1000,6000,27000,336000
514020,Arkansas,3,3,WESTSIDE SCHOOL DISTRICT,629,8291000,627000,460000,150000,17000,0,278000
514040,Arkansas,3,3,WEST SIDE SCHOOL DISTRICT,506,7872000,575000,503000,72000,0,0,230000
514140,Arkansas,3,3,WHITE HALL SCHOOL DISTRICT,3028,31422000,2516000,1964000,327000,176000,49000,1176000
514370,Arkansas,3,3,WONDERVIEW SCHOOL DISTRICT,482,5488000,212000,196000,17000,0,0,75000
514400,Arkansas,3,3,WOODLAWN SCHOOL DISTRICT,573,6165000,367000,312000,21000,34000,0,196000
514430,Arkansas,3,3,WYNNE SCHOOL DISTRICT,2484,29273000,3346000,2393000,470000,456000,25000,1564000
514490,Arkansas,3,3,YELLVILLE-SUMMIT SCHOOL DIST.,1000,12115000,1080000,659000,246000,91000,83000,350000
600001,California,3,3,Acton-Agua Dulce Unified,1002,19594000,3201000,2133000,464000,200000,404000,701000
600006,California,1,3,Ross Valley Elementary,1714,28276000,5437000,3766000,891000,213000,566000,738000
600011,California,3,2,Fort Sage Unified,248,4727000,229000,229000,0,0,0,128000
600012,California,1,3,Twin Ridges Elementary,94,2709000,523000,411000,17000,0,14000,57000
600013,California,3,3,Rocklin Unified,11389,168660000,33110000,24476000,5509000,2605000,90000,9596000
600014,California,3,3,Hesperia Unified,22945,357290000,59233000,44538000,7604000,1612000,4471000,17331000
600015,California,3,3,Lucerne Valley Unified,1028,21737000,1818000,1081000,141000,322000,164000,397000
600016,California,3,3,Upland Unified,10058,169951000,29050000,23869000,1807000,1726000,1201000,9573000
600017,California,3,3,Apple Valley Unified,13581,172949000,33698000,31047000,831000,0,1818000,8395000
600018,California,3,3,Mountain Valley Unified,329,6143000,326000,326000,0,0,0,77000
600019,California,3,3,Dublin Unified,12525,190583000,27053000,17280000,5525000,2038000,2210000,7262000
600020,California,3,3,Pleasanton Unified,13837,224370000,44395000,33067000,5716000,3650000,1851000,9259000
600021,California,1,3,Sunol Glen Unified,268,4767000,357000,328000,0,29000,0,117000
600022,California,3,3,Mendota Unified,3920,65581000,3943000,3139000,804000,0,0,709000
600025,California,3,3,Manhattan Beach Unified,5870,106337000,26495000,19988000,4363000,233000,407000,5142000
600026,California,3,3,El Tejon Unified,686,13534000,1370000,919000,303000,0,149000,373000
600027,California,3,3,Lake Elsinore Unified,20788,334448000,57573000,43088000,9280000,2529000,2486000,14467000
600028,California,3,3,Temecula Valley Unified,26510,375908000,75165000,63329000,6161000,4537000,600000,23532000
600029,California,3,3,Murrieta Valley Unified,22274,335752000,69264000,54526000,8019000,3466000,3243000,23654000
600032,California,3,3,Redondo Beach Unified,9522,135634000,28258000,22012000,2383000,385000,1693000,6716000
600033,California,3,3,Dos Palos Oro Loma Joint Unified,2283,42461000,3412000,2241000,912000,259000,0,1077000
600034,California,3,2,Windsor Unified,4619,72192000,11825000,8580000,2969000,185000,0,3329000
600035,California,3,3,Farmersville Unified,2451,50707000,2557000,1864000,694000,0,0,694000
600036,California,3,2,Natomas Unified,14531,217447000,30981000,25824000,2910000,1944000,191000,8808000
600037,California,3,3,Ferndale Unified,469,7393000,642000,637000,0,0,5000,154000
600039,California,3,3,Delhi Unified,2392,45656000,3788000,2378000,1213000,184000,13000,1296000
600040,California,3,3,Riverdale Joint Unified,1469,27811000,1968000,1427000,486000,55000,0,608000
600042,California,3,3,Warner Unified,203,5835000,563000,563000,0,0,0,109000
600043,California,3,3,Scotts Valley Unified,2166,31119000,6023000,3985000,1239000,480000,319000,621000
600044,California,3,3,Healdsburg Unified,1229,30708000,4783000,3775000,811000,177000,20000,662000
600045,California,3,3,Orland Joint Unified,2262,33889000,2866000,2734000,132000,0,0,896000
600046,California,3,3,Gonzales Unified,2110,40764000,6157000,4569000,1108000,281000,198000,1402000
600047,California,3,2,Tracy Joint Unified,13889,234384000,28224000,17241000,5048000,1300000,4201000,3913000
600048,California,3,3,Paso Robles Joint Unified,6339,103421000,17824000,14212000,2023000,1096000,478000,4786000
600049,California,3,3,Coast Unified,488,14938000,1577000,976000,219000,0,347000,363000
600051,California,3,3,Gridley Unified,2035,33154000,3854000,2590000,867000,2000,293000,1134000
600052,California,3,3,Eureka City Schools,3580,57706000,7405000,5501000,1850000,53000,0,1762000
600060,California,3,3,Hughson Unified,2153,34566000,4421000,3711000,654000,55000,0,971000
600061,California,3,2,Riverbank Unified,2969,49375000,8067000,6909000,670000,487000,0,1067000
600062,California,3,2,Oakdale Joint Unified,5220,77024000,13355000,10273000,2769000,75000,236000,2839000
600063,California,3,3,Waterford Unified,1808,35270000,7227000,6461000,467000,270000,22000,1421000
600064,California,3,2,Porterville Unified,14208,269775000,12891000,9805000,2681000,304000,0,4480000
600065,California,3,3,Dinuba Unified,6471,104171000,6636000,5157000,1378000,100000,0,2013000
600067,California,3,3,Caruthers Unified,1567,29500000,1967000,1500000,367000,100000,0,633000
600068,California,3,3,Golden Valley Unified,2566,33763000,3668000,2373000,858000,157000,106000,1067000
600069,California,3,3,Valley Center-Pauma Unified,3790,60003000,9538000,7344000,1072000,4000,484000,3696000
600116,California,3,2,Chawanakee Unified,1432,24226000,2013000,1361000,479000,43000,131000,581000
600153,California,3,3,Alhambra Unified,14877,297764000,58449000,32460000,14540000,7798000,3186000,9682000
600158,California,3,3,Turlock Unified,13359,225891000,45484000,40905000,1737000,2835000,0,10924000
600159,California,3,3,Scott Valley Unified,622,12117000,404000,403000,0,0,0,170000
600160,California,3,3,Yosemite Unified,1385,22988000,2577000,2166000,160000,0,200000,696000
601325,California,3,3,Arena Union Elementary/Point Arena Joint Union High,355,10533000,1125000,1036000,78000,7000,0,157000
601327,California,3,3,Santa Cruz City Elementary/High,6106,109863000,21373000,15354000,4360000,1057000,560000,5067000
601328,California,3,3,Petaluma City Elementary/Joint Union High,7054,116108000,25150000,18089000,2782000,2420000,1829000,6515000
601329,California,3,3,Santa Rosa City Schools,14788,264640000,60629000,45937000,8538000,458000,5493000,14227000
601330,California,3,3,Modesto City Schools,29512,534134000,85272000,60727000,16008000,2785000,5727000,22041000
601331,California,3,3,Trinity Alps Unified,672,11673000,1132000,1086000,0,0,46000,301000
601332,California,3,2,Twin Rivers Unified,24043,464563000,73258000,52115000,9814000,4027000,6702000,17274000
601409,California,3,3,Bishop Unified,1928,32516000,3223000,3064000,158000,0,0,993000
601410,California,3,3,Lammersville Joint Unified,7520,86744000,8312000,5421000,1897000,915000,76000,1907000
601414,California,3,2,Santa Barbara Unified,12579,227602000,37589000,23601000,8400000,3611000,1967000,9137000
601415,California,3,3,Washington Unified,2548,47163000,2740000,1809000,848000,80000,3000,772000
601418,California,3,3,Woodlake Unified,2099,37738000,2424000,1533000,542000,345000,0,569000
601420,California,1,3,Fortuna Elementary,1104,19460000,2483000,2302000,0,8000,0,967000
601421,California,3,3,Santa Paula Unified,4852,100046000,14811000,12312000,922000,633000,843000,4048000
601423,California,3,3,Exeter Unified,2663,44243000,4249000,2710000,1393000,146000,0,755000
601426,California,3,2,Bonsall Unified,2154,34956000,7441000,5361000,912000,488000,677000,1462000
601427,California,3,2,Penn Valley Union Elementary,609,8239000,728000,490000,70000,156000,13000,135000
601428,California,3,3,Wiseburn Unified,2490,38613000,7002000,3062000,3362000,477000,70000,1127000
601442,California,3,3,Upper Lake Unified,891,19154000,2219000,903000,373000,387000,140000,323000
601620,California,3,3,ABC Unified,18304,315454000,46525000,31535000,7071000,5149000,2546000,13120000
601650,California,2,3,Acalanes Union High,5389,103077000,15279000,9355000,2493000,2798000,634000,3092000
601710,California,1,3,Adelanto Elementary,7742,141595000,21731000,15077000,4603000,295000,1756000,5462000
601770,California,3,3,Alameda Unified,8803,149274000,37038000,27576000,4478000,1441000,3020000,7082000
601860,California,3,3,Albany City Unified,3519,62525000,10514000,7607000,999000,1517000,295000,1948000
601890,California,1,3,Alexander Valley Union Elementary,112,2765000,156000,117000,39000,0,0,51000
601950,California,1,3,Alisal Union,7509,132721000,18853000,12755000,2981000,676000,1314000,3969000
602070,California,1,3,Alpine County Unified,68,3434000,353000,279000,74000,0,0,97000
602100,California,1,3,Alpine Union Elementary,1523,21996000,2501000,1990000,503000,8000,0,765000
602160,California,1,3,Alta Loma Elementary,5494,78688000,13197000,10282000,1588000,767000,552000,4136000
602250,California,1,3,Alta-Dutch Flat Union Elementary,90,1607000,195000,126000,51000,0,18000,21000
602310,California,1,2,Alum Rock Union Elementary,7526,159879000,27890000,19524000,6138000,2228000,0,7664000
602360,California,1,3,Alview-Dairyland Union Elementary,397,5824000,201000,155000,3000,0,43000,95000
602430,California,3,3,Alvord Unified,17071,317881000,48077000,37641000,4601000,2519000,3275000,14935000
602450,California,3,3,Amador County Unified,4100,59660000,7132000,3571000,965000,1334000,1059000,1769000
602571,California,1,3,Banta Unified,199,8728000,1379000,833000,126000,283000,137000,218000
602610,California,1,3,Anaheim Elementary,14606,309240000,56156000,36446000,13352000,1575000,4783000,9812000
602630,California,2,3,Anaheim Union High,27706,508189000,79062000,68672000,4326000,187000,4660000,28044000
602670,California,3,3,West Sonoma County Union High,1570,32413000,4912000,4146000,261000,148000,324000,840000
602700,California,2,2,Anderson Union High,1621,25395000,2943000,2527000,263000,152000,0,836000
602730,California,3,3,Anderson Valley Unified,420,10045000,738000,677000,61000,0,0,117000
602760,California,1,2,Antelope Elementary,810,11895000,1054000,778000,246000,0,0,335000
602820,California,3,2,Antelope Valley Union High,22001,351672000,72107000,54647000,5526000,3135000,7989000,18873000
602850,California,3,3,Antioch Unified,15038,269670000,61165000,42169000,10394000,1607000,6615000,11035000
602970,California,3,3,Arcadia Unified,8805,146523000,24722000,19625000,2863000,1129000,1034000,6812000
603000,California,1,3,Arcata Elementary,482,20089000,2024000,1811000,213000,0,0,621000
603030,California,2,2,Northern Humboldt Union High,1785,30392000,4661000,4036000,415000,0,151000,1340000
603060,California,1,3,Arcohe Union Elementary,491,6651000,774000,709000,0,0,1000,246000
603180,California,3,2,Armona Union Elementary,1138,18258000,1205000,909000,132000,18000,125000,403000
603270,California,1,3,Arvin Union,2946,58467000,4502000,2673000,1554000,260000,7000,970000
603300,California,3,3,Atascadero Unified,4293,64235000,13679000,9429000,3207000,555000,489000,3174000
603420,California,1,3,Atwater Elementary,4929,75751000,5527000,4457000,905000,166000,0,2185000
603480,California,1,2,Auburn Union Elementary,1543,25442000,5750000,3482000,1560000,272000,434000,953000
603600,California,3,3,Azusa Unified,6730,139631000,21429000,16951000,3309000,1169000,0,6719000
603610,California,3,3,Baker Valley Unified,124,3915000,178000,167000,0,4000,7000,75000
603630,California,1,3,Bakersfield City,28835,552343000,85257000,67104000,4991000,5953000,7207000,24642000
603690,California,3,3,Baldwin Park Unified,10217,195733000,38647000,31502000,2976000,1804000,2150000,12036000
603750,California,1,2,Ballico-Cressey Elementary,369,5404000,406000,406000,0,0,1000,209000
603780,California,1,3,Bangor Union Elementary,69,1677000,81000,73000,0,0,8000,32000
603840,California,3,3,Banning Unified,4370,81445000,11157000,7735000,2360000,482000,457000,3093000
604020,California,3,3,Barstow Unified,6393,93594000,14845000,12612000,1435000,250000,318000,3001000
604080,California,1,3,Bass Lake Joint Union Elementary,846,15384000,1841000,1499000,144000,0,198000,384000
604110,California,3,3,Bassett Unified,2945,54530000,6659000,5052000,959000,644000,0,1800000
604200,California,1,3,Bayshore Elementary,322,7073000,1038000,929000,77000,32000,0,293000
604230,California,3,3,Bear Valley Unified,2145,35419000,3931000,3397000,281000,251000,0,1465000
604260,California,1,3,Beardsley Elementary,1941,33324000,3913000,2783000,987000,48000,36000,1172000
604290,California,3,3,Beaumont Unified,11812,182381000,33648000,20882000,9358000,1596000,1537000,7178000
604350,California,1,3,Bella Vista Elementary,329,5694000,991000,839000,98000,48000,1000,83000
604380,California,1,3,Bellevue Union,1586,33741000,8540000,5718000,705000,400000,1222000,953000
604440,California,3,3,Bellflower Unified,9933,197675000,41353000,33294000,2582000,2444000,1960000,10421000
604500,California,1,3,Belleview Elementary,173,2756000,212000,212000,0,0,0,56000
604530,California,1,3,Belmont-Redwood Shores Elementary,3943,58166000,11684000,7941000,2829000,667000,247000,2376000
604620,California,3,3,Benicia Unified,4367,62393000,8242000,5209000,2588000,16000,136000,2129000
604650,California,1,3,Bennett Valley Union Elementary,951,12418000,2438000,2417000,0,0,21000,487000
604740,California,3,3,Berkeley Unified,9024,206045000,40779000,31623000,5354000,2125000,1677000,7559000
604800,California,1,3,Berryessa Union Elementary,5935,101172000,17591000,13703000,1135000,1147000,1584000,5006000
604830,California,3,3,Beverly Hills Unified,3132,92432000,13479000,9954000,2143000,1226000,132000,4054000
604950,California,3,3,Big Pine Unified,157,5095000,409000,320000,88000,0,0,86000
604980,California,1,3,Big Springs Union Elementary,153,2562000,42000,42000,0,0,0,8000
605010,California,3,3,Big Valley Joint Unified,132,3078000,121000,121000,0,0,0,58000
605040,California,3,3,Biggs Unified,532,8493000,827000,629000,118000,0,80000,313000
605220,California,1,3,Black Butte Union Elementary,224,4407000,418000,367000,47000,3000,0,54000
605240,California,3,2,Black Oak Mine Unified,1249,19302000,2552000,2256000,114000,1000,127000,637000
605280,California,1,3,Blochman Union Elementary,189,3220000,227000,103000,49000,74000,0,42000
605400,California,1,3,Blue Lake Union Elementary,172,3145000,396000,396000,0,0,0,132000
605520,California,1,3,Bolinas-Stinson Union,101,5617000,406000,278000,75000,0,53000,94000
605580,California,1,3,Santa Maria-Bonita,16703,270698000,31687000,21001000,5686000,1861000,3133000,7899000
605610,California,3,3,Bonita Unified,9919,144261000,25108000,18599000,3127000,2098000,1221000,6680000
605640,California,1,3,Bonny Doon Union Elementary,115,2542000,259000,173000,86000,0,0,43000
605700,California,3,3,Borrego Springs Unified,358,8623000,983000,862000,62000,0,60000,141000
605790,California,1,3,Brawley Elementary,3868,67052000,5824000,4671000,936000,0,157000,2218000
605820,California,2,3,Brawley Union High,2055,39494000,3078000,2166000,492000,0,198000,1168000
605880,California,3,3,Brea-Olinda Unified,5811,92429000,18973000,12190000,5289000,598000,881000,3913000
605910,California,1,3,Brentwood Union Elementary,9311,138830000,34296000,28305000,2388000,1674000,1483000,7284000
605940,California,2,3,Bret Harte Union High,633,15708000,1927000,1453000,223000,0,234000,549000
606030,California,1,3,Briggs Elementary,473,8353000,548000,130000,353000,61000,0,80000
606060,California,1,3,Brisbane Elementary,454,11839000,2296000,2212000,20000,43000,21000,539000
606090,California,1,3,Brittan Elementary,460,5385000,42000,1000,0,0,41000,0
606100,California,1,3,Browns Elementary,122,1587000,7000,0,0,7000,0,0
606270,California,1,2,Buckeye Union Elementary,4259,59451000,7897000,6523000,561000,68000,23000,2053000
606330,California,1,3,Buellton Union Elementary,519,15052000,7636000,4088000,2019000,798000,522000,1551000
606360,California,1,3,Buena Park Elementary,3956,75496000,10823000,8864000,1273000,537000,136000,3747000
606390,California,1,3,Panama-Buena Vista Union,19103,298844000,45700000,31966000,10490000,3242000,0,11441000
606450,California,3,3,Burbank Unified,14397,210595000,51058000,41748000,2587000,2775000,3105000,10866000
606480,California,1,3,Burlingame Elementary,3282,50816000,6994000,5776000,487000,348000,181000,1728000
606510,California,1,3,Burnt Ranch Elementary,91,1634000,83000,83000,0,0,0,67000
606540,California,1,3,Burrel Union Elementary,125,2565000,200000,111000,90000,0,0,50000
606570,California,3,2,Burton Elementary,4784,84374000,5219000,3773000,1146000,301000,0,1397000
606580,California,3,3,Butte Valley Unified,279,5692000,174000,174000,0,0,0,83000
606690,California,1,3,Butteville Union Elementary,166,2395000,28000,28000,0,0,0,0
606720,California,1,3,Buttonwillow Union Elementary,313,6988000,650000,479000,127000,0,44000,186000
606750,California,1,3,Byron Union Elementary,1227,19350000,3975000,2217000,1216000,403000,139000,494000
606780,California,3,3,Cabrillo Unified,2723,48513000,7529000,5745000,1397000,387000,0,1448000
606810,California,1,3,Cajon Valley Union,15308,290582000,67886000,50635000,9672000,4098000,3285000,17738000
606870,California,3,3,Calaveras Unified,2886,44113000,7012000,6211000,207000,255000,339000,1510000
606900,California,3,3,Calexico Unified,8353,170933000,15718000,11624000,3280000,0,528000,4524000
606960,California,1,3,Caliente Union Elementary,74,1317000,25000,25000,0,0,0,13000
606990,California,3,3,Calipatria Unified,1172,20695000,1606000,1113000,238000,0,213000,583000
607020,California,3,3,Calistoga Joint Unified,804,23812000,3218000,2498000,582000,5000,133000,989000
607140,California,1,2,Cambrian,2916,47302000,8301000,7031000,559000,325000,386000,1935000
607170,California,1,3,Camino Union Elementary,412,6790000,785000,523000,190000,3000,0,125000
607200,California,1,2,Campbell Union,6243,118269000,19900000,13687000,4158000,1554000,208000,3703000
607230,California,2,3,Campbell Union High,8474,152719000,27605000,19448000,5541000,1192000,1425000,6268000
607260,California,1,3,Camptonville Elementary,54,1251000,151000,142000,0,0,9000,67000
607350,California,1,3,Canyon Elementary,65,1008000,24000,0,23000,0,1000,0
607440,California,3,3,Capistrano Unified,41749,662138000,118436000,89279000,15512000,3017000,9139000,33391000
607470,California,1,3,Cardiff Elementary,641,12762000,1719000,1323000,389000,6000,0,528000
607500,California,3,3,Carlsbad Unified,10942,164958000,39619000,29575000,4862000,1058000,4114000,7988000
607530,California,3,3,Carmel Unified,2273,76728000,8702000,7567000,940000,122000,56000,2808000
607560,California,3,3,Carpinteria Unified,2001,42926000,8017000,5469000,1668000,354000,126000,1477000
607680,California,1,3,Cascade Union Elementary,1079,22459000,3684000,2691000,803000,115000,2000,1079000
607740,California,1,3,Castaic Union,1896,28723000,5271000,4214000,558000,297000,202000,1486000
607800,California,3,3,Castro Valley Unified,9191,134434000,26687000,17087000,5474000,2283000,1839000,5853000
607840,California,1,3,Cayucos Elementary,171,4404000,374000,233000,126000,0,15000,89000
607900,California,3,3,Center Joint Unified,4189,69356000,15048000,12521000,1679000,447000,269000,2942000
607920,California,2,3,Centinela Valley Union High,5874,131800000,19539000,12579000,2612000,1463000,2813000,4974000
607950,California,1,3,Central Elementary,4263,64335000,11314000,8391000,1427000,551000,900000,3091000
607970,California,3,3,Central Unified,15735,254993000,34125000,22175000,9105000,842000,1106000,8527000
607980,California,1,3,Central Union Elementary,1674,33139000,2141000,1616000,332000,0,193000,855000
608010,California,2,3,Central Union High,4093,77921000,5719000,4217000,424000,9000,402000,2079000
608070,California,1,3,Centralia Elementary,4125,63485000,9805000,8013000,1212000,38000,541000,3320000
608130,California,3,2,Ceres Unified,13867,250507000,31579000,20910000,7895000,2649000,121000,5397000
608160,California,2,3,Chaffey Joint Union High,23058,386658000,58872000,50615000,2066000,2858000,2431000,18644000
608190,California,3,3,Charter Oak Unified,4272,75327000,14390000,9205000,3671000,655000,784000,3348000
608250,California,1,3,Chatom Union,565,9366000,1642000,1503000,108000,23000,0,239000
608340,California,1,2,Chicago Park Elementary,153,2185000,274000,171000,33000,0,0,63000
608370,California,3,3,Chico Unified,12087,198505000,35472000,26400000,5529000,1097000,1967000,7806000
608460,California,3,3,Chino Valley Unified,25618,372315000,54900000,39737000,4947000,7054000,3160000,17843000
608520,California,1,3,Chowchilla Elementary,2155,36701000,3008000,2092000,566000,349000,0,1046000
608550,California,2,3,Chowchilla Union High,1144,18371000,1104000,726000,93000,52000,233000,255000
608580,California,1,3,Chualar Union,278,5877000,593000,381000,101000,54000,0,108000
608610,California,1,3,Chula Vista Elementary,22218,450099000,72264000,51000000,16918000,881000,3408000,14602000
608700,California,1,2,Cinnabar Elementary,207,4065000,474000,398000,76000,0,0,68000
608760,California,3,3,Claremont Unified,6369,102319000,27098000,13072000,10450000,81000,1693000,4585000
608850,California,1,3,Clay Joint Elementary,241,3128000,179000,151000,28000,0,0,78000
608880,California,1,3,Clear Creek Elementary,156,2103000,100000,91000,4000,0,5000,46000
608970,California,3,3,Cloverdale Unified,1311,23054000,4401000,3335000,465000,206000,384000,681000
609030,California,3,2,Clovis Unified,42771,646352000,111322000,81804000,15055000,8457000,5992000,30034000
609070,California,3,3,Coachella Valley Unified,16455,352327000,56884000,40443000,11275000,1433000,3505000,13415000
609120,California,3,3,Coalinga-Huron Unified,4488,83647000,8369000,6148000,934000,984000,302000,2455000
609300,California,1,3,Colfax Elementary,342,5541000,902000,750000,126000,18000,8000,244000
609390,California,3,3,Colton Joint Unified,19281,365146000,45502000,27810000,14421000,546000,2552000,11780000
609450,California,1,3,Columbia Elementary,750,13028000,1325000,1299000,26000,0,0,288000
609480,California,1,3,Columbia Union,437,6565000,616000,560000,50000,6000,0,169000
609620,California,3,3,Compton Unified,17318,353553000,45340000,37329000,3178000,4490000,344000,9891000
609640,California,3,3,Conejo Valley Unified,16322,263067000,36564000,31426000,2734000,485000,1559000,12938000
609665,California,3,3,Leggett Valley Unified,125,3622000,190000,185000,5000,0,0,79000
609690,California,3,3,Corcoran Joint Unified,3267,57333000,3085000,2057000,599000,91000,338000,1140000
609780,California,1,3,Corning Union Elementary,1990,33478000,3125000,2616000,385000,0,1000,1062000
609810,California,2,3,Corning Union High,1138,18345000,1608000,1500000,51000,57000,0,354000
609850,California,3,3,Corona-Norco Unified,50682,772965000,147427000,101042000,23114000,9507000,12929000,33652000
609870,California,3,3,Coronado Unified,2790,53342000,9568000,8776000,436000,10000,346000,2494000
609940,California,3,3,Cotati-Rohnert Park Unified,5970,95250000,23055000,16854000,2997000,1790000,1353000,3108000
609990,California,1,3,Cottonwood Union Elementary,892,14732000,1935000,1287000,481000,88000,1000,267000
610050,California,3,3,Covina-Valley Unified,11101,202373000,37415000,27758000,3354000,3659000,1883000,9656000
610230,California,1,3,Cuddeback Union Elementary,152,2361000,113000,109000,5000,0,0,40000
610260,California,3,3,Culver City Unified,6812,115739000,23590000,14257000,4314000,3988000,631000,3668000
610290,California,1,3,Cupertino Union,13455,217880000,43098000,32178000,2850000,3952000,3600000,9302000
610320,California,1,3,Curtis Creek Elementary,440,5945000,305000,305000,0,0,0,142000
610350,California,3,3,Cutler-Orosi Joint Unified,3892,76178000,4562000,3027000,1259000,276000,0,1144000
610380,California,1,3,Cutten Elementary,562,7449000,848000,804000,44000,0,0,424000
610440,California,1,3,Cypress Elementary,3387,54650000,11069000,10056000,801000,201000,0,2842000
610620,California,3,2,Davis Joint Unified,8387,140280000,25248000,15857000,6556000,1329000,1088000,4447000
610710,California,1,3,Dehesa Elementary,84,2960000,520000,368000,93000,0,3000,64000
610740,California,1,3,Del Mar Union Elementary,3748,77904000,10866000,8504000,850000,1112000,400000,2975000
610770,California,3,3,Del Norte County Unified,3500,67267000,11759000,10401000,1254000,64000,0,2803000
610860,California,2,3,Delano Joint Union High,4142,81604000,7650000,5922000,1316000,175000,226000,2078000
610890,California,1,2,Delano Union Elementary,6219,132241000,14885000,11083000,1369000,196000,2221000,4137000
611040,California,3,2,Denair Unified,1300,21705000,3529000,2920000,406000,200000,3000,693000
611110,California,3,2,Desert Sands Unified,26379,450294000,75298000,57936000,6749000,5859000,4707000,20438000
611130,California,1,3,Di Giorgio Elementary,229,4464000,174000,164000,10000,0,0,115000
611220,California,1,3,Miller Creek Elementary,1815,32112000,4909000,3508000,614000,317000,470000,1056000
611280,California,3,3,Dixon Unified,3010,43240000,8342000,5872000,1430000,257000,621000,1107000
611430,California,1,3,Douglas City Elementary,162,2659000,174000,139000,0,0,0,63000
611460,California,3,3,Downey Unified,22328,405768000,86283000,70196000,8962000,4230000,1668000,24335000
611490,California,1,3,Dry Creek Joint Elementary,6461,83120000,11801000,9015000,1343000,703000,733000,3873000
611520,California,3,3,Duarte Unified,3008,55312000,12812000,10185000,1115000,173000,1339000,3549000
611610,California,1,2,Dunham Elementary,147,2002000,208000,208000,0,0,0,73000
611700,California,2,3,Dunsmuir Joint Union High,66,2504000,43000,43000,0,0,0,27000
611730,California,3,3,Durham Unified,996,13924000,1437000,897000,409000,44000,87000,411000
611760,California,1,3,Earlimart Elementary,1442,34075000,1543000,840000,611000,66000,0,268000
611780,California,2,3,East Nicolaus Joint Union High,310,5172000,48000,3000,12000,0,33000,0
611820,California,2,3,East Side Union High,20915,348312000,61414000,36842000,10197000,5644000,8594000,11440000
611850,California,1,3,East Whittier City Elementary,7610,137303000,27532000,24817000,145000,1303000,1263000,8466000
611870,California,3,3,Eastern Sierra Unified,394,12700000,1206000,921000,285000,0,0,274000
611910,California,1,3,Eastside Union Elementary,3122,58063000,7468000,6008000,854000,205000,401000,2130000
611940,California,1,3,Edison Elementary,1092,21736000,1788000,911000,720000,86000,33000,299000
612030,California,1,2,El Centro Elementary,5256,94087000,9293000,8557000,504000,233000,0,4221000
612070,California,2,2,El Dorado Union High,6680,98519000,15037000,11412000,1272000,599000,745000,2770000
612090,California,1,3,El Monte City,6995,174917000,28602000,20185000,2920000,3446000,1963000,6462000
612120,California,2,3,El Monte Union High,7860,162230000,23803000,14167000,6064000,1288000,2104000,6806000
612150,California,1,3,El Nido Elementary,148,3150000,136000,108000,28000,0,0,7000
612180,California,3,3,El Rancho Unified,7100,131808000,24082000,19274000,2502000,629000,1668000,7190000
612210,California,3,3,El Segundo Unified,3506,47757000,5987000,4664000,1275000,15000,33000,1182000
612330,California,3,2,Elk Grove Unified,61886,988075000,196368000,144843000,33633000,5975000,11291000,41755000
612360,California,1,3,Elk Hills Elementary,163,2938000,188000,186000,0,0,0,80000
612600,California,1,2,Elverta Joint Elementary,212,3496000,526000,273000,221000,6000,27000,146000
612630,California,3,3,Emery Unified,626,17274000,2779000,2210000,358000,142000,67000,436000
612690,California,1,3,Empire Union Elementary,2870,50315000,9953000,9396000,494000,58000,5000,1942000
612750,California,1,3,Encinitas Union Elementary,4646,79611000,15413000,13400000,1816000,2000,195000,5416000
612810,California,3,2,Enterprise Elementary,3590,58068000,6878000,4575000,1965000,312000,0,2092000
612840,California,3,3,Escalon Unified,2669,40467000,3622000,3159000,263000,200000,0,1575000
612880,California,1,3,Escondido Union,14318,274108000,49127000,41405000,1949000,2749000,2908000,14588000
612910,California,2,3,Escondido Union High,6862,132283000,20035000,13917000,2069000,2380000,1670000,5390000
612930,California,3,3,Esparto Unified,954,17211000,1692000,1150000,233000,0,191000,417000
612960,California,1,3,Etiwanda Elementary,13387,194284000,35334000,26053000,6386000,2769000,0,8942000
613080,California,1,3,Eureka Union,3147,41789000,6571000,4075000,1692000,460000,344000,1462000
613140,California,1,3,Evergreen Elementary,8874,134082000,20244000,17824000,1256000,714000,450000,6298000
613170,California,3,2,Evergreen Union,1176,18120000,1538000,908000,342000,0,5000,281000
613290,California,1,3,Fairfax Elementary,2678,45982000,4950000,3244000,1410000,115000,176000,1282000
613360,California,3,3,Fairfield-Suisun Unified,20519,301240000,57616000,41603000,9632000,2520000,3712000,12727000
613470,California,3,3,Fall River Joint Unified,1187,20479000,2437000,2051000,230000,0,83000,734000
613500,California,1,3,Fallbrook Union Elementary,4978,105114000,17819000,15565000,1079000,1175000,0,5788000
613530,California,2,3,Fallbrook Union High,2093,40238000,6506000,4885000,255000,332000,882000,1692000
613740,California,1,3,Fieldbrook Elementary,108,1605000,111000,84000,14000,0,0,58000
613800,California,3,3,Fillmore Unified,3811,73753000,10908000,7464000,2540000,591000,311000,3009000
613840,California,3,3,Firebaugh-Las Deltas Unified,2192,41434000,3896000,2724000,908000,0,0,757000
613890,California,3,2,Folsom-Cordova Unified,20486,308312000,63830000,43549000,11759000,3845000,4270000,15620000
613920,California,3,3,Fontana Unified,33844,643738000,84727000,65872000,8363000,5244000,5248000,26710000
613980,California,1,3,Foresthill Union Elementary,446,7213000,1188000,569000,515000,0,104000,147000
614010,California,1,2,Forestville Union Elementary,224,5258000,462000,349000,59000,0,53000,55000
614070,California,3,3,Fort Bragg Unified,1682,29422000,4733000,4052000,383000,279000,10000,1084000
614190,California,2,3,Fortuna Union High,1066,16748000,999000,812000,17000,0,0,427000
614220,California,1,3,Fountain Valley Elementary,5968,85685000,16001000,12004000,1742000,1096000,1098000,4950000
614250,California,3,3,Fowler Unified,2571,42581000,3941000,2442000,1294000,205000,0,1268000
614340,California,1,3,Franklin Elementary,490,5805000,29000,3000,0,0,26000,0
614370,California,1,3,Franklin-McKinley Elementary,5942,126255000,22072000,17104000,2223000,81000,1024000,5642000
614400,California,3,2,Fremont Unified,33057,501631000,95010000,68798000,12140000,5832000,7463000,21091000
614430,California,2,3,Fremont Union High,9978,220311000,48556000,34327000,7229000,4143000,2739000,10185000
614520,California,1,2,Freshwater Elementary,307,4411000,454000,386000,62000,0,0,143000
614550,California,3,2,Fresno Unified,69424,1456722000,200668000,149097000,28686000,12524000,9183000,55373000
614700,California,1,3,Fruitvale Elementary,3031,44898000,6306000,4698000,1083000,511000,6000,1945000
614730,California,1,3,Fullerton Elementary,11620,201925000,35981000,28505000,2762000,2756000,1855000,9255000
614760,California,2,3,Fullerton Joint Union High,13152,206826000,29927000,20779000,5992000,622000,2535000,6998000
614790,California,1,3,Galt Joint Union Elementary,3341,54453000,8969000,7831000,279000,162000,566000,3033000
614820,California,2,3,Galt Joint Union High,2063,33798000,3791000,3295000,109000,270000,23000,1088000
614880,California,3,3,Garden Grove Unified,38157,764140000,144322000,116751000,12898000,8233000,4984000,42404000
614910,California,1,3,Garfield Elementary,69,996000,115000,103000,12000,0,0,44000
614940,California,1,3,Garvey Elementary,4276,100635000,11652000,7325000,2219000,551000,1557000,2143000
614950,California,3,3,Gateway Unified,2171,41189000,6698000,5426000,751000,319000,13000,1811000
615000,California,1,3,General Shafter Elementary,179,3785000,50000,0,50000,0,0,0
615090,California,1,3,Gerber Union Elementary,399,6725000,211000,211000,0,0,0,128000
615150,California,3,3,Geyserville Unified,211,5419000,540000,505000,34000,0,1000,138000
615180,California,3,3,Gilroy Unified,10418,166524000,26110000,17197000,4869000,1806000,2150000,5184000
615240,California,3,3,Glendale Unified,24412,408626000,79507000,56286000,7797000,9590000,5419000,16663000
615270,California,3,3,Glendora Unified,6509,88787000,19337000,17517000,272000,2000,994000,5914000
615390,California,1,3,Gold Oak Union Elementary,466,5914000,871000,657000,145000,5000,9000,178000
615450,California,1,3,Gold Trail Union Elementary,520,7629000,941000,843000,98000,0,0,131000
615480,California,1,3,Golden Feather Union Elementary,69,2166000,105000,51000,0,0,54000,26000
615510,California,1,3,Goleta Union Elementary,3416,78501000,14228000,11463000,1691000,849000,226000,3490000
615600,California,1,3,Gorman Joint,83,1637000,168000,105000,34000,0,29000,60000
615690,California,1,3,Grant Elementary,643,8137000,894000,666000,160000,0,0,217000
615780,California,1,2,Grass Valley Elementary,1601,25986000,2557000,2146000,93000,267000,50000,732000
615840,California,1,2,Gravenstein Union Elementary,767,13088000,869000,580000,180000,89000,20000,120000
616050,California,1,3,Greenfield Union,9177,154096000,15303000,11224000,3276000,346000,456000,4065000
616080,California,1,3,Greenfield Union Elementary,3334,59474000,5746000,3721000,1653000,191000,77000,894000
616110,California,1,3,Grenada Elementary,192,2907000,83000,83000,0,0,0,39000
616230,California,2,3,Grossmont Union High,16675,306801000,79721000,58906000,8167000,5384000,6204000,21541000
616260,California,1,3,Guadalupe Union Elementary,1279,24953000,3889000,2029000,1356000,443000,48000,692000
616300,California,1,3,Cucamonga Elementary,2299,48211000,7777000,5664000,1336000,394000,384000,2484000
616320,California,1,2,Guerneville Elementary,231,6174000,899000,824000,0,0,75000,158000
616323,California,3,3,Gustine Unified,1746,31206000,3168000,1510000,1426000,63000,0,667000
616325,California,3,3,Hacienda la Puente Unified,16190,282103000,41135000,26359000,11029000,2393000,1009000,11450000
616470,California,1,3,Hanford Elementary,5525,88511000,6075000,4444000,1025000,8000,599000,2082000
616500,California,2,2,Hanford Joint Union High,4237,63567000,4293000,2597000,1022000,0,446000,1120000
616530,California,1,3,Happy Camp Union Elementary,107,2720000,47000,47000,0,0,0,0
616560,California,1,3,Happy Valley Elementary,120,2019000,103000,81000,22000,0,0,45000
616570,California,1,3,Happy Valley Union Elementary,478,7140000,1110000,989000,54000,57000,1000,268000
616620,California,1,2,Harmony Union Elementary,195,6141000,681000,582000,54000,0,44000,124000
616650,California,3,2,Hart-Ransom Union Elementary,1173,14335000,1304000,1079000,106000,118000,0,192000
616680,California,3,2,Hawthorne,7090,138754000,20756000,12653000,4952000,1265000,1696000,5280000
616740,California,3,3,Hayward Unified,17887,353713000,60265000,43587000,7779000,3630000,5262000,13856000
616830,California,1,3,Heber Elementary,1186,24001000,1800000,1595000,102000,21000,0,870000
616860,California,3,2,Helendale Elementary,1103,16466000,1436000,1175000,34000,35000,192000,615000
616920,California,3,2,Hemet Unified,22281,419314000,65985000,42653000,14761000,4658000,3863000,16106000
617040,California,1,3,Hermosa Beach City Elementary,1277,18460000,3261000,2450000,791000,7000,13000,573000
617190,California,1,3,Hillsborough City Elementary,1292,37742000,6273000,5714000,9000,462000,88000,1639000
617220,California,3,3,Hilmar Unified,2313,35704000,2231000,1374000,844000,3000,0,824000
617340,California,1,3,Hollister,5670,82873000,15431000,10613000,2766000,1559000,491000,4170000
617430,California,3,3,Holtville Unified,1573,29412000,2023000,1658000,139000,191000,34000,799000
617490,California,1,3,Hope Elementary,839,14786000,2637000,1863000,458000,262000,5000,541000
617520,California,1,3,Hope Elementary,229,3591000,29000,29000,0,0,0,0
617580,California,1,3,Horicon Elementary,56,2280000,244000,214000,30000,0,0,88000
617760,California,1,3,Howell Mountain Elementary,102,2376000,159000,86000,55000,0,17000,55000
617850,California,1,3,Hueneme Elementary,7133,146040000,18438000,14915000,2285000,1239000,0,6092000
617880,California,1,3,Hughes-Elizabeth Lakes Union Elementary,147,2244000,237000,237000,0,0,0,58000
618030,California,1,3,Huntington Beach City Elementary,4699,78613000,13614000,10053000,1886000,1058000,616000,3980000
618060,California,2,3,Huntington Beach Union High,14509,246788000,39160000,31357000,3538000,3132000,339000,14820000
618120,California,1,3,Hydesville Elementary,217,2716000,203000,180000,18000,0,5000,54000
618210,California,3,3,Imperial Unified,4539,66531000,7749000,5310000,1894000,0,545000,2139000
618390,California,3,2,Inglewood Unified,7282,156715000,36134000,29834000,2547000,1185000,2563000,5847000
618660,California,1,3,Jacoby Creek Elementary,459,5700000,562000,460000,101000,0,0,54000
618690,California,1,3,Jamestown Elementary,380,6576000,708000,708000,0,0,0,264000
618730,California,1,3,Jamul-Dulzura Union Elementary,566,12122000,1874000,1346000,239000,271000,12000,345000
618780,California,1,3,Janesville Union Elementary,315,4948000,264000,264000,0,0,0,109000
618840,California,1,3,Jefferson Elementary,2622,30297000,4969000,2754000,921000,737000,0,1160000
618870,California,1,3,Jefferson Elementary,4948,83222000,15101000,11613000,2883000,472000,0,3641000
618930,California,2,3,Jefferson Union High,3812,84331000,14264000,9095000,4377000,0,791000,3016000
618990,California,3,3,John Swett Unified,1230,25018000,4853000,3679000,680000,196000,298000,1146000
619050,California,1,3,Johnstonville Elementary,198,2597000,185000,185000,0,0,0,94000
619110,California,2,3,Julian Union High,100,4080000,748000,607000,133000,0,0,55000
619140,California,1,3,Julian Union Elementary,275,5765000,1199000,1051000,0,0,0,215000
619170,California,1,3,Junction City Elementary,63,1374000,59000,33000,0,9000,0,0
619200,California,1,3,Junction Elementary,381,5760000,962000,950000,12000,0,0,109000
619260,California,3,3,Jurupa Unified,18314,367238000,36922000,32992000,3864000,18000,49000,12215000
619320,California,3,3,Kelseyville Unified,1833,33619000,5491000,3271000,1359000,357000,506000,955000
619380,California,1,3,Kentfield Elementary,1054,20647000,3167000,2526000,468000,0,144000,749000
619410,California,1,3,Kenwood,113,3515000,314000,229000,61000,0,2000,98000
619440,California,1,3,Keppel Union Elementary,2549,46686000,5218000,4516000,360000,214000,29000,1305000
619490,California,3,3,Kerman Unified,5357,83609000,7404000,5183000,1920000,301000,0,2444000
619540,California,2,2,Kern High,42667,748215000,105879000,74468000,12438000,4219000,10243000,32838000
619590,California,1,3,Kernville Union Elementary,814,16726000,1961000,1302000,465000,124000,0,431000
619620,California,3,2,Keyes Union,1019,18793000,3616000,3360000,135000,118000,0,501000
619650,California,2,3,South Monterey County Joint Union High,2761,42754000,5592000,4256000,545000,524000,194000,1429000
619680,California,1,3,King City Union,2578,41648000,4894000,2599000,2005000,290000,0,770000
619700,California,3,2,Kings Canyon Joint Unified,9684,179413000,18072000,10720000,6366000,63000,2000,5679000
619830,California,2,3,Kingsburg Joint Union High,1231,20619000,1114000,576000,305000,0,0,288000
619860,California,1,3,Kirkwood Elementary,102,1608000,20000,13000,7000,0,0,0
619890,California,1,2,Kit Carson Union Elementary,434,6570000,268000,192000,0,0,46000,75000
619950,California,3,3,Klamath-Trinity Joint Unified,962,22935000,2418000,2145000,116000,0,15000,814000
620010,California,1,3,Knights Ferry Elementary,118,1854000,95000,77000,16000,2000,0,4000
620040,California,1,3,Knightsen Elementary,577,7585000,1157000,960000,79000,98000,18000,280000
620070,California,3,3,Konocti Unified,3814,65523000,9149000,4777000,2409000,904000,885000,1685000
620130,California,3,3,La Canada Unified,3871,64970000,10236000,8710000,848000,279000,176000,2137000
620190,California,1,3,La Habra City Elementary,4352,82178000,12543000,10054000,1559000,839000,59000,3392000
620220,California,3,3,La Honda-Pescadero Unified,258,7809000,719000,602000,0,102000,0,252000
620250,California,1,3,La Mesa-Spring Valley,10725,180197000,39841000,28486000,9722000,1524000,18000,8369000
620310,California,1,3,Lafayette Elementary,3177,50921000,11553000,9216000,742000,979000,616000,2090000
620370,California,3,3,Laguna Beach Unified,2440,74214000,10995000,7691000,1715000,627000,961000,2100000
620460,California,1,3,Pacifica,2750,42433000,9074000,8185000,357000,531000,0,488000
620490,California,1,3,Lagunita Elementary,76,1149000,86000,51000,35000,0,0,45000
620520,California,1,3,Lagunitas Elementary,160,4105000,475000,340000,129000,3000,2000,63000
620640,California,3,3,Lake Tahoe Unified,3648,61574000,10485000,6984000,1331000,704000,467000,2987000
620670,California,3,3,Lakeport Unified,1349,24644000,3727000,2583000,690000,253000,191000,771000
620700,California,1,3,Lakeside Joint,73,2500000,768000,671000,0,0,39000,75000
620730,California,1,3,Lakeside Union,1570,19009000,1846000,792000,973000,1000,0,283000
620760,California,1,3,Lakeside Union Elementary,238,5195000,224000,171000,0,0,26000,82000
620790,California,1,3,Lakeside Union Elementary,4532,77917000,14669000,13391000,53000,363000,798000,4421000
620850,California,1,3,Lamont Elementary,2696,47073000,4037000,2504000,1179000,320000,33000,859000
620880,California,1,3,Lancaster Elementary,13995,247852000,42787000,23040000,10253000,2378000,6419000,9933000
620910,California,1,3,Larkspur-Corte Madera,1260,22088000,3365000,2558000,459000,204000,64000,806000
621000,California,3,3,Las Virgenes Unified,9720,153409000,29721000,22968000,3991000,1504000,1258000,6935000
621060,California,2,3,Lassen Union High,864,13016000,596000,553000,30000,0,0,238000
621090,California,1,3,Lassen View Union Elementary,358,5142000,73000,70000,0,0,3000,0
621150,California,3,3,Laton Joint Unified,628,13139000,755000,755000,0,0,0,249000
621180,California,1,3,Latrobe,161,2942000,249000,168000,17000,3000,0,98000
621210,California,1,3,Lawndale Elementary,4555,101119000,22591000,12419000,2794000,6254000,1037000,4214000
621240,California,1,3,Le Grand Union Elementary,337,7420000,306000,282000,25000,0,0,127000
621270,California,2,3,Le Grand Union High,502,11800000,810000,802000,8000,0,0,366000
621330,California,1,3,Lemon Grove,3170,60596000,9811000,8140000,774000,532000,366000,3152000
621360,California,1,2,Lemoore Union Elementary,3229,49274000,4482000,2841000,1128000,155000,358000,1096000
621400,California,2,3,Lemoore Union High,1946,35555000,2146000,1616000,275000,1000,253000,900000
621420,California,1,3,Lennox,4127,87190000,12800000,9824000,1520000,817000,638000,3323000
621450,California,1,3,Richland Union Elementary,2575,52217000,6954000,5004000,1406000,162000,298000,2021000
621480,California,1,3,Lewiston Elementary,75,1375000,126000,126000,0,0,0,40000
621540,California,1,2,Liberty Elementary,217,4796000,443000,426000,1000,0,16000,129000
621600,California,2,3,Liberty Union High,8203,132765000,24295000,20650000,1817000,969000,858000,5069000
621690,California,3,2,Lincoln Unified,8801,128558000,15176000,9382000,5794000,0,0,3927000
621810,California,3,3,Linden Unified,2277,39029000,2981000,1848000,1052000,81000,0,872000
621870,California,3,2,Lindsay Unified,3976,84766000,5568000,4180000,1170000,218000,0,1404000
621930,California,1,3,Little Lake City Elementary,3779,79172000,12085000,9854000,775000,537000,919000,2578000
621990,California,1,2,Live Oak Elementary,1689,31859000,5242000,3169000,1388000,454000,230000,920000
622050,California,3,3,Live Oak Unified,1970,33857000,3057000,2125000,624000,32000,277000,906000
622110,California,3,3,Livermore Valley Joint Unified,12925,199631000,45156000,29887000,9411000,2513000,3284000,8913000
622170,California,1,3,Livingston Union,2504,41309000,2692000,1718000,882000,0,0,919000
622230,California,3,2,Lodi Unified,27260,450699000,83872000,59910000,16962000,4703000,2290000,18798000
622320,California,1,3,Loleta Union Elementary,103,2165000,301000,252000,49000,0,0,49000
622350,California,1,3,Loma Prieta Joint Union Elementary,433,7577000,1566000,1194000,105000,146000,121000,329000
622380,California,1,3,Las Lomitas Elementary,1146,35498000,5805000,4433000,972000,382000,18000,868000
622410,California,3,3,Lompoc Unified,9060,145410000,21891000,17045000,2565000,1129000,1109000,6492000
622440,California,3,3,Lone Pine Unified,325,7585000,775000,677000,65000,0,0,112000
622500,California,3,3,Long Beach Unified,65129,1207436000,231022000,175625000,26747000,11072000,15249000,64494000
622560,California,1,2,Loomis Union Elementary,2886,33835000,4492000,3027000,1059000,401000,0,905000
622590,California,3,3,Los Alamitos Unified,8906,134585000,17342000,15894000,1016000,236000,197000,6077000
622650,California,1,3,Los Altos Elementary,3352,77161000,15981000,13035000,1090000,1435000,418000,2494000
622710,California,3,2,Los Angeles Unified,426268,9670917000,1812149000,1366780000,128098000,165840000,82505000,329709000
622740,California,3,3,Los Banos Unified,11002,180642000,17110000,12752000,3095000,552000,0,5686000
622800,California,2,3,Los Gatos-Saratoga Union High,3261,74087000,12188000,8054000,2378000,931000,810000,2318000
622830,California,1,3,Los Gatos Union Elementary,2622,53979000,8161000,6918000,661000,538000,39000,2382000
622860,California,3,3,Los Molinos Unified,528,10109000,1063000,829000,234000,0,0,418000
622890,California,1,3,Los Nietos,1253,26793000,5170000,4879000,291000,0,0,1206000
622950,California,1,3,Lost Hills Union Elementary,262,8284000,525000,317000,208000,0,0,133000
623010,California,1,3,Lowell Joint,3014,43646000,6950000,5077000,1690000,0,184000,2056000
623040,California,1,3,Lucerne Elementary,299,4597000,654000,338000,192000,0,48000,54000
623080,California,3,3,Lucia Mar Unified,9590,152075000,28585000,23080000,3378000,774000,1347000,6713000
623130,California,1,3,Luther Burbank,422,8455000,711000,571000,53000,0,87000,223000
623160,California,3,3,Lynwood Unified,11920,233855000,40709000,32836000,4203000,2145000,1525000,9832000
623340,California,3,3,Madera Unified,20138,373854000,28548000,20343000,5502000,1494000,1205000,8728000
623430,California,1,3,Magnolia Elementary,4999,95901000,11992000,6769000,4261000,841000,0,2413000
623460,California,1,3,Magnolia Union Elementary,125,1745000,176000,139000,23000,0,0,62000
623530,California,3,3,Mammoth Unified,1118,18918000,1326000,1316000,10000,0,0,378000
623610,California,3,3,Manteca Unified,24646,364795000,48256000,33687000,8142000,3561000,2390000,13188000
623700,California,1,3,Manzanita Elementary,322,4420000,190000,190000,0,0,1000,101000
623760,California,1,3,Maple Elementary,294,4394000,279000,165000,95000,0,0,77000
623820,California,3,3,Maricopa Unified,318,7864000,483000,371000,112000,0,0,94000
623940,California,3,3,Mariposa County Unified,1688,28740000,1635000,1329000,55000,170000,79000,540000
623970,California,1,3,Mark Twain Union Elementary,764,10451000,2088000,1528000,360000,13000,176000,481000
624000,California,1,2,Mark West Union Elementary,1304,21765000,3914000,3091000,509000,0,293000,578000
624030,California,3,3,Martinez Unified,3758,61116000,13642000,10760000,1332000,176000,1331000,2919000
624090,California,3,2,Marysville Joint Unified,10166,159609000,19223000,12655000,4365000,347000,1805000,5007000
624180,California,1,3,McCabe Union Elementary,1209,18122000,1155000,681000,375000,0,100000,361000
624230,California,3,3,McFarland Unified,3408,57899000,3550000,2827000,415000,261000,31000,931000
624300,California,1,3,McKinleyville Union Elementary,928,15298000,2253000,1991000,203000,0,52000,666000
624330,California,1,3,McKittrick Elementary,79,2777000,231000,231000,0,0,0,101000
624360,California,1,3,McSwain Union Elementary,883,12313000,1079000,907000,172000,0,0,473000
624390,California,1,3,Meadows Union Elementary,384,8130000,450000,347000,82000,0,21000,112000
624480,California,3,3,Mendocino Unified,462,13057000,1308000,1161000,136000,10000,0,371000
624500,California,3,3,Milpitas Unified,9955,158225000,28953000,22190000,2758000,3083000,684000,8069000
624540,California,1,3,Menifee Union,11807,164378000,32123000,22179000,5281000,2332000,2330000,10110000
624570,California,1,3,Menlo Park City Elementary,2702,71479000,10957000,8718000,1152000,872000,125000,2583000
624600,California,1,3,Merced City Elementary,10973,166641000,11645000,8900000,2745000,0,0,4017000
624630,California,1,3,Merced River Union Elementary,275,3784000,204000,123000,81000,0,0,82000
624660,California,2,3,Merced Union High,11226,186100000,10812000,10033000,84000,190000,4000,4906000
624690,California,1,3,Meridian Elementary,70,1204000,3000,3000,0,0,0,0
624720,California,1,3,Mesa Union Elementary,564,8644000,633000,299000,305000,18000,0,136000
624750,California,3,3,Middletown Unified,1446,22055000,3158000,1929000,772000,240000,201000,494000
624780,California,1,3,Midway Elementary,85,1899000,77000,77000,0,0,0,0
624870,California,1,3,Mill Valley Elementary,2364,50221000,7201000,5246000,922000,282000,276000,1712000
624900,California,1,3,Millbrae Elementary,2070,31858000,4310000,2900000,1302000,50000,0,778000
624930,California,1,3,Millville Elementary,241,3839000,304000,261000,9000,0,0,34000
625110,California,1,3,Mission Union Elementary,122,1688000,91000,88000,2000,0,0,5000
625190,California,3,3,Modoc Joint Unified,832,13277000,1086000,1086000,0,0,0,350000
625230,California,3,3,Mojave Unified,3009,49217000,8320000,5311000,2623000,4000,66000,1772000
625290,California,1,3,Monroe Elementary,169,3642000,157000,72000,85000,0,0,50000
625320,California,3,3,Monrovia Unified,5030,86141000,14891000,10897000,3524000,12000,457000,3738000
625350,California,1,3,Monson-Sultana Joint Union Elementary,429,7194000,4000,0,4000,0,0,0
625380,California,1,3,Montague Elementary,169,2831000,30000,30000,0,0,0,27000
625410,California,1,3,Monte Rio Union Elementary,59,2032000,105000,94000,12000,0,0,31000
625470,California,3,3,Montebello Unified,20395,467295000,80583000,68010000,7699000,4156000,706000,26743000
625530,California,3,3,Monterey Peninsula Unified,9227,161662000,31533000,22237000,4570000,357000,1746000,8706000
625690,California,3,3,Moorpark Unified,5819,81355000,12692000,10072000,2240000,258000,104000,3561000
625740,California,1,3,Moraga Elementary,1735,28198000,4735000,3702000,530000,347000,156000,696000
625770,California,1,3,Moreland,3930,69555000,13347000,10283000,2224000,488000,352000,3735000
625800,California,3,2,Moreno Valley Unified,31619,584979000,104291000,79640000,7415000,6131000,10769000,24479000
625830,California,3,3,Morgan Hill Unified,7995,128538000,21226000,15006000,3823000,684000,1656000,5070000
625860,California,3,3,Morongo Unified,7407,127749000,21401000,13245000,4329000,1493000,2019000,5114000
625980,California,1,3,Mother Lode Union Elementary,840,14110000,2050000,1515000,294000,98000,143000,486000
626040,California,1,3,Mt. Shasta Union Elementary,464,7226000,363000,363000,0,0,0,156000
626070,California,1,3,Mountain Elementary,160,2678000,218000,160000,55000,0,0,79000
626100,California,3,3,Mountain Empire Unified,1823,33782000,5814000,3928000,744000,599000,544000,747000
626190,California,1,3,Mountain View Elementary,4937,114479000,14165000,12855000,658000,533000,109000,3945000
626220,California,1,3,Mountain View Elementary,3035,41292000,6093000,3294000,2054000,496000,249000,1489000
626280,California,1,3,Mountain View Whisman,4509,101616000,17418000,13765000,1655000,1086000,510000,3063000
626310,California,2,3,Mountain View-Los Altos Union High,4430,133120000,23679000,17207000,4201000,939000,861000,6006000
626340,California,1,3,Mt. Baldy Joint Elementary,93,1360000,145000,96000,37000,12000,0,56000
626370,California,3,2,Mt. Diablo Unified,28921,445991000,106252000,76046000,13593000,7117000,8712000,20626000
626400,California,1,2,Mount Pleasant Elementary,1635,34924000,8771000,5673000,1094000,1579000,370000,1862000
626430,California,1,3,Mulberry Elementary,65,1052000,62000,35000,12000,0,0,0
626460,California,1,3,Mupu Elementary,181,2379000,230000,119000,109000,0,0,46000
626490,California,3,3,Muroc Joint Unified,1738,29026000,4802000,4048000,437000,147000,170000,1245000
626640,California,3,3,Napa Valley Unified,16162,237139000,40482000,30663000,5142000,3242000,1434000,12524000
626670,California,1,3,National Elementary,4341,98634000,13590000,9886000,1257000,1513000,935000,3542000
626760,California,3,3,Needles Unified,955,21677000,1308000,1050000,160000,99000,0,588000
626820,California,1,3,Nevada City Elementary,684,10650000,1131000,871000,45000,0,0,315000
626880,California,2,3,Nevada Joint Union High,2481,47452000,8099000,6097000,1052000,1000,530000,2354000
626910,California,3,3,New Haven Unified,10224,155225000,29124000,22564000,3039000,1396000,2125000,8784000
626970,California,1,3,New Hope Elementary,177,3632000,170000,170000,0,0,0,82000
627030,California,3,2,New Jerusalem Elementary,1650,26707000,3469000,2003000,1173000,169000,0,873000
627040,California,1,3,Mountain Union Elementary,82,1585000,95000,82000,4000,0,3000,26000
627060,California,3,3,Newark Unified,4946,81872000,15608000,9819000,3653000,1206000,930000,3302000
627120,California,1,2,Newcastle Elementary,436,7261000,1072000,510000,327000,0,2000,197000
627180,California,1,3,Newhall,5925,81188000,14900000,12104000,1876000,909000,10000,3496000
627200,California,3,3,Newman-Crows Landing Unified,3186,56090000,8946000,6635000,1950000,47000,18000,1554000
627240,California,3,3,Newport-Mesa Unified,17727,408847000,74464000,55728000,7417000,6773000,4400000,19432000
627450,California,1,3,Norris Elementary,3878,47903000,6571000,4778000,1064000,20000,112000,1834000
627480,California,1,3,North County Joint Union Elementary,743,9421000,864000,515000,216000,0,39000,193000
627510,California,1,3,North Cow Creek Elementary,256,2936000,307000,205000,90000,13000,0,76000
627590,California,3,3,North Monterey County Unified,4482,91443000,11190000,8829000,1891000,469000,0,2043000
627690,California,3,3,Norwalk-La Mirada Unified,15382,295907000,54755000,40581000,5169000,4815000,4140000,17533000
627720,California,3,3,Novato Unified,7157,115105000,21257000,15042000,1664000,1341000,3167000,3812000
627750,California,1,3,Nuestro Elementary,184,2224000,1000,0,0,0,1000,0
627780,California,3,2,Nuview Union,2160,35771000,2896000,1619000,635000,112000,272000,600000
627810,California,1,3,Oak Grove Elementary,8596,140206000,27632000,19729000,3358000,1231000,3313000,6072000
627840,California,1,2,Oak Grove Union Elementary,820,14263000,1843000,1495000,225000,0,123000,245000
627850,California,3,3,Oak Park Unified,4236,61199000,5198000,5120000,71000,7000,0,1432000
627900,California,1,3,Oak Valley Union Elementary,571,9766000,329000,216000,113000,0,0,111000
627930,California,1,3,Oak View Union Elementary,379,4946000,148000,148000,0,0,0,101000
628050,California,3,3,Oakland Unified,34043,755099000,139898000,114445000,18144000,3876000,0,30992000
628080,California,1,3,Oakley Union Elementary,5030,71954000,14570000,8239000,5446000,57000,828000,2819000
628140,California,1,3,Ocean View,6801,112708000,22265000,18726000,960000,1192000,1346000,7476000
628170,California,1,3,Ocean View,2190,41483000,3253000,2626000,621000,6000,0,1192000
628250,California,3,3,Oceanside Unified,15839,287263000,57854000,45961000,3312000,2256000,6223000,15389000
628270,California,3,3,Ojai Unified,2208,38160000,7209000,4425000,1703000,453000,390000,1080000
628320,California,1,2,Old Adobe Union,1832,30564000,5706000,4511000,761000,232000,202000,1350000
628470,California,1,3,Ontario-Montclair,18428,403250000,77066000,55820000,10295000,4687000,5847000,21690000
628530,California,1,3,Orange Center,254,6186000,396000,309000,88000,0,0,149000
628650,California,3,2,Orange Unified,24740,374747000,58899000,46590000,2968000,3501000,5840000,19624000
628680,California,1,3,Orchard Elementary,763,16344000,2839000,2080000,466000,177000,33000,861000
628710,California,3,2,Orcutt Union Elementary,4717,66713000,9881000,7662000,1535000,651000,0,3099000
628860,California,1,3,Orinda Union Elementary,2511,40960000,7036000,5318000,939000,681000,99000,884000
628950,California,1,3,Oro Grande,94,18323000,4965000,2980000,1097000,484000,141000,1576000
629100,California,1,3,Oroville City Elementary,2124,37717000,6627000,4552000,1226000,348000,501000,1429000
629130,California,2,3,Oroville Union High,2346,41939000,5861000,4828000,420000,105000,497000,1652000
629190,California,3,3,Owens Valley Unified,88,3070000,258000,258000,0,0,0,62000
629220,California,1,3,Oxnard,14170,274496000,26118000,18218000,4398000,3274000,1000,2145000
629270,California,2,3,Oxnard Union High,16907,299368000,44127000,37337000,4954000,650000,221000,14637000
629280,California,1,3,Pacheco Union Elementary,679,9625000,1239000,1043000,143000,39000,14000,446000
629340,California,1,3,Pacific Elementary,154,2094000,145000,131000,14000,0,0,65000
629370,California,3,3,Pacific Grove Unified,1772,45469000,7857000,5906000,1805000,0,10000,2027000
629400,California,1,3,Pacific Union Elementary,344,7922000,1042000,1024000,18000,0,0,388000
629430,California,1,2,Pacific Union Elementary,571,6398000,537000,397000,135000,0,0,213000
629490,California,3,2,Pajaro Valley Unified,17376,354626000,60005000,41721000,7164000,5067000,5903000,9893000
629540,California,1,3,Palermo Union Elementary,1186,21840000,1632000,1332000,53000,0,247000,656000
629550,California,3,2,Palm Springs Unified,21029,437635000,64314000,45838000,8899000,5121000,4434000,16702000
629580,California,3,2,Palmdale Elementary,17788,317713000,62989000,39297000,14802000,3322000,4151000,14161000
629610,California,3,3,Palo Alto Unified,10285,293461000,53262000,43961000,6238000,1843000,974000,13853000
629640,California,3,3,Palo Verde Unified,2813,49906000,7151000,5253000,1085000,464000,347000,1870000
629700,California,3,3,Palos Verdes Peninsula Unified,10402,156830000,33954000,26836000,5723000,56000,1274000,6624000
629790,California,1,2,Paradise Elementary,193,2799000,248000,146000,92000,8000,2000,0
629820,California,3,3,Paradise Unified,1579,36977000,4777000,3809000,628000,183000,157000,1563000
629850,California,3,3,Paramount Unified,12698,270732000,36232000,31855000,1914000,1951000,24000,11747000
629910,California,3,3,Parlier Unified,3322,60132000,4995000,3819000,886000,97000,185000,1121000
629940,California,3,3,Pasadena Unified,13999,301894000,74880000,50170000,11709000,5905000,6741000,10551000
630030,California,3,3,Patterson Joint Unified,6173,99923000,21513000,15095000,3280000,1435000,1568000,4302000
630090,California,1,3,Peninsula Union,78,1385000,180000,168000,12000,0,0,21000
630180,California,1,2,Perris Elementary,5537,95483000,10000000,5698000,2597000,414000,1292000,2346000
630210,California,3,2,Perris Union High,11712,202325000,31466000,23584000,4716000,1710000,999000,9621000
630330,California,3,3,Piedmont City Unified,2327,54761000,13187000,10543000,1133000,511000,452000,2402000
630390,California,1,3,Pine Ridge Elementary,69,2716000,175000,87000,88000,0,0,53000
630450,California,1,3,Piner-Olivet Union Elementary,275,21730000,4143000,3249000,478000,197000,219000,272000
630480,California,1,3,Pioneer Union,275,4207000,387000,213000,94000,3000,0,69000
630600,California,3,3,Pittsburg Unified,10645,192083000,32077000,22988000,5289000,1590000,2112000,7021000
630630,California,1,3,Pixley Union Elementary,877,18584000,691000,629000,63000,0,0,65000
630660,California,3,3,Placentia-Yorba Linda Unified,23114,361169000,68254000,46709000,7026000,7290000,7131000,19592000
630720,California,1,3,Placer Hills Union Elementary,765,10559000,1891000,1056000,578000,82000,123000,196000
630750,California,2,2,Placer Union High,4001,65931000,6138000,4869000,904000,273000,91000,2097000
630780,California,1,3,Placerville Union Elementary,1167,16931000,1737000,1069000,452000,20000,5000,406000
630810,California,1,3,Plainsburg Union Elementary,108,1524000,64000,43000,21000,0,0,0
630840,California,1,3,Planada Elementary,871,16732000,1346000,854000,490000,2000,0,292000
630900,California,1,3,Pleasant Grove Joint Union,145,2072000,20000,2000,0,0,18000,0
630930,California,1,2,Pleasant Ridge Union Elementary,1401,19014000,3253000,2338000,343000,0,156000,1010000
630990,California,1,3,Pleasant Valley,5806,83393000,14797000,13495000,569000,698000,21000,4665000
631020,California,1,3,Pleasant Valley Joint Union Elementary,55,1089000,157000,97000,17000,40000,3000,26000
631170,California,3,3,Plumas Unified,1749,35189000,5074000,3471000,1110000,248000,240000,1170000
631180,California,1,3,Plumas Lake Elementary,1496,23120000,3003000,1631000,1001000,139000,233000,557000
631290,California,1,3,Pollock Pines Elementary,590,8993000,1263000,994000,146000,10000,38000,298000
631320,California,3,2,Pomona Unified,21326,432933000,66185000,49960000,5657000,4036000,6495000,19355000
631350,California,1,3,Pond Union Elementary,184,3632000,271000,271000,0,0,0,79000
631380,California,1,3,Pope Valley Union Elementary,55,1775000,108000,63000,36000,0,8000,26000
631400,California,3,3,Potter Valley Community Unified,276,6158000,454000,395000,59000,0,0,123000
631470,California,1,3,Portola Valley Elementary,513,16946000,1946000,1429000,342000,156000,19000,423000
631530,California,3,3,Poway Unified,34663,527939000,110396000,98605000,2600000,2168000,6781000,30906000
631680,California,1,3,Raisin City Elementary,255,5209000,241000,191000,50000,0,0,52000
631710,California,3,3,Ramona City Unified,5077,74414000,13084000,10444000,2173000,454000,0,4015000
631740,California,1,3,Rancho Santa Fe Elementary,574,13978000,1700000,1401000,299000,0,0,438000
631860,California,1,3,Ravenswood City Elementary,1467,49977000,8181000,6987000,65000,1017000,0,1274000
631920,California,1,3,Raymond-Knowles Union Elementary,79,1217000,103000,84000,18000,0,0,26000
631980,California,1,3,Red Bluff Union Elementary,1838,36686000,3692000,2972000,377000,1000,49000,1128000
632010,California,2,3,Red Bluff Joint Union High,1747,30865000,2593000,2263000,221000,0,0,855000
632040,California,3,2,Redding Elementary,2856,51696000,6472000,6139000,7000,42000,0,2086000
632070,California,3,3,Redlands Unified,19473,351068000,49667000,38890000,6592000,844000,1962000,14094000
632130,California,1,3,Redwood City Elementary,6329,132348000,28697000,22859000,3761000,570000,1467000,5079000
632160,California,1,3,Reed Union Elementary,1023,25573000,2666000,2205000,220000,181000,61000,626000
632250,California,1,3,Reeds Creek Elementary,181,2538000,5000,0,5000,0,0,0
632270,California,3,3,Reef-Sunset Unified,2722,47548000,2503000,1586000,531000,56000,329000,726000
632310,California,1,3,Rescue Union Elementary,3515,44696000,5574000,4011000,1081000,364000,68000,1213000
632370,California,3,3,Rialto Unified,24117,437356000,60774000,35282000,15771000,3004000,6491000,14476000
632400,California,1,3,Richfield Elementary,238,3379000,50000,0,48000,0,2000,0
632430,California,1,3,Richgrove Elementary,508,11978000,570000,520000,50000,0,0,199000
632520,California,1,3,Richmond Elementary,191,2472000,153000,153000,0,0,0,75000
632550,California,3,3,West Contra Costa Unified,25626,492138000,119650000,82769000,26813000,5648000,4405000,23509000
632610,California,3,3,Rim of the World Unified,2885,47858000,6797000,4987000,1172000,308000,330000,1986000
632640,California,1,2,Rincon Valley Union Elementary,3066,57796000,9219000,5346000,2982000,225000,477000,1581000
632710,California,1,3,Rio Bravo-Greeley Union Elementary,1010,16021000,1603000,855000,426000,0,52000,230000
632730,California,1,3,Rio Dell Elementary,334,5399000,355000,225000,130000,0,0,61000
632760,California,1,3,Rio Elementary,5167,94876000,12960000,10158000,2756000,2000,27000,2440000
632880,California,3,3,Ripon Unified,3298,43125000,6137000,3800000,2314000,0,23000,1260000
633110,California,3,3,River Delta Joint Unified,1783,30247000,4388000,3310000,618000,258000,146000,912000
633150,California,3,3,Riverside Unified,39380,669661000,118743000,90079000,9084000,5490000,12706000,34597000
633210,California,1,2,Roberts Ferry Union Elementary,198,2721000,243000,190000,30000,10000,0,31000
633240,California,1,3,Robla Elementary,1903,36847000,5075000,3695000,612000,333000,359000,1384000
633390,California,1,3,Romoland Elementary,4539,69609000,11090000,7773000,2100000,641000,574000,2385000
633480,California,1,3,Rosedale Union Elementary,6041,81784000,11075000,7013000,3733000,0,317000,2213000
633510,California,1,3,Roseland,1467,50257000,5336000,3905000,990000,0,140000,1068000
633570,California,1,3,Rosemead Elementary,2334,43767000,7504000,6072000,558000,312000,562000,1335000
633600,California,1,3,Roseville City Elementary,11570,169861000,33178000,22615000,9102000,0,1442000,9574000
633630,California,2,3,Roseville Joint Union High,10557,169825000,21036000,15043000,4322000,598000,968000,6135000
633660,California,1,3,Ross Elementary,357,9995000,1342000,1003000,186000,88000,64000,270000
633690,California,1,3,Round Valley Joint Elementary,63,1720000,144000,82000,62000,0,0,55000
633720,California,3,3,Round Valley Unified,436,11097000,1096000,1088000,8000,0,0,293000
633750,California,3,3,Rowland Unified,11893,235951000,33493000,28595000,641000,2294000,1384000,11409000
633840,California,3,2,Sacramento City Unified,38588,690416000,146007000,104702000,19120000,9456000,12421000,26503000
633860,California,3,3,Saddleback Valley Unified,23674,367871000,70500000,55916000,5366000,3682000,4829000,17385000
633900,California,1,2,Salida Union Elementary,2169,38656000,7196000,5885000,1058000,252000,0,1073000
633930,California,1,3,Salinas City Elementary,8273,169011000,18568000,13328000,2329000,1253000,1495000,3639000
633980,California,2,3,Salinas Union High,16236,299304000,32180000,21838000,3982000,2357000,4002000,9101000
634050,California,1,3,San Antonio Union Elementary,137,2136000,226000,104000,113000,0,1000,55000
634080,California,1,3,San Ardo Union Elementary,79,2437000,137000,66000,70000,0,0,34000
634140,California,2,3,San Benito High,3556,53103000,7573000,4885000,1967000,0,0,1923000
634170,California,3,3,San Bernardino City Unified,45852,965815000,140036000,88475000,33812000,6313000,11120000,36997000
634230,California,1,3,San Bruno Park Elementary,2013,36549000,8415000,4879000,3058000,245000,233000,641000
634290,California,1,3,San Carlos Elementary,2696,50174000,8618000,6349000,1891000,359000,0,2257000
634320,California,3,3,San Diego Unified,93694,1951413000,404591000,330095000,39362000,12639000,20609000,130609000
634380,California,2,3,San Dieguito Union High,12589,182800000,25544000,17088000,2738000,1768000,3865000,7809000
634410,California,3,3,San Francisco Unified,48722,1116190000,219360000,143214000,35373000,13171000,27592000,38259000
634425,California,3,3,San Gabriel Unified,4583,82750000,13159000,10063000,1485000,978000,633000,2653000
634440,California,3,3,San Jacinto Unified,10271,193678000,32514000,27482000,2507000,1588000,932000,9477000
634590,California,3,3,San Jose Unified,25351,454023000,87262000,69988000,7194000,3561000,6463000,19508000
634620,California,3,2,San Juan Unified,37776,618550000,107275000,81366000,9205000,5280000,10000000,26494000
634680,California,3,3,San Leandro Unified,8615,150812000,30627000,22531000,3450000,1853000,2793000,9348000
634710,California,3,3,San Lorenzo Unified,8454,144766000,26705000,20193000,2632000,1734000,2126000,5555000
634740,California,3,2,San Lorenzo Valley Unified,2379,33883000,5766000,3230000,1519000,580000,438000,1148000
634770,California,1,3,San Lucas Union Elementary,70,1966000,249000,110000,69000,3000,66000,8000
634800,California,3,3,San Luis Coastal Unified,7555,136875000,24952000,18324000,4629000,1983000,14000,5531000
634860,California,3,3,San Marino Unified,2747,46615000,6842000,5274000,1154000,326000,87000,1500000
634880,California,3,3,San Marcos Unified,19509,285595000,62417000,51838000,2591000,2463000,5250000,18833000
634920,California,1,3,San Mateo-Foster City,10043,197555000,36284000,29592000,1633000,2275000,2725000,5718000
634980,California,2,3,San Mateo Union High,8899,218390000,37761000,30448000,4663000,15000,2635000,8703000
635010,California,1,3,San Miguel Joint Union,655,10138000,1723000,1004000,607000,0,104000,321000
635040,California,1,3,San Pasqual Union Elementary,486,7213000,710000,431000,185000,94000,0,138000
635070,California,3,3,San Pasqual Valley Unified,591,18034000,2069000,1404000,356000,0,111000,566000
635090,California,1,3,San Rafael City Elementary,4271,86414000,11263000,8203000,1356000,606000,1098000,2653000
635110,California,2,3,San Rafael City High,2642,50547000,7645000,5787000,727000,155000,976000,1882000
635130,California,3,3,San Ramon Valley Unified,29639,455621000,80344000,56558000,9649000,4120000,8848000,17478000
635220,California,1,3,San Ysidro Elementary,4255,82122000,13791000,12500000,785000,362000,0,3985000
635250,California,3,2,Sanger Unified,13188,208102000,15011000,10492000,3636000,884000,0,4178000
635310,California,3,2,Santa Ana Unified,39899,890126000,172409000,128394000,16664000,13223000,12463000,52283000
635430,California,3,3,Santa Clara Unified,13884,378797000,77270000,68457000,1174000,2430000,3200000,22650000
635490,California,1,3,Santa Clara Elementary,54,897000,61000,38000,24000,0,0,29000
635670,California,2,3,Santa Maria Joint Union High,9251,158823000,19427000,14997000,1419000,1013000,1297000,6438000
635700,California,3,3,Santa Monica-Malibu Unified,8806,220094000,43414000,32541000,7170000,2028000,1676000,10654000
635790,California,1,3,Santa Rita Union Elementary,3231,52397000,7592000,3534000,3213000,284000,140000,1451000
635880,California,1,3,Santee,6141,89385000,19915000,16800000,1387000,468000,1190000,5656000
635910,California,1,3,Saratoga Union Elementary,1625,37821000,6315000,5450000,376000,0,72000,1760000
635970,California,1,3,Saugus Union,9095,127749000,28583000,23078000,3383000,723000,1400000,6626000
636000,California,1,3,Sausalito Marin City,318,11653000,1579000,980000,341000,0,249000,322000
636030,California,1,3,Savanna Elementary,1806,32875000,5137000,3978000,1157000,0,3000,1625000
636100,California,1,3,Scotia Union Elementary,182,2819000,255000,202000,52000,0,0,74000
636180,California,1,3,Sebastopol Union Elementary,424,9296000,1780000,1471000,189000,0,120000,157000
636210,California,1,3,Seeley Union Elementary,346,7892000,573000,354000,219000,0,0,185000
636270,California,3,3,Selma Unified,5933,117147000,10574000,9454000,1117000,0,2000,3422000
636330,California,1,3,Semitropic Elementary,151,4299000,216000,138000,43000,0,35000,62000
636390,California,2,3,Sequoia Union High,8489,229052000,43870000,33552000,3864000,2413000,3899000,11465000
636420,California,1,3,Shaffer Union Elementary,207,3108000,99000,99000,0,0,0,63000
636450,California,3,3,Shandon Joint Unified,271,5453000,658000,497000,154000,0,7000,222000
636570,California,1,3,Shasta Union Elementary,87,1856000,153000,147000,0,6000,0,16000
636600,California,2,3,Shasta Union High,4263,80016000,9244000,7315000,1907000,8000,15000,2513000
636660,California,1,2,Shiloh Elementary,170,2862000,324000,304000,13000,8000,0,48000
636670,California,3,3,Shoreline Unified,470,17599000,2135000,1816000,88000,0,230000,409000
636800,California,3,3,Sierra Sands Unified,5087,77159000,16097000,10062000,3677000,1192000,1107000,3309000
636805,California,3,3,Sierra Unified,1319,24172000,2518000,1948000,413000,0,0,776000
636820,California,3,3,Silver Valley Unified,1949,40796000,5048000,2867000,1182000,427000,571000,971000
636840,California,3,3,Simi Valley Unified,15878,244028000,53389000,36147000,9922000,2472000,4069000,19364000
636940,California,2,3,Siskiyou Union High,531,9729000,398000,398000,0,0,0,179000
636960,California,1,3,Snelling-Merced Falls Union Elementary,53,1134000,79000,67000,12000,0,0,7000
636970,California,3,3,Snowline Joint Unified,7961,114290000,17516000,12745000,3101000,292000,875000,5379000
636972,California,2,3,Victor Valley Union High,11340,210462000,31502000,25261000,3565000,1874000,802000,9594000
636990,California,1,3,Solana Beach Elementary,2721,60832000,9766000,7141000,1884000,424000,304000,2284000
637050,California,3,3,Soledad Unified,4748,82342000,14256000,9758000,3286000,1083000,62000,2955000
637140,California,1,3,Somis Union,240,4476000,547000,317000,206000,0,0,102000
637200,California,3,3,Sonoma Valley Unified,3156,75919000,16767000,10154000,4522000,635000,610000,2097000
637230,California,1,3,Sonora Elementary,724,10409000,985000,845000,0,0,0,191000
637260,California,2,3,Sonora Union High,1087,16765000,2382000,1402000,81000,0,685000,262000
637290,California,1,3,Soquel Union Elementary,1654,25592000,4527000,3484000,385000,322000,335000,859000
637320,California,1,3,Soulsbyville Elementary,484,6804000,659000,659000,0,0,0,255000
637350,California,1,2,South Bay Union Elementary,421,7779000,682000,491000,167000,24000,0,187000
637380,California,1,2,South Bay Union,5856,130016000,19705000,16179000,1622000,828000,1064000,5598000
637470,California,1,3,South Fork Union,344,5672000,639000,478000,143000,0,16000,192000
637500,California,3,3,South Pasadena Unified,4622,71196000,12996000,10778000,1074000,587000,557000,2249000
637530,California,3,3,South San Francisco Unified,7844,147858000,32587000,24278000,4159000,1232000,2537000,6614000
637560,California,1,3,South Whittier Elementary,2312,52647000,6958000,5589000,473000,318000,578000,1794000
637590,California,3,3,Southern Humboldt Joint Unified,708,13170000,1423000,1417000,6000,0,0,249000
637620,California,3,3,Southern Kern Unified,3663,57294000,9580000,6534000,2214000,0,341000,2394000
637630,California,3,3,Southern Trinity Joint Unified,84,2716000,164000,164000,0,0,0,76000
637650,California,1,3,Southside Elementary,233,2309000,3000,3000,0,0,0,0
637710,California,1,3,Spreckels Union Elementary,918,11369000,1250000,850000,393000,2000,0,267000
637830,California,3,3,Saint Helena Unified,1120,43295000,4725000,3383000,975000,215000,153000,1239000
637890,California,1,3,Standard Elementary,3046,52113000,6318000,4739000,1181000,215000,184000,1963000
637950,California,1,3,Stanislaus Union Elementary,3389,57318000,11200000,9632000,1060000,439000,36000,1765000
638010,California,3,2,Stockton Unified,35374,640913000,106253000,73042000,17879000,5579000,9175000,20103000
638220,California,1,3,Sulphur Springs Union,5210,79266000,20259000,16496000,2332000,562000,709000,4986000
638250,California,1,3,Summerville Elementary,416,6030000,824000,777000,47000,0,0,187000
638280,California,2,2,Summerville Union High,667,10748000,535000,470000,65000,0,0,200000
638340,California,1,3,Sundale Union Elementary,824,11415000,740000,328000,412000,0,0,85000
638460,California,1,3,Sunnyvale,5456,131637000,29601000,18428000,4129000,6007000,947000,7185000
638520,California,3,3,Surprise Valley Joint Unified,96,2083000,168000,168000,0,0,0,40000
638550,California,1,3,Susanville Elementary,1044,14115000,1058000,966000,13000,8000,0,298000
638610,California,2,3,Sutter Union High,802,12158000,483000,296000,117000,0,56000,201000
638640,California,2,3,Sweetwater Union High,35372,553449000,101960000,84508000,6873000,4507000,5002000,34137000
638670,California,1,3,Sylvan Union Elementary,7970,127821000,22588000,19099000,1827000,1355000,305000,5074000
638700,California,1,3,Taft City,2402,35918000,4929000,2802000,1189000,175000,761000,1147000
638730,California,2,3,Taft Union High,1186,28122000,2394000,1890000,416000,62000,0,677000
638770,California,3,3,Tahoe-Truckee Unified,3965,89972000,12953000,9144000,1962000,0,1079000,3994000
638790,California,2,3,Tamalpais Union High,4813,108032000,19955000,13234000,5203000,5000,1513000,3935000
638880,California,3,3,Tehachapi Unified,4170,62083000,10638000,6400000,1968000,1092000,1097000,2348000
638980,California,3,3,Temple City Unified,5196,84789000,12865000,10122000,1344000,665000,602000,3236000
639000,California,3,3,Templeton Unified,2257,32466000,5378000,4058000,1014000,1000,0,1109000
639060,California,1,3,Terra Bella Union Elementary,741,15293000,956000,581000,317000,58000,0,189000
639180,California,1,3,Thermalito Union Elementary,1522,29179000,2773000,1854000,720000,1000,198000,608000
639420,California,3,3,Torrance Unified,21636,327435000,68664000,56643000,6987000,4099000,201000,15640000
639630,California,3,3,Travis Unified,5326,75737000,13861000,9431000,2930000,1032000,458000,3673000
639690,California,1,3,Tres Pinos Union Elementary,51,769000,4000,0,4000,0,0,0
639720,California,1,3,Trinidad Union Elementary,169,2995000,172000,149000,23000,0,0,62000
639840,California,3,3,Trona Joint Unified,247,7622000,589000,479000,43000,15000,0,112000
639870,California,1,3,Tulare City,9169,142849000,9559000,6566000,2602000,391000,0,3028000
639930,California,2,2,Tulare Joint Union High,5745,103959000,5269000,4532000,187000,335000,0,2184000
639940,California,3,3,Tulelake Basin Joint Unified,411,7877000,658000,658000,0,0,0,190000
640150,California,3,3,Tustin Unified,21694,335759000,66297000,47067000,9308000,3601000,6245000,15468000
640200,California,1,3,Twain Harte,254,4601000,497000,441000,56000,0,0,175000
640230,California,3,2,Twin Hills Union Elementary,959,15129000,1814000,1153000,422000,92000,14000,265000
640260,California,1,3,Two Rock Union,132,2185000,270000,194000,45000,24000,7000,54000
640300,California,3,3,Ukiah Unified,5810,107358000,13152000,11071000,1435000,637000,0,3485000
640320,California,1,3,Union Elementary,5351,86082000,15973000,10914000,3249000,1046000,762000,3647000
640380,California,1,2,Union Hill Elementary,682,9177000,1170000,728000,267000,1000,3000,269000
640590,California,3,2,Vacaville Unified,12574,191418000,35420000,24264000,9191000,1430000,2000,7402000
640650,California,1,3,Valle Lindo Elementary,890,15977000,1098000,610000,339000,103000,46000,235000
640680,California,1,3,Vallecito Union,590,10534000,1420000,1046000,249000,0,104000,312000
640710,California,1,3,Vallecitos Elementary,188,4504000,493000,425000,69000,0,0,52000
640740,California,3,2,Vallejo City Unified,10299,197485000,41815000,36442000,1293000,2174000,1182000,6430000
640800,California,1,3,Valley Home Joint Elementary,169,2629000,314000,303000,4000,7000,0,19000
640980,California,3,3,Ventura Unified,14969,248772000,37070000,25479000,9891000,1628000,42000,3654000
641040,California,1,2,Victor Elementary,12415,206544000,23717000,14217000,6240000,361000,2899000,5552000
641130,California,1,3,Vineland Elementary,676,14900000,735000,363000,287000,0,40000,156000
641160,California,3,2,Visalia Unified,28827,490192000,47429000,40788000,3506000,2414000,722000,15977000
641190,California,3,3,Vista Unified,18794,331656000,65810000,51560000,6866000,1414000,4501000,19890000
641250,California,1,3,Walnut Creek Elementary,3426,49921000,7283000,4104000,1614000,591000,499000,1377000
641280,California,3,3,Walnut Valley Unified,13486,188417000,24986000,16250000,6994000,562000,1141000,5859000
641400,California,1,3,Wasco Union Elementary,3413,70050000,6511000,3938000,1774000,417000,374000,1578000
641430,California,2,3,Wasco Union High,1853,31796000,1918000,1516000,85000,196000,18000,716000
641460,California,1,3,Washington Colony Elementary,449,7352000,627000,389000,221000,17000,0,208000
641580,California,3,2,Washington Unified,7415,118741000,15892000,10814000,1637000,1013000,2152000,3265000
641610,California,1,3,Washington Union Elementary,734,10727000,1473000,1361000,4000,105000,2000,466000
641790,California,1,3,Waugh Elementary,774,11032000,1730000,1339000,310000,55000,26000,242000
641880,California,1,3,Weaver Union,3130,51205000,4996000,3829000,905000,262000,0,1450000
641980,California,1,3,Weed Union Elementary,323,6554000,337000,337000,0,0,0,160000
642000,California,3,3,West Covina Unified,7954,148382000,26845000,18174000,3640000,3238000,1731000,6718000
642060,California,3,2,West Park Elementary,511,9821000,594000,380000,148000,5000,0,202000
642120,California,1,3,Westside Union Elementary,8910,118726000,22050000,14013000,5288000,776000,1967000,5130000
642140,California,3,3,Western Placer Unified,7564,108669000,18154000,14403000,967000,1504000,1268000,4722000
642150,California,1,3,Westminster,8144,152732000,26344000,22744000,1961000,1207000,0,9774000
642180,California,1,3,Westmorland Union Elementary,335,8875000,525000,367000,142000,0,14000,155000
642210,California,1,3,Westside Elementary,136,5264000,340000,219000,121000,0,0,80000
642270,California,1,3,West Side Union Elementary,137,2065000,202000,135000,35000,0,32000,53000
642300,California,3,3,Westwood Unified,174,3380000,119000,119000,0,0,0,54000
642330,California,1,2,Wheatland,1361,25611000,4206000,2517000,1224000,0,61000,954000
642350,California,2,3,Wheatland Union High,1096,21144000,2258000,1511000,445000,155000,59000,476000
642420,California,1,3,Whitmore Union Elementary,63,933000,79000,51000,19000,0,0,0
642450,California,1,3,Whittier City Elementary,5492,101874000,19650000,17647000,131000,17000,1847000,5768000
642480,California,2,3,Whittier Union High,10568,225881000,53254000,36788000,5101000,7536000,3821000,11791000
642510,California,2,3,William S. Hart Union High,20971,320397000,47567000,37877000,6617000,3029000,42000,15662000
642560,California,3,3,Willits Unified,1534,26636000,3691000,3017000,325000,347000,0,1070000
642580,California,3,3,Laytonville Unified,337,6268000,530000,377000,118000,35000,0,96000
642710,California,3,3,Willows Unified,1391,20835000,1000,1000,0,0,0,0
642750,California,1,3,Wilmar Union Elementary,218,3172000,303000,216000,87000,0,0,55000
642810,California,1,3,Wilsona Elementary,1228,25124000,2577000,1919000,172000,29000,443000,699000
642900,California,1,3,Winship-Robbins,106,2387000,1000,0,0,0,1000,0
642930,California,3,3,Winters Joint Unified,1568,25546000,3816000,2914000,383000,121000,322000,653000
642960,California,1,3,Winton,1904,33367000,2329000,1719000,610000,0,0,714000
643080,California,3,2,Woodland Joint Unified,9495,153234000,24671000,13001000,7276000,1462000,2913000,4562000
643140,California,1,3,Woodside Elementary,371,13553000,1904000,1676000,60000,0,0,729000
643200,California,1,2,Wright Elementary,1276,24929000,6025000,4709000,748000,125000,441000,598000
643380,California,1,3,Yreka Union Elementary,889,16529000,456000,456000,0,0,0,246000
643410,California,2,3,Yreka Union High,733,12743000,581000,476000,105000,0,0,285000
643470,California,3,3,Yuba City Unified,11677,192236000,19374000,12307000,3669000,1079000,2240000,4635000
643560,California,3,2,Yucaipa-Calimesa Joint Unified,8544,139862000,23541000,14204000,6387000,840000,2079000,5722000
684500,California,3,3,Irvine Unified,36462,525222000,108747000,71338000,22598000,9012000,5775000,20331000
691134,California,3,3,Golden Plains Unified,1389,28651000,2262000,1415000,592000,255000,0,574000
691135,California,3,3,Val Verde Unified,19367,351773000,52613000,33301000,7747000,8066000,3049000,13690000
691136,California,3,3,Aromas - San Juan Unified,992,15598000,1637000,1162000,176000,295000,4000,230000
691137,California,3,3,Big Oak Flat-Groveland Unified,276,7418000,545000,545000,0,0,0,279000
800001,Colorado,3,3,Cheyenne County School District No. Re-5,178,3431000,266000,266000,0,0,0,107000
800016,Colorado,3,3,Yuma 1 School District,886,10897000,791000,791000,0,0,0,302000
800017,Colorado,3,3,Wray RD-2 School District,724,10462000,684000,679000,0,0,0,149000
800018,Colorado,3,3,Idalia RJ-3 School District,172,3377000,113000,107000,0,0,0,39000
800019,Colorado,3,3,Liberty J-4 School District,68,1783000,6000,6000,0,0,0,5000
800292,Colorado,2,3,Colorado River BOCES,169,8595000,2322000,879000,800000,468000,4000,508000
801920,Colorado,3,2,Academy School District No. 20 in the county of El Paso an,25719,310936000,32085000,23982000,5143000,2225000,0,10247000
801950,Colorado,3,3,School District N. 14 in the county of Adams & State of Colo,5692,102651000,10225000,6562000,865000,2246000,413000,2626000
801980,Colorado,3,3,Agate School District No. 300,81,1927000,164000,164000,0,0,0,50000
802010,Colorado,3,3,Aguilar Reorganized School District No. 6,119,2881000,79000,79000,0,0,0,58000
802040,Colorado,3,3,Akron School District No. R-1,427,7106000,514000,514000,0,0,0,134000
802070,Colorado,3,3,Alamosa School District No. Re-11J,2116,28327000,1203000,1190000,13000,0,0,400000
802130,Colorado,3,3,South Conejos School District No. Re10,174,4548000,84000,63000,21000,0,0,51000
802190,Colorado,3,2,Archuleta County School District No. 50 Jt,1678,23341000,1789000,1765000,0,0,23000,715000
802220,Colorado,3,3,Arickaree School District No. R-2,101,2967000,113000,110000,0,0,0,60000
802260,Colorado,3,3,Arriba-Flagler Consolidated School District No. 20,172,3169000,198000,198000,0,0,0,61000
802280,Colorado,3,2,Aspen School District No. 1 in the county of Pitkin and Sta,1572,43299000,3276000,2778000,460000,0,0,1357000
802310,Colorado,3,3,Weld County School District No. Re-9,993,12134000,885000,884000,0,0,0,224000
802340,Colorado,3,2,Aurora Joint District No. 28 of the counties of Adams and A,38122,690676000,63047000,62774000,8000,132000,0,34197000
802370,Colorado,3,3,Platte Canyon School District No. 1 of  the county of Park,797,12009000,887000,594000,0,0,292000,281000
802400,Colorado,3,3,Bayfield School District No. 10Jt-R,1279,18168000,1427000,1426000,0,0,0,569000
802430,Colorado,3,3,Bennett School District No. 29J,1296,13964000,992000,992000,0,0,0,482000
802460,Colorado,3,3,Bethune School District No. R- 5,108,2709000,74000,74000,0,0,0,25000
802490,Colorado,3,2,Boulder Valley School District No. Re2,28485,489135000,55391000,46294000,6458000,738000,1704000,24585000
802520,Colorado,3,3,Branson Reorganized School District No. 82,442,4485000,189000,189000,0,0,0,86000
802550,Colorado,3,3,School District No. Re-10 in the county of Weld and State o,177,3975000,206000,206000,0,0,0,78000
802580,Colorado,3,2,School District 27J,22713,246531000,27724000,22216000,5397000,45000,7000,10819000
802610,Colorado,3,3,School District No. Re-2 Brush,1366,21192000,1267000,1267000,0,0,0,446000
802640,Colorado,3,3,Buena Vista School District No. R-31,1032,14901000,1368000,1342000,27000,0,0,658000
802670,Colorado,3,3,Burlington Public School District No. RE-6J,762,8121000,434000,434000,0,0,0,138000
802700,Colorado,3,2,Byers School District No. 32J,5671,53381000,2227000,2227000,0,0,0,159000
802730,Colorado,3,3,Calhan District No. RJ1,424,6458000,270000,260000,0,10000,0,68000
802790,Colorado,3,2,Fremont Re-1,3305,46640000,5714000,5126000,264000,252000,0,2341000
802850,Colorado,3,3,Center Consolidated School District No. 26 Jt. of the count,607,12632000,182000,182000,0,0,0,135000
802880,Colorado,3,3,Cheraw School District No. 31 in the county of Otero and S,227,3524000,215000,214000,0,0,0,165000
802910,Colorado,3,2,Cherry Creek School District No. 5 in the county of Arapah,52392,794143000,120231000,99886000,14333000,5329000,0,57535000
802940,Colorado,3,3,Cheyenne Mountain School District No. 12 in the county of E,3737,49524000,4546000,4433000,0,114000,0,2182000
803000,Colorado,3,2,Clear Creek School District No. Re-1,680,13508000,1021000,841000,171000,9000,0,195000
803030,Colorado,3,3,Plateau Valley School District No. 50 in the county of Mesa,314,5415000,196000,196000,0,0,0,107000
803060,Colorado,3,2,Colorado Springs School District No. 11 in the county of E,22725,359840000,33627000,27433000,4649000,1469000,0,12459000
803090,Colorado,3,2,Montezuma-Cortez School District No. Re-1,2449,33513000,2051000,1713000,0,0,0,693000
803120,Colorado,3,3,Fremont Re-3,190,3517000,68000,68000,0,0,0,58000
803150,Colorado,3,3,Creede School District,86,2504000,77000,57000,18000,0,0,37000
803180,Colorado,3,3,Cripple Creek-Victor School District No. Re-1,313,9235000,587000,318000,0,0,44000,198000
803210,Colorado,3,3,Crowley County School District No. Re-1-J,379,6784000,289000,282000,0,0,0,51000
803240,Colorado,3,3,De Beque Joint District No. 49 of the counties of Mesa and,170,3109000,245000,245000,0,0,0,104000
803270,Colorado,3,3,Deer Trail School District No. 26J,325,4144000,193000,193000,0,0,0,69000
803300,Colorado,3,3,Upper Rio Grande School District C-7,386,6614000,214000,214000,0,0,0,71000
803330,Colorado,3,2,Delta County Joint District No. 50,4592,63569000,5955000,4811000,898000,151000,67000,1748000
803360,Colorado,3,2,School District No. 1 in the county of Denver and State of C,87883,1512152000,156841000,130244000,22604000,3993000,0,98671000
803390,Colorado,3,3,Dolores School District No. Re-4A,683,9016000,392000,373000,0,19000,0,147000
803420,Colorado,3,3,Dolores County School District RE-2J,263,4833000,346000,346000,0,0,0,83000
803450,Colorado,3,2,Douglas County School District No. Re 1,62341,806830000,123885000,93518000,15019000,3048000,12229000,48299000
803480,Colorado,3,2,Durango School District No. 9-R,5452,80305000,8481000,6578000,805000,1030000,0,3045000
803510,Colorado,3,3,Kiowa County School District No. Re-1,211,3014000,106000,105000,0,0,0,55000
803540,Colorado,3,2,Eagle County School District No. Re 50,6620,107130000,12566000,9494000,1855000,812000,227000,5100000
803600,Colorado,3,3,Weld County School District No. Re-2,1977,25383000,1344000,1344000,0,0,0,531000
803630,Colorado,3,3,Edison Joint District No. 54 of the counties of El Paso and,73,2379000,118000,112000,0,0,1000,44000
803690,Colorado,3,3,Elbert School District No. 200,281,4005000,282000,282000,0,0,0,89000
803720,Colorado,3,2,ELIZABETH SCHOOL DISTRICT,2379,30706000,4006000,3015000,760000,155000,0,1472000
803750,Colorado,3,3,Ellicott School District No. 22 in the county of El Paso a,981,13012000,907000,643000,0,0,72000,163000
803780,Colorado,3,3,Englewood School District No. 1 in the county of Arapahoe,2441,45481000,6236000,5249000,723000,108000,148000,2292000
803810,Colorado,3,3,Estes Park School District R-3,1014,17323000,1372000,1240000,16000,117000,0,477000
803840,Colorado,3,2,Park County School District No. Re-2,595,11551000,1108000,1108000,0,0,0,276000
803870,Colorado,3,2,El Paso County Colorado School District 49,24515,281251000,32725000,24441000,4995000,1138000,1204000,10659000
803930,Colorado,3,3,School District No. Re-3 Frenchman,221,3490000,242000,230000,0,0,0,49000
803960,Colorado,3,3,Fremont Re-2,1390,16857000,1555000,1554000,0,0,0,564000
803990,Colorado,3,2,Poudre School District R-1,29977,449495000,45011000,35769000,6044000,3116000,0,17106000
804020,Colorado,3,3,Weld re-8 schools,2522,33536000,3987000,3153000,527000,261000,0,1194000
804050,Colorado,3,3,School District No. Re-3 Fort Morgan,3421,40936000,4351000,3478000,642000,0,0,1649000
804080,Colorado,3,3,Fountain School District No. 8 in the county of El Paso an,8201,116901000,18396000,12588000,4365000,71000,0,5862000
804110,Colorado,3,3,Fowler School District No. R4J,347,5471000,270000,270000,0,0,0,108000
804140,Colorado,3,3,Sierra Grande School District No. R-30,289,5162000,46000,46000,0,0,0,35000
804200,Colorado,3,3,Weld County Reorganized School District No. Re-1,1837,30331000,2051000,1427000,623000,0,0,706000
804230,Colorado,3,3,Gilpin County School District No. Re-1,408,6622000,235000,235000,0,0,0,157000
804260,Colorado,3,2,Roaring Fork School District No. Re-1,5771,96187000,7783000,6681000,618000,291000,6000,3527000
804290,Colorado,3,3,Granada School District No. Re-1,213,3767000,91000,91000,0,0,0,42000
804320,Colorado,3,3,East Grand School District No. 2,1283,22092000,1811000,1811000,0,0,0,609000
804350,Colorado,3,2,Mesa County Valley School District No. 51,20762,266453000,34803000,26013000,4462000,1954000,0,12667000
804380,Colorado,3,3,Grand Valley School District No. 16 in the county of Garfi,1198,16826000,1063000,1044000,0,0,0,494000
804410,Colorado,3,2,GreeleySchool District No. 6 in the county of Weld and Sta,22200,300786000,36420000,21396000,12716000,1728000,0,7359000
804440,Colorado,3,3,School District No. Re-12 in the county of Weld and State of,65,2141000,104000,104000,0,0,0,81000
804470,Colorado,3,2,Gunnison Watershed School District Re1J,2061,29843000,2169000,1811000,292000,28000,33000,747000
804500,Colorado,3,3,Hanover School District No. 28 in the county of El Paso an,287,5018000,178000,178000,0,0,0,42000
804530,Colorado,3,2,Harrison School District No. 2 in the county of El Paso an,12267,172814000,20073000,15182000,3169000,987000,0,7447000
804560,Colorado,3,3,Haxtun School District No. Re-2J,334,4714000,265000,254000,0,11000,0,91000
804590,Colorado,3,3,Hayden School District No. Re 1,454,7924000,475000,475000,0,0,0,188000
804620,Colorado,3,3,Hinsdale County School District No. Re-1,81,2237000,84000,84000,0,0,0,53000
804650,Colorado,3,3,Hoehne Reorganized School District No. 3,319,4149000,299000,279000,0,0,0,143000
804680,Colorado,3,3,Holly School District No. Re-3,273,4223000,384000,384000,0,0,0,53000
804710,Colorado,3,3,Holyoke School District No. Re-1J,552,7606000,500000,500000,0,0,0,215000
804740,Colorado,3,3,Genoa-Hugo School District No. C-113,224,2978000,237000,237000,0,0,0,65000
804770,Colorado,3,3,Ignacio School District No. 11Jt,641,12957000,540000,540000,0,0,0,199000
804800,Colorado,3,2,Jefferson County School District No. R-1,75327,1090950000,122890000,94030000,19284000,4184000,0,50630000
804830,Colorado,3,2,Weld County School District No. Re-5J,3853,51677000,5292000,4027000,873000,257000,82000,1631000
804860,Colorado,3,3,Julesburg School District No. Re1,607,6211000,184000,184000,0,0,0,91000
804920,Colorado,3,2,Weld County School District RE-3J,2785,36375000,2922000,2190000,553000,180000,0,1082000
804950,Colorado,3,3,Weld County School District No. Re-7,1094,18003000,1067000,1067000,0,0,0,568000
805010,Colorado,3,3,School District No. C-2 in the county of Elbert and State of,309,4369000,427000,401000,0,0,26000,89000
805040,Colorado,3,3,Kit Carson School District No. R-1,100,2931000,138000,138000,0,0,0,79000
805070,Colorado,3,3,West Grand School District No. 1,391,6988000,564000,564000,0,0,0,197000
805100,Colorado,3,3,North Conejos School District No. Re1J,988,11720000,262000,262000,0,0,0,191000
805130,Colorado,3,3,East Otero School District No. R1,1355,19758000,1286000,1280000,0,0,0,239000
805160,Colorado,3,3,La Veta School District Re-2,238,4652000,125000,125000,0,0,0,51000
805190,Colorado,3,3,Lake County School District No. R-1,979,18715000,1376000,1294000,82000,0,0,709000
805220,Colorado,3,2,Lamar School District No. Re-2,1522,16727000,1349000,1325000,0,0,20000,374000
805250,Colorado,3,3,Las Animas School District No. Re-1,822,12507000,885000,795000,0,86000,0,324000
805280,Colorado,3,3,Limon School District No. Re 4J,457,6105000,426000,426000,0,0,0,110000
805310,Colorado,3,2,Littleton School District No. 6 in the county of Arapahoe,13450,214175000,28221000,21169000,5274000,1731000,0,10613000
805340,Colorado,3,3,Lone Star School District No. 101,124,2338000,88000,88000,0,0,0,41000
805370,Colorado,3,2,St. Vrain Valley School District No. Re1J,31894,447966000,45157000,36216000,6457000,2369000,0,18028000
805400,Colorado,3,2,Thompson School District R-2J,15083,221385000,27198000,17407000,5559000,1221000,2137000,7728000
805460,Colorado,3,3,Mancos School District Re-6,509,6908000,276000,276000,0,0,0,162000
805490,Colorado,3,3,Manitou Springs School District No. 14 in the county of El,1317,21564000,1546000,1399000,147000,0,0,566000
805520,Colorado,3,3,Manzanola Joint District No. 3J of the counties of Otero a,163,3192000,151000,151000,0,0,0,59000
805550,Colorado,3,3,Mapleton School District No. 1 in the county of Adams & St,7088,102650000,11175000,6941000,2017000,447000,556000,3857000
805580,Colorado,3,3,McClave School District No. Re-2,258,4283000,141000,141000,0,0,0,51000
805610,Colorado,3,3,Meeker School District Re1,712,9718000,579000,579000,0,0,0,202000
805640,Colorado,3,3,School District No. Re-4 Buffalo,314,4740000,332000,332000,0,0,0,90000
805670,Colorado,3,3,Miami-Yoder Joint District No. 60 of the counties of El Pas,340,5781000,412000,403000,0,0,9000,124000
805700,Colorado,3,2,Moffat School District No. 2 in the county of Saguache and,179,5621000,98000,84000,13000,0,0,42000
805730,Colorado,3,3,Moffat County School District RE: No. 1,2092,26727000,2572000,1720000,298000,168000,0,718000
805760,Colorado,3,3,Monte Vista School District No. C-8,1033,12908000,453000,453000,0,0,0,225000
805790,Colorado,3,2,Montrose County School District Re-1J,6029,71487000,8674000,7178000,753000,699000,0,3356000
805820,Colorado,3,2,Lewis-Palmer Consolidated School District No. 38 in the co,6496,80774000,7934000,5309000,1676000,598000,351000,2281000
805850,Colorado,3,2,West End School District No. Re-2,260,4502000,270000,270000,0,0,0,56000
805880,Colorado,3,3,Norwood School District No. R-2J,189,3966000,175000,155000,0,20000,0,24000
805910,Colorado,3,3,South Routt School District No. Re 3,350,7002000,198000,179000,0,0,0,60000
805940,Colorado,3,3,Otis School District No. R-3,201,3723000,175000,175000,0,0,0,77000
805970,Colorado,3,3,Ouray School District No. R-1 of  the county of Ouray and,177,3816000,325000,325000,0,0,0,109000
806000,Colorado,3,3,Revere School District,113,2755000,165000,165000,0,0,0,47000
806030,Colorado,3,3,School District No. Re-5 Plateau,178,3536000,72000,72000,0,0,0,51000
806060,Colorado,3,3,Peyton School District No. 23 in the county of El Paso and,600,8888000,458000,458000,0,0,0,146000
806090,Colorado,3,3,Pritchett School District No. Re-3,59,1250000,8000,8000,0,0,0,6000
806120,Colorado,3,2,Pueblo School District No. 60 in the county of Pueblo and,15025,202854000,21745000,16664000,3096000,499000,1384000,8273000
806150,Colorado,3,2,Pueblo County School District 70,10501,121377000,12595000,10350000,1271000,809000,156000,4905000
806180,Colorado,3,3,Rangely School District RE4,488,7618000,702000,702000,0,0,0,160000
806210,Colorado,3,3,Ridgway School District No. R-2  of  the county of Ouray a,332,6146000,355000,297000,0,0,0,119000
806240,Colorado,3,3,Garfield School District No. Re-2,4662,64679000,6283000,5437000,671000,16000,7000,2045000
806270,Colorado,3,3,Rocky Ford School District No. R2,632,10351000,959000,953000,0,0,0,160000
806300,Colorado,3,3,Mountain Valley School District No. Re 1,221,3865000,178000,174000,4000,0,0,53000
806330,Colorado,3,3,Salida School District No. R-32,1327,21595000,1998000,1817000,122000,59000,0,992000
806360,Colorado,3,3,Centennial School District No. R-1,193,4712000,109000,108000,0,0,0,60000
806390,Colorado,3,3,Sanford School District No. 6 in the county of Conejos and,384,4960000,111000,111000,0,0,0,73000
806420,Colorado,3,3,Sangre de Cristo School District No. Re-22J,259,4462000,127000,127000,0,0,0,65000
806450,Colorado,3,3,Sargent School District No. Re-33J,322,5336000,160000,97000,0,0,0,70000
806480,Colorado,3,2,School District No. 3 in the county of El Paso and State of,9611,122365000,15141000,9584000,4657000,884000,5000,4232000
806510,Colorado,3,3,Hi-Plains R-23,129,2901000,97000,97000,0,0,0,5000
806540,Colorado,3,3,Sheridan School District No. 2,1125,28513000,2391000,1576000,287000,315000,0,873000
806570,Colorado,3,3,Silverton School District No. 1 in the county of San Juan,87,2530000,82000,82000,0,0,0,12000
806600,Colorado,3,3,Big Sandy School District No. 100J,361,5231000,224000,224000,0,0,0,81000
806630,Colorado,3,3,Springfield School District No. Re-4,304,4409000,305000,298000,0,0,0,129000
806660,Colorado,3,2,Steamboat Springs School District No. Re 2,2664,46686000,4995000,4799000,0,175000,0,2307000
806690,Colorado,3,3,School District No. Re-1 Valley,1972,24691000,3752000,2808000,805000,128000,0,1060000
806720,Colorado,3,3,School District No. Re-11 in the county of Weld and State of,189,3313000,171000,171000,0,0,0,95000
806750,Colorado,3,3,Strasburg School District 31J,1209,13049000,683000,675000,0,0,8000,192000
806780,Colorado,3,3,School District No. R-4 in the county of Kit Carson and Stat,221,3451000,199000,199000,0,0,0,78000
806810,Colorado,3,3,Summit School District No. Re 1,3633,58748000,4679000,4288000,233000,157000,0,2511000
806840,Colorado,3,3,Swink School District No. 33 in the county of Otero and St,314,5115000,292000,290000,0,2000,0,61000
806870,Colorado,3,3,Telluride School District No. R-1,895,18086000,992000,920000,23000,1000,0,429000
806900,Colorado,3,2,Adams 12 Five Star Schools,35747,527211000,51229000,50976000,5000,245000,0,26706000
806960,Colorado,3,3,Trinidad School District 1 in the county of Las Animas and,796,11558000,643000,630000,0,0,12000,75000
806990,Colorado,3,3,Vilas School District Re-5,69,2375000,68000,68000,0,0,0,38000
807050,Colorado,3,3,North Park School District R-1,186,3487000,186000,186000,0,0,0,125000
807080,Colorado,3,2,Huerfano School District Re-1,491,8248000,357000,311000,0,46000,0,164000
807110,Colorado,3,3,Walsh School District No. Re-1,183,10130000,106000,106000,0,0,0,51000
807140,Colorado,3,3,School District No. Re-20 Weldon Valley,235,3474000,243000,243000,0,0,0,97000
807200,Colorado,3,3,Custer County School District Consolidate 1,354,5149000,303000,303000,0,0,0,167000
807230,Colorado,3,3,Westminster Public Schools,8004,142591000,16982000,11962000,2585000,1230000,1096000,6201000
807260,Colorado,3,3,Primero Reorganized School District No. 2,258,4741000,279000,279000,0,0,0,126000
807290,Colorado,3,3,School District No. Re-50 Wiggins,862,10447000,627000,627000,0,0,0,236000
807320,Colorado,3,3,Wiley School District No. Re-13 Jt,266,4251000,353000,342000,0,11000,0,50000
807350,Colorado,3,2,Weld County Reorganized School District No. Re-4,8227,93818000,8933000,6108000,2186000,635000,0,2440000
807380,Colorado,3,2,Woodland Park School District No. Re-2,2010,32590000,2588000,2525000,20000,0,2000,996000
807410,Colorado,3,3,Woodlin School District No. R-104,82,2114000,41000,41000,0,0,0,32000
900002,Connecticut,2,3,Connecticut Technical Education and Career System,11183,321564000,16038000,15912000,0,0,0,10400000
900005,Connecticut,2,3,Regional School District 19,1073,26075000,4726000,3389000,330000,0,708000,1211000
900030,Connecticut,1,3,Andover School District,196,4975000,554000,485000,10000,0,59000,229000
900060,Connecticut,3,3,Ansonia School District,2265,49720000,10224000,6573000,1615000,1000,1846000,2269000
900090,Connecticut,1,3,Ashford School District,367,10123000,1824000,1277000,250000,2000,83000,349000
900120,Connecticut,3,3,Avon School District,3029,73811000,14314000,10850000,2505000,14000,937000,3836000
900150,Connecticut,1,3,Barkhamsted School District,184,5042000,1061000,982000,53000,0,27000,100000
900210,Connecticut,3,3,Berlin School District,2632,63840000,13946000,12055000,590000,0,1166000,4725000
900226,Connecticut,3,3,Goodwin University Educational Services (GUES),1140,18176000,1120000,1120000,0,0,0,553000
900240,Connecticut,1,3,Bethany School District,429,9226000,2075000,1581000,196000,32000,99000,581000
900270,Connecticut,3,3,Bethel School District,3184,68771000,13915000,10049000,2363000,0,1493000,3035000
900330,Connecticut,3,3,Bloomfield School District,2016,65846000,11636000,8488000,1785000,0,1351000,2482000
900360,Connecticut,3,3,Bolton School District,730,18261000,2912000,1834000,650000,9000,125000,733000
900390,Connecticut,1,3,Bozrah School District,167,5873000,1925000,1072000,723000,0,130000,348000
900420,Connecticut,3,3,Branford School District,2578,73049000,11730000,8054000,2153000,8000,887000,2962000
900450,Connecticut,3,3,Bridgeport School District,19112,396676000,81468000,51048000,11846000,1071000,15817000,14865000
900510,Connecticut,3,3,Bristol School District,7404,169956000,47233000,38416000,3049000,8000,5760000,7071000
900540,Connecticut,3,3,Brookfield School District,2550,58811000,12502000,9108000,2200000,0,1194000,2884000
900570,Connecticut,1,3,Brooklyn School District,890,17805000,5372000,3656000,1292000,41000,369000,1326000
900630,Connecticut,1,3,Canaan School District,72,2983000,396000,310000,64000,0,22000,190000
900660,Connecticut,1,3,Canterbury School District,468,11089000,1776000,1527000,105000,0,142000,330000
900690,Connecticut,3,3,Canton School District,1508,35509000,7032000,4524000,1658000,147000,679000,1391000
900720,Connecticut,1,3,Chaplin School District,144,4886000,808000,689000,64000,55000,0,308000
900750,Connecticut,3,3,Cheshire School District,4134,96195000,20351000,14470000,3903000,4000,1713000,5801000
900780,Connecticut,1,3,Chester School District,222,6781000,988000,915000,0,3000,70000,269000
900810,Connecticut,3,3,Clinton School District,1491,40931000,8388000,5470000,1862000,113000,805000,2709000
900840,Connecticut,3,3,Colchester School District,2223,50750000,9599000,6239000,1565000,0,1184000,2406000
900870,Connecticut,1,3,Colebrook School District,72,2672000,555000,492000,30000,0,33000,66000
900900,Connecticut,1,3,Columbia School District,462,11723000,2715000,99000,2353000,0,262000,0
900930,Connecticut,1,3,Cornwall School District,94,3915000,560000,437000,91000,0,31000,269000
900960,Connecticut,3,3,Coventry School District,1543,35485000,6516000,5003000,1022000,0,291000,1994000
900990,Connecticut,3,3,Cromwell School District,1923,41685000,8332000,5423000,1495000,7000,1141000,1567000
901020,Connecticut,3,3,Danbury School District,11994,234743000,38590000,29221000,3848000,432000,5056000,10149000
901050,Connecticut,3,3,Darien School District,4678,126890000,34957000,23643000,6503000,958000,1777000,7099000
901080,Connecticut,1,3,Deep River School District,192,7142000,993000,921000,0,3000,69000,385000
901110,Connecticut,3,3,Derby School District,1288,36268000,5182000,3584000,1025000,8000,564000,1143000
901170,Connecticut,3,3,East Granby School District,856,21612000,4904000,3567000,773000,123000,441000,988000
901200,Connecticut,3,3,East Haddam School District,977,27159000,5509000,3821000,791000,8000,656000,1190000
901230,Connecticut,3,3,East Hampton School District,1756,43017000,11206000,8190000,2033000,0,719000,2985000
901260,Connecticut,3,3,East Hartford School District,5808,152166000,32646000,27484000,480000,365000,3802000,10621000
901290,Connecticut,3,3,East Haven School District,2856,63294000,14300000,10613000,1200000,7000,2455000,2975000
901320,Connecticut,3,3,East Lyme School District,2528,65021000,13221000,8170000,3459000,100000,810000,3517000
901350,Connecticut,3,3,East Windsor School District,1009,33032000,8508000,5540000,2182000,13000,428000,2091000
901380,Connecticut,1,3,Eastford School District,151,4216000,1012000,825000,106000,0,81000,156000
901410,Connecticut,1,3,Easton School District,902,21130000,4326000,3635000,474000,0,193000,1633000
901440,Connecticut,3,3,Ellington School District,2552,55484000,10239000,5822000,3743000,8000,505000,2264000
901470,Connecticut,3,3,Enfield School District,4514,107314000,18278000,15716000,212000,0,2027000,7314000
901500,Connecticut,1,3,Essex School District,300,9539000,1656000,1563000,0,4000,90000,410000
901530,Connecticut,3,3,Fairfield School District,9093,240351000,63792000,47546000,10458000,3000,4001000,14030000
901560,Connecticut,3,3,Farmington School District,4024,95505000,15010000,10200000,3331000,20000,1457000,3017000
901590,Connecticut,1,3,Franklin School District,186,4406000,556000,477000,0,25000,53000,184000
901620,Connecticut,3,3,Glastonbury School District,5486,137222000,22397000,18743000,2181000,5000,1084000,8602000
901680,Connecticut,3,3,Granby School District,1725,40273000,8032000,5459000,1344000,13000,1184000,1753000
901710,Connecticut,3,3,Greenwich School District,8469,266676000,57527000,41123000,13028000,308000,3068000,9306000
901740,Connecticut,3,3,Griswold School District,1715,36224000,7929000,5454000,1022000,9000,1116000,2323000
901770,Connecticut,3,3,Groton School District,4053,100892000,22006000,11521000,7630000,5000,2851000,6875000
901800,Connecticut,3,3,Guilford School District,3124,76065000,17468000,13619000,1832000,0,1916000,4389000
901860,Connecticut,3,3,Hamden School District,5009,144606000,32772000,24209000,4778000,0,3744000,5272000
901890,Connecticut,1,3,Hampton School District,66,2476000,584000,512000,66000,0,7000,133000
901920,Connecticut,3,3,Hartford School District,15951,441637000,102294000,68883000,10589000,0,22822000,15776000
901950,Connecticut,1,3,Hartland School District,116,4595000,586000,25000,518000,0,43000,0
902010,Connecticut,1,3,Hebron School District,696,15320000,2967000,2356000,476000,11000,123000,680000
902040,Connecticut,1,3,Kent School District,194,7169000,1141000,908000,176000,0,57000,507000
902070,Connecticut,3,3,Killingly School District,2319,52850000,11598000,7593000,2256000,56000,1243000,2224000
902130,Connecticut,3,3,Lebanon School District,952,24354000,4514000,3179000,820000,6000,439000,1139000
902160,Connecticut,3,3,Ledyard School District,2399,48506000,11766000,7087000,2511000,1052000,1075000,3087000
902190,Connecticut,1,3,Lisbon School District,434,9554000,2465000,1315000,788000,1000,362000,607000
902220,Connecticut,3,3,Litchfield School District,808,21809000,2942000,2408000,180000,117000,237000,583000
902280,Connecticut,3,3,Madison School District,2380,65615000,13572000,8172000,3580000,153000,1617000,3713000
902310,Connecticut,3,3,Manchester School District,5786,168918000,27876000,21657000,3023000,141000,2803000,7017000
902340,Connecticut,1,3,Mansfield School District,1025,30171000,4181000,2615000,1012000,11000,135000,828000
902370,Connecticut,1,3,Marlborough School District,456,9910000,1517000,971000,384000,0,128000,365000
902400,Connecticut,3,3,Meriden School District,8028,169247000,32443000,22639000,5020000,0,3896000,7062000
902490,Connecticut,3,3,Middletown School District,4310,122275000,27136000,17166000,6036000,251000,3153000,4271000
902520,Connecticut,3,3,Milford School District,5262,145779000,31952000,28468000,163000,0,3223000,10211000
902550,Connecticut,3,3,Monroe School District,3367,75749000,13628000,9918000,2243000,33000,1242000,4137000
902580,Connecticut,3,3,Montville School District,1900,48300000,11471000,9223000,1307000,0,941000,2688000
902640,Connecticut,3,3,Naugatuck School District,4123,89344000,18714000,9942000,2713000,118000,1692000,4484000
902670,Connecticut,3,3,New Britain School District,8841,233431000,57930000,52839000,10000,0,5081000,18792000
902700,Connecticut,3,3,New Canaan School District,4149,116618000,19199000,13147000,3531000,167000,2077000,5914000
902730,Connecticut,3,3,New Fairfield School District,2119,54429000,13116000,7056000,2656000,34000,1518000,3169000
902760,Connecticut,1,3,New Hartford School District,442,10517000,2658000,2488000,58000,1000,103000,992000
902790,Connecticut,3,3,New Haven School District,18290,431698000,69193000,43006000,13228000,0,11759000,16217000
902820,Connecticut,3,3,New London School District,2848,84717000,17233000,10244000,4492000,38000,1860000,2970000
902850,Connecticut,3,3,New Milford School District,3639,82745000,17324000,13271000,2768000,0,1285000,5079000
902880,Connecticut,3,3,Newington School District,3911,96971000,18161000,14900000,1768000,0,1493000,3690000
902910,Connecticut,3,3,Newtown School District,3877,98596000,19284000,11332000,5820000,81000,2051000,4408000
902940,Connecticut,1,3,Norfolk School District,66,2896000,639000,529000,0,43000,67000,133000
902970,Connecticut,3,3,North Branford School District,1521,40293000,6999000,4378000,1834000,39000,603000,1907000
903000,Connecticut,1,3,North Canaan School District,238,7016000,1269000,1041000,157000,0,71000,618000
903030,Connecticut,3,3,North Haven School District,3162,72511000,13146000,9240000,2271000,171000,1464000,2754000
903060,Connecticut,3,3,North Stonington School District,751,17156000,2831000,1908000,717000,27000,175000,700000
903090,Connecticut,3,3,Norwalk School District,11405,304200000,61433000,42694000,11101000,1543000,5217000,13240000
903120,Connecticut,1,3,Norwich School District,3217,99945000,25862000,17494000,3981000,0,4375000,3906000
903180,Connecticut,3,3,Old Saybrook School District,1065,32854000,6416000,5160000,873000,18000,365000,2402000
903210,Connecticut,1,3,Orange School District,1280,29028000,4782000,2422000,1940000,7000,358000,1640000
903240,Connecticut,3,3,Oxford School District,1695,38049000,8916000,4446000,1805000,3000,600000,1748000
903270,Connecticut,3,3,Plainfield School District,1857,43949000,8331000,6826000,329000,15000,561000,2038000
903300,Connecticut,3,3,Plainville School District,2272,53428000,9603000,8469000,512000,0,622000,2148000
903330,Connecticut,3,3,Plymouth School District,1292,31338000,7341000,5342000,1033000,0,629000,2222000
903360,Connecticut,1,3,Pomfret School District,370,8149000,1702000,1046000,404000,73000,177000,628000
903390,Connecticut,3,3,Portland School District,1232,29480000,6377000,4813000,964000,0,582000,1265000
903420,Connecticut,1,3,Preston School District,436,12341000,3827000,1487000,2071000,27000,92000,441000
903480,Connecticut,3,3,Putnam School District,1159,26113000,6134000,4937000,807000,0,167000,1471000
903510,Connecticut,1,3,Redding School District,829,27304000,7674000,6488000,790000,0,396000,2522000
903515,Connecticut,3,3,Regional School District 06,845,23372000,3799000,2168000,1058000,16000,157000,948000
903520,Connecticut,3,3,Regional School District 10,2127,46472000,10449000,7842000,1689000,0,917000,3144000
903530,Connecticut,3,3,Regional School District 12,801,26164000,4252000,2665000,1338000,31000,218000,1205000
903535,Connecticut,3,3,Regional School District 13,1340,42506000,8753000,5121000,2528000,28000,610000,2187000
903536,Connecticut,3,3,Regional School District 14,1607,42883000,8735000,5644000,2370000,2000,716000,2242000
903537,Connecticut,3,3,Regional School District 15,3431,89437000,24862000,16406000,4948000,37000,2564000,7233000
903538,Connecticut,3,3,Regional School District 16,1949,45055000,8336000,5522000,1149000,0,1183000,1333000
903539,Connecticut,3,3,Regional School District 17,1801,46963000,9494000,6712000,1146000,56000,820000,2179000
903540,Connecticut,3,3,Regional School District 18,1286,37084000,7013000,5000000,1121000,4000,299000,2155000
903570,Connecticut,2,3,Regional School District 11,220,6594000,1536000,1200000,3000,0,333000,204000
903600,Connecticut,2,3,Regional School District 01,319,12559000,2658000,2553000,3000,0,101000,878000
903630,Connecticut,3,3,Regional School District 04,727,22491000,4014000,3498000,0,11000,506000,889000
903660,Connecticut,2,3,Regional School District 05,2040,52483000,8665000,4493000,2896000,0,1257000,1762000
903720,Connecticut,2,3,Regional School District 07,807,24367000,5418000,4725000,75000,10000,492000,1304000
903750,Connecticut,2,3,Regional School District 08,1188,31672000,7131000,4605000,1325000,0,678000,1763000
903780,Connecticut,2,3,Regional School District 09,768,25675000,5835000,4920000,122000,0,794000,1725000
903810,Connecticut,3,3,Ridgefield School District,4465,120922000,23198000,21831000,0,29000,1339000,7595000
903840,Connecticut,3,3,Rocky Hill School District,2535,61886000,10342000,7592000,1893000,15000,761000,3350000
903900,Connecticut,1,3,Salem School District,397,9528000,2221000,1111000,857000,0,240000,489000
903930,Connecticut,1,3,Salisbury School District,296,9688000,1860000,1484000,284000,0,93000,818000
903960,Connecticut,1,3,Scotland School District,96,3047000,455000,449000,0,0,5000,131000
903990,Connecticut,3,3,Seymour School District,2123,44207000,8494000,5481000,1480000,5000,1293000,2396000
904020,Connecticut,1,3,Sharon School District,97,5835000,556000,461000,66000,0,30000,262000
904050,Connecticut,3,3,Shelton School District,4374,92076000,18989000,11899000,4887000,6000,1547000,6446000
904080,Connecticut,1,3,Sherman School District,264,8817000,1592000,1108000,15000,28000,2000,440000
904110,Connecticut,3,3,Simsbury School District,4054,96749000,20752000,14775000,3655000,0,1822000,5227000
904140,Connecticut,3,3,Somers School District,1337,31293000,6321000,4969000,948000,0,392000,1566000
904170,Connecticut,3,3,South Windsor School District,4748,100609000,18965000,11809000,4523000,44000,1667000,4641000
904230,Connecticut,3,3,Southington School District,6087,130078000,33624000,21697000,7246000,239000,2932000,7386000
904260,Connecticut,1,3,Sprague School District,270,5973000,1596000,1258000,115000,0,223000,213000
904290,Connecticut,3,3,Stafford School District,1390,36072000,6830000,4011000,1711000,73000,749000,1018000
904320,Connecticut,3,3,Stamford School District,15640,407168000,91759000,67875000,14169000,1320000,7993000,19760000
904350,Connecticut,1,3,Sterling School District,315,7455000,1987000,1802000,71000,0,115000,683000
904380,Connecticut,3,3,Stonington School District,1769,46363000,10239000,6926000,1880000,254000,627000,2997000
904440,Connecticut,3,3,Stratford School District,6511,155582000,34071000,22360000,8158000,8000,2665000,323000
904470,Connecticut,3,3,Suffield School District,2027,45210000,8016000,5973000,1278000,4000,760000,2227000
904500,Connecticut,3,3,Thomaston School District,799,19832000,4109000,2767000,726000,125000,277000,852000
904530,Connecticut,3,3,Thompson School District,901,23446000,5038000,4040000,398000,61000,526000,1053000
904560,Connecticut,3,3,Tolland School District,2277,49659000,11074000,7939000,2273000,0,863000,2862000
904590,Connecticut,3,3,Torrington School District,3731,93294000,17963000,12167000,1876000,23000,1688000,2872000
904620,Connecticut,3,3,Trumbull School District,6613,149233000,30047000,14724000,10289000,1673000,3328000,7894000
904650,Connecticut,1,3,Union School District,53,1714000,345000,122000,96000,97000,2000,112000
904680,Connecticut,3,3,Vernon School District,3103,72037000,15366000,9586000,3384000,91000,1569000,2983000
904710,Connecticut,1,3,Voluntown School District,248,6677000,1318000,779000,401000,17000,56000,267000
904740,Connecticut,3,3,Wallingford School District,5193,136410000,30389000,20842000,5712000,0,2991000,7635000
904830,Connecticut,3,3,Waterbury School District,17131,376427000,69957000,44430000,6234000,10147000,9146000,11693000
904860,Connecticut,3,3,Waterford School District,2222,62202000,13995000,8840000,1620000,1600000,1097000,4091000
904890,Connecticut,3,3,Watertown School District,2566,61050000,16487000,11806000,1544000,0,2653000,2633000
904920,Connecticut,3,3,West Hartford School District,8982,221927000,55600000,37329000,9331000,353000,5500000,11310000
904950,Connecticut,3,3,West Haven School District,5832,126686000,27516000,23007000,1245000,0,2932000,8144000
904980,Connecticut,3,3,Westbrook School District,613,22080000,4656000,4252000,33000,0,371000,1939000
905010,Connecticut,3,3,Weston School District,2182,62464000,13896000,9737000,2887000,335000,937000,2875000
905040,Connecticut,3,3,Westport School District,5271,152910000,30702000,21802000,6544000,0,2305000,7679000
905070,Connecticut,3,3,Wethersfield School District,3562,81975000,13920000,12111000,191000,0,1611000,3283000
905100,Connecticut,1,3,Willington School District,398,11349000,2468000,2019000,262000,0,146000,627000
905130,Connecticut,3,3,Wilton School District,3737,101700000,24817000,17675000,4910000,0,1248000,5433000
905160,Connecticut,1,3,Winchester School District,594,16084000,4810000,3185000,585000,60000,934000,1045000
905190,Connecticut,3,3,Windham School District,2901,83102000,19586000,14477000,2931000,461000,1255000,5658000
905220,Connecticut,3,3,Windsor School District,3251,90613000,24438000,15444000,5822000,98000,2948000,5411000
905250,Connecticut,3,3,Windsor Locks School District,1468,43769000,9869000,7621000,1384000,9000,715000,2830000
905280,Connecticut,3,3,Wolcott School District,2109,45881000,8538000,6712000,728000,0,755000,2583000
905310,Connecticut,1,3,Woodbridge School District,847,19557000,4256000,2206000,1371000,2000,307000,1200000
905370,Connecticut,1,3,Woodstock School District,773,16153000,3395000,2519000,558000,66000,251000,831000
1100030,District of Columbia,3,3,District of Columbia Public Schools,49687,1571564000,230055000,145132000,81555000,3368000,0,105220000
1200030,Florida,3,2,ALACHUA,28964,320773000,83627000,50206000,5988000,7336000,0,14542000
1200060,Florida,3,3,BAKER,5003,56913000,9598000,6113000,545000,505000,857000,1611000
1200090,Florida,3,2,BAY,27323,303754000,60478000,40166000,3746000,2937000,1995000,16458000
1200120,Florida,3,3,BRADFORD,2998,32060000,11096000,5975000,701000,936000,534000,1694000
1200150,Florida,3,2,BREVARD,74125,822814000,85865000,85865000,0,0,0,48228000
1200180,Florida,3,2,BROWARD,254732,3087706000,781523000,465753000,56712000,55908000,21551000,222140000
1200210,Florida,3,3,CALHOUN,2129,25198000,3136000,3135000,0,0,0,1018000
1200240,Florida,3,2,CHARLOTTE,16834,238586000,64554000,38843000,0,0,0,25203000
1200270,Florida,3,2,CITRUS,15951,182002000,105845000,83172000,7470000,5611000,9542000,17969000
1200300,Florida,3,2,CLAY,39212,402020000,141497000,86746000,8241000,9847000,3980000,44381000
1200330,Florida,3,2,COLLIER,48082,678122000,65994000,54464000,4066000,2059000,4747000,60274000
1200360,Florida,3,2,COLUMBIA,9887,103534000,21637000,13201000,1989000,0,0,3728000
1200390,Florida,3,2,MIAMI-DADE,335929,4389392000,1212974000,747169000,97069000,91446000,34459000,238357000
1200420,Florida,3,3,DESOTO,4582,56746000,9150000,5058000,455000,627000,2566000,1863000
1200450,Florida,3,2,DIXIE,2090,26010000,5979000,3659000,3000,51000,307000,1430000
1200480,Florida,3,2,DUVAL,129680,1501419000,412395000,248012000,37637000,30331000,17075000,125279000
1200510,Florida,3,2,ESCAMBIA,37851,465522000,131985000,78966000,665000,1246000,8807000,25167000
1200540,Florida,3,2,FLAGLER,13331,143405000,135365000,83592000,10683000,7225000,5939000,8008000
1200570,Florida,3,2,FRANKLIN,1208,19732000,1703000,1325000,281000,96000,1000,227000
1200630,Florida,3,3,GILCHRIST,2839,36095000,8060000,2925000,480000,463000,433000,1174000
1200690,Florida,3,3,GULF,1928,27204000,7111000,4338000,108000,40000,235000,2493000
1200720,Florida,3,3,HAMILTON,1657,22032000,2427000,1142000,127000,250000,160000,494000
1200750,Florida,3,3,HARDEE,4901,58481000,9521000,5228000,638000,907000,419000,2070000
1200780,Florida,3,3,HENDRY,13825,129202000,18521000,12619000,992000,881000,6000,2660000
1200810,Florida,3,2,HERNANDO,24058,261175000,73905000,45095000,4896000,4245000,2706000,12624000
1200840,Florida,3,3,HIGHLANDS,12362,155572000,6027000,3889000,414000,1352000,0,6788000
1200870,Florida,3,2,HILLSBOROUGH,224504,2377574000,287413000,234038000,16082000,33243000,347000,121521000
1200900,Florida,3,3,HOLMES,3233,37958000,8398000,5057000,361000,553000,441000,1044000
1200930,Florida,3,2,INDIAN RIVER,17199,203685000,58451000,33618000,2848000,7028000,1264000,21958000
1200960,Florida,3,3,JACKSON,6076,77063000,7817000,7817000,0,0,0,3227000
1200990,Florida,3,2,JEFFERSON,730,12632000,434000,0,0,0,0,104000
1201020,Florida,3,3,LAFAYETTE,1144,14739000,4180000,2444000,247000,267000,1000,524000
1201050,Florida,3,2,LAKE,47444,510978000,124240000,73390000,5651000,5811000,4085000,48818000
1201080,Florida,3,2,LEE,99354,1203002000,186739000,109836000,9138000,11148000,9472000,53452000
1201110,Florida,3,2,LEON,32159,353648000,76623000,46807000,3303000,4603000,3011000,31551000
1201140,Florida,3,2,LEVY,5662,65355000,16774000,10155000,928000,1146000,667000,3709000
1201170,Florida,3,3,LIBERTY,1295,16693000,3611000,1208000,40000,98000,698000,397000
1201200,Florida,3,2,MADISON,2418,28718000,4786000,2143000,263000,502000,342000,829000
1201230,Florida,3,2,MANATEE,51234,583071000,138248000,84739000,9435000,11212000,2971000,22696000
1201260,Florida,3,2,MARION,44493,497414000,122935000,70053000,9889000,6849000,1632000,48558000
1201290,Florida,3,2,MARTIN,18641,239307000,32153000,26130000,3196000,2677000,149000,9853000
1201320,Florida,3,2,MONROE,8929,153228000,35269000,17244000,2284000,2024000,1260000,9117000
1201350,Florida,3,3,NASSAU,12668,127303000,121724000,74149000,5459000,8320000,5502000,8002000
1201380,Florida,3,2,OKALOOSA,32733,353819000,93116000,62978000,3248000,2834000,2827000,28006000
1201410,Florida,3,3,OKEECHOBEE,6398,73723000,24943000,15575000,1468000,2253000,1229000,7134000
1201440,Florida,3,2,ORANGE,208444,2429707000,496951000,298802000,33440000,47258000,14449000,186627000
1201470,Florida,3,2,OSCEOLA,73558,763768000,96357000,60833000,4649000,9292000,3692000,50236000
1201500,Florida,3,2,PALM BEACH,190567,2648380000,712104000,472043000,34321000,52104000,11968000,136514000
1201530,Florida,3,2,PASCO,84032,841040000,185818000,84165000,8497000,11250000,6740000,42534000
1201560,Florida,3,2,PINELLAS,93702,1172631000,370964000,260789000,15622000,26356000,8960000,75073000
1201590,Florida,3,2,POLK,114483,1286983000,304887000,194143000,280000,537000,14280000,113535000
1201620,Florida,3,2,PUTNAM,10293,130537000,17301000,15060000,823000,1412000,6000,8163000
1201650,Florida,3,2,SANTA ROSA,30761,309653000,73242000,57803000,3838000,7462000,339000,44850000
1201680,Florida,3,2,SARASOTA,45077,632574000,145667000,92901000,10199000,6359000,4999000,52101000
1201710,Florida,3,2,SEMINOLE,66680,683010000,214778000,119380000,11778000,11168000,9616000,68157000
1201740,Florida,3,2,ST. JOHNS,50151,501011000,174087000,101102000,16438000,14083000,6211000,65210000
1201770,Florida,3,2,ST. LUCIE,45661,556034000,87015000,51812000,4099000,4404000,4763000,25600000
1201800,Florida,3,2,SUMTER,9404,115912000,10498000,9130000,417000,922000,7000,2679000
1201830,Florida,3,3,SUWANNEE,5935,67211000,13015000,7660000,388000,892000,586000,2180000
1201860,Florida,3,3,TAYLOR,2783,37603000,7765000,3862000,574000,149000,0,828000
1201890,Florida,3,3,UNION,2385,27872000,2824000,2824000,0,0,0,1465000
1201920,Florida,3,2,VOLUSIA,63365,679730000,212234000,124862000,12667000,18137000,4240000,76579000
1201950,Florida,3,2,WAKULLA,5156,56468000,11857000,6128000,843000,602000,805000,4368000
1201980,Florida,3,2,WALTON,11575,158815000,34398000,13836000,5687000,8553000,6322000,6582000
1202010,Florida,3,3,WASHINGTON,3231,38001000,3824000,3824000,0,0,0,2072000
1300001,Georgia,3,3,Troup County,12280,163296000,14477000,13782000,64000,246000,227000,6754000
1300060,Georgia,3,3,Appling County,3463,50130000,7275000,6564000,530000,98000,3000,3274000
1300090,Georgia,3,3,Atkinson County,1630,26103000,1192000,1123000,35000,0,34000,1188000
1300120,Georgia,3,2,Atlanta Public Schools,50325,1159804000,85153000,81957000,1872000,0,1324000,54305000
1300150,Georgia,3,3,Bacon County,2128,31627000,3925000,3579000,40000,205000,99000,1910000
1300180,Georgia,3,3,Baker County,300,5944000,623000,493000,14000,93000,22000,266000
1300210,Georgia,3,3,Baldwin County,4693,71012000,8165000,7550000,418000,31000,26000,3647000
1300240,Georgia,3,3,Banks County,2843,39694000,5408000,4901000,39000,295000,85000,2453000
1300290,Georgia,3,3,Barrow County,14882,192620000,18517000,17680000,837000,0,0,9780000
1300330,Georgia,3,3,Bartow County,13806,191079000,24870000,22078000,2396000,65000,307000,10865000
1300360,Georgia,3,3,Ben Hill County,3003,47266000,3971000,3940000,30000,0,0,2659000
1300390,Georgia,3,2,Berrien County,3074,38290000,2095000,1930000,6000,0,3000,1856000
1300420,Georgia,3,3,Bibb County,21392,306244000,31833000,29736000,1301000,620000,0,15600000
1300440,Georgia,3,3,Bleckley County,2605,35148000,3983000,3562000,118000,19000,99000,2233000
1300480,Georgia,3,3,Brantley County,3403,45457000,4628000,4323000,51000,95000,158000,2482000
1300510,Georgia,3,3,Bremen City,2355,27910000,2641000,2600000,11000,0,0,1274000
1300540,Georgia,3,3,Brooks County,2141,33969000,2861000,2186000,138000,4000,133000,966000
1300570,Georgia,3,3,Bryan County,10221,115121000,13577000,12125000,799000,492000,0,6684000
1300600,Georgia,3,3,Buford City,5847,81423000,5939000,5602000,309000,10000,19000,3655000
1300630,Georgia,3,3,Bulloch County,11050,154779000,18341000,14151000,3908000,104000,149000,7301000
1300660,Georgia,3,3,Burke County,3990,77582000,6093000,5610000,289000,22000,41000,3457000
1300690,Georgia,3,3,Butts County,3564,46916000,3839000,3565000,256000,2000,0,2099000
1300720,Georgia,3,3,Calhoun City,4135,46930000,3787000,3600000,112000,0,75000,2158000
1300750,Georgia,3,3,Calhoun County,467,9149000,510000,297000,58000,134000,20000,112000
1300780,Georgia,3,3,Camden County,9523,111684000,15353000,13169000,1469000,554000,147000,7258000
1300810,Georgia,3,3,Candler County,2201,27845000,2760000,2463000,98000,3000,69000,1292000
1300840,Georgia,3,3,Carroll County,15981,206884000,23654000,21305000,1059000,951000,10000,11264000
1300870,Georgia,3,3,Carrollton City,5612,66356000,5775000,5331000,128000,199000,117000,3462000
1300900,Georgia,3,3,Cartersville City,4497,59093000,5387000,4647000,739000,0,0,3261000
1300930,Georgia,3,3,Catoosa County,10426,147555000,22834000,22217000,616000,0,0,11110000
1300990,Georgia,3,3,Charlton County,1686,23587000,2484000,2394000,50000,3000,32000,1239000
1301020,Georgia,3,2,Savannah-Chatham County,36326,557309000,66262000,60644000,4488000,1094000,0,29871000
1301050,Georgia,3,3,Chattahoochee County,970,12661000,1326000,1031000,208000,68000,18000,482000
1301080,Georgia,3,3,Chattooga County,2575,35457000,4668000,3930000,563000,16000,143000,2197000
1301110,Georgia,3,3,Cherokee County,41891,556817000,76529000,62357000,11947000,1715000,509000,35764000
1301140,Georgia,3,3,Chickamauga City,1277,14861000,1218000,1045000,164000,6000,0,532000
1301170,Georgia,3,3,Clarke County,12340,259285000,25110000,25039000,70000,0,0,12900000
1301200,Georgia,1,3,Clay County,200,6325000,352000,288000,7000,25000,0,168000
1301230,Georgia,3,2,Clayton County,52186,762367000,84424000,67939000,14766000,1559000,0,35340000
1301260,Georgia,3,3,Clinch County,1251,18055000,1907000,1805000,26000,29000,39000,836000
1301290,Georgia,3,2,Cobb County,106703,1566390000,212519000,199984000,2198000,7030000,1794000,105887000
1301350,Georgia,3,3,Coffee County,7538,101895000,9434000,8300000,779000,50000,220000,4503000
1301380,Georgia,3,3,Colquitt County,8830,129446000,14185000,13338000,193000,318000,301000,6646000
1301410,Georgia,3,3,Columbia County,29025,344043000,36092000,30338000,1138000,3005000,1500000,16765000
1301440,Georgia,3,3,Commerce City,1785,24798000,2682000,2549000,92000,7000,22000,1156000
1301470,Georgia,3,3,Cook County,3096,44436000,4005000,3847000,116000,10000,19000,2432000
1301500,Georgia,3,3,Coweta County,23200,299870000,32862000,28256000,3046000,0,1287000,16782000
1301530,Georgia,3,3,Crawford County,1562,22588000,2963000,2797000,69000,7000,59000,1191000
1301560,Georgia,3,3,Crisp County,3575,53957000,5649000,4613000,844000,115000,76000,2578000
1301590,Georgia,3,3,Dade County,2063,25688000,3655000,3172000,289000,142000,50000,1295000
1301620,Georgia,3,3,Dalton Public Schools,7675,110489000,12192000,11654000,338000,99000,14000,5785000
1301650,Georgia,3,3,Dawson County,3906,60427000,8080000,7752000,270000,23000,31000,3718000
1301680,Georgia,3,3,City Schools of Decatur,5655,95790000,9630000,9340000,217000,22000,50000,4890000
1301710,Georgia,3,3,Decatur County,4310,55956000,5266000,4793000,142000,181000,129000,2307000
1301740,Georgia,3,2,DeKalb County,92368,1419502000,182408000,166258000,14713000,561000,5000,85633000
1301770,Georgia,3,3,Dodge County,2785,39076000,5112000,4974000,118000,16000,3000,2475000
1301800,Georgia,3,3,Dooly County,1110,21558000,1215000,903000,61000,6000,128000,467000
1301830,Georgia,3,3,Dougherty County,13043,244452000,6918000,5613000,1172000,0,133000,7694000
1301860,Georgia,3,2,Douglas County,25802,340033000,40041000,38965000,415000,417000,0,21405000
1301870,Georgia,3,3,Dublin City,2288,40221000,2948000,2725000,154000,69000,0,1223000
1301890,Georgia,3,3,Laurens County,6424,84625000,9161000,8990000,128000,27000,17000,4985000
1301920,Georgia,3,3,Early County,1668,30281000,3087000,2622000,241000,14000,0,1506000
1301950,Georgia,3,3,Echols County,891,11040000,282000,203000,62000,12000,5000,390000
1301980,Georgia,3,3,Effingham County,14047,169079000,23237000,21426000,837000,974000,0,11833000
1302010,Georgia,3,3,Elbert County,3066,44155000,4816000,4411000,336000,45000,22000,2462000
1302040,Georgia,3,3,Emanuel County,4059,56581000,5547000,4784000,130000,320000,237000,2700000
1302070,Georgia,3,3,Evans County,1818,27453000,1419000,1101000,163000,0,45000,832000
1302100,Georgia,3,3,Fannin County,2799,45226000,6662000,5686000,504000,272000,199000,2662000
1302130,Georgia,3,3,Fayette County,20070,281799000,36519000,33224000,2367000,787000,17000,18686000
1302190,Georgia,3,3,Floyd County,8925,129498000,17160000,16789000,102000,137000,56000,8814000
1302220,Georgia,3,3,Forsyth County,54077,648546000,98796000,93293000,5243000,100000,160000,49928000
1302250,Georgia,3,3,Franklin County,3619,49807000,6409000,5755000,277000,370000,0,2758000
1302280,Georgia,3,2,Fulton County,89935,1365450000,160811000,114155000,43292000,3363000,0,74452000
1302310,Georgia,3,3,Gainesville City,7974,112654000,9058000,8845000,207000,0,5000,3344000
1302340,Georgia,3,3,Gilmer County,4113,57835000,6493000,5706000,114000,409000,259000,2665000
1302370,Georgia,3,3,Glascock County,573,9443000,1076000,936000,128000,2000,8000,490000
1302400,Georgia,3,3,Glynn County,12844,192227000,25125000,22897000,166000,1076000,971000,11580000
1302430,Georgia,3,3,Gordon County,6421,82971000,9632000,8769000,714000,44000,100000,4941000
1302460,Georgia,3,2,Grady County,4405,57166000,4714000,4595000,77000,9000,6000,2580000
1302490,Georgia,3,2,Greene County,2589,50837000,5375000,4759000,365000,174000,0,2664000
1302520,Georgia,3,3,Griffin-Spalding County,9563,134686000,9338000,9183000,0,151000,3000,6708000
1302550,Georgia,3,2,Gwinnett County,181814,2608700000,352337000,320076000,98000,9786000,22377000,187035000
1302580,Georgia,3,3,Habersham County,7204,105085000,16077000,14403000,969000,683000,0,5597000
1302610,Georgia,3,3,Hall County,27328,357273000,44977000,36357000,5411000,2713000,433000,18316000
1302640,Georgia,3,3,Hancock County,703,18044000,1065000,885000,76000,9000,0,570000
1302670,Georgia,3,3,Haralson County,3429,51277000,6070000,5662000,227000,17000,103000,2768000
1302700,Georgia,3,3,Harris County,5645,73399000,7453000,6690000,598000,39000,0,3027000
1302730,Georgia,3,3,Hart County,3656,48138000,5544000,4679000,459000,298000,57000,2528000
1302790,Georgia,3,3,Heard County,2195,29923000,3040000,2715000,234000,1000,63000,1572000
1302820,Georgia,3,3,Henry County,43417,537187000,65452000,60723000,2683000,121000,0,31902000
1302880,Georgia,3,3,Houston County,30631,399561000,51691000,45142000,6084000,87000,224000,23398000
1302910,Georgia,3,3,Irwin County,1622,23855000,2786000,2641000,48000,5000,91000,1510000
1302940,Georgia,3,3,Jackson County,9918,137347000,17302000,16489000,221000,107000,435000,9791000
1302970,Georgia,3,3,Jasper County,2573,34167000,3218000,2960000,201000,0,8000,1405000
1303000,Georgia,3,3,Jeff Davis County,3075,38307000,3985000,3268000,360000,195000,11000,1467000
1303030,Georgia,3,3,Jefferson City,4166,47473000,5263000,4898000,207000,69000,42000,2762000
1303060,Georgia,3,3,Jefferson County,2059,32042000,3766000,3540000,79000,2000,90000,1712000
1303090,Georgia,3,3,Jenkins County,1146,17070000,1546000,1129000,111000,207000,49000,634000
1303120,Georgia,3,3,Johnson County,1009,15183000,1370000,1351000,0,0,0,608000
1303150,Georgia,3,3,Jones County,5157,66249000,8485000,6852000,846000,540000,217000,3696000
1303210,Georgia,3,3,Lamar County,2820,33383000,3265000,3167000,98000,0,0,1932000
1303240,Georgia,3,3,Lanier County,1722,22875000,1857000,1556000,158000,142000,1000,1216000
1303270,Georgia,3,3,Lee County,6333,72051000,9822000,8172000,1322000,282000,42000,4465000
1303300,Georgia,3,3,Liberty County,10610,133258000,14909000,13842000,1013000,51000,0,7151000
1303330,Georgia,3,3,Lincoln County,1231,17668000,1888000,1854000,0,0,31000,921000
1303360,Georgia,3,3,Long County,4343,46465000,3939000,3322000,116000,382000,119000,2049000
1303390,Georgia,3,3,Lowndes County,10728,128890000,14736000,13673000,11000,715000,336000,7555000
1303420,Georgia,3,3,Lumpkin County,3749,50879000,7136000,6484000,405000,209000,0,2800000
1303450,Georgia,3,3,Macon County,1114,18920000,1087000,993000,43000,15000,32000,433000
1303480,Georgia,3,3,Madison County,5077,69671000,6387000,5726000,10000,256000,371000,3936000
1303510,Georgia,3,3,Marietta City,8711,153421000,12727000,12646000,20000,0,62000,8412000
1303540,Georgia,3,3,Marion County,1279,17626000,1163000,1028000,114000,6000,13000,523000
1303570,Georgia,3,3,McDuffie County,3272,51200000,6038000,5852000,17000,72000,9000,2988000
1303600,Georgia,3,3,McIntosh County,1333,21407000,1980000,1422000,212000,274000,18000,790000
1303630,Georgia,3,3,Meriwether County,2323,37412000,4172000,3249000,804000,45000,1000,1748000
1303660,Georgia,3,3,Miller County,735,13342000,736000,613000,84000,0,0,390000
1303690,Georgia,3,3,Mitchell County,1304,26091000,54000,0,0,6000,48000,859000
1303720,Georgia,3,3,Monroe County,4511,60972000,6862000,6781000,33000,31000,0,3249000
1303750,Georgia,3,3,Montgomery County,951,14915000,1200000,1200000,0,0,0,596000
1303780,Georgia,3,3,Morgan County,3514,47061000,5437000,4703000,507000,143000,47000,2266000
1303840,Georgia,3,3,Murray County,6903,86930000,9863000,9323000,257000,25000,94000,5039000
1303870,Georgia,3,3,Muscogee County,29818,411256000,51573000,46888000,3938000,0,747000,25981000
1303930,Georgia,3,3,Newton County,18661,261490000,35086000,32013000,1786000,1269000,19000,14320000
1303960,Georgia,3,3,Oconee County,8531,101541000,10429000,9750000,516000,84000,78000,5799000
1303990,Georgia,3,3,Oglethorpe County,2211,30186000,2509000,2418000,1000,0,90000,1700000
1304020,Georgia,3,3,Paulding County,31518,410900000,50884000,48251000,1493000,32000,963000,25637000
1304050,Georgia,3,3,Peach County,3866,51979000,5696000,5144000,191000,295000,0,2620000
1304080,Georgia,3,3,Pelham City,1387,19027000,2596000,2516000,28000,12000,0,1534000
1304110,Georgia,3,3,Pickens County,4124,60680000,8018000,7724000,276000,0,18000,4727000
1304140,Georgia,3,3,Pierce County,3637,47666000,4820000,4119000,355000,143000,147000,2288000
1304170,Georgia,3,3,Pike County,3584,42122000,4295000,4182000,31000,13000,66000,2248000
1304200,Georgia,3,3,Polk County,7878,106694000,11230000,10418000,517000,240000,39000,5986000
1304220,Georgia,3,3,Pulaski County,1330,19795000,1876000,1670000,110000,17000,51000,1059000
1304260,Georgia,3,3,Putnam County,2978,50230000,5478000,5137000,251000,18000,0,3074000
1304290,Georgia,3,3,Quitman County,317,6272000,649000,584000,0,1000,0,305000
1304320,Georgia,3,3,Rabun County,2270,38540000,4358000,4203000,143000,0,11000,2319000
1304350,Georgia,3,3,Randolph County,642,14269000,379000,259000,85000,21000,13000,297000
1304380,Georgia,3,3,Richmond County,29589,410794000,34202000,29450000,1969000,2742000,41000,15232000
1304410,Georgia,3,3,Rockdale County,15734,249366000,24978000,24534000,142000,216000,0,13600000
1304440,Georgia,3,3,Rome City,6573,93259000,10482000,9657000,646000,54000,59000,4444000
1304470,Georgia,3,3,Schley County,1231,15659000,1553000,1304000,235000,1000,13000,645000
1304500,Georgia,3,3,Screven County,2048,28574000,3343000,2999000,341000,0,3000,1587000
1304530,Georgia,3,3,Seminole County,1340,20267000,2013000,1825000,76000,54000,25000,882000
1304540,Georgia,3,3,Social Circle City,1941,27900000,2810000,2549000,0,178000,83000,1438000
1304560,Georgia,3,3,Stephens County,3840,50630000,6471000,5606000,492000,7000,153000,3287000
1304590,Georgia,3,3,Stewart County,407,9244000,1035000,900000,126000,2000,8000,581000
1304620,Georgia,3,3,Sumter County,3630,56667000,5403000,4385000,613000,164000,140000,2471000
1304650,Georgia,3,3,Talbot County,408,9383000,649000,588000,39000,0,19000,244000
1304770,Georgia,3,3,Tattnall County,3591,51317000,2694000,2336000,195000,0,163000,1972000
1304800,Georgia,3,3,Taylor County,1229,19831000,2030000,2005000,25000,0,0,925000
1304830,Georgia,3,3,Telfair County,1586,24181000,1767000,1693000,0,4000,70000,1169000
1304860,Georgia,3,3,Terrell County,1035,18196000,642000,580000,29000,0,33000,808000
1304890,Georgia,3,2,Thomas County,5727,81124000,12785000,11748000,289000,558000,127000,5876000
1304950,Georgia,3,3,Thomasville City,2800,41728000,2568000,2029000,416000,122000,0,1968000
1304980,Georgia,3,3,Tift County,7661,98093000,9698000,8715000,144000,710000,81000,4837000
1305040,Georgia,3,3,Toombs County,3019,41568000,5247000,4697000,478000,20000,23000,2012000
1305070,Georgia,3,3,Towns County,1002,18912000,2156000,2000000,1000,154000,0,708000
1305100,Georgia,3,3,Treutlen County,1020,15952000,1728000,1572000,9000,20000,26000,914000
1305130,Georgia,3,3,Trion City,1327,16843000,1841000,1363000,258000,127000,24000,793000
1305190,Georgia,3,3,Turner County,1189,20101000,2195000,1885000,142000,138000,29000,1008000
1305220,Georgia,3,3,Twiggs County,717,16915000,1232000,1055000,68000,30000,8000,511000
1305250,Georgia,3,3,Union County,3024,46240000,6648000,6399000,140000,11000,96000,3131000
1305280,Georgia,3,3,Thomaston-Upson County,4060,59352000,7793000,7428000,178000,6000,0,4055000
1305310,Georgia,3,3,Valdosta City,8291,107644000,11947000,10691000,603000,37000,406000,5508000
1305340,Georgia,3,3,Vidalia City,2366,34485000,3847000,3424000,266000,127000,28000,1840000
1305370,Georgia,3,3,Walker County,8401,123477000,19142000,18504000,529000,40000,19000,11462000
1305390,Georgia,3,3,Walton County,14557,176137000,22246000,19536000,1398000,396000,602000,9764000
1305430,Georgia,3,3,Ware County,5973,91908000,11901000,11178000,367000,249000,0,5309000
1305460,Georgia,3,3,Warren County,662,12656000,1602000,1564000,38000,0,0,811000
1305490,Georgia,3,3,Washington County,2827,40598000,3713000,3168000,489000,56000,0,1684000
1305550,Georgia,3,3,Wayne County,5172,69715000,5988000,5858000,130000,0,0,3767000
1305580,Georgia,3,3,Webster County,265,5235000,433000,384000,48000,1000,0,238000
1305640,Georgia,3,3,Wheeler County,873,13850000,819000,717000,42000,0,7000,624000
1305670,Georgia,3,3,White County,3827,53506000,6956000,6272000,414000,15000,170000,3151000
1305700,Georgia,3,3,Whitfield County,12317,163617000,20874000,17407000,2666000,695000,10000,9141000
1305730,Georgia,3,3,Wilcox County,1188,17004000,1228000,1090000,0,2000,83000,623000
1305760,Georgia,3,3,Wilkes County,1265,20329000,2003000,1592000,390000,2000,16000,721000
1305790,Georgia,3,3,Wilkinson County,1119,20586000,2249000,1874000,0,280000,31000,849000
1305850,Georgia,3,3,Worth County,3118,37453000,3208000,3052000,27000,31000,34000,1716000
1500030,Hawaii,3,2,Hawaii Department of Education,170209,3413653000,506069000,338594000,136195000,1748000,28640000,222097000
1600002,Idaho,3,3,LAKE PEND OREILLE SCHOOL DISTRICT,3822,46096000,5362000,3481000,1881000,0,0,2632000
1600009,Idaho,3,3,TROY SCHOOL DISTRICT,323,4209000,362000,154000,208000,0,0,71000
1600010,Idaho,3,3,WHITEPINE JOINT SCHOOL DISTRICT,207,3750000,329000,269000,61000,0,0,193000
1600030,Idaho,3,3,ABERDEEN DISTRICT,673,8226000,585000,474000,111000,0,0,348000
1600060,Idaho,3,3,AMERICAN FALLS JOINT DISTRICT,1572,19505000,1683000,1287000,397000,0,0,880000
1600138,Idaho,3,3,SALMON RIVER JOINT SCHOOL DISTRICT,140,3578000,275000,257000,18000,0,0,179000
1600139,Idaho,3,3,MOUNTAIN VIEW SCHOOL DISTRICT,1109,13587000,1878000,1681000,197000,0,0,1112000
1600180,Idaho,3,3,BASIN SCHOOL DISTRICT,336,4395000,485000,403000,81000,0,0,298000
1600240,Idaho,3,3,BEAR LAKE COUNTY DISTRICT,1424,13085000,1371000,900000,470000,0,0,321000
1600270,Idaho,3,3,BLACKFOOT DISTRICT,3990,41523000,5116000,4621000,496000,0,0,2902000
1600300,Idaho,3,3,BLAINE COUNTY DISTRICT,3312,63071000,6098000,4299000,1800000,0,0,2967000
1600330,Idaho,3,3,BLISS JOINT DISTRICT,125,2271000,155000,124000,32000,0,0,85000
1600360,Idaho,3,3,BOISE INDEPENDENT DISTRICT,22809,294061000,37437000,28375000,9062000,0,0,20326000
1600420,Idaho,3,3,BOUNDARY COUNTY DISTRICT,1441,17896000,1874000,1632000,242000,0,0,1040000
1600450,Idaho,3,3,BRUNEAU-GRAND VIEW JOINT SCHOOL DISTRICT,302,5608000,243000,149000,94000,0,0,110000
1600480,Idaho,3,3,BUHL JOINT DISTRICT,1264,13651000,1734000,807000,927000,0,0,566000
1600490,Idaho,3,3,BUTTE COUNTY JOINT DISTRICT,414,4650000,324000,305000,20000,0,0,202000
1600510,Idaho,3,3,CALDWELL DISTRICT,5499,61060000,8020000,4354000,3667000,0,0,3368000
1600540,Idaho,3,3,CAMAS COUNTY DISTRICT,184,2898000,273000,273000,0,0,0,136000
1600570,Idaho,3,3,CAMBRIDGE JOINT DISTRICT,152,2366000,204000,204000,0,0,0,110000
1600600,Idaho,3,3,VALLIVUE SCHOOL DISTRICT,9892,92091000,13339000,11031000,2308000,0,0,6482000
1600630,Idaho,3,3,CASCADE DISTRICT,206,3714000,375000,311000,64000,0,0,148000
1600660,Idaho,3,3,CASSIA COUNTY JOINT DISTRICT,5561,52357000,4364000,3087000,1277000,0,0,2312000
1600690,Idaho,3,3,CASTLEFORD DISTRICT,306,3922000,294000,272000,23000,0,0,127000
1600720,Idaho,3,3,CHALLIS JOINT DISTRICT,328,4696000,478000,366000,111000,0,0,270000
1600750,Idaho,3,3,CLARK COUNTY DISTRICT,117,2382000,133000,129000,4000,0,0,77000
1600780,Idaho,3,3,COEUR D'ALENE DISTRICT,10107,109850000,14239000,11554000,2685000,0,0,7016000
1600810,Idaho,3,3,COTTONWOOD JOINT DISTRICT,441,5100000,315000,256000,59000,0,0,164000
1600815,Idaho,3,3,PLUMMER-WORLEY JOINT DISTRICT,357,7573000,787000,521000,266000,0,0,371000
1600840,Idaho,3,3,COUNCIL DISTRICT,373,3970000,234000,207000,27000,0,0,134000
1600870,Idaho,3,3,CULDESAC JOINT DISTRICT,114,2410000,194000,30000,163000,0,0,21000
1600900,Idaho,3,3,DIETRICH DISTRICT,195,2828000,137000,137000,1000,0,0,71000
1600930,Idaho,3,3,BONNEVILLE JOINT DISTRICT,13778,120644000,19295000,12615000,6681000,0,0,8529000
1600960,Idaho,3,2,PRESTON JOINT DISTRICT,2468,20550000,2556000,2005000,551000,0,0,1286000
1601020,Idaho,3,2,EMMETT INDEPENDENT DISTRICT,2608,23697000,2452000,1588000,863000,0,0,1138000
1601050,Idaho,3,3,FILER DISTRICT,1598,14118000,2141000,2024000,117000,0,0,799000
1601080,Idaho,3,3,FIRTH DISTRICT,845,7450000,603000,486000,117000,0,0,217000
1601110,Idaho,3,3,FREMONT COUNTY JOINT DISTRICT,2222,23317000,1408000,1111000,296000,0,0,753000
1601140,Idaho,3,3,FRUITLAND DISTRICT,1634,14241000,1530000,1394000,136000,0,0,829000
1601170,Idaho,3,3,GARDEN VALLEY DISTRICT,276,4316000,595000,513000,82000,0,0,359000
1601200,Idaho,3,3,GENESEE JOINT DISTRICT,306,4388000,338000,292000,46000,0,0,193000
1601230,Idaho,3,3,GLENNS FERRY JOINT DISTRICT,379,5251000,536000,396000,140000,0,0,325000
1601260,Idaho,3,3,GOODING JOINT DISTRICT,1244,13942000,1600000,941000,659000,0,0,651000
1601290,Idaho,3,3,GRACE JOINT DISTRICT,534,5568000,347000,347000,0,0,0,248000
1601380,Idaho,3,3,HAGERMAN JOINT DISTRICT,379,4844000,353000,249000,103000,0,0,157000
1601410,Idaho,3,3,HANSEN DISTRICT,335,4361000,351000,220000,131000,0,0,200000
1601440,Idaho,3,3,HIGHLAND JOINT DISTRICT,169,3409000,200000,120000,80000,0,0,82000
1601470,Idaho,3,3,HOMEDALE JOINT DISTRICT,1260,11869000,800000,800000,0,0,0,0
1601500,Idaho,3,3,HORSESHOE BEND SCHOOL DISTRICT,225,3680000,548000,481000,67000,0,0,292000
1601530,Idaho,3,3,IDAHO FALLS DISTRICT,10250,104128000,10756000,9584000,1172000,0,0,6148000
1601570,Idaho,3,3,JEFFERSON COUNTY JOINT DISTRICT,6770,54468000,3994000,3226000,768000,0,0,1943000
1601590,Idaho,3,3,JEROME JOINT DISTRICT,4164,35714000,3432000,2151000,1281000,0,0,1520000
1601620,Idaho,3,3,KAMIAH JOINT DISTRICT,393,5984000,777000,623000,154000,0,0,232000
1601650,Idaho,3,3,KELLOGG JOINT DISTRICT,1201,13382000,2258000,1549000,710000,0,0,1014000
1601680,Idaho,3,3,KENDRICK JOINT DISTRICT,289,4376000,283000,231000,51000,0,0,178000
1601710,Idaho,3,2,KIMBERLY DISTRICT,2153,17996000,1798000,970000,828000,0,0,633000
1601740,Idaho,3,3,KOOTENAI DISTRICT,210,3671000,292000,214000,78000,0,0,171000
1601770,Idaho,3,3,KUNA JOINT DISTRICT,5825,50175000,5381000,5282000,99000,0,0,3591000
1601800,Idaho,3,3,LAKELAND DISTRICT,4693,53530000,7045000,5875000,1170000,0,0,4153000
1601830,Idaho,3,3,LAPWAI DISTRICT,514,10660000,1703000,662000,1040000,0,0,507000
1601860,Idaho,3,3,LEWISTON INDEPENDENT DISTRICT,4754,58021000,6160000,4999000,1161000,0,0,3732000
1601900,Idaho,3,3,MACKAY JOINT DISTRICT,231,2768000,139000,139000,1000,0,0,125000
1601920,Idaho,3,3,MADISON DISTRICT,5758,48498000,3939000,3132000,807000,0,0,2306000
1601950,Idaho,3,3,MARSH VALLEY JOINT DISTRICT,1258,12304000,1065000,919000,146000,0,0,648000
1601980,Idaho,3,3,MARSING JOINT DISTRICT,854,9260000,566000,550000,16000,0,0,0
1602030,Idaho,3,3,MCCALL-DONNELLY JOINT SCHOOL DISTRICT,1364,19228000,1974000,1705000,269000,0,0,1026000
1602060,Idaho,3,3,MEADOWS VALLEY DISTRICT,142,2672000,156000,118000,38000,0,0,85000
1602070,Idaho,3,3,MELBA JOINT DISTRICT,824,7395000,513000,351000,162000,0,0,215000
1602100,Idaho,3,2,JOINT SCHOOL DISTRICT NO. 2,39496,366365000,37575000,29867000,7708000,0,0,21037000
1602130,Idaho,3,3,MIDDLETON DISTRICT,4318,39259000,4055000,3385000,670000,0,0,2030000
1602160,Idaho,3,3,MIDVALE DISTRICT,149,2096000,116000,116000,1000,0,0,44000
1602190,Idaho,3,2,MINIDOKA COUNTY JOINT DISTRICT,4405,43045000,3810000,2624000,1186000,0,0,1968000
1602220,Idaho,3,2,MOSCOW DISTRICT,2397,29673000,4977000,3011000,1965000,0,0,1998000
1602250,Idaho,3,3,MOUNTAIN HOME DISTRICT,3757,35280000,4387000,2308000,2080000,0,0,1504000
1602280,Idaho,3,3,MULLAN DISTRICT,85,2775000,238000,238000,0,0,0,151000
1602310,Idaho,3,3,MURTAUGH JOINT DISTRICT,399,4590000,386000,373000,13000,0,0,197000
1602340,Idaho,3,3,NAMPA SCHOOL DISTRICT,13398,149200000,17535000,14805000,2730000,0,0,7166000
1602370,Idaho,3,3,NEW PLYMOUTH DISTRICT,990,9736000,777000,614000,162000,0,0,417000
1602400,Idaho,3,3,NEZPERCE JOINT DISTRICT,180,3049000,103000,69000,34000,0,0,57000
1602430,Idaho,3,3,NORTH GEM DISTRICT,138,2445000,151000,145000,6000,0,0,99000
1602460,Idaho,3,3,NOTUS DISTRICT,347,4471000,277000,277000,0,0,0,309000
1602490,Idaho,3,3,ONEIDA COUNTY DISTRICT,7818,44856000,2929000,1225000,1704000,0,0,955000
1602520,Idaho,3,3,OROFINO JOINT DISTRICT,1131,16682000,1285000,725000,561000,0,0,477000
1602550,Idaho,3,3,PARMA DISTRICT,1038,10133000,682000,682000,0,0,0,0
1602580,Idaho,3,3,PAYETTE JOINT DISTRICT,1371,13768000,1352000,1004000,348000,0,0,623000
1602640,Idaho,3,3,POCATELLO DISTRICT,12259,121344000,13506000,10837000,2668000,0,0,6026000
1602670,Idaho,3,3,POST FALLS DISTRICT,6050,56877000,6488000,4440000,2048000,0,0,3437000
1602700,Idaho,3,3,POTLATCH DISTRICT,480,6846000,779000,536000,242000,0,0,403000
1602760,Idaho,3,3,RICHFIELD DISTRICT,196,2756000,241000,114000,126000,0,0,83000
1602790,Idaho,3,3,RIRIE JOINT DISTRICT,733,6907000,966000,690000,277000,0,0,485000
1602820,Idaho,3,3,ROCKLAND DISTRICT,176,2764000,141000,106000,35000,0,0,71000
1602850,Idaho,3,3,SALMON DISTRICT,683,8114000,1309000,1271000,38000,0,0,540000
1602910,Idaho,3,3,SHELLEY JOINT DISTRICT,2509,20338000,2178000,1737000,441000,0,0,1167000
1602940,Idaho,3,3,SHOSHONE JOINT DISTRICT,525,6224000,604000,550000,54000,0,0,243000
1602970,Idaho,3,3,SNAKE RIVER DISTRICT,2888,22360000,1238000,980000,257000,0,0,745000
1603000,Idaho,3,3,SODA SPRINGS JOINT DISTRICT,922,11082000,652000,566000,87000,0,0,357000
1603030,Idaho,3,3,SOUTH LEMHI DISTRICT,120,2080000,163000,163000,0,0,0,36000
1603060,Idaho,3,3,ST MARIES JOINT DISTRICT,953,11050000,1540000,1105000,434000,0,0,683000
1603090,Idaho,3,3,SUGAR-SALEM JOINT DISTRICT,1972,15048000,1491000,1478000,14000,0,0,1013000
1603120,Idaho,1,3,SWAN VALLEY ELEMENTARY DISTRICT,67,1307000,57000,42000,15000,0,0,22000
1603180,Idaho,3,3,TETON COUNTY DISTRICT,1878,20643000,1875000,1636000,239000,0,0,1098000
1603240,Idaho,3,3,TWIN FALLS DISTRICT,9352,90311000,9004000,6014000,2990000,0,0,4388000
1603270,Idaho,3,3,VALLEY DISTRICT,531,6427000,550000,470000,80000,0,0,329000
1603300,Idaho,3,3,WALLACE DISTRICT,512,7129000,836000,789000,47000,0,0,531000
1603330,Idaho,3,3,WEISER DISTRICT,1559,14366000,1400000,1328000,72000,0,0,826000
1603360,Idaho,3,3,WENDELL DISTRICT,1121,10822000,1024000,882000,142000,0,0,468000
1603400,Idaho,3,3,WEST JEFFERSON DISTRICT,606,7169000,457000,374000,83000,0,0,267000
1603420,Idaho,3,3,WEST SIDE JOINT DISTRICT,849,7472000,419000,384000,35000,0,0,332000
1603480,Idaho,3,3,WILDER DISTRICT,659,7288000,390000,390000,0,0,0,0
1800008,Indiana,3,3,White River Valley School District,745,9775000,381000,381000,0,0,0,161000
1800030,Indiana,3,3,MSD Southwest Allen County Schls,7853,88914000,8853000,6783000,2070000,0,0,2956000
1800038,Indiana,3,3,Burris Laboratory School,681,8389000,363000,281000,82000,0,0,151000
1800041,Indiana,2,3,Indiana Academy for Sci Math Hmn,195,5907000,88000,4000,85000,0,0,0
1800060,Indiana,3,3,Adams Central Community Schools,1340,15687000,1241000,1241000,0,0,0,541000
1800107,Indiana,3,3,Tri-Township Cons School Corp,337,4646000,9000,9000,0,0,0,0
1800118,Indiana,3,3,North Central Parke Comm Schl Corp,1194,17426000,1382000,1243000,140000,0,0,667000
1800120,Indiana,3,3,Alexandria Community School Corp,1522,19995000,1846000,1787000,58000,0,0,820000
1800150,Indiana,3,3,Anderson Community School Corp,6196,94652000,9910000,8570000,1340000,0,0,6409000
1800180,Indiana,3,3,Argos Community Schools,689,8155000,711000,562000,149000,0,0,234000
1800210,Indiana,3,3,Attica Consolidated School Corp,542,6771000,471000,447000,24000,0,0,190000
1800212,Indiana,3,3,Borden-Henryville School Corporation,1716,22611000,2984000,2385000,600000,0,0,968000
1800213,Indiana,3,3,Silver Creek School Corporation,3144,34454000,3605000,2351000,1254000,0,0,1170000
1800240,Indiana,3,3,South Dearborn Community Sch Corp,1966,22153000,1498000,1342000,156000,0,0,800000
1800270,Indiana,3,3,Avon Community School Corp,10542,136212000,14537000,11788000,2749000,0,0,4947000
1800330,Indiana,3,3,Barr-Reeve Community Schools Inc,1016,11715000,5000,5000,0,0,0,0
1800360,Indiana,3,3,Bartholomew Con School Corp,11634,154469000,19633000,16764000,2868000,0,0,7526000
1800390,Indiana,3,3,Batesville Community School Corp,2227,26256000,2007000,1665000,343000,0,0,901000
1800420,Indiana,3,3,Baugo Community Schools,1775,19185000,1554000,1263000,291000,0,0,731000
1800450,Indiana,3,3,Beech Grove City Schools,2843,39607000,2091000,1283000,808000,0,0,637000
1800480,Indiana,3,3,Benton Community School Corp,1609,24072000,2493000,2349000,143000,0,0,913000
1800570,Indiana,3,3,Blackford County Schools,1496,19597000,1175000,792000,383000,0,0,487000
1800600,Indiana,3,3,Bloomfield School District,858,9501000,182000,182000,0,0,0,102000
1800630,Indiana,3,3,Monroe County Community Sch Corp,10510,140755000,16004000,13302000,2702000,0,0,7158000
1800660,Indiana,3,3,Blue River Valley Schools,642,8068000,722000,471000,252000,0,0,236000
1800690,Indiana,3,3,North Harrison Com School Corp,2141,21610000,1315000,1312000,3000,0,0,723000
1800720,Indiana,3,3,MSD Bluffton-Harrison,1803,18253000,1369000,1369000,0,0,0,674000
1800750,Indiana,3,3,MSD Boone Township,1072,11840000,101000,101000,0,0,0,8000
1800840,Indiana,3,3,Clay Community Schools,4040,51160000,4002000,3383000,619000,0,0,1898000
1800900,Indiana,3,3,Bremen Public Schools,1472,17385000,1438000,982000,456000,0,0,497000
1800960,Indiana,3,3,Brown County School Corporation,1653,23867000,1717000,1491000,227000,0,0,551000
1801020,Indiana,3,3,Brownsburg Community School Corp,10172,126396000,11663000,8935000,2728000,0,0,4127000
1801050,Indiana,3,3,Brownstown Cnt Com Sch Corp,1433,18199000,1515000,1178000,337000,0,0,604000
1801060,Indiana,3,3,C A Beard Memorial School Corp,1068,12477000,745000,642000,103000,0,0,217000
1801170,Indiana,3,3,Cannelton City Schools,219,2801000,140000,140000,0,0,0,103000
1801200,Indiana,3,3,Carmel Clay Schools,16072,216067000,24172000,20515000,3657000,0,0,8920000
1801230,Indiana,3,3,Medora Community School Corp,210,2885000,106000,77000,28000,0,0,66000
1801290,Indiana,3,3,Carroll Consolidated School Corp,1043,12627000,868000,508000,359000,0,0,136000
1801410,Indiana,3,3,Caston School Corporation,835,9487000,413000,406000,7000,0,0,247000
1801440,Indiana,3,3,Center Grove Community School Corp,9537,105978000,10730000,8061000,2627000,0,0,3772000
1801560,Indiana,3,3,Centerville-Abington Com Schs,1777,19472000,1234000,998000,236000,0,0,555000
1801590,Indiana,3,3,DeKalb Co Ctl United Sch Dist,3641,38032000,2525000,2175000,350000,0,0,873000
1801710,Indiana,3,3,Central Noble Com School Corp,1150,14338000,1029000,906000,123000,0,0,342000
1801740,Indiana,3,3,Perry Central Com Schools Corp,1285,15854000,887000,637000,249000,0,0,280000
1801770,Indiana,3,3,Randolph Central School Corp,1432,17978000,1379000,1178000,201000,0,0,548000
1801890,Indiana,3,3,Clark-Pleasant Community Sch Corp,6371,87156000,8536000,7254000,1282000,0,0,3051000
1801920,Indiana,3,3,Clarksville Community School Corp,4027,24550000,1735000,1556000,176000,0,0,907000
1802040,Indiana,3,3,Northwestern School Corp,1853,20851000,1268000,990000,278000,0,0,543000
1802130,Indiana,3,3,Clinton Central School Corporation,867,10580000,786000,786000,0,0,0,464000
1802160,Indiana,3,3,Clinton Prairie School Corporation,1193,14240000,790000,690000,100000,0,0,371000
1802190,Indiana,3,3,South Central Com School Corp,950,10548000,5000,5000,0,0,0,0
1802220,Indiana,3,3,Cloverdale Community Schools,1686,16277000,542000,542000,0,0,0,402000
1802280,Indiana,3,3,Whitley County Con Schools,3617,36223000,3913000,2738000,1057000,0,0,1196000
1802400,Indiana,3,3,Concord Community Schools,5348,62996000,5096000,4578000,518000,0,0,2224000
1802430,Indiana,3,3,Covington Community School Corp,888,13026000,949000,949000,0,0,0,398000
1802440,Indiana,3,3,Crawford County Community Sch Corp,1344,16565000,1574000,1574000,0,0,0,884000
1802460,Indiana,3,3,Crawfordsville Community Schools,2531,33846000,4309000,2417000,1892000,0,0,1368000
1802490,Indiana,3,3,Crown Point Community School Corp,9064,110151000,10411000,7357000,3053000,0,0,3765000
1802520,Indiana,3,3,Culver Community Schools Corp,840,14918000,1213000,1113000,100000,0,0,571000
1802550,Indiana,3,3,Danville Community School Corp,2631,32450000,2939000,1966000,973000,0,0,1157000
1802610,Indiana,3,3,Decatur County Community Schools,1822,24913000,2372000,2180000,192000,0,0,871000
1802640,Indiana,3,3,MSD Decatur Township,6709,81803000,7890000,6427000,1463000,0,0,4216000
1802660,Indiana,3,3,Delaware Community School Corp,2594,31387000,2166000,1907000,259000,0,0,1396000
1802700,Indiana,3,3,Delphi Community School Corp,1361,16632000,1210000,901000,309000,0,0,522000
1802800,Indiana,3,3,Duneland School Corporation,5724,78871000,643000,597000,46000,0,0,145000
1802830,Indiana,3,3,Zionsville Community Schools,7906,95058000,9663000,8793000,871000,0,0,3772000
1802850,Indiana,3,3,East Allen County Schools,10027,123517000,10951000,9724000,1227000,0,0,4760000
1802880,Indiana,3,3,School City of East Chicago,3348,55964000,6157000,5021000,1136000,0,0,1970000
1802910,Indiana,3,3,Lake Station Community Schools,1125,14645000,6000,6000,0,0,0,0
1802940,Indiana,3,3,East Gibson School Corporation,721,9204000,679000,605000,74000,0,0,285000
1802970,Indiana,3,3,East Noble School Corporation,3417,36203000,3404000,3139000,265000,0,0,1983000
1803000,Indiana,3,3,East Washington School Corp,1346,16927000,786000,786000,0,0,0,588000
1803030,Indiana,3,3,Eastbrook Community Sch Corp,1668,18675000,1577000,1168000,309000,0,0,560000
1803060,Indiana,3,3,DeKalb Co Eastern Com Sch Dist,1235,36253000,8684000,6396000,2288000,0,0,3868000
1803090,Indiana,3,3,Eastern Greene Schools,1116,14934000,985000,984000,1000,0,0,539000
1803120,Indiana,3,3,Eastern Hancock Co Com Sch Corp,1179,14326000,937000,616000,321000,0,0,349000
1803150,Indiana,3,3,Eastern Howard School Corporation,1634,17526000,998000,786000,212000,0,0,447000
1803180,Indiana,3,3,Randolph Eastern School Corp,928,12298000,507000,507000,0,0,0,441000
1803210,Indiana,3,3,Shelby Eastern Schools,1213,14940000,1350000,1095000,255000,0,0,555000
1803240,Indiana,3,3,Edinburgh Community School Corp,837,9362000,772000,772000,0,0,0,394000
1803270,Indiana,3,3,Elkhart Community Schools,11318,171416000,18825000,15027000,3798000,0,0,6619000
1803300,Indiana,3,3,Elwood Community School Corp,1494,19624000,1218000,1140000,78000,0,0,684000
1803330,Indiana,3,3,Eminence Community School Corp,306,4618000,104000,104000,0,0,0,78000
1803450,Indiana,3,3,Evansville Vanderburgh School Corp,21739,295121000,26317000,17910000,8407000,0,0,9416000
1803480,Indiana,3,3,Fairfield Community Schools,2173,25491000,1436000,1161000,276000,0,0,623000
1803510,Indiana,3,3,Fayette County School Corporation,3253,46024000,4314000,3335000,979000,0,0,1899000
1803570,Indiana,3,3,Flat Rock-Hawcreek School Corp,972,12326000,662000,660000,2000,0,0,381000
1803630,Indiana,3,3,Fort Wayne Community Schools,28612,416850000,48794000,40863000,7931000,0,0,20152000
1803660,Indiana,3,3,Community Schools of Frankfort,3011,34853000,3620000,2448000,1172000,0,0,1023000
1803690,Indiana,3,3,Franklin Community School Corp,4938,58734000,5423000,4632000,791000,0,0,2489000
1803700,Indiana,3,3,Franklin County Community Sch Corp,2049,26162000,1223000,1223000,0,0,0,659000
1803720,Indiana,3,3,Lanesville Community School Corp,744,7828000,291000,280000,10000,0,0,113000
1803750,Indiana,3,3,Franklin Township Com Sch Corp,11212,123563000,15514000,11535000,3978000,0,0,6286000
1803780,Indiana,3,3,Fremont Community Schools,985,14015000,2384000,2379000,5000,0,0,730000
1803810,Indiana,3,3,Frontier School Corporation,671,8972000,584000,584000,0,0,0,237000
1803840,Indiana,3,3,Garrett-Keyser-Butler Com Sch Corp,1675,20189000,1117000,1115000,2000,0,0,671000
1803870,Indiana,3,3,Gary Community School Corp,4076,113067000,6832000,4287000,2545000,0,0,2302000
1803930,Indiana,3,3,Goshen Community Schools,6286,84476000,10771000,7766000,3004000,0,0,2873000
1803940,Indiana,3,3,Greater Clark County Schools,10269,120097000,16752000,15440000,1312000,0,0,8212000
1803960,Indiana,3,3,Greater Jasper Consolidated Schs,3273,38587000,6556000,4147000,2409000,0,0,2288000
1803990,Indiana,3,3,Greencastle Community School Corp,1806,22185000,1685000,1521000,163000,0,0,934000
1804050,Indiana,3,3,Greenfield-Central Com Schools,4393,53347000,5720000,4166000,1554000,0,0,2155000
1804080,Indiana,3,3,Greensburg Community Schools,2149,24474000,2588000,2190000,398000,0,0,1113000
1804110,Indiana,3,3,Greenwood Community Sch Corp,3963,45071000,3803000,3255000,547000,0,0,1721000
1804140,Indiana,3,3,Monroe-Gregg School District,1558,16114000,1856000,1499000,358000,0,0,618000
1804170,Indiana,3,3,Griffith Public Schools,1966,27784000,2607000,1807000,800000,0,0,946000
1804230,Indiana,3,3,Hamilton Community Schools,352,5643000,384000,384000,0,0,0,155000
1804260,Indiana,3,3,Hamilton Heights School Corp,2307,26261000,2599000,2287000,312000,0,0,885000
1804320,Indiana,3,3,School City of Hammond,11505,171187000,17882000,13250000,4632000,0,0,4647000
1804350,Indiana,3,3,Hanover Community School Corp,2734,29213000,2000,2000,0,0,0,1000
1804470,Indiana,3,3,Western School Corporation,2543,29499000,4257000,2772000,1485000,0,0,1434000
1804500,Indiana,3,3,Wes-Del Community Schools,861,10233000,404000,374000,30000,0,0,227000
1804560,Indiana,3,3,School Town of Highland,3007,32891000,183000,183000,0,0,0,81000
1804590,Indiana,3,3,School City of Hobart,4014,48515000,110000,33000,77000,0,0,145000
1804620,Indiana,3,3,River Forest Community Sch Corp,1646,17508000,38000,38000,0,0,0,2000
1804710,Indiana,3,3,Huntington Co Com Sch Corp,4916,62916000,4163000,3509000,653000,0,0,2068000
1804770,Indiana,3,3,Indianapolis Public Schools,22027,510953000,52947000,46788000,6159000,0,0,21046000
1804800,Indiana,3,3,Jac-Cen-Del Community Sch Corp,773,9660000,533000,493000,39000,0,0,204000
1804980,Indiana,3,3,Jay School Corporation,3000,40008000,4121000,2767000,1355000,0,0,1419000
1805190,Indiana,3,3,Jennings County School Corporation,3889,54119000,3514000,2406000,1108000,0,0,1450000
1805280,Indiana,3,3,Kankakee Valley School Corp,3243,37838000,3085000,3085000,0,0,0,1436000
1805340,Indiana,3,3,Knox Community School Corp,1746,17889000,1555000,1553000,1000,0,0,555000
1805370,Indiana,3,3,Kokomo School Corporation,5238,66517000,6195000,4918000,1277000,0,0,2992000
1805400,Indiana,3,3,Lafayette School Corporation,7368,114236000,17668000,9822000,7845000,0,0,3571000
1805450,Indiana,3,3,Lake Central School Corporation,9293,118886000,15125000,11710000,3415000,0,0,4219000
1805460,Indiana,3,3,Lake Ridge New Tech Schools,1619,23737000,772000,772000,0,0,0,5000
1805520,Indiana,3,3,Lakeland School Corporation,1605,20977000,1792000,1604000,189000,0,0,793000
1805550,Indiana,3,3,Wawasee Community School Corp,2838,39017000,3607000,3479000,128000,0,0,1313000
1805580,Indiana,3,3,LaPorte Community School Corp,6227,84372000,12651000,10526000,2125000,0,0,5576000
1805670,Indiana,3,3,MSD Lawrence Township,16414,202419000,17039000,16214000,825000,0,0,6766000
1805700,Indiana,3,3,Lawrenceburg Community School Corp,2120,24335000,2129000,2114000,14000,0,0,1075000
1805790,Indiana,3,3,Lebanon Community School Corp,3486,45596000,5605000,3674000,1930000,0,0,1815000
1805880,Indiana,3,3,Liberty-Perry Community Sch Corp,1182,13615000,912000,692000,220000,0,0,384000
1805910,Indiana,3,3,Linton-Stockton School Corporation,1400,13954000,610000,610000,0,0,0,336000
1806030,Indiana,3,3,Logansport Community Sch Corp,4393,51935000,5494000,3736000,1758000,0,0,1688000
1806080,Indiana,3,3,MSD Warren County,1388,15696000,781000,627000,154000,0,0,469000
1806090,Indiana,3,3,Maconaquah School Corp,1941,24669000,1980000,1707000,273000,0,0,889000
1806120,Indiana,3,3,Madison Consolidated Schools,2705,37405000,3344000,2520000,824000,0,0,1218000
1806240,Indiana,3,3,Madison-Grant United School Corp,1561,16504000,1184000,893000,292000,0,0,494000
1806270,Indiana,3,3,Manchester Community Schools,1423,18112000,690000,684000,0,0,0,431000
1806390,Indiana,3,3,Marion Community Schools,3702,53066000,4705000,3537000,1168000,0,0,1528000
1806480,Indiana,3,3,Sheridan Community Schools,1080,15008000,1147000,786000,361000,0,0,408000
1806510,Indiana,3,3,MSD Martinsville Schools,4053,54952000,4976000,3723000,1253000,0,0,1653000
1806570,Indiana,3,3,Michigan City Area Schools,5193,83641000,7829000,7331000,498000,0,0,2921000
1806600,Indiana,3,3,Middlebury Community Schools,4231,42526000,3269000,3269000,0,0,0,1269000
1806630,Indiana,3,3,Milan Community Schools,1042,13361000,1025000,1025000,0,0,0,566000
1806660,Indiana,3,3,Mill Creek Community Sch Corp,1539,19496000,1929000,1807000,123000,0,0,792000
1806840,Indiana,3,3,School City of Mishawaka,5128,59555000,5707000,4090000,1617000,0,0,1754000
1806870,Indiana,3,3,Mississinewa Community School Corp,2431,31029000,3308000,2229000,1079000,0,0,1224000
1806900,Indiana,3,3,Mitchell Community Schools,1499,25580000,1750000,1750000,0,0,0,1134000
1807020,Indiana,3,3,Cowan Community School Corp,791,9092000,530000,322000,208000,0,0,160000
1807080,Indiana,3,3,Monroe Central School Corp,1083,11672000,1024000,1024000,0,0,0,458000
1807110,Indiana,3,3,Eastern Pulaski Community Sch Corp,1139,14203000,1375000,1266000,109000,0,0,499000
1807140,Indiana,3,3,Mooresville Con School Corp,4356,45854000,5677000,4995000,682000,0,0,1642000
1807230,Indiana,3,3,Yorktown Community Schools,2719,31594000,2330000,1689000,641000,0,0,760000
1807260,Indiana,3,3,Mt Vernon Community School Corp,4677,57110000,5186000,4036000,1150000,0,0,1856000
1807290,Indiana,3,3,MSD Mount Vernon,2101,30902000,2699000,2114000,585000,0,0,1025000
1807320,Indiana,3,3,Muncie Community Schools,5080,76769000,7350000,6173000,1177000,0,0,3373000
1807350,Indiana,3,3,School Town of Munster,4136,51453000,4390000,4037000,354000,0,0,1966000
1807380,Indiana,3,3,Nettle Creek School Corporation,1154,13453000,312000,311000,1000,0,0,293000
1807410,Indiana,3,3,New Albany-Floyd Co Con Sch,11270,148486000,14317000,11455000,2863000,0,0,6632000
1807440,Indiana,3,3,New Castle Community School Corp,2939,43447000,4325000,3785000,540000,0,0,2114000
1807470,Indiana,3,3,MSD of New Durham Township,944,9684000,73000,0,73000,0,0,0
1807620,Indiana,3,3,Nineveh-Hensley-Jackson United,2096,23307000,1627000,1504000,122000,0,0,701000
1807650,Indiana,3,3,Noblesville Schools,10578,124928000,21071000,18821000,2250000,0,0,9762000
1807680,Indiana,3,3,North Adams Community Schools,1610,22659000,3244000,1684000,1560000,0,0,663000
1807710,Indiana,3,3,North Daviess Com Schools,1108,14539000,16000,16000,0,0,0,9000
1807770,Indiana,3,3,North Gibson School Corporation,1900,27946000,2447000,2372000,74000,0,0,1405000
1807800,Indiana,3,3,North Judson-San Pierre Sch Corp,931,11844000,730000,500000,230000,0,0,380000
1807830,Indiana,3,3,North Knox School Corp,1206,15718000,708000,616000,92000,0,0,357000
1807860,Indiana,3,3,North Lawrence Com Schools,3659,51309000,2463000,1738000,725000,0,0,1323000
1807890,Indiana,3,3,North Miami Community Schools,769,9742000,575000,575000,0,0,0,290000
1807900,Indiana,3,3,North Montgomery Com Sch Corp,1835,23537000,1216000,1167000,49000,0,0,726000
1807920,Indiana,3,3,North Newton School Corp,1113,14377000,1198000,1198000,0,0,0,466000
1807950,Indiana,3,3,MSD North Posey Co Schools,1437,17594000,1638000,1165000,473000,0,0,626000
1807980,Indiana,3,3,North Putnam Community Schools,1372,15691000,1131000,1131000,0,0,0,616000
1808010,Indiana,3,3,North Spencer County Sch Corp,2118,19865000,1081000,1081000,0,0,0,963000
1808040,Indiana,3,3,Tri-Central Community Schools,787,9087000,619000,497000,122000,0,0,304000
1808070,Indiana,3,3,North Vermillion Com Sch Corp,673,7783000,515000,515000,0,0,0,246000
1808100,Indiana,3,3,North West Hendricks Schools,1966,23139000,2403000,1839000,564000,0,0,708000
1808120,Indiana,3,3,Northeast Dubois Co Sch Corp,834,11860000,128000,29000,99000,0,0,0
1808130,Indiana,3,3,North White School Corp,900,11457000,346000,346000,0,0,0,197000
1808160,Indiana,3,3,Northeast School Corp,770,9454000,187000,187000,0,0,0,126000
1808190,Indiana,3,3,Northeastern Wayne Schools,1357,14450000,628000,626000,1000,0,0,471000
1808220,Indiana,3,3,Northern Wells Community Schools,2464,27592000,2136000,2022000,114000,0,0,824000
1808250,Indiana,3,3,Northwest Allen County Schools,8184,89318000,9086000,7291000,1795000,0,0,3201000
1808280,Indiana,3,3,Shenandoah School Corporation,1332,15212000,636000,636000,0,0,0,482000
1808310,Indiana,3,3,Northwestern Con School Corp,1409,14665000,1551000,1246000,305000,0,0,564000
1808340,Indiana,3,3,Oak Hill United School Corp,1627,16915000,1710000,1346000,364000,0,0,604000
1808460,Indiana,3,3,Oregon-Davis School Corp,496,7791000,579000,486000,93000,0,0,247000
1808490,Indiana,3,3,Orleans Community Schools,908,11284000,1081000,963000,118000,0,0,562000
1808640,Indiana,3,3,Paoli Community School Corp,1273,15605000,1949000,1660000,290000,0,0,819000
1808760,Indiana,3,3,Penn-Harris-Madison School Corp,11360,126561000,11322000,7653000,3670000,0,0,2719000
1808820,Indiana,3,3,Perry Township Schools,16222,223294000,19196000,16022000,3173000,0,0,8569000
1808850,Indiana,3,3,Peru Community Schools,1856,23330000,997000,997000,0,0,0,551000
1808900,Indiana,3,3,Pike County School Corp,1574,21404000,2384000,2197000,187000,0,0,739000
1808910,Indiana,3,3,MSD Pike Township,10683,162109000,17944000,15292000,2652000,0,0,5053000
1808940,Indiana,3,3,Pioneer Regional School Corp,941,11692000,705000,554000,151000,0,0,298000
1808970,Indiana,3,3,Plainfield Community School Corp,5854,58384000,5723000,5675000,49000,0,0,2321000
1809060,Indiana,3,3,Plymouth Community School Corp,3275,40606000,5898000,4141000,1756000,0,0,1532000
1809120,Indiana,3,3,John Glenn School Corporation,2012,22036000,1746000,1322000,424000,0,0,579000
1809150,Indiana,3,3,Portage Township Schools,6742,83989000,21000,15000,0,0,0,0
1809180,Indiana,3,3,Porter Township School Corp,1527,14917000,14000,14000,0,0,0,0
1809300,Indiana,3,3,Prairie Heights Community Sch Corp,1325,16800000,1082000,896000,121000,0,0,374000
1809360,Indiana,3,3,West Central School Corp,639,11639000,2660000,1188000,1472000,0,0,520000
1809420,Indiana,3,3,Rensselaer Central School Corp,1521,20886000,5526000,3277000,2249000,0,0,1153000
1809480,Indiana,3,3,Richland-Bean Blossom C S C,2738,34384000,4199000,3251000,947000,0,0,2235000
1809510,Indiana,3,3,Richmond Community Schools,4526,58683000,7422000,6053000,1369000,0,0,3112000
1809600,Indiana,3,3,Rising Sun-Ohio Co Com,825,11009000,808000,808000,0,0,0,380000
1809630,Indiana,3,3,Rochester Community School Corp,1613,23670000,2519000,1888000,631000,0,0,883000
1809690,Indiana,3,3,Merrillville Community School Corp,6004,64439000,129000,129000,0,0,0,71000
1809720,Indiana,3,3,Rossville Con School District,960,10838000,750000,709000,41000,0,0,403000
1809750,Indiana,3,3,Rush County Schools,1958,23814000,2222000,1979000,242000,0,0,791000
1809810,Indiana,3,3,Salem Community Schools,1745,18671000,1586000,1314000,272000,0,0,774000
1809840,Indiana,3,3,Daleville Community Schools,1018,11515000,292000,150000,142000,0,0,114000
1809990,Indiana,3,3,Scott County School District 1,1319,14534000,556000,461000,95000,0,0,212000
1810020,Indiana,3,3,Scott County School District 2,2625,36536000,4171000,4171000,0,0,0,1579000
1810080,Indiana,3,3,Seymour Community Schools,5343,54903000,5683000,5523000,160000,0,0,3212000
1810110,Indiana,3,3,MSD Shakamak Schools,674,7047000,280000,276000,4000,0,0,158000
1810140,Indiana,3,3,Shelbyville Central Schools,4036,50779000,4561000,4159000,402000,0,0,1995000
1810170,Indiana,3,3,Shoals Community School Corp,669,7391000,707000,623000,84000,0,0,349000
1810230,Indiana,3,3,Smith-Green Community Schools,1132,13938000,1115000,1060000,55000,0,0,517000
1810260,Indiana,3,3,South Adams Schools,1291,17682000,1208000,1208000,0,0,0,713000
1810290,Indiana,3,3,South Bend Community School Corp,15301,271613000,30891000,26497000,4392000,0,0,12927000
1810350,Indiana,3,3,South Gibson School Corporation,2110,26808000,2790000,2174000,616000,0,0,1109000
1810360,Indiana,3,3,South Harrison Com Schools,3079,42069000,5658000,3991000,1667000,0,0,1656000
1810380,Indiana,3,3,South Henry School Corp,753,8781000,276000,276000,0,0,0,180000
1810410,Indiana,3,3,South Knox School Corp,1247,15091000,723000,723000,0,0,0,288000
1810440,Indiana,3,3,South Madison Com Sch Corp,4456,48929000,4513000,4482000,30000,0,0,2062000
1810450,Indiana,3,3,South Montgomery Com Sch Corp,1647,20450000,651000,521000,131000,0,0,326000
1810470,Indiana,3,3,South Newton School Corp,862,11874000,608000,608000,0,0,0,278000
1810500,Indiana,3,3,South Putnam Community Schools,1101,13367000,899000,899000,0,0,0,538000
1810530,Indiana,3,3,South Ripley Com Sch Corp,1075,15656000,1464000,1464000,0,0,0,610000
1810560,Indiana,3,3,South Spencer County Sch Corp,1092,14187000,905000,845000,60000,0,0,548000
1810590,Indiana,3,3,South Vermillion Com Sch Corp,1594,20418000,1428000,1379000,49000,0,0,490000
1810620,Indiana,3,3,Southeast Fountain School Corp,989,13025000,904000,689000,215000,0,0,363000
1810640,Indiana,3,3,Southeast Dubois Co Sch Corp,1254,13945000,1116000,940000,159000,0,0,399000
1810650,Indiana,3,3,Hamilton Southeastern Schools,21612,267175000,27099000,19839000,7260000,0,0,9391000
1810680,Indiana,3,3,Lewis Cass Schools,1342,16771000,428000,145000,283000,0,0,124000
1810710,Indiana,3,3,Southern Hancock Co Com Sch Corp,3863,38074000,4917000,3510000,1407000,0,0,1329000
1810740,Indiana,3,3,Randolph Southern School Corp,522,5471000,209000,196000,13000,0,0,127000
1810770,Indiana,3,3,Southern Wells Com Schools,889,9716000,417000,354000,63000,0,0,194000
1810800,Indiana,3,3,Southwestern-Jefferson Co Con,1277,15678000,450000,450000,0,0,0,336000
1810830,Indiana,3,3,Southwestern Con Sch Shelby Co,634,7291000,367000,367000,0,0,0,180000
1810860,Indiana,3,3,Southwest School Corporation,1743,22654000,806000,676000,130000,0,0,494000
1810870,Indiana,3,3,Southwest Dubois Co Sch Corp,1965,26056000,1816000,1754000,0,0,0,1027000
1810900,Indiana,3,3,Southwest Parke Com Sch Corp,1016,12976000,1130000,977000,153000,0,0,362000
1810920,Indiana,3,3,School Town of Speedway,1864,27307000,1779000,1283000,496000,0,0,987000
1810950,Indiana,3,3,Spencer-Owen Community Schools,2238,30223000,3064000,2750000,314000,0,0,1719000
1810980,Indiana,3,3,Springs Valley Com School Corp,837,10909000,745000,671000,74000,0,0,361000
1811100,Indiana,3,3,MSD Steuben County,2607,31328000,2776000,2194000,582000,0,0,1163000
1811190,Indiana,3,3,Sunman-Dearborn Com Sch Corp,3825,50302000,5422000,4010000,1412000,0,0,1826000
1811220,Indiana,3,3,Switzerland County School Corp,1483,18198000,332000,332000,0,0,0,88000
1811250,Indiana,3,3,Taylor Community School Corp,1300,15369000,971000,827000,144000,0,0,557000
1811260,Indiana,3,3,Tell City-Troy Twp School Corp,1400,16317000,778000,694000,84000,0,0,529000
1811340,Indiana,3,3,Tippecanoe School Corp,13616,155944000,11811000,11318000,494000,0,0,4994000
1811370,Indiana,3,3,Tippecanoe Valley School Corp,1779,23250000,1835000,1394000,441000,0,0,714000
1811400,Indiana,3,3,Tipton Community School Corp,1442,15933000,1277000,1078000,199000,0,0,588000
1811430,Indiana,3,3,Tri-County School Corporation,765,11721000,956000,856000,100000,0,0,262000
1811460,Indiana,3,3,Tri-Creek School Corporation,3269,37287000,299000,56000,243000,0,0,3000
1811490,Indiana,3,3,Triton School Corporation,946,11591000,591000,496000,95000,0,0,245000
1811580,Indiana,3,3,Twin Lakes School Corp,2279,30069000,3046000,2177000,712000,0,0,1119000
1811610,Indiana,3,3,Union Co/Clg Corner Joint Sch Dist,1295,17531000,2411000,797000,1614000,0,0,433000
1811700,Indiana,3,3,Union Township School Corp,1409,17614000,7000,2000,5000,0,0,0
1811730,Indiana,3,3,Union School Corporation,7238,61353000,7633000,6654000,979000,0,0,3017000
1811910,Indiana,3,3,Union-North United School Corp,1228,14979000,1301000,1132000,169000,0,0,595000
1811970,Indiana,3,3,Valparaiso Community Schools,6382,73605000,179000,17000,162000,0,0,0
1812060,Indiana,3,3,Crothersville Community Schools,441,5502000,50000,50000,0,0,0,1000
1812090,Indiana,3,3,Vigo County School Corp,13787,148795000,17784000,16246000,1538000,0,0,6743000
1812120,Indiana,3,3,Vincennes Community School Corp,2836,32859000,3214000,2174000,1039000,0,0,1296000
1812150,Indiana,3,3,Wabash City Schools,1536,19295000,797000,797000,0,0,0,479000
1812180,Indiana,3,3,MSD Wabash County Schools,2266,22949000,3585000,1827000,1758000,0,0,823000
1812240,Indiana,3,3,Wa-Nee Community Schools,2933,37182000,3451000,3005000,445000,0,0,967000
1812360,Indiana,3,3,MSD Warren Township,11824,169579000,13927000,11465000,2462000,0,0,5587000
1812390,Indiana,3,3,Warrick County School Corp,10122,120303000,13986000,10618000,3368000,0,0,5043000
1812420,Indiana,3,3,Warsaw Community Schools,6734,83269000,6662000,4254000,2409000,0,0,2517000
1812720,Indiana,3,3,MSD Washington Township,10512,173931000,15878000,12696000,3182000,0,0,5483000
1812810,Indiana,3,3,MSD Wayne Township,16017,217397000,27379000,22084000,5295000,0,0,10782000
1812870,Indiana,3,3,West Lafayette Com School Corp,2420,34713000,2085000,2085000,0,0,0,756000
1812880,Indiana,3,3,Frankton-Lapel Community Schools,3090,28348000,2145000,2037000,108000,0,0,1155000
1812900,Indiana,3,3,West Noble School Corporation,2177,26212000,1297000,1077000,221000,0,0,495000
1812930,Indiana,3,3,West Washington School Corp,934,11134000,861000,861000,0,0,0,493000
1812990,Indiana,3,3,Western Boone Co Com Sch Dist,1642,18315000,1267000,1219000,47000,0,0,940000
1813050,Indiana,3,3,Western Wayne Schools,751,10280000,665000,662000,2000,0,0,329000
1813080,Indiana,3,3,Westfield-Washington Schools,9180,119544000,15238000,11955000,3283000,0,0,5457000
1813110,Indiana,3,3,Westview School Corporation,2075,28646000,2605000,2229000,376000,0,0,745000
1813200,Indiana,3,3,School City of Whiting,1102,12698000,1021000,1021000,0,0,0,407000
1813230,Indiana,3,3,Whitko Community School Corp,1216,17419000,1963000,1606000,356000,0,0,698000
1900006,Iowa,3,3,North Fayette Valley Comm School District,1080,14711000,2247000,2153000,17000,0,70000,952000
1900009,Iowa,3,3,Colfax-Mingo Comm School District,724,9873000,1197000,1067000,0,0,118000,379000
1900015,Iowa,3,3,Sibley-Ocheyedan Comm School District,729,9980000,984000,969000,4000,0,8000,318000
1900021,Iowa,3,3,Okoboji Comm School District,1244,14651000,2358000,2281000,11000,0,52000,783000
1900022,Iowa,3,3,Union Comm School District,1008,13254000,2125000,1757000,94000,1000,258000,827000
1900023,Iowa,3,3,Sioux Central Comm School District,656,9206000,1523000,1513000,0,0,2000,522000
1900024,Iowa,3,3,South Central Calhoun Comm School District,916,11869000,1509000,1456000,0,0,42000,659000
1900025,Iowa,3,3,Panorama Comm School District,691,9578000,1468000,1368000,0,0,99000,530000
1900026,Iowa,3,3,South O'Brien  Comm School District,576,7861000,1194000,1081000,0,0,108000,364000
1900027,Iowa,3,3,Riverside Comm School District,693,9354000,1409000,1302000,0,0,86000,381000
1900028,Iowa,3,3,Prairie Valley Comm School District,561,8338000,773000,740000,0,0,33000,294000
1900031,Iowa,1,3,Albert City-Truesdale Comm School District,114,1886000,213000,178000,33000,0,0,56000
1900032,Iowa,1,3,Alden Comm School District,159,2648000,239000,237000,1000,0,0,54000
1900040,Iowa,3,3,East Marshall Comm School District,713,8924000,621000,568000,20000,0,32000,262000
1900060,Iowa,3,3,GMG Comm School District,478,6280000,486000,467000,1000,0,12000,215000
1903060,Iowa,3,3,AGWSR Comm School District,650,9001000,1282000,1222000,1000,0,55000,536000
1903090,Iowa,1,3,Adair-Casey Comm School District,271,4291000,535000,527000,0,0,8000,160000
1903150,Iowa,3,3,Adel DeSoto Minburn Comm School District,2254,25699000,3758000,3413000,4000,0,321000,1108000
1903220,Iowa,3,3,Akron Westfield Comm School District,580,8600000,1191000,1120000,24000,0,45000,477000
1903270,Iowa,3,3,Albia Comm School District,1120,14443000,1925000,1682000,45000,0,181000,570000
1903300,Iowa,3,3,Alburnett Comm School District,810,8918000,726000,693000,0,0,31000,360000
1903360,Iowa,3,3,Algona Comm School District,1563,20591000,3343000,3257000,0,0,79000,1105000
1903390,Iowa,3,3,Allamakee Comm School District,1121,14290000,1977000,1727000,79000,0,159000,717000
1903450,Iowa,3,3,North Butler Comm School District,567,8089000,1076000,1001000,7000,0,49000,405000
1903480,Iowa,3,3,Alta-Aurelia Comm School District,837,10650000,936000,905000,0,0,30000,297000
1903540,Iowa,3,3,Ames Comm School District,4645,62113000,9718000,8811000,84000,0,794000,4113000
1903570,Iowa,3,3,Anamosa Comm School District,1183,14250000,1612000,1489000,0,10000,98000,635000
1903630,Iowa,1,3,Andrew Comm School District,147,2697000,369000,368000,0,0,0,152000
1903690,Iowa,3,3,Ankeny Comm School District,12750,154622000,25224000,21307000,0,329000,3587000,8190000
1903750,Iowa,3,3,Aplington-Parkersburg Comm School District,853,10627000,1228000,1165000,1000,0,54000,573000
1903780,Iowa,3,3,Ar-We-Va Comm School District,243,2887000,285000,272000,0,0,13000,111000
1903850,Iowa,3,3,North Union Comm School District,325,4828000,511000,508000,0,0,1000,212000
1903930,Iowa,3,3,Atlantic Comm School District,1555,19485000,3375000,2900000,180000,0,287000,967000
1903960,Iowa,3,3,Audubon Comm School District,547,6965000,783000,747000,0,0,32000,298000
1904080,Iowa,3,3,AHSTW Comm School District,776,9982000,1522000,1402000,16000,0,99000,252000
1904200,Iowa,3,3,Ballard Comm School District,1871,23086000,3060000,2905000,0,1000,131000,1228000
1904380,Iowa,3,3,Baxter Comm School District,486,5976000,658000,602000,0,0,42000,255000
1904440,Iowa,3,3,BCLUW Comm School District,506,7247000,974000,824000,3000,0,129000,302000
1904560,Iowa,3,3,Bedford Comm School District,535,6789000,862000,854000,0,0,0,417000
1904620,Iowa,3,3,Belle Plaine Comm School District,479,6667000,684000,674000,1000,0,9000,248000
1904650,Iowa,3,3,Bellevue Comm School District,787,8683000,992000,929000,17000,4000,28000,440000
1904680,Iowa,3,3,Belmond-Klemme Comm School District,697,9810000,1704000,1606000,0,0,92000,518000
1904740,Iowa,1,3,Bennett Comm School District,86,1517000,120000,119000,0,0,0,45000
1904830,Iowa,3,3,Benton Comm School District,1682,18576000,2238000,1904000,186000,0,134000,994000
1904860,Iowa,3,3,Bettendorf Comm School District,4432,54315000,7837000,6771000,85000,0,975000,2999000
1904950,Iowa,3,3,Eddyville-Blakesburg- Fremont CSD,964,13340000,1500000,1365000,92000,0,32000,568000
1905070,Iowa,3,3,Bondurant-Farrar Comm School District,2731,31282000,4021000,3893000,7000,0,104000,1539000
1905130,Iowa,3,3,Boone Comm School District,1976,25056000,4582000,4385000,0,0,160000,1872000
1905190,Iowa,3,3,Boyden-Hull Comm School District,603,7977000,1001000,946000,0,0,51000,286000
1905430,Iowa,3,3,West Hancock Comm School District,599,7353000,487000,484000,0,0,0,209000
1905490,Iowa,3,3,Brooklyn-Guernsey-Malcom Comm School District,561,7857000,826000,782000,0,0,20000,365000
1905750,Iowa,3,3,North Iowa Comm School District,480,6702000,990000,913000,4000,0,68000,326000
1905790,Iowa,3,3,Burlington Comm School District,3334,48739000,7620000,7033000,120000,0,378000,2877000
1905940,Iowa,3,3,CAM Comm School District,1441,10682000,904000,875000,0,0,29000,172000
1905970,Iowa,1,3,CAL Comm School District,176,2730000,358000,353000,0,0,0,109000
1906000,Iowa,3,3,Calamus-Wheatland Comm School District,414,5985000,591000,561000,0,0,27000,206000
1906060,Iowa,3,3,Camanche Comm School District,995,13048000,1804000,1749000,0,0,55000,848000
1906240,Iowa,3,3,Cardinal Comm School District,1074,13015000,2528000,2455000,0,0,66000,700000
1906270,Iowa,3,3,Carlisle Comm School District,2369,26576000,3491000,3245000,70000,1000,150000,1339000
1906330,Iowa,3,3,Carroll Comm School District,1722,24003000,3462000,3342000,10000,0,82000,1067000
1906510,Iowa,3,3,Cedar Falls Comm School District,5884,68401000,10259000,9581000,413000,0,199000,4315000
1906540,Iowa,3,3,Cedar Rapids Comm School District,15289,223573000,34013000,27232000,2744000,589000,3157000,11932000
1906660,Iowa,3,3,Center Point-Urbana Comm School District,1466,17321000,2345000,2291000,0,9000,31000,1144000
1906750,Iowa,3,3,Centerville Comm School District,1339,15674000,2085000,2003000,14000,0,49000,807000
1906780,Iowa,3,3,Central City Comm School District,413,5569000,518000,506000,0,1000,9000,231000
1906810,Iowa,3,3,Central DeWitt School District,1565,20981000,3066000,2945000,0,0,108000,1060000
1906840,Iowa,3,3,Central Comm School District,473,5902000,759000,664000,0,0,93000,263000
1906900,Iowa,3,3,Central Decatur Comm School District,697,9524000,1196000,1184000,0,0,7000,428000
1906930,Iowa,3,3,Central Lee Comm School District,1250,13970000,1668000,1644000,0,0,23000,571000
1906960,Iowa,3,3,Central Lyon Comm School District,796,9944000,1281000,1185000,0,0,88000,437000
1907050,Iowa,3,3,Chariton Comm School District,1215,15950000,1940000,1899000,0,0,34000,841000
1907080,Iowa,3,3,Charles City Comm School District,1516,22085000,4728000,4340000,87000,0,260000,1153000
1907110,Iowa,1,3,Charter Oak-Ute Comm School District,185,2930000,400000,396000,0,0,0,325000
1907170,Iowa,3,3,Cherokee Comm School District,1200,13443000,1582000,1540000,1000,0,32000,558000
1907350,Iowa,3,3,Clarinda Comm School District,1062,12876000,1766000,1662000,0,0,95000,590000
1907380,Iowa,3,3,Clarion-Goldfield-Dows Comm School District,1071,13931000,1607000,1564000,0,7000,25000,445000
1907410,Iowa,3,3,Clarke Comm School District,1358,16012000,2189000,1922000,51000,0,89000,777000
1907440,Iowa,3,3,Clarksville Comm School District,311,3866000,506000,506000,0,0,0,192000
1907470,Iowa,1,3,Clay Central-Everly Comm School District,72,1983000,229000,202000,25000,0,0,42000
1907590,Iowa,3,3,Clear Creek Amana Comm School District,3014,38493000,5565000,5329000,0,0,194000,1825000
1907620,Iowa,3,3,Clear Lake Comm School District,1480,17729000,2831000,2700000,0,0,56000,922000
1907710,Iowa,3,3,Clinton Comm School District,3286,47656000,8424000,7897000,193000,0,277000,3600000
1907860,Iowa,3,3,College Comm School District,5709,74565000,12604000,11035000,78000,16000,1175000,4821000
1907900,Iowa,3,3,Collins-Maxwell Comm School District,412,5434000,622000,620000,0,0,0,331000
1907920,Iowa,3,3,Colo-NESCO  Comm School District,387,5770000,695000,636000,0,0,49000,272000
1907980,Iowa,3,3,Columbus Comm School District,664,9150000,1110000,1064000,0,0,43000,483000
1908070,Iowa,3,3,Coon Rapids-Bayard Comm School District,436,5451000,740000,633000,17000,0,86000,247000
1908130,Iowa,3,3,Corning Comm School District,420,6745000,690000,681000,0,0,7000,344000
1908220,Iowa,3,3,Council Bluffs Comm School District,8733,132383000,29659000,23625000,465000,108000,5029000,9205000
1908310,Iowa,3,3,Creston Comm School District,1379,18393000,2538000,2483000,0,1000,43000,913000
1908520,Iowa,3,3,Dallas Center-Grimes Comm School District,3747,42745000,7030000,6083000,402000,0,505000,2019000
1908550,Iowa,3,3,Danville  Comm School District,662,8530000,842000,825000,0,0,17000,354000
1908580,Iowa,3,3,Davenport Comm School District,13744,197820000,33919000,26888000,3099000,13000,3270000,11426000
1908610,Iowa,3,3,Davis County Comm School District,1263,17494000,2086000,1863000,91000,0,101000,764000
1908730,Iowa,3,3,Decorah Community School District,1589,22040000,3923000,3731000,2000,0,169000,1197000
1908880,Iowa,1,3,Delwood Comm School District,165,2340000,190000,172000,0,0,17000,90000
1908910,Iowa,3,3,Denison Comm School District,2245,28882000,3061000,2979000,3000,0,77000,1367000
1908940,Iowa,3,3,Denver Comm School District,995,10687000,1191000,1131000,54000,0,0,514000
1908970,Iowa,3,3,Des Moines Independent Comm School District,30278,469861000,85625000,61118000,12270000,4756000,4317000,28290000
1909060,Iowa,3,3,Diagonal Comm School District,130,2221000,133000,125000,0,0,9000,60000
1909120,Iowa,3,3,Dike-New Hartford Comm School District,945,12757000,1793000,1660000,49000,0,76000,511000
1909480,Iowa,3,3,Dubuque Comm School District,10024,145234000,29844000,24870000,2424000,70000,2472000,11984000
1909540,Iowa,3,3,Dunkerton Comm School District,414,5343000,647000,566000,3000,0,51000,241000
1909570,Iowa,3,3,Boyer Valley Comm School District,420,5566000,674000,584000,23000,0,0,290000
1909600,Iowa,3,3,Durant Comm School District,683,8284000,1107000,1044000,0,0,58000,439000
1909990,Iowa,3,3,Eagle Grove Comm School District,1000,12600000,2022000,1928000,0,0,80000,695000
1910050,Iowa,3,3,Earlham Comm School District,635,7165000,706000,705000,0,0,1000,184000
1910110,Iowa,3,3,East Buchanan Comm School District,583,7783000,839000,801000,1000,0,26000,338000
1910130,Iowa,3,3,Easton Valley Comm School District,499,6925000,978000,914000,15000,0,46000,451000
1910340,Iowa,3,3,River Valley Comm School District,342,5337000,750000,559000,0,0,191000,161000
1910350,Iowa,3,3,East Union Comm School District,489,7544000,689000,632000,0,0,57000,333000
1910410,Iowa,3,3,Eastern Allamakee Comm School District,330,4842000,709000,698000,0,0,7000,248000
1910500,Iowa,3,3,Edgewood-Colesburg Comm School District,516,6602000,644000,630000,0,0,12000,239000
1910690,Iowa,3,3,Eldora-New Providence Comm School District,522,8163000,1558000,1157000,4000,0,384000,400000
1910950,Iowa,3,3,Emmetsburg Comm School District,770,10165000,1568000,1545000,0,0,22000,490000
1910980,Iowa,3,3,English Valleys Comm School District,451,5866000,745000,620000,0,0,121000,140000
1911040,Iowa,3,3,Essex Comm School District,206,2913000,516000,516000,0,0,0,180000
1911070,Iowa,3,3,Estherville Lincoln Central Com Sch Dist,1189,16805000,2169000,2109000,46000,0,8000,909000
1911250,Iowa,3,3,Exira-Elk Horn- Kimballton Comm Sch Dist,394,5668000,624000,582000,0,0,38000,186000
1911340,Iowa,3,3,Fairfield Comm School District,1514,22165000,4262000,4097000,0,2000,152000,927000
1911790,Iowa,3,3,Forest City Comm School District,1141,14351000,2255000,2176000,0,5000,65000,928000
1911820,Iowa,3,3,Fort Dodge Comm School District,3527,45898000,7729000,7097000,357000,0,182000,2811000
1911850,Iowa,3,3,Fort Madison Comm School District,1797,24844000,3746000,3458000,7000,0,120000,1521000
1912120,Iowa,3,3,Fremont-Mills Comm School District,469,6324000,654000,615000,0,0,38000,313000
1912230,Iowa,3,3,Galva-Holstein Comm School District,484,6083000,606000,605000,0,0,1000,106000
1912330,Iowa,3,3,Garner-Hayfield-Ventura Comm School District,943,11455000,1049000,976000,0,0,61000,415000
1912480,Iowa,3,3,George-Little Rock Comm School District,426,5194000,437000,406000,0,0,31000,104000
1912510,Iowa,3,3,Gilbert Comm School District,1697,20198000,2731000,2351000,68000,6000,259000,867000
1912600,Iowa,1,3,Gilmore City-Bradgate Comm School District,87,1975000,168000,168000,0,0,0,48000
1912660,Iowa,3,3,Gladbrook-Reinbeck Comm School District,465,6654000,1104000,1013000,5000,3000,71000,293000
1912690,Iowa,3,3,Glenwood Comm School District,2071,25101000,3030000,2635000,0,0,210000,1014000
1912750,Iowa,3,3,Glidden-Ralston Comm School District,386,5148000,667000,583000,48000,24000,10000,207000
1912810,Iowa,3,3,Graettinger-Terril Comm School District,354,5311000,406000,404000,0,0,1000,128000
1913110,Iowa,3,3,Nodaway Valley Comm School District,621,8146000,930000,857000,0,0,71000,382000
1913200,Iowa,3,3,Grinnell-Newburg Comm School District,1538,26931000,3215000,2809000,103000,1000,278000,958000
1913230,Iowa,3,3,Griswold Comm School District,431,6203000,1173000,1049000,1000,0,121000,348000
1913290,Iowa,3,3,Grundy Center Comm School District,724,9442000,1376000,1331000,6000,0,30000,496000
1913320,Iowa,3,3,Guthrie Center Comm School District,470,6428000,670000,658000,0,0,12000,318000
1913350,Iowa,3,3,Clayton Ridge Comm School District,1485,14887000,1330000,1319000,0,0,0,331000
1913380,Iowa,3,3,H-L-V Comm School District,303,5140000,477000,470000,0,0,5000,218000
1913440,Iowa,3,2,Hamburg Comm School District,174,3528000,371000,358000,0,0,13000,127000
1913470,Iowa,3,3,Hampton-Dumont Comm School District,1298,16662000,1939000,1782000,2000,0,125000,717000
1913500,Iowa,3,3,Harlan Comm School District,1498,18791000,2655000,2441000,0,0,204000,1066000
1913660,Iowa,3,3,Hartley-Melvin-Sanborn Comm School District,647,8425000,1183000,1180000,0,0,0,452000
1914010,Iowa,3,3,Highland  Comm School District,565,7118000,738000,706000,0,0,29000,291000
1914160,Iowa,3,3,Hinton Comm School District,842,9795000,923000,892000,0,0,28000,300000
1914280,Iowa,3,3,Howard-Winneshiek Comm School District,1040,14760000,2050000,1870000,3000,1000,154000,726000
1914310,Iowa,1,3,Hubbard-Radcliffe Comm School District,377,4884000,867000,851000,0,0,14000,326000
1914340,Iowa,3,3,Hudson Comm School District,866,9629000,1419000,1324000,26000,1000,57000,458000
1914370,Iowa,3,3,Humboldt Comm School District,1485,18016000,2243000,2223000,0,0,12000,958000
1914580,Iowa,3,3,Independence Comm School District,1419,18362000,2507000,2255000,4000,0,224000,905000
1914640,Iowa,3,3,Indianola Comm School District,3665,43329000,5255000,4746000,219000,5000,248000,2294000
1914670,Iowa,3,3,Interstate 35 Comm School District,842,11370000,1293000,1246000,0,0,43000,502000
1914700,Iowa,3,3,Iowa City Comm School District,14701,211564000,31691000,28138000,0,0,3553000,12730000
1914730,Iowa,3,3,Iowa Falls Comm School District,1278,15112000,1901000,1811000,4000,0,62000,751000
1914850,Iowa,3,3,Iowa Valley Comm School District,547,6681000,649000,632000,0,0,15000,298000
1914880,Iowa,3,3,IKM-Manning Comm School District,710,9967000,1560000,1401000,45000,0,108000,422000
1915180,Iowa,3,3,Janesville Consolidated School District,504,5321000,486000,484000,0,0,0,208000
1915210,Iowa,3,3,Greene County Comm School District,1259,16978000,2282000,2183000,0,0,94000,701000
1915330,Iowa,3,3,Jesup Comm School District,1069,11921000,1457000,1345000,20000,0,52000,403000
1915450,Iowa,3,3,Johnston Comm School District,7431,91983000,16879000,14405000,50000,17000,2402000,4772000
1915630,Iowa,3,3,Keokuk Comm School District,1781,24401000,4509000,4196000,81000,1000,181000,1599000
1915660,Iowa,3,3,Keota Comm School District,321,4272000,536000,536000,0,0,0,127000
1915750,Iowa,3,3,Kingsley-Pierson Comm School District,453,6208000,678000,585000,0,0,90000,173000
1915840,Iowa,3,3,Knoxville Comm School District,1674,22188000,2851000,2684000,0,0,6000,966000
1916110,Iowa,3,3,Lake Mills Comm School District,671,8527000,1255000,1224000,0,0,31000,371000
1916140,Iowa,3,3,Harris-Lake Park Comm School District,332,4035000,281000,281000,0,0,0,151000
1916320,Iowa,3,3,Lamoni Comm School District,380,4348000,493000,479000,0,0,0,200000
1916420,Iowa,1,3,Laurens-Marathon Comm School District,140,2263000,308000,285000,0,0,20000,108000
1916440,Iowa,3,3,Lawton-Bronson Comm School District,718,8245000,921000,836000,0,0,76000,335000
1916530,Iowa,3,3,Le Mars Comm School District,2236,26728000,4042000,3991000,0,0,45000,1626000
1916620,Iowa,3,3,Lenox Comm School District,520,7018000,574000,573000,0,0,1000,217000
1916680,Iowa,3,3,Lewis Central Comm School District,3022,37046000,4838000,4361000,156000,0,294000,1854000
1917100,Iowa,3,3,North Cedar Comm School District,631,10536000,1476000,1382000,0,0,87000,408000
1917220,Iowa,3,3,Linn-Mar Comm School District,7611,98684000,14863000,12575000,1072000,0,1134000,6016000
1917250,Iowa,3,3,Lisbon Comm School District,719,8701000,843000,843000,0,0,0,305000
1917460,Iowa,3,3,Logan-Magnolia Comm School District,725,7788000,847000,806000,0,0,41000,253000
1917550,Iowa,3,3,Lone Tree Comm School District,428,5175000,587000,586000,0,0,1000,183000
1917820,Iowa,3,3,Louisa-Muscatine Comm School District,815,10264000,1397000,1162000,110000,0,112000,559000
1918030,Iowa,3,3,Lynnville-Sully Comm School District,520,6415000,746000,657000,0,0,88000,275000
1918120,Iowa,3,3,MFL MarMac Comm School District,894,10873000,1444000,1341000,0,10000,89000,388000
1918180,Iowa,3,3,Madrid Comm School District,668,8683000,956000,926000,0,0,28000,344000
1918240,Iowa,3,3,East Mills Comm School District,447,6513000,830000,734000,0,0,94000,267000
1918330,Iowa,3,3,Manson Northwest Webster Comm School District,779,9159000,849000,812000,0,0,37000,333000
1918480,Iowa,3,3,Maple Valley-Anthon Oto Comm School District,645,9570000,1112000,1078000,0,0,31000,377000
1918510,Iowa,3,3,Maquoketa Comm School District,1282,18391000,4112000,3884000,114000,0,77000,1577000
1918540,Iowa,3,3,Maquoketa Valley Comm School District,705,8818000,914000,890000,0,0,16000,300000
1918630,Iowa,3,3,Marcus-Meriden-Cleghorn Comm School District,386,5807000,615000,612000,0,0,3000,206000
1918690,Iowa,3,3,Marion Independent School District,2229,30155000,4275000,4202000,45000,0,2000,1275000
1918720,Iowa,3,3,Marshalltown Comm School District,5078,64422000,8022000,7436000,2000,30000,270000,3878000
1918750,Iowa,3,3,Martensdale-St Marys Comm School District,580,6816000,594000,574000,3000,0,9000,405000
1918780,Iowa,3,3,Mason City Comm School District,3526,53436000,12749000,11034000,260000,17000,1378000,4564000
1918840,Iowa,3,3,MOC-Floyd Valley Comm School District,1489,19045000,2659000,2581000,17000,0,28000,1068000
1918930,Iowa,3,3,Mediapolis Comm School District,968,10813000,1193000,1116000,0,0,69000,493000
1918960,Iowa,3,3,Melcher-Dallas Comm School District,330,4304000,439000,397000,19000,0,22000,157000
1919140,Iowa,3,3,Mid-Prairie Comm School District,1446,19337000,2519000,2303000,0,0,85000,855000
1919200,Iowa,3,3,Midland Comm School District,508,8247000,1354000,1323000,0,0,21000,501000
1919440,Iowa,3,3,Missouri Valley Comm School District,754,10156000,1215000,1200000,0,2000,13000,383000
1919590,Iowa,3,3,Montezuma Comm School District,493,5945000,696000,668000,16000,0,9000,298000
1919650,Iowa,3,3,Monticello Comm School District,1005,13603000,1868000,1803000,0,2000,52000,671000
1919710,Iowa,3,3,Moravia Comm School District,382,4634000,553000,522000,15000,0,16000,221000
1919740,Iowa,3,3,Mormon Trail Comm School District,223,2970000,410000,394000,0,0,16000,172000
1919770,Iowa,1,3,Morning Sun Comm School District,124,1823000,290000,289000,0,0,1000,147000
1919800,Iowa,3,3,Moulton-Udell Comm School District,164,2710000,237000,229000,0,0,7000,105000
1919860,Iowa,3,3,Mount Ayr Comm School District,633,8702000,1298000,1276000,0,0,7000,477000
1919890,Iowa,3,3,Mount Pleasant Comm School District,1851,23579000,2890000,2782000,0,0,93000,1293000
1920040,Iowa,3,3,Mount Vernon Comm School District,1402,17835000,2012000,1990000,0,0,7000,674000
1920100,Iowa,3,3,Murray Comm School District,298,3515000,293000,290000,0,0,2000,99000
1920130,Iowa,3,3,Muscatine Comm School District,4580,59813000,8315000,7436000,12000,7000,721000,3556000
1920190,Iowa,3,3,Nashua-Plainfield Comm School District,582,7845000,886000,879000,0,0,2000,421000
1920250,Iowa,3,3,Nevada Comm School District,1542,19450000,2520000,2369000,10000,0,129000,1026000
1920340,Iowa,3,3,New Hampton Comm School District,1019,13267000,1745000,1666000,10000,0,52000,622000
1920460,Iowa,3,3,New London Comm School District,592,7834000,859000,832000,0,0,23000,439000
1920580,Iowa,3,3,Newell-Fonda Comm School District,578,7549000,661000,642000,1000,0,18000,237000
1920610,Iowa,3,3,Newton Comm School District,2809,40369000,6089000,5440000,414000,0,180000,2106000
1920760,Iowa,3,3,Central Springs Comm School District,813,10423000,1527000,1432000,4000,0,84000,439000
1920820,Iowa,3,3,North Linn Comm School District,535,6393000,480000,471000,5000,1000,1000,250000
1920830,Iowa,1,3,North Kossuth Comm School District,258,3987000,600000,593000,0,0,6000,221000
1920850,Iowa,3,3,North Mahaska Comm School District,616,7273000,811000,799000,0,0,12000,304000
1920910,Iowa,3,3,North Polk Comm School District,2224,25807000,2605000,2494000,31000,0,55000,834000
1920940,Iowa,3,3,North Scott Comm School District,3389,39438000,5079000,4696000,80000,1000,271000,2119000
1921000,Iowa,3,3,North Tama County Comm School District,476,6875000,957000,932000,1000,0,21000,353000
1921090,Iowa,3,3,Northeast Comm School District,868,10781000,1707000,1704000,0,0,0,729000
1921210,Iowa,3,3,Northwood-Kensett Comm School District,594,7340000,643000,639000,1000,0,3000,292000
1921240,Iowa,3,3,Norwalk Comm School District,3508,40339000,5863000,5355000,195000,80000,201000,2286000
1921600,Iowa,3,3,Odebolt Arthur Battle Creek Ida Grove Comm School District,960,12914000,1409000,1397000,0,0,5000,519000
1921630,Iowa,3,3,Oelwein Comm School District,1345,18257000,2936000,2818000,2000,0,92000,1067000
1921660,Iowa,3,3,Ogden Comm School District,724,9123000,845000,796000,0,2000,38000,273000
1921720,Iowa,1,3,Olin Consolidated School District,92,1790000,204000,201000,0,0,3000,57000
1921810,Iowa,3,3,Orient-Macksburg Comm School District,150,2555000,199000,194000,0,0,5000,52000
1921840,Iowa,3,3,Osage Comm School District,986,12267000,1262000,1258000,0,0,0,404000
1921870,Iowa,3,3,Oskaloosa Comm School District,2081,28270000,3468000,3088000,176000,0,157000,1211000
1922110,Iowa,3,3,Ottumwa Comm School District,4959,61447000,7682000,5587000,1128000,11000,863000,2861000
1922380,Iowa,3,3,Paton-Churdan Comm School District,188,2823000,182000,177000,0,0,5000,70000
1922440,Iowa,3,3,Pekin Comm School District,642,9522000,1053000,1026000,10000,0,7000,305000
1922470,Iowa,3,3,Pella Comm School District,2491,30433000,4253000,4175000,0,0,53000,1328000
1922530,Iowa,3,3,Perry Comm School District,1746,24966000,4076000,3869000,0,0,191000,1232000
1923110,Iowa,3,3,Pleasant Valley Comm School District,5651,61614000,6646000,6129000,101000,20000,396000,2691000
1923160,Iowa,3,3,Pleasantville Comm School District,779,9095000,1507000,1448000,34000,0,23000,646000
1923190,Iowa,3,3,Pocahontas Area Comm School District,696,10277000,1024000,1012000,0,0,13000,348000
1923340,Iowa,3,3,Postville Comm School District,694,9862000,1219000,1155000,1000,0,55000,420000
1924000,Iowa,3,3,Red Oak Comm School District,1044,13505000,1050000,951000,0,0,97000,439000
1924120,Iowa,1,3,Remsen-Union Comm School District,310,4844000,563000,548000,0,0,15000,204000
1924150,Iowa,3,3,Riceville Comm School District,406,5534000,746000,727000,0,0,12000,130000
1924660,Iowa,3,3,Rock Valley Comm School District,954,11729000,1369000,1365000,0,0,0,543000
1924870,Iowa,3,3,Roland-Story Comm School District,1125,12927000,1324000,1291000,0,0,23000,589000
1924960,Iowa,3,3,Rudd-Rockford-Marble Rk Comm School District,422,5506000,748000,725000,1000,0,16000,282000
1925050,Iowa,3,3,Ruthven-Ayrshire Comm School District,164,2861000,232000,223000,0,0,6000,120000
1925200,Iowa,3,3,St Ansgar Comm School District,608,7759000,902000,893000,0,0,6000,334000
1925320,Iowa,3,3,Saydel Comm School District,1337,21159000,2747000,2392000,0,1000,341000,1016000
1925380,Iowa,1,3,Schaller-Crestland Comm School District,353,4634000,470000,418000,0,0,51000,171000
1925410,Iowa,1,3,Schleswig Comm School District,123,2484000,287000,254000,0,0,32000,90000
1925590,Iowa,3,3,Sergeant Bluff-Luton Comm School District,1637,21822000,3366000,3238000,73000,0,45000,1491000
1925620,Iowa,3,3,Seymour Comm School District,223,3840000,266000,266000,0,0,0,116000
1925920,Iowa,3,3,West Fork Comm School District,776,9822000,1452000,1321000,3000,0,125000,387000
1925980,Iowa,3,3,Sheldon Comm School District,1143,14171000,2153000,2026000,6000,12000,97000,842000
1926070,Iowa,3,3,Shenandoah Comm School District,1078,14949000,2022000,1887000,0,0,56000,668000
1926250,Iowa,3,3,Sidney Comm School District,512,6471000,804000,744000,0,0,58000,221000
1926280,Iowa,3,3,Sigourney Comm School District,593,7213000,767000,757000,0,0,4000,254000
1926370,Iowa,3,3,Sioux Center Comm School District,1579,19793000,2476000,2423000,0,0,47000,872000
1926400,Iowa,3,3,Sioux City Comm School District,14718,193052000,29405000,24978000,1307000,1335000,1703000,10995000
1926580,Iowa,3,3,Solon Comm School District,1523,16587000,1520000,1449000,0,0,61000,636000
1926640,Iowa,3,3,South Hamilton Comm School District,690,8597000,958000,951000,0,0,7000,363000
1926670,Iowa,3,3,South Page Comm School District,113,2234000,264000,234000,0,0,31000,95000
1926730,Iowa,3,3,South Tama County,1488,19781000,1997000,1763000,89000,0,120000,603000
1926790,Iowa,3,3,South Winneshiek Comm School District,531,7339000,1049000,970000,0,1000,72000,420000
1926820,Iowa,3,3,Southeast Polk Comm School District,7397,93075000,17397000,15464000,130000,0,1508000,5236000
1926850,Iowa,3,3,Southeast Warren Comm School District,455,7240000,893000,891000,0,0,0,324000
1926910,Iowa,3,3,Spencer Comm School District,2230,29170000,5394000,5144000,16000,1000,200000,1899000
1927000,Iowa,3,3,Spirit Lake Comm School District,1304,15408000,1798000,1742000,0,3000,0,613000
1927060,Iowa,3,3,Springville Comm School District,438,5348000,503000,500000,0,0,3000,254000
1927240,Iowa,3,3,Stanton Comm School District,265,3444000,217000,216000,0,0,1000,100000
1927270,Iowa,3,3,Starmont Comm School District,584,7951000,1103000,1056000,40000,0,8000,416000
1927390,Iowa,3,2,Storm Lake Comm School District,2794,37594000,5500000,5212000,127000,2000,138000,1600000
1927480,Iowa,1,3,Stratford Comm School District,80,1640000,267000,245000,0,0,21000,114000
1927500,Iowa,3,3,West Central Valley Comm School District,852,11972000,1791000,1670000,0,2000,119000,589000
1927600,Iowa,3,3,Sumner-Fredericksburg Comm School District,809,10583000,1156000,1037000,34000,0,59000,471000
1927870,Iowa,3,3,Tipton Comm School District,941,11373000,1641000,1592000,0,0,39000,488000
1927960,Iowa,3,3,Treynor Comm School District,795,8828000,527000,507000,0,0,20000,180000
1927990,Iowa,3,3,Tri-Center Comm School District,724,8601000,915000,815000,0,0,94000,284000
1928020,Iowa,3,3,Tri-County Comm School District,211,3661000,362000,357000,0,0,5000,156000
1928050,Iowa,3,3,Tripoli Comm School District,389,5671000,831000,804000,5000,0,21000,324000
1928110,Iowa,3,3,Turkey Valley Comm School District,375,5774000,752000,733000,0,0,15000,243000
1928170,Iowa,3,3,Twin Cedars Comm School District,358,4380000,657000,582000,30000,4000,37000,191000
1928230,Iowa,3,3,Underwood Comm School District,833,10346000,1415000,1360000,0,0,53000,375000
1928560,Iowa,1,3,United Comm School District,361,4168000,304000,298000,0,0,6000,97000
1928680,Iowa,3,3,Urbandale Comm School District,4258,54047000,8308000,7736000,106000,8000,433000,3221000
1928980,Iowa,3,3,Van Buren County Comm School District,867,12251000,1380000,1343000,0,0,26000,528000
1929010,Iowa,3,3,Van Meter Comm School District,1090,10555000,953000,932000,0,0,20000,331000
1929280,Iowa,1,3,Villisca Comm School District,279,4100000,469000,451000,0,0,18000,224000
1929310,Iowa,3,3,Vinton-Shellsburg Comm School District,1555,21146000,3535000,3180000,74000,0,253000,1081000
1929490,Iowa,3,3,Waco Comm School District,505,6174000,815000,772000,31000,0,5000,268000
1929580,Iowa,3,3,East Sac County Comm School District,818,10544000,1288000,1284000,0,0,0,392000
1929730,Iowa,3,3,Wapello Comm School District,541,7749000,1144000,1127000,0,0,9000,332000
1929760,Iowa,3,3,Wapsie Valley Comm School District,702,9290000,1272000,1123000,15000,0,66000,376000
1930240,Iowa,3,3,Washington Comm School District,1653,25495000,3679000,3092000,194000,80000,282000,1230000
1930480,Iowa,3,3,Waterloo Comm School District,10527,154241000,26695000,25466000,108000,0,938000,9791000
1930510,Iowa,3,3,Waukee Comm School District,13082,156023000,25462000,21153000,0,346000,3925000,8275000
1930540,Iowa,3,3,Waverly-Shell Rock Comm School District,2304,29741000,5829000,5518000,64000,1000,98000,2359000
1930560,Iowa,3,3,Wayne Comm School District,614,8045000,884000,881000,0,0,0,395000
1930630,Iowa,3,3,Webster City Comm School District,1731,23517000,3338000,3191000,45000,0,87000,876000
1930720,Iowa,3,3,West Bend-Mallard Comm School District,395,4212000,373000,373000,0,0,0,132000
1930750,Iowa,3,3,West Branch Comm School District,871,10561000,1504000,1467000,5000,0,29000,467000
1930780,Iowa,3,3,West Burlington Ind School District,916,9897000,754000,703000,23000,0,26000,315000
1930870,Iowa,3,2,West Central Comm School District,321,3980000,589000,556000,18000,4000,9000,223000
1930900,Iowa,3,3,West Delaware County Comm School District,1360,18253000,2393000,2261000,20000,1000,112000,1073000
1930930,Iowa,3,3,West Des Moines Comm School District,9120,128357000,17553000,16550000,193000,1000,758000,6225000
1930960,Iowa,3,3,West Harrison Comm School District,309,5103000,682000,589000,50000,0,43000,221000
1930990,Iowa,3,3,West Liberty Comm School District,1284,16240000,2040000,1989000,0,6000,38000,642000
1931020,Iowa,3,3,West Lyon Comm School District,996,11246000,1208000,1203000,0,0,0,405000
1931080,Iowa,3,3,West Marshall Comm School District,970,10863000,932000,870000,0,0,59000,404000
1931110,Iowa,3,3,West Monona Comm School District,634,8169000,896000,885000,5000,0,6000,342000
1931290,Iowa,3,3,West Sioux Comm School District,749,10783000,1708000,1622000,40000,0,29000,444000
1931350,Iowa,3,3,Western Dubuque Comm School District,3629,44289000,6110000,6020000,37000,4000,35000,2577000
1931470,Iowa,3,3,Westwood Comm School District,625,8081000,1147000,1079000,0,0,30000,342000
1931620,Iowa,3,3,Whiting Comm School District,170,3012000,366000,346000,0,0,20000,104000
1931680,Iowa,3,3,Williamsburg Comm School District,1216,15634000,1790000,1724000,0,3000,53000,631000
1931800,Iowa,3,3,Wilton Comm School District,983,11434000,1350000,1289000,1000,0,54000,438000
1931830,Iowa,3,3,Winfield-Mt Union Comm School District,391,4828000,322000,322000,0,0,0,140000
1931860,Iowa,3,3,Winterset Comm School District,1669,20659000,2896000,2764000,2000,1000,105000,1025000
1931920,Iowa,3,3,Woodbine Comm School District,534,7102000,776000,771000,0,0,2000,361000
1931950,Iowa,3,3,Woodbury Central Comm School District,566,8035000,1219000,1194000,0,0,20000,453000
1932010,Iowa,3,3,Woodward-Granger Comm School District,1210,16575000,4269000,3787000,288000,4000,177000,1134000
1999017,Iowa,3,3,PCM Comm School District,1130,13414000,1724000,1618000,54000,0,42000,571000
1999019,Iowa,1,3,Southeast Webster Grand Comm School District,523,7851000,990000,884000,0,0,106000,321000
2000001,Kansas,3,3,Southeast Of Saline,691,9879000,1260000,1251000,0,0,9000,0
2000002,Kansas,3,2,Smoky Valley,1103,12605000,1824000,1757000,0,0,65000,0
2000003,Kansas,3,3,Wamego,1641,25482000,2522000,2367000,25000,46000,84000,2147000
2000004,Kansas,3,3,Rock Creek,1346,15585000,1869000,1812000,0,0,58000,0
2000006,Kansas,3,3,Hiawatha,902,13363000,1695000,1695000,0,0,0,0
2000007,Kansas,3,3,Smith Center,453,6910000,1059000,1020000,1000,0,39000,64000
2000012,Kansas,3,3,Barnes,490,5857000,696000,650000,0,0,46000,0
2000013,Kansas,3,3,Triplains,69,1650000,188000,188000,0,0,0,0
2000014,Kansas,3,3,Central Heights,541,8391000,799000,742000,0,0,57000,0
2000015,Kansas,3,3,Ottawa,2344,31112000,5588000,3868000,915000,74000,364000,1825000
2000016,Kansas,3,3,Marysville,816,14042000,1559000,1559000,0,0,0,671000
2000017,Kansas,3,3,Scott County,960,12495000,916000,916000,0,0,0,0
2000019,Kansas,3,3,School for Deaf,117,12005000,12000000,8741000,0,0,0,6059000
2000020,Kansas,3,3,Western Plains,120,2899000,137000,137000,0,0,0,0
2000023,Kansas,3,3,Rawlins County,384,5829000,570000,570000,0,0,0,51000
2000028,Kansas,3,3,Washington Co. Schools,370,6106000,570000,560000,0,0,10000,0
2000029,Kansas,3,3,Rock Hills,380,5597000,724000,690000,0,0,34000,0
2000030,Kansas,3,3,Republic County,526,7545000,812000,812000,0,0,1000,0
2000346,Kansas,3,3,Thunder Ridge Schools,177,4090000,372000,372000,0,0,0,0
2000348,Kansas,3,3,Doniphan West Schools,374,6482000,522000,516000,0,0,7000,0
2000349,Kansas,3,3,Central Plains,1718,9070000,885000,815000,0,0,69000,0
2000350,Kansas,3,3,Prairie Hills,1068,14662000,1253000,1253000,0,0,0,0
2000351,Kansas,3,3,Riverside,666,8650000,929000,906000,0,0,19000,19000
2000353,Kansas,3,3,Nemaha Central,774,11660000,957000,952000,0,0,1000,837000
2003180,Kansas,3,3,Abilene,1504,19168000,2889000,2804000,0,0,84000,147000
2003200,Kansas,3,3,Auburn Washburn,6059,76969000,15996000,11618000,2674000,54000,1185000,5394000
2003210,Kansas,3,3,North Lyon County,340,6275000,774000,727000,0,0,47000,0
2003240,Kansas,3,3,Wabaunsee,421,6870000,611000,581000,0,0,30000,0
2003270,Kansas,3,3,Northern Valley,156,2797000,324000,324000,0,0,0,22000
2003300,Kansas,3,3,Labette County,1557,20347000,2608000,2335000,0,0,273000,39000
2003360,Kansas,3,3,Andover,8987,69608000,8186000,7603000,23000,0,561000,365000
2003390,Kansas,3,3,Chaparral Schools,822,13416000,1706000,1573000,0,13000,120000,0
2003430,Kansas,3,3,Argonia Public Schools,150,3164000,456000,456000,0,0,0,0
2003450,Kansas,3,3,Arkansas City,2887,39332000,4832000,4762000,0,0,69000,0
2003480,Kansas,3,3,Northeast,482,7442000,831000,720000,0,4000,108000,0
2003510,Kansas,3,3,Ashland,191,3289000,244000,238000,0,0,6000,0
2003540,Kansas,3,3,Atchison Public Schools,1498,21380000,3835000,2599000,920000,0,133000,1265000
2003570,Kansas,3,3,Attica,180,3211000,389000,389000,0,0,0,0
2003630,Kansas,3,3,Augusta,2028,22705000,2578000,2392000,0,0,186000,24000
2003720,Kansas,3,3,Baldwin City,1395,16405000,2809000,2597000,79000,0,133000,0
2003780,Kansas,3,3,Basehor-Linwood,3041,42131000,5286000,4300000,0,0,986000,3425000
2003810,Kansas,3,3,Baxter Springs,893,13434000,1415000,1285000,0,0,130000,5000
2003870,Kansas,3,3,Beloit,840,17038000,1763000,1763000,0,0,0,1394000
2003900,Kansas,3,3,Belle Plaine,558,9417000,1246000,1246000,0,0,0,0
2003960,Kansas,3,3,Twin Valley,606,8888000,1142000,1105000,0,0,37000,21000
2004020,Kansas,3,3,Otis-Bison,239,3815000,513000,480000,0,0,20000,6000
2004050,Kansas,3,3,Bonner Springs,2427,34869000,5104000,4770000,0,0,333000,1885000
2004080,Kansas,3,3,Brewster,131,2459000,289000,289000,0,0,0,45000
2004140,Kansas,3,3,Bucklin,226,4051000,284000,284000,0,0,0,0
2004170,Kansas,3,3,Altoona-Midway,145,3286000,323000,303000,0,0,20000,0
2004200,Kansas,3,3,Buhler,2543,29573000,4167000,4024000,0,0,143000,0
2004230,Kansas,3,3,Central,293,5068000,531000,523000,0,0,8000,0
2004260,Kansas,3,3,Burlingame Public School,302,4673000,610000,601000,0,0,10000,0
2004290,Kansas,3,3,Burlington,840,16662000,1639000,1507000,0,0,105000,1303000
2004350,Kansas,3,3,Burrton,163,3378000,395000,342000,0,0,53000,0
2004380,Kansas,3,3,Caldwell,261,4529000,497000,497000,0,0,0,0
2004410,Kansas,3,2,Caney Valley,784,10978000,1005000,932000,0,0,73000,0
2004440,Kansas,3,3,Canton-Galva,341,5248000,720000,720000,0,0,0,20000
2004470,Kansas,3,3,Waconda,342,5302000,668000,653000,0,0,14000,3000
2004500,Kansas,3,3,Cedar Vale,149,2685000,263000,244000,0,0,18000,0
2004560,Kansas,3,3,Vermillion,652,7967000,679000,673000,0,0,5000,0
2004590,Kansas,3,3,Chanute Public Schools,1815,25269000,3256000,3076000,0,0,179000,0
2004620,Kansas,3,3,Chapman,1154,15461000,2025000,1954000,0,0,71000,0
2004650,Kansas,3,3,Chase-Raymond,145,2741000,284000,272000,0,0,12000,0
2004670,Kansas,3,3,Cheney,840,11227000,1480000,1361000,0,0,119000,4000
2004710,Kansas,3,3,Cherokee,458,8740000,715000,676000,0,0,39000,0
2004740,Kansas,3,3,Cherryvale,690,11615000,1024000,1024000,0,0,0,0
2004770,Kansas,3,3,Chetopa-St. Paul,383,6398000,674000,574000,0,0,100000,0
2004790,Kansas,3,3,Cheylin,161,2899000,216000,216000,0,0,0,37000
2004800,Kansas,3,3,Cimarron-Ensign,613,9101000,740000,727000,0,0,12000,0
2004830,Kansas,3,3,North Jackson,404,5268000,266000,246000,0,0,20000,0
2004890,Kansas,3,3,Clay County,1344,23071000,1910000,1808000,0,0,102000,1662000
2004920,Kansas,3,3,Clearwater,1107,14309000,2366000,2179000,0,1000,185000,27000
2004950,Kansas,3,3,Clifton-Clyde,304,5180000,466000,457000,0,0,10000,0
2004980,Kansas,3,3,Coffeyville,1764,25624000,2941000,2588000,0,0,353000,0
2005010,Kansas,3,3,Colby Public Schools,964,12497000,1145000,992000,63000,0,33000,52000
2005040,Kansas,3,3,Comanche County,319,6046000,668000,660000,0,0,8000,0
2005070,Kansas,3,3,Columbus,942,13756000,1509000,1425000,0,0,84000,15000
2005100,Kansas,3,3,Concordia,1131,21122000,1778000,1725000,0,0,53000,1478000
2005130,Kansas,3,3,Conway Springs,420,6394000,844000,806000,0,0,38000,27000
2005190,Kansas,1,3,Copeland,70,2122000,121000,121000,0,0,0,0
2005250,Kansas,3,3,Chase County,387,6015000,657000,620000,0,0,38000,0
2005280,Kansas,3,3,Morris County,787,12569000,1389000,1366000,0,0,23000,44000
2005310,Kansas,3,3,Pike Valley,229,3840000,355000,355000,0,0,0,0
2005370,Kansas,3,3,Cunningham,228,3834000,438000,438000,0,0,0,0
2005400,Kansas,3,3,Deerfield,248,4359000,212000,212000,0,0,0,0
2005460,Kansas,3,3,Derby,7285,86645000,12803000,8523000,2992000,2000,671000,4362000
2005490,Kansas,3,3,De Soto,7227,91176000,14584000,12955000,0,305000,1012000,6323000
2005520,Kansas,3,3,Dexter,282,4006000,476000,449000,0,0,28000,0
2005550,Kansas,3,3,Dighton,257,4142000,279000,274000,1000,0,4000,0
2005580,Kansas,3,3,Dodge City,7233,105295000,8514000,8311000,0,0,202000,0
2005610,Kansas,3,3,Douglass Public Schools,653,9190000,1022000,952000,0,0,70000,0
2005640,Kansas,3,3,Easton,645,9437000,1164000,1019000,0,0,145000,2000
2005700,Kansas,3,3,Atchison Co Comm Schools,510,7667000,1070000,1039000,0,0,31000,3000
2005730,Kansas,3,3,El Dorado,2083,24047000,2228000,1975000,22000,0,230000,0
2005760,Kansas,3,3,Elk Valley,113,2525000,595000,587000,0,0,8000,0
2005790,Kansas,3,3,Elkhart,1668,12854000,420000,420000,0,0,1000,0
2005800,Kansas,3,3,Ell-Saline,429,6468000,773000,760000,0,0,13000,0
2005820,Kansas,3,3,Ellinwood Public Schools,462,6896000,818000,753000,0,0,65000,0
2005850,Kansas,3,3,Ellis,342,5662000,580000,555000,0,0,25000,0
2005870,Kansas,3,3,Ellsworth,644,8944000,1167000,1132000,0,0,35000,0
2005940,Kansas,3,3,Emporia,4349,68411000,6580000,6014000,0,0,566000,4135000
2006000,Kansas,3,3,Erie-Galesburg,443,6965000,853000,805000,0,0,49000,0
2006060,Kansas,3,3,Mission Valley,465,7960000,1388000,1004000,177000,13000,93000,361000
2006090,Kansas,3,3,Eudora,1706,22265000,3551000,3389000,0,3000,159000,80000
2006120,Kansas,3,3,Eureka,559,9806000,1222000,1109000,67000,0,47000,461000
2006180,Kansas,3,3,Fort Scott,1839,25947000,4001000,3140000,533000,35000,136000,953000
2006210,Kansas,3,3,Fowler,70,1651000,147000,147000,0,0,0,0
2006240,Kansas,3,3,Remington-Whitewater,488,7454000,809000,735000,0,0,74000,0
2006270,Kansas,3,3,Fredonia,658,9704000,941000,941000,0,0,0,0
2006300,Kansas,3,3,Frontenac Public Schools,953,14303000,1558000,1464000,4000,0,90000,0
2006330,Kansas,3,3,Fort Leavenworth,1729,24859000,2665000,2191000,0,31000,130000,888000
2006360,Kansas,3,3,Galena,820,12262000,1291000,1230000,0,0,61000,6000
2006390,Kansas,3,3,Garden City,7233,98507000,11950000,9302000,1679000,78000,429000,4059000
2006420,Kansas,3,3,Gardner Edgerton,5989,77212000,16650000,10931000,1886000,36000,3095000,4361000
2006450,Kansas,3,3,Garnett,961,13172000,1804000,1550000,0,0,253000,43000
2006480,Kansas,3,3,Girard,1030,14016000,1632000,1542000,0,0,90000,0
2006510,Kansas,3,3,Southern Cloud,163,3477000,390000,390000,0,0,0,0
2006540,Kansas,3,3,Goddard,6310,91263000,13410000,12626000,0,0,784000,6451000
2006570,Kansas,3,3,Goessel,294,4598000,748000,726000,0,0,22000,0
2006580,Kansas,3,3,Goodland,931,12761000,1656000,1646000,0,4000,7000,0
2006630,Kansas,3,3,Wheatland,97,2360000,213000,213000,0,0,0,0
2006660,Kansas,3,3,Great Bend,2756,45921000,3772000,3604000,0,0,168000,2910000
2006690,Kansas,3,3,Greeley County Schools,243,3910000,263000,263000,0,0,0,0
2006720,Kansas,3,3,Kiowa County,432,6149000,598000,561000,0,0,38000,1000
2006780,Kansas,1,3,Grinnell Public Schools,59,1756000,154000,154000,0,0,0,0
2006840,Kansas,3,3,Halstead,833,10437000,1291000,1229000,4000,0,58000,29000
2006870,Kansas,3,3,Hamilton,102,1675000,191000,186000,0,0,6000,1000
2006930,Kansas,3,3,Southern Lyon County,570,9488000,1058000,938000,53000,0,55000,0
2006960,Kansas,3,2,Haven Public Schools,796,11345000,1471000,1344000,0,0,128000,0
2006990,Kansas,1,3,Haviland,68,1887000,193000,193000,0,0,0,0
2007020,Kansas,3,3,Hays,3380,52746000,5367000,5161000,0,0,206000,2924000
2007050,Kansas,3,3,Haysville,5788,75394000,14056000,8884000,3518000,341000,947000,3904000
2007110,Kansas,3,3,Herington,450,7251000,782000,742000,0,0,40000,10000
2007170,Kansas,3,3,Hesston,870,10301000,939000,910000,0,0,28000,0
2007260,Kansas,3,3,Graham County,419,6677000,875000,875000,0,0,0,3000
2007290,Kansas,3,3,Durham-Hillsboro-Lehigh,640,8646000,1492000,1479000,0,0,12000,0
2007320,Kansas,3,3,Hoisington,773,10786000,899000,859000,0,0,32000,0
2007350,Kansas,3,3,Holcomb,982,13274000,933000,927000,0,0,5000,0
2007380,Kansas,3,3,Holton,1149,19645000,1286000,1286000,0,0,0,6874000
2007440,Kansas,3,3,Rural Vista,265,4731000,504000,490000,0,0,14000,9000
2007470,Kansas,3,3,South Brown County,548,9700000,980000,980000,0,0,0,0
2007500,Kansas,3,3,West Elk,551,12386000,1620000,1620000,0,0,0,1525000
2007530,Kansas,3,3,Hoxie Community Schools,454,6772000,632000,624000,0,0,7000,0
2007560,Kansas,3,2,Hugoton Public Schools,1029,15153000,1000000,988000,0,0,12000,0
2007590,Kansas,3,3,Humboldt,974,10517000,1417000,1381000,0,0,35000,0
2007620,Kansas,3,3,Hutchinson Public Schools,4006,65453000,11008000,7417000,2076000,99000,964000,3093000
2007650,Kansas,3,3,Independence,1811,26128000,2969000,2854000,0,0,115000,0
2007680,Kansas,3,3,Ingalls,237,4098000,278000,278000,0,0,0,0
2007710,Kansas,3,3,Inman,435,6416000,889000,852000,0,0,36000,0
2007740,Kansas,3,3,Iola,1207,17733000,2050000,1946000,0,0,104000,0
2007750,Kansas,3,3,Jayhawk,575,9674000,1392000,1278000,0,0,113000,5000
2007800,Kansas,3,3,Hodgeman County Schools,289,4746000,367000,367000,0,0,0,0
2007860,Kansas,3,3,Stanton County,423,6808000,455000,452000,0,0,3000,0
2007890,Kansas,3,3,Geary County Schools,7340,108979000,17691000,13080000,3132000,91000,855000,5965000
2007950,Kansas,3,3,Kansas City,22013,387706000,24700000,22555000,0,1000,2144000,13511000
2007970,Kansas,3,3,Kaw Valley,1107,17211000,3308000,2482000,366000,64000,163000,725000
2008040,Kansas,3,3,Crest,250,3824000,513000,465000,0,0,47000,0
2008070,Kansas,3,3,Kingman - Norwich,954,15079000,1794000,1740000,0,0,54000,0
2008100,Kansas,3,3,Kinsley-Offerle,296,5505000,634000,630000,0,0,3000,0
2008130,Kansas,3,3,South Barber,216,3969000,454000,445000,0,0,8000,0
2008190,Kansas,3,3,Kismet-Plains,596,10347000,754000,746000,0,0,8000,4000
2008220,Kansas,3,3,LaCrosse,292,4936000,552000,475000,0,0,77000,0
2008250,Kansas,3,3,Prairie View,871,16188000,2496000,1990000,0,0,504000,0
2008280,Kansas,3,3,Lakin,654,8920000,642000,642000,0,0,0,0
2008310,Kansas,3,3,Fairfield,285,5650000,505000,464000,0,0,41000,0
2008340,Kansas,3,3,Lansing,2634,33124000,6371000,6371000,0,0,0,1939000
2008370,Kansas,3,3,Ft Larned,864,16832000,1787000,1691000,0,0,97000,944000
2008400,Kansas,3,2,Lawrence,10908,132830000,25560000,15093000,5603000,1540000,3317000,7774000
2008430,Kansas,3,3,Leavenworth,3604,49630000,8120000,4884000,1517000,0,1257000,2470000
2008550,Kansas,3,3,Bluestem,534,7909000,915000,826000,0,0,89000,100000
2008610,Kansas,3,3,Leoti,392,5693000,424000,424000,0,0,0,12000
2008670,Kansas,3,3,LeRoy-Gridley,170,3611000,279000,257000,0,0,0,0
2008700,Kansas,1,3,Lewis,75,2023000,253000,253000,0,0,0,0
2008730,Kansas,3,3,Liberal,4659,57541000,4227000,3983000,0,0,98000,1713000
2008790,Kansas,3,3,Lincoln,333,4936000,706000,706000,0,0,0,0
2008880,Kansas,3,3,Little River,284,4751000,522000,521000,0,0,2000,0
2008910,Kansas,3,3,Logan,132,2630000,268000,268000,0,0,0,1000
2008940,Kansas,3,3,Centre,536,5358000,914000,879000,0,0,35000,0
2008970,Kansas,3,3,Louisburg,1802,20254000,2460000,2220000,0,0,240000,0
2009000,Kansas,3,3,Lyndon,436,6774000,906000,880000,19000,0,8000,0
2009030,Kansas,3,3,Lyons,737,16373000,1366000,1366000,0,0,0,1215000
2009060,Kansas,3,3,Macksville,197,4359000,362000,343000,0,0,18000,0
2009090,Kansas,3,3,Madison-Virgil,245,4619000,660000,598000,0,0,62000,0
2009140,Kansas,3,3,Maize,7998,115549000,16730000,15661000,0,0,1069000,7981000
2009180,Kansas,3,3,Manhattan-Ogden,7066,95010000,16642000,11276000,4069000,117000,733000,5293000
2009240,Kansas,3,3,Marion-Florence,513,8538000,1272000,1271000,0,0,1000,0
2009320,Kansas,3,3,Royal Valley,854,12165000,1232000,1125000,0,0,105000,133000
2009360,Kansas,3,3,McLouth,453,6930000,1007000,962000,0,0,45000,1000
2009390,Kansas,3,3,McPherson,2270,42815000,5234000,5224000,0,0,0,3661000
2009420,Kansas,3,3,Meade,376,6167000,464000,447000,0,0,18000,0
2009450,Kansas,3,3,Barber County North,478,7752000,998000,980000,0,0,18000,0
2009480,Kansas,3,3,Marais Des Cygnes Valley,202,4525000,523000,508000,4000,0,11000,0
2009510,Kansas,3,3,Jefferson West,827,12148000,1578000,1528000,0,0,50000,0
2009570,Kansas,3,3,North Ottawa County,629,9360000,1312000,1131000,7000,69000,105000,0
2009600,Kansas,3,3,Minneola,258,6023000,292000,291000,0,0,1000,0
2009630,Kansas,3,3,Montezuma,180,3773000,214000,214000,0,0,0,0
2009660,Kansas,3,3,Marmaton Valley,275,4901000,454000,449000,0,0,5000,0
2009720,Kansas,3,3,Moscow Public Schools,143,3049000,153000,153000,0,0,0,0
2009780,Kansas,3,3,Moundridge,497,5922000,935000,909000,0,0,26000,0
2009840,Kansas,3,3,Mulvane,1814,22372000,3669000,2640000,708000,14000,101000,1317000
2009850,Kansas,3,3,Paradise,113,2702000,258000,257000,2000,0,0,4000
2009900,Kansas,3,3,Neodesha,776,11988000,1142000,1140000,0,0,2000,0
2009930,Kansas,3,3,Ness City,294,4598000,352000,349000,0,0,0,0
2009960,Kansas,3,2,Newton,3187,51420000,5718000,5430000,0,0,287000,3129000
2009990,Kansas,3,3,Nickerson,1083,15320000,1666000,1507000,0,0,159000,0
2010020,Kansas,3,3,Norton Community Schools,697,9098000,1419000,1419000,0,0,0,8000
2010050,Kansas,3,3,Oakley,483,6359000,736000,733000,0,0,2000,36000
2010080,Kansas,3,3,Oberlin,413,6049000,856000,703000,0,0,35000,0
2010140,Kansas,3,3,Olathe,29033,415607000,77659000,47708000,16827000,301000,10277000,21392000
2010170,Kansas,3,3,Onaga-Havensville-Wheaton,338,4672000,369000,349000,0,0,20000,0
2010230,Kansas,3,3,Osage City,724,10027000,1432000,1415000,0,0,17000,0
2010260,Kansas,3,3,Osawatomie,1063,17103000,2920000,2600000,0,0,320000,0
2010290,Kansas,3,3,Osborne County,373,5345000,733000,705000,0,0,28000,0
2010320,Kansas,3,3,Oskaloosa Public Schools,553,9476000,1315000,1315000,0,0,0,0
2010350,Kansas,3,2,Oswego,500,7755000,760000,660000,0,0,101000,0
2010410,Kansas,3,3,Santa Fe Trail,1096,15146000,1841000,1755000,0,0,80000,0
2010440,Kansas,3,3,Oxford,455,5916000,900000,900000,0,0,0,0
2010470,Kansas,3,3,Palco,97,1901000,201000,201000,0,0,0,0
2010500,Kansas,3,3,Paola,1776,40664000,3098000,2583000,0,0,515000,7877000
2010560,Kansas,3,3,Parsons,1348,19475000,2244000,2154000,0,0,91000,0
2010590,Kansas,3,3,Peabody-Burns,228,4056000,553000,537000,0,0,16000,0
2010620,Kansas,3,3,Perry Public Schools,775,10871000,1357000,1328000,0,0,29000,0
2010650,Kansas,3,3,Phillipsburg,576,8504000,1250000,1249000,0,0,1000,13000
2010680,Kansas,3,3,Piper-Kansas City,2634,33531000,5225000,4496000,115000,0,614000,1923000
2010710,Kansas,3,3,Pittsburg,3390,42378000,5274000,4881000,0,0,393000,0
2010740,Kansas,3,3,Plainville,416,6327000,711000,711000,0,0,0,4000
2010770,Kansas,3,3,Pleasanton,359,5580000,608000,489000,0,0,120000,4000
2010800,Kansas,3,3,West Franklin,618,9897000,1414000,1298000,0,0,116000,0
2010890,Kansas,3,3,Pratt,1214,15453000,2352000,2312000,0,0,40000,112000
2010920,Kansas,3,3,Pretty Prairie,307,4731000,529000,520000,0,0,9000,0
2010950,Kansas,3,3,Quinter Public Schools,324,5474000,780000,768000,11000,0,1000,9000
2010980,Kansas,3,3,Blue Valley,269,4431000,504000,475000,0,0,29000,0
2011040,Kansas,3,3,Golden Plains,163,3546000,400000,400000,0,0,0,134000
2011080,Kansas,3,3,Renwick,1946,22172000,4219000,4048000,0,0,171000,90000
2011100,Kansas,3,3,Riley County,708,9147000,1066000,1031000,0,0,16000,0
2011130,Kansas,3,3,Riverton,704,10540000,1062000,1022000,0,0,40000,0
2011190,Kansas,3,3,Rolla,97,2462000,135000,135000,0,0,0,0
2011220,Kansas,3,3,Flinthills,287,5186000,496000,487000,0,0,9000,0
2011250,Kansas,3,3,Rose Hill Public Schools,1708,19295000,2057000,1877000,1000,0,179000,13000
2011280,Kansas,3,3,Pawnee Heights,140,2921000,333000,329000,0,0,4000,0
2011310,Kansas,3,3,Russell County,778,13569000,1706000,1136000,379000,0,0,229000
2011370,Kansas,3,3,Salina,6724,131769000,13546000,11732000,32000,31000,1750000,9019000
2011400,Kansas,3,3,Satanta,239,4854000,271000,271000,0,0,0,0
2011430,Kansas,3,3,Skyline Schools,385,5700000,764000,764000,0,0,0,41000
2011490,Kansas,3,3,Seaman,3890,47405000,9722000,5694000,2229000,155000,1302000,2956000
2011520,Kansas,3,3,Chautauqua Co Community,398,6713000,1297000,1287000,0,0,10000,5000
2011550,Kansas,3,3,Sedgwick Public Schools,507,7075000,1176000,1114000,0,0,61000,0
2011610,Kansas,3,3,Wallace County Schools,186,3672000,217000,217000,0,0,0,0
2011640,Kansas,3,3,Shawnee Mission Pub Sch,26422,325984000,53889000,37435000,7015000,385000,8861000,21769000
2011700,Kansas,3,3,Silver Lake,692,10149000,1215000,635000,435000,10000,10000,231000
2011760,Kansas,3,3,Solomon,375,5829000,730000,655000,0,0,74000,0
2011790,Kansas,3,3,South Haven,217,3647000,470000,470000,0,0,0,0
2011820,Kansas,3,3,Spearville,342,5050000,383000,383000,0,0,0,0
2011850,Kansas,3,2,Spring Hill,5357,58696000,7685000,5810000,804000,0,342000,2964000
2011880,Kansas,3,3,St Francis Comm Sch,304,4242000,320000,315000,0,0,0,55000
2011910,Kansas,3,3,St John-Hudson,345,5626000,663000,649000,0,0,13000,0
2011970,Kansas,3,3,Stafford,234,5732000,537000,445000,43000,0,49000,0
2012000,Kansas,3,3,Blue Valley,22349,279758000,57114000,37131000,10858000,343000,7420000,18357000
2012030,Kansas,3,3,Sterling,474,6843000,888000,888000,0,0,0,0
2012060,Kansas,3,3,Stockton,290,5329000,651000,651000,0,0,0,4000
2012090,Kansas,3,3,Sublette,391,7264000,400000,393000,0,0,0,0
2012120,Kansas,3,3,Sylvan Grove,253,3993000,511000,511000,0,0,0,0
2012150,Kansas,3,3,Syracuse,549,7826000,551000,551000,0,0,0,5000
2012180,Kansas,3,3,Shawnee Heights,3748,46298000,8805000,6318000,1701000,32000,588000,2715000
2012210,Kansas,3,3,Tonganoxie,1925,23578000,3326000,2951000,38000,0,338000,0
2012260,Kansas,3,2,Topeka Public Schools,12351,221517000,41453000,27330000,10081000,987000,2006000,12735000
2012300,Kansas,3,3,Circle,2062,23618000,2492000,2269000,0,0,223000,2000
2012330,Kansas,3,3,Troy Public Schools,330,4661000,564000,564000,0,0,0,0
2012360,Kansas,3,3,Turner-Kansas City,3880,51808000,7225000,4573000,1732000,6000,643000,2524000
2012390,Kansas,3,3,Udall,327,5629000,585000,550000,0,0,26000,0
2012420,Kansas,3,3,Ulysses,1549,19725000,1562000,1554000,0,0,8000,0
2012450,Kansas,3,3,Uniontown,486,7652000,790000,726000,0,0,63000,0
2012510,Kansas,3,3,Valley Center Pub Sch,3195,46686000,6273000,5681000,0,0,592000,2400000
2012540,Kansas,3,3,Valley Falls,400,5889000,777000,675000,0,0,102000,0
2012600,Kansas,3,3,Victoria,284,4071000,473000,461000,0,0,12000,0
2012630,Kansas,3,3,Wakeeney,404,5850000,831000,818000,0,14000,0,1000
2012780,Kansas,3,3,Valley Heights,427,6988000,891000,864000,0,0,27000,0
2012810,Kansas,3,3,Lebo-Waverly,495,8420000,890000,882000,0,0,8000,12000
2012840,Kansas,3,3,Wellington,1497,20081000,3788000,2971000,388000,9000,138000,1121000
2012870,Kansas,3,3,Wellsville,843,10783000,1724000,1612000,0,0,110000,0
2012900,Kansas,3,3,Weskan,106,2002000,203000,203000,0,0,0,0
2012990,Kansas,3,3,Wichita,46101,727611000,130990000,74506000,31105000,2562000,16408000,34197000
2013020,Kansas,3,3,Jefferson County North,440,6797000,963000,915000,0,0,48000,0
2013050,Kansas,3,3,Winfield,2094,47984000,4691000,4499000,0,0,192000,4590000
2013110,Kansas,3,3,Woodson,415,7247000,807000,729000,0,0,78000,0
2100030,Kentucky,3,3,Adair County,2622,35515000,3367000,3172000,19000,13000,163000,1794000
2100070,Kentucky,3,3,Allen County,3149,38898000,5142000,4387000,373000,200000,182000,1818000
2100081,Kentucky,3,3,Muhlenberg County,4486,61226000,5466000,5237000,0,0,229000,2656000
2100090,Kentucky,1,3,Anchorage Independent,405,10322000,1157000,69000,0,1088000,0,1000
2100120,Kentucky,3,3,Anderson County,3752,45805000,3659000,3644000,15000,0,0,2628000
2100150,Kentucky,3,3,Ashland Independent,3261,47907000,11762000,5713000,61000,5790000,197000,2253000
2100180,Kentucky,3,3,Augusta Independent,317,4710000,378000,251000,127000,0,0,190000
2100210,Kentucky,3,3,Ballard County,1052,15886000,909000,807000,102000,0,0,477000
2100240,Kentucky,3,3,Barbourville Independent,692,8112000,642000,471000,80000,90000,0,193000
2100270,Kentucky,3,3,Bardstown Independent,2713,42499000,7887000,5931000,1504000,285000,169000,2349000
2100300,Kentucky,3,3,Barren County,5224,70943000,7237000,6703000,0,0,387000,3219000
2100330,Kentucky,3,3,Bath County,1972,25105000,2228000,1773000,0,419000,36000,1119000
2100360,Kentucky,3,3,Beechwood Independent,1501,18361000,1645000,1562000,81000,0,2000,638000
2100390,Kentucky,3,3,Bell County,2453,37832000,3305000,2357000,490000,436000,21000,1404000
2100420,Kentucky,3,3,Bellevue Independent,639,10372000,926000,620000,87000,212000,7000,310000
2100480,Kentucky,3,3,Berea Independent,1086,18645000,1971000,1929000,4000,39000,0,1257000
2100510,Kentucky,3,3,Boone County,20200,281283000,39679000,27371000,7754000,1313000,3241000,12374000
2100540,Kentucky,3,3,Bourbon County,2674,37407000,3265000,2938000,13000,178000,137000,1717000
2100570,Kentucky,3,3,Bowling Green Independent,4376,62487000,6313000,5133000,895000,148000,137000,2697000
2100620,Kentucky,3,3,Boyd County,3102,51140000,9970000,8417000,761000,523000,269000,4003000
2100630,Kentucky,3,3,Boyle County,2937,39764000,3958000,2710000,525000,695000,27000,2314000
2100660,Kentucky,3,3,Bracken County,1145,16494000,1635000,1210000,213000,178000,34000,743000
2100690,Kentucky,3,3,Breathitt County,1700,26629000,2163000,1703000,249000,107000,104000,1235000
2100720,Kentucky,3,3,Breckinridge County,2748,36298000,4216000,4024000,192000,0,0,1947000
2100750,Kentucky,3,3,Bullitt County,12833,153952000,17510000,16598000,34000,39000,770000,11325000
2100780,Kentucky,3,3,Burgin Independent,495,7234000,1116000,971000,0,144000,0,374000
2100810,Kentucky,3,3,Butler County,2195,30303000,3596000,3403000,81000,112000,0,1534000
2100840,Kentucky,3,3,Caldwell County,1891,23762000,2247000,2124000,0,55000,39000,1025000
2100870,Kentucky,3,3,Calloway County,3134,41339000,5294000,4950000,0,165000,179000,2467000
2100900,Kentucky,3,3,Campbell County,5195,73421000,12424000,10723000,1194000,209000,298000,4352000
2100930,Kentucky,3,3,Campbellsville Independent,1286,17891000,2370000,2008000,58000,241000,63000,1036000
2100960,Kentucky,3,3,Carlisle County,759,10258000,645000,624000,0,0,21000,298000
2100990,Kentucky,3,3,Carroll County,2040,31274000,2973000,2718000,46000,144000,26000,994000
2101020,Kentucky,3,3,Carter County,4137,52345000,8619000,7482000,634000,4000,499000,3083000
2101050,Kentucky,3,3,Casey County,2202,31378000,3954000,3552000,237000,0,165000,1318000
2101110,Kentucky,3,3,Caverna Independent,647,13455000,1744000,1213000,352000,119000,60000,522000
2101150,Kentucky,3,3,Christian County,8204,104383000,15697000,11912000,2637000,709000,399000,4776000
2101200,Kentucky,3,3,Clark County,5359,72013000,7361000,6166000,522000,405000,269000,4384000
2101230,Kentucky,3,3,Clay County,2903,40939000,6414000,4401000,1133000,454000,427000,2266000
2101260,Kentucky,3,3,Clinton County,1574,22079000,1977000,1623000,249000,78000,26000,1067000
2101290,Kentucky,3,3,Cloverport Independent,283,4612000,243000,173000,47000,23000,0,90000
2101320,Kentucky,3,3,Corbin Independent,3027,36822000,2872000,2253000,258000,361000,0,1922000
2101350,Kentucky,3,3,Covington Independent,3665,62004000,5213000,4232000,959000,0,21000,2677000
2101380,Kentucky,3,3,Crittenden County,1363,17739000,1699000,1242000,349000,108000,0,627000
2101410,Kentucky,3,3,Cumberland County,1004,14578000,2011000,1062000,103000,693000,73000,484000
2101440,Kentucky,3,3,Danville Independent,1836,30044000,2853000,2536000,110000,93000,113000,1804000
2101470,Kentucky,3,3,Daviess County,11164,153699000,17061000,16833000,0,15000,212000,8205000
2101500,Kentucky,3,3,Dawson Springs Independent,534,7749000,947000,861000,0,87000,0,371000
2101530,Kentucky,3,3,Dayton Independent,859,14395000,2180000,1523000,482000,142000,34000,794000
2101590,Kentucky,1,3,East Bernstadt Independent,523,6316000,826000,546000,131000,149000,0,259000
2101620,Kentucky,3,3,Edmonson County,1888,23824000,2110000,1761000,0,291000,58000,1071000
2101650,Kentucky,3,3,Elizabethtown Independent,2465,32315000,2791000,2177000,266000,248000,100000,1596000
2101680,Kentucky,3,3,Elliott County,962,14140000,991000,895000,0,96000,0,626000
2101710,Kentucky,3,3,Eminence Independent,988,12089000,1338000,1158000,116000,64000,0,530000
2101740,Kentucky,3,3,Erlanger-Elsmere Independent,2392,34779000,3898000,3168000,453000,277000,0,1881000
2101760,Kentucky,3,3,Estill County,2202,29787000,2517000,1459000,479000,153000,427000,930000
2101800,Kentucky,3,3,Fairview Independent,582,9738000,873000,655000,61000,144000,13000,399000
2101860,Kentucky,3,3,Fayette County,41422,758773000,70747000,53411000,11154000,6011000,0,29840000
2101920,Kentucky,3,3,Fleming County,2186,29558000,3418000,3227000,0,57000,133000,1478000
2101950,Kentucky,3,3,Floyd County,5563,83576000,11410000,9093000,19000,1709000,590000,3419000
2101980,Kentucky,3,3,Frankfort Independent,972,13945000,1421000,1014000,257000,146000,4000,428000
2102010,Kentucky,3,3,Franklin County,6126,92241000,9045000,7013000,1624000,262000,146000,4552000
2102040,Kentucky,3,3,Fort Thomas Independent,3127,40574000,2642000,2122000,240000,100000,180000,1173000
2102070,Kentucky,3,3,Fulton Independent,324,7759000,570000,570000,0,0,0,336000
2102100,Kentucky,3,3,Fulton County,640,9459000,893000,893000,0,0,0,392000
2102130,Kentucky,3,3,Gallatin County,1532,20223000,1859000,1474000,122000,157000,106000,650000
2102160,Kentucky,3,3,Garrard County,2606,35974000,4204000,4111000,0,0,93000,1835000
2102220,Kentucky,3,3,Glasgow Independent,2490,33030000,4420000,3327000,872000,195000,0,1611000
2102250,Kentucky,3,3,Grant County,3457,45921000,5567000,4479000,589000,214000,285000,1907000
2102280,Kentucky,3,3,Graves County,3977,51311000,6909000,4759000,1264000,636000,250000,2235000
2102300,Kentucky,3,3,Grayson County,4039,51325000,8045000,6808000,725000,216000,295000,2596000
2102340,Kentucky,3,3,Green County,1637,23269000,1758000,1424000,16000,106000,212000,1009000
2102400,Kentucky,3,3,Greenup County,2634,37227000,3212000,2479000,533000,167000,33000,1558000
2102460,Kentucky,3,3,Hancock County,1524,24401000,2467000,1576000,390000,272000,228000,845000
2102490,Kentucky,3,3,Hardin County,14675,201541000,22106000,17157000,2797000,618000,1523000,12808000
2102520,Kentucky,3,3,Harlan Independent,829,10267000,1069000,773000,219000,78000,0,333000
2102540,Kentucky,3,3,Harlan County,3442,51445000,8937000,7111000,1181000,227000,418000,3063000
2102580,Kentucky,3,3,Harrison County,2896,37574000,5264000,4167000,561000,322000,210000,1985000
2102640,Kentucky,3,3,Hart County,2347,33883000,5164000,3871000,725000,346000,222000,1675000
2102670,Kentucky,3,3,Hazard Independent,1030,14759000,1292000,1250000,12000,30000,0,666000
2102710,Kentucky,3,3,Henderson County,6955,93173000,7959000,6875000,670000,49000,365000,4921000
2102760,Kentucky,3,3,Henry County,2014,28285000,3873000,3098000,353000,258000,165000,1068000
2102790,Kentucky,3,3,Hickman County,723,10471000,1279000,1110000,48000,121000,0,474000
2102860,Kentucky,3,3,Hopkins County,6358,81057000,12208000,11157000,86000,2000,963000,5903000
2102910,Kentucky,3,3,Jackson Independent,349,5042000,143000,143000,0,0,1000,93000
2102940,Kentucky,3,3,Jackson County,2053,28713000,5159000,4202000,579000,246000,132000,2068000
2102990,Kentucky,3,3,Jefferson County,95171,1732104000,151355000,89749000,18508000,32187000,10296000,61990000
2103000,Kentucky,3,3,Jenkins Independent,475,7676000,888000,634000,103000,75000,75000,369000
2103030,Kentucky,3,3,Jessamine County,8392,116981000,12567000,9807000,1917000,843000,0,7095000
2103060,Kentucky,3,3,Johnson County,3344,46258000,6620000,6409000,0,0,211000,3085000
2103090,Kentucky,3,3,Kenton County,14066,170976000,20086000,16037000,2517000,84000,1449000,9359000
2103120,Kentucky,3,3,Knott County,2092,36807000,3656000,3089000,0,244000,323000,2158000
2103150,Kentucky,3,3,Knox County,3943,58079000,9753000,7498000,1332000,141000,782000,3406000
2103180,Kentucky,3,3,LaRue County,2393,30658000,4412000,3615000,436000,231000,130000,1544000
2103210,Kentucky,3,3,Laurel County,8801,110989000,16824000,13139000,2687000,357000,641000,6983000
2103240,Kentucky,3,3,Lawrence County,2442,34484000,4000000,3402000,0,598000,0,2050000
2103270,Kentucky,3,3,Lee County,907,12073000,932000,775000,26000,119000,13000,386000
2103330,Kentucky,3,3,Leslie County,1658,23288000,3195000,2306000,578000,129000,182000,952000
2103360,Kentucky,3,3,Letcher County,2596,53613000,4722000,3512000,819000,361000,29000,2721000
2103390,Kentucky,3,3,Lewis County,2036,28381000,2927000,1962000,709000,31000,226000,995000
2103480,Kentucky,3,3,Lincoln County,3416,49105000,3972000,3559000,0,180000,233000,2390000
2103510,Kentucky,3,3,Livingston County,1073,18088000,1653000,1574000,0,0,78000,695000
2103540,Kentucky,3,3,Logan County,3430,43261000,4312000,3297000,574000,380000,60000,2432000
2103630,Kentucky,3,3,Ludlow Independent,828,12891000,1802000,1294000,301000,7000,22000,679000
2103690,Kentucky,3,3,Lyon County,998,12698000,1573000,1250000,169000,154000,0,510000
2103720,Kentucky,3,3,Madison County,11198,137283000,20177000,13600000,4525000,1011000,1040000,6282000
2103750,Kentucky,3,3,Magoffin County,2014,27426000,3869000,3019000,425000,162000,264000,1281000
2103780,Kentucky,3,3,Marion County,3252,43393000,4518000,4117000,67000,238000,96000,1724000
2103810,Kentucky,3,3,Marshall County,4495,65441000,5202000,4308000,731000,33000,130000,2665000
2103840,Kentucky,3,3,Martin County,1758,25895000,3666000,2903000,605000,158000,0,898000
2103870,Kentucky,3,3,Mason County,2608,35141000,5304000,4754000,132000,193000,226000,2071000
2103900,Kentucky,3,3,Mayfield Independent,1947,27449000,2788000,2663000,11000,94000,19000,1216000
2103960,Kentucky,3,3,McCracken County,6968,91947000,10078000,9738000,0,20000,261000,2780000
2103990,Kentucky,3,3,McCreary County,2715,39300000,4851000,3780000,743000,158000,169000,1832000
2104020,Kentucky,3,3,McLean County,1405,19963000,2454000,2067000,145000,190000,52000,991000
2104050,Kentucky,3,3,Meade County,4966,56311000,5168000,3367000,1332000,27000,442000,2094000
2104080,Kentucky,3,3,Menifee County,955,16623000,2230000,1183000,786000,190000,71000,671000
2104110,Kentucky,3,3,Mercer County,2721,37164000,10409000,9952000,35000,250000,172000,2671000
2104140,Kentucky,3,3,Metcalfe County,1459,20632000,2461000,2330000,0,0,65000,1225000
2104170,Kentucky,3,3,Middlesboro Independent,1120,19064000,3071000,1930000,896000,195000,50000,994000
2104200,Kentucky,3,3,Monroe County,1788,29087000,3098000,2412000,0,677000,10000,1106000
2104250,Kentucky,3,3,Montgomery County,4472,55215000,6367000,3745000,1587000,198000,439000,2201000
2104290,Kentucky,3,3,Morgan County,1877,26521000,4107000,3121000,538000,118000,314000,1491000
2104380,Kentucky,3,3,Murray Independent,1849,29028000,2535000,2003000,389000,112000,31000,966000
2104410,Kentucky,3,3,Nelson County,4420,65188000,7721000,7183000,0,318000,220000,3608000
2104440,Kentucky,3,3,Newport Independent,1382,30816000,2257000,2257000,0,0,0,1289000
2104470,Kentucky,3,3,Nicholas County,1119,13830000,778000,484000,0,285000,0,249000
2104500,Kentucky,3,3,Ohio County,3910,46658000,5416000,4299000,791000,183000,142000,1848000
2104530,Kentucky,3,3,Oldham County,12367,161011000,14378000,9108000,2795000,2160000,316000,5883000
2104560,Kentucky,3,3,Owen County,1732,24818000,1908000,1719000,154000,0,35000,885000
2104590,Kentucky,3,3,Owensboro Independent,5040,81043000,9781000,7113000,1527000,652000,488000,3335000
2104620,Kentucky,3,3,Owsley County,785,14681000,1167000,889000,0,278000,0,407000
2104650,Kentucky,3,3,Paducah Independent,3119,46934000,3174000,2603000,219000,307000,46000,1524000
2104680,Kentucky,3,3,Paintsville Independent,766,11777000,902000,676000,38000,174000,14000,464000
2104710,Kentucky,3,3,Paris Independent,754,11718000,917000,765000,1000,110000,41000,313000
2104740,Kentucky,3,3,Pendleton County,2246,29406000,3327000,2762000,311000,71000,183000,1157000
2104770,Kentucky,3,3,Perry County,3593,56814000,8303000,6886000,901000,290000,226000,2892000
2104800,Kentucky,3,3,Pike County,7787,110420000,9318000,7126000,1751000,398000,44000,4577000
2104830,Kentucky,3,3,Pikeville Independent,1166,17773000,1862000,1486000,124000,178000,75000,621000
2104860,Kentucky,3,3,Pineville Independent,577,9043000,479000,371000,97000,11000,0,169000
2104890,Kentucky,3,3,Powell County,2130,30002000,4496000,3481000,104000,453000,459000,1498000
2104950,Kentucky,3,3,Pulaski County,8115,103259000,11754000,9745000,1610000,140000,258000,5712000
2104980,Kentucky,3,3,Raceland-Worthington Independent,1132,14971000,1174000,1035000,6000,133000,0,857000
2105040,Kentucky,3,3,Robertson County,479,6155000,441000,359000,82000,0,0,190000
2105070,Kentucky,3,3,Rockcastle County,2761,38766000,5475000,3851000,1301000,192000,132000,1821000
2105100,Kentucky,3,3,Rowan County,3429,42584000,3781000,3268000,54000,103000,357000,1849000
2105130,Kentucky,3,3,Russell Independent,2132,30546000,2259000,1799000,74000,349000,37000,923000
2105160,Kentucky,3,3,Russell County,3005,41711000,5656000,4604000,551000,337000,164000,1656000
2105190,Kentucky,3,3,Russellville Independent,1168,16967000,1552000,1145000,168000,213000,26000,580000
2105220,Kentucky,1,3,Science Hill Independent,476,5873000,632000,523000,109000,0,0,279000
2105260,Kentucky,3,3,Scott County,9797,118545000,21192000,15739000,3895000,1323000,235000,6596000
2105320,Kentucky,3,3,Shelby County,6935,97364000,13711000,12925000,306000,101000,378000,4629000
2105400,Kentucky,3,3,Simpson County,3088,41821000,4478000,4093000,235000,150000,0,1740000
2105430,Kentucky,3,3,Somerset Independent,1615,21856000,2171000,2167000,0,0,4000,973000
2105460,Kentucky,1,3,Southgate Independent,207,3929000,433000,262000,116000,56000,0,88000
2105490,Kentucky,3,3,Spencer County,3369,40897000,5370000,3588000,1033000,427000,282000,1696000
2105520,Kentucky,3,3,Taylor County,2731,37517000,4297000,4084000,90000,63000,61000,1529000
2105550,Kentucky,3,3,Todd County,1887,26659000,4086000,2755000,514000,637000,179000,1068000
2105580,Kentucky,3,3,Trigg County,1964,27515000,1952000,1651000,0,200000,101000,1010000
2105610,Kentucky,3,3,Trimble County,1236,15232000,1356000,1121000,45000,45000,145000,682000
2105640,Kentucky,3,3,Union County,2055,31012000,4257000,3216000,580000,269000,193000,1297000
2105700,Kentucky,3,3,Walton-Verona Independent,1919,25222000,1304000,1255000,0,45000,5000,705000
2105730,Kentucky,3,3,Warren County,17799,214496000,22258000,15754000,5677000,182000,517000,7053000
2105760,Kentucky,3,3,Washington County,1776,24612000,3083000,2386000,480000,151000,66000,1143000
2105790,Kentucky,3,3,Wayne County,3207,43186000,6374000,5038000,875000,202000,258000,2290000
2105820,Kentucky,3,3,Webster County,2168,28167000,3913000,3024000,618000,181000,90000,1192000
2105880,Kentucky,3,3,Whitley County,4336,56721000,8262000,7062000,718000,198000,282000,3560000
2105910,Kentucky,3,3,Williamsburg Independent,835,10963000,1760000,1534000,113000,113000,0,717000
2105940,Kentucky,3,3,Williamstown Independent,878,11888000,1121000,874000,161000,86000,0,412000
2105970,Kentucky,3,3,Wolfe County,1150,20533000,1838000,1737000,0,0,101000,1373000
2106000,Kentucky,3,3,Woodford County,4010,53889000,6653000,4641000,1084000,805000,123000,1592000
2200030,Louisiana,3,3,Acadia Parish,9601,119317000,9903000,7388000,1290000,323000,903000,2753000
2200036,Louisiana,2,3,New Orleans Center for Creative Arts,230,9426000,43000,0,43000,0,0,0
2200039,Louisiana,3,3,Zachary Community School District,5853,75709000,7525000,5211000,661000,370000,1282000,2645000
2200040,Louisiana,3,3,City of Baker School District,1109,17394000,1603000,1097000,171000,197000,138000,599000
2200047,Louisiana,2,3,Office of Juvenile Justice,370,31824000,255000,0,0,255000,0,0
2200054,Louisiana,1,3,Recovery School District-LDE,1007,16457000,529000,529000,0,0,0,264000
2200060,Louisiana,3,3,Allen Parish,4136,60776000,4614000,3705000,376000,211000,322000,1387000
2200090,Louisiana,3,3,Ascension Parish,24769,349451000,41168000,31665000,3317000,3650000,2535000,12370000
2200120,Louisiana,3,3,Assumption Parish,3031,44918000,6145000,4085000,1294000,317000,449000,1916000
2200125,Louisiana,3,3,Central Community School District,4967,62270000,6906000,5175000,713000,208000,810000,1779000
2200150,Louisiana,3,2,Avoyelles Parish,5080,70055000,8095000,6633000,533000,220000,708000,2323000
2200180,Louisiana,3,3,Beauregard Parish,6020,74480000,9878000,8523000,943000,205000,207000,4152000
2200210,Louisiana,3,3,Bienville Parish,1971,41507000,3485000,2603000,529000,146000,207000,899000
2200240,Louisiana,3,2,City of Bogalusa School District,1786,37628000,4740000,3484000,716000,345000,195000,1658000
2200270,Louisiana,3,3,Bossier Parish,23918,320040000,45546000,32619000,5281000,3708000,3938000,12205000
2200290,Louisiana,2,3,Thrive Academy,157,9757000,316000,311000,5000,0,0,216000
2200300,Louisiana,3,2,Caddo Parish,36147,508658000,70636000,56770000,4056000,4674000,5135000,22520000
2200315,Louisiana,2,3,RSD-Capitol Education Foundation,375,6171000,351000,230000,121000,0,0,56000
2200330,Louisiana,3,3,Calcasieu Parish,29523,523264000,56873000,45675000,5282000,1100000,4816000,22805000
2200360,Louisiana,3,3,Caldwell Parish,1502,26491000,2663000,2229000,278000,147000,9000,763000
2200390,Louisiana,3,3,Cameron Parish,1152,31831000,2962000,2355000,239000,128000,241000,838000
2200420,Louisiana,3,3,Catahoula Parish,1050,17840000,1638000,1255000,181000,165000,36000,521000
2200450,Louisiana,3,3,Claiborne Parish,1731,29259000,2858000,2093000,354000,295000,116000,826000
2200480,Louisiana,3,3,Concordia Parish,3192,49504000,4426000,3336000,797000,275000,19000,1338000
2200510,Louisiana,3,3,DeSoto Parish,5126,92861000,11376000,7896000,1908000,754000,819000,2946000
2200540,Louisiana,3,2,East Baton Rouge Parish,43253,669150000,72162000,50876000,12517000,3578000,5191000,21831000
2200570,Louisiana,3,3,East Carroll Parish,812,15623000,908000,778000,64000,50000,17000,175000
2200600,Louisiana,3,2,East Feliciana Parish,1766,29408000,1701000,1038000,266000,132000,264000,311000
2200630,Louisiana,3,3,Evangeline Parish,5705,87032000,11919000,9932000,777000,452000,758000,3690000
2200660,Louisiana,3,3,Franklin Parish,2850,45335000,5129000,3487000,674000,482000,487000,1395000
2200690,Louisiana,3,3,Grant Parish,2971,37971000,4747000,3616000,479000,155000,498000,1770000
2200720,Louisiana,3,3,Iberia Parish,11768,147945000,22150000,15976000,2428000,1108000,2638000,7586000
2200750,Louisiana,3,3,Iberville Parish,4498,100822000,9196000,7437000,608000,611000,541000,6493000
2200780,Louisiana,3,3,Jackson Parish,2161,34095000,3045000,2501000,215000,254000,76000,825000
2200810,Louisiana,3,3,Jefferson Davis Parish,5595,78789000,8242000,6607000,696000,272000,668000,2830000
2200840,Louisiana,3,2,Jefferson Parish,50628,716638000,98179000,72796000,16370000,2131000,6881000,32379000
2200870,Louisiana,3,3,Lafayette Parish,32377,401014000,47524000,36671000,4266000,2073000,4514000,15729000
2200900,Louisiana,3,2,Lafourche Parish,14208,169239000,19740000,15128000,2604000,1052000,955000,5924000
2200960,Louisiana,3,3,LaSalle Parish,2637,37082000,4714000,3754000,267000,383000,310000,921000
2200990,Louisiana,3,3,Lincoln Parish,5839,89648000,11285000,8808000,964000,1047000,466000,4189000
2201020,Louisiana,3,3,Livingston Parish,27731,334088000,51581000,42700000,2819000,2253000,3808000,16991000
2201050,Louisiana,3,3,Madison Parish,1379,25693000,1053000,360000,0,131000,562000,67000
2201080,Louisiana,3,3,City of Monroe School District,8646,130466000,17642000,14354000,2032000,1019000,237000,5772000
2201110,Louisiana,3,2,Morehouse Parish,3381,55991000,6199000,4321000,635000,711000,532000,1965000
2201140,Louisiana,3,3,Natchitoches Parish,5527,87539000,14090000,11015000,1791000,284000,1000000,3004000
2201170,Louisiana,3,2,Orleans Parish,2040,81591000,8067000,4870000,2184000,754000,258000,1051000
2201200,Louisiana,3,3,Ouachita Parish,19136,249735000,23116000,14744000,2361000,4337000,1674000,5818000
2201230,Louisiana,3,3,Plaquemines Parish,3858,75835000,11651000,9273000,1260000,477000,641000,4016000
2201260,Louisiana,3,3,Pointe Coupee Parish,2710,45346000,4341000,2994000,726000,139000,483000,1261000
2201290,Louisiana,3,3,Rapides Parish,22991,315433000,40153000,31541000,3060000,2439000,3113000,15070000
2201320,Louisiana,3,3,Red River Parish,1412,33557000,3092000,2380000,158000,237000,318000,1072000
2201350,Louisiana,3,3,Richland Parish,2885,40091000,3874000,2899000,832000,123000,19000,969000
2201380,Louisiana,3,3,Sabine Parish,4141,66039000,8467000,6091000,951000,968000,457000,2417000
2201410,Louisiana,3,3,St. Bernard Parish,8277,115762000,10870000,8564000,1530000,410000,366000,3754000
2201440,Louisiana,3,3,St. Charles Parish,9496,218041000,31398000,29000000,482000,340000,1577000,8702000
2201470,Louisiana,3,3,St. Helena Parish,1119,15308000,2041000,1145000,164000,592000,140000,549000
2201500,Louisiana,3,3,St. James Parish,3537,68412000,8957000,6112000,2156000,157000,532000,3052000
2201530,Louisiana,3,3,St. John the Baptist Parish,5382,104615000,10853000,9520000,621000,116000,597000,3690000
2201560,Louisiana,3,2,St. Landry Parish,12554,180139000,20532000,16650000,1556000,1398000,927000,6473000
2201590,Louisiana,3,3,St. Martin Parish,7537,101963000,16044000,11916000,2347000,461000,1321000,3241000
2201620,Louisiana,3,3,St. Mary Parish,8054,114183000,12487000,9296000,1558000,868000,764000,4197000
2201650,Louisiana,3,3,St. Tammany Parish,39559,586395000,107605000,74196000,14159000,3310000,15940000,30713000
2201680,Louisiana,3,3,Tangipahoa Parish,20700,265120000,37055000,27394000,6047000,1165000,2449000,12392000
2201710,Louisiana,3,3,Tensas Parish,347,8015000,1059000,603000,200000,205000,51000,216000
2201740,Louisiana,3,3,Terrebonne Parish,15772,214704000,24663000,18182000,2612000,1820000,2049000,8336000
2201770,Louisiana,3,2,Union Parish,1911,29470000,7692000,6394000,616000,417000,265000,577000
2201800,Louisiana,3,3,Vermilion Parish,9708,133757000,20365000,16272000,2252000,768000,1074000,4852000
2201830,Louisiana,3,3,Vernon Parish,9037,115154000,12020000,10488000,498000,406000,628000,4071000
2201860,Louisiana,3,3,Washington Parish,5019,67572000,8021000,5455000,1241000,524000,801000,2290000
2201890,Louisiana,3,3,Webster Parish,5549,80797000,11873000,10520000,402000,317000,636000,3215000
2201920,Louisiana,3,3,West Baton Rouge Parish,4332,77905000,11033000,8948000,473000,425000,1187000,3881000
2201950,Louisiana,3,3,West Carroll Parish,1863,26464000,1543000,1082000,238000,105000,118000,350000
2201980,Louisiana,3,3,West Feliciana Parish,2245,41997000,4685000,4030000,235000,239000,182000,2071000
2202010,Louisiana,3,3,Winn Parish,2012,29819000,3206000,2517000,301000,219000,170000,1037000
2280100,Louisiana,3,3,Special School District,187,30295000,7167000,6693000,385000,0,90000,4043000
2300008,Maine,1,3,Fayette Public Schools,70,1621000,221000,68000,72000,0,0,0
2300053,Maine,2,3,Five Town CSD,719,13919000,1707000,1372000,169000,0,0,604000
2300062,Maine,1,3,East Machias Public Schools,187,2613000,697000,532000,92000,0,0,158000
2300065,Maine,1,3,Cutler Public Schools,55,1076000,205000,147000,35000,0,0,43000
2302220,Maine,1,3,Acton Public Schools,246,5311000,1381000,1041000,177000,0,101000,157000
2302510,Maine,1,3,Appleton Public Schools,135,3338000,567000,413000,119000,0,0,190000
2302610,Maine,3,3,Auburn Public Schools,3219,47645000,12043000,9504000,1407000,0,0,3137000
2302640,Maine,3,3,Augusta Public Schools,2213,37154000,5994000,4550000,1057000,0,3000,1268000
2302730,Maine,3,3,Baileyville Public Schools,295,5840000,814000,606000,87000,0,0,185000
2302820,Maine,3,3,Bangor Public Schools,3454,61231000,9615000,6590000,2462000,0,0,2716000
2302850,Maine,1,3,Bar Harbor Public Schools,333,8968000,1859000,1170000,536000,0,0,331000
2303150,Maine,3,3,Biddeford Public Schools,2314,44774000,8367000,5665000,1738000,0,1000,2181000
2303210,Maine,1,3,Blue Hill Public Schools,243,4756000,1017000,750000,208000,0,2000,182000
2303290,Maine,3,3,Boothbay-Boothbay Hbr CSD,498,13110000,2069000,1389000,556000,0,0,528000
2303510,Maine,3,3,Brewer Public Schools,1604,27229000,5163000,3962000,852000,0,0,1347000
2303600,Maine,1,3,Bristol Public Schools,186,4354000,1034000,754000,244000,0,0,72000
2303610,Maine,1,3,Brooklin Public Schools,56,1689000,297000,230000,33000,0,0,47000
2303780,Maine,3,3,Brunswick Public Schools,2363,49816000,9007000,6225000,1615000,0,0,2307000
2303870,Maine,3,3,Calais Public Schools,579,11574000,1558000,1246000,190000,0,2000,349000
2303930,Maine,3,3,Cape Elizabeth Public Schools,1509,31421000,4576000,3137000,1202000,0,0,1321000
2304080,Maine,1,3,Castine Public Schools,53,1261000,154000,100000,30000,0,0,46000
2304860,Maine,1,3,Dayton Public Schools,120,2744000,833000,625000,176000,0,1000,108000
2304890,Maine,1,3,Dedham Public Schools,148,3100000,668000,438000,121000,0,0,147000
2304895,Maine,3,3,Deer Isle-Stonington CSD,318,7285000,1121000,786000,182000,0,0,240000
2305280,Maine,3,3,East Millinocket Public Schools,242,4766000,759000,610000,58000,0,0,128000
2305310,Maine,3,3,Easton Public Schools,208,4189000,450000,325000,99000,0,0,117000
2305360,Maine,3,3,Eastport Public Schools,163,3663000,471000,427000,20000,0,0,113000
2305400,Maine,1,3,Edgecomb Public Schools,107,2572000,540000,303000,187000,0,0,64000
2305500,Maine,3,3,Ellsworth Public Schools,1328,25041000,4941000,3895000,591000,0,0,948000
2305670,Maine,3,3,Falmouth Public Schools,1989,44672000,7850000,5172000,1965000,0,0,1892000
2305970,Maine,1,3,Georgetown Public Schools,51,1957000,306000,205000,69000,0,0,75000
2306000,Maine,1,3,Glenburn Public Schools,384,6630000,1472000,1000000,287000,0,0,251000
2306060,Maine,3,3,Gorham Public Schools,2737,48837000,8492000,5831000,2194000,0,0,2079000
2306160,Maine,1,3,Great Salt Bay CSD,407,7064000,1425000,889000,481000,0,0,367000
2306180,Maine,1,3,Greenbush Public Schools,152,2806000,796000,660000,66000,0,0,182000
2306250,Maine,3,3,Greenville Public Schools,185,4366000,513000,425000,64000,0,0,151000
2306260,Maine,1,3,Hancock Public Schools,174,4255000,1212000,809000,289000,0,0,231000
2306330,Maine,1,3,Harmony Public Schools,58,1324000,238000,198000,24000,0,0,63000
2306510,Maine,3,3,Hermon Public Schools,1397,18528000,2588000,1712000,580000,0,0,624000
2306610,Maine,1,3,Hope Public Schools,145,3607000,723000,501000,175000,0,0,166000
2306810,Maine,3,3,Islesboro Public Schools,82,2681000,182000,182000,0,0,0,73000
2306870,Maine,1,3,Jefferson Public Schools,235,3881000,1056000,780000,242000,0,0,135000
2306900,Maine,1,3,Jonesboro Public Schools,53,973000,218000,174000,20000,0,0,49000
2307100,Maine,1,3,Jonesport Public Schools,98,1998000,131000,94000,18000,0,0,19000
2307140,Maine,3,3,Kittery Public Schools,959,21220000,4147000,3367000,439000,0,0,1351000
2307250,Maine,1,3,Lamoine Public Schools,126,2473000,501000,298000,129000,0,0,55000
2307320,Maine,3,3,Lewiston Public Schools,5083,96703000,23486000,18120000,1363000,0,0,6113000
2307450,Maine,1,3,Lincolnville Public Schools,204,3835000,857000,716000,91000,0,0,163000
2307530,Maine,3,3,Lisbon Public Schools,1311,18881000,3061000,2150000,704000,0,0,570000
2307710,Maine,3,3,Machias Public Schools,502,8124000,1162000,1025000,70000,0,0,334000
2307800,Maine,3,3,Madawaska Public Schools,403,8908000,1490000,944000,379000,0,0,299000
2308160,Maine,1,3,Medway Public Schools,110,2468000,373000,301000,30000,0,0,101000
2308250,Maine,1,3,Milford Public Schools,270,5090000,1172000,826000,196000,0,0,246000
2308280,Maine,3,3,Millinocket Public Schools,443,8098000,1413000,1011000,223000,0,0,289000
2308400,Maine,2,3,Moosabec CSD,68,1679000,98000,73000,6000,0,0,57000
2308490,Maine,1,3,Mount Desert Public Schools,153,4777000,685000,385000,217000,0,0,104000
2308500,Maine,2,3,Mt Desert CSD,495,12245000,1953000,1387000,311000,0,0,604000
2308940,Maine,1,3,Nobleboro Public Schools,142,2853000,809000,643000,136000,0,0,65000
2309330,Maine,1,3,Orrington Public Schools,361,5517000,1036000,646000,212000,0,0,232000
2309390,Maine,1,3,Otis Public Schools,90,1878000,282000,206000,31000,0,0,56000
2309560,Maine,1,3,Pembroke Public Schools,62,1729000,187000,134000,38000,0,0,54000
2309630,Maine,1,3,Penobscot Public Schools,69,1513000,208000,147000,34000,0,0,42000
2309650,Maine,1,3,Perry Public Schools,66,1437000,132000,88000,23000,0,0,54000
2309930,Maine,3,3,Portland Public Schools,6475,138302000,24329000,19302000,3395000,0,0,6579000
2309990,Maine,1,3,Princeton Public Schools,122,2228000,329000,295000,0,0,0,59000
2310380,Maine,1,3,Saco Public Schools,1897,38249000,11143000,8324000,1798000,0,0,2031000
2310500,Maine,3,3,Sanford Public Schools,3214,56516000,11801000,7864000,3115000,0,1000,2998000
2310530,Maine,3,3,Scarborough Public Schools,2891,60114000,11427000,10085000,856000,0,0,4767000
2310590,Maine,3,3,RSU 11/MSAD 11,1949,31364000,5050000,3814000,916000,0,0,1400000
2310620,Maine,3,3,RSU 82/MSAD 12,157,3105000,481000,385000,65000,0,0,132000
2310650,Maine,3,3,RSU 83/MSAD 13,181,4217000,868000,572000,147000,0,0,328000
2310680,Maine,3,3,RSU 84/MSAD 14,135,3237000,621000,498000,66000,0,0,138000
2310710,Maine,3,3,RSU 15/MSAD 15,1835,31518000,5716000,3875000,1519000,0,0,1415000
2310770,Maine,3,3,RSU 17/MSAD 17,3223,48181000,8704000,6709000,1573000,0,0,2156000
2310830,Maine,1,3,RSU 85/MSAD 19,86,2028000,241000,177000,39000,0,0,51000
2310860,Maine,3,3,RSU 79/MSAD 01,1715,29102000,3905000,2928000,625000,0,0,837000
2310890,Maine,3,3,RSU 86/MSAD 20,482,8210000,1218000,956000,233000,0,0,447000
2310980,Maine,1,3,RSU 87/MSAD 23,591,10378000,1570000,1038000,297000,0,0,280000
2311010,Maine,3,3,RSU 88/MSAD 24,261,5611000,655000,418000,119000,0,0,108000
2311100,Maine,3,3,MSAD 27,818,14020000,2677000,1946000,549000,0,0,708000
2311130,Maine,1,3,RSU 28/MSAD 28,738,16275000,2918000,2028000,690000,0,0,774000
2311160,Maine,3,3,RSU 29/MSAD 29,1267,18998000,2083000,1698000,182000,0,12000,1028000
2311220,Maine,1,3,RSU 30/MSAD 30,165,3952000,855000,597000,160000,0,5000,132000
2311250,Maine,3,3,RSU 31/MSAD 31,435,8992000,1681000,1182000,224000,0,0,417000
2311280,Maine,3,3,RSU 32/MSAD 32,232,5169000,734000,487000,157000,0,0,259000
2311310,Maine,3,3,RSU 33/MSAD 33,234,5319000,298000,211000,41000,0,0,109000
2311370,Maine,3,3,RSU 35/MSAD 35,2134,37562000,6860000,4852000,1122000,0,0,1348000
2311430,Maine,3,3,RSU 37/MSAD 37,691,14015000,2186000,1747000,260000,0,0,552000
2311520,Maine,3,3,RSU 03/MSAD 03,1070,16770000,2811000,1794000,717000,0,5000,493000
2311550,Maine,3,3,RSU 40/MSAD 40,1800,35491000,7514000,5204000,1712000,0,8000,1817000
2311580,Maine,3,3,RSU 41/MSAD 41,612,12825000,3010000,2181000,427000,0,0,423000
2311610,Maine,3,3,RSU 42/MSAD 42,348,6605000,1018000,747000,166000,0,2000,341000
2311670,Maine,3,3,RSU 44/MSAD 44,690,12728000,1608000,1196000,288000,0,2000,256000
2311700,Maine,3,3,RSU 45/MSAD 45,282,5211000,778000,619000,89000,0,0,240000
2311730,Maine,3,3,RSU 80/MSAD 04,502,9509000,1743000,1395000,174000,0,0,281000
2311790,Maine,3,3,RSU 06/MSAD 06,3283,57878000,9814000,6646000,2697000,0,1000,2568000
2311820,Maine,3,3,RSU 07/MSAD 07,50,2416000,276000,258000,0,0,0,122000
2311850,Maine,3,3,RSU 08/MSAD 08,157,4843000,800000,506000,156000,0,1000,153000
2312140,Maine,1,3,Sedgwick Public Schools,75,2031000,553000,393000,110000,0,0,102000
2312300,Maine,1,3,South Bristol Public Schools,56,1777000,376000,331000,34000,0,0,63000
2312330,Maine,3,3,South Portland Public Schools,3081,56578000,11804000,7974000,3124000,0,0,2994000
2312390,Maine,1,3,Southwest Harbor Public Schools,144,4171000,821000,637000,110000,0,0,171000
2312750,Maine,1,3,Surry Public Schools,144,2337000,487000,312000,137000,0,0,93000
2312960,Maine,1,3,Tremont Public Schools,118,3818000,742000,541000,138000,0,0,148000
2312980,Maine,1,3,Trenton Public Schools,140,3839000,925000,668000,162000,0,0,159000
2313110,Maine,1,3,Vassalboro Public Schools,421,7670000,1870000,1242000,398000,0,7000,365000
2313140,Maine,1,3,Veazie Public Schools,163,3884000,938000,634000,179000,0,0,220000
2313350,Maine,3,3,Waterville Public Schools,1651,35277000,6476000,4756000,1211000,0,11000,1356000
2313490,Maine,3,3,Wells-Ogunquit CSD,1407,28180000,4503000,3615000,577000,0,0,1262000
2313530,Maine,1,3,West Bath Public Schools,103,2908000,687000,465000,80000,0,0,139000
2313560,Maine,3,3,Westbrook Public Schools,2335,50499000,7440000,4862000,1917000,0,0,1654000
2313860,Maine,3,3,Winslow Schools,1069,21827000,3815000,2662000,850000,0,3000,825000
2313970,Maine,3,3,Winthrop Public Schools,831,15477000,2341000,1628000,324000,0,53000,441000
2313980,Maine,3,3,Wiscasset Public Schools,461,9472000,2247000,1678000,344000,0,0,512000
2314010,Maine,1,3,Woodland Public Schools,169,2341000,342000,173000,70000,0,0,54000
2314100,Maine,3,3,Yarmouth Schools,1679,35459000,5507000,3872000,1190000,0,39000,1616000
2314130,Maine,3,3,York Public Schools,1537,37536000,6887000,5009000,1300000,0,0,1288000
2314160,Maine,3,3,RSU 52/MSAD 52,1994,30735000,6911000,5220000,1030000,0,0,1338000
2314190,Maine,3,3,RSU 55/MSAD 55,997,16695000,2772000,2072000,498000,0,0,766000
2314210,Maine,3,3,RSU 61/MSAD 61,1670,35409000,5790000,4170000,925000,0,4000,1618000
2314240,Maine,3,3,RSU 51/MSAD 51,2153,45443000,7475000,4594000,2457000,0,0,2132000
2314300,Maine,3,3,RSU 58/MSAD 58,587,11249000,2466000,1966000,346000,0,0,596000
2314330,Maine,3,3,RSU 49/MSAD 49,1895,30792000,4183000,3118000,723000,0,0,1008000
2314440,Maine,3,3,RSU 64/MSAD 64,1067,16161000,2335000,1605000,558000,0,0,646000
2314470,Maine,1,3,RSU 63/MSAD 63,453,9480000,1273000,805000,265000,0,0,324000
2314530,Maine,3,3,MSAD 46,837,17139000,2659000,2002000,486000,0,3000,793000
2314560,Maine,3,3,RSU 59/MSAD 59,575,12407000,1703000,1224000,288000,0,0,284000
2314590,Maine,3,3,RSU 54/MSAD 54,2229,49439000,9355000,7263000,1664000,0,2000,2102000
2314610,Maine,1,3,RSU 53/MSAD 53,595,10814000,2076000,1709000,78000,0,47000,675000
2314670,Maine,3,3,RSU 57/MSAD 57,2924,46464000,8285000,5497000,2037000,0,0,2388000
2314700,Maine,3,3,RSU 60/MSAD 60,2909,52280000,8699000,5647000,2108000,0,0,2043000
2314761,Maine,1,3,RSU 68/MSAD 68,668,9799000,1827000,1373000,300000,0,1000,373000
2314762,Maine,3,3,RSU 70/MSAD 70,500,8320000,1221000,769000,270000,0,0,202000
2314765,Maine,1,3,RSU 72/MSAD 72,735,15628000,4590000,3496000,766000,0,4000,944000
2314767,Maine,3,3,RSU 74/MSAD 74,587,12479000,2027000,1570000,306000,0,0,354000
2314768,Maine,3,3,RSU 75/MSAD 75,2380,44811000,9468000,6161000,2213000,0,2000,1989000
2314772,Maine,3,3,RSU 01 - LKRSU,1761,40732000,7251000,5155000,1577000,0,0,1803000
2314773,Maine,3,3,RSU 21,2301,49011000,9837000,7262000,1984000,0,0,2218000
2314775,Maine,3,3,RSU 16,1720,27310000,5405000,3740000,1230000,0,145000,1289000
2314776,Maine,3,3,RSU 02,1898,33164000,5928000,4522000,835000,0,0,1636000
2314777,Maine,3,3,RSU 67,940,15553000,2347000,1755000,286000,0,65000,437000
2314778,Maine,3,3,RSU 26,835,15734000,3120000,2326000,572000,0,0,769000
2314779,Maine,3,3,RSU 18,2599,40329000,6553000,4977000,1172000,0,0,1403000
2314780,Maine,1,3,RSU 12,908,17203000,4377000,2727000,1282000,0,1000,848000
2314782,Maine,3,3,RSU 34,1425,26626000,4819000,3619000,917000,0,0,1369000
2314783,Maine,3,3,RSU 04,1300,23379000,4114000,3133000,499000,0,0,1036000
2314784,Maine,3,3,RSU 23,666,17841000,3844000,2659000,924000,0,0,1167000
2314785,Maine,3,3,RSU 19,1931,32565000,5370000,3803000,1144000,0,0,1143000
2314787,Maine,3,3,RSU 13,1538,35771000,8196000,5718000,2085000,0,0,1950000
2314788,Maine,3,3,RSU 38,1207,22101000,3032000,2025000,816000,0,0,623000
2314789,Maine,3,3,RSU 05,2069,36298000,5375000,3335000,1437000,0,0,1309000
2314790,Maine,3,3,RSU 24,822,19072000,2933000,1959000,584000,0,0,649000
2314791,Maine,3,3,RSU 20,448,11311000,2515000,1940000,385000,0,0,550000
2314793,Maine,3,3,RSU 14,3143,57971000,9670000,6456000,2656000,0,0,2589000
2314794,Maine,3,3,RSU 39,1220,20831000,2834000,2098000,478000,0,0,827000
2314795,Maine,3,3,RSU 10,1777,35233000,7279000,5753000,628000,0,0,1475000
2314796,Maine,3,3,RSU 25,1073,21289000,3451000,2512000,624000,0,0,881000
2314803,Maine,3,3,RSU 78,198,5016000,830000,526000,288000,0,0,126000
2314805,Maine,3,3,RSU 73,1437,24903000,4630000,3718000,581000,0,0,1150000
2314806,Maine,3,3,RSU 50,330,5785000,1165000,857000,165000,0,0,226000
2314809,Maine,3,3,RSU 09,2266,40254000,7114000,4870000,1529000,0,0,1653000
2314814,Maine,1,3,Cherryfield Public Schools,90,1945000,297000,257000,28000,0,0,50000
2314815,Maine,3,3,RSU 22,2278,36612000,6694000,4934000,1440000,0,0,1530000
2314817,Maine,1,3,Athens Public Schools,112,2131000,299000,214000,58000,0,0,94000
2314818,Maine,1,3,Eustis Public Schools,99,2331000,186000,143000,23000,0,0,67000
2314820,Maine,1,3,St George Public Schools,209,5223000,1188000,721000,322000,0,0,256000
2314822,Maine,3,3,RSU 71,1451,27289000,5708000,4037000,1296000,0,1000,1121000
2314824,Maine,1,3,Northport Public Schools,84,2535000,236000,134000,65000,0,0,66000
2314833,Maine,3,3,RSU 56,764,13607000,2643000,1909000,300000,0,0,491000
2314837,Maine,1,3,Sebago Public Schools,102,2631000,772000,497000,115000,0,72000,131000
2314838,Maine,3,3,RSU 89,303,5890000,760000,622000,82000,0,0,151000
2314842,Maine,1,3,Limestone Public Schools,140,3924000,398000,398000,0,0,0,110000
2400030,Maryland,3,3,Allegany County Public Schools,8181,149631000,17358000,16820000,0,539000,0,1782000
2400060,Maryland,3,2,Anne Arundel County Public Schools,84452,1488411000,144221000,131737000,0,7303000,1978000,83707000
2400090,Maryland,3,2,Baltimore City Public Schools,75995,1746128000,176840000,163553000,0,11140000,0,67351000
2400120,Maryland,3,2,Baltimore County Public Schools,111082,2073433000,240164000,217416000,0,16535000,3914000,115667000
2400150,Maryland,3,3,Calvert County Public Schools,15461,225824000,30508000,27954000,0,2016000,308000,15364000
2400180,Maryland,3,3,Caroline County Public Schools,5667,98519000,7885000,6784000,0,802000,102000,4374000
2400210,Maryland,3,3,Carroll County Public Schools,25787,426736000,42663000,39659000,0,2220000,458000,24572000
2400240,Maryland,3,3,Cecil County Public Schools,15047,252012000,30852000,29223000,0,1244000,335000,17300000
2400270,Maryland,3,2,Charles County Public Schools,27598,480610000,45050000,36880000,0,5411000,2637000,20593000
2400300,Maryland,3,3,Dorchester County Public Schools,4523,96523000,7095000,6434000,0,579000,82000,3868000
2400330,Maryland,3,2,Frederick County Public Schools,46899,761328000,78215000,66844000,0,9865000,1053000,31190000
2400360,Maryland,3,3,Garrett County Public Schools,3500,68321000,4762000,4415000,0,306000,41000,2761000
2400390,Maryland,3,3,Harford County Public Schools,38037,665390000,71863000,68238000,0,2190000,1044000,44311000
2400420,Maryland,3,3,Howard County Public Schools,57676,1110623000,154379000,150597000,0,1961000,1821000,69876000
2400450,Maryland,3,3,Kent County Public Schools,1751,38937000,4169000,3878000,0,267000,24000,2576000
2400480,Maryland,3,3,Montgomery County Public Schools,160554,3123745000,360889000,321083000,0,31802000,5488000,22069000
2400510,Maryland,3,2,Prince George's County Public Schools,131133,2595036000,265370000,250716000,0,7843000,5506000,130137000
2400540,Maryland,3,3,Queen Anne's County Public Schools,7387,129565000,6323000,5966000,0,357000,0,2736000
2400570,Maryland,3,3,Somerset County Public Schools,2773,68631000,5712000,5247000,0,408000,57000,2507000
2400600,Maryland,3,2,St. Mary's County Public Schools,17493,298923000,24527000,22449000,0,1564000,415000,12329000
2400630,Maryland,3,3,Talbot County Public Schools,4523,72622000,8038000,7866000,0,95000,77000,2894000
2400660,Maryland,3,3,Washington County Public Schools,22297,399952000,31922000,29252000,0,1860000,544000,15874000
2400690,Maryland,3,3,Wicomico County Public Schools,14900,275444000,24936000,23417000,0,1104000,0,12532000
2400720,Maryland,3,3,Worcester County Public Schools,6841,154901000,14936000,13932000,0,816000,0,7721000
2500001,Massachusetts,3,3,Quabbin,2172,43270000,7808000,4528000,1176000,567000,1537000,1948000
2500002,Massachusetts,3,3,Spencer-E Brookfield,1377,27462000,6424000,3899000,799000,665000,1062000,1519000
2500013,Massachusetts,3,3,Southwick-Tolland-Granville Regional School District,1322,26666000,4008000,1940000,1192000,168000,709000,1279000
2500014,Massachusetts,1,3,Chesterfield-Goshen,145,2935000,518000,425000,72000,20000,1000,178000
2500043,Massachusetts,1,3,Up-Island Regional,412,15224000,2357000,1965000,212000,74000,106000,1134000
2500067,Massachusetts,3,3,Manchester Essex Regional,1221,31862000,6383000,4416000,818000,472000,677000,2573000
2500541,Massachusetts,2,3,Somerset Berkley Regional School District,1003,18610000,3426000,2732000,75000,210000,409000,993000
2500542,Massachusetts,3,3,Ayer Shirley School District,1636,34095000,6608000,4261000,863000,449000,1034000,2604000
2500544,Massachusetts,3,3,Monomoy Regional School District,1769,45465000,6907000,4612000,1059000,590000,646000,2232000
2501650,Massachusetts,3,3,Abington,2138,39363000,8401000,5952000,1505000,161000,783000,2651000
2501710,Massachusetts,3,3,Acton-Boxborough,5133,107451000,21976000,15526000,3044000,1296000,2111000,7569000
2501740,Massachusetts,1,3,Acushnet,963,16374000,2176000,1162000,509000,167000,339000,767000
2501780,Massachusetts,3,3,Hoosac Valley Regional,986,21058000,3615000,2225000,726000,360000,304000,1417000
2501800,Massachusetts,3,3,Agawam,3457,77056000,16975000,12078000,3212000,538000,1147000,6037000
2501860,Massachusetts,3,3,Amesbury,1779,44580000,9356000,7043000,1177000,351000,784000,3410000
2501890,Massachusetts,1,3,Amherst,1050,32482000,7829000,5636000,1379000,567000,247000,2956000
2501920,Massachusetts,2,3,Amherst-Pelham,1230,35692000,8657000,6738000,707000,486000,726000,2814000
2501950,Massachusetts,3,3,Andover,5526,134248000,32531000,22614000,4682000,1334000,3902000,11179000
2501980,Massachusetts,3,3,Arlington,5987,125494000,20603000,13404000,3795000,1918000,1487000,7029000
2502040,Massachusetts,3,3,Ashburnham-Westminster,2309,37639000,7767000,4877000,1614000,464000,813000,2214000
2502100,Massachusetts,3,3,Ashland,2891,52656000,10926000,7586000,1977000,167000,1195000,3713000
2502160,Massachusetts,3,3,Athol-Royalston,1563,30846000,5860000,3514000,1047000,458000,841000,1903000
2502190,Massachusetts,3,3,Attleboro,5926,106249000,18935000,13757000,2756000,387000,2036000,7156000
2502220,Massachusetts,3,3,Auburn,2558,45463000,8237000,5911000,1116000,520000,691000,3372000
2502250,Massachusetts,3,3,Avon,730,14631000,2384000,1780000,219000,169000,215000,1201000
2502310,Massachusetts,3,3,Barnstable,4838,111523000,18251000,11412000,4254000,1004000,1581000,5593000
2502400,Massachusetts,3,3,Bedford,2539,60521000,14586000,10224000,1942000,1313000,1107000,3889000
2502430,Massachusetts,3,3,Belchertown,2125,38179000,7698000,6196000,0,572000,929000,3514000
2502460,Massachusetts,3,3,Bellingham,2007,46998000,10057000,6030000,1512000,794000,1721000,3403000
2502490,Massachusetts,3,3,Belmont,4378,83575000,17345000,13242000,1846000,583000,1674000,4196000
2502520,Massachusetts,1,3,Berkley,852,13464000,2291000,1858000,121000,166000,147000,1336000
2502530,Massachusetts,3,3,Berkshire Hills,1169,38303000,7397000,4750000,808000,405000,1433000,1719000
2502580,Massachusetts,3,3,Berlin-Boylston,1072,20747000,4245000,2763000,827000,386000,269000,852000
2502640,Massachusetts,3,3,Beverly,4575,87160000,19218000,13424000,2921000,713000,2160000,6603000
2502670,Massachusetts,3,3,Billerica,4822,101846000,26229000,16511000,6954000,436000,2328000,7050000
2502715,Massachusetts,3,3,Blackstone-Millville,1468,28845000,4642000,2819000,920000,199000,704000,1856000
2502790,Massachusetts,3,3,Boston,46001,1711234000,366269000,233624000,33749000,28111000,70786000,126299000
2502820,Massachusetts,3,3,Bourne,1554,39785000,6957000,4773000,980000,415000,788000,2737000
2502880,Massachusetts,1,3,Boxford,732,16690000,3783000,2188000,1048000,229000,319000,1127000
2502940,Massachusetts,3,3,Braintree,5305,104287000,26123000,19098000,4407000,871000,1747000,8246000
2502970,Massachusetts,1,3,Brewster,431,13054000,2304000,1571000,516000,74000,143000,712000
2503030,Massachusetts,3,3,Bridgewater-Raynham,5482,95526000,18604000,9662000,4257000,735000,3949000,5405000
2503060,Massachusetts,1,3,Brimfield,287,5737000,951000,455000,278000,0,218000,238000
2503070,Massachusetts,2,3,Bristol County Agricultural,549,13316000,894000,741000,44000,94000,15000,598000
2503090,Massachusetts,3,3,Brockton,14906,366956000,58967000,36197000,8297000,2199000,12274000,19363000
2503120,Massachusetts,1,3,Brookfield,291,5030000,875000,430000,249000,19000,177000,275000
2503150,Massachusetts,3,3,Brookline,7060,198483000,35835000,24577000,7543000,1744000,1971000,15489000
2503240,Massachusetts,3,3,Burlington,3412,93680000,21221000,15944000,1583000,1441000,2254000,6630000
2503270,Massachusetts,3,3,Cambridge,6627,269494000,59164000,36764000,12897000,3235000,6269000,17249000
2503300,Massachusetts,3,3,Canton,3219,70263000,17035000,11722000,3405000,214000,1694000,4737000
2503330,Massachusetts,1,3,Carlisle,601,15413000,3697000,2173000,1193000,225000,106000,1169000
2503360,Massachusetts,3,3,Carver,1525,30963000,5682000,3573000,1085000,274000,750000,2290000
2503390,Massachusetts,3,3,Central Berkshire,1537,32560000,4787000,2778000,1020000,395000,595000,1066000
2503510,Massachusetts,3,3,Chelmsford,5055,92216000,18352000,13929000,1333000,957000,2133000,6971000
2503540,Massachusetts,3,3,Chelsea,6153,131892000,22133000,13109000,2328000,2583000,4113000,5459000
2503660,Massachusetts,3,3,Chicopee,6710,149086000,24417000,18675000,663000,131000,4947000,10989000
2503720,Massachusetts,1,3,Clarksburg,189,3388000,487000,212000,174000,84000,18000,76000
2503750,Massachusetts,3,3,Clinton,1972,37551000,8339000,5566000,1383000,433000,957000,2460000
2503780,Massachusetts,3,3,Cohasset,1406,32641000,5285000,3554000,1006000,407000,318000,1646000
2503840,Massachusetts,1,3,Concord,1946,54702000,12061000,8516000,2275000,555000,714000,3906000
2503870,Massachusetts,2,3,Concord-Carlisle,1306,33198000,6901000,5238000,749000,406000,508000,1718000
2503900,Massachusetts,1,3,Conway,123,3516000,333000,124000,172000,37000,0,113000
2503990,Massachusetts,3,3,Danvers,3235,68208000,14493000,9432000,2315000,710000,2037000,3397000
2504020,Massachusetts,3,3,Dartmouth,3370,66723000,11309000,7260000,1771000,263000,2015000,4165000
2504050,Massachusetts,3,3,Dedham,2555,69905000,17603000,11710000,3245000,1091000,1557000,6241000
2504080,Massachusetts,1,3,Deerfield,309,7954000,1036000,466000,406000,77000,87000,357000
2504140,Massachusetts,3,3,Dennis-Yarmouth,2857,73185000,16539000,13129000,1421000,278000,1712000,6258000
2504200,Massachusetts,3,3,Dighton-Rehoboth,2477,53215000,8833000,5842000,1927000,165000,899000,3582000
2504230,Massachusetts,3,3,Douglas,1186,23165000,6283000,4197000,963000,393000,731000,1325000
2504260,Massachusetts,1,3,Dover,502,12576000,2803000,1819000,379000,199000,407000,682000
2504290,Massachusetts,3,3,Dover-Sherborn,1151,29345000,4111000,3416000,252000,437000,6000,1536000
2504320,Massachusetts,3,3,Dracut,3581,56497000,9251000,6276000,1628000,337000,1010000,3321000
2504360,Massachusetts,3,3,Dudley-Charlton Reg,3429,61590000,12803000,8915000,2186000,683000,1018000,4027000
2504410,Massachusetts,3,3,Duxbury,2810,58378000,9060000,6649000,944000,854000,614000,4258000
2504440,Massachusetts,3,3,East Bridgewater,2063,37428000,5939000,3837000,965000,559000,579000,2630000
2504500,Massachusetts,3,3,East Longmeadow,2541,49464000,10998000,7538000,2053000,354000,1053000,2818000
2504530,Massachusetts,1,3,Eastham,186,5920000,1021000,708000,180000,47000,87000,366000
2504560,Massachusetts,3,3,Nauset,1308,36742000,6044000,4699000,390000,232000,723000,1819000
2504590,Massachusetts,3,3,Easthampton,1413,25961000,5862000,4282000,801000,185000,595000,1867000
2504620,Massachusetts,3,3,Easton,3410,60849000,11400000,7428000,2551000,287000,1134000,4238000
2504650,Massachusetts,1,3,Oak Bluffs,438,13677000,1870000,1359000,296000,102000,113000,757000
2504710,Massachusetts,1,3,Erving,129,4711000,959000,651000,274000,34000,0,288000
2504770,Massachusetts,3,3,Everett,7285,139265000,26699000,18513000,3877000,715000,3594000,10803000
2504800,Massachusetts,3,3,Fairhaven,1826,32739000,4193000,2576000,438000,211000,968000,1205000
2504830,Massachusetts,3,3,Fall River,10447,231630000,42323000,27739000,5138000,1768000,7678000,14237000
2504860,Massachusetts,3,3,Falmouth,2967,79178000,15249000,9836000,2956000,974000,1483000,5784000
2504890,Massachusetts,3,3,Fitchburg,5167,104569000,23905000,13865000,5135000,1233000,3672000,6516000
2504920,Massachusetts,1,3,Florida,92,2014000,175000,49000,90000,36000,0,45000
2504950,Massachusetts,3,3,Foxborough,2454,56252000,10012000,7338000,1005000,624000,1045000,3995000
2504980,Massachusetts,3,3,Framingham,9274,225679000,49398000,36974000,6407000,2084000,3932000,14093000
2505010,Massachusetts,3,3,Franklin,4711,92094000,23879000,16383000,4452000,1324000,1719000,8130000
2505070,Massachusetts,3,3,Freetown-Lakeville,2776,48247000,8168000,6557000,246000,347000,1018000,3138000
2505100,Massachusetts,2,3,Frontier,606,13627000,2261000,1826000,175000,49000,212000,550000
2505130,Massachusetts,3,3,Gardner,2387,41053000,7635000,4528000,1978000,302000,827000,3220000
2505160,Massachusetts,3,3,Gateway,775,19543000,3835000,2489000,766000,162000,417000,1068000
2505220,Massachusetts,3,3,Georgetown,1270,24210000,4737000,3166000,741000,398000,432000,1266000
2505270,Massachusetts,3,3,Gill-Montague,863,24311000,4409000,3156000,666000,372000,215000,1171000
2505280,Massachusetts,3,3,Gloucester,2805,67679000,12861000,10355000,1888000,305000,312000,5659000
2505370,Massachusetts,3,3,Grafton,3080,53751000,14427000,10281000,1810000,621000,1714000,4522000
2505400,Massachusetts,3,3,Granby,718,13799000,3388000,2266000,657000,163000,301000,780000
2505490,Massachusetts,3,3,Greenfield,1446,33803000,7650000,4685000,1386000,477000,1103000,1455000
2505500,Massachusetts,3,3,Groton-Dunstable,2351,51038000,10559000,6603000,2042000,1444000,470000,2784000
2505580,Massachusetts,3,3,Hadley,494,10813000,1894000,1275000,161000,251000,207000,503000
2505610,Massachusetts,1,3,Halifax,561,9066000,2812000,1574000,256000,60000,922000,650000
2505670,Massachusetts,3,3,Hamilton-Wenham,1653,39620000,9242000,6702000,1205000,548000,787000,3154000
2505730,Massachusetts,3,3,Hampden-Wilbraham,2859,56346000,10549000,6429000,2378000,597000,1145000,2631000
2505740,Massachusetts,2,3,Hampshire,662,14824000,2934000,2427000,216000,51000,239000,811000
2505760,Massachusetts,1,3,Hancock,59,1205000,557000,469000,67000,21000,0,65000
2505790,Massachusetts,3,3,Hanover,2579,49377000,11525000,9400000,828000,619000,678000,5151000
2505880,Massachusetts,3,3,Harvard,1020,24443000,4538000,3248000,604000,387000,299000,956000
2505940,Massachusetts,3,3,Hatfield,345,8204000,1312000,764000,307000,111000,130000,535000
2505970,Massachusetts,3,3,Haverhill,7775,160285000,38232000,25658000,7078000,2700000,2795000,12059000
2506000,Massachusetts,1,3,Hawlemont,91,2959000,444000,255000,141000,20000,28000,48000
2506090,Massachusetts,3,3,Hingham,3797,85333000,14350000,10473000,1907000,820000,1151000,5242000
2506150,Massachusetts,3,3,Holbrook,1310,24046000,5518000,3461000,778000,318000,962000,2008000
2506210,Massachusetts,1,3,Holland,231,3883000,558000,289000,169000,0,99000,176000
2506240,Massachusetts,3,3,Holliston,2776,49151000,13428000,8967000,2331000,877000,1253000,3418000
2506270,Massachusetts,3,3,Holyoke,4943,135007000,32490000,20673000,3604000,2268000,5945000,7265000
2506300,Massachusetts,3,3,Hopedale,1092,20670000,4392000,3016000,842000,247000,287000,1353000
2506330,Massachusetts,3,3,Hopkinton,4163,74686000,13331000,10043000,1814000,393000,1082000,5174000
2506390,Massachusetts,3,3,Hudson,2323,57376000,13398000,7135000,4172000,721000,1370000,3353000
2506420,Massachusetts,3,3,Hull,775,24086000,4165000,2407000,1141000,272000,346000,1391000
2506480,Massachusetts,3,3,Ipswich,1603,39324000,7490000,4449000,1770000,683000,588000,2315000
2506510,Massachusetts,2,3,King Philip,1812,40290000,12546000,8967000,1342000,1238000,999000,2517000
2506540,Massachusetts,1,3,Kingston,1213,16594000,4148000,2064000,868000,111000,1105000,674000
2506660,Massachusetts,3,3,Lawrence,12867,298619000,42014000,30254000,3694000,1145000,6921000,11620000
2506690,Massachusetts,3,3,Lee,666,16092000,2239000,1456000,405000,149000,228000,769000
2506720,Massachusetts,3,3,Leicester,1354,24096000,6177000,3979000,1025000,375000,797000,1138000
2506750,Massachusetts,3,3,Lenox,770,18862000,2135000,1493000,447000,166000,29000,772000
2506780,Massachusetts,3,3,Leominster,6000,106515000,23909000,17697000,2179000,1162000,2872000,7632000
2506810,Massachusetts,1,3,Leverett,141,3258000,520000,348000,123000,39000,10000,243000
2506840,Massachusetts,3,3,Lexington,6845,178005000,40392000,27898000,7547000,2732000,2215000,11091000
2506900,Massachusetts,1,3,Lincoln,1007,32784000,2558000,1594000,615000,283000,66000,1187000
2506930,Massachusetts,2,3,Lincoln-Sudbury,1484,37431000,9397000,7324000,804000,398000,871000,1764000
2506960,Massachusetts,3,3,Littleton,1690,32507000,6140000,3763000,1265000,334000,778000,1905000
2506990,Massachusetts,3,3,Longmeadow,2778,52675000,9728000,7122000,1734000,379000,493000,3380000
2507020,Massachusetts,3,3,Lowell,14130,317083000,48364000,31000000,6906000,2282000,8177000,18509000
2507050,Massachusetts,3,3,Ludlow,2271,51029000,10696000,6616000,1980000,994000,1106000,3714000
2507080,Massachusetts,3,3,Lunenburg,1562,29217000,5299000,3731000,925000,323000,320000,1952000
2507110,Massachusetts,3,3,Lynn,15433,368833000,54295000,37386000,5517000,4383000,7008000,20031000
2507140,Massachusetts,3,3,Lynnfield,2195,43688000,9028000,6326000,1715000,530000,458000,3235000
2507170,Massachusetts,3,3,Malden,6308,125737000,28690000,18863000,4902000,1582000,3343000,9472000
2507230,Massachusetts,3,3,Mansfield,3431,78053000,16129000,10858000,3079000,1029000,1163000,6191000
2507260,Massachusetts,3,3,Marblehead,2622,61204000,14496000,9765000,2629000,892000,1210000,5145000
2507290,Massachusetts,1,3,Marion,403,9025000,1730000,1139000,324000,69000,197000,611000
2507320,Massachusetts,3,3,Marlborough,4765,96736000,23822000,14930000,4001000,3003000,1889000,6456000
2507350,Massachusetts,3,3,Marshfield,3763,72863000,12919000,8120000,2328000,1262000,1209000,4792000
2507380,Massachusetts,2,3,Martha's Vineyard,757,28152000,4582000,3728000,351000,244000,259000,1186000
2507410,Massachusetts,2,3,Masconomet,1549,39600000,8626000,6582000,814000,286000,943000,2238000
2507440,Massachusetts,3,3,Mashpee,1443,39396000,5142000,3147000,1110000,259000,626000,1758000
2507470,Massachusetts,1,3,Mattapoisett,429,10717000,2093000,1400000,414000,76000,203000,842000
2507500,Massachusetts,3,3,Maynard,1194,31635000,7308000,4874000,1193000,543000,698000,2095000
2507530,Massachusetts,3,3,Medfield,2513,52638000,7422000,4774000,1513000,630000,506000,2419000
2507560,Massachusetts,3,3,Medford,4166,102242000,19981000,13733000,3715000,1249000,1284000,7451000
2507590,Massachusetts,3,3,Medway,2108,44717000,7223000,4212000,1372000,664000,975000,1922000
2507620,Massachusetts,3,3,Melrose,3849,65548000,16000000,10041000,2918000,917000,2124000,4339000
2507680,Massachusetts,3,3,Mendon-Upton,2105,44726000,8260000,5729000,775000,617000,1140000,2605000
2507740,Massachusetts,3,3,Methuen,6440,118120000,30647000,20881000,3740000,1582000,4443000,7050000
2507770,Massachusetts,3,3,Middleborough,3036,61857000,10952000,7982000,1028000,650000,1291000,4150000
2507830,Massachusetts,1,3,Middleton,721,16789000,3208000,1927000,951000,205000,126000,1243000
2507860,Massachusetts,3,3,Milford,4483,89248000,16524000,11478000,2439000,1020000,1587000,6769000
2507890,Massachusetts,3,3,Millbury,1619,34599000,7154000,5003000,1186000,232000,733000,1722000
2507920,Massachusetts,3,3,Millis,1206,26312000,4942000,3463000,774000,255000,449000,1572000
2507980,Massachusetts,3,3,Milton,4321,86060000,16887000,10860000,1694000,2510000,1823000,5304000
2507990,Massachusetts,3,3,Mohawk Trail,788,23330000,5259000,3530000,933000,285000,511000,740000
2508040,Massachusetts,3,3,Monson,821,18710000,3841000,2387000,604000,228000,621000,1119000
2508160,Massachusetts,3,3,Mount Greylock,1198,27588000,3810000,2425000,794000,356000,235000,1042000
2508220,Massachusetts,1,3,Nahant,155,3409000,638000,391000,180000,0,68000,63000
2508250,Massachusetts,3,3,Nantucket,1718,48657000,7958000,5706000,1568000,330000,354000,2975000
2508280,Massachusetts,3,3,Narragansett,1471,24540000,4494000,2626000,1163000,135000,570000,995000
2508310,Massachusetts,3,3,Nashoba,3051,66000000,12614000,8152000,3041000,488000,933000,3500000
2508340,Massachusetts,3,3,Natick,5346,113353000,21838000,15565000,4316000,395000,1562000,7476000
2508370,Massachusetts,3,3,Needham,5525,133642000,24927000,17575000,3370000,2014000,1967000,8090000
2508430,Massachusetts,3,3,New Bedford,12522,288284000,60937000,31474000,17568000,1012000,10884000,18425000
2508530,Massachusetts,1,3,New Salem-Wendell,131,3503000,497000,321000,143000,33000,0,200000
2508580,Massachusetts,3,3,Newburyport,2155,51571000,12210000,8955000,2034000,292000,929000,5221000
2508610,Massachusetts,3,3,Newton,11882,323504000,75114000,55278000,10896000,5052000,3889000,24357000
2508640,Massachusetts,1,3,Norfolk,1016,20206000,4291000,3046000,815000,298000,132000,1705000
2508650,Massachusetts,2,3,Norfolk County Agricultural,580,17049000,793000,463000,308000,22000,0,463000
2508670,Massachusetts,3,3,North Adams,1208,29380000,4744000,3654000,656000,265000,168000,1669000
2508700,Massachusetts,3,3,North Andover,4450,85182000,19046000,13575000,2452000,1001000,2018000,5747000
2508730,Massachusetts,3,3,North Attleborough,3916,69212000,14807000,11228000,1892000,369000,1317000,6070000
2508760,Massachusetts,3,3,North Brookfield,438,9626000,1896000,1741000,2000,153000,0,495000
2508790,Massachusetts,3,3,North Middlesex,3017,60788000,13812000,9246000,2034000,490000,2041000,4716000
2508820,Massachusetts,3,3,North Reading,2354,50720000,10749000,7805000,1709000,623000,612000,4081000
2508850,Massachusetts,3,3,Northampton,2573,55868000,10121000,6870000,1886000,523000,842000,4612000
2508880,Massachusetts,1,3,Northborough,1577,35847000,9919000,6849000,1968000,287000,816000,2780000
2508910,Massachusetts,2,3,Northboro-Southboro,1213,29714000,4260000,2959000,874000,227000,201000,1318000
2508940,Massachusetts,3,3,Northbridge,1947,37545000,8559000,5454000,1234000,595000,1277000,2587000
2509000,Massachusetts,3,3,Norton,2366,46684000,11813000,8122000,2168000,350000,1172000,4690000
2509030,Massachusetts,3,3,Norwell,2153,42960000,6758000,5012000,923000,274000,549000,2029000
2509060,Massachusetts,3,3,Norwood,3486,79524000,19770000,14297000,2768000,733000,1972000,4808000
2509090,Massachusetts,1,3,Edgartown,404,13474000,3171000,2748000,202000,106000,116000,1131000
2509150,Massachusetts,2,3,Old Rochester,1051,24177000,2684000,2011000,388000,192000,92000,1452000
2509180,Massachusetts,1,3,Orange,524,9362000,2869000,1825000,521000,143000,379000,710000
2509210,Massachusetts,1,3,Orleans,145,6467000,976000,653000,252000,17000,54000,320000
2509270,Massachusetts,3,3,Oxford,1437,28688000,5997000,3992000,725000,578000,702000,1709000
2509300,Massachusetts,3,3,Palmer,1134,26027000,5825000,4569000,283000,271000,702000,1820000
2509360,Massachusetts,3,3,Peabody,5875,113477000,26599000,18389000,2494000,1494000,4223000,8885000
2509390,Massachusetts,1,3,Pelham,131,2840000,371000,306000,49000,14000,1000,122000
2509420,Massachusetts,3,3,Pembroke,2495,48841000,7794000,5160000,1004000,423000,1208000,2234000
2509450,Massachusetts,3,3,Pentucket,2229,43947000,10390000,7653000,1135000,347000,1256000,3582000
2509540,Massachusetts,1,3,Petersham,126,2304000,438000,218000,138000,40000,43000,90000
2509600,Massachusetts,3,3,Pioneer Valley,660,16387000,2660000,1579000,647000,171000,263000,629000
2509630,Massachusetts,3,3,Pittsfield,4909,123652000,20358000,14309000,2865000,1535000,1648000,5323000
2509690,Massachusetts,1,3,Plainville,648,12948000,2587000,1602000,672000,182000,131000,1106000
2509720,Massachusetts,3,3,Plymouth,7119,166599000,27180000,18068000,4077000,1327000,3708000,9417000
2509780,Massachusetts,1,3,Plympton,237,4397000,790000,359000,294000,25000,112000,258000
2509840,Massachusetts,1,3,Provincetown,142,7946000,1065000,788000,249000,4000,24000,276000
2509870,Massachusetts,3,3,Quincy,9649,196540000,33581000,25232000,2866000,939000,4544000,9383000
2509900,Massachusetts,2,3,Ralph C Mahar,523,14793000,2417000,1599000,332000,174000,312000,882000
2509930,Massachusetts,3,3,Randolph,2563,69226000,13252000,8716000,1658000,813000,2064000,5757000
2509990,Massachusetts,3,3,Reading,3847,77470000,16019000,10974000,2392000,1445000,1208000,5680000
2510050,Massachusetts,3,3,Revere,7298,150000000,26212000,16869000,1363000,1761000,6219000,8926000
2510080,Massachusetts,1,3,Richmond,154,4241000,362000,233000,0,73000,56000,206000
2510140,Massachusetts,1,3,Rochester,492,8979000,1843000,1248000,397000,73000,125000,878000
2510170,Massachusetts,3,3,Rockland,2163,48262000,7740000,5432000,1402000,369000,537000,2942000
2510200,Massachusetts,3,3,Rockport,730,21169000,4989000,3646000,490000,311000,542000,1783000
2510230,Massachusetts,1,3,Rowe,66,2201000,175000,101000,45000,29000,0,76000
2510380,Massachusetts,3,3,Salem,3709,99181000,21204000,11881000,5633000,2054000,1637000,6040000
2510470,Massachusetts,3,3,Sandwich,2142,57119000,9338000,6193000,1819000,578000,748000,2602000
2510500,Massachusetts,3,3,Saugus,2462,50482000,9703000,6384000,1635000,337000,1348000,2983000
2510560,Massachusetts,3,3,Scituate,2759,58639000,15579000,13456000,1101000,340000,682000,8257000
2510590,Massachusetts,3,3,Seekonk,2062,41178000,8060000,5098000,1679000,309000,974000,3280000
2510620,Massachusetts,3,3,Sharon,3542,76515000,16182000,11070000,2454000,1050000,1608000,4275000
2510710,Massachusetts,1,3,Sherborn,401,9796000,2425000,1701000,361000,198000,164000,817000
2510770,Massachusetts,3,3,Shrewsbury,5892,111170000,26784000,19297000,3409000,1153000,2924000,6917000
2510800,Massachusetts,1,3,Shutesbury,124,3323000,535000,418000,86000,30000,1000,218000
2510830,Massachusetts,2,3,Silver Lake,1574,37839000,1861000,1151000,141000,325000,244000,1142000
2510860,Massachusetts,1,3,Somerset,1615,33279000,6166000,5172000,244000,190000,560000,3542000
2510890,Massachusetts,3,3,Somerville,4815,142743000,24707000,14957000,4599000,2459000,2691000,6860000
2510920,Massachusetts,3,3,South Hadley,1678,32961000,9897000,6450000,1989000,239000,1220000,2687000
2510950,Massachusetts,1,3,Southampton,477,7451000,1569000,1361000,83000,69000,56000,626000
2510980,Massachusetts,1,3,Southborough,1270,30434000,7848000,5579000,1424000,340000,506000,1966000
2511010,Massachusetts,3,3,Southbridge,1809,46345000,10389000,6305000,1110000,995000,1979000,2523000
2511040,Massachusetts,3,3,Southern Berkshire,614,21233000,3187000,2230000,282000,211000,465000,1410000
2511130,Massachusetts,3,3,Springfield,23721,638090000,113379000,80075000,13146000,1816000,18343000,45029000
2511220,Massachusetts,3,3,Stoneham,2280,48889000,12385000,9444000,1324000,548000,1069000,3644000
2511250,Massachusetts,3,3,Stoughton,3578,73253000,14648000,9024000,1950000,1073000,2601000,4296000
2511310,Massachusetts,1,3,Sturbridge,877,16858000,3955000,2404000,864000,0,687000,750000
2511340,Massachusetts,1,3,Sudbury,2535,58904000,13635000,9760000,1951000,1209000,716000,5211000
2511370,Massachusetts,1,3,Sunderland,177,5117000,662000,324000,239000,21000,77000,185000
2511400,Massachusetts,3,3,Sutton,1295,25155000,6135000,4487000,905000,386000,357000,1599000
2511430,Massachusetts,3,3,Swampscott,2036,45078000,10921000,8369000,1666000,372000,513000,3727000
2511460,Massachusetts,3,3,Swansea,1988,36271000,4124000,2325000,1150000,318000,332000,1796000
2511490,Massachusetts,2,3,Tantasqua,1752,32661000,2723000,2066000,483000,174000,0,1564000
2511520,Massachusetts,3,3,Taunton,7905,147154000,29805000,19073000,4110000,439000,6184000,10137000
2511580,Massachusetts,3,3,Tewksbury,3201,70463000,17048000,11555000,2565000,893000,2036000,3242000
2511670,Massachusetts,1,3,Topsfield,628,13323000,3015000,1997000,819000,104000,96000,1380000
2511730,Massachusetts,1,3,Truro,99,5953000,1537000,984000,273000,154000,126000,228000
2511740,Massachusetts,3,3,Triton,2231,54615000,11394000,8738000,740000,364000,1553000,4505000
2511760,Massachusetts,3,3,Tyngsborough,1566,31383000,6033000,3956000,935000,561000,580000,1750000
2511850,Massachusetts,3,3,Uxbridge,1644,34189000,8010000,4553000,1807000,437000,1213000,1733000
2511880,Massachusetts,3,3,Wachusett,6739,122324000,29443000,21457000,3867000,451000,3669000,5762000
2511910,Massachusetts,3,3,Wakefield,3305,72632000,13817000,10351000,1855000,688000,923000,5558000
2511940,Massachusetts,1,3,Wales,96,2532000,593000,231000,176000,6000,180000,49000
2511970,Massachusetts,3,3,Walpole,3649,75526000,14320000,8755000,3030000,1457000,1077000,4531000
2512000,Massachusetts,3,3,Waltham,5643,153867000,24518000,15718000,4441000,1848000,2511000,7245000
2512030,Massachusetts,3,3,Ware,1124,23748000,5940000,4346000,509000,155000,930000,1669000
2512060,Massachusetts,3,3,Wareham,2015,49315000,10478000,6835000,1469000,443000,1731000,3430000
2512100,Massachusetts,3,3,Quaboag Regional,1181,22414000,3630000,2393000,777000,311000,150000,976000
2512180,Massachusetts,3,3,Watertown,2662,74931000,18970000,13975000,2852000,838000,1304000,5324000
2512210,Massachusetts,3,3,Wayland,2754,66020000,11425000,8820000,1188000,513000,904000,5099000
2512240,Massachusetts,3,3,Webster,1692,37255000,7888000,4008000,2252000,612000,1016000,2280000
2512270,Massachusetts,3,3,Wellesley,4158,121480000,26386000,17100000,5599000,2186000,1501000,6972000
2512300,Massachusetts,1,3,Wellfleet,98,3939000,513000,320000,138000,11000,44000,66000
2512390,Massachusetts,3,3,West Boylston,864,18700000,4634000,3476000,222000,186000,750000,1831000
2512420,Massachusetts,3,3,West Bridgewater,1403,22347000,4228000,2656000,887000,187000,499000,986000
2512510,Massachusetts,3,3,West Springfield,3868,76074000,14415000,8368000,3194000,1084000,1770000,3951000
2512570,Massachusetts,1,3,Tisbury,272,11779000,1809000,1516000,126000,79000,87000,671000
2512600,Massachusetts,3,3,Westborough,3830,85046000,19918000,12601000,4770000,1157000,1390000,6069000
2512630,Massachusetts,3,3,Westfield,4836,92232000,19292000,13100000,3890000,527000,1775000,5059000
2512660,Massachusetts,3,3,Westford,4710,87687000,15914000,12062000,1879000,488000,1486000,5238000
2512690,Massachusetts,1,3,Westhampton,104,2815000,515000,429000,50000,11000,25000,139000
2512750,Massachusetts,3,3,Weston,2000,63934000,11347000,9252000,1282000,412000,401000,4026000
2512780,Massachusetts,3,3,Westport,1446,30506000,5960000,4262000,799000,276000,623000,1748000
2512810,Massachusetts,3,3,Westwood,2890,75134000,14078000,9113000,3159000,796000,1010000,4638000
2512840,Massachusetts,3,3,Weymouth,5599,108821000,26232000,15460000,7334000,751000,2688000,7077000
2512870,Massachusetts,1,3,Whately,128,3048000,334000,169000,149000,15000,2000,123000
2512930,Massachusetts,3,3,Whitman-Hanson,3539,65367000,9276000,6888000,704000,285000,1400000,4361000
2512990,Massachusetts,1,3,Williamsburg,127,3086000,556000,461000,73000,22000,0,271000
2513050,Massachusetts,3,3,Wilmington,2786,69318000,14766000,11301000,1969000,543000,952000,5742000
2513080,Massachusetts,3,3,Winchendon,1239,24065000,5059000,3295000,667000,392000,704000,1649000
2513110,Massachusetts,3,3,Winchester,4333,86204000,19856000,13384000,3800000,1246000,1425000,6622000
2513170,Massachusetts,3,3,Winthrop,1941,37570000,7045000,5205000,963000,181000,696000,2760000
2513200,Massachusetts,3,3,Woburn,4276,102689000,22142000,14156000,3984000,1390000,2612000,5731000
2513230,Massachusetts,3,3,Worcester,24318,548438000,78924000,47381000,15804000,1157000,14582000,29340000
2513260,Massachusetts,1,3,Worthington,76,1956000,253000,186000,63000,0,5000,65000
2513290,Massachusetts,1,3,Wrentham,951,18973000,2862000,1763000,729000,264000,107000,1056000
2513321,Massachusetts,1,3,Farmington River Reg,120,4729000,613000,222000,260000,111000,19000,146000
2800185,Mississippi,3,3,WEST BOLIVAR CONS SCHOOL DIST,938,14538000,1401000,1008000,227000,5000,16000,577000
2800186,Mississippi,3,3,NORTH BOLIVAR CONS SCHOOL DIST,780,11916000,1025000,560000,279000,12000,30000,332000
2800187,Mississippi,3,3,SUNFLOWER CTY CONS SCHOOL DISTRICT,2929,41482000,3959000,2803000,725000,139000,111000,1702000
2800189,Mississippi,3,3,STARKVILLE- OKTIBBEHA CONS DIST,4894,64142000,6229000,4955000,1085000,11000,0,2744000
2800191,Mississippi,3,3,WEST POINT CONSOLIDATED SCHOOL DIST,2609,35631000,3937000,2954000,487000,0,223000,1791000
2800195,Mississippi,3,3,HOLMES COUNTY CONSOLIDATED SD,2544,38302000,2296000,1365000,481000,59000,198000,144000
2800196,Mississippi,3,3,WINONA-MONTGOMERY CONSOLIDATED,1144,14987000,1670000,1275000,232000,5000,22000,745000
2800198,Mississippi,3,3,GREENWOOD-LEFLORE CONS SCH DISTRICT,4030,53363000,4744000,3770000,565000,59000,71000,2262000
2800200,Mississippi,3,3,CHICKASAW CO SCHOOL DIST,2214,24785000,2991000,2329000,477000,19000,52000,1557000
2800360,Mississippi,3,3,ABERDEEN SCHOOL DIST,998,15548000,1535000,1153000,229000,15000,29000,688000
2800390,Mississippi,3,3,ALCORN SCHOOL DIST,3188,35960000,4183000,3359000,608000,90000,6000,2131000
2800420,Mississippi,3,3,AMITE COUNTY SCHOOL DISTRICT,853,14791000,1756000,1380000,243000,0,0,895000
2800450,Mississippi,3,3,AMORY SCHOOL DIST,1518,17650000,1819000,1456000,259000,47000,5000,913000
2800510,Mississippi,3,3,ATTALA CO SCHOOL DIST,1004,15980000,1515000,1024000,318000,9000,0,717000
2800540,Mississippi,3,3,BALDWYN SCHOOL DISTRICT,756,10555000,843000,526000,166000,5000,14000,356000
2800570,Mississippi,3,3,BAY ST LOUIS WAVELAND SCHOOL DIST,1672,27250000,2875000,2299000,344000,92000,0,1311000
2800600,Mississippi,3,3,BENTON CO SCHOOL DIST,961,13319000,1553000,1182000,219000,19000,0,729000
2800630,Mississippi,3,3,BILOXI PUBLIC SCHOOL DIST,5812,76754000,6640000,4752000,1528000,2000,0,2779000
2800750,Mississippi,3,3,CLEVELAND SCHOOL DIST,2818,35999000,3684000,2839000,681000,5000,66000,1507000
2800820,Mississippi,3,3,BOONEVILLE SCHOOL DIST,1321,13642000,1395000,994000,295000,0,13000,615000
2800840,Mississippi,3,3,BROOKHAVEN SCHOOL DIST,2586,31898000,3072000,1942000,684000,139000,56000,1209000
2800870,Mississippi,3,3,CALHOUN CO SCHOOL DIST,2080,27414000,2758000,2055000,469000,100000,8000,1167000
2800900,Mississippi,3,3,CANTON PUBLIC SCHOOL DIST,3166,39224000,3015000,2251000,438000,141000,23000,1377000
2800930,Mississippi,3,3,CARROLL COUNTY SCHOOL DIST,805,10382000,1166000,767000,145000,24000,0,556000
2800990,Mississippi,3,3,CHOCTAW CO SCHOOL DIST,1230,19827000,2267000,1828000,261000,71000,0,1161000
2801020,Mississippi,3,3,CLAIBORNE CO SCHOOL DIST,1188,17728000,1422000,1048000,144000,122000,21000,641000
2801050,Mississippi,3,3,CLARKSDALE MUNICIPAL SCHOOL DIST,2118,31290000,2000000,1658000,123000,79000,10000,958000
2801090,Mississippi,3,3,CLINTON PUBLIC SCHOOL DIST,5211,50450000,4934000,3784000,853000,11000,124000,2112000
2801110,Mississippi,3,3,COAHOMA COUNTY SCHOOL DISTRICT,988,16124000,1316000,829000,294000,1000,20000,484000
2801140,Mississippi,3,3,COFFEEVILLE SCHOOL DIST,417,6538000,608000,388000,116000,6000,5000,239000
2801170,Mississippi,3,3,COLUMBIA SCHOOL DISTRICT,1646,20449000,2511000,1802000,455000,126000,0,1102000
2801189,Mississippi,3,3,MS SCHLS FOR THE DEAF AND THE BLIND,122,10588000,58000,58000,0,0,0,126000
2801200,Mississippi,3,3,COLUMBUS MUNICIPAL SCHOOL DIST,3090,43088000,4467000,3384000,716000,261000,0,2007000
2801220,Mississippi,3,3,COPIAH CO SCHOOL DIST,2205,23771000,2159000,1403000,515000,104000,0,886000
2801260,Mississippi,3,3,CORINTH SCHOOL DIST,2490,25738000,2841000,2317000,388000,1000,3000,1358000
2801290,Mississippi,3,3,COVINGTON COUNTY SCHOOL DISTRICT,2609,33333000,4768000,3471000,904000,102000,70000,2138000
2801320,Mississippi,3,3,DESOTO CO SCHOOL DIST,35003,333393000,46253000,36440000,8400000,172000,55000,22101000
2801380,Mississippi,3,3,EAST JASPER CONSOLIDATED SCH DIST,755,12790000,884000,656000,159000,2000,68000,457000
2801410,Mississippi,3,3,EAST TALLAHATCHIE CONSOL SCH DIST,853,11878000,945000,672000,159000,2000,13000,372000
2801440,Mississippi,3,3,ENTERPRISE SCHOOL DIST,955,10708000,1185000,903000,180000,2000,28000,607000
2801470,Mississippi,3,3,FOREST MUNICIPAL SCHOOL DIST,1645,20020000,1668000,1389000,157000,15000,0,865000
2801490,Mississippi,3,3,FORREST COUNTY SCHOOL DISTRICT,2129,30948000,3770000,2962000,509000,140000,0,1715000
2801510,Mississippi,2,3,FORREST COUNTY AG HIGH SCHOOL,611,7441000,661000,586000,30000,1000,0,336000
2801530,Mississippi,3,3,FRANKLIN CO SCHOOL DIST,1211,15803000,2163000,1603000,354000,8000,51000,1003000
2801560,Mississippi,3,3,GEORGE CO SCHOOL DIST,4165,41712000,4758000,3541000,786000,29000,149000,2134000
2801590,Mississippi,3,3,GREENE COUNTY SCHOOL DISTRICT,1640,21021000,2165000,1752000,225000,4000,2000,1165000
2801620,Mississippi,3,3,GREENVILLE PUBLIC SCHOOLS,3542,44671000,4102000,2974000,799000,128000,0,1219000
2801680,Mississippi,3,3,GRENADA SCHOOL DIST,3864,45077000,6373000,4728000,1052000,139000,324000,3122000
2801710,Mississippi,3,3,GULFPORT SCHOOL DIST,6113,72038000,7025000,5215000,1370000,153000,41000,3156000
2801740,Mississippi,3,3,HANCOCK CO SCHOOL DIST,4060,48344000,5031000,3778000,954000,13000,0,2563000
2801770,Mississippi,3,3,HARRISON CO SCHOOL DIST,14355,162282000,16549000,13060000,2757000,324000,0,8464000
2801800,Mississippi,3,3,HATTIESBURG PUBLIC SCHOOL DIST,3667,52125000,5332000,3831000,809000,272000,285000,2300000
2801830,Mississippi,3,3,HAZLEHURST CITY SCHOOL DISTRICT,1368,17304000,1270000,984000,164000,5000,29000,631000
2801860,Mississippi,3,3,HINDS CO SCHOOL DIST,4968,56746000,4785000,3331000,1041000,192000,11000,2090000
2801890,Mississippi,3,3,HOLLANDALE SCHOOL DIST,548,10427000,685000,489000,83000,12000,1000,306000
2801950,Mississippi,3,3,HOLLY SPRINGS SCHOOL DIST,1025,15332000,1670000,1199000,310000,0,3000,812000
2802040,Mississippi,3,3,HUMPHREYS CO SCHOOL DIST,1207,18180000,1610000,1249000,129000,91000,28000,659000
2802100,Mississippi,3,3,ITAWAMBA COUNTY SCHOOL DIST,3375,37744000,4971000,3887000,849000,16000,74000,2346000
2802160,Mississippi,3,3,JACKSON CO SCHOOL DIST,8906,97069000,9314000,7130000,1799000,118000,0,4689000
2802190,Mississippi,3,3,JACKSON PUBLIC SCHOOL DISTRICT,18710,256576000,22133000,15933000,4551000,41000,488000,9470000
2802220,Mississippi,3,3,JEFFERSON CO SCHOOL DIST,1063,16010000,1695000,1218000,325000,16000,0,714000
2802250,Mississippi,3,3,JEFFERSON DAVIS CO SCHOOL DIST,1235,19448000,1595000,1306000,107000,52000,25000,784000
2802280,Mississippi,3,3,JONES CO SCHOOL DIST,8524,85002000,10398000,8225000,1682000,48000,186000,5251000
2802310,Mississippi,3,3,KEMPER CO SCHOOL DIST,884,17862000,1621000,1150000,267000,6000,52000,632000
2802340,Mississippi,3,3,KOSCIUSKO SCHOOL DISTRICT,2123,28014000,3007000,2154000,654000,54000,0,1542000
2802370,Mississippi,3,3,LAFAYETTE CO SCHOOL DIST,2872,31979000,3214000,2309000,653000,72000,41000,1364000
2802400,Mississippi,3,3,LAMAR COUNTY SCHOOL DISTRICT,10276,114966000,14526000,12052000,2203000,236000,1000,6577000
2802430,Mississippi,3,3,LAUDERDALE CO SCHOOL DIST,5910,65238000,7006000,5427000,1361000,4000,4000,3277000
2802460,Mississippi,3,3,LAUREL SCHOOL DISTRICT,2712,33127000,3050000,2178000,511000,174000,0,1294000
2802490,Mississippi,3,3,LAWRENCE CO SCHOOL DIST,1696,21680000,2162000,1530000,374000,5000,31000,996000
2802520,Mississippi,3,3,LEAKE CO SCHOOL DIST,2532,29842000,3159000,2270000,588000,5000,67000,1469000
2802550,Mississippi,3,3,LEE COUNTY SCHOOL DISTRICT,6303,71750000,7030000,5577000,1061000,2000,97000,3499000
2802610,Mississippi,3,3,LELAND SCHOOL DIST,700,12463000,908000,696000,71000,1000,0,435000
2802640,Mississippi,3,3,LINCOLN COUNTY SCHOOL DISTRICT,2795,27795000,2995000,2157000,515000,147000,22000,1341000
2802670,Mississippi,3,3,LONG BEACH SCHOOL DIST,2929,32244000,3524000,2684000,600000,0,53000,1664000
2802700,Mississippi,3,3,LOUISVILLE MUNICIPAL SCHOOL DIST,2523,31576000,2636000,1925000,401000,20000,104000,1207000
2802730,Mississippi,3,3,LOWNDES CO SCHOOL DIST,5261,58184000,6023000,4928000,922000,10000,0,3214000
2802790,Mississippi,3,3,MADISON CO SCHOOL DIST,13162,161213000,16323000,12525000,2934000,10000,0,6728000
2802820,Mississippi,3,3,MARION CO SCHOOL DIST,1904,25172000,2174000,1478000,420000,15000,35000,898000
2802850,Mississippi,3,3,MARSHALL CO SCHOOL DIST,2777,31213000,2921000,2350000,393000,20000,22000,1481000
2802880,Mississippi,3,3,MCCOMB SCHOOL DISTRICT,2140,32674000,2558000,1803000,513000,14000,47000,1192000
2802910,Mississippi,3,3,MERIDIAN PUBLIC SCHOOLS,4614,66019000,6392000,4925000,711000,358000,138000,2533000
2802940,Mississippi,3,3,MONROE CO SCHOOL DIST,2119,22989000,3110000,2367000,566000,18000,18000,1563000
2803000,Mississippi,3,3,MOSS POINT SEPARATE SCHOOL DIST,1569,27993000,2189000,1586000,375000,74000,0,985000
2803030,Mississippi,3,3,NATCHEZ-ADAMS SCHOOL DISTRICT,2842,42230000,4087000,3265000,479000,9000,0,1626000
2803060,Mississippi,3,3,NESHOBA COUNTY SCHOOL DISTRICT,3038,30636000,3429000,2662000,583000,20000,2000,31000
2803090,Mississippi,3,3,NETTLETON SCHOOL DIST,1112,12220000,1343000,1020000,240000,0,0,645000
2803120,Mississippi,3,3,NEW ALBANY PUBLIC SCHOOLS,2114,24279000,2585000,1841000,409000,45000,93000,1058000
2803150,Mississippi,3,3,NEWTON COUNTY SCHOOL DISTRICT,1688,20066000,1852000,1403000,317000,28000,3000,948000
2803180,Mississippi,3,3,NEWTON MUNICIPAL SCHOOL DISTRICT,816,11260000,1282000,977000,163000,9000,21000,632000
2803210,Mississippi,3,3,NORTH PANOLA SCHOOL DISTRICT,1219,16015000,1677000,1396000,126000,27000,0,872000
2803240,Mississippi,3,3,NORTH PIKE SCHOOL DIST,2245,25230000,2611000,1898000,518000,0,38000,1251000
2803270,Mississippi,3,3,NORTH TIPPAH SCHOOL DIST,1286,14290000,1552000,1250000,135000,34000,22000,871000
2803300,Mississippi,3,3,NOXUBEE COUNTY SCHOOL DISTRICT,1397,18524000,1866000,1469000,105000,94000,32000,946000
2803360,Mississippi,3,3,OCEAN SPRINGS SCHOOL DIST,5861,62251000,7668000,6198000,1038000,112000,180000,3420000
2803390,Mississippi,3,3,OKOLONA SEPARATE SCHOOL DIST,511,7807000,814000,617000,48000,30000,23000,409000
2803450,Mississippi,3,3,OXFORD SCHOOL DISTRICT,4766,59349000,5246000,3920000,946000,107000,28000,1942000
2803480,Mississippi,3,3,PASCAGOULA-GAUTIER SCHOOL DISTRICT,6565,103534000,10890000,7820000,2066000,118000,542000,4636000
2803510,Mississippi,3,3,PASS CHRISTIAN PUBLIC SCHOOL DIST,1944,27497000,2811000,2100000,414000,105000,120000,1165000
2803520,Mississippi,3,3,PEARL PUBLIC SCHOOL DISTRICT,4216,45665000,4778000,3785000,740000,21000,26000,2293000
2803530,Mississippi,3,3,PETAL SCHOOL DIST,4392,49447000,6071000,4597000,1173000,84000,0,2919000
2803540,Mississippi,3,3,PEARL RIVER CO SCHOOL DIST,3284,32942000,4073000,3214000,501000,1000,46000,1852000
2803570,Mississippi,3,3,PERRY CO SCHOOL DIST,933,14284000,1329000,796000,298000,80000,0,537000
2803600,Mississippi,3,3,PHILADELPHIA PUBLIC SCHOOL DIST,829,11495000,1305000,1008000,178000,39000,0,755000
2803630,Mississippi,3,3,PICAYUNE SCHOOL DISTRICT,3431,44201000,4373000,3368000,470000,56000,286000,1839000
2803660,Mississippi,3,3,PONTOTOC CO SCHOOL DIST,3466,35875000,4524000,3604000,662000,69000,56000,2299000
2803690,Mississippi,3,3,PONTOTOC CITY SCHOOLS,2302,25096000,3094000,2192000,679000,105000,12000,1343000
2803720,Mississippi,3,3,POPLARVILLE SEPARATE SCHOOL DIST,1909,20386000,2206000,1636000,418000,8000,36000,1062000
2803750,Mississippi,3,3,PRENTISS CO SCHOOL DIST,2278,26353000,3874000,2968000,714000,13000,54000,1900000
2803780,Mississippi,3,3,QUITMAN SCHOOL DIST,1593,20760000,1964000,1569000,194000,72000,28000,959000
2803810,Mississippi,3,3,QUITMAN CO SCHOOL DIST,852,12649000,1133000,947000,12000,6000,12000,623000
2803830,Mississippi,3,3,RANKIN CO SCHOOL DIST,18720,211959000,19082000,13906000,4292000,543000,46000,8365000
2803870,Mississippi,3,3,RICHTON SCHOOL DIST,597,6707000,666000,512000,85000,4000,10000,296000
2803900,Mississippi,3,3,SCOTT CO SCHOOL DIST,3989,40896000,5088000,4107000,630000,10000,60000,2596000
2803930,Mississippi,3,3,SENATOBIA MUNICIPAL SCHOOL DIST,1666,20308000,2303000,1735000,388000,2000,49000,1121000
2803960,Mississippi,3,3,SOUTH DELTA SCHOOL DISTRICT,604,10210000,702000,496000,81000,19000,14000,278000
2803990,Mississippi,3,3,SIMPSON CO SCHOOL DIST,3008,36802000,3065000,3002000,31000,3000,6000,2041000
2804020,Mississippi,3,3,SMITH CO SCHOOL DIST,2443,25998000,2826000,2198000,410000,37000,29000,1378000
2804050,Mississippi,3,3,SOUTH PANOLA SCHOOL DISTRICT,4313,50378000,5012000,3944000,736000,63000,31000,2231000
2804080,Mississippi,3,3,SOUTH PIKE SCHOOL DIST,1557,19291000,1612000,1062000,430000,12000,0,660000
2804110,Mississippi,3,3,SOUTH TIPPAH SCHOOL DIST,2485,29228000,3745000,2891000,701000,8000,0,1916000
2804170,Mississippi,3,3,STONE CO SCHOOL DIST,2518,25520000,2551000,2050000,381000,13000,5000,1308000
2804230,Mississippi,3,3,TATE CO SCHOOL DIST,2014,22572000,1923000,1476000,251000,0,62000,968000
2804260,Mississippi,3,3,TISHOMINGO CO SP MUN SCH DIST,2897,34337000,3154000,2628000,399000,6000,17000,1533000
2804290,Mississippi,3,3,TUNICA COUNTY SCHOOL DISTRICT,1671,27865000,2227000,1766000,310000,3000,15000,1004000
2804320,Mississippi,3,3,TUPELO PUBLIC SCHOOL DIST,7132,93820000,8996000,7242000,1393000,4000,117000,4638000
2804350,Mississippi,3,3,UNION CO SCHOOL DIST,2980,30761000,2972000,2491000,295000,6000,77000,1568000
2804380,Mississippi,3,3,UNION PUBLIC SCHOOL DIST,927,10790000,1269000,1000000,204000,0,0,662000
2804440,Mississippi,3,3,WALTHALL CO SCHOOL DIST,1684,21481000,2078000,1514000,313000,96000,44000,906000
2804470,Mississippi,3,3,VICKSBURG WARREN SCHOOL DIST,6862,94165000,7854000,5042000,1118000,833000,343000,3018000
2804500,Mississippi,3,3,WATER VALLEY SCHOOL DISTRICT,1041,11354000,1004000,781000,127000,5000,0,422000
2804530,Mississippi,3,3,WAYNE CO SCHOOL DIST,2900,36487000,4454000,3047000,1002000,132000,111000,1617000
2804560,Mississippi,3,3,WEBSTER CO SCHOOL DIST,1739,19413000,2166000,1632000,414000,6000,9000,970000
2804590,Mississippi,3,3,WEST JASPER CONSOLIDATED SCHOOLS,1411,17191000,2056000,1498000,422000,7000,7000,1033000
2804650,Mississippi,3,3,WEST TALLAHATCHIE SCHOOL DISTRICT,513,9754000,812000,594000,95000,25000,0,393000
2804680,Mississippi,3,3,WESTERN LINE SCHOOL DISTRICT,1632,22773000,2061000,1420000,465000,75000,0,848000
2804710,Mississippi,3,3,WILKINSON CO SCHOOL DIST,891,12219000,1182000,765000,218000,20000,0,508000
2804770,Mississippi,3,3,YAZOO CITY MUNICIPAL SCHOOL DIST,2029,23750000,2319000,1659000,349000,126000,19000,870000
2804800,Mississippi,3,3,YAZOO CO SCHOOL DIST,1320,20845000,1815000,1141000,503000,6000,1000,620000
2900001,Missouri,3,3,MARIES CO. R-II,730,7863000,757000,642000,106000,0,9000,336000
2900002,Missouri,3,3,SOUTH HARRISON CO. R-II,808,11001000,1052000,766000,168000,2000,3000,334000
2900003,Missouri,3,3,PORTAGEVILLE,668,8518000,788000,614000,53000,3000,36000,317000
2900004,Missouri,3,3,NEW MADRID CO. R-I,1354,19773000,2242000,1373000,342000,3000,37000,531000
2901000,Missouri,3,3,COLUMBIA 93,18800,262003000,42217000,24244000,11170000,680000,4027000,10318000
2902850,Missouri,3,3,ADRIAN R-III,730,7512000,844000,552000,106000,0,97000,232000
2902880,Missouri,3,3,ADVANCE R-IV,420,4757000,312000,221000,76000,0,0,77000
2902970,Missouri,3,3,ALBANY R-III,451,5917000,544000,429000,44000,0,0,113000
2903000,Missouri,3,3,SANTA FE R-X,334,4996000,414000,254000,80000,0,0,78000
2903040,Missouri,1,3,ALTENBURG 48,110,1339000,116000,92000,24000,0,0,43000
2903060,Missouri,3,3,ALTON R-IV,619,7961000,843000,713000,120000,0,0,252000
2903120,Missouri,3,3,APPLETON CITY R-II,307,4565000,375000,341000,33000,1000,0,171000
2903150,Missouri,3,3,ARCADIA VALLEY R-II,1006,13347000,1777000,1236000,327000,0,34000,565000
2903200,Missouri,3,3,ARCHIE R-V,516,5827000,485000,443000,0,0,42000,195000
2903270,Missouri,3,3,ASH GROVE R-IV,732,8581000,991000,770000,101000,0,20000,408000
2903480,Missouri,3,3,ATLANTA C-3,203,2644000,151000,151000,0,0,0,40000
2904020,Missouri,3,3,AURORA R-VIII,1888,20340000,3061000,2058000,560000,0,83000,1128000
2904050,Missouri,3,3,AVA R-I,1385,13856000,1346000,780000,453000,0,25000,354000
2904080,Missouri,1,3,AVENUE CITY R-IX,227,2229000,211000,157000,53000,0,0,74000
2904110,Missouri,1,3,AVILLA R-XIII,124,1689000,40000,27000,11000,0,0,19000
2904140,Missouri,3,3,BAKERSFIELD R-IV,397,4955000,579000,438000,131000,8000,0,168000
2904170,Missouri,3,3,BALLARD R-II,104,1923000,92000,61000,31000,0,0,38000
2904500,Missouri,3,3,BAYLESS,1798,20177000,4000,4000,0,0,0,0
2904530,Missouri,3,3,BELL CITY R-II,199,3653000,195000,122000,68000,1000,0,89000
2904590,Missouri,1,3,BELLEVIEW R-III,93,1631000,108000,100000,8000,0,0,48000
2904620,Missouri,3,3,BELTON 124,4342,58918000,10680000,6133000,1505000,116000,1705000,3285000
2904890,Missouri,3,3,SCOTT CO. R-IV,923,9967000,1308000,960000,188000,1000,13000,398000
2904950,Missouri,3,3,BERNIE R-XIII,508,5884000,643000,494000,68000,0,16000,222000
2904980,Missouri,3,3,BEVIER C-4,214,2515000,220000,173000,45000,0,2000,64000
2905070,Missouri,3,3,BILLINGS R-IV,416,4543000,203000,203000,0,0,0,86000
2905130,Missouri,3,3,BISMARCK R-V,504,5955000,639000,395000,0,129000,44000,241000
2905190,Missouri,1,3,BLACKWATER R-II,78,1458000,160000,159000,1000,0,0,49000
2905250,Missouri,3,3,BLOOMFIELD R-XIV,616,6610000,591000,401000,99000,0,11000,186000
2905280,Missouri,3,3,BLUE EYE R-V,546,8528000,1004000,976000,0,0,2000,385000
2905310,Missouri,3,3,BLUE SPRINGS R-IV,14595,189005000,23960000,14480000,4118000,12000,3080000,7999000
2905370,Missouri,3,3,BOLIVAR R-I,2777,31462000,4060000,3000000,674000,1000,164000,1727000
2905400,Missouri,1,3,BONCL R-X,52,852000,102000,102000,0,0,0,43000
2905430,Missouri,3,3,NORTH ST. FRANCOIS CO. R-I,2757,29838000,3473000,2613000,317000,21000,111000,1590000
2905580,Missouri,3,3,BOONVILLE R-I,1584,19108000,2388000,1781000,188000,0,203000,786000
2905640,Missouri,3,3,CRAWFORD CO. R-I,860,9753000,1193000,831000,120000,0,93000,407000
2905660,Missouri,3,3,BOWLING GREEN R-I,1331,16482000,2316000,1837000,308000,0,9000,654000
2905700,Missouri,3,3,BRADLEYVILLE R-I,224,2964000,245000,210000,36000,0,0,75000
2905730,Missouri,3,3,DELTA C-7,159,2287000,121000,121000,0,0,0,0
2905760,Missouri,3,3,BRANSON R-IV,4560,51433000,8316000,5597000,1290000,0,700000,2601000
2905790,Missouri,3,3,ADAIR CO. R-II,140,3320000,219000,205000,8000,0,0,97000
2905820,Missouri,3,3,BRAYMER C-4,251,3975000,339000,231000,108000,0,0,96000
2905850,Missouri,3,3,BRECKENRIDGE R-I,59,1885000,125000,125000,0,0,0,0
2905910,Missouri,3,3,BRONAUGH R-VII,176,2413000,156000,85000,54000,0,16000,53000
2905940,Missouri,3,3,BROOKFIELD R-III,877,11151000,1059000,1026000,0,0,34000,528000
2906000,Missouri,3,3,LINN CO. R-I,190,2974000,317000,264000,48000,0,5000,70000
2906030,Missouri,3,3,BRUNSWICK R-II,269,3878000,439000,357000,59000,2000,21000,239000
2906090,Missouri,3,3,BUCKLIN R-II,114,2288000,239000,194000,45000,0,0,84000
2906120,Missouri,3,3,DALLAS CO. R-I,1782,21162000,2618000,2035000,298000,0,191000,857000
2906150,Missouri,3,3,COOPER CO. R-IV,92,2744000,147000,80000,51000,0,0,27000
2906170,Missouri,3,3,BUNKER R-III,232,3110000,195000,180000,15000,0,0,71000
2906360,Missouri,3,3,BUTLER R-V,997,10517000,1440000,916000,256000,0,65000,477000
2906430,Missouri,3,3,CABOOL R-IV,769,9675000,1362000,1045000,117000,3000,30000,534000
2906450,Missouri,3,3,CAINSVILLE R-I,96,1645000,349000,260000,16000,0,73000,74000
2906480,Missouri,3,3,CALHOUN R-VIII,85,1962000,93000,79000,14000,0,0,58000
2906510,Missouri,3,3,MONITEAU CO. R-I,1361,15150000,1458000,989000,199000,0,75000,459000
2906990,Missouri,3,3,CAMDENTON R-III,3910,51987000,5880000,4173000,692000,0,99000,2095000
2907020,Missouri,3,3,CAMERON R-I,1651,19812000,3261000,2079000,407000,3000,423000,996000
2907050,Missouri,3,3,CAMPBELL R-II,554,5700000,431000,351000,81000,0,0,176000
2907080,Missouri,3,3,CANTON R-V,494,6752000,947000,789000,143000,0,15000,293000
2907120,Missouri,3,3,CAPE GIRARDEAU 63,4380,53127000,8191000,6165000,1377000,18000,422000,2765000
2907320,Missouri,1,3,NELL HOLCOMB R-IV,244,3662000,363000,332000,31000,0,0,188000
2907350,Missouri,3,3,CARL JUNCTION R-I,3443,33722000,4129000,3049000,568000,0,194000,1737000
2907380,Missouri,3,3,CARROLLTON R-VII,855,11203000,1106000,736000,212000,10000,6000,268000
2907460,Missouri,3,3,CARTHAGE R-IX,5092,61523000,7858000,6525000,473000,129000,597000,3407000
2907470,Missouri,3,3,CARUTHERSVILLE 18,942,11113000,721000,721000,0,0,0,0
2908170,Missouri,3,3,CASSVILLE R-IV,1908,20266000,2065000,1661000,243000,7000,12000,757000
2908250,Missouri,3,3,CENTER 58,2558,42009000,6403000,4257000,813000,11000,524000,1825000
2908320,Missouri,3,3,JOHNSON CO. R-VII,535,6288000,665000,380000,85000,0,113000,148000
2908370,Missouri,3,3,FT. ZUMWALT R-II,17060,232842000,52722000,32648000,12039000,218000,6021000,14973000
2908400,Missouri,3,3,CENTRALIA R-VI,1330,13373000,1354000,1016000,311000,0,27000,439000
2908430,Missouri,3,3,CHADWICK R-I,254,3206000,212000,206000,0,0,6000,78000
2908460,Missouri,3,3,CHAFFEE R-II,636,7045000,711000,548000,151000,0,1000,267000
2908490,Missouri,3,3,OSAGE CO. R-I,140,2577000,198000,146000,34000,1000,0,74000
2908670,Missouri,3,3,CHARLESTON R-I,772,10441000,917000,589000,120000,0,31000,321000
2908730,Missouri,3,3,CHILHOWEE R-IV,159,2080000,178000,125000,53000,0,0,55000
2908760,Missouri,3,3,CHILLICOTHE R-II,1809,20705000,2262000,1819000,123000,0,54000,788000
2908790,Missouri,1,3,LIVINGSTON CO. R-III,74,1120000,46000,29000,17000,0,0,16000
2909090,Missouri,1,3,CLARKSBURG C-2,54,1228000,120000,91000,0,0,0,40000
2909120,Missouri,3,3,CLARKTON C-4,290,4359000,319000,239000,8000,0,0,129000
2909720,Missouri,3,3,CLAYTON,2351,55310000,546000,291000,236000,0,0,193000
2909750,Missouri,3,3,CLEARWATER R-I,916,9783000,1471000,1230000,171000,0,23000,491000
2909780,Missouri,3,3,CLEVER R-V,1337,13692000,1357000,1119000,216000,0,21000,515000
2909810,Missouri,3,3,CLIMAX SPRINGS R-IV,222,3989000,298000,167000,0,0,55000,54000
2909860,Missouri,3,3,CLINTON,1835,22019000,3079000,1804000,553000,1000,311000,902000
2909900,Missouri,3,3,COLE CAMP R-I,756,7813000,683000,572000,15000,0,3000,252000
2909930,Missouri,3,3,BLAIR OAKS R-II,1194,13532000,1971000,1305000,302000,0,198000,586000
2910020,Missouri,3,3,COMMUNITY R-VI,316,4237000,396000,359000,17000,1000,14000,158000
2910080,Missouri,3,3,CONCORDIA R-II,467,6068000,843000,617000,90000,0,136000,225000
2910110,Missouri,3,3,LACLEDE CO. R-I,817,7755000,996000,681000,214000,0,34000,259000
2910200,Missouri,3,3,COUCH R-I,183,2830000,139000,102000,31000,0,0,57000
2910260,Missouri,3,3,CRAIG R-III,55,1734000,106000,106000,0,0,0,43000
2910290,Missouri,3,3,CRANE R-III,555,6154000,683000,470000,109000,1000,0,228000
2910320,Missouri,3,3,SHERWOOD CASS R-VIII,799,8625000,1271000,872000,127000,2000,149000,357000
2910350,Missouri,3,3,CROCKER R-II,564,6825000,668000,536000,4000,1000,4000,142000
2910380,Missouri,3,3,CRYSTAL CITY 47,542,6181000,801000,625000,81000,0,37000,316000
2910410,Missouri,3,3,CRAWFORD CO. R-II,1282,13351000,1562000,1043000,182000,0,119000,494000
2910440,Missouri,3,3,DADEVILLE R-II,212,2448000,74000,49000,0,0,26000,42000
2910500,Missouri,3,3,DESOTO 73,2543,30507000,4968000,4232000,407000,0,215000,2207000
2910520,Missouri,3,3,LAKELAND R-III,413,8248000,3950000,2187000,730000,13000,18000,1227000
2910590,Missouri,3,3,BUCHANAN CO. R-IV,290,3842000,284000,226000,56000,0,2000,83000
2910620,Missouri,3,3,DELTA R-V,224,3238000,169000,145000,24000,0,0,84000
2910650,Missouri,1,3,NORTH WOOD R-IV,215,2082000,154000,107000,21000,0,0,40000
2910710,Missouri,1,3,DENT-PHELPS R-III,273,3556000,379000,328000,51000,0,0,128000
2910770,Missouri,3,3,DEXTER R-XI,2039,20703000,2823000,2092000,535000,0,165000,943000
2910800,Missouri,3,3,DIAMOND R-IV,763,9966000,1190000,840000,218000,0,3000,313000
2910830,Missouri,3,3,DIXON R-I,898,9327000,787000,567000,128000,0,27000,337000
2910920,Missouri,3,3,DONIPHAN R-I,1558,16013000,1707000,1307000,172000,0,39000,620000
2910950,Missouri,3,3,DORA R-III,284,4089000,445000,406000,38000,0,1000,218000
2911010,Missouri,1,3,SKYLINE R-II,87,1276000,101000,73000,28000,0,0,43000
2911040,Missouri,1,3,PLAINVIEW R-VIII,99,1343000,71000,66000,5000,0,0,38000
2911070,Missouri,3,3,DREXEL R-IV,290,4199000,410000,408000,2000,0,0,126000
2911100,Missouri,3,3,EAST CARTER CO. R-II,652,8308000,938000,674000,109000,0,51000,256000
2911160,Missouri,1,3,EAST LYNNE 40,157,2308000,210000,172000,35000,0,3000,107000
2911220,Missouri,3,3,EAST PRAIRIE R-II,1036,10922000,1064000,866000,96000,0,1000,381000
2911250,Missouri,3,3,EAST BUCHANAN CO. C-1,723,9293000,1020000,607000,236000,0,67000,244000
2911280,Missouri,3,3,KNOX CO. R-I,491,7856000,868000,745000,64000,0,8000,232000
2911310,Missouri,3,3,EL DORADO SPRINGS R-II,1172,13684000,1386000,927000,231000,0,100000,447000
2911340,Missouri,3,3,ELDON R-I,1998,21424000,2395000,1879000,316000,2000,50000,922000
2911400,Missouri,3,3,ELSBERRY R-II,814,9298000,1223000,672000,145000,0,335000,316000
2911450,Missouri,3,3,EMINENCE R-I,273,3842000,251000,188000,64000,0,0,105000
2911550,Missouri,3,3,COLE CO. R-V,621,6284000,497000,365000,52000,0,5000,127000
2911580,Missouri,3,3,EVERTON R-III,172,2163000,124000,103000,21000,0,0,45000
2911650,Missouri,3,3,EXCELSIOR SPRINGS 40,2687,33748000,4542000,2401000,638000,5000,915000,1230000
2911670,Missouri,3,3,EXETER R-VI,310,3408000,216000,216000,0,0,0,60000
2911700,Missouri,3,3,FAIR GROVE R-X,1261,11637000,1145000,805000,204000,0,29000,347000
2911730,Missouri,3,3,FAIR PLAY R-II,347,4497000,299000,219000,5000,0,44000,146000
2911760,Missouri,3,3,FAIRFAX R-III,144,2264000,164000,151000,12000,0,0,113000
2911850,Missouri,1,3,FAIRVIEW R-XI,519,5183000,643000,538000,105000,0,0,277000
2911910,Missouri,3,3,FARMINGTON R-VII,3925,42089000,5911000,4238000,800000,63000,134000,2291000
2911940,Missouri,3,3,MID-BUCHANAN CO. R-V,865,9210000,784000,541000,141000,5000,7000,232000
2911990,Missouri,3,3,FAYETTE R-III,663,6430000,570000,386000,102000,0,0,210000
2912010,Missouri,3,3,FERGUSON-FLORISSANT R-II,8759,135098000,2583000,2480000,0,1000,102000,1078000
2912030,Missouri,3,3,FESTUS R-VI,3315,31865000,3129000,2658000,225000,0,247000,1590000
2912180,Missouri,3,3,FORDLAND R-III,610,7106000,601000,450000,108000,0,0,222000
2912240,Missouri,3,3,FORSYTH R-III,1305,15943000,3965000,2637000,824000,5000,65000,1216000
2912290,Missouri,3,3,FORT OSAGE R-I,4846,61693000,8335000,5326000,1163000,11000,687000,2585000
2912300,Missouri,3,3,FOX C-6,10707,129551000,24561000,19923000,3466000,33000,1080000,10643000
2912450,Missouri,1,3,SPRING BLUFF R-XV,214,2563000,225000,134000,38000,0,53000,80000
2912480,Missouri,1,3,STRAIN-JAPAN R-XVI,69,1202000,78000,78000,0,0,0,33000
2912510,Missouri,1,3,FRANKLIN CO. R-II,116,2047000,186000,173000,11000,0,2000,69000
2912540,Missouri,3,3,FREDERICKTOWN R-I,1902,21520000,2419000,1796000,355000,1000,23000,744000
2912550,Missouri,3,3,FULTON 58,2246,24732000,2016000,1261000,261000,0,96000,1034000
2912600,Missouri,3,3,GAINESVILLE R-V,654,7029000,599000,349000,169000,0,0,163000
2912630,Missouri,3,3,GALENA R-II,418,5724000,570000,400000,23000,0,36000,249000
2912660,Missouri,3,3,GALLATIN R-V,548,7290000,829000,560000,200000,9000,24000,271000
2912690,Missouri,3,3,GRUNDY CO. R-V,131,2724000,193000,167000,26000,0,0,68000
2912720,Missouri,1,3,GASCONADE C-4,79,1142000,45000,45000,0,0,0,35000
2912780,Missouri,3,3,GIDEON 37,215,3686000,262000,188000,74000,0,0,91000
2912870,Missouri,3,3,GILMAN CITY R-IV,173,2196000,183000,169000,14000,0,0,45000
2912900,Missouri,3,3,GLASGOW,314,3896000,527000,379000,80000,0,4000,160000
2912930,Missouri,3,3,GOLDEN CITY R-III,155,2693000,121000,101000,18000,0,2000,51000
2913080,Missouri,3,3,GRAIN VALLEY R-V,4506,50495000,9352000,5721000,1507000,19000,1015000,2870000
2913140,Missouri,3,3,GRANDVIEW C-4,3689,56941000,7871000,5341000,1064000,0,744000,2376000
2913170,Missouri,3,3,GRANDVIEW R-II,2387,9121000,733000,401000,136000,2000,96000,193000
2913230,Missouri,3,3,GREEN CITY R-I,268,3990000,362000,304000,48000,0,10000,107000
2913260,Missouri,1,3,GREEN FOREST R-II,155,2108000,116000,116000,0,0,0,45000
2913290,Missouri,3,3,GREEN RIDGE R-VIII,368,4266000,440000,385000,49000,0,7000,157000
2913320,Missouri,3,3,GREENFIELD R-IV,349,4977000,461000,445000,15000,0,1000,215000
2913380,Missouri,3,3,GREENVILLE R-II,683,8569000,755000,673000,11000,0,0,386000
2913440,Missouri,1,3,PLEASANT VIEW R-VI,156,1821000,662000,507000,0,0,155000,227000
2913500,Missouri,3,3,HALE R-I,109,2124000,179000,161000,18000,0,0,104000
2913530,Missouri,3,3,HALFWAY R-III,272,3379000,238000,200000,0,0,34000,93000
2913560,Missouri,3,3,HALLSVILLE R-IV,1510,14773000,1931000,1224000,324000,0,144000,514000
2913590,Missouri,3,3,HAMILTON R-II,641,7791000,813000,610000,163000,0,17000,317000
2913650,Missouri,3,3,HANNIBAL 60,3406,44341000,7239000,5674000,1051000,0,300000,2867000
2913680,Missouri,3,3,HARDIN-CENTRAL C-2,229,3165000,310000,247000,51000,0,12000,126000
2913710,Missouri,3,3,HARRISBURG R-VIII,613,6972000,602000,561000,40000,0,1000,371000
2913760,Missouri,3,3,HARRISONVILLE R-IX,2207,28038000,3387000,1904000,400000,0,626000,961000
2913770,Missouri,3,3,HARTVILLE R-II,682,7745000,668000,607000,52000,0,0,330000
2913800,Missouri,3,3,HAYTI R-II,603,8231000,463000,463000,0,0,0,0
2913830,Missouri,3,3,HAZELWOOD,16109,225150000,7893000,7266000,0,0,628000,3011000
2914250,Missouri,3,3,DUNKLIN R-V,1585,21791000,4989000,3358000,858000,13000,219000,1639000
2914280,Missouri,3,3,GASCONADE CO. R-I,865,10539000,1333000,1074000,221000,0,38000,507000
2914310,Missouri,3,3,HERMITAGE R-IV,269,4202000,220000,184000,0,0,37000,145000
2914320,Missouri,3,3,HICKORY CO. R-I,727,7738000,406000,283000,66000,0,57000,205000
2914340,Missouri,3,3,HICKMAN MILLS C-1,5121,74818000,11064000,6544000,1845000,29000,1129000,2337000
2914370,Missouri,3,3,HIGBEE R-VIII,211,2823000,218000,134000,68000,0,1000,80000
2914400,Missouri,3,3,LAFAYETTE CO. C-1,980,13026000,2024000,1244000,315000,0,239000,498000
2914430,Missouri,3,3,HILLSBORO R-III,3289,34804000,4849000,3192000,985000,0,286000,1565000
2914460,Missouri,3,3,HOLCOMB R-III,435,5271000,409000,328000,81000,0,0,176000
2914490,Missouri,3,3,HOLDEN R-III,1231,14641000,1841000,1155000,153000,0,412000,580000
2914550,Missouri,3,3,HOLLISTER R-V,1348,18476000,2334000,1689000,236000,0,143000,717000
2914840,Missouri,3,3,HOUSTON R-I,1053,13151000,2708000,1277000,1074000,21000,2000,588000
2915060,Missouri,1,3,JUNCTION HILL C-12,209,2679000,192000,149000,42000,1000,0,86000
2915180,Missouri,1,3,GLENWOOD R-VIII,236,3015000,329000,281000,47000,0,0,126000
2915210,Missouri,1,3,HOWELL VALLEY R-I,224,2666000,186000,168000,18000,0,0,115000
2915240,Missouri,1,3,HUDSON R-IX,50,725000,25000,10000,15000,0,0,37000
2915270,Missouri,3,3,PETTIS CO. R-V,317,4413000,276000,234000,32000,5000,5000,105000
2915300,Missouri,3,3,HUMANSVILLE R-IV,368,4287000,257000,182000,0,0,74000,117000
2915330,Missouri,3,3,HUME R-VIII,112,1888000,88000,70000,13000,0,0,39000
2915390,Missouri,3,3,HURLEY R-I,187,3380000,154000,154000,0,0,0,49000
2915420,Missouri,3,3,IBERIA R-V,672,7933000,829000,527000,149000,1000,49000,280000
2915450,Missouri,3,3,SCOTT CITY R-I,755,9363000,817000,769000,47000,0,0,408000
2915480,Missouri,3,3,INDEPENDENCE 30,14406,177216000,11099000,3279000,4067000,53000,1714000,5230000
2915510,Missouri,3,3,IRON CO. C-4,338,4374000,423000,275000,74000,0,3000,104000
2915600,Missouri,3,3,JACKSON R-II,5713,58299000,9229000,6168000,2322000,5000,474000,2942000
2915630,Missouri,3,3,NORTH DAVIESS R-III,62,1650000,130000,130000,0,0,0,109000
2915660,Missouri,3,3,JAMESTOWN C-1,204,2715000,299000,200000,79000,0,9000,115000
2916140,Missouri,3,3,JASPER CO. R-V,472,5105000,547000,366000,86000,0,14000,117000
2916190,Missouri,3,3,JEFFERSON CITY,8683,108730000,15586000,9118000,4004000,22000,1655000,4790000
2916200,Missouri,3,3,JEFFERSON C-123,139,2464000,106000,77000,1000,0,0,25000
2916230,Missouri,3,3,JEFFERSON CO. R-VII,1108,13672000,1172000,986000,125000,0,61000,510000
2916350,Missouri,3,3,JOPLIN SCHOOLS,7694,83037000,15465000,10814000,2576000,3000,1127000,4923000
2916380,Missouri,3,3,CLARK CO. R-I,1136,12616000,2363000,2161000,112000,0,90000,836000
2916400,Missouri,3,3,KANSAS CITY 33,14413,270142000,29885000,16130000,6337000,0,4795000,6942000
2916450,Missouri,3,3,KEARNEY R-I,3561,44530000,6517000,4048000,984000,38000,939000,1942000
2916470,Missouri,1,3,KELSO C-7,191,1833000,162000,99000,24000,0,1000,44000
2916500,Missouri,3,3,KENNETT 39,1864,20096000,1736000,1685000,44000,0,7000,959000
2916530,Missouri,3,3,KEYTESVILLE R-III,123,2743000,175000,113000,25000,0,33000,55000
2916590,Missouri,3,3,KING CITY R-I,356,5036000,272000,249000,19000,0,0,97000
2916660,Missouri,3,3,KINGSVILLE R-I,254,3395000,521000,354000,125000,0,43000,141000
2916710,Missouri,1,3,KIRBYVILLE R-VI,220,3987000,292000,229000,11000,1000,45000,89000
2916740,Missouri,3,3,KIRKSVILLE R-III,2506,30576000,6981000,5336000,879000,21000,428000,2426000
2916770,Missouri,3,3,KIRKWOOD R-VII,6175,87139000,2021000,1951000,0,0,69000,853000
2916830,Missouri,3,3,KNOB NOSTER R-VIII,1905,21405000,2716000,1748000,461000,0,185000,879000
2916860,Missouri,3,3,OREGON-HOWELL R-III,226,3274000,235000,148000,17000,0,0,106000
2916920,Missouri,3,3,LA MONTE R-IV,306,4016000,207000,156000,24000,0,3000,61000
2916950,Missouri,3,3,LA PLATA R-II,311,4546000,349000,273000,75000,0,1000,94000
2917000,Missouri,1,3,LACLEDE CO. C-5,500,4902000,611000,534000,60000,0,16000,273000
2917820,Missouri,3,3,LADUE,4442,66773000,104000,104000,0,0,0,0
2917850,Missouri,3,3,LAMAR R-I,1227,15723000,2881000,1915000,532000,1000,32000,584000
2917880,Missouri,3,3,LAQUEY R-V,788,6637000,924000,641000,89000,0,6000,253000
2917970,Missouri,3,3,LATHROP R-II,929,11307000,1603000,1195000,239000,0,30000,421000
2918220,Missouri,3,3,LAWSON R-XIV,1090,11961000,1306000,754000,186000,1000,241000,347000
2918240,Missouri,3,3,WEST ST. FRANCOIS CO. R-IV,959,11024000,1161000,916000,62000,0,54000,503000
2918270,Missouri,3,3,LEBANON R-III,4480,52556000,8489000,6371000,1318000,0,390000,2822000
2918300,Missouri,3,3,LEE'S SUMMIT R-VII,17775,246031000,32804000,24910000,4864000,16000,1196000,11956000
2918330,Missouri,1,3,LEESVILLE R-IX,91,1451000,67000,48000,18000,0,1000,28000
2918360,Missouri,3,3,LEETON R-X,336,3520000,346000,296000,50000,0,0,125000
2918420,Missouri,3,3,LEOPOLD R-III,182,2188000,186000,186000,0,0,0,89000
2918450,Missouri,3,3,LESTERVILLE R-IV,197,4206000,308000,235000,74000,0,0,94000
2918460,Missouri,3,3,LEWIS CO. C-1,914,10479000,1328000,1038000,148000,6000,39000,407000
2918480,Missouri,3,3,LEXINGTON R-V,997,12163000,1426000,1084000,183000,0,159000,561000
2918510,Missouri,3,3,LIBERAL R-II,301,4478000,176000,118000,28000,0,7000,68000
2918540,Missouri,3,3,LIBERTY 53,12367,162987000,25374000,15517000,4416000,70000,4058000,7622000
2918600,Missouri,3,3,LICKING R-VIII,839,8907000,820000,820000,0,0,0,277000
2918670,Missouri,3,3,LINCOLN R-II,513,5829000,811000,725000,83000,0,3000,194000
2919080,Missouri,3,3,OSAGE CO. R-II,636,7021000,836000,627000,96000,0,47000,281000
2919140,Missouri,3,3,LOCKWOOD R-I,297,3639000,223000,177000,43000,0,3000,86000
2919170,Missouri,3,3,LOGAN-ROGERSVILLE R-VIII,2471,27461000,3334000,2089000,665000,0,192000,753000
2919200,Missouri,1,3,LONEDELL R-14,334,4370000,592000,302000,107000,4000,135000,122000
2919230,Missouri,3,3,LONE JACK C-6,750,7845000,785000,507000,97000,0,85000,193000
2919260,Missouri,3,3,LOUISIANA R-II,721,7576000,856000,607000,157000,0,0,254000
2919350,Missouri,3,3,WOODLAND R-IV,856,9447000,926000,564000,218000,0,34000,240000
2919380,Missouri,3,3,MACKS CREEK R-V,339,3655000,142000,114000,11000,0,16000,88000
2919410,Missouri,3,3,MACON CO. R-I,1210,14249000,1297000,948000,196000,0,75000,475000
2919840,Missouri,3,3,MADISON C-3,187,2529000,275000,257000,0,0,18000,88000
2919890,Missouri,3,3,MALDEN R-I,879,9857000,1129000,1106000,0,0,23000,554000
2919920,Missouri,3,3,MALTA BEND R-V,70,2052000,77000,49000,29000,0,0,41000
2919980,Missouri,3,3,MANSFIELD R-IV,594,7700000,575000,499000,70000,0,6000,238000
2920010,Missouri,3,3,MAPLEWOOD-RICHMOND HEIGHTS,1510,24430000,8000,8000,0,0,0,0
2920050,Missouri,3,3,MARCELINE R-V,658,7517000,810000,695000,34000,0,6000,432000
2920160,Missouri,3,3,MARION C. EARLY R-V,566,5702000,538000,470000,0,0,67000,365000
2920280,Missouri,3,3,MARION CO. R-II,211,2736000,118000,104000,14000,0,0,41000
2920310,Missouri,3,3,MARIONVILLE R-IX,744,8049000,1016000,999000,17000,0,0,504000
2920340,Missouri,1,3,MARK TWAIN R-VIII,60,806000,43000,43000,0,0,0,8000
2920370,Missouri,3,3,MARQUAND-ZION R-VI,125,2642000,110000,56000,53000,0,0,45000
2920410,Missouri,3,3,MARSHALL,2420,28341000,3760000,2621000,558000,11000,125000,1334000
2920430,Missouri,3,3,MARSHFIELD R-I,3113,31185000,4073000,2962000,467000,25000,125000,1367000
2920490,Missouri,3,3,MARYVILLE R-II,1386,18500000,2604000,1922000,395000,1000,71000,792000
2920550,Missouri,3,3,MAYSVILLE R-I,539,6038000,539000,434000,88000,0,18000,123000
2920610,Missouri,3,3,MCDONALD CO. R-I,3522,40022000,5214000,4319000,388000,8000,500000,2167000
2920640,Missouri,3,3,MEADVILLE R-IV,228,2946000,189000,176000,13000,0,0,38000
2920670,Missouri,3,3,MEHLVILLE R-IX,10076,122574000,6039000,4168000,0,6000,1865000,2139000
2920700,Missouri,3,3,SCOTLAND CO. R-I,547,7705000,1112000,868000,224000,0,21000,432000
2920750,Missouri,3,3,NORTH MERCER CO. R-III,145,2819000,204000,191000,13000,0,0,50000
2920810,Missouri,3,3,MEXICO 59,2462,28515000,3186000,2912000,101000,3000,117000,1412000
2920820,Missouri,3,3,MIAMI R-I,176,2606000,153000,100000,46000,0,0,46000
2920840,Missouri,1,3,MIAMI R-I,72,1303000,47000,25000,22000,0,0,21000
2920940,Missouri,3,3,MILAN C-2,653,8356000,624000,421000,155000,0,0,138000
2921000,Missouri,3,3,MILLER R-II,588,6723000,519000,415000,89000,0,16000,164000
2921100,Missouri,3,3,MOBERLY,2170,28661000,4924000,3341000,645000,0,587000,1530000
2921120,Missouri,3,3,MONETT R-I,2314,31543000,3814000,2780000,531000,2000,77000,1190000
2921150,Missouri,1,3,HIGH POINT R-III,76,1530000,166000,96000,26000,0,44000,40000
2921210,Missouri,3,3,MONROE CITY R-I,764,9805000,1441000,1228000,177000,0,34000,453000
2921330,Missouri,3,3,MONTGOMERY CO. R-II,1147,13147000,1929000,1367000,176000,0,169000,487000
2921360,Missouri,3,3,MONTROSE R-XIV,75,1640000,63000,57000,6000,1000,0,42000
2921420,Missouri,3,3,SCOTT CO. CENTRAL,274,4258000,640000,331000,204000,0,74000,191000
2921480,Missouri,3,3,MOUND CITY R-II,276,4285000,900000,504000,371000,2000,0,205000
2921510,Missouri,3,3,MOUNTAIN GROVE R-III,1611,16838000,1705000,1257000,306000,0,47000,742000
2921540,Missouri,3,3,MOUNTAIN VIEW-BIRCH TREE R-III,1217,12758000,1268000,910000,228000,0,48000,494000
2921600,Missouri,3,3,MT. VERNON R-V,1528,16172000,2272000,1652000,402000,0,179000,819000
2921660,Missouri,3,3,NORTHEAST NODAWAY CO. R-V,220,2979000,217000,203000,13000,0,0,95000
2921690,Missouri,3,3,NORTH NODAWAY CO. R-VI,210,3195000,284000,272000,12000,0,0,127000
2921720,Missouri,3,3,NAYLOR R-II,379,4054000,246000,215000,24000,4000,2000,83000
2921750,Missouri,3,3,NEELYVILLE R-IV,637,7127000,907000,877000,0,0,30000,363000
2921810,Missouri,3,3,NEOSHO SCHOOL DISTRICT,4897,51150000,7224000,5200000,1127000,0,288000,1891000
2921840,Missouri,3,3,NEVADA R-V,2377,26052000,3370000,2332000,572000,7000,65000,1051000
2921875,Missouri,3,3,NEW BLOOMFIELD R-III,665,7259000,966000,556000,309000,0,23000,234000
2921880,Missouri,3,3,MACON CO. R-IV,95,2039000,104000,75000,26000,0,0,39000
2921940,Missouri,3,3,NEW FRANKLIN R-I,422,4524000,407000,306000,20000,15000,2000,123000
2921960,Missouri,3,3,NEW HAVEN,502,5688000,726000,578000,65000,0,21000,283000
2922140,Missouri,3,3,NEWBURG R-II,402,4624000,538000,438000,98000,0,0,179000
2922470,Missouri,3,3,NEWTOWN-HARRIS R-III,81,1760000,128000,109000,16000,0,3000,38000
2922500,Missouri,3,3,NIANGUA R-V,295,3350000,267000,198000,69000,0,0,72000
2922530,Missouri,3,3,Nixa Public Schools,6724,69783000,10466000,6469000,2191000,12000,596000,2663000
2922560,Missouri,3,3,NODAWAY-HOLT R-VII,205,3142000,249000,249000,0,0,0,120000
2922620,Missouri,3,3,NORBORNE R-VIII,168,3098000,165000,155000,10000,0,0,63000
2922710,Missouri,3,3,NORTH ANDREW CO. R-VI,300,4384000,371000,325000,3000,0,43000,181000
2922740,Missouri,3,3,NORTH CALLAWAY CO. R-I,1013,11861000,1174000,1156000,0,0,18000,410000
2922770,Missouri,3,3,NORTH HARRISON R-III,229,2980000,208000,181000,27000,0,0,73000
2922800,Missouri,3,3,NORTH KANSAS CITY 74,20561,290655000,44565000,30987000,2623000,94000,9551000,17010000
2922830,Missouri,3,3,NORTH PLATTE CO. R-I,590,7297000,857000,686000,144000,0,28000,313000
2922860,Missouri,3,3,NORTHEAST RANDOLPH CO. R-IV,341,4544000,474000,342000,70000,0,1000,123000
2922890,Missouri,3,3,NORTHWEST R-I,5969,68734000,11162000,7973000,1492000,0,1432000,3743000
2922920,Missouri,3,3,NORTHWESTERN R-I,168,2965000,284000,201000,83000,0,0,97000
2922950,Missouri,3,3,NORWOOD R-I,327,4556000,330000,224000,59000,0,2000,151000
2922980,Missouri,3,3,ADAIR CO. R-I,232,3145000,256000,202000,54000,0,0,70000
2923010,Missouri,3,3,OAK GROVE R-VI,1960,21369000,2807000,1714000,376000,14000,386000,900000
2923040,Missouri,1,3,OAK HILL R-I,131,1578000,149000,149000,0,0,0,34000
2923070,Missouri,3,3,OAK RIDGE R-VI,360,4025000,471000,412000,58000,0,0,166000
2923100,Missouri,3,3,ODESSA R-VII,2041,22407000,3278000,2046000,439000,4000,603000,931000
2923130,Missouri,3,3,ORAN R-III,330,3586000,310000,193000,111000,0,0,84000
2923160,Missouri,3,3,ORCHARD FARM R-V,2376,33132000,7256000,4272000,1469000,14000,874000,1647000
2923190,Missouri,3,3,SOUTH HOLT CO. R-I,280,3958000,337000,299000,35000,0,3000,141000
2923220,Missouri,3,3,ORRICK R-XI,291,4213000,457000,287000,57000,0,30000,100000
2923250,Missouri,3,3,OSBORN R-O,122,2269000,140000,117000,18000,0,5000,51000
2923270,Missouri,3,3,OSCEOLA,553,6154000,646000,568000,55000,0,0,227000
2923310,Missouri,3,3,OTTERVILLE R-VI,212,3122000,244000,185000,52000,0,0,73000
2923340,Missouri,3,3,GASCONADE CO. R-II,1779,18266000,2431000,1728000,253000,0,179000,817000
2923400,Missouri,3,3,LUTIE R-VI,103,2534000,105000,98000,7000,0,0,35000
2923430,Missouri,3,3,OZARK R-VI,6052,67767000,12141000,7683000,2884000,5000,460000,3524000
2923460,Missouri,3,3,MERAMEC VALLEY R-III,3047,39530000,6996000,4665000,1277000,77000,478000,2255000
2923490,Missouri,3,3,PALMYRA R-I,1156,11878000,1854000,1412000,296000,8000,20000,772000
2923530,Missouri,3,3,PARIS R-II,461,5884000,608000,391000,123000,0,28000,170000
2923550,Missouri,3,3,PARK HILL,11976,184220000,24416000,15685000,4640000,314000,2707000,8455000
2923640,Missouri,3,3,MEADOW HEIGHTS R-II,498,5314000,473000,319000,97000,0,0,126000
2923670,Missouri,3,3,PATTONSBURG R-II,194,2578000,197000,146000,13000,0,0,62000
2923700,Missouri,3,3,PATTONVILLE R-III,6102,96843000,4655000,3968000,0,16000,474000,1813000
2923730,Missouri,3,3,RAYMORE-PECULIAR R-II,6377,74171000,8857000,5398000,1496000,21000,1165000,2615000
2923790,Missouri,1,3,PEMISCOT CO. R-III,128,2089000,126000,126000,0,0,0,0
2924530,Missouri,3,3,PERRY CO. 32,2144,24019000,3597000,2478000,590000,1000,169000,1288000
2924690,Missouri,1,3,PETTIS CO. R-XII,113,2551000,271000,219000,33000,0,5000,52000
2925080,Missouri,1,3,PHELPS CO. R-III,157,2155000,242000,215000,0,0,27000,92000
2925110,Missouri,3,3,PIERCE CITY R-VI,679,7386000,834000,752000,37000,2000,42000,391000
2925140,Missouri,3,3,PIKE CO. R-III,445,6215000,353000,212000,66000,1000,0,106000
2925170,Missouri,3,3,PILOT GROVE C-4,235,3587000,384000,255000,75000,0,0,100000
2925210,Missouri,3,3,PLATO R-V,537,5908000,480000,392000,88000,0,0,150000
2925230,Missouri,3,3,PLATTE CO. R-III,4283,53233000,6093000,3926000,1414000,10000,744000,1984000
2925290,Missouri,3,3,CLINTON CO. R-III,665,8829000,1230000,872000,176000,0,182000,419000
2925330,Missouri,3,3,PLEASANT HILL R-III,2197,22658000,2855000,1746000,440000,0,224000,1014000
2925350,Missouri,3,3,PLEASANT HOPE R-VI,752,8590000,973000,666000,124000,2000,22000,421000
2925410,Missouri,3,3,POLO R-VII,405,5683000,570000,439000,125000,0,5000,195000
2925450,Missouri,3,3,POPLAR BLUFF R-I,5204,59382000,9680000,8553000,73000,8000,388000,4151000
2925500,Missouri,3,3,POTOSI R-III,2036,22455000,2613000,2143000,57000,44000,121000,1259000
2925530,Missouri,3,3,PRAIRIE HOME R-V,142,2062000,115000,84000,25000,1000,6000,39000
2925590,Missouri,3,3,PRINCETON R-V,364,5354000,416000,328000,4000,0,0,136000
2925620,Missouri,3,3,PURDY R-II,631,7668000,1095000,816000,199000,0,11000,291000
2925640,Missouri,3,3,PUTNAM CO. R-I,654,8718000,956000,922000,30000,0,3000,462000
2925650,Missouri,3,3,PUXICO R-VIII,747,8200000,833000,597000,108000,2000,0,216000
2925710,Missouri,3,3,RALLS CO. R-II,834,8918000,1195000,864000,160000,0,86000,439000
2926040,Missouri,1,3,RAYMONDVILLE R-VII,130,1902000,141000,141000,0,0,0,54000
2926070,Missouri,3,3,RAYTOWN C-2,8012,118118000,19224000,12680000,2827000,33000,1629000,6601000
2926160,Missouri,3,3,REEDS SPRING R-IV,1807,26045000,3064000,2495000,331000,0,148000,1264000
2926190,Missouri,1,3,RENICK R-V,84,1908000,155000,119000,36000,0,0,39000
2926220,Missouri,3,3,REPUBLIC R-III,5316,56706000,8354000,5389000,1251000,1000,515000,2586000
2926310,Missouri,3,3,RICH HILL R-IV,358,4290000,395000,335000,55000,0,5000,168000
2926370,Missouri,1,3,RICHARDS R-V,372,3929000,400000,293000,107000,0,0,181000
2926400,Missouri,3,3,RICHLAND R-I,267,4085000,455000,245000,65000,0,0,98000
2926430,Missouri,3,3,RICHLAND R-IV,461,5687000,782000,606000,91000,0,19000,258000
2926480,Missouri,3,3,RICHMOND R-XVI,1559,17823000,2201000,1584000,227000,6000,255000,672000
2926490,Missouri,3,3,RIDGEWAY R-V,78,1688000,110000,110000,0,0,0,35000
2926550,Missouri,1,3,RIPLEY CO. R-III,121,1356000,132000,119000,13000,1000,0,39000
2926580,Missouri,1,3,RIPLEY CO. R-IV,123,1874000,191000,177000,15000,0,0,52000
2926610,Missouri,3,3,RISCO R-II,171,2711000,138000,138000,0,0,0,63000
2926790,Missouri,3,3,ROCK PORT R-II,355,4984000,379000,310000,68000,0,0,95000
2926850,Missouri,3,3,ROCKWOOD R-VI,20563,257597000,7115000,6550000,115000,0,427000,2951000
2926890,Missouri,3,3,ROLLA 31,4161,47238000,5849000,4151000,780000,5000,313000,2131000
2926940,Missouri,1,3,ROSCOE C-1,52,986000,10000,10000,0,0,0,5000
2926970,Missouri,3,3,COLE CO. R-I,626,6932000,999000,565000,228000,1000,100000,236000
2927060,Missouri,3,3,ST. JOSEPH,10568,127523000,16632000,10647000,2747000,1000,1660000,4970000
2927090,Missouri,3,3,SALEM R-80,1464,13715000,1997000,1722000,0,0,276000,895000
2927330,Missouri,1,3,HARDEMAN R-X,69,1099000,91000,50000,15000,0,0,33000
2927450,Missouri,1,3,OREARVILLE R-IV,68,815000,58000,46000,12000,0,0,34000
2927520,Missouri,3,3,SALISBURY R-IV,462,6823000,709000,511000,99000,0,10000,182000
2927540,Missouri,3,3,SARCOXIE R-II,686,9473000,1115000,955000,23000,101000,37000,297000
2927570,Missouri,3,3,SAVANNAH R-III,2332,22630000,2869000,2059000,298000,0,391000,1109000
2927600,Missouri,3,3,NORTHEAST VERNON CO. R-I,199,2854000,254000,203000,22000,0,0,92000
2927630,Missouri,3,3,SCHOOL OF THE OSAGE,2063,24354000,3398000,3087000,171000,7000,59000,1618000
2927660,Missouri,3,3,SCHUYLER CO. R-I,596,8184000,1367000,1038000,217000,2000,29000,374000
2927830,Missouri,3,3,SEDALIA 200,5042,53546000,10327000,7601000,1274000,0,507000,3577000
2927870,Missouri,3,3,SENATH-HORNERSVILLE C-8,676,8014000,751000,469000,174000,1000,0,272000
2927900,Missouri,3,3,SENECA R-VII,1535,15887000,2816000,1791000,538000,4000,278000,794000
2927930,Missouri,3,3,SEYMOUR R-II,715,9561000,781000,533000,165000,0,0,217000
2928080,Missouri,1,3,SHAWNEE R-III,58,797000,39000,17000,21000,0,0,14000
2928110,Missouri,3,3,SHELBY CO. R-IV,693,9523000,986000,849000,85000,0,51000,408000
2928140,Missouri,3,3,NORTH SHELBY,319,4531000,394000,358000,35000,0,1000,131000
2928170,Missouri,3,3,SHELDON R-VIII,174,2525000,196000,196000,0,0,0,104000
2928200,Missouri,1,3,SHELL KNOB 78,144,3485000,141000,134000,7000,0,0,51000
2928260,Missouri,3,3,SIKESTON R-6,3307,39357000,4009000,3174000,737000,5000,49000,1450000
2928290,Missouri,3,3,SILEX R-I,463,4945000,410000,284000,105000,0,14000,88000
2928360,Missouri,3,3,SLATER,342,4392000,476000,323000,74000,0,7000,110000
2928380,Missouri,3,3,SMITHTON R-VI,544,5972000,617000,513000,12000,0,8000,254000
2928410,Missouri,3,3,SMITHVILLE R-II,2584,31156000,3487000,2132000,485000,47000,407000,943000
2928430,Missouri,3,3,SOUTH CALLAWAY CO. R-II,752,10602000,1113000,771000,95000,0,57000,281000
2928470,Missouri,3,3,SOUTH IRON CO. R-I,294,4523000,347000,310000,1000,0,4000,153000
2928500,Missouri,3,3,SOUTH NODAWAY CO. R-IV,158,2926000,205000,198000,7000,0,0,115000
2928530,Missouri,3,3,SOUTH PEMISCOT CO. R-V,604,7162000,436000,436000,0,0,0,0
2928560,Missouri,3,3,SOUTHERN BOONE CO. R-I,2006,21290000,2567000,1457000,598000,4000,180000,709000
2928590,Missouri,3,3,SOUTHERN REYNOLDS CO. R-II,452,5173000,410000,310000,91000,0,0,166000
2928620,Missouri,3,3,SOUTHLAND C-9,249,3558000,181000,139000,42000,0,0,85000
2928680,Missouri,3,3,SOUTHWEST LIVINGSTON CO. R-I,184,2227000,174000,111000,10000,0,0,42000
2928710,Missouri,3,3,SOUTHWEST R-V,828,8530000,1014000,846000,77000,0,0,356000
2928740,Missouri,3,3,SPARTA R-III,747,7773000,622000,437000,103000,0,12000,198000
2928800,Missouri,3,3,SPOKANE R-VII,700,7951000,1028000,692000,253000,1000,0,344000
2928860,Missouri,3,3,SPRINGFIELD R-XII,22937,331681000,44146000,24327000,9152000,14000,6903000,11667000
2928920,Missouri,3,3,ST. CHARLES R-VI,4836,89202000,15484000,9873000,3545000,12000,1284000,4728000
2928950,Missouri,3,3,FRANCIS HOWELL R-III,17124,213391000,37495000,22407000,9807000,131000,3039000,10862000
2929100,Missouri,3,3,ST. CLAIR R-XIII,2230,27795000,7693000,6364000,577000,19000,195000,2474000
2929130,Missouri,3,3,ST. ELIZABETH R-IV,269,3005000,211000,159000,33000,3000,16000,106000
2929170,Missouri,3,3,CENTRAL R-III,2040,23191000,3049000,2200000,445000,0,159000,1159000
2929250,Missouri,3,3,ST. JAMES R-I,1666,22616000,2540000,2145000,122000,0,53000,1139000
2929280,Missouri,3,3,ST. LOUIS CITY,18321,421005000,45929000,26482000,8674000,0,8852000,11623000
2929340,Missouri,3,3,STANBERRY R-II,366,4785000,277000,269000,0,0,0,108000
2929370,Missouri,3,3,STE. GENEVIEVE CO. R-II,1815,27286000,3843000,2429000,708000,15000,278000,1452000
2929430,Missouri,3,3,STEELVILLE R-III,925,10873000,1236000,801000,212000,6000,98000,371000
2929490,Missouri,3,3,STEWARTSVILLE C-2,262,2960000,308000,184000,104000,0,14000,80000
2929520,Missouri,3,3,STOCKTON R-I,972,12983000,809000,700000,0,0,34000,409000
2929580,Missouri,3,3,STOUTLAND R-II,408,5451000,714000,507000,126000,0,13000,188000
2929610,Missouri,3,3,MORGAN CO. R-I,830,8973000,1215000,867000,310000,0,0,326000
2929640,Missouri,3,3,STRAFFORD R-VI,1412,13991000,1413000,1029000,246000,0,10000,438000
2929670,Missouri,1,3,STRASBURG C-3,126,1894000,113000,76000,36000,0,1000,47000
2929700,Missouri,3,3,STURGEON R-V,1445,4970000,506000,314000,130000,2000,17000,105000
2929730,Missouri,1,3,SUCCESS R-VI,125,1884000,156000,134000,23000,0,0,39000
2929760,Missouri,3,3,SULLIVAN,2114,23176000,3229000,2214000,522000,4000,153000,1127000
2929810,Missouri,3,3,SUMMERSVILLE R-II,458,5457000,507000,359000,78000,0,0,164000
2929820,Missouri,1,3,SUNRISE R-IX,333,4719000,679000,456000,107000,0,56000,192000
2929880,Missouri,3,3,SWEET SPRINGS R-VII,402,5229000,570000,395000,101000,0,0,170000
2929910,Missouri,1,3,TANEYVILLE R-II,136,2470000,214000,214000,0,0,0,103000
2929940,Missouri,3,3,TARKIO R-I,335,5315000,380000,322000,57000,0,0,128000
2930270,Missouri,3,3,THAYER R-II,762,7332000,997000,929000,0,2000,65000,407000
2930300,Missouri,3,3,TINA-AVALON R-II,149,2300000,148000,145000,3000,0,0,108000
2930330,Missouri,3,3,TIPTON R-VI,602,6998000,1347000,809000,115000,3000,335000,298000
2930360,Missouri,3,3,TRENTON R-IX,1105,13037000,2035000,1646000,0,0,302000,583000
2930390,Missouri,3,3,TRI-COUNTY R-VII,189,3286000,393000,364000,22000,0,7000,153000
2930420,Missouri,3,3,EAST NEWTON CO. R-VI,1451,14228000,1999000,1354000,230000,0,185000,609000
2930450,Missouri,3,3,TROY R-III,6974,82371000,13804000,11254000,1617000,0,933000,5062000
2930510,Missouri,3,3,MILLER CO. R-III,181,3066000,246000,196000,37000,0,13000,89000
2930520,Missouri,3,3,TWIN RIVERS R-X,827,9752000,1302000,899000,228000,0,1000,352000
2930570,Missouri,3,3,UNION R-XI,3159,36626000,5539000,3269000,1086000,9000,640000,1804000
2930600,Missouri,3,3,UNION STAR R-II,162,2528000,161000,161000,0,0,0,83000
2930660,Missouri,3,3,UNIVERSITY CITY,2535,48530000,1048000,928000,0,0,24000,489000
2930720,Missouri,3,3,VALLEY R-VI,348,5192000,345000,344000,1000,0,0,221000
2930750,Missouri,3,3,VAN BUREN R-I,516,6770000,802000,654000,51000,1000,0,299000
2930780,Missouri,3,3,VAN-FAR R-I,582,6911000,1194000,766000,277000,0,27000,215000
2930810,Missouri,3,3,VERONA R-VII,365,4895000,367000,268000,55000,0,1000,160000
2930840,Missouri,3,3,MORGAN CO. R-II,1293,15700000,1806000,1197000,284000,2000,49000,546000
2930870,Missouri,3,3,MARIES CO. R-I,446,5117000,410000,250000,80000,0,0,72000
2930900,Missouri,3,3,WEST NODAWAY CO. R-I,227,2939000,216000,216000,0,0,0,83000
2930990,Missouri,3,3,WALNUT GROVE R-V,279,3200000,126000,99000,0,0,24000,49000
2931020,Missouri,3,3,WARRENSBURG R-VI,3385,41227000,6905000,4263000,1177000,8000,999000,1994000
2931050,Missouri,3,3,WARREN CO. R-III,3085,35052000,6557000,4238000,1124000,3000,723000,1978000
2931070,Missouri,3,3,WARSAW R-IX,1320,14198000,2399000,1564000,382000,1000,223000,698000
2931110,Missouri,3,3,WASHINGTON,3720,50356000,7639000,4085000,1658000,28000,1404000,2242000
2931140,Missouri,3,3,KINGSTON K-14,833,9564000,1341000,877000,249000,2000,42000,417000
2931230,Missouri,1,3,RICHWOODS R-VII,151,2482000,283000,139000,55000,0,47000,51000
2931440,Missouri,3,3,WAYNESVILLE R-VI,6155,73017000,12178000,10224000,998000,0,614000,3810000
2931460,Missouri,3,3,WEAUBLEAU R-III,348,3932000,195000,149000,0,0,38000,87000
2931500,Missouri,3,3,WEBB CITY R-VII,4621,47995000,7148000,5157000,1195000,13000,447000,2150000
2931560,Missouri,3,3,WELLINGTON-NAPOLEON R-IX,382,4978000,509000,322000,96000,0,91000,189000
2931620,Missouri,3,3,WELLSVILLE MIDDLETOWN R-I,311,4354000,301000,226000,22000,0,0,107000
2931650,Missouri,3,3,WENTZVILLE R-IV,17997,224288000,43061000,25645000,11422000,0,3757000,11802000
2931680,Missouri,3,3,WEST PLAINS R-VII,2698,29444000,4628000,3015000,975000,11000,73000,1243000
2931710,Missouri,3,3,WEST PLATTE CO. R-II,739,11267000,890000,635000,111000,0,16000,300000
2931800,Missouri,3,3,MIDWAY R-I,449,5871000,879000,507000,117000,0,160000,174000
2931830,Missouri,3,3,OSAGE CO. R-III,758,9319000,1094000,794000,165000,0,48000,322000
2931860,Missouri,3,3,WESTRAN R-I,610,9014000,1182000,736000,193000,0,31000,290000
2931890,Missouri,1,3,WESTVIEW C-6,109,1607000,75000,75000,0,0,0,25000
2931920,Missouri,3,3,WHEATLAND R-II,316,3960000,186000,101000,48000,0,30000,43000
2931950,Missouri,3,3,WHEATON R-III,431,4787000,353000,277000,67000,0,9000,163000
2932010,Missouri,3,3,WILLARD R-II,4732,51828000,7605000,5297000,1112000,0,348000,2367000
2932070,Missouri,3,3,WILLOW SPRINGS R-IV,1281,14933000,1604000,1228000,184000,4000,0,565000
2932100,Missouri,3,3,WINDSOR C-1,2953,33002000,5721000,4178000,1028000,11000,343000,2173000
2932110,Missouri,3,3,HENRY CO. R-I,703,8025000,1461000,1183000,133000,0,145000,542000
2932190,Missouri,3,3,WINFIELD R-IV,1587,16816000,2978000,1783000,575000,8000,405000,765000
2932220,Missouri,3,3,WINONA R-III,441,5901000,449000,412000,37000,0,0,214000
2932250,Missouri,3,3,WINSTON R-VI,138,2385000,111000,111000,0,0,0,47000
2932300,Missouri,3,3,WORTH CO. R-III,275,3766000,320000,278000,16000,0,0,113000
2932310,Missouri,3,3,WRIGHT CITY R-II OF WARREN CO.,1769,22179000,4307000,2594000,611000,2000,628000,1258000
2932490,Missouri,3,3,ZALMA R-V,197,2714000,215000,174000,10000,0,0,77000
3000002,Montana,1,3,Somers Elem,555,5937000,511000,442000,0,0,68000,166000
3000003,Montana,1,3,Cut Bank Elem,551,7065000,689000,688000,0,0,0,240000
3000005,Montana,1,3,Helena Elem,5225,71856000,9575000,6626000,1041000,0,1640000,2809000
3000006,Montana,1,3,Broadus Elem,150,2656000,101000,101000,0,0,0,42000
3000008,Montana,1,3,Ashland Elem,82,2457000,158000,119000,40000,0,0,54000
3000090,Montana,1,3,Noxon Elem,103,2273000,119000,119000,0,0,0,18000
3000093,Montana,1,3,Liberty Elem,71,819000,17000,17000,0,0,0,0
3000094,Montana,1,3,West Glacier Elem,77,801000,27000,27000,0,0,0,23000
3000095,Montana,2,3,Lame Deer H S,169,4446000,87000,41000,9000,0,0,35000
3000096,Montana,1,3,North Star Elem,150,1993000,81000,81000,0,0,0,25000
3000097,Montana,2,3,North Star HS,53,1611000,11000,11000,0,0,0,10000
3000098,Montana,1,3,Chester-Joplin-Inverness El,195,2598000,66000,66000,0,0,0,40000
3000099,Montana,3,3,Heart Butte K-12 Schools,208,6223000,107000,107000,0,0,0,0
3000101,Montana,2,3,Chester-Joplin-Inverness HS,65,1611000,37000,37000,0,0,0,27000
3000102,Montana,3,3,Dutton/Brady K-12 Schools,134,2521000,57000,57000,0,0,0,30000
3000654,Montana,3,3,Big Sky School K-12,432,6657000,370000,369000,0,1000,0,127000
3000655,Montana,3,3,East Helena K-12,1952,19526000,1097000,736000,361000,0,0,281000
3000656,Montana,3,3,Lockwood K-12,1718,20147000,1757000,1590000,144000,0,0,0
3000932,Montana,1,3,Shields Valley Elem,139,2060000,114000,114000,0,0,0,78000
3000933,Montana,2,3,Shields Valley H S,50,1426000,30000,30000,0,0,0,17000
3001710,Montana,1,3,Absarokee Elem,107,1919000,133000,133000,0,0,0,63000
3001740,Montana,2,3,Absarokee H S,71,1505000,72000,72000,0,0,0,25000
3001860,Montana,3,3,Alberton K-12 Schools,166,2877000,182000,182000,0,0,0,61000
3001980,Montana,1,3,Amsterdam Elem,165,1542000,92000,92000,0,0,0,51000
3002010,Montana,1,3,Anaconda Elem,740,11684000,1536000,1248000,162000,0,59000,37000
3002030,Montana,2,3,Anaconda H S,281,4382000,846000,490000,296000,0,0,176000
3002070,Montana,1,3,Anderson Elem,209,2615000,122000,122000,0,0,0,73000
3002220,Montana,1,3,Arlee Elem,270,5450000,720000,639000,60000,0,0,307000
3002250,Montana,2,3,Arlee H S,145,2186000,164000,164000,0,0,0,67000
3002300,Montana,1,3,Arrowhead Elem,66,994000,78000,78000,0,0,0,36000
3002430,Montana,1,3,Augusta Elem,89,1063000,19000,19000,0,0,0,16000
3002640,Montana,3,3,Bainville K-12 Schools,157,4382000,219000,202000,17000,0,0,51000
3002730,Montana,3,3,Baker K-12 Schools,451,8652000,511000,507000,4000,0,0,138000
3002850,Montana,1,3,Smith Valley Elem,224,2379000,307000,307000,0,0,0,42000
3003090,Montana,2,3,Beaverhead County H S,339,5693000,286000,199000,88000,0,0,61000
3003270,Montana,3,3,Belfry K-12 Schools,63,1711000,38000,38000,0,0,0,29000
3003290,Montana,1,3,Belgrade Elem,2374,27469000,2556000,1429000,906000,10000,100000,924000
3003330,Montana,2,3,Belgrade H S,994,10857000,692000,568000,35000,0,29000,277000
3003420,Montana,1,3,Belt Elem,271,2882000,47000,47000,0,0,0,34000
3003450,Montana,2,3,Belt H S,91,1634000,65000,65000,0,0,0,0
3003750,Montana,3,3,Big Sandy K-12,197,3408000,131000,131000,0,0,0,0
3003800,Montana,1,3,Big Timber Elem,318,3451000,174000,174000,0,0,0,47000
3003820,Montana,1,3,Bigfork Elem,610,6215000,595000,364000,165000,0,18000,141000
3003840,Montana,2,3,Bigfork H S,354,4565000,195000,130000,44000,0,0,114000
3003870,Montana,1,3,Billings Elem,10988,132018000,14485000,8913000,3954000,0,1126000,5646000
3003900,Montana,2,3,Billings H S,5610,68625000,5983000,4298000,1012000,0,411000,2143000
3004230,Montana,1,3,Blue Creek Elem,181,1858000,174000,174000,0,0,0,15000
3004260,Montana,1,3,Bonner Elem,356,4862000,669000,416000,237000,11000,5000,168000
3004380,Montana,1,3,Boulder Elem,218,3422000,312000,312000,0,0,0,43000
3004440,Montana,1,3,Box Elder Elem,303,6452000,236000,236000,0,0,0,107000
3004500,Montana,2,3,Box Elder H S,108,2664000,153000,153000,0,0,0,55000
3004560,Montana,1,3,Bozeman Elem,4651,50419000,7605000,4032000,2611000,0,388000,2910000
3004590,Montana,2,3,Bozeman H S,2631,36293000,2317000,1668000,344000,0,127000,969000
3004800,Montana,3,3,Bridger K-12 Schools,199,3852000,294000,262000,22000,0,10000,66000
3004860,Montana,2,3,Powder River Co Dist H S,74,2034000,159000,49000,110000,0,0,25000
3004890,Montana,1,3,Broadview Elem,119,1574000,62000,62000,0,0,0,20000
3004920,Montana,2,3,Broadview H S,56,965000,49000,49000,0,0,0,20000
3004980,Montana,3,3,Townsend K-12 Schools,706,8728000,302000,295000,0,0,8000,138000
3005010,Montana,1,3,Brockton Elem,105,3242000,70000,70000,0,0,0,26000
3005040,Montana,2,3,Brockton H S,52,1829000,35000,35000,0,0,0,294000
3005140,Montana,1,3,Browning Elem,1266,27155000,1519000,1283000,80000,0,0,394000
3005190,Montana,2,3,Browning H S,563,9573000,601000,515000,17000,0,0,270000
3005280,Montana,1,3,Butte Elem,2966,31395000,3410000,2120000,928000,1000,229000,1500000
3005310,Montana,2,3,Butte H S,1317,19168000,1024000,817000,0,0,112000,618000
3005460,Montana,1,3,Canyon Creek Elem,234,2720000,324000,321000,4000,0,0,79000
3005850,Montana,1,3,Vaughn Elem,154,1957000,131000,91000,39000,0,0,73000
3005880,Montana,1,3,Cascade Elem,221,2401000,162000,158000,3000,0,0,71000
3005910,Montana,2,3,Cascade H S,101,1685000,41000,41000,0,0,0,19000
3005990,Montana,1,3,Cayuse Prairie Elem,304,3549000,354000,354000,0,0,0,81000
3006110,Montana,3,3,St Ignatius K-12 Schools,480,7767000,529000,529000,0,0,0,180000
3006112,Montana,1,3,Charlo Elem,161,2140000,65000,65000,0,0,0,0
3006115,Montana,2,3,Charlo H S,83,1295000,59000,59000,0,0,0,0
3006260,Montana,1,3,Chinook Elem,228,3358000,163000,163000,0,0,0,45000
3006270,Montana,2,3,Chinook H S,114,2273000,181000,181000,0,0,0,35000
3006320,Montana,1,3,Choteau Elem,255,3109000,161000,161000,0,0,0,29000
3006330,Montana,2,3,Choteau H S,103,2006000,80000,80000,0,0,0,25000
3006790,Montana,1,3,Circle Elem,127,1857000,93000,93000,0,0,0,38000
3006810,Montana,2,3,Circle H S,65,1717000,54000,54000,0,0,0,44000
3006840,Montana,1,3,Clancy Elem,385,3613000,234000,234000,0,0,0,69000
3006870,Montana,1,3,Clinton Elem,214,2703000,143000,137000,1000,0,5000,52000
3007050,Montana,1,3,Colstrip Elem,366,7002000,389000,208000,117000,0,1000,109000
3007080,Montana,2,3,Colstrip H S,151,5125000,250000,217000,30000,0,0,139000
3007110,Montana,1,3,Columbia Falls Elem,1562,18708000,2237000,1414000,601000,5000,69000,570000
3007140,Montana,2,3,Columbia Falls H S,687,9220000,718000,499000,96000,0,58000,257000
3007190,Montana,1,3,Columbus Elem,469,5623000,494000,494000,0,0,0,139000
3007200,Montana,2,3,Columbus H S,244,3249000,277000,275000,0,0,0,70000
3007320,Montana,2,3,Conrad H S,153,2267000,129000,129000,0,0,0,36000
3007330,Montana,1,3,Conrad Elem,342,4751000,294000,294000,0,0,0,87000
3007410,Montana,3,3,Corvallis K-12 Schools,1342,14533000,1294000,844000,284000,0,54000,467000
3007710,Montana,1,3,Creston Elem,121,1085000,129000,129000,0,0,0,38000
3007830,Montana,1,3,Culbertson Elem,187,3226000,139000,139000,0,0,0,54000
3007860,Montana,2,3,Culbertson H S,94,2118000,36000,36000,0,0,0,20000
3007930,Montana,2,3,Custer County H S,495,5919000,539000,285000,166000,0,0,151000
3008130,Montana,3,3,Custer K-12 Schools,105,2216000,116000,116000,0,0,0,20000
3008190,Montana,2,3,Cut Bank H S,227,3648000,219000,219000,0,0,0,46000
3008280,Montana,3,3,Darby K-12 Schools,326,4983000,377000,377000,0,0,0,162000
3008340,Montana,2,3,Dawson H S,343,4572000,288000,160000,60000,0,0,42000
3008670,Montana,1,3,Deer Lodge Elem,426,5234000,574000,468000,106000,0,0,322000
3008700,Montana,1,3,Deer Park Elem,199,1562000,44000,44000,0,0,0,31000
3008880,Montana,1,3,DeSmet Elem,127,2491000,368000,331000,26000,0,3000,67000
3008910,Montana,1,3,Dillon Elem,780,8675000,905000,792000,113000,0,0,269000
3009030,Montana,1,3,Dixon Elem,56,1273000,10000,10000,0,0,0,6000
3009120,Montana,3,3,Dodson K-12,92,2594000,88000,88000,0,0,0,43000
3009180,Montana,1,3,Drummond Elem,119,1555000,77000,76000,0,0,0,31000
3009210,Montana,2,3,Drummond H S,63,1176000,21000,21000,0,0,0,3000
3009510,Montana,1,3,East Glacier Park Elem,63,1386000,68000,54000,14000,0,0,0
3009670,Montana,1,3,Ekalaka Elem,81,1690000,64000,63000,0,0,0,17000
3009720,Montana,1,3,Elder Grove Elem,689,6548000,662000,541000,78000,43000,0,160000
3009840,Montana,1,3,Elysian Elem,451,4656000,303000,303000,0,0,0,141000
3009930,Montana,3,3,Ennis K-12 Schools,422,5855000,375000,368000,7000,0,0,96000
3010080,Montana,1,3,Eureka Elem,497,6594000,321000,137000,139000,0,0,144000
3010140,Montana,1,3,Fairfield Elem,207,2453000,93000,93000,0,0,0,53000
3010170,Montana,2,3,Fairfield H S,116,2328000,43000,36000,0,0,7000,18000
3010210,Montana,1,3,Fairview Elem,182,3307000,225000,225000,0,0,0,96000
3010230,Montana,1,3,Fair-Mont-Egan Elem,133,2072000,268000,268000,0,0,0,46000
3010290,Montana,2,3,Fairview H S,116,2891000,85000,85000,0,0,0,38000
3010530,Montana,2,3,Fergus H S,356,5002000,244000,233000,0,0,11000,143000
3010920,Montana,1,3,Evergreen Elem,651,9796000,2300000,1778000,247000,5000,5000,926000
3010950,Montana,1,3,Olney-Bissell Elem,105,1336000,67000,67000,0,0,0,38000
3011100,Montana,3,3,Florence-Carlton K-12 Schls,790,9407000,903000,673000,143000,0,86000,273000
3011160,Montana,1,3,Forsyth Elem,202,2873000,193000,172000,21000,0,0,83000
3011190,Montana,2,3,Forsyth H S,99,1999000,34000,34000,0,0,0,19000
3011240,Montana,1,3,Fort Benton Elem,249,2775000,205000,205000,0,0,0,64000
3011260,Montana,2,3,Fort Benton H S,107,2368000,105000,105000,0,0,0,33000
3011340,Montana,1,3,Fortine Elem,73,1049000,49000,49000,0,0,0,32000
3011420,Montana,1,3,Frazer Elem,62,2341000,71000,71000,0,0,0,46000
3011520,Montana,3,3,Frenchtown K-12 Schools,1443,16279000,1328000,719000,579000,2000,24000,433000
3011550,Montana,1,3,Froid Elem,54,1253000,38000,35000,0,0,0,5000
3011650,Montana,3,3,Fromberg K-12,106,2783000,100000,100000,0,0,0,44000
3011670,Montana,1,3,Frontier Elem,127,2856000,122000,122000,0,0,0,85000
3011790,Montana,1,3,Gallatin Gateway Elem,143,2112000,58000,58000,0,0,0,43000
3011820,Montana,1,3,Gardiner Elem,91,1465000,63000,63000,0,0,0,33000
3011850,Montana,2,3,Gardiner H S,56,1612000,61000,61000,0,0,0,22000
3011880,Montana,2,3,Garfield County H S,55,1425000,9000,9000,0,0,0,6000
3012210,Montana,3,3,Geraldine K-12,55,1681000,27000,27000,0,0,0,10000
3012420,Montana,3,3,Glasgow K-12 Schools,769,10406000,837000,794000,40000,0,3000,223000
3012510,Montana,1,3,Glendive Elem,782,11497000,1506000,951000,276000,0,149000,413000
3012840,Montana,3,3,Philipsburg K-12 Schools,181,3011000,120000,120000,0,0,0,35000
3012960,Montana,1,3,Grass Range Elem,58,793000,28000,27000,0,0,0,0
3013040,Montana,1,3,Great Falls Elem,7032,85411000,10406000,5402000,3607000,212000,879000,3868000
3013050,Montana,2,3,Great Falls H S,3095,32754000,3124000,1444000,1215000,0,381000,1100000
3013110,Montana,1,3,Greenfield Elem,68,1115000,19000,19000,0,0,0,0
3013260,Montana,3,3,Hamilton K-12 Schools,1666,18759000,1512000,1073000,246000,6000,187000,544000
3013310,Montana,1,3,Hardin Elem,1284,22005000,1080000,534000,536000,10000,0,464000
3013340,Montana,2,3,Hardin H S,512,6909000,238000,116000,121000,1000,0,0
3013360,Montana,2,3,Plenty Coups H S,58,1877000,29000,29000,0,0,0,28000
3013395,Montana,1,3,Harlem Elem,467,7559000,558000,558000,0,0,0,118000
3013400,Montana,2,3,Harlem H S,163,2792000,210000,210000,0,0,0,86000
3013470,Montana,3,3,Harlowton K-12,258,4928000,437000,422000,12000,3000,0,132000
3013530,Montana,3,3,Harrison K-12 Schools,91,1822000,74000,74000,0,0,0,55000
3013560,Montana,1,3,Havre Elem,1199,14501000,909000,493000,304000,24000,0,115000
3013590,Montana,2,3,Havre H S,531,6846000,488000,240000,154000,0,0,203000
3013660,Montana,3,3,Hays-Lodge Pole K-12 Schls,248,6890000,342000,258000,0,0,0,57000
3013800,Montana,1,3,Helena Flats Elem,280,2564000,197000,163000,29000,0,5000,59000
3013830,Montana,2,3,Helena H S,2514,32792000,2698000,2020000,373000,0,183000,1069000
3013860,Montana,1,3,Hellgate Elem,1498,16726000,2668000,1332000,822000,0,331000,432000
3014070,Montana,3,3,Highwood K-12,117,2080000,76000,76000,0,0,0,40000
3014430,Montana,3,3,Hobson K-12 Schools,136,2153000,24000,24000,0,0,0,13000
3014640,Montana,3,3,Hot Springs K-12,166,3244000,127000,127000,0,0,0,58000
3014700,Montana,3,3,Huntley Project K-12 Schools,773,12005000,1091000,982000,0,0,109000,299000
3014760,Montana,3,3,Hysham K-12 Schools,79,1762000,68000,68000,0,0,0,25000
3014820,Montana,1,3,Independent Elem,297,2956000,301000,301000,0,0,0,117000
3015120,Montana,2,3,Jefferson H S,284,4319000,247000,247000,0,0,0,56000
3015200,Montana,1,3,Joliet Elem,270,2936000,194000,194000,0,0,0,58000
3015260,Montana,2,3,Joliet H S,139,1935000,123000,123000,0,0,0,43000
3015340,Montana,1,3,Jordan Elem,106,1501000,41000,41000,0,0,0,19000
3015420,Montana,2,3,Flathead H S,3101,35944000,2068000,1541000,246000,0,172000,772000
3015450,Montana,1,3,Kalispell Elem,3095,37304000,3838000,2006000,1281000,7000,380000,1674000
3015570,Montana,1,3,Kila Elem,192,1898000,196000,196000,0,0,0,50000
3015640,Montana,1,3,Kircher Elem,65,543000,23000,23000,0,0,0,13000
3015990,Montana,1,3,Lambert Elem,79,1736000,23000,23000,0,0,0,13000
3016050,Montana,1,3,Lame Deer Elem,382,7768000,355000,247000,23000,0,0,167000
3016110,Montana,1,3,LaMotte Elem,52,926000,53000,53000,0,0,0,25000
3016200,Montana,1,3,Laurel Elem,1272,15821000,1127000,944000,113000,0,20000,373000
3016230,Montana,2,3,Laurel H S,619,7151000,613000,485000,86000,0,10000,214000
3016290,Montana,3,3,Lavina K-12 Schools,81,1689000,93000,93000,0,0,0,18000
3016490,Montana,1,3,Lewistown Elem,888,10231000,1452000,1389000,0,2000,62000,453000
3016530,Montana,3,3,Libby K-12 Schools,1164,14442000,1012000,810000,158000,0,0,301000
3016710,Montana,3,3,Lima K-12 Schools,60,1528000,53000,53000,0,0,0,20000
3016770,Montana,2,3,Lincoln County H S,306,3031000,156000,52000,78000,0,0,17000
3016810,Montana,3,3,Lincoln K-12 Schools,149,2703000,124000,124000,0,0,0,95000
3016880,Montana,1,3,Livingston Elem,837,12276000,1568000,1445000,0,0,1000,512000
3017010,Montana,1,3,Lodge Grass Elem,274,5201000,199000,199000,0,0,0,92000
3017040,Montana,2,3,Lodge Grass H S,172,4411000,307000,307000,0,0,0,80000
3017130,Montana,1,3,Lolo Elem,507,6527000,993000,846000,65000,0,82000,135000
3017190,Montana,1,3,Lone Rock Elem,254,2663000,244000,238000,0,0,6000,109000
3017580,Montana,3,3,Malta K-12 Schools,519,6860000,364000,334000,30000,0,0,187000
3017610,Montana,1,3,Manhattan School,483,5367000,578000,441000,91000,0,46000,108000
3017640,Montana,2,3,Manhattan High School,239,3595000,311000,196000,84000,0,30000,69000
3017700,Montana,1,3,Marion Elem,163,2212000,223000,223000,0,0,0,53000
3018170,Montana,3,3,Medicine Lake K-12 Schools,84,3083000,141000,141000,0,0,0,68000
3018410,Montana,1,3,Miles City Elem,953,11715000,1252000,896000,223000,0,55000,442000
3018540,Montana,2,3,Missoula H S,3966,52120000,4769000,3052000,800000,0,752000,2015000
3018570,Montana,1,3,Missoula Elem,5280,70755000,12966000,6635000,3515000,14000,2554000,3135000
3018750,Montana,1,3,Monforton Elem,669,6260000,163000,163000,0,0,0,128000
3018780,Montana,1,3,Montana City Elem,475,5099000,401000,401000,0,0,0,127000
3019170,Montana,3,3,Nashua K-12 Schools,109,2101000,49000,37000,12000,0,0,16000
3019500,Montana,2,3,Noxon H S,67,1582000,104000,104000,0,0,0,18000
3020040,Montana,1,3,Park City Elem,224,2696000,205000,205000,0,0,0,89000
3020070,Montana,2,3,Park City H S,102,1575000,78000,78000,0,0,0,32000
3020100,Montana,2,3,Park H S,418,6192000,563000,430000,0,0,55000,226000
3020790,Montana,1,3,Pioneer Elem,72,938000,150000,140000,0,0,10000,33000
3020850,Montana,3,3,Plains K-12,453,5961000,213000,196000,17000,0,0,107000
3020960,Montana,3,3,Plentywood K-12 Schools,371,5330000,177000,177000,0,0,0,40000
3021000,Montana,3,3,Plevna K-12 Schools,95,2979000,114000,108000,0,3000,4000,52000
3021060,Montana,1,3,Polson Elem,1173,15153000,1570000,1182000,224000,0,78000,806000
3021090,Montana,2,3,Polson H S,524,7543000,569000,423000,47000,0,29000,182000
3021240,Montana,1,3,Poplar Elem,596,13439000,1023000,788000,158000,0,1000,492000
3021270,Montana,2,3,Poplar H S,276,5015000,459000,388000,32000,0,0,222000
3021330,Montana,1,3,Potomac Elem,105,1596000,143000,143000,0,0,0,53000
3021450,Montana,2,3,Powell County H S,186,3579000,197000,171000,26000,0,0,64000
3021510,Montana,1,3,Power Elem,85,1257000,33000,33000,0,0,0,15000
3021720,Montana,1,3,Pryor Elem,71,1954000,32000,32000,0,0,0,0
3021850,Montana,1,3,Ramsay Elem,166,2069000,50000,44000,0,0,6000,15000
3021960,Montana,1,3,Rau Elem,69,972000,18000,17000,0,0,0,0
3022080,Montana,1,3,Red Lodge Elem,328,3970000,237000,237000,0,0,0,100000
3022110,Montana,2,3,Red Lodge H S,176,2926000,125000,125000,0,0,0,48000
3022370,Montana,1,3,Richey Elem,52,1103000,68000,68000,0,0,0,0
3022710,Montana,3,3,Roberts K-12 Schools,122,2328000,64000,55000,8000,0,0,37000
3022750,Montana,1,3,Rocky Boy Elem,486,10325000,213000,209000,0,0,3000,89000
3022790,Montana,1,3,Ronan Elem,1105,13455000,1542000,966000,359000,15000,33000,599000
3022800,Montana,2,3,Ronan H S,416,5503000,209000,136000,17000,0,11000,78000
3023040,Montana,1,3,Roundup Elem,407,4675000,384000,384000,0,0,0,149000
3023070,Montana,2,3,Roundup High School,172,2550000,121000,121000,0,0,0,55000
3023520,Montana,1,3,Savage Elem,100,1234000,45000,45000,0,0,0,19000
3023670,Montana,3,3,Scobey K-12 Schools,286,4285000,116000,116000,0,0,0,102000
3023730,Montana,1,3,Seeley Lake Elem,181,2563000,304000,303000,1000,0,0,86000
3023900,Montana,1,3,Shelby Elem,390,4725000,173000,173000,0,0,0,82000
3023910,Montana,2,3,Shelby H S,120,3325000,226000,226000,0,0,0,87000
3023940,Montana,1,3,Shepherd Elem,562,5713000,509000,421000,63000,0,25000,162000
3023970,Montana,2,3,Shepherd H S,253,3571000,174000,141000,32000,0,0,50000
3024150,Montana,1,3,Sheridan Elem,170,2187000,119000,119000,0,0,0,43000
3024180,Montana,2,3,Sheridan H S,60,1624000,54000,54000,0,0,0,46000
3024200,Montana,1,3,Sidney Elem,856,10279000,1216000,904000,261000,0,51000,511000
3024230,Montana,2,3,Sidney H S,387,6743000,399000,294000,82000,0,22000,0
3024300,Montana,1,3,Sun River Valley Elem,178,2773000,387000,309000,3000,0,1000,91000
3024330,Montana,2,3,Simms H S,101,2046000,123000,86000,0,0,0,17000
3024930,Montana,3,3,St Regis K-12 Schools,179,3826000,121000,113000,0,0,0,44000
3024990,Montana,3,3,Stanford K-12 Schools,105,2421000,154000,122000,0,33000,0,10000
3025020,Montana,1,3,Stevensville Elem,656,6219000,620000,620000,0,0,0,194000
3025050,Montana,2,3,Stevensville H S,349,5784000,309000,309000,0,0,0,116000
3025130,Montana,1,3,Centerville Elem,237,2594000,136000,136000,0,0,0,81000
3025140,Montana,2,3,Centerville H S,69,1408000,61000,61000,0,0,0,25000
3025320,Montana,3,3,Sunburst K-12 Schools,125,3342000,118000,118000,0,0,0,40000
3025470,Montana,3,3,Superior K-12 Schools,324,4853000,121000,121000,0,0,0,108000
3025500,Montana,1,3,Swan River Elem,191,1618000,133000,133000,0,0,0,36000
3025560,Montana,2,3,Sweet Grass County H S,161,3559000,76000,76000,0,0,0,40000
3025890,Montana,1,3,Target Range Elem,574,5953000,599000,342000,232000,0,4000,166000
3025950,Montana,3,3,Terry K-12 Schools,145,2491000,76000,76000,0,0,0,32000
3026070,Montana,1,3,Thompson Falls Elem,320,4375000,362000,362000,0,0,0,90000
3026100,Montana,2,3,Thompson Falls H S,201,2889000,198000,198000,0,0,0,58000
3026160,Montana,1,3,Three Forks Elem,523,5827000,304000,273000,0,0,0,109000
3026190,Montana,2,3,Three Forks H S,278,2890000,199000,174000,0,0,0,55000
3026520,Montana,1,3,Trout Creek Elem,66,1389000,119000,118000,0,0,0,44000
3026550,Montana,1,3,Troy Elem,283,4900000,230000,230000,0,0,0,122000
3026580,Montana,2,3,Troy H S,128,2683000,69000,69000,0,0,0,53000
3026730,Montana,3,3,Twin Bridges K-12 Schools,210,3550000,168000,168000,0,0,0,80000
3026880,Montana,1,3,Ulm Elem,138,1427000,71000,71000,0,0,0,41000
3027060,Montana,1,3,Valier Elem,122,1768000,54000,49000,0,0,0,20000
3027270,Montana,3,3,Victor K-12 Schools,236,4069000,118000,104000,10000,0,4000,45000
3027570,Montana,1,3,West Valley Elem,762,7856000,578000,578000,0,0,0,238000
3027630,Montana,3,3,West Yellowstone K-12,287,3824000,203000,203000,0,0,0,39000
3027730,Montana,3,3,Westby K-12 Schools,50,1702000,26000,26000,0,0,0,29000
3027740,Montana,1,3,Whitefish Elem,1313,16397000,2560000,1636000,527000,0,270000,1003000
3027790,Montana,2,3,Whitefish H S,581,8489000,429000,381000,41000,0,0,491000
3027810,Montana,1,3,Whitehall Elem,328,4095000,395000,395000,0,0,0,187000
3027840,Montana,2,3,Whitehall H S,144,1823000,97000,97000,0,0,0,32000
3028020,Montana,3,3,Wibaux K-12 Schools,151,3581000,263000,263000,0,0,0,34000
3028380,Montana,3,3,Winifred K-12 Schools,154,2294000,104000,104000,0,0,0,0
3028470,Montana,3,3,Winnett K-12 Schools,60,1598000,84000,84000,0,0,0,50000
3028590,Montana,1,3,Wolf Point Elem,511,8203000,324000,255000,69000,0,0,310000
3028620,Montana,2,3,Wolf Point H S,225,3866000,63000,37000,26000,0,0,9000
3028650,Montana,1,3,Woodman Elem,55,822000,20000,20000,0,0,0,29000
3028770,Montana,3,3,White Sulphur Spgs K-12,185,3731000,179000,179000,0,0,0,75000
3028800,Montana,1,3,Wyola Elem,88,2261000,115000,102000,14000,0,0,0
3028860,Montana,1,3,Yellowstone Academy Elem,58,5830000,4784000,2465000,1272000,79000,0,948000
3028911,Montana,2,3,Rocky Boy H S,148,2441000,101000,101000,0,0,0,62000
3100002,Nebraska,3,3,DAVID CITY PUBLIC SCHOOLS,676,12846000,1993000,1561000,363000,0,68000,586000
3100003,Nebraska,3,3,EAST BUTLER PUBLIC SCHOOLS,297,7695000,804000,774000,30000,0,0,237000
3100004,Nebraska,3,3,LAUREL-CONCORD-COLERIDGE SCHOOL,415,9459000,1107000,930000,157000,0,20000,289000
3100006,Nebraska,3,3,WEST POINT PUBLIC SCHOOLS,728,12069000,1169000,1079000,49000,0,41000,577000
3100008,Nebraska,3,3,WISNER-PILGER PUBLIC SCHOOLS,437,8548000,953000,907000,47000,0,0,346000
3100010,Nebraska,3,3,ANSELMO-MERNA PUBLIC SCHOOLS,245,4396000,285000,285000,0,0,0,103000
3100011,Nebraska,3,3,BROKEN BOW PUBLIC SCHOOLS,890,11885000,1876000,1279000,585000,0,11000,409000
3100012,Nebraska,3,3,CALLAWAY PUBLIC SCHOOLS,180,4309000,533000,454000,79000,0,0,222000
3100015,Nebraska,3,3,CAMBRIDGE PUBLIC SCHOOLS,288,5122000,516000,438000,78000,0,0,154000
3100016,Nebraska,3,3,GRAND ISLAND PUBLIC SCHOOLS,9990,132538000,21876000,16638000,4341000,0,897000,8832000
3100018,Nebraska,3,3,WAUNETA-PALISADE PUBLIC SCHS,230,4831000,526000,493000,0,0,33000,126000
3100021,Nebraska,3,3,WAVERLY SCHOOL DISTRICT 145,2165,28223000,4325000,3574000,562000,0,189000,1660000
3100022,Nebraska,3,3,NORTH PLATTE PUBLIC SCHOOLS,3782,51946000,7454000,6383000,1000000,0,71000,2704000
3100023,Nebraska,3,3,MAXWELL PUBLIC SCHOOLS,258,4456000,464000,464000,0,0,0,196000
3100024,Nebraska,3,3,SUTHERLAND PUBLIC SCHOOLS,305,5610000,454000,454000,0,0,0,123000
3100025,Nebraska,3,3,ELKHORN VALLEY SCHOOLS,446,7279000,586000,529000,26000,0,31000,182000
3100029,Nebraska,3,3,SUPERIOR PUBLIC SCHOOLS,410,7621000,1223000,1005000,147000,0,71000,502000
3100034,Nebraska,3,3,ASHLAND-GREENWOOD PUBLIC SCHS,1099,14668000,2298000,1811000,382000,0,105000,836000
3100041,Nebraska,3,3,STANTON COMMUNITY SCHOOLS,383,7225000,540000,440000,34000,0,66000,172000
3100065,Nebraska,3,3,FRANKLIN PUBLIC SCHOOLS,290,5330000,696000,578000,96000,0,23000,163000
3100066,Nebraska,3,3,SILVER LAKE PUBLIC SCHOOLS,226,5496000,542000,413000,50000,0,80000,184000
3100067,Nebraska,3,3,BANNER COUNTY PUBLIC SCHOOLS,151,4207000,325000,317000,9000,0,0,132000
3100070,Nebraska,3,3,AMHERST PUBLIC SCHOOLS,394,5013000,452000,452000,0,0,0,137000
3100071,Nebraska,3,3,TEKAMAH-HERMAN COMMUNITY SCHS,527,8742000,916000,868000,20000,0,28000,410000
3100072,Nebraska,3,3,LEYTON PUBLIC SCHOOLS,133,4073000,174000,150000,22000,0,2000,53000
3100073,Nebraska,3,3,ARNOLD PUBLIC SCHOOLS,192,3547000,253000,242000,10000,0,0,110000
3100076,Nebraska,3,3,SCRIBNER-SNYDER COMMUNITY SCHS,171,4816000,366000,339000,18000,0,9000,165000
3100077,Nebraska,3,3,DUNDY CO STRATTON PUBLIC SCHS,290,6363000,497000,460000,3000,0,34000,136000
3100080,Nebraska,3,3,ALMA PUBLIC SCHOOLS,359,6593000,986000,743000,243000,0,0,226000
3100082,Nebraska,3,3,STUART PUBLIC SCHOOLS,200,3593000,264000,260000,4000,0,0,119000
3100085,Nebraska,3,3,ST PAUL PUBLIC SCHOOLS,705,9786000,1083000,852000,201000,0,30000,426000
3100088,Nebraska,3,3,NORRIS SCHOOL DIST 160,2483,29247000,3263000,2664000,387000,0,212000,1191000
3100089,Nebraska,3,3,PALMER PUBLIC SCHOOLS,322,4861000,506000,419000,74000,0,13000,166000
3100090,Nebraska,3,3,BAYARD PUBLIC SCHOOLS,337,6604000,640000,630000,0,0,9000,298000
3100091,Nebraska,3,3,FULLERTON PUBLIC SCHOOLS,299,5585000,645000,543000,96000,0,7000,222000
3100095,Nebraska,3,3,CRETE PUBLIC SCHOOLS,2230,30211000,4034000,3183000,811000,0,41000,1128000
3100096,Nebraska,3,3,FRIEND PUBLIC SCHOOLS,251,4436000,324000,248000,76000,0,0,178000
3100097,Nebraska,3,3,MORRILL PUBLIC SCHOOLS,330,7679000,675000,540000,135000,0,0,191000
3100098,Nebraska,3,3,GERING PUBLIC SCHOOLS,2023,23500000,3106000,2740000,179000,0,186000,1547000
3100099,Nebraska,3,3,CENTENNIAL PUBLIC SCHOOLS,496,9771000,1188000,965000,180000,0,43000,373000
3100105,Nebraska,3,3,BRIDGEPORT PUBLIC SCHOOLS,506,9344000,1109000,1009000,0,0,100000,387000
3100109,Nebraska,3,3,SOUTHERN VALLEY SCHOOLS,383,8518000,1113000,843000,257000,0,13000,279000
3100110,Nebraska,3,3,SOUTH PLATTE PUBLIC SCHOOLS,218,4513000,484000,444000,36000,0,4000,151000
3100111,Nebraska,3,3,EUSTIS-FARNAM PUBLIC SCHOOLS,166,3832000,276000,256000,8000,0,13000,102000
3100112,Nebraska,3,3,LAKEVIEW COMMUNITY SCHOOLS,952,13416000,1575000,1303000,237000,0,35000,530000
3100114,Nebraska,3,3,LOGAN VIEW PUBLIC SCHOOLS,590,8901000,1199000,950000,238000,0,11000,341000
3100115,Nebraska,3,3,NORTH BEND CENTRAL PUBLIC SCHS,586,10072000,1062000,943000,105000,0,14000,476000
3100116,Nebraska,3,3,FREEMAN PUBLIC SCHOOLS,477,7161000,539000,528000,5000,0,6000,214000
3100117,Nebraska,3,3,HEARTLAND COMMUNITY SCHOOLS,353,6301000,1052000,721000,264000,0,67000,231000
3100118,Nebraska,3,3,FILLMORE CENTRAL PUBLIC SCHS,609,9271000,1924000,1460000,394000,0,69000,325000
3100120,Nebraska,3,3,HITCHCOCK CO SCH SYSTEM,310,5030000,590000,542000,0,0,47000,181000
3100121,Nebraska,3,3,DONIPHAN-TRUMBULL PUBLIC SCHS,450,8596000,1067000,994000,42000,0,31000,500000
3100122,Nebraska,3,3,SOUTH CENTRAL NEBRASKA UNIFIED 5,714,13278000,3063000,2675000,329000,0,58000,1197000
3100123,Nebraska,3,3,HIGH PLAINS COMMUNITY SCHOOLS,223,5642000,473000,381000,64000,0,28000,199000
3100124,Nebraska,3,3,BRUNING-DAVENPORT UNIFIED SYS,178,4636000,415000,388000,20000,0,7000,131000
3100125,Nebraska,3,3,DILLER-ODELL PUBLIC SCHOOLS,236,5001000,444000,431000,0,0,13000,170000
3100129,Nebraska,3,3,TWIN RIVER PUBLIC SCHOOLS,409,8687000,758000,584000,113000,0,60000,227000
3100130,Nebraska,3,3,CROSS COUNTY COMMUNITY SCHOOLS,367,6830000,671000,513000,143000,0,16000,145000
3100132,Nebraska,3,3,THAYER CENTRAL COMMUNITY SCHS,440,7323000,725000,628000,87000,0,10000,212000
3100133,Nebraska,3,3,EXETER-MILLIGAN PUBLIC SCHOOLS,165,4458000,622000,351000,132000,0,139000,189000
3100134,Nebraska,3,3,WILCOX-HILDRETH PUBLIC SCHOOLS,234,5157000,440000,437000,3000,0,0,162000
3100140,Nebraska,3,3,CREEK VALLEY SCHOOLS,172,4439000,583000,537000,45000,0,1000,168000
3100141,Nebraska,3,3,EMERSON-HUBBARD PUBLIC SCHOOLS,253,4993000,345000,329000,0,0,16000,134000
3100157,Nebraska,3,3,PERKINS COUNTY SCHOOLS,419,7472000,605000,531000,75000,0,0,196000
3100163,Nebraska,3,3,CHASE COUNTY SCHOOLS,625,9312000,870000,741000,108000,0,21000,239000
3100165,Nebraska,3,3,DOUGLAS CO WEST COMMUNITY SCHS,1053,16674000,2174000,1829000,241000,0,104000,1065000
3100170,Nebraska,3,3,GORDON-RUSHVILLE PUBLIC SCHS,550,9932000,1092000,1038000,42000,0,12000,461000
3100172,Nebraska,3,3,WEST HOLT PUBLIC SCHOOLS,459,7835000,1103000,883000,176000,0,45000,243000
3100176,Nebraska,3,3,JOHNSON CO CENTRAL PUBLIC SCHS,497,9400000,1028000,838000,162000,0,29000,417000
3100178,Nebraska,3,3,SOUTHWEST PUBLIC SCHOOLS,294,6013000,417000,416000,1000,0,0,94000
3100179,Nebraska,3,3,HUMBOLDT TABLE ROCK STEINAUER,300,7847000,1090000,934000,129000,0,27000,423000
3100183,Nebraska,3,3,HOWELLS-DODGE CONSOLIDATED SCHOOLS,301,5135000,416000,360000,44000,0,11000,142000
3100184,Nebraska,3,3,RIVERSIDE PUBLIC SCHOOLS,242,5521000,346000,287000,59000,0,0,139000
3100185,Nebraska,3,3,CENTRAL VALLEY PUBLIC SCHOOLS,327,8208000,1261000,927000,283000,0,51000,344000
3100187,Nebraska,3,3,BOYD COUNTY SCHOOLS,333,6258000,545000,532000,13000,0,1000,149000
3100189,Nebraska,3,3,SUMMERLAND PUBLIC SCHOOLS,437,7588000,868000,656000,140000,0,72000,255000
3101992,Nebraska,3,3,ELMWOOD-MURDOCK PUBLIC SCHOOLS,498,7164000,987000,850000,128000,0,10000,406000
3102770,Nebraska,3,3,ADAMS CENTRAL PUBLIC SCHOOLS,1004,16334000,3017000,2329000,642000,0,46000,911000
3102790,Nebraska,3,3,AINSWORTH COMMUNITY SCHOOLS,407,8279000,718000,701000,17000,0,0,290000
3102820,Nebraska,3,3,BOONE CENTRAL SCHOOLS,649,10926000,1029000,795000,174000,0,60000,374000
3102880,Nebraska,3,3,ALLEN CONSOLIDATED SCHOOLS,142,3859000,346000,307000,0,0,39000,142000
3102910,Nebraska,3,3,ALLIANCE PUBLIC SCHOOLS,1345,18399000,2779000,2632000,82000,0,64000,1323000
3103060,Nebraska,3,3,ANSLEY PUBLIC SCHOOLS,200,3675000,251000,219000,32000,0,0,88000
3103090,Nebraska,3,3,ARAPAHOE PUBLIC SCHOOLS,335,5312000,604000,472000,132000,0,0,161000
3103120,Nebraska,3,3,ARCADIA PUBLIC SCHOOLS,124,3539000,198000,198000,0,0,0,57000
3103130,Nebraska,3,3,ARLINGTON PUBLIC SCHOOLS,691,10431000,1269000,1079000,173000,0,18000,502000
3103210,Nebraska,3,3,ARTHUR COUNTY SCHOOLS,120,2609000,155000,155000,0,0,0,71000
3103330,Nebraska,3,3,AUBURN PUBLIC SCHOOLS,1051,13528000,1935000,1468000,392000,0,74000,590000
3103360,Nebraska,3,3,AURORA PUBLIC SCHOOLS,1226,19229000,2706000,2282000,322000,0,102000,1054000
3103420,Nebraska,3,3,AXTELL COMMUNITY SCHOOLS,335,5349000,678000,663000,12000,0,3000,194000
3103440,Nebraska,3,3,BANCROFT-ROSALIE COMM SCHOOLS,311,5525000,552000,436000,102000,0,13000,140000
3103540,Nebraska,3,3,BATTLE CREEK PUBLIC SCHOOLS,566,7410000,677000,572000,98000,0,7000,192000
3103600,Nebraska,3,3,BEATRICE PUBLIC SCHOOLS,2090,26187000,5392000,4267000,903000,0,223000,1702000
3103810,Nebraska,3,3,BELLEVUE PUBLIC SCHOOLS,9498,132826000,21818000,20182000,0,0,1636000,12508000
3103990,Nebraska,3,3,BENNINGTON PUBLIC SCHOOLS,4154,47106000,5780000,4195000,1248000,0,337000,1993000
3104020,Nebraska,3,3,BERTRAND PUBLIC SCHOOLS,243,4595000,625000,495000,128000,0,2000,175000
3104100,Nebraska,3,3,BLAIR COMMUNITY SCHOOLS,2274,26813000,4357000,3331000,879000,0,148000,1766000
3104140,Nebraska,3,3,BLOOMFIELD COMMUNITY SCHOOLS,271,5100000,394000,387000,0,0,6000,130000
3104200,Nebraska,3,3,BLUE HILL COMMUNITY SCHOOLS,318,5975000,913000,781000,109000,0,23000,370000
3104290,Nebraska,3,3,BRADY PUBLIC SCHOOLS,184,3763000,262000,256000,1000,0,5000,110000
3104640,Nebraska,3,3,BURWELL PUBLIC SCHOOLS,293,5165000,302000,293000,3000,0,5000,95000
3104870,Nebraska,3,3,CEDAR BLUFFS PUBLIC SCHOOLS,469,7077000,748000,547000,163000,0,38000,172000
3104920,Nebraska,3,3,CENTRAL CITY PUBLIC SCHOOLS,767,12808000,2111000,1676000,393000,0,42000,599000
3104950,Nebraska,3,3,RAYMOND CENTRAL PUBLIC SCHOOLS,742,11996000,1452000,1202000,192000,0,58000,515000
3104980,Nebraska,3,3,CHADRON PUBLIC SCHOOLS,941,14503000,1601000,1344000,257000,0,1000,430000
3105010,Nebraska,3,3,CHAMBERS PUBLIC SCHOOLS,119,2703000,155000,154000,1000,0,0,66000
3105160,Nebraska,3,3,CLARKSON PUBLIC SCHOOLS,224,4463000,624000,551000,71000,0,1000,218000
3105280,Nebraska,3,3,CODY-KILGORE PUBLIC SCHS,158,3185000,254000,242000,12000,0,0,85000
3105340,Nebraska,3,3,COLUMBUS PUBLIC SCHOOLS,4111,52764000,9089000,6852000,1714000,0,522000,2431000
3105460,Nebraska,3,3,COZAD COMMUNITY SCHOOLS,949,14286000,1808000,1612000,145000,0,52000,651000
3105520,Nebraska,3,3,CRAWFORD PUBLIC SCHOOLS,174,3812000,213000,181000,32000,0,0,61000
3105550,Nebraska,3,3,CREIGHTON COMMUNITY PUBLIC SCHOOLS,290,5406000,535000,529000,0,0,7000,187000
3105630,Nebraska,3,3,CROFTON COMMUNITY SCHOOLS,358,6430000,622000,595000,0,0,28000,232000
3105910,Nebraska,3,3,DESHLER PUBLIC SCHOOLS,242,5146000,904000,750000,134000,0,20000,228000
3105970,Nebraska,3,3,TRI COUNTY PUBLIC SCHOOLS,430,7244000,804000,804000,0,0,0,282000
3109120,Nebraska,3,3,HAYES CENTER PUBLIC SCHOOLS,148,3405000,154000,154000,0,0,0,48000
3119560,Nebraska,3,3,UMO N HO N NATION PUBLIC SCHS,631,20356000,1570000,1570000,0,0,0,759000
3162950,Nebraska,3,3,CENTURA PUBLIC SCHOOLS,481,8077000,1031000,863000,141000,0,26000,452000
3169840,Nebraska,3,3,DORCHESTER PUBLIC SCHOOL,235,4036000,353000,328000,18000,0,7000,93000
3170020,Nebraska,3,3,ELBA PUBLIC SCHOOLS,122,3084000,195000,195000,0,0,0,120000
3170050,Nebraska,3,3,ELGIN PUBLIC SCHOOLS,197,3825000,274000,256000,10000,0,9000,114000
3170110,Nebraska,3,3,ELKHORN PUBLIC SCHOOLS,11319,129455000,20324000,15526000,3824000,0,974000,6798000
3170140,Nebraska,3,3,ELM CREEK PUBLIC SCHOOLS,374,5583000,675000,464000,186000,0,26000,117000
3170220,Nebraska,3,3,ELWOOD PUBLIC SCHOOLS,198,4392000,354000,239000,115000,0,0,115000
3170440,Nebraska,3,3,FAIRBURY PUBLIC SCHOOLS,909,14755000,2958000,2578000,316000,0,65000,772000
3170530,Nebraska,3,3,FALLS CITY PUBLIC SCHOOLS,880,14063000,2109000,1974000,113000,0,22000,895000
3170650,Nebraska,3,3,FORT CALHOUN COMMUNITY SCHS,825,10444000,1471000,1200000,226000,0,44000,540000
3170710,Nebraska,3,3,FREMONT PUBLIC SCHOOLS,5217,66835000,10598000,7527000,1887000,0,1185000,3999000
3170800,Nebraska,3,3,GARDEN COUNTY SCHOOLS,193,5212000,689000,565000,122000,0,1000,306000
3170980,Nebraska,3,3,GIBBON PUBLIC SCHOOLS,554,8105000,849000,623000,222000,0,4000,354000
3171010,Nebraska,3,3,GILTNER PUBLIC SCHOOLS,246,4022000,524000,440000,84000,0,0,157000
3171100,Nebraska,3,3,GOTHENBURG PUBLIC SCHOOLS,847,12561000,1602000,1293000,309000,0,0,505000
3171220,Nebraska,3,3,GRETNA PUBLIC SCHOOLS,6529,75838000,12184000,8965000,2667000,0,551000,4202000
3171370,Nebraska,3,3,HAMPTON PUBLIC SCHOOL,191,3563000,419000,371000,20000,0,28000,194000
3171520,Nebraska,3,3,HARTINGTON NEWCASTLE PUBLIC SCHOOLS,400,7098000,1045000,961000,0,0,84000,305000
3171550,Nebraska,3,3,HARVARD PUBLIC SCHOOLS,207,4879000,1197000,1002000,177000,0,18000,317000
3171580,Nebraska,3,3,HASTINGS PUBLIC SCHOOLS,3644,50400000,10114000,7514000,1985000,0,614000,3729000
3171610,Nebraska,3,3,HAY SPRINGS PUBLIC SCHOOLS,201,3823000,193000,163000,27000,0,2000,85000
3171730,Nebraska,3,3,HEMINGFORD PUBLIC SCHOOLS,395,7266000,784000,727000,57000,0,0,277000
3171820,Nebraska,3,3,HERSHEY PUBLIC SCHOOLS,557,8334000,651000,575000,77000,0,0,263000
3171940,Nebraska,3,3,HOLDREGE PUBLIC SCHOOLS,1014,15791000,2403000,1894000,488000,0,21000,685000
3172000,Nebraska,3,3,HOMER COMMUNITY SCHOOLS,428,6747000,639000,637000,0,0,3000,259000
3172150,Nebraska,3,3,HUMPHREY PUBLIC SCHOOLS,319,4852000,782000,729000,40000,0,13000,214000
3172210,Nebraska,3,3,HYANNIS AREA SCHOOLS,147,3323000,209000,162000,46000,0,1000,67000
3172335,Nebraska,3,3,JOHNSON-BROCK PUBLIC SCHOOLS,363,5060000,321000,310000,11000,0,0,96000
3172390,Nebraska,3,3,KEARNEY PUBLIC SCHOOLS,6152,70582000,10220000,8130000,1625000,0,465000,4204000
3172420,Nebraska,3,3,KENESAW PUBLIC SCHOOLS,283,4748000,427000,404000,23000,0,0,162000
3172480,Nebraska,3,3,KEYA PAHA COUNTY SCHOOLS,86,2614000,59000,59000,0,0,0,34000
3172570,Nebraska,3,3,KIMBALL PUBLIC SCHOOLS,394,6838000,725000,712000,0,0,14000,358000
3172720,Nebraska,3,3,LEIGH COMMUNITY SCHOOLS,276,4256000,274000,197000,69000,0,8000,85000
3172780,Nebraska,3,3,LEWISTON CONSOLIDATED SCHOOLS,177,4512000,323000,292000,31000,0,0,144000
3172810,Nebraska,3,3,LEXINGTON PUBLIC SCHOOLS,3221,45331000,5965000,4730000,1064000,0,172000,2120000
3172840,Nebraska,3,3,LINCOLN PUBLIC SCHOOLS,41850,568023000,93311000,64926000,18084000,0,10301000,30851000
3172910,Nebraska,3,3,LITCHFIELD PUBLIC SCHOOLS,115,2980000,175000,175000,0,0,0,64000
3172990,Nebraska,3,3,LOOMIS PUBLIC SCHOOLS,278,4479000,382000,329000,53000,0,0,115000
3173050,Nebraska,3,3,LOUISVILLE PUBLIC SCHOOLS,702,9491000,1021000,816000,101000,0,105000,410000
3173090,Nebraska,3,3,LOUP CITY PUBLIC SCHOOLS,330,6078000,556000,447000,107000,0,1000,185000
3173120,Nebraska,3,3,LOUP COUNTY PUBLIC SCHOOLS,83,2741000,182000,179000,3000,0,0,67000
3173210,Nebraska,3,3,LYONS-DECATUR NORTHEAST SCHS,274,5826000,770000,703000,14000,0,53000,316000
3173230,Nebraska,3,3,MADISON PUBLIC SCHOOLS,543,8818000,648000,589000,33000,0,26000,257000
3173290,Nebraska,3,3,MALCOLM PUBLIC SCHOOLS,644,9258000,1117000,899000,179000,0,39000,474000
3173440,Nebraska,3,3,MAYWOOD PUBLIC SCHOOLS,196,3921000,402000,402000,0,0,0,87000
3173470,Nebraska,3,3,MC COOK PUBLIC SCHOOLS,1376,19016000,3310000,2717000,529000,0,64000,1149000
3173500,Nebraska,3,3,MC COOL JUNCTION PUBLIC SCHS,240,4638000,583000,471000,79000,0,33000,149000
3173560,Nebraska,3,3,MC PHERSON COUNTY SCHOOLS,52,2173000,87000,87000,0,0,0,58000
3173590,Nebraska,3,3,MEAD PUBLIC SCHOOLS,283,4878000,214000,188000,0,0,26000,104000
3173600,Nebraska,3,3,MEDICINE VALLEY PUBLIC SCHOOLS,209,4488000,424000,383000,23000,0,17000,117000
3173660,Nebraska,3,3,MERIDIAN PUBLIC SCHOOLS,224,4423000,299000,298000,0,0,1000,122000
3173710,Nebraska,3,3,MILFORD PUBLIC SCHOOLS,819,11276000,1522000,1288000,168000,0,66000,411000
3173740,Nebraska,3,3,MILLARD PUBLIC SCHOOLS,23637,273693000,42542000,31518000,7529000,0,3494000,13132000
3173800,Nebraska,3,3,MINATARE PUBLIC SCHOOLS,152,4142000,297000,297000,0,0,1000,118000
3173830,Nebraska,3,3,MINDEN PUBLIC SCHOOLS,820,12698000,1663000,1298000,353000,0,12000,538000
3173890,Nebraska,3,3,MITCHELL PUBLIC SCHOOLS,620,9049000,739000,724000,0,0,15000,310000
3174040,Nebraska,3,3,MULLEN PUBLIC SCHOOLS,163,3993000,336000,334000,1000,0,0,109000
3174160,Nebraska,3,3,NEBRASKA CITY PUBLIC SCHOOLS,1428,17708000,3180000,2700000,433000,0,47000,1080000
3174200,Nebraska,3,3,CONESTOGA PUBLIC SCHOOLS,709,11382000,1645000,1269000,206000,0,171000,644000
3174220,Nebraska,3,3,NELIGH-OAKDALE SCHOOLS,351,6280000,621000,544000,33000,0,43000,225000
3174340,Nebraska,3,3,NEWMAN GROVE PUBLIC SCHOOLS,219,3754000,246000,239000,4000,0,4000,80000
3174370,Nebraska,3,3,NIOBRARA PUBLIC SCHOOLS,214,5577000,622000,592000,0,0,30000,180000
3174430,Nebraska,3,3,NORFOLK PUBLIC SCHOOLS,4518,60655000,9319000,7323000,1831000,0,165000,3286000
3174580,Nebraska,3,3,NORTHWEST PUBLIC SCHOOLS,1465,20410000,2093000,1466000,617000,0,9000,652000
3174640,Nebraska,3,3,OAKLAND CRAIG PUBLIC SCHOOLS,416,6933000,707000,676000,5000,0,25000,303000
3174760,Nebraska,3,3,OGALLALA PUBLIC SCHOOLS,845,13882000,1964000,1679000,240000,0,45000,736000
3174820,Nebraska,3,3,OMAHA PUBLIC SCHOOLS,51754,858360000,105729000,66333000,20277000,0,19120000,27794000
3174850,Nebraska,3,3,O'NEILL PUBLIC SCHOOLS,829,13264000,1966000,1575000,335000,0,56000,728000
3174940,Nebraska,3,3,ORD PUBLIC SCHOOLS,562,9281000,905000,776000,120000,0,9000,380000
3175000,Nebraska,3,3,OSCEOLA PUBLIC SCHOOLS,244,4949000,535000,409000,124000,0,3000,167000
3175030,Nebraska,3,3,OSMOND COMMUNITY SCHOOLS,170,3935000,512000,393000,79000,0,40000,128000
3175060,Nebraska,3,3,OVERTON PUBLIC SCHOOLS,277,4778000,252000,252000,0,0,0,121000
3175210,Nebraska,3,3,PALMYRA DISTRICT O R 1,711,8503000,1113000,719000,373000,0,21000,398000
3175270,Nebraska,3,3,PAPILLION LA VISTA COMMUNITY SCHOOLS,12031,149455000,25321000,19886000,4275000,0,1160000,9842000
3175330,Nebraska,3,3,PAWNEE CITY PUBLIC SCHOOLS,268,5288000,588000,437000,134000,0,17000,187000
3175360,Nebraska,3,3,PAXTON CONSOLIDATED SCHOOLS,207,4103000,352000,318000,34000,0,0,96000
3175390,Nebraska,3,3,PENDER PUBLIC SCHOOLS,443,6961000,822000,815000,0,0,7000,300000
3175510,Nebraska,3,3,PIERCE PUBLIC SCHOOLS,690,9562000,938000,823000,100000,0,15000,229000
3175570,Nebraska,3,3,PLAINVIEW PUBLIC SCHOOLS,346,5720000,432000,338000,18000,0,77000,137000
3175630,Nebraska,3,3,SPRINGFIELD PLATTEVIEW COMMUNITY SCHOOLS,1203,19345000,2621000,1890000,554000,0,176000,888000
3175660,Nebraska,3,3,PLATTSMOUTH COMMUNITY SCHOOLS,1504,21183000,4177000,3344000,548000,0,284000,1550000
3175690,Nebraska,3,3,PLEASANTON PUBLIC SCHOOLS,304,4449000,386000,386000,0,0,0,123000
3175770,Nebraska,3,3,PONCA PUBLIC SCHOOLS,442,7252000,497000,487000,0,0,11000,261000
3175810,Nebraska,3,3,POTTER-DIX PUBLIC SCHOOLS,166,3982000,309000,309000,0,0,0,3000
3175900,Nebraska,3,3,RALSTON PUBLIC SCHOOLS,3352,44341000,7128000,5359000,1167000,0,603000,2389000
3175930,Nebraska,3,3,RANDOLPH PUBLIC SCHOOLS,260,4504000,320000,311000,0,0,9000,94000
3175960,Nebraska,3,3,RAVENNA PUBLIC SCHOOLS,413,7610000,1080000,983000,70000,0,27000,381000
3175990,Nebraska,3,3,RED CLOUD COMMUNITY SCHOOLS,269,5107000,954000,773000,180000,0,0,351000
3176170,Nebraska,3,3,ROCK COUNTY PUBLIC SCHOOLS,238,4559000,346000,346000,0,0,0,120000
3176380,Nebraska,3,3,SANDHILLS PUBLIC SCHOOLS,82,3056000,124000,119000,5000,0,0,43000
3176400,Nebraska,3,3,ISANTI COMMUNITY SCHOOL,239,9381000,1114000,1112000,2000,0,0,346000
3176410,Nebraska,3,3,SARGENT PUBLIC SCHOOLS,174,3623000,213000,206000,7000,0,0,101000
3176450,Nebraska,3,3,SCHUYLER COMMUNITY SCHOOLS,1984,25807000,2417000,2141000,266000,0,10000,841000
3176470,Nebraska,3,3,SCOTTSBLUFF PUBLIC SCHOOLS,3519,45424000,8272000,6694000,1318000,0,260000,3298000
3176560,Nebraska,3,3,SEWARD PUBLIC SCHOOLS,1496,20359000,3146000,2662000,415000,0,69000,1277000
3176590,Nebraska,3,3,SHELBY - RISING CITY PUBLIC SCHOOLS,411,7077000,713000,545000,155000,0,13000,178000
3176620,Nebraska,3,3,SHELTON PUBLIC SCHOOLS,269,4606000,437000,431000,0,0,6000,182000
3176650,Nebraska,3,3,SHICKLEY PUBLIC SCHOOLS,164,3964000,371000,284000,78000,0,9000,148000
3176710,Nebraska,3,3,SIDNEY PUBLIC SCHOOLS,1276,17391000,1835000,1447000,336000,0,52000,665000
3176800,Nebraska,3,3,SIOUX COUNTY PUBLIC SCHOOLS,89,3215000,221000,212000,7000,0,2000,68000
3176860,Nebraska,3,3,SO SIOUX CITY COMMUNITY SCHS,3783,55072000,8350000,6829000,1006000,0,514000,2850000
3176980,Nebraska,3,3,ST EDWARD PUBLIC SCHOOLS,172,3479000,437000,396000,40000,0,1000,104000
3177100,Nebraska,3,3,STAPLETON PUBLIC SCHOOLS,180,3509000,238000,236000,0,0,1000,104000
3177180,Nebraska,3,3,SOUTHERN SCHOOL DISTRICT 1,379,6248000,957000,837000,94000,0,25000,340000
3177190,Nebraska,3,3,STERLING PUBLIC SCHOOLS,224,3578000,240000,227000,13000,0,0,115000
3177340,Nebraska,3,3,SUMNER-EDDYVILLE-MILLER SCHS,222,4569000,434000,403000,0,0,32000,113000
3177520,Nebraska,3,3,SUTTON PUBLIC SCHOOLS,420,6828000,862000,633000,203000,0,26000,259000
3177550,Nebraska,3,3,SYRACUSE-DUNBAR-AVOCA SCHOOLS,793,10868000,1626000,1368000,222000,0,36000,666000
3177730,Nebraska,3,3,THEDFORD PUBLIC SCHOOLS,137,3114000,65000,65000,0,0,0,42000
3178020,Nebraska,3,3,VALENTINE COMMUNITY SCHOOLS,623,12707000,1302000,1049000,229000,0,24000,492000
3178120,Nebraska,3,3,VERDIGRE PUBLIC SCHOOLS,147,3163000,256000,256000,0,0,0,87000
3178210,Nebraska,3,3,WAHOO PUBLIC SCHOOLS,1085,16241000,2754000,2178000,413000,0,162000,1069000
3178240,Nebraska,3,3,WAKEFIELD PUBLIC SCHOOLS,567,8806000,671000,671000,0,0,0,263000
3178260,Nebraska,3,3,WALLACE PUBLIC SCH DIST 65 R,183,4329000,347000,347000,0,0,0,144000
3178300,Nebraska,3,3,WALTHILL PUBLIC SCHOOLS,281,7266000,811000,780000,0,0,31000,321000
3178450,Nebraska,3,3,WAUSA PUBLIC SCHOOLS,216,4092000,346000,330000,0,0,16000,95000
3178520,Nebraska,3,3,WAYNE COMMUNITY SCHOOLS,997,12539000,1187000,1046000,117000,0,23000,421000
3178540,Nebraska,3,3,WEEPING WATER PUBLIC SCHOOLS,310,6588000,651000,524000,127000,0,0,296000
3178660,Nebraska,3,3,WESTSIDE COMMUNITY SCHOOLS,6271,96271000,17291000,13152000,3613000,0,525000,5785000
3178670,Nebraska,3,3,WHEELER CENTRAL SCHOOLS,127,3599000,128000,121000,5000,0,2000,63000
3178720,Nebraska,3,3,WILBER-CLATONIA PUBLIC SCHOOLS,624,9088000,1398000,1041000,320000,0,36000,365000
3178810,Nebraska,3,3,WINNEBAGO PUBLIC SCHOOLS DISTRICT 17,629,15879000,2876000,2876000,0,0,0,1100000
3178840,Nebraska,3,3,WINSIDE PUBLIC SCHOOLS,244,4306000,277000,277000,0,0,0,98000
3178940,Nebraska,3,3,WOOD RIVER RURAL SCHOOLS,510,9798000,1088000,925000,104000,0,59000,378000
3178990,Nebraska,3,3,WYNOT PUBLIC SCHOOLS,187,3708000,245000,245000,0,0,0,108000
3179050,Nebraska,3,3,YORK PUBLIC SCHOOLS,1620,20224000,3429000,2711000,493000,0,225000,1069000
3179080,Nebraska,3,3,YUTAN PUBLIC SCHOOLS,506,7274000,719000,568000,116000,0,34000,303000
3200021,Nevada,3,3,DAVIDSON ACADEMY  SCHOOL DISTRICT,163,3867000,5000,0,0,0,0,0
3200030,Nevada,3,3,CHURCHILL COUNTY SCHOOL DISTRICT,3342,41595000,4621000,4423000,0,0,198000,1796000
3200060,Nevada,3,2,CLARK COUNTY SCHOOL DISTRICT,309787,3583997000,523988000,436338000,59458000,6748000,0,291316000
3200090,Nevada,3,3,DOUGLAS COUNTY SCHOOL DISTRICT,5312,64215000,9465000,6988000,836000,23000,399000,2898000
3200120,Nevada,3,3,ELKO COUNTY SCHOOL DISTRICT,10161,132301000,5159000,4774000,122000,218000,0,4675000
3200150,Nevada,3,3,ESMERALDA COUNTY SCHOOL DISTRICT,88,3090000,164000,160000,4000,0,0,68000
3200180,Nevada,3,3,EUREKA COUNTY SCHOOL DISTRICT,333,9334000,700000,700000,0,0,0,288000
3200210,Nevada,3,3,HUMBOLDT COUNTY SCHOOL DISTRICT,3311,47292000,5866000,4158000,1246000,125000,231000,1783000
3200240,Nevada,3,3,LANDER COUNTY SCHOOL DISTRICT,1059,15623000,1914000,1629000,285000,0,0,621000
3200270,Nevada,3,3,LINCOLN COUNTY SCHOOL DISTRICT,958,16009000,13729000,759000,0,334000,0,910000
3200300,Nevada,3,3,LYON COUNTY SCHOOL DISTRICT,9053,108131000,13571000,9627000,2958000,0,714000,4943000
3200330,Nevada,3,3,MINERAL COUNTY SCHOOL DISTRICT,608,11242000,684000,684000,0,0,0,396000
3200360,Nevada,3,3,NYE COUNTY SCHOOL DISTRICT,5842,82227000,14016000,9557000,1963000,1123000,1306000,3122000
3200390,Nevada,3,2,CARSON CITY SCHOOL DISTRICT,7654,95624000,13056000,8056000,3705000,161000,801000,2909000
3200420,Nevada,3,3,PERSHING COUNTY SCHOOL DISTRICT,663,11988000,1356000,1133000,31000,1000,16000,527000
3200450,Nevada,3,3,STOREY COUNTY SCHOOL DISTRICT,416,8554000,421000,364000,51000,0,0,402000
3200480,Nevada,3,2,WASHOE COUNTY SCHOOL DISTRICT,64442,700461000,92114000,60639000,17685000,4816000,6782000,30772000
3200510,Nevada,3,3,WHITE PINE COUNTY SCHOOL DISTRICT,1307,21807000,2112000,1685000,0,4000,3000,609000
3300003,New Hampshire,2,3,John Stark Regional School District,610,13369000,2336000,1935000,0,0,155000,719000
3300017,New Hampshire,3,3,Exeter Region Cooperative School District,2398,59719000,14275000,10280000,0,0,1429000,5161000
3300035,New Hampshire,3,3,Gorham Randolph Shelburne Cooperative School District,380,8256000,2826000,2378000,0,0,16000,790000
3300616,New Hampshire,3,3,Milton School District,504,11440000,3198000,1321000,0,0,165000,983000
3301380,New Hampshire,1,3,Allenstown School District,337,8728000,3596000,1977000,0,0,316000,858000
3301440,New Hampshire,1,3,Alton School District,417,11481000,3083000,2704000,0,0,214000,917000
3301470,New Hampshire,1,3,Amherst School District,1347,30148000,9249000,6199000,0,0,246000,3561000
3301500,New Hampshire,1,3,Andover School District,185,4145000,1188000,871000,0,0,135000,251000
3301560,New Hampshire,1,3,Ashland School District,159,3958000,644000,411000,0,0,3000,235000
3301590,New Hampshire,1,3,Auburn School District,654,11047000,3919000,2846000,0,0,391000,735000
3301620,New Hampshire,1,3,Barnstead School District,469,9594000,2924000,2103000,0,0,291000,798000
3301650,New Hampshire,1,3,Barrington School District,947,18339000,6295000,3677000,0,0,531000,1872000
3301680,New Hampshire,1,3,Bartlett School District,189,5717000,1545000,1212000,0,0,4000,487000
3301710,New Hampshire,1,3,Bath School District,61,1814000,271000,193000,0,0,0,86000
3301740,New Hampshire,3,3,Bedford School District,4161,77343000,20072000,13970000,0,0,1814000,7708000
3301860,New Hampshire,3,3,Berlin School District,1010,23544000,5393000,4026000,0,0,33000,2714000
3301890,New Hampshire,1,3,Bethlehem School District,151,3690000,967000,701000,0,0,0,449000
3301950,New Hampshire,3,3,Bow School District,1663,31275000,7467000,5478000,0,0,215000,3245000
3302010,New Hampshire,1,3,Brentwood School District,293,6021000,1713000,1011000,0,0,4000,701000
3302070,New Hampshire,1,3,Brookline School District,582,10534000,3913000,2518000,0,0,416000,1056000
3302100,New Hampshire,1,3,Campton School District,280,7293000,1702000,1298000,0,0,127000,542000
3302130,New Hampshire,1,3,Candia School District,273,7370000,2991000,2228000,0,0,290000,386000
3302250,New Hampshire,1,3,Chester School District,502,9832000,2657000,1885000,0,0,194000,832000
3302280,New Hampshire,1,3,Chesterfield School District,263,6428000,1770000,1352000,0,0,31000,528000
3302310,New Hampshire,1,3,Chichester School District,197,5526000,1491000,1099000,0,0,140000,426000
3302340,New Hampshire,3,3,Claremont School District,1649,38607000,10397000,8767000,0,0,166000,3949000
3302400,New Hampshire,3,3,Colebrook School District,316,7225000,1016000,769000,0,0,0,590000
3302460,New Hampshire,3,3,Concord School District,4025,98528000,25850000,17678000,0,0,1771000,9470000
3302480,New Hampshire,3,3,Contoocook Valley School District,1969,53494000,15564000,12413000,0,0,851000,7165000
3302490,New Hampshire,3,3,Conway School District,1540,35162000,5724000,4650000,0,0,100000,2471000
3302520,New Hampshire,1,3,Cornish School District,125,3635000,981000,705000,0,0,37000,321000
3302580,New Hampshire,1,3,Deerfield School District,528,11754000,4661000,3687000,0,0,643000,1321000
3302610,New Hampshire,1,3,Derry Cooperative School District,3124,69013000,25268000,22333000,0,0,787000,7996000
3302640,New Hampshire,3,3,Dover School District,3743,72227000,20507000,16213000,0,0,1912000,7226000
3302670,New Hampshire,3,3,Dresden School District,1014,26500000,3430000,3344000,0,0,9000,2132000
3302760,New Hampshire,1,3,Dunbarton School District,255,4809000,1250000,745000,0,0,73000,435000
3302790,New Hampshire,1,3,East Kingston School District,131,3268000,753000,336000,0,0,64000,244000
3302880,New Hampshire,3,3,Epping School District,882,20168000,5102000,3383000,0,0,298000,1661000
3302910,New Hampshire,1,3,Epsom School District,392,9912000,3844000,2553000,0,0,209000,1333000
3302970,New Hampshire,1,3,Exeter School District,832,22413000,7814000,5332000,0,0,262000,3130000
3302990,New Hampshire,3,3,Fall Mountain Regional School District,1418,34031000,8801000,7423000,0,0,380000,3826000
3303000,New Hampshire,3,3,Farmington School District,792,16700000,3984000,2512000,0,0,67000,1708000
3303090,New Hampshire,3,3,Franklin School District,935,18976000,5505000,3467000,0,0,308000,1808000
3303150,New Hampshire,1,3,Fremont School District,375,8541000,3414000,2188000,0,0,261000,632000
3303180,New Hampshire,3,3,Gilford School District,1126,24064000,4623000,3951000,0,0,86000,1874000
3303210,New Hampshire,1,3,Gilmanton School District,365,8424000,1292000,636000,0,0,101000,329000
3303240,New Hampshire,3,3,Goffstown School District,2766,46825000,14710000,10378000,0,0,837000,5699000
3303276,New Hampshire,1,3,Mason School District,103,1880000,229000,216000,0,0,3000,105000
3303303,New Hampshire,1,3,Lempster School District,114,2759000,639000,433000,0,0,15000,191000
3303330,New Hampshire,3,3,Governor Wentworth Regional School District,2131,53060000,9999000,6098000,0,0,442000,4753000
3303360,New Hampshire,1,3,Grantham School District,271,6374000,1891000,1155000,0,0,52000,822000
3303420,New Hampshire,1,3,Greenland School District,371,9378000,2591000,1569000,0,0,99000,694000
3303480,New Hampshire,1,3,Hampstead School District,827,23570000,8679000,7030000,0,0,689000,2584000
3303510,New Hampshire,1,3,Hampton School District,947,23844000,6645000,4964000,0,0,324000,2389000
3303540,New Hampshire,1,3,Hampton Falls School District,185,6510000,1796000,1191000,0,0,88000,870000
3303600,New Hampshire,1,3,Hanover School District,455,12905000,4133000,3983000,0,0,150000,1685000
3303630,New Hampshire,1,3,Harrisville School District,55,1717000,326000,260000,0,0,0,91000
3303660,New Hampshire,3,3,Haverhill Cooperative School District,653,14626000,3442000,2553000,0,0,77000,1487000
3303690,New Hampshire,1,3,Henniker School District,400,8771000,2027000,1547000,0,0,87000,778000
3303720,New Hampshire,1,3,Hill School District,63,1282000,204000,146000,0,0,0,71000
3303750,New Hampshire,3,3,Hillsboro-Deering Cooperative School District,1044,25430000,7021000,5098000,0,0,463000,2999000
3303780,New Hampshire,3,3,Hinsdale School District,526,14363000,3572000,2478000,0,0,360000,1129000
3303810,New Hampshire,1,3,Holderness School District,152,4872000,928000,621000,0,0,57000,260000
3303840,New Hampshire,1,3,Hollis School District,666,14159000,3505000,2284000,0,0,337000,1636000
3303850,New Hampshire,2,3,Hollis-Brookline Cooperative School District,1139,24289000,5086000,3810000,0,0,438000,2043000
3303870,New Hampshire,1,3,Hooksett School District,1251,26609000,11771000,8281000,0,0,1648000,1574000
3303900,New Hampshire,3,3,Hopkinton School District,935,21702000,5540000,4482000,0,0,111000,2180000
3303930,New Hampshire,3,3,Hudson School District,3056,58227000,13115000,9251000,0,0,679000,4728000
3303960,New Hampshire,3,3,Inter-Lakes Cooperative School District,915,28491000,6664000,4571000,0,0,505000,2778000
3304030,New Hampshire,3,3,Jaffrey-Rindge Cooperative School District,1233,25975000,7642000,5486000,0,0,557000,2744000
3304040,New Hampshire,3,3,Kearsarge Regional School District,1728,43277000,8531000,7589000,0,0,144000,4428000
3304050,New Hampshire,3,3,Keene School District,3044,61083000,16815000,11748000,0,0,1015000,5501000
3304080,New Hampshire,1,3,Kensington School District,136,3889000,1086000,611000,0,0,34000,369000
3304140,New Hampshire,3,3,Laconia School District,1828,40262000,9962000,8721000,0,0,364000,3617000
3304150,New Hampshire,1,3,Lafayette Regional School District,88,3131000,656000,380000,0,0,0,244000
3304230,New Hampshire,3,3,Lebanon School District,1631,42356000,9761000,7032000,0,0,93000,4407000
3304260,New Hampshire,3,3,Lincoln-Woodstock Cooperative School District,268,7802000,1550000,1141000,0,0,0,481000
3304290,New Hampshire,3,3,Lisbon Regional School District,275,7040000,1769000,1596000,0,0,11000,584000
3304350,New Hampshire,3,3,Litchfield School District,1204,22863000,4762000,3118000,0,0,439000,1992000
3304380,New Hampshire,3,3,Littleton School District,652,17472000,3780000,2858000,0,0,142000,1541000
3304410,New Hampshire,3,3,Londonderry School District,4117,85656000,23093000,16043000,0,0,1654000,9679000
3304500,New Hampshire,1,3,Lyme School District,193,5941000,1296000,927000,0,0,8000,488000
3304560,New Hampshire,1,3,Madison School District,124,5466000,1738000,1481000,0,0,67000,283000
3304590,New Hampshire,3,3,Manchester School District,12063,218064000,58636000,39971000,0,0,10125000,25201000
3304620,New Hampshire,1,3,Marlborough School District,154,3799000,1073000,776000,0,0,29000,310000
3304650,New Hampshire,1,3,Marlow School District,57,1555000,692000,565000,0,0,81000,81000
3304670,New Hampshire,3,3,Mascenic Regional School District,918,17255000,3108000,1743000,0,0,211000,985000
3304680,New Hampshire,3,3,Mascoma Valley Regional School District,1090,27900000,8495000,5076000,0,0,1016000,2863000
3304740,New Hampshire,3,3,Merrimack School District,3561,77751000,23517000,18090000,0,0,1319000,7529000
3304760,New Hampshire,3,3,Merrimack Valley School District,2226,43210000,13256000,9226000,0,0,840000,5254000
3304800,New Hampshire,1,3,Milan School District,120,2382000,915000,566000,0,0,1000,169000
3304830,New Hampshire,3,3,Milford School District,2123,43934000,11861000,7061000,0,0,926000,3767000
3304890,New Hampshire,3,3,Monadnock Regional School District,1621,35814000,11485000,8164000,0,0,520000,2820000
3304920,New Hampshire,1,3,Monroe School District,92,2943000,590000,497000,0,0,20000,225000
3304950,New Hampshire,1,3,Mont Vernon School District,211,4608000,991000,750000,0,0,43000,328000
3304960,New Hampshire,3,3,Moultonborough School District,485,16026000,3141000,2079000,0,0,65000,1684000
3304980,New Hampshire,3,3,Nashua School District,9928,191759000,44458000,30022000,0,0,3919000,20385000
3305010,New Hampshire,1,3,Nelson School District,59,1597000,384000,317000,0,0,9000,150000
3305040,New Hampshire,1,3,New Boston School District,512,9492000,3284000,2436000,0,0,235000,1043000
3305190,New Hampshire,1,3,Newfields School District,118,2899000,822000,404000,0,0,27000,289000
3305220,New Hampshire,3,3,Newfound Area School District,1167,24594000,6221000,4266000,0,0,278000,2322000
3305250,New Hampshire,1,3,Newington School District,51,1767000,275000,143000,0,0,40000,82000
3305280,New Hampshire,3,3,Newmarket School District,965,22750000,5954000,4446000,0,0,386000,2166000
3305310,New Hampshire,3,3,Newport School District,809,19388000,4982000,3763000,0,0,209000,1710000
3305370,New Hampshire,1,3,North Hampton School District,303,9372000,2666000,2020000,0,0,85000,1369000
3305400,New Hampshire,3,3,Northumberland School District,322,6623000,1163000,814000,0,0,14000,502000
3305430,New Hampshire,1,3,Northwood School District,388,9211000,3773000,3402000,0,0,137000,1446000
3305460,New Hampshire,1,3,Nottingham School District,505,9990000,2303000,2024000,0,0,279000,1021000
3305520,New Hampshire,3,3,Oyster River Coop School District,2141,49307000,10357000,7048000,0,0,306000,3993000
3305550,New Hampshire,3,3,Pelham School District,1686,31577000,7838000,5288000,0,0,525000,2709000
3305580,New Hampshire,3,3,Pembroke School District,1431,27478000,6358000,5257000,0,0,497000,2623000
3305670,New Hampshire,1,3,Piermont School District,53,2044000,792000,666000,0,0,32000,95000
3305700,New Hampshire,3,3,Pittsburg School District,89,3403000,239000,150000,0,0,0,147000
3305730,New Hampshire,3,3,Pittsfield School District,517,11492000,3674000,2619000,0,0,387000,1443000
3305760,New Hampshire,1,3,Plainfield School District,206,6302000,2119000,1738000,0,0,39000,476000
3305790,New Hampshire,1,3,Plymouth School District,387,9743000,2600000,2044000,0,0,32000,1016000
3305820,New Hampshire,3,3,Portsmouth School District,2482,62396000,14200000,11678000,0,0,544000,6243000
3305830,New Hampshire,2,3,Profile School District,210,5822000,1135000,710000,0,0,38000,326000
3305880,New Hampshire,3,3,Raymond School District,1171,26362000,7501000,5666000,0,0,1088000,1571000
3305940,New Hampshire,3,3,Rochester School District,3891,71550000,17404000,9889000,0,0,888000,7628000
3305970,New Hampshire,1,3,Rollinsford School District,128,4110000,1290000,965000,0,0,115000,358000
3306000,New Hampshire,1,3,Rumney School District,85,3217000,571000,383000,0,0,0,232000
3306030,New Hampshire,1,3,Rye School District,399,11845000,2663000,1481000,0,0,59000,696000
3306060,New Hampshire,3,3,Salem School District,3607,71813000,15036000,9800000,0,0,1194000,6801000
3306080,New Hampshire,3,3,Sanborn Regional School District,1395,34624000,9231000,7059000,0,0,342000,3495000
3306150,New Hampshire,1,3,Seabrook School District,660,17182000,4088000,2694000,0,0,135000,1869000
3306180,New Hampshire,3,3,Shaker Regional School District,1161,25450000,5357000,3414000,0,0,203000,2224000
3306240,New Hampshire,3,3,Somersworth School District,1328,29602000,8411000,6298000,0,0,912000,2581000
3306260,New Hampshire,2,3,Souhegan Cooperative School District,698,18109000,4936000,3726000,0,0,226000,1790000
3306270,New Hampshire,1,3,South Hampton School District,89,2397000,686000,530000,0,0,0,318000
3306360,New Hampshire,1,3,Stewartstown School District,53,2055000,365000,318000,0,0,0,155000
3306390,New Hampshire,1,3,Stoddard School District,58,1683000,394000,253000,0,0,34000,115000
3306420,New Hampshire,1,3,Strafford School District,403,7621000,1604000,1445000,0,0,159000,733000
3306450,New Hampshire,1,3,Stratford School District,63,1908000,199000,163000,0,0,0,78000
3306480,New Hampshire,1,3,Stratham School District,521,13339000,4306000,2454000,0,0,125000,1694000
3306540,New Hampshire,3,3,Sunapee School District,374,12764000,3018000,2169000,0,0,125000,1042000
3306600,New Hampshire,1,3,Tamworth School District,184,6289000,1472000,1148000,0,0,127000,628000
3306660,New Hampshire,1,3,Thornton School District,185,5259000,1165000,927000,0,0,36000,474000
3306720,New Hampshire,3,3,Timberlane Regional School District,3312,69794000,15794000,13029000,0,0,792000,6650000
3306750,New Hampshire,1,3,Unity School District,100,2417000,440000,412000,0,0,0,239000
3306780,New Hampshire,1,3,Wakefield School District,450,8599000,3433000,2199000,0,0,214000,808000
3306870,New Hampshire,1,3,Warren School District,67,2040000,359000,217000,0,0,34000,130000
3306900,New Hampshire,1,3,Washington School District,52,1617000,147000,147000,0,0,0,84000
3306910,New Hampshire,1,3,Waterville Valley School District,51,1475000,283000,261000,0,0,0,137000
3306930,New Hampshire,1,3,Weare School District,897,16544000,3997000,2720000,0,0,324000,1716000
3306990,New Hampshire,1,3,Wentworth School District,68,2213000,821000,722000,0,0,0,162000
3307020,New Hampshire,1,3,Westmoreland School District,110,2778000,529000,435000,0,0,2000,177000
3307050,New Hampshire,3,3,White Mountains Regional School District,970,25735000,5189000,3404000,0,0,365000,1530000
3307115,New Hampshire,3,3,Wilton-Lyndeborough Cooperative School District,563,12143000,3535000,1296000,0,0,292000,669000
3307140,New Hampshire,1,3,Winchester School District,357,9183000,5026000,3177000,0,0,442000,682000
3307170,New Hampshire,3,3,Windham School District,3009,55376000,13876000,11180000,0,0,1162000,4553000
3307230,New Hampshire,2,3,Winnacunnet Cooperative School District,1063,27657000,5548000,4000000,0,0,482000,2125000
3307300,New Hampshire,3,3,Winnisquam Regional School District,1296,25656000,5784000,5016000,0,0,212000,1798000
3399965,New Hampshire,2,3,Pemi-baker Regional School District,646,14990000,2933000,2210000,0,0,302000,929000
3400004,New Jersey,3,3,School District of the Chathams,3604,88923000,12330000,7997000,4333000,0,0,5322000
3400008,New Jersey,1,3,Great Meadows Regional School District,642,14253000,2122000,1274000,825000,0,0,784000
3400009,New Jersey,3,3,Somerset Hills Regional School District,1723,48487000,5112000,2642000,2253000,0,0,2168000
3400660,New Jersey,1,3,Absecon Public Schools District,947,22028000,2577000,1586000,951000,0,0,1178000
3400690,New Jersey,1,3,Alexandria Township School District,447,12073000,1993000,1373000,621000,0,0,1319000
3400720,New Jersey,1,3,Allamuchy Township School District,426,10438000,1324000,840000,435000,0,0,470000
3400750,New Jersey,1,3,Allendale Public School District,906,20408000,2155000,933000,1222000,0,0,711000
3400769,New Jersey,3,3,South Hunterdon Regional School District,808,28461000,3574000,2577000,822000,0,0,1778000
3400772,New Jersey,3,3,Mastery Schools of Camden Inc.,2880,75140000,9366000,8723000,643000,0,0,3392000
3400776,New Jersey,3,3,Camden Prep Inc.,1162,28698000,47000,29000,4000,0,0,29000
3400777,New Jersey,3,3,KIPP: Cooper Norcross A New Jersey Nonprofit Corporation,2026,50414000,500000,0,500000,0,0,0
3400810,New Jersey,1,3,Alloway Twp School District,262,6918000,835000,409000,387000,0,0,322000
3400840,New Jersey,1,3,Alpha Borough School District,169,6048000,1104000,609000,130000,0,0,297000
3400870,New Jersey,1,3,Alpine School District,165,6790000,780000,284000,457000,0,0,218000
3400900,New Jersey,1,3,Andover Regional School District,428,15369000,2919000,1066000,1137000,0,0,909000
3400930,New Jersey,3,3,Asbury Park School District,1410,73963000,5943000,4282000,1602000,0,0,2816000
3400960,New Jersey,3,3,Atlantic City School District,6346,205779000,17332000,13743000,3492000,0,0,10753000
3401020,New Jersey,1,3,Atlantic Highlands School District,256,7409000,1116000,702000,414000,0,0,555000
3401050,New Jersey,3,3,Audubon Public School District,1405,33869000,4055000,2754000,1301000,0,0,2068000
3401110,New Jersey,1,3,Avalon School District,83,3984000,164000,82000,82000,0,0,77000
3401140,New Jersey,1,3,Avon Boro School District,117,4294000,531000,307000,223000,0,0,230000
3401170,New Jersey,1,3,Barrington School District,555,14217000,2375000,1596000,780000,0,0,1229000
3401230,New Jersey,1,3,Bay Head Borough School District,123,4234000,391000,250000,141000,0,0,85000
3401260,New Jersey,3,3,Bayonne School District,10064,228435000,37518000,21306000,10984000,0,0,13260000
3401290,New Jersey,1,3,Beach Haven School District,72,2484000,148000,76000,72000,0,0,56000
3401320,New Jersey,1,3,Bedminster Township Public School District,452,15303000,2552000,1439000,950000,0,0,1008000
3401350,New Jersey,3,3,Belleville Public School District,4868,120162000,13496000,8291000,4786000,0,0,5648000
3401380,New Jersey,1,3,Bellmawr Public School District,1156,26964000,3259000,1952000,1307000,0,0,1319000
3401410,New Jersey,1,3,Belmar Elementary School District,394,12859000,1691000,1027000,663000,0,0,506000
3401440,New Jersey,3,3,Belvidere School District,602,18008000,1758000,1287000,470000,0,0,1189000
3401500,New Jersey,3,3,Bergenfield Borough School District,3618,92040000,15985000,10549000,3934000,0,0,3035000
3401530,New Jersey,3,3,Berkeley Heights School District,2470,67288000,9349000,6145000,3159000,0,0,4108000
3401560,New Jersey,1,3,Berkeley Township School District,2427,51290000,7473000,4324000,2785000,0,0,2947000
3401590,New Jersey,1,3,Berlin Borough School District,770,16762000,2890000,1818000,1072000,0,0,1401000
3401620,New Jersey,1,3,Berlin Township School District,607,16328000,2409000,1602000,807000,0,0,1223000
3401650,New Jersey,3,3,Bernards Township School District,4732,130308000,21701000,15835000,5860000,0,0,8961000
3401710,New Jersey,1,3,Bethlehem Township School District,355,9741000,1565000,1001000,564000,0,0,816000
3401740,New Jersey,1,3,Beverly City School District,343,8931000,827000,367000,430000,0,0,354000
3401770,New Jersey,2,3,Black Horse Pike Regional School District,3502,83029000,9362000,6176000,2913000,0,0,4543000
3401800,New Jersey,1,3,Blairstown Elementary Township School District,430,11098000,2311000,1073000,1022000,0,0,996000
3401830,New Jersey,3,3,Bloomfield Township School District,6264,147359000,22494000,11682000,9724000,0,0,9447000
3401860,New Jersey,1,3,Bloomingdale School District,615,17379000,2370000,594000,1216000,0,0,209000
3401890,New Jersey,1,3,Bloomsbury Borough School District,96,3314000,620000,394000,220000,0,0,262000
3401920,New Jersey,3,3,Bogota Public School District,1258,29659000,4892000,3271000,1540000,0,0,1539000
3401950,New Jersey,3,3,Boonton Town Public School District,1490,41768000,8697000,4895000,3117000,0,0,2284000
3401980,New Jersey,1,3,Boonton Township School District,386,11393000,1445000,981000,454000,0,0,502000
3402030,New Jersey,3,3,Bordentown Regional School District,2231,55285000,7726000,3609000,3769000,0,0,2672000
3402100,New Jersey,3,3,Bound Brook School District,1983,53362000,5134000,3538000,1506000,0,0,2372000
3402130,New Jersey,1,3,Bradley Beach School District,205,7982000,661000,119000,520000,0,0,88000
3402160,New Jersey,1,3,Branchburg Township School District,1283,39665000,5666000,3442000,1975000,0,0,2585000
3402220,New Jersey,3,3,Brick Township Public School District,8273,186850000,27078000,14592000,11230000,0,0,12982000
3402250,New Jersey,3,3,Bridgeton City School District,6137,154702000,11090000,6758000,3158000,0,0,4388000
3402280,New Jersey,3,3,Bridgewater-Raritan Regional School District,7981,207006000,30687000,18834000,11092000,0,0,13217000
3402310,New Jersey,1,3,Brielle Boro School District,487,12564000,2064000,1129000,935000,0,0,998000
3402340,New Jersey,1,3,Brigantine Public School District,390,19089000,2413000,1444000,865000,0,0,971000
3402370,New Jersey,1,3,Brooklawn Public School District,279,7508000,1121000,734000,387000,0,0,553000
3402400,New Jersey,3,3,Buena Regional School District,1558,46547000,5015000,3153000,1646000,0,0,2312000
3402430,New Jersey,3,3,Burlington City Public School District,1820,48824000,5636000,3674000,1788000,0,0,2857000
3402460,New Jersey,3,3,Burlington Township School District,3555,86893000,14414000,5986000,6641000,0,0,4607000
3402520,New Jersey,3,3,Butler Public School District,1144,29996000,4339000,2464000,1425000,0,0,2131000
3402550,New Jersey,1,3,Byram Township School District,833,18416000,2855000,1702000,1133000,0,0,1232000
3402580,New Jersey,3,3,Caldwell-West School District,2560,62666000,9894000,5752000,3495000,0,0,3785000
3402610,New Jersey,1,3,Califon Borough School District,86,3150000,373000,191000,175000,0,0,150000
3402640,New Jersey,3,3,Camden City School District,5858,263343000,21734000,13794000,7911000,0,0,10880000
3402700,New Jersey,1,3,Cape May City School District,156,5249000,432000,160000,222000,0,0,157000
3402790,New Jersey,1,3,Carlstadt Public School District,520,14551000,1196000,546000,650000,0,0,477000
3402800,New Jersey,2,3,Carlstadt-East Rutherford Regional High School District,771,19573000,1964000,866000,1059000,0,0,459000
3402820,New Jersey,3,3,Carteret Public School District,3773,87778000,9428000,6505000,2923000,0,0,4388000
3402850,New Jersey,3,3,Cedar Grove Township School District,1565,38775000,4892000,2664000,2130000,0,0,2023000
3402880,New Jersey,2,3,Sterling Regional School District,894,21046000,1730000,1157000,573000,0,0,764000
3402910,New Jersey,2,3,Central Regional School District,2322,54564000,7809000,6013000,1612000,0,0,3657000
3403000,New Jersey,3,3,Cherry Hill School District,10706,266065000,46897000,27505000,13042000,0,0,15247000
3403060,New Jersey,1,3,Chester Township School District,1005,27517000,3049000,1880000,1102000,0,0,1235000
3403090,New Jersey,1,3,Chesterfield Township School District,715,15779000,2855000,1283000,1519000,0,0,1269000
3403120,New Jersey,3,3,Cinnaminson Township School District,2838,65044000,8991000,4481000,3909000,0,0,3322000
3403150,New Jersey,3,3,Clark Township Public School District,2239,47855000,6807000,2743000,2577000,0,0,1980000
3403180,New Jersey,3,3,Clayton Public School District,1467,32057000,3523000,1895000,1501000,0,0,1212000
3403210,New Jersey,2,3,Clearview Regional High School District,2184,43928000,4715000,3253000,1280000,0,0,2186000
3403240,New Jersey,1,3,Clementon Elementary School District,574,12323000,1914000,1181000,734000,0,0,821000
3403270,New Jersey,3,3,Cliffside Park School District,3067,70042000,10592000,5797000,3907000,0,0,3267000
3403300,New Jersey,3,3,Clifton Public School District,10734,242433000,30269000,15348000,13921000,0,0,13411000
3403330,New Jersey,1,3,Clinton-Glen Gardner School District,450,11855000,2042000,1004000,1037000,0,0,742000
3403360,New Jersey,1,3,Clinton Township School District,1166,34395000,4890000,1803000,3079000,0,0,1356000
3403390,New Jersey,1,3,Closter Public School District,1198,25962000,4299000,2192000,2107000,0,0,2024000
3403420,New Jersey,3,3,Collingswood Public School District,2271,52666000,5821000,3689000,2128000,0,0,2389000
3403450,New Jersey,1,3,Colts Neck Township School District,1000,33504000,5626000,3647000,1815000,0,0,2753000
3403480,New Jersey,1,3,Commercial Township School District,470,12828000,1386000,566000,817000,0,0,565000
3403540,New Jersey,1,3,Cranbury Township School District,447,16209000,2627000,1241000,532000,0,0,881000
3403570,New Jersey,3,3,Cranford Public School District,3729,85779000,14317000,9610000,4687000,0,0,6789000
3403600,New Jersey,3,3,Cresskill Public School District,1679,40695000,6785000,5131000,1654000,0,0,3293000
3403620,New Jersey,2,3,Cumberland Regional School District,1124,28826000,1630000,1071000,500000,0,0,776000
3403630,New Jersey,1,3,Deal Boro School District,159,5284000,678000,249000,366000,0,0,249000
3403660,New Jersey,1,3,Deerfield Township School District,317,7906000,902000,576000,327000,0,0,230000
3403690,New Jersey,1,3,Delanco Township School District,347,7963000,1530000,630000,847000,0,0,367000
3403720,New Jersey,1,3,Delaware Township School District,411,11467000,1503000,912000,556000,0,0,661000
3403750,New Jersey,2,3,Delaware Valley Regional High School District,722,24098000,2512000,1552000,960000,0,0,969000
3403780,New Jersey,3,3,Delran Township School District,2872,68018000,11102000,6074000,4153000,0,0,4328000
3403810,New Jersey,1,3,Demarest School District,763,19068000,2547000,1403000,1144000,0,0,1062000
3403840,New Jersey,1,3,Dennis Township School District,659,17633000,1845000,1311000,439000,0,0,746000
3403870,New Jersey,1,3,Denville Township K-8 School District,1680,43113000,7288000,4608000,2680000,0,0,2812000
3403900,New Jersey,3,3,Deptford Township Public School District,4042,88067000,10213000,5380000,4400000,0,0,1921000
3403930,New Jersey,3,3,Dover Public School District,3290,80995000,5223000,2772000,2451000,0,0,1861000
3403960,New Jersey,1,3,Downe Township School District,153,4276000,568000,294000,272000,0,0,166000
3403990,New Jersey,3,3,Dumont Public School District,2536,56083000,5313000,3425000,1577000,0,0,1821000
3404020,New Jersey,3,3,Dunellen Public School District,1288,26397000,3299000,1878000,1378000,0,0,1156000
3404050,New Jersey,1,3,Eagleswood Township School District,143,4327000,429000,241000,138000,0,0,125000
3404080,New Jersey,1,3,East Amwell Township School District,375,10920000,1360000,794000,559000,0,0,635000
3404110,New Jersey,3,3,East Brunswick Township School District,8114,215716000,29889000,17069000,9358000,0,0,11696000
3404140,New Jersey,1,3,East Greenwich Township School District,1282,24760000,3616000,2023000,1593000,0,0,1575000
3404170,New Jersey,1,3,East Hanover Township School District,967,26786000,4811000,2347000,1597000,0,0,1981000
3404200,New Jersey,1,3,East Newark School District,227,6056000,481000,196000,284000,0,0,132000
3404230,New Jersey,3,3,East Orange School District,8653,281143000,22291000,10124000,12154000,0,0,6176000
3404290,New Jersey,1,3,East Rutherford School District,740,22680000,3302000,1956000,1303000,0,0,1197000
3404320,New Jersey,3,3,East Windsor Regional School District,5079,124558000,15109000,9617000,5172000,0,0,6584000
3404350,New Jersey,1,3,Eastampton Township School District,573,12486000,2122000,1346000,776000,0,0,778000
3404380,New Jersey,2,3,Eastern Camden County Regional School District,1933,45239000,5571000,3855000,1591000,0,0,2319000
3404410,New Jersey,1,3,Eatontown Public School District,923,27563000,4120000,2839000,1219000,0,0,2139000
3404440,New Jersey,1,3,Edgewater School District,659,16449000,2489000,999000,1491000,0,0,823000
3404470,New Jersey,1,3,Edgewater Park Township School District,942,23975000,3200000,2275000,890000,0,0,1071000
3404500,New Jersey,3,3,Edison Township School District,16596,333873000,44790000,21692000,15196000,0,0,17454000
3404530,New Jersey,1,3,Egg Harbor City School District,553,14831000,1314000,950000,364000,0,0,791000
3404560,New Jersey,3,3,Egg Harbor Township School District,7473,187184000,25352000,14151000,9853000,0,0,11186000
3404590,New Jersey,3,3,Elizabeth Public Schools,27378,703912000,74402000,34812000,35851000,0,0,22176000
3404620,New Jersey,1,3,Elk Township School District,334,7106000,627000,149000,478000,0,0,148000
3404660,New Jersey,3,3,Elmwood Park School District,2540,51502000,8040000,4506000,3518000,0,0,3941000
3404680,New Jersey,1,3,Elsinboro Township School District,117,3125000,217000,137000,80000,0,0,117000
3404710,New Jersey,3,3,Emerson Public School District,1055,27018000,3758000,2582000,1122000,0,0,1652000
3404740,New Jersey,3,3,Englewood Public School District,2873,81262000,11046000,6540000,4071000,0,0,3945000
3404770,New Jersey,1,3,Englewood Cliffs School District,391,14495000,1795000,795000,1000000,0,0,676000
3404830,New Jersey,1,3,Essex Fells School District,244,7105000,1162000,587000,575000,0,0,587000
3404860,New Jersey,1,3,Estell Manor School District,177,4828000,369000,232000,118000,0,0,173000
3404890,New Jersey,1,3,Evesham Township School District,4379,95313000,16865000,9860000,6539000,0,0,7815000
3404920,New Jersey,3,3,Ewing Township School District,3469,96948000,13558000,7600000,3525000,0,0,5891000
3404950,New Jersey,1,3,Fair Haven School District,962,21561000,3270000,2228000,1041000,0,0,1858000
3404980,New Jersey,3,3,Fair Lawn Public School District,5466,128071000,21169000,13153000,7200000,0,0,7159000
3405010,New Jersey,1,3,Fairfield Public School District,693,16516000,2337000,1199000,870000,0,0,1177000
3405040,New Jersey,1,3,Fairfield Township School District,505,10827000,1227000,692000,291000,0,0,399000
3405070,New Jersey,1,3,Fairview Public School District,1540,33205000,3613000,2053000,1218000,0,0,1388000
3405130,New Jersey,1,3,Farmingdale Public School District,163,4451000,799000,543000,255000,0,0,543000
3405190,New Jersey,1,3,Flemington-Raritan Regional School District,3137,79166000,12771000,10000000,2771000,0,0,5872000
3405220,New Jersey,3,3,Florence Township School District,1506,34711000,7360000,4209000,3036000,0,0,2446000
3405250,New Jersey,1,3,Florham Park School District,952,25781000,4526000,2526000,1864000,0,0,1896000
3405280,New Jersey,1,3,Folsom Borough School District,376,10121000,1156000,747000,408000,0,0,647000
3405310,New Jersey,3,3,Fort Lee School District,3992,93367000,16626000,7627000,5877000,0,0,5561000
3405340,New Jersey,1,3,Frankford Township Consolidated School District,504,14418000,2035000,1270000,744000,0,0,800000
3405370,New Jersey,1,3,Franklin Lakes School District,1211,42074000,7647000,4320000,2576000,0,0,2820000
3405400,New Jersey,1,3,Franklin Borough School District,474,12960000,1955000,1241000,714000,0,0,833000
3405430,New Jersey,1,3,Township of Franklin School District,1326,28363000,3000000,1812000,1012000,0,0,1473000
3405460,New Jersey,1,3,Franklin Township School District,280,8323000,1931000,1036000,866000,0,0,502000
3405490,New Jersey,3,3,Franklin Township Public School District,7123,190763000,29957000,13496000,9982000,0,0,9830000
3405520,New Jersey,1,3,Franklin Township School District,199,6132000,675000,257000,419000,0,0,208000
3405550,New Jersey,1,3,Fredon Township School District,179,4997000,476000,188000,280000,0,0,188000
3405580,New Jersey,1,3,Freehold Borough School District,1592,42027000,5897000,4347000,1546000,0,0,2790000
3405610,New Jersey,2,3,Freehold Regional High School District,10316,221394000,26642000,16906000,9044000,0,0,11934000
3405640,New Jersey,1,3,Freehold Township School District,3445,95438000,16656000,11146000,4818000,0,0,7808000
3405670,New Jersey,1,3,Frelinghuysen Township School District,131,3175000,256000,133000,122000,0,0,133000
3405700,New Jersey,1,3,Frenchtown Borough School District,104,3244000,512000,263000,248000,0,0,207000
3405730,New Jersey,1,3,Galloway Township Public School District,3061,82148000,13039000,9557000,3453000,0,0,6106000
3405760,New Jersey,3,3,Garfield Public School District,4709,130233000,19761000,13475000,4421000,0,0,7799000
3405790,New Jersey,1,3,Garwood Boro,357,7841000,1502000,915000,526000,0,0,730000
3405820,New Jersey,2,3,Gateway Regional High School District,849,28828000,3259000,1963000,820000,0,0,1428000
3405850,New Jersey,1,3,Gibbsboro Elementary School District,281,7369000,1216000,764000,452000,0,0,616000
3405880,New Jersey,3,3,Glassboro School District,1866,46741000,5587000,3182000,2131000,0,0,2332000
3405940,New Jersey,3,3,Glen Ridge Public School District,1810,43031000,5248000,3047000,2109000,0,0,2340000
3405970,New Jersey,3,3,Glen Rock Public School District,2590,63567000,9162000,4965000,4119000,0,0,3942000
3406000,New Jersey,3,3,Gloucester City Public School District,2323,54727000,7081000,4665000,2416000,0,0,3362000
3406030,New Jersey,1,3,Gloucester Township Public Schools,6548,137826000,18598000,12076000,5850000,0,0,8881000
3406060,New Jersey,2,3,Greater Egg Harbor Regional High School District,2968,87346000,9427000,5783000,1287000,0,0,4024000
3406090,New Jersey,1,3,Green Township School District,368,11758000,1582000,727000,368000,0,0,451000
3406120,New Jersey,1,3,Green Brook Township Public School District,727,20122000,3189000,1477000,1712000,0,0,1328000
3406150,New Jersey,1,3,Greenwich Township School District,82,2018000,106000,65000,41000,0,0,64000
3406180,New Jersey,1,3,Greenwich Township School District,423,12384000,1798000,873000,514000,0,0,610000
3406210,New Jersey,1,3,Greenwich Township School District,658,14898000,3905000,2361000,569000,0,0,1352000
3406240,New Jersey,1,3,Guttenberg School District,949,21903000,3118000,1620000,1498000,0,0,832000
3406270,New Jersey,3,3,Hackensack School District,5111,153457000,23652000,13937000,9714000,0,0,8791000
3406300,New Jersey,3,3,Hackettstown Public School District,2048,47903000,7563000,3997000,2401000,0,0,2885000
3406330,New Jersey,3,3,HADDON HEIGHTS School District,1483,31594000,4395000,3051000,1268000,0,0,1974000
3406360,New Jersey,3,3,Haddon Township School District,2072,44929000,6603000,3452000,3041000,0,0,1986000
3406390,New Jersey,3,3,Haddonfield School District,2758,53941000,8690000,3990000,4557000,0,0,3006000
3406420,New Jersey,1,3,Hainesport Township School District,526,13153000,2316000,1315000,998000,0,0,1091000
3406450,New Jersey,1,3,Haledon Public School District,1028,23231000,2726000,1968000,759000,0,0,1328000
3406480,New Jersey,1,3,Hamburg School District,246,8286000,1134000,642000,467000,0,0,522000
3406510,New Jersey,1,3,Hamilton Township School District,2875,61601000,9588000,5856000,3732000,0,0,4579000
3406540,New Jersey,3,3,Hamilton Township Public School District,11973,268580000,48837000,25267000,13519000,0,0,15755000
3406570,New Jersey,3,3,Hammonton School District,3340,72439000,6777000,3830000,2764000,0,0,2028000
3406600,New Jersey,1,3,Hampton Borough School District,103,3470000,792000,326000,466000,0,0,293000
3406630,New Jersey,1,3,Hampton Township School District,323,8456000,1682000,955000,727000,0,0,682000
3406660,New Jersey,2,3,Hanover Park Regional High School District,1326,41406000,4593000,1982000,2435000,0,0,1152000
3406690,New Jersey,1,3,Hanover Township School District,1237,36108000,4997000,2781000,2156000,0,0,1886000
3406720,New Jersey,1,3,Harding Township School District,285,12385000,2250000,1279000,545000,0,0,794000
3406780,New Jersey,1,3,Hardyston Township School District,595,15695000,3457000,1750000,1022000,0,0,1115000
3406810,New Jersey,1,3,Harmony Township School District,187,6900000,699000,415000,284000,0,0,395000
3406840,New Jersey,1,3,Harrington Park School District,615,16325000,2163000,1346000,816000,0,0,585000
3406870,New Jersey,3,3,Harrison Public Schools,2126,59471000,4564000,2754000,1509000,0,0,2011000
3406900,New Jersey,1,3,Harrison Township School District,1338,25504000,3174000,2054000,1080000,0,0,1170000
3406930,New Jersey,3,3,Hasbrouck Heights School District,1713,41587000,5787000,3210000,2575000,0,0,2463000
3406960,New Jersey,1,3,Haworth Public School District,424,12167000,1627000,805000,672000,0,0,803000
3406990,New Jersey,3,3,Hawthorne Public School District,2187,55863000,10684000,6306000,4086000,0,0,3850000
3407050,New Jersey,2,3,Henry Hudson Regional School District,296,11238000,813000,512000,254000,0,0,351000
3407110,New Jersey,1,3,High Bridge Borough School District,353,10682000,1827000,1046000,781000,0,0,1017000
3407140,New Jersey,2,3,High Point Regional High School District,817,26388000,2490000,1508000,983000,0,0,1092000
3407170,New Jersey,3,3,Highland Park Boro School District,1573,41310000,6641000,3922000,2703000,0,0,2865000
3407200,New Jersey,1,3,Highlands Borough School District,170,7715000,1124000,668000,446000,0,0,455000
3407230,New Jersey,3,3,Hillsborough Township Public School District,7215,162787000,24518000,12908000,9911000,0,0,11300000
3407260,New Jersey,1,3,Hillsdale School District,1109,30736000,4864000,2935000,1929000,0,0,2433000
3407290,New Jersey,3,3,Hillside Public School District,3018,76832000,8529000,4986000,3424000,0,0,3562000
3407320,New Jersey,1,3,Ho-Ho-Kus School District,542,14317000,1943000,923000,1020000,0,0,515000
3407350,New Jersey,3,3,Hoboken Public School District,2322,74253000,10701000,4255000,4288000,0,0,3411000
3407380,New Jersey,1,3,Holland Township School District,507,13717000,2899000,1337000,1556000,0,0,11000
3407410,New Jersey,3,3,Holmdel Township School District,2908,82175000,12639000,7462000,4068000,0,0,5627000
3407440,New Jersey,3,3,Hopatcong Borough School District,1396,38884000,5471000,3927000,1544000,0,0,2811000
3407470,New Jersey,1,3,Hope Township School District,131,4706000,912000,498000,414000,0,0,328000
3407500,New Jersey,1,3,Hopewell Township School District,512,10795000,1288000,744000,544000,0,0,541000
3407530,New Jersey,3,3,Hopewell Valley Regional School District,3442,109278000,15575000,10191000,4481000,0,0,7311000
3407560,New Jersey,1,3,Howell Township Public School District,5484,139503000,24121000,15206000,6539000,0,0,10048000
3407590,New Jersey,2,3,Hunterdon Central Regional High School District,2486,77941000,7297000,4515000,2468000,0,0,3042000
3407680,New Jersey,3,3,Irvington Public School District,6980,199984000,24536000,8003000,5445000,0,0,6931000
3407710,New Jersey,1,3,Island Heights School District,131,3684000,532000,394000,129000,0,0,294000
3407740,New Jersey,3,3,Jackson Township School District,7563,190175000,26906000,18083000,7821000,0,0,11515000
3407770,New Jersey,1,3,Jamesburg Public School District,666,15392000,2098000,1436000,662000,0,0,759000
3407800,New Jersey,3,3,Jefferson Township Public School District,2484,67333000,8589000,5602000,2987000,0,0,3357000
3407830,New Jersey,3,3,Jersey City Public Schools,25395,724381000,106310000,62256000,28092000,0,0,45552000
3407860,New Jersey,3,3,Keansburg School District,1562,41329000,5613000,4400000,1213000,0,0,3168000
3407890,New Jersey,3,3,Kearny,5361,132666000,11793000,8357000,2911000,0,0,6738000
3407920,New Jersey,3,3,Kenilworth School District,1455,36854000,5222000,3684000,1538000,0,0,2413000
3407950,New Jersey,3,3,Keyport School District,933,25142000,2309000,1739000,570000,0,0,1410000
3407980,New Jersey,2,3,Kingsway Regional School District,2901,54594000,5372000,3084000,2018000,0,0,2685000
3408010,New Jersey,1,3,Kingwood Township School District,325,8449000,1002000,688000,315000,0,0,512000
3408040,New Jersey,3,3,Kinnelon School District,1639,50882000,7222000,4209000,3012000,0,0,3354000
3408060,New Jersey,2,3,Kittatinny Regional School District,781,28568000,2194000,1597000,531000,0,0,1467000
3408070,New Jersey,1,3,Knowlton Township School District,179,5252000,734000,346000,365000,0,0,329000
3408100,New Jersey,3,3,Lacey Township School District,3822,87964000,13742000,10203000,3539000,0,0,6853000
3408130,New Jersey,1,3,Lafayette Township School District,205,5537000,600000,306000,293000,0,0,303000
3408160,New Jersey,1,3,Lakehurst School District,381,9429000,1392000,1121000,248000,0,0,834000
3408190,New Jersey,2,3,Lakeland Regional High School District,867,27570000,3993000,2212000,1020000,0,0,1487000
3408220,New Jersey,3,3,Lakewood Township School District,4616,241631000,34355000,10701000,23195000,0,0,8579000
3408280,New Jersey,1,3,Laurel Springs School District,185,4309000,1025000,668000,306000,0,0,206000
3408310,New Jersey,1,3,Lavallette Borough School District,155,4598000,359000,270000,88000,0,0,270000
3408340,New Jersey,1,3,Lawnside School District,324,8932000,1461000,462000,992000,0,0,328000
3408370,New Jersey,1,3,Lawrence Township School District,480,11959000,1440000,1008000,432000,0,0,409000
3408400,New Jersey,3,3,Lawrence Township Public School District,3639,98141000,15213000,9703000,4021000,0,0,5913000
3408430,New Jersey,1,3,Lebanon Borough School District,94,3279000,523000,261000,262000,0,0,175000
3408460,New Jersey,1,3,Lebanon Township School District,582,16152000,2914000,2081000,824000,0,0,1297000
3408490,New Jersey,2,3,Lenape Regional High School District,6554,190560000,25712000,14679000,7638000,0,0,10483000
3408500,New Jersey,2,3,Lenape Valley Regional High School District,667,20045000,2186000,1136000,776000,0,0,820000
3408520,New Jersey,3,3,Leonia Public School District,2109,46864000,6280000,3467000,2405000,0,0,2097000
3408580,New Jersey,1,3,Lincoln Park School District,878,21731000,4652000,2794000,1307000,0,0,1391000
3408610,New Jersey,3,3,Linden Public School District,6032,159136000,19583000,11307000,6310000,0,0,7726000
3408640,New Jersey,3,3,Lindenwold Public School District,3058,66111000,7887000,4530000,2577000,0,0,3243000
3408670,New Jersey,1,3,Linwood City School District,803,19173000,2632000,1337000,1283000,0,0,1195000
3408700,New Jersey,1,3,Little Egg Harbor Township School District,1665,41138000,5868000,3902000,1603000,0,0,3035000
3408730,New Jersey,1,3,Little Falls Township Public School District,920,22453000,2867000,1539000,1258000,0,0,630000
3408760,New Jersey,1,3,Little Ferry Public School District,787,20900000,2982000,1684000,1297000,0,0,1260000
3408790,New Jersey,1,3,Little Silver Boro School District,730,19053000,2468000,1547000,915000,0,0,1297000
3408820,New Jersey,3,3,Livingston Board of Education School District,6320,151940000,23987000,14495000,6895000,0,0,7562000
3408850,New Jersey,3,3,Lodi School District,3030,61935000,8329000,4310000,4020000,0,0,2132000
3408880,New Jersey,1,3,Logan Township School District,833,20814000,2765000,1262000,1275000,0,0,844000
3408910,New Jersey,1,3,Long Beach Island Consolidated School District,209,9033000,895000,368000,457000,0,0,368000
3408940,New Jersey,3,3,LONG BRANCH PUBLIC SCHOOL District,5454,146111000,14354000,9773000,4171000,0,0,6283000
3409000,New Jersey,1,3,Lopatcong Township School District,739,14607000,2904000,1790000,583000,0,0,1185000
3409030,New Jersey,1,3,The Lower Alloways Creek School District,177,4650000,679000,450000,214000,0,0,319000
3409090,New Jersey,2,3,Lower Cape May Regional School District,1190,36076000,3149000,2154000,774000,0,0,1926000
3409120,New Jersey,3,3,Pennsville School District,1796,41676000,4202000,2748000,1452000,0,0,2041000
3409150,New Jersey,1,3,Lower Township Elementary School District,1445,39227000,3032000,1600000,1394000,0,0,1599000
3409180,New Jersey,1,3,Lumberton Township Board of Education,1193,28956000,4426000,2761000,1614000,0,0,1797000
3409210,New Jersey,3,3,Lyndhurst Public School District,2591,57892000,7878000,5250000,2576000,0,0,3491000
3409240,New Jersey,3,3,Madison Public School District,2498,61930000,10150000,4618000,3978000,0,0,3924000
3409270,New Jersey,3,3,Old Bridge Township School District,8047,196295000,27474000,17471000,6189000,0,0,11395000
3409300,New Jersey,1,3,Magnolia School District,388,9997000,1617000,1077000,540000,0,0,719000
3409330,New Jersey,3,3,Mahwah Township Public School District,2681,84118000,14562000,6512000,7552000,0,0,5605000
3409360,New Jersey,2,3,Mainland Regional High School,1181,34150000,3601000,2330000,1035000,0,0,1409000
3409390,New Jersey,1,3,Manalapan-Englishtown Regional School District,4693,104459000,14495000,9555000,4389000,0,0,6665000
3409420,New Jersey,3,3,Manasquan School District,1447,38832000,4593000,3318000,1257000,0,0,2485000
3409450,New Jersey,3,3,Manchester Township School District,2846,76909000,12960000,8418000,2365000,0,0,4711000
3409480,New Jersey,1,3,Mannington Township School District,171,7847000,2084000,1740000,344000,0,0,1175000
3409510,New Jersey,1,3,Mansfield Township School District,548,14895000,2559000,1387000,1173000,0,0,1260000
3409540,New Jersey,1,3,Mansfield Township Elementary School District,543,14739000,2394000,1579000,757000,0,0,1272000
3409550,New Jersey,2,3,North Warren Regional School District,620,17674000,1966000,1325000,618000,0,0,1108000
3409600,New Jersey,1,3,Mantua Township School District,1255,29107000,4423000,3049000,1143000,0,0,2095000
3409630,New Jersey,3,3,Manville School District,1613,37421000,4398000,3138000,1260000,0,0,2237000
3409660,New Jersey,3,3,Maple Shade School District,2403,58773000,8748000,5734000,2628000,0,0,3902000
3409690,New Jersey,1,3,Margate City School District,336,13801000,2315000,1608000,659000,0,0,1216000
3409720,New Jersey,1,3,Marlboro Township School District,4522,112203000,16653000,12272000,3915000,0,0,9440000
3409750,New Jersey,3,3,Matawan-Aberdeen Regional School District,3902,98471000,15076000,7702000,5297000,0,0,5907000
3409780,New Jersey,1,3,Maurice River Township School District,393,9271000,861000,540000,207000,0,0,409000
3409810,New Jersey,1,3,Maywood School District,949,20851000,4212000,2828000,1337000,0,0,1612000
3409840,New Jersey,1,3,Medford Lakes School District,484,10601000,1656000,1044000,612000,0,0,756000
3409870,New Jersey,1,3,Medford Township School District,2660,66279000,11723000,8988000,2374000,0,0,5302000
3409900,New Jersey,1,3,Mendham Borough School District,491,13687000,1230000,636000,595000,0,0,404000
3409930,New Jersey,1,3,Mendham Township School District,757,24715000,2829000,1810000,865000,0,0,1360000
3409960,New Jersey,1,3,Merchantville School District,377,8583000,1320000,866000,420000,0,0,519000
3409990,New Jersey,3,3,Metuchen Public School District,2285,54031000,8914000,6374000,1695000,0,0,3564000
3410020,New Jersey,3,3,Middle Township Public School District,2577,58468000,6986000,4370000,2174000,0,0,3264000
3410050,New Jersey,3,3,Middlesex Borough School District,2021,47462000,7164000,4698000,2294000,0,0,3126000
3410110,New Jersey,3,3,Middletown Township Public School District,8955,221869000,40189000,23643000,10351000,0,0,15602000
3410140,New Jersey,3,3,Midland Park School District,854,28474000,4483000,2762000,1484000,0,0,1773000
3410170,New Jersey,1,3,Milford Borough School District,60,2077000,256000,200000,55000,0,0,96000
3410200,New Jersey,3,3,Millburn Township School District,4752,121908000,15916000,7406000,8220000,0,0,5892000
3410230,New Jersey,1,3,Millstone Township School District,1172,34685000,4884000,2238000,1556000,0,0,1764000
3410290,New Jersey,1,3,Milltown School District,824,17626000,2076000,1308000,769000,0,0,540000
3410320,New Jersey,3,3,Millville School District,4964,147485000,11240000,6887000,3404000,0,0,5559000
3410350,New Jersey,1,3,Mine Hill Township School District,355,8409000,1114000,489000,626000,0,0,243000
3410380,New Jersey,1,3,Monmouth Beach School District,257,7419000,335000,0,335000,0,0,0
3410440,New Jersey,2,3,Monmouth Regional High School,938,31039000,2182000,815000,1366000,0,0,221000
3410470,New Jersey,3,3,Monroe Township Public School District,5723,125947000,19974000,8891000,4334000,0,0,6891000
3410500,New Jersey,3,3,Monroe Township School District,6900,162802000,24208000,16820000,7372000,0,0,11187000
3410530,New Jersey,1,3,Montague Township School District,310,9328000,743000,345000,381000,0,0,340000
3410560,New Jersey,3,3,Montclair Public School District,6122,164946000,29809000,12358000,17235000,0,0,11374000
3410590,New Jersey,3,3,Montgomery Township School District,4572,115359000,15621000,9965000,5349000,0,0,7719000
3410620,New Jersey,1,3,Montvale Board of Education School District,950,24005000,3276000,1971000,1305000,0,0,1511000
3410650,New Jersey,3,3,Montville Township School District,3436,100502000,17586000,9567000,5225000,0,0,6421000
3410680,New Jersey,1,3,Moonachie School District,357,9177000,1441000,688000,754000,0,0,488000
3410710,New Jersey,3,3,Moorestown Township Public School District,3838,98760000,14600000,7998000,6116000,0,0,6939000
3410740,New Jersey,2,3,Morris Hills Regional School District,2634,85748000,10282000,5742000,4358000,0,0,3335000
3410770,New Jersey,1,3,Morris Plains School District,574,16351000,2699000,1791000,908000,0,0,704000
3410810,New Jersey,3,3,Morris School District,5198,140751000,20584000,12224000,6767000,0,0,7129000
3410860,New Jersey,1,3,Mount Arlington Public School District,337,10654000,1910000,921000,988000,0,0,723000
3410890,New Jersey,1,3,Mt. Ephraim School District,438,10708000,1536000,1014000,522000,0,0,709000
3410920,New Jersey,1,3,Mount Holly Township Public School District,1111,28007000,4504000,2965000,1459000,0,0,2147000
3410950,New Jersey,1,3,Mount Laurel Township School District,4160,95400000,14585000,9702000,3857000,0,0,6104000
3410980,New Jersey,3,3,Mount Olive Township School District,4754,120669000,17600000,10136000,6870000,0,0,7844000
3411010,New Jersey,3,3,Mountain Lakes Public School District,1357,46441000,8081000,6561000,1520000,0,0,5692000
3411040,New Jersey,1,3,Mountainside School District,736,17264000,2733000,1262000,689000,0,0,834000
3411070,New Jersey,1,3,Mullica Township School District,636,15882000,2071000,1004000,1067000,0,0,707000
3411100,New Jersey,1,3,National Park Boro School District,291,6302000,1107000,723000,384000,0,0,495000
3411130,New Jersey,1,3,Neptune City School District,252,8409000,1303000,431000,647000,0,0,176000
3411160,New Jersey,3,3,Neptune Township School District,3479,98159000,13490000,8194000,3511000,0,0,6006000
3411190,New Jersey,1,3,Netcong School District,295,7208000,1005000,573000,431000,0,0,413000
3411220,New Jersey,3,3,New Brunswick School District,8887,260593000,29410000,17472000,6748000,0,0,12200000
3411250,New Jersey,1,3,New Hanover Township,181,5326000,674000,390000,169000,0,0,303000
3411280,New Jersey,3,3,New Milford Public School District,2039,52451000,8017000,5275000,2579000,0,0,2276000
3411310,New Jersey,3,3,New Providence School District,2347,52311000,5911000,3683000,2050000,0,0,2608000
3411340,New Jersey,3,3,Newark Public School District,37662,1193129000,147818000,58326000,44647000,0,0,47838000
3411400,New Jersey,3,3,Newton Public School District,1495,39472000,4930000,2639000,1642000,0,0,1878000
3411430,New Jersey,3,3,North Arlington School District,1963,39325000,5318000,3894000,1423000,0,0,2029000
3411460,New Jersey,3,3,North Bergen School District,7206,159495000,20305000,12456000,6222000,0,0,8369000
3411490,New Jersey,3,3,North Brunswick Township School District,5712,152795000,22452000,12898000,6986000,0,0,9416000
3411520,New Jersey,1,3,North Caldwell School District,697,16787000,3047000,1754000,1293000,0,0,1259000
3411550,New Jersey,1,3,North Haledon School District,580,14293000,2093000,1259000,834000,0,0,956000
3411580,New Jersey,1,3,North Hanover Township School District,1422,36972000,5544000,2626000,1997000,0,0,2002000
3411610,New Jersey,2,3,North Hunterdon-Voorhees Regional High School District,1909,63369000,5535000,4204000,1331000,0,0,2614000
3411640,New Jersey,3,3,North Plainfield School District,3512,88541000,8829000,6081000,2459000,0,0,4497000
3411670,New Jersey,1,3,North Wildwood School District,169,9086000,907000,478000,427000,0,0,478000
3411700,New Jersey,2,3,Northern Burlington County Regional School District,2130,51702000,6625000,3445000,2464000,0,0,2387000
3411730,New Jersey,2,3,Northern Highlands Regional High School District,1287,36128000,2733000,1670000,1062000,0,0,1208000
3411760,New Jersey,3,3,Northern Valley Regional High School District,2177,96140000,9878000,4864000,2475000,0,0,3085000
3411790,New Jersey,1,3,Northfield City School District,868,20818000,2972000,2282000,686000,0,0,1742000
3411820,New Jersey,1,3,Northvale Public School District,533,13005000,2315000,1145000,1159000,0,0,1091000
3411850,New Jersey,1,3,Norwood Public School District,610,13124000,2152000,1080000,1072000,0,0,781000
3411880,New Jersey,3,3,Nutley Public School District,4011,94719000,14077000,7232000,4540000,0,0,5355000
3411910,New Jersey,1,3,Oakland Public School District,1294,39654000,5973000,2825000,2289000,0,0,2035000
3411940,New Jersey,1,3,Oaklyn Public School District,280,7333000,1380000,513000,867000,0,0,277000
3411970,New Jersey,3,3,Ocean City School District,1865,54696000,5691000,3150000,2268000,0,0,2724000
3412030,New Jersey,1,3,Ocean Gate School District,126,4233000,557000,266000,291000,0,0,127000
3412060,New Jersey,3,3,Township of Ocean School District,3192,96211000,12878000,8196000,4343000,0,0,6014000
3412090,New Jersey,1,3,Ocean Township School District,540,13376000,2074000,1144000,770000,0,0,645000
3412120,New Jersey,1,3,Oceanport School District,559,16278000,2945000,1858000,1087000,0,0,1437000
3412150,New Jersey,1,3,Ogdensburg Borough School District,281,6966000,905000,532000,364000,0,0,331000
3412180,New Jersey,1,3,Old Tappan Public School District,731,17595000,2109000,1408000,701000,0,0,867000
3412210,New Jersey,1,3,Oldmans Township School District,282,6140000,705000,305000,401000,0,0,225000
3412240,New Jersey,1,3,Oradell Public School District,804,15612000,2798000,1393000,1181000,0,0,931000
3412260,New Jersey,2,3,River Dell Regional School District,1571,43393000,5667000,3588000,1391000,0,0,2651000
3412270,New Jersey,3,3,ORANGE BOARD OF EDUCATION School District,5299,152235000,13412000,9046000,4366000,0,0,6338000
3412300,New Jersey,1,3,Oxford Township School District,249,6242000,1094000,547000,523000,0,0,434000
3412360,New Jersey,3,3,Palisades Park School District,1756,41436000,5017000,2426000,2204000,0,0,1816000
3412390,New Jersey,3,3,Palmyra Public School District,985,24449000,3052000,1451000,990000,0,0,874000
3412420,New Jersey,3,3,Paramus Public School District,3612,112487000,22476000,12232000,8945000,0,0,7213000
3412450,New Jersey,3,3,Park Ridge School District,1183,37894000,5795000,2456000,3329000,0,0,2059000
3412480,New Jersey,3,3,Parsippany-Troy Hills Township School District,7008,188898000,28855000,14447000,12874000,0,0,11545000
3412510,New Jersey,2,3,Pascack Valley Regional High School District,1772,66821000,6398000,4760000,1638000,0,0,3531000
3412540,New Jersey,3,3,Passaic City School District,12195,405954000,52539000,23774000,20841000,0,0,18363000
3412570,New Jersey,2,3,Passaic Valley Regional High School District,1039,31897000,4442000,3755000,687000,0,0,1022000
3412600,New Jersey,2,3,Passaic County Manchester Regional High School District,811,20517000,2691000,1958000,733000,0,0,561000
3412660,New Jersey,1,3,Long Hill Township School District,832,21395000,3139000,1194000,1945000,0,0,1173000
3412690,New Jersey,3,3,Paterson Public School District,22875,637865000,95474000,44162000,34564000,0,0,27665000
3412720,New Jersey,3,3,Paulsboro School District,1230,34526000,3238000,2255000,876000,0,0,1520000
3412810,New Jersey,3,3,Pemberton Township School District,4354,122673000,14417000,8479000,5169000,0,0,6571000
3412840,New Jersey,3,3,Penns Grove-Carneys Point Regional School District,2145,52182000,5597000,3518000,1707000,0,0,2928000
3412870,New Jersey,3,3,Pennsauken Township Board of Education School District,4788,116342000,12148000,6843000,4928000,0,0,5978000
3412900,New Jersey,3,3,Pequannock Township School District,2091,49854000,7807000,5731000,1938000,0,0,3052000
3412930,New Jersey,3,3,Perth Amboy Public School District,10307,439596000,35502000,28383000,7118000,0,0,17229000
3412960,New Jersey,3,3,Phillipsburg School District,3896,105606000,12430000,7273000,4419000,0,0,6284000
3412990,New Jersey,3,3,Pine Hill School District,1894,46122000,5238000,3469000,1567000,0,0,3123000
3413000,New Jersey,2,3,Pinelands Regional School District,1589,43451000,6417000,4426000,1475000,0,0,2903000
3413050,New Jersey,3,3,Piscataway Township School District,7318,157748000,19583000,12189000,6197000,0,0,7765000
3413080,New Jersey,3,3,Pitman Boro School District,1131,30668000,4226000,2728000,1113000,0,0,1990000
3413110,New Jersey,3,3,Pittsgrove Township School District,1681,39334000,5285000,3127000,1863000,0,0,2197000
3413140,New Jersey,3,3,Plainfield Public School District,8331,214839000,35114000,25265000,7299000,0,0,7324000
3413200,New Jersey,3,3,Pleasantville Public School District,3567,100409000,10326000,6695000,3572000,0,0,5921000
3413230,New Jersey,3,3,Plumsted Township School District,1108,29986000,4493000,3060000,1090000,0,0,2365000
3413260,New Jersey,1,3,Pohatcong Township School District,307,8313000,1339000,653000,493000,0,0,443000
3413290,New Jersey,3,3,Point Pleasant Borough School District,2698,56528000,7927000,4489000,3135000,0,0,3297000
3413320,New Jersey,3,3,Point Pleasant Beach School District,673,21516000,2605000,2001000,402000,0,0,1331000
3413350,New Jersey,3,3,Pompton Lakes School District,1755,43346000,6110000,4065000,1984000,0,0,2565000
3413380,New Jersey,1,3,Port Republic School District,108,2895000,292000,217000,75000,0,0,165000
3413410,New Jersey,3,3,Princeton Public School District,3723,111815000,15216000,9311000,5065000,0,0,5617000
3413470,New Jersey,1,3,Prospect Park Public School District,761,18962000,2421000,1370000,1051000,0,0,674000
3413500,New Jersey,1,3,Quinton Township School District,282,6731000,535000,327000,208000,0,0,237000
3413530,New Jersey,3,3,Rahway Public School District,3935,93742000,13793000,7407000,5696000,0,0,5771000
3413560,New Jersey,2,3,Ramapo Indian Hills Regional High School District,1979,67098000,7054000,3056000,2558000,0,0,1810000
3413590,New Jersey,3,3,Ramsey School District,2477,80139000,10776000,5625000,3617000,0,0,3288000
3413620,New Jersey,2,3,Rancocas Valley Regional High School District,1981,44463000,4057000,2974000,1009000,0,0,2364000
3413650,New Jersey,3,3,Randolph Township School District,4218,109630000,14808000,8890000,5912000,0,0,6328000
3413680,New Jersey,3,3,Hazlet Township Public School District,2678,66855000,9160000,5146000,2916000,0,0,3281000
3413710,New Jersey,1,3,Readington Township School District,1423,40882000,6314000,4178000,2037000,0,0,2779000
3413740,New Jersey,1,3,Red Bank Borough Public School District,1192,33705000,3838000,2568000,995000,0,0,1861000
3413750,New Jersey,2,3,Red Bank Regional School District,1195,34548000,2807000,1868000,789000,0,0,832000
3413770,New Jersey,3,3,Ridgefield School District,1576,48581000,12107000,6432000,5473000,0,0,4749000
3413800,New Jersey,3,3,Ridgefield Park Public School District,2052,54312000,8715000,5728000,2437000,0,0,3615000
3413830,New Jersey,3,3,Ridgewood Public School District,5514,133777000,19515000,10020000,9373000,0,0,7846000
3413860,New Jersey,1,3,Ringwood School District,1037,31639000,6409000,4301000,2029000,0,0,2840000
3413890,New Jersey,1,3,River Edge School District,1191,25724000,4272000,2808000,1464000,0,0,1192000
3413950,New Jersey,1,3,River Vale Public School District,1008,28502000,3296000,1504000,1792000,0,0,1288000
3413980,New Jersey,1,3,Riverdale School District,285,7410000,948000,664000,284000,0,0,619000
3414010,New Jersey,3,3,Riverside Township School District,1520,34407000,3782000,2450000,1332000,0,0,1735000
3414040,New Jersey,1,3,Riverton School District,272,6420000,757000,423000,333000,0,0,250000
3414070,New Jersey,1,3,Rochelle Park School District,494,12946000,2195000,1234000,961000,0,0,991000
3414100,New Jersey,1,3,Rockaway Borough School District,542,14674000,2435000,1366000,1031000,0,0,817000
3414130,New Jersey,1,3,Rockaway Township School District,2379,65902000,13043000,7028000,5644000,0,0,5356000
3414220,New Jersey,1,3,Roosevelt Borough Public School District,89,2508000,169000,119000,50000,0,0,89000
3414250,New Jersey,1,3,Roseland School District,466,10999000,1983000,1203000,781000,0,0,823000
3414280,New Jersey,3,3,Roselle Public School District,2898,73792000,7661000,3497000,4163000,0,0,2446000
3414310,New Jersey,3,3,Roselle Park Public School District,2031,51019000,5633000,3533000,2011000,0,0,2913000
3414340,New Jersey,3,3,Roxbury Township School District,3415,92105000,12513000,7957000,4160000,0,0,4813000
3414370,New Jersey,1,3,Rumson Borough School District,909,25952000,2941000,1524000,1403000,0,0,1410000
3414400,New Jersey,2,3,Rumson-Fair Haven Regional High School District,876,25669000,2616000,1738000,872000,0,0,1237000
3414430,New Jersey,1,3,Runnemede Public School District,826,19899000,3001000,1208000,1793000,0,0,853000
3414460,New Jersey,3,3,Rutherford School District,2513,58350000,6367000,2239000,2316000,0,0,654000
3414490,New Jersey,3,3,Saddle Brook School District,1799,42053000,7394000,3823000,3571000,0,0,2920000
3414520,New Jersey,1,3,Saddle River School District,107,6285000,1007000,323000,684000,0,0,126000
3414550,New Jersey,3,3,Salem City School District,1318,34662000,2215000,1177000,1037000,0,0,1097000
3414610,New Jersey,1,3,Sandyston-Walpack Consolidated School District,120,3683000,739000,462000,268000,0,0,353000
3414640,New Jersey,3,3,Sayreville School District,6148,134708000,19921000,13652000,5425000,0,0,10156000
3414670,New Jersey,3,3,Scotch Plains-Fanwood School District,5562,118148000,16843000,10081000,6409000,0,0,6207000
3414730,New Jersey,1,3,Sea Girt Borough School District,132,5553000,697000,470000,228000,0,0,421000
3414790,New Jersey,1,3,Seaside Heights School District,202,6908000,997000,557000,440000,0,0,375000
3414850,New Jersey,3,3,Secaucus School District,2209,50057000,6786000,4630000,1849000,0,0,2767000
3414880,New Jersey,1,3,Shamong Township School District,690,17013000,2141000,1398000,743000,0,0,1214000
3414940,New Jersey,2,3,Shore Regional High School District,585,21106000,1038000,627000,411000,0,0,394000
3414970,New Jersey,1,3,Shrewsbury Borough School District,462,11651000,2032000,1316000,633000,0,0,1179000
3415000,New Jersey,1,3,Somerdale School District,445,11013000,1366000,722000,644000,0,0,462000
3415030,New Jersey,1,3,Somers Point School District,741,21933000,2858000,1479000,1380000,0,0,1168000
3415090,New Jersey,3,3,Somerville Public School District,2167,56291000,7904000,5359000,2171000,0,0,3548000
3415120,New Jersey,3,3,South Amboy School District,1151,22365000,2830000,1941000,873000,0,0,1434000
3415180,New Jersey,1,3,South Bound Brook Public School District,430,11048000,2542000,1106000,764000,0,0,410000
3415210,New Jersey,3,3,South Brunswick School District,7898,184659000,23984000,12608000,5517000,0,0,9096000
3415240,New Jersey,1,3,South Hackensack School District,246,7781000,889000,400000,489000,0,0,326000
3415270,New Jersey,1,3,South Harrison Township School District,333,6450000,905000,354000,348000,0,0,290000
3415330,New Jersey,3,3,South Orange-Maplewood School District,6562,164734000,28001000,20902000,7098000,0,0,10393000
3415360,New Jersey,3,3,South Plainfield School District,3516,84253000,10632000,7291000,2885000,0,0,4640000
3415390,New Jersey,3,3,South River Public School District,2399,52501000,7390000,4859000,2531000,0,0,3166000
3415420,New Jersey,1,3,Southampton Township School District,691,17102000,2679000,1544000,1135000,0,0,1361000
3415450,New Jersey,2,3,Delsea Regional High School District,1592,41810000,3158000,1196000,824000,0,0,851000
3415480,New Jersey,2,3,Southern Regional School District,2750,75821000,11467000,8042000,3425000,0,0,4945000
3415510,New Jersey,3,3,Sparta Township Public School District,3267,91294000,11226000,6888000,4049000,0,0,5028000
3415540,New Jersey,3,3,Spotswood Public School District,1632,35919000,5115000,2344000,1848000,0,0,1621000
3415570,New Jersey,1,3,Spring Lake Borough,152,7749000,1565000,1136000,422000,0,0,331000
3415600,New Jersey,1,3,Spring Lake Heights School District,307,8213000,1230000,900000,330000,0,0,761000
3415630,New Jersey,3,3,Springfield Public School District,2192,48854000,6263000,3866000,2215000,0,0,2603000
3415660,New Jersey,1,3,Springfield Township School District,279,5990000,1012000,626000,386000,0,0,481000
3415690,New Jersey,1,3,Stafford Township School District,2427,51481000,7169000,4138000,3031000,0,0,2708000
3415720,New Jersey,1,3,Stanhope School District,311,7390000,1400000,806000,594000,0,0,604000
3415750,New Jersey,1,3,Stillwater Township School District,282,8056000,1060000,597000,463000,0,0,563000
3415810,New Jersey,1,3,Stone Harbor School District,85,3091000,145000,68000,77000,0,0,64000
3415840,New Jersey,1,3,Stow Creek Township School District,122,2881000,99000,46000,53000,0,0,45000
3415870,New Jersey,1,3,Stratford School District,891,20095000,3945000,2519000,1275000,0,0,1545000
3415900,New Jersey,3,3,Summit Public School District,3932,94286000,11696000,8661000,2986000,0,0,4514000
3415960,New Jersey,1,3,Sussex-Wantage Regional School District,1038,29187000,5299000,3581000,1718000,0,0,2406000
3415990,New Jersey,1,3,Swedesboro-Woolwich School District,1584,33798000,5892000,3906000,1986000,0,0,3560000
3416020,New Jersey,1,3,Tabernacle Township School District,688,17721000,2077000,1470000,583000,0,0,1020000
3416080,New Jersey,3,3,Teaneck School District,3633,118758000,18013000,11344000,5571000,0,0,8353000
3416110,New Jersey,3,3,Tenafly Public School District,3479,92648000,12564000,7010000,5554000,0,0,4161000
3416170,New Jersey,1,3,Tewksbury Township School District,504,16703000,2125000,1379000,741000,0,0,1040000
3416200,New Jersey,1,3,Tinton Falls School District,1376,37603000,7910000,5230000,1886000,0,0,3392000
3416230,New Jersey,3,3,Toms River Regional School District,14501,305289000,41903000,23676000,11811000,0,0,16040000
3416260,New Jersey,1,3,Totowa Public School District,903,18835000,1923000,1140000,783000,0,0,637000
3416290,New Jersey,3,3,Trenton Public School District,12483,345300000,40517000,21716000,15834000,0,0,13652000
3416320,New Jersey,1,3,Tuckerton Borough School District,280,7308000,1011000,731000,265000,0,0,386000
3416350,New Jersey,1,3,Union Beach Public School District,638,13299000,1732000,1229000,478000,0,0,872000
3416380,New Jersey,3,3,Union City School District,11590,328721000,21575000,13607000,7724000,0,0,11663000
3416440,New Jersey,1,3,Union Township School District,429,12016000,2719000,1681000,1038000,0,0,825000
3416470,New Jersey,3,3,Barnegat Township School District,3632,77147000,9136000,6622000,2374000,0,0,4277000
3416500,New Jersey,3,3,Township of Union School District,7600,165866000,24056000,12785000,11271000,0,0,10123000
3416530,New Jersey,1,3,Upper Deerfield Township School District,949,23830000,2770000,1505000,1263000,0,0,1201000
3416560,New Jersey,3,3,Upper Freehold Regional School District,2078,47872000,7109000,4268000,2278000,0,0,3660000
3416590,New Jersey,1,3,UPPER PITTSGROVE TWP School District,333,8266000,844000,467000,316000,0,0,257000
3416620,New Jersey,1,3,Upper Saddle River School District,1113,31188000,3995000,2206000,1789000,0,0,1432000
3416650,New Jersey,1,3,Upper Township School District,1399,30675000,5319000,2206000,1624000,0,0,1611000
3416680,New Jersey,1,3,Ventnor City School District,508,21325000,2164000,1171000,994000,0,0,939000
3416710,New Jersey,3,3,Vernon Township School District,2935,81737000,15510000,6945000,6629000,0,0,5710000
3416740,New Jersey,3,3,Verona Public School District,2149,48655000,6860000,4263000,2474000,0,0,2468000
3416800,New Jersey,3,3,Vineland Public School District,9511,231473000,26944000,22024000,4777000,0,0,13417000
3416830,New Jersey,1,3,Voorhees Township School District,2969,70974000,11331000,7280000,2904000,0,0,4396000
3416860,New Jersey,3,3,Waldwick School District,1561,37772000,5598000,4119000,1445000,0,0,2702000
3416870,New Jersey,2,3,Wallkill Valley Regional High School,615,17837000,1646000,958000,687000,0,0,798000
3416890,New Jersey,3,3,Wall Township Public School District,3211,95216000,13706000,9159000,4203000,0,0,7116000
3416920,New Jersey,3,3,Wallington Boro School District,1172,23838000,2336000,1883000,454000,0,0,979000
3416950,New Jersey,1,3,Wanaque School District,885,22953000,4614000,3126000,1488000,0,0,1992000
3416970,New Jersey,2,3,Warren Hills Regional School District,1536,42348000,5325000,3184000,1785000,0,0,2252000
3416980,New Jersey,1,3,Warren Township School District,1626,55797000,9089000,5090000,3429000,0,0,4137000
3417010,New Jersey,1,3,Washington Borough School District,554,11894000,2120000,1407000,651000,0,0,593000
3417070,New Jersey,3,3,Washington Township School District,7121,177623000,25280000,15135000,9888000,0,0,11984000
3417100,New Jersey,3,3,Robbinsville Public School District,3054,62280000,8816000,5751000,2538000,0,0,4571000
3417130,New Jersey,1,3,Washington Township School District,1974,51399000,8889000,5756000,3131000,0,0,4328000
3417160,New Jersey,1,3,Washington Township School District,384,10819000,1864000,813000,966000,0,0,643000
3417190,New Jersey,1,3,Watchung Borough School District,664,16331000,2670000,1762000,854000,0,0,966000
3417220,New Jersey,2,3,Watchung Hills Regional High School District,1741,51567000,6349000,3449000,1654000,0,0,2235000
3417250,New Jersey,1,3,Waterford Township School District,938,25315000,4590000,2794000,1502000,0,0,1719000
3417280,New Jersey,3,3,Wayne Township Public School District,7623,211533000,33434000,19283000,11268000,0,0,12651000
3417310,New Jersey,3,3,Weehawken Public School District,1296,35202000,4211000,2514000,1690000,0,0,1001000
3417340,New Jersey,1,3,Wenonah  Boro School District,166,4088000,547000,235000,312000,0,0,213000
3417400,New Jersey,1,3,West Cape May School District,83,2266000,128000,58000,70000,0,0,58000
3417430,New Jersey,3,3,West Deptford Township School District,2826,67802000,11599000,6281000,3760000,0,0,4622000
3417460,New Jersey,2,3,West Essex Regional School District,1642,48558000,4935000,2587000,1131000,0,0,1899000
3417490,New Jersey,1,3,West Long Branch School District,543,15134000,2089000,1062000,1026000,0,0,1039000
3417520,New Jersey,3,3,West Milford Township Public School District,2996,88920000,13751000,7964000,3982000,0,0,5197000
3417550,New Jersey,2,3,West Morris Regional High School District,2071,55696000,5374000,3404000,1791000,0,0,2440000
3417580,New Jersey,3,3,West New York School District,7406,203125000,21224000,12971000,7571000,0,0,6604000
3417610,New Jersey,3,3,West Orange Public Schools,6660,208723000,29784000,21281000,7867000,0,0,12120000
3417640,New Jersey,1,3,Woodland Park School District,1244,30290000,3770000,2355000,1415000,0,0,1596000
3417700,New Jersey,3,3,West Windsor-Plainsboro Regional School District,8959,218527000,27570000,16459000,6864000,0,0,11354000
3417730,New Jersey,1,3,Westampton Township Public School District,923,21478000,3484000,1989000,1161000,0,0,1282000
3417760,New Jersey,3,3,Westfield Public School District,5891,133615000,19531000,10597000,8360000,0,0,8194000
3417790,New Jersey,1,3,Westville Boro Public School District,327,8140000,1143000,638000,505000,0,0,589000
3417820,New Jersey,3,3,Westwood Regional School District,2775,72607000,11240000,5647000,4542000,0,0,4526000
3417850,New Jersey,1,3,Weymouth Township School District,156,3971000,360000,169000,191000,0,0,98000
3417880,New Jersey,1,3,Wharton Borough School District,687,18074000,3110000,2091000,1019000,0,0,1594000
3417910,New Jersey,1,3,White Township Consolidated School District,265,8188000,1416000,549000,564000,0,0,416000
3417940,New Jersey,3,3,Wildwood City School District,831,25951000,3287000,2098000,1175000,0,0,1606000
3417970,New Jersey,1,3,Wildwood Crest Borough School District,243,10407000,801000,433000,367000,0,0,433000
3418000,New Jersey,3,3,Willingboro Public School District,3651,91207000,11613000,4670000,4175000,0,0,4246000
3418030,New Jersey,1,3,Winfield Township,135,4718000,751000,406000,253000,0,0,343000
3418060,New Jersey,3,3,Winslow Township School District,4773,116228000,18803000,11282000,6927000,0,0,8748000
3418090,New Jersey,1,3,Woodbine School District,232,8119000,750000,555000,195000,0,0,208000
3418120,New Jersey,3,3,Woodbridge Township School District,13683,339361000,47757000,22465000,17372000,0,0,19075000
3418150,New Jersey,3,3,Woodbury City Public School District,1675,39190000,4997000,3430000,1252000,0,0,2167000
3418180,New Jersey,1,3,Woodbury Heights Public School District,255,4948000,726000,456000,270000,0,0,283000
3418210,New Jersey,1,3,Woodcliff Lake School District,740,19512000,3197000,2003000,1194000,0,0,1329000
3418240,New Jersey,1,3,Woodland Township School District,103,3279000,660000,364000,214000,0,0,255000
3418270,New Jersey,1,3,Woodlynne School District,383,11891000,1439000,623000,814000,0,0,313000
3418300,New Jersey,3,3,Wood-Ridge School District,1209,25453000,3389000,1942000,1446000,0,0,1417000
3418330,New Jersey,3,3,Woodstown-Pilesgrove Regional School District,1493,32712000,3350000,2498000,824000,0,0,1685000
3418360,New Jersey,1,3,Wyckoff Township Public School District,2003,49466000,6846000,3478000,3355000,0,0,2500000
3500010,New Mexico,3,3,RIO RANCHO PUBLIC SCHOOLS,17272,231308000,48283000,31667000,16616000,0,0,20412000
3500030,New Mexico,3,3,ALAMOGORDO PUBLIC SCHOOLS,5575,76126000,9411000,5920000,3490000,0,0,4287000
3500060,New Mexico,3,2,ALBUQUERQUE PUBLIC SCHOOLS,79805,1205656000,238326000,177937000,60389000,0,0,113376000
3500090,New Mexico,3,3,ANIMAS PUBLIC SCHOOLS,146,3707000,267000,132000,135000,0,0,143000
3500120,New Mexico,3,3,ARTESIA PUBLIC SCHOOLS,3722,49595000,7370000,4825000,2545000,0,0,3510000
3500150,New Mexico,3,2,AZTEC MUNICIPAL SCHOOLS,2562,37467000,3926000,2686000,1239000,0,0,2247000
3500180,New Mexico,3,3,BELEN CONSOLIDATED SCHOOLS,3602,54814000,7384000,5230000,2153000,0,0,3821000
3500210,New Mexico,3,3,BERNALILLO PUBLIC SCHOOLS,2786,53170000,6833000,4507000,2326000,0,0,2777000
3500240,New Mexico,3,3,BLOOMFIELD SCHOOLS,2584,39263000,5591000,3419000,2173000,0,0,2240000
3500270,New Mexico,3,3,CAPITAN MUNICIPAL SCHOOLS,471,7985000,650000,324000,326000,0,0,448000
3500300,New Mexico,3,2,CARLSBAD MUNICIPAL SCHOOLS,7102,94486000,13970000,8879000,5091000,0,0,5796000
3500330,New Mexico,3,3,CARRIZOZO MUNICIPAL SCHOOLS,157,3884000,476000,291000,185000,0,0,257000
3500390,New Mexico,3,2,CENTRAL CONSOLIDATED SCHOOLS,5037,118218000,12134000,7039000,5095000,0,0,4193000
3500420,New Mexico,3,3,CHAMA VALLEY INDEP. SCHOOLS,363,8358000,707000,393000,314000,0,0,329000
3500480,New Mexico,3,2,CIMARRON MUNICIPAL SCHOOLS,401,9309000,912000,548000,364000,0,0,398000
3500510,New Mexico,3,3,CLAYTON MUNICIPAL SCHOOLS,395,7781000,1116000,483000,598000,0,0,327000
3500540,New Mexico,3,3,CLOUDCROFT MUNICIPAL SCHOOLS,379,7227000,939000,523000,416000,0,0,337000
3500570,New Mexico,3,3,CLOVIS MUNICIPAL SCHOOLS,7664,103088000,14993000,6823000,8169000,0,0,4767000
3500600,New Mexico,3,3,COBRE CONSOLIDATED SCHOOLS,1023,23101000,2583000,1498000,1085000,0,0,954000
3500630,New Mexico,3,3,CORONA MUNICIPAL SCHOOLS,70,2964000,283000,155000,128000,0,0,178000
3500660,New Mexico,3,3,CUBA INDEPENDENT SCHOOLS,746,20463000,1795000,1344000,450000,0,0,964000
3500690,New Mexico,3,2,DEMING PUBLIC SCHOOLS,5366,80265000,10976000,7034000,3942000,0,0,3427000
3500720,New Mexico,3,3,DES MOINES MUNICIPAL SCHOOLS,120,2961000,248000,159000,89000,0,0,97000
3500750,New Mexico,3,3,DEXTER CONSOLIDATED SCHOOLS,812,16306000,1472000,748000,724000,0,0,601000
3500790,New Mexico,3,3,DORA MUNICIPAL SCHOOLS,219,4151000,458000,271000,188000,0,0,207000
3500810,New Mexico,3,3,DULCE INDEPENDENT SCHOOLS,521,14900000,1890000,1118000,772000,0,0,839000
3500840,New Mexico,3,3,ELIDA MUNICIPAL SCHOOLS,178,3545000,288000,174000,114000,0,0,127000
3500900,New Mexico,3,3,ESPANOLA PUBLIC SCHOOLS,2954,49654000,5512000,2593000,2918000,0,0,2156000
3500930,New Mexico,3,3,ESTANCIA MUNICIPAL SCHOOLS,539,11296000,1678000,961000,716000,0,0,654000
3500960,New Mexico,3,3,EUNICE MUNICIPAL SCHOOLS,726,11600000,1673000,974000,699000,0,0,528000
3500990,New Mexico,3,3,FARMINGTON MUNICIPAL SCHOOLS,11201,143270000,20680000,13728000,6952000,0,0,9266000
3501020,New Mexico,3,3,FLOYD MUNICIPAL SCHOOLS,228,3820000,318000,231000,87000,0,0,179000
3501050,New Mexico,3,3,FORT SUMNER MUNICIPAL SCHOOLS,273,6168000,291000,181000,110000,0,0,210000
3501080,New Mexico,3,3,GADSDEN INDEPENDENT SCHOOLS,12551,229053000,31180000,23628000,7552000,0,0,15356000
3501110,New Mexico,3,3,GALLUP-MCKINLEY CTY SCHOOLS,11709,231479000,23643000,15872000,7771000,0,0,9188000
3501140,New Mexico,3,3,GRADY MUNICIPAL SCHOOLS,174,3440000,116000,71000,45000,0,0,111000
3501170,New Mexico,3,3,GRANTS-CIBOLA COUNTY SCHOOLS,3211,65107000,5659000,3851000,1807000,0,0,3002000
3501200,New Mexico,3,3,HAGERMAN MUNICIPAL SCHOOLS,368,7750000,993000,452000,541000,0,0,396000
3501230,New Mexico,3,3,HATCH VALLEY PUBLIC SCHOOLS,1166,21498000,1798000,1201000,597000,0,0,783000
3501260,New Mexico,3,3,HOBBS MUNICIPAL SCHOOLS,9990,132803000,17837000,8644000,9193000,0,0,7882000
3501290,New Mexico,3,3,HONDO VALLEY PUBLIC SCHOOLS,124,4588000,576000,287000,289000,0,0,123000
3501320,New Mexico,3,3,HOUSE MUNICIPAL SCHOOLS,53,2710000,252000,159000,93000,0,0,148000
3501350,New Mexico,3,3,JAL PUBLIC SCHOOLS,527,9238000,1213000,538000,675000,0,0,304000
3501380,New Mexico,3,3,JEMEZ MOUNTAIN PUBLIC SCHOOLS,171,5827000,209000,106000,103000,0,0,130000
3501410,New Mexico,3,2,JEMEZ VALLEY PUBLIC SCHOOLS,359,8108000,387000,356000,32000,0,0,294000
3501470,New Mexico,3,3,LAKE ARTHUR MUNICIPAL SCHOOLS,136,3158000,326000,155000,171000,0,0,78000
3501500,New Mexico,3,3,LAS CRUCES PUBLIC SCHOOLS,23075,345317000,58290000,38932000,19358000,0,0,25667000
3501530,New Mexico,3,3,LAS VEGAS CITY PUBLIC SCHOOLS,1202,21821000,2684000,1091000,1593000,0,0,866000
3501560,New Mexico,3,2,WEST LAS VEGAS PUBLIC SCHOOLS,1555,27981000,2892000,1610000,1281000,0,0,1099000
3501590,New Mexico,3,3,LOGAN MUNICIPAL SCHOOLS,317,5319000,374000,315000,58000,0,0,222000
3501620,New Mexico,3,3,LORDSBURG MUNICIPAL SCHOOLS,425,8652000,1265000,667000,598000,0,0,380000
3501650,New Mexico,3,3,LOS ALAMOS PUBLIC SCHOOLS,3724,54461000,10563000,7171000,3392000,0,0,3506000
3501680,New Mexico,3,3,LOS LUNAS PUBLIC SCHOOLS,8234,113244000,9707000,8710000,998000,0,0,6440000
3501710,New Mexico,3,3,LOVING MUNICIPAL SCHOOLS,647,10446000,1079000,681000,398000,0,0,360000
3501740,New Mexico,3,3,LOVINGTON MUNICIPAL SCHOOLS,3382,51908000,10956000,5859000,5098000,0,0,3227000
3501770,New Mexico,3,3,MAGDALENA MUNICIPAL SCHOOLS,285,8396000,979000,489000,490000,0,0,266000
3501800,New Mexico,3,3,MAXWELL MUNICIPAL SCHOOLS,106,3078000,238000,137000,101000,0,0,134000
3501830,New Mexico,3,3,MELROSE PUBLIC SCHOOLS,295,4769000,365000,233000,133000,0,0,174000
3501860,New Mexico,3,3,MORA INDEPENDENT SCHOOLS,433,10632000,633000,395000,238000,0,0,423000
3501890,New Mexico,3,3,MORIARTY-EDGEWOOD SCHOOL DISTRICT,2331,34911000,5116000,2928000,2188000,0,0,2045000
3501920,New Mexico,3,3,MOSQUERO MUNICIPAL SCHOOLS,88,2634000,234000,167000,68000,0,0,107000
3501950,New Mexico,3,3,MOUNTAINAIR PUBLIC SCHOOLS,210,6588000,710000,330000,379000,0,0,328000
3501980,New Mexico,3,3,MESA VISTA CONSOLIDATED SCHOOLS,246,5591000,455000,295000,160000,0,0,180000
3502010,New Mexico,3,3,PECOS INDEPENDENT SCHOOLS,511,9694000,936000,478000,458000,0,0,373000
3502040,New Mexico,3,3,PENASCO INDEPENDENT SCHOOLS,284,7414000,1096000,446000,531000,0,0,318000
3502070,New Mexico,3,3,POJOAQUE VALLEY PUBLIC SCHOOLS,1630,24072000,2636000,1539000,1097000,0,0,786000
3502100,New Mexico,3,3,PORTALES MUNICIPAL SCHOOLS,2610,40954000,5909000,3297000,2538000,0,0,2374000
3502130,New Mexico,3,3,QUEMADO INDEPENDENT SCHOOLS,168,4935000,460000,273000,187000,0,0,199000
3502160,New Mexico,3,3,QUESTA INDEPENDENT SCHOOLS,326,7270000,637000,334000,303000,0,0,286000
3502190,New Mexico,3,3,RATON PUBLIC SCHOOLS,844,13802000,2393000,1541000,852000,0,0,826000
3502220,New Mexico,3,3,RESERVE PUBLIC SCHOOLS,105,3660000,498000,252000,246000,0,0,182000
3502250,New Mexico,3,2,ROSWELL INDEPENDENT SCHOOLS,9701,142760000,20260000,10513000,9748000,0,0,7582000
3502280,New Mexico,3,3,ROY MUNICIPAL SCHOOLS,77,2469000,197000,151000,46000,0,0,111000
3502310,New Mexico,3,3,RUIDOSO MUNICIPAL SCHOOLS,1820,27394000,3953000,2619000,1334000,0,0,1733000
3502340,New Mexico,3,3,SAN JON MUNICIPAL SCHOOLS,125,3136000,142000,101000,41000,0,0,106000
3502370,New Mexico,3,2,SANTA FE PUBLIC SCHOOLS,11769,174381000,27775000,15125000,12650000,0,0,9077000
3502400,New Mexico,3,3,SANTA ROSA CONSOLIDATED SCHOOLS,603,13239000,1497000,810000,687000,0,0,663000
3502430,New Mexico,3,3,SILVER CONSOLIDATED SCHOOLS,2273,36498000,5409000,3334000,2075000,0,0,2176000
3502460,New Mexico,3,2,SOCORRO CONSOLIDATED SCHOOLS,1438,26791000,3690000,1904000,1786000,0,0,950000
3502490,New Mexico,3,3,SPRINGER MUNICIPAL SCHOOLS,111,3294000,468000,190000,278000,0,0,172000
3502520,New Mexico,3,2,TAOS MUNICIPAL SCHOOLS,2267,40622000,4998000,3266000,1732000,0,0,2020000
3502550,New Mexico,3,3,TATUM MUNICIPAL SCHOOLS,298,5881000,544000,343000,201000,0,0,349000
3502580,New Mexico,3,3,TEXICO MUNICIPAL SCHOOLS,551,8070000,733000,563000,170000,0,0,369000
3502610,New Mexico,3,3,T OR C MUNICIPAL SCHOOLS,1287,22622000,2658000,1800000,858000,0,0,1495000
3502640,New Mexico,3,3,TUCUMCARI PUBLIC SCHOOLS,907,14086000,2082000,1164000,918000,0,0,724000
3502670,New Mexico,3,3,TULAROSA MUNICIPAL SCHOOLS,890,17122000,3273000,1584000,1688000,0,0,992000
3502730,New Mexico,3,3,WAGON MOUND PUBLIC SCHOOLS,83,3153000,168000,118000,50000,0,0,52000
3502800,New Mexico,3,3,ZUNI PUBLIC SCHOOLS,1095,26380000,2958000,2119000,840000,0,0,1379000
3700011,North Carolina,3,3,Cumberland County Schools,49661,601779000,60069000,53337000,3030000,3703000,0,19864000
3700012,North Carolina,3,3,Pitt County Schools,24091,295198000,32393000,28787000,3007000,599000,0,9580000
3700030,North Carolina,3,3,Alamance-Burlington Schools,22489,268188000,31363000,26387000,4522000,454000,0,8370000
3700090,North Carolina,3,3,Alexander County Schools,4525,58504000,5669000,4330000,862000,477000,0,1517000
3700120,North Carolina,3,3,Alleghany County Schools,1421,20867000,2242000,1838000,236000,168000,0,705000
3700180,North Carolina,3,3,Anson County Schools,2964,47631000,4550000,3392000,573000,584000,0,787000
3700210,North Carolina,3,3,Ashe County Schools,2743,39902000,3156000,2335000,340000,481000,0,953000
3700240,North Carolina,3,3,Asheboro City Schools,4383,56992000,5991000,5001000,775000,215000,0,1719000
3700270,North Carolina,3,3,Asheville City Schools,4137,68291000,6469000,5565000,496000,408000,0,1614000
3700300,North Carolina,3,3,Avery County Schools,1904,29537000,3120000,2434000,462000,224000,0,854000
3700321,North Carolina,2,3,Northeast Regional School - Biotech/Agri,123,1792000,24000,24000,0,0,0,0
3700330,North Carolina,3,3,Beaufort County Schools,5975,82152000,7944000,6785000,687000,471000,0,2629000
3700360,North Carolina,3,3,Bertie County Schools,1831,30487000,2577000,2031000,288000,259000,0,651000
3700390,North Carolina,3,3,Bladen County Schools,3983,64948000,5048000,4516000,321000,211000,0,1269000
3700419,North Carolina,1,3,East Carolina Community School,123,2373000,315000,247000,68000,0,0,157000
3700420,North Carolina,3,3,Brunswick County Schools,12944,169409000,18922000,16695000,1694000,534000,0,5652000
3700421,North Carolina,1,3,Catamount School,59,987000,104000,99000,0,5000,0,66000
3700427,North Carolina,1,3,Appalachian State U Academy Middle Fork,261,4698000,557000,556000,0,1000,0,332000
3700429,North Carolina,1,3,D.C. Virgo Preparatory Academy,215,3722000,319000,265000,53000,0,0,101000
3700431,North Carolina,1,3,Moss Street Partnership School,339,4527000,287000,171000,4000,112000,0,109000
3700443,North Carolina,1,3,Niner University Elementary School,136,2997000,282000,282000,0,1000,0,195000
3700450,North Carolina,3,3,Buncombe County Schools,22091,300114000,35702000,31260000,3797000,645000,0,11129000
3700480,North Carolina,3,3,Burke County Schools,11770,144308000,17018000,14422000,1793000,803000,0,5058000
3700530,North Carolina,3,3,Cabarrus County Schools,34810,374157000,38174000,31656000,5600000,918000,0,9344000
3700580,North Carolina,3,3,Caldwell County Schools,10758,129802000,13448000,10972000,1959000,518000,0,3671000
3700600,North Carolina,3,3,Camden County Schools,1920,24016000,2426000,1982000,310000,135000,0,770000
3700630,North Carolina,3,3,Carteret County Public Schools,8081,103812000,11334000,9619000,1243000,472000,0,3411000
3700660,North Carolina,3,3,Caswell County Schools,2250,31599000,2930000,2436000,310000,184000,0,804000
3700690,North Carolina,3,3,Catawba County Schools,15678,180088000,16359000,13524000,2390000,446000,0,4370000
3700720,North Carolina,3,3,Chapel Hill-Carrboro City Schools,11561,196110000,21548000,18247000,2178000,1123000,0,5282000
3700750,North Carolina,3,3,Chatham County Schools,9129,128979000,11636000,10040000,1221000,375000,0,3455000
3700780,North Carolina,3,3,Cherokee County Schools,3146,44998000,3976000,3380000,429000,167000,0,1272000
3700840,North Carolina,3,3,Edenton-Chowan Schools,1917,28825000,2414000,1983000,173000,257000,0,650000
3700870,North Carolina,3,3,Clay County Schools,1314,18696000,2090000,1564000,292000,235000,0,540000
3700900,North Carolina,3,3,Cleveland County Schools,14406,180646000,19480000,16113000,1909000,1459000,0,4842000
3700930,North Carolina,3,3,Clinton City Schools,3051,36556000,3177000,2598000,257000,323000,0,943000
3700960,North Carolina,3,3,Columbus County Schools,5335,74724000,5479000,5023000,199000,256000,0,1869000
3701080,North Carolina,3,3,Currituck County Schools,4514,54522000,5359000,4655000,550000,155000,0,1438000
3701110,North Carolina,3,3,Dare County Schools,5181,72511000,9048000,7631000,1164000,253000,0,2553000
3701140,North Carolina,3,3,Davidson County Schools,17964,200795000,22502000,19060000,2894000,548000,0,7159000
3701170,North Carolina,3,3,Davie County Schools,6114,76576000,8353000,6989000,1074000,291000,0,2644000
3701200,North Carolina,3,3,Duplin County Schools,9905,111076000,7871000,6874000,810000,186000,0,2243000
3701260,North Carolina,3,3,Durham Public Schools,31531,480508000,62547000,53836000,7024000,1687000,0,14503000
3701320,North Carolina,3,3,Edgecombe County Public Schools,5419,74253000,7150000,5968000,822000,360000,0,1874000
3701380,North Carolina,3,3,Elkin City Schools,1239,16938000,1891000,1550000,198000,142000,0,511000
3701500,North Carolina,3,3,Winston Salem / Forsyth County Schools,52717,728081000,80063000,69533000,8116000,2414000,0,21421000
3701530,North Carolina,3,3,Franklin County Schools,7897,102997000,8240000,6733000,934000,572000,0,2441000
3701620,North Carolina,3,3,Gaston County Schools,30281,369115000,33777000,27578000,4894000,1305000,0,8751000
3701680,North Carolina,3,3,Gates County Schools,1497,23576000,3037000,2719000,157000,162000,0,654000
3701770,North Carolina,3,3,Graham County Schools,1141,18972000,1720000,1347000,168000,206000,0,374000
3701800,North Carolina,3,3,Granville County Schools,6748,87908000,8367000,6912000,849000,606000,0,2057000
3701830,North Carolina,3,3,Greene County Schools,2668,43106000,3939000,2815000,319000,806000,0,813000
3701920,North Carolina,3,3,Guilford County Schools,68894,888494000,97762000,78107000,13140000,6516000,0,29334000
3701950,North Carolina,3,3,Halifax County Schools,2173,36783000,3577000,3360000,70000,147000,0,697000
3702010,North Carolina,3,3,Harnett County Schools,20050,218088000,21045000,16627000,2646000,1772000,0,6534000
3702040,North Carolina,3,3,Haywood County Schools,6605,82286000,9336000,7854000,1289000,194000,0,2918000
3702100,North Carolina,3,3,Henderson County Schools,12896,149328000,16351000,14298000,1366000,687000,0,5395000
3702160,North Carolina,3,3,Hertford County Schools,2486,40831000,3380000,3032000,247000,101000,0,977000
3702190,North Carolina,3,3,Hickory City Schools,3877,45212000,4166000,3283000,509000,374000,0,1208000
3702250,North Carolina,3,3,Hoke County Schools,8920,104399000,10636000,8457000,1405000,774000,0,3116000
3702280,North Carolina,3,3,Hyde County Schools,475,12183000,861000,718000,0,144000,0,268000
3702310,North Carolina,3,3,Iredell-Statesville Schools,20721,233953000,20515000,16993000,2507000,1016000,0,4514000
3702340,North Carolina,3,3,Jackson County Public Schools,3557,48262000,5251000,4318000,653000,280000,0,1043000
3702370,North Carolina,3,3,Johnston County Public Schools,37286,423274000,53070000,50523000,1990000,557000,0,16525000
3702400,North Carolina,3,3,Jones County Schools,1067,18201000,1551000,1264000,183000,104000,0,429000
3702430,North Carolina,3,3,Kannapolis City Schools,5390,65443000,6809000,5934000,550000,325000,0,1820000
3702560,North Carolina,3,3,Lee County Schools,9143,121059000,11642000,9560000,1351000,730000,0,2835000
3702610,North Carolina,3,3,Lenoir County Public Schools,8334,107522000,11990000,9407000,906000,1678000,0,2966000
3702640,North Carolina,3,3,Lexington City Schools,2999,41037000,3484000,2632000,447000,405000,0,793000
3702680,North Carolina,3,3,Lincoln County Schools,11629,124686000,13428000,11221000,1514000,693000,0,3922000
3702760,North Carolina,3,3,Macon County Schools,4450,58909000,7140000,6066000,877000,196000,0,1786000
3702820,North Carolina,3,3,Madison County Schools,2108,31971000,3375000,2784000,370000,222000,0,997000
3702880,North Carolina,3,3,Martin County Schools,2636,40417000,5193000,4587000,406000,200000,0,1200000
3702940,North Carolina,3,3,McDowell County Schools,5776,75737000,6880000,6249000,426000,204000,0,2308000
3702970,North Carolina,3,3,Charlotte-Mecklenburg Schools,144197,1758968000,163724000,138104000,19017000,6604000,0,40890000
3703000,North Carolina,3,3,Mitchell County Schools,1722,24806000,2709000,2250000,304000,155000,0,934000
3703060,North Carolina,3,3,Montgomery County Schools,3663,50142000,4346000,3673000,327000,346000,0,1262000
3703090,North Carolina,3,3,Moore County Schools,13008,147954000,18049000,16211000,1557000,281000,0,4832000
3703120,North Carolina,3,3,Mooresville Graded School District,5971,67748000,7018000,6305000,591000,121000,0,2126000
3703210,North Carolina,3,3,Mount Airy City Schools,1726,22870000,2671000,2210000,146000,315000,0,697000
3703270,North Carolina,3,3,Nash County Public Schools,14469,178689000,17431000,15007000,976000,1448000,0,4831000
3703310,North Carolina,3,3,Craven County Schools,12755,151700000,16542000,13811000,1741000,990000,0,4431000
3703330,North Carolina,3,3,New Hanover County Schools,25244,348563000,41870000,37041000,3908000,921000,0,11664000
3703360,North Carolina,3,3,Newton Conover City Schools,2856,35296000,4823000,3941000,710000,172000,0,1298000
3703420,North Carolina,3,3,Northampton County Schools,1291,26211000,2145000,1632000,242000,272000,0,597000
3703450,North Carolina,3,3,Onslow County Schools,27921,308689000,39389000,34595000,4597000,198000,0,11921000
3703480,North Carolina,3,3,Orange County Schools,7208,103785000,11723000,10351000,1003000,369000,0,2974000
3703510,North Carolina,3,3,Pamlico County Schools,1244,21791000,2155000,1883000,184000,88000,0,842000
3703540,North Carolina,3,3,Elizabeth City-Pasquotank Public Schools,4834,67344000,6878000,5234000,1317000,327000,0,1699000
3703570,North Carolina,3,3,Pender County Schools,10941,125005000,14339000,12432000,1392000,515000,0,3487000
3703600,North Carolina,3,3,Perquimans County Schools,1665,23901000,2448000,1971000,332000,145000,0,601000
3703630,North Carolina,3,3,Person County Schools,4374,59844000,6709000,5342000,912000,395000,0,1792000
3703720,North Carolina,3,3,Polk County Schools,2166,32579000,3155000,2568000,438000,148000,0,936000
3703780,North Carolina,3,3,Randolph County School System,15383,176248000,18483000,14102000,2916000,1464000,0,5633000
3703870,North Carolina,3,3,Richmond County Schools,6678,84550000,10023000,8418000,1119000,486000,0,2451000
3703900,North Carolina,3,3,Roanoke Rapids City Schools,2765,32238000,3462000,2894000,336000,232000,0,1067000
3703930,North Carolina,3,3,Public Schools of Robeson County,21206,270742000,27107000,22615000,2264000,2228000,0,6977000
3703990,North Carolina,3,3,Rockingham County Schools,11189,138443000,17163000,13998000,2082000,1082000,0,4944000
3704050,North Carolina,3,3,Rowan-Salisbury Schools,18225,221272000,18879000,16375000,1045000,1459000,0,4596000
3704080,North Carolina,3,3,Rutherford County Schools,7527,109257000,13136000,10452000,1517000,1167000,0,3931000
3704140,North Carolina,3,3,Sampson County Schools,7971,97555000,8757000,7488000,917000,353000,0,2506000
3704200,North Carolina,3,3,Scotland County Schools,5624,77106000,9516000,7589000,1016000,909000,0,2987000
3704320,North Carolina,3,3,Stanly County Schools,8643,94333000,11163000,9452000,1121000,589000,0,3090000
3704380,North Carolina,3,3,Stokes County Schools,5606,72534000,7672000,6144000,968000,560000,0,2424000
3704410,North Carolina,3,3,Surry County Schools,7340,90290000,8362000,7044000,1061000,257000,0,2808000
3704440,North Carolina,3,3,Swain County Schools,1910,27730000,3071000,2650000,217000,205000,0,700000
3704500,North Carolina,3,3,Thomasville City Schools,2228,31340000,2402000,1628000,235000,539000,0,557000
3704530,North Carolina,3,3,Transylvania County Schools,3312,47438000,4832000,4126000,611000,95000,0,2001000
3704590,North Carolina,3,3,Tyrrell County Schools,499,11593000,1002000,901000,56000,45000,0,283000
3704620,North Carolina,3,3,Union County Public Schools,41497,470576000,42491000,37320000,4410000,762000,0,12103000
3704650,North Carolina,3,3,Vance County Schools,5269,76886000,8018000,7122000,380000,477000,0,1837000
3704720,North Carolina,3,3,Wake County Schools,159778,1868018000,263481000,231332000,22708000,9442000,0,67114000
3704740,North Carolina,3,3,Warren County Schools,1801,31516000,3217000,2616000,110000,491000,0,776000
3704800,North Carolina,3,3,Washington County Schools,1104,19109000,1338000,1091000,48000,199000,0,361000
3704830,North Carolina,3,3,Watauga County Schools,4754,61818000,8084000,6720000,1122000,241000,0,2492000
3704880,North Carolina,3,3,Wayne County Public Schools,17558,197832000,20763000,18490000,1806000,466000,0,5657000
3704890,North Carolina,3,3,Weldon City Schools,659,16389000,1209000,1005000,49000,155000,0,310000
3704920,North Carolina,3,3,Whiteville City Schools,2104,30185000,3465000,2798000,210000,457000,0,1068000
3704950,North Carolina,3,3,Wilkes County Schools,8673,105378000,10274000,8569000,1310000,395000,0,2852000
3705020,North Carolina,3,3,Wilson County Schools,10276,127934000,10018000,7582000,1422000,1014000,0,2364000
3705040,North Carolina,3,3,Yadkin County Schools,5243,63144000,7147000,5942000,826000,379000,0,1820000
3705070,North Carolina,3,3,Yancey County Schools,2038,29460000,2647000,2182000,294000,170000,0,917000
3800014,North Dakota,3,3,BISMARCK 1,13964,203456000,35797000,27689000,6470000,271000,356000,19131000
3800016,North Dakota,3,3,STRASBURG 15,122,2454000,143000,111000,0,31000,0,54000
3800017,North Dakota,3,3,LINTON 36,242,4391000,221000,96000,125000,0,0,67000
3800018,North Dakota,3,3,CAVALIER 6,412,5803000,18000,17000,0,1000,0,12000
3800021,North Dakota,3,3,JAMESTOWN 1,2161,30308000,4858000,3511000,748000,4000,74000,2604000
3800023,North Dakota,3,3,SCRANTON 33,137,2553000,147000,147000,0,0,0,82000
3800024,North Dakota,3,3,POWERS LAKE 27,239,4099000,402000,402000,0,0,0,172000
3800025,North Dakota,3,3,KINDRED 2,913,10188000,4000,4000,0,0,0,3000
3800027,North Dakota,3,3,NEW ENGLAND 9,292,4575000,409000,387000,0,0,0,293000
3800029,North Dakota,2,3,DRAKE 57,73,1843000,173000,68000,103000,0,2000,56000
3800036,North Dakota,3,3,RICHLAND 44,286,4272000,380000,380000,0,0,0,284000
3800038,North Dakota,3,3,DICKINSON 1,3951,57347000,10260000,8140000,775000,22000,171000,5521000
3800039,North Dakota,3,3,TIOGA 15,523,9490000,637000,637000,0,0,0,483000
3800040,North Dakota,3,3,DAKOTA PRAIRIE 1,295,5738000,194000,194000,0,0,0,147000
3800043,North Dakota,3,3,GACKLE-STREETER 56,109,2396000,190000,190000,0,0,0,91000
3800044,North Dakota,3,3,NORTHERN CASS 97,689,9269000,1000,1000,0,0,0,0
3800047,North Dakota,3,3,TGU 60,340,6114000,355000,355000,0,0,0,234000
3800048,North Dakota,3,3,RICHARDTON-TAYLOR 34,314,5202000,648000,648000,0,0,0,381000
3800050,North Dakota,3,3,MOHALL-LANSFORD-SHERWOOD 1,317,5350000,570000,570000,0,0,0,264000
3800054,North Dakota,3,3,NORTH BORDER 100,325,6113000,1246000,1246000,0,0,0,912000
3800057,North Dakota,3,3,LITCHVILLE-MARION 46,142,3666000,50000,0,50000,0,0,0
3800058,North Dakota,3,3,LEWIS AND CLARK 161,400,7504000,309000,309000,0,0,0,193000
3800061,North Dakota,3,3,ENDERLIN AREA 24,308,4984000,442000,442000,0,0,0,316000
3800389,North Dakota,3,3,KIDDER COUNTY 1,403,5845000,595000,595000,0,0,0,297000
3800390,North Dakota,3,3,NORTH STAR 10,299,4046000,271000,271000,0,0,0,240000
3800392,North Dakota,3,3,NEW SALEM-ALMONT 49,365,5908000,365000,365000,0,0,0,206000
3800397,North Dakota,3,3,VALLEY-EDINBURG 118,207,3756000,390000,384000,0,0,5000,287000
3800401,North Dakota,3,3,PARK RIVER AREA 8,484,5588000,193000,145000,37000,0,12000,77000
3800405,North Dakota,3,3,WILLISTON BASIN 7,5292,68960000,3636000,3260000,0,0,377000,2170000
3800406,North Dakota,3,3,GRAFTON 18,949,11260000,665000,622000,0,0,43000,519000
3800825,North Dakota,3,3,NEWBURG-UNITED 54,86,2447000,174000,174000,0,0,0,93000
3801950,North Dakota,1,3,ANAMOOSE 14,71,1717000,12000,10000,0,3000,0,0
3802170,North Dakota,3,3,ASHLEY 9,142,2813000,169000,169000,0,0,0,116000
3802380,North Dakota,3,3,BEACH 3,275,5711000,659000,659000,0,0,0,382000
3802530,North Dakota,3,3,BELCOURT 7,1586,35860000,4787000,3385000,471000,304000,432000,2127000
3802840,North Dakota,1,3,BILLINGS CO 1,102,2923000,205000,199000,6000,0,0,98000
3803060,North Dakota,3,3,BOTTINEAU 1,660,9962000,768000,768000,0,0,0,505000
3803090,North Dakota,3,3,BOWBELLS 14,90,2244000,182000,165000,0,1000,0,124000
3803200,North Dakota,3,3,BOWMAN CO 1,498,7994000,976000,976000,0,0,0,592000
3803590,North Dakota,3,3,BURKE CENTRAL 36,83,2395000,180000,180000,0,0,0,159000
3804090,North Dakota,3,3,CENTRAL CASS 17,1035,12683000,462000,0,0,462000,0,0
3804140,North Dakota,3,3,CENTRAL VALLEY 3,211,3103000,138000,0,138000,0,0,0
3804560,North Dakota,3,3,GRIGGS COUNTY CENTRAL 18,265,3793000,11000,11000,0,0,0,10000
3805040,North Dakota,3,3,DEVILS LAKE 1,1733,24658000,865000,754000,112000,0,0,491000
3805160,North Dakota,3,3,DIVIDE COUNTY 1,383,7205000,804000,776000,2000,0,0,544000
3805340,North Dakota,3,3,DRAYTON 19,176,3848000,466000,385000,81000,0,0,228000
3805460,North Dakota,3,3,DUNSEITH 1,547,12755000,1302000,993000,310000,0,0,479000
3805850,North Dakota,3,3,EDGELEY 3,260,4167000,75000,0,7000,69000,0,0
3806010,North Dakota,3,3,EIGHT MILE 6,325,5537000,162000,162000,0,0,0,35000
3806090,North Dakota,3,3,ELLENDALE 40,339,4617000,118000,118000,0,0,0,89000
3806210,North Dakota,3,3,BELFIELD 13,267,4151000,510000,500000,0,0,0,282000
3806690,North Dakota,3,3,FAIRMOUNT 18,104,2081000,177000,177000,0,0,0,96000
3806780,North Dakota,3,3,FARGO 1,11431,202786000,34757000,25729000,3862000,959000,3285000,18622000
3807170,North Dakota,3,3,FT TOTTEN 30,200,4283000,745000,450000,0,0,201000,284000
3807200,North Dakota,1,3,FT YATES 4,52,4555000,428000,123000,221000,3000,0,79000
3807590,North Dakota,3,3,GARRISON 51,388,6055000,269000,269000,0,0,0,226000
3807830,North Dakota,3,3,GLEN ULLIN 48,169,3486000,199000,199000,0,0,0,106000
3807850,North Dakota,3,3,GLENBURN 26,251,4428000,635000,268000,0,0,0,176000
3808130,North Dakota,3,3,GRAND FORKS 1,7597,115986000,21604000,17857000,1771000,126000,886000,13414000
3808460,North Dakota,3,3,GRENORA 99,164,4453000,257000,257000,0,0,0,200000
3808710,North Dakota,3,3,HANKINSON 8,237,3934000,277000,277000,0,0,0,200000
3808890,North Dakota,3,3,HARVEY 38,394,6405000,572000,572000,0,0,0,370000
3809000,North Dakota,3,3,HATTON EIELSON 7,178,3201000,110000,67000,0,0,0,54000
3809130,North Dakota,3,3,HAZELTON-MOFFIT-BRADDOCK 6,143,2800000,196000,196000,0,0,0,147000
3809180,North Dakota,3,3,HEBRON 13,157,2877000,153000,153000,0,0,0,88000
3809410,North Dakota,3,3,HETTINGER 13,294,4638000,563000,563000,0,0,0,294000
3810180,North Dakota,3,3,KENMARE 28,302,5201000,276000,276000,0,0,0,191000
3810270,North Dakota,3,3,KILLDEER 16,646,10358000,675000,639000,0,0,0,313000
3810600,North Dakota,3,3,LAKOTA 66,184,3039000,99000,99000,0,0,0,81000
3810740,North Dakota,3,3,LAMOURE 8,260,4609000,231000,0,231000,0,0,0
3810810,North Dakota,3,3,LANGDON AREA 23,415,7001000,645000,645000,0,0,0,476000
3810860,North Dakota,3,3,LARIMORE 44,390,5411000,233000,74000,0,153000,6000,54000
3811140,North Dakota,3,3,LIDGERWOOD 28,184,3018000,364000,0,0,364000,0,0
3811430,North Dakota,3,3,LISBON 19,628,8524000,692000,692000,0,0,0,500000
3811700,North Dakota,3,3,MADDOCK 9,123,2557000,64000,37000,0,0,27000,24000
3811820,North Dakota,3,3,MANDAN 1,4336,61356000,8705000,7633000,498000,0,437000,5778000
3811850,North Dakota,3,3,MANDAREE 36,179,6920000,921000,100000,820000,0,0,75000
3812000,North Dakota,1,3,MANVEL 125,188,2406000,110000,46000,0,0,1000,37000
3812030,North Dakota,1,3,MAPLETON 7,215,3348000,89000,0,0,87000,0,0
3812350,North Dakota,3,3,MAX 50,155,3111000,355000,279000,76000,0,0,175000
3812430,North Dakota,3,3,MCCLUSKY 19,122,2293000,234000,234000,0,0,0,163000
3812540,North Dakota,3,3,MCKENZIE CO 1,2004,30073000,2347000,2008000,136000,0,0,1456000
3812660,North Dakota,3,3,MEDINA 3,211,3489000,198000,198000,0,0,0,127000
3812920,North Dakota,3,3,MIDWAY 128,200,3746000,148000,148000,0,0,0,126000
3812930,North Dakota,3,3,MILNOR 2,208,3986000,145000,145000,0,0,0,45000
3813030,North Dakota,3,3,MINOT 1,7700,117445000,21803000,18472000,1583000,56000,857000,13805000
3813050,North Dakota,3,3,MINTO 20,308,3875000,150000,0,0,150000,0,0
3813200,North Dakota,3,3,WILTON 1,278,3991000,273000,150000,123000,0,0,113000
3813230,North Dakota,3,3,MONTPELIER 14,118,2028000,17000,17000,0,0,0,15000
3813400,North Dakota,3,3,MT PLEASANT 4,255,4695000,288000,288000,0,0,0,211000
3813440,North Dakota,3,3,MUNICH 19,91,2461000,76000,76000,0,0,0,63000
3813510,North Dakota,3,3,NAPOLEON 2,246,4055000,417000,417000,0,0,0,284000
3813660,North Dakota,3,3,NEDROSE 4,600,7992000,362000,362000,0,0,0,246000
3813710,North Dakota,3,3,NESSON 2,427,6815000,545000,545000,0,0,0,228000
3813920,North Dakota,3,3,NEW TOWN 1,994,17190000,2151000,1520000,630000,0,0,1094000
3814290,North Dakota,3,3,NORTH SARGENT 3,185,3579000,244000,237000,7000,0,0,157000
3814340,North Dakota,3,3,NORTHWOOD 129,334,5044000,129000,129000,0,0,0,93000
3814500,North Dakota,3,3,OAKES 41,491,6137000,16000,16000,0,0,0,15000
3814940,North Dakota,3,3,PARSHALL 3,286,5598000,421000,421000,0,0,0,177000
3816050,North Dakota,3,3,ROLETTE 29,139,3084000,82000,82000,0,0,0,56000
3816130,North Dakota,3,3,RUGBY 5,607,9544000,783000,541000,242000,0,0,355000
3816470,North Dakota,3,3,SAWYER 16,73,1996000,68000,68000,0,0,0,52000
3816510,North Dakota,3,3,SELFRIDGE 8,76,2143000,123000,123000,0,0,0,55000
3816980,North Dakota,3,3,SOLEN 3,214,5708000,203000,158000,43000,0,0,60000
3817040,North Dakota,3,3,VELVA 1,440,6863000,626000,626000,0,0,0,348000
3817130,North Dakota,3,3,SOUTH HEART 9,406,5794000,585000,585000,0,0,0,405000
3817170,North Dakota,3,3,SOUTH PRAIRIE 70,533,6799000,672000,672000,0,0,0,481000
3817460,North Dakota,3,3,ST JOHN 3,447,9013000,454000,454000,0,0,0,247000
3817570,North Dakota,3,3,STANLEY 2,755,10353000,1233000,1224000,0,9000,0,811000
3817910,North Dakota,3,3,SURREY 41,423,5434000,121000,84000,0,0,0,57000
3818280,North Dakota,3,3,THOMPSON 61,655,6604000,203000,0,203000,0,0,0
3818500,North Dakota,3,3,TURTLE LAKE-MERCER 72,175,3109000,190000,190000,0,0,0,132000
3818600,North Dakota,1,3,TWIN BUTTES 37,56,1440000,91000,91000,0,0,0,76000
3818660,North Dakota,3,3,UNDERWOOD 8,219,3724000,417000,415000,0,0,0,287000
3818730,North Dakota,3,3,UNITED 7,703,9585000,758000,758000,0,0,0,503000
3818850,North Dakota,3,3,VALLEY CITY 2,1033,14213000,130000,121000,0,0,9000,0
3819020,North Dakota,3,3,WAHPETON 37,1201,16690000,2367000,1918000,210000,10000,42000,1245000
3819260,North Dakota,3,3,WARWICK 29,222,5914000,110000,110000,0,0,0,67000
3819290,North Dakota,3,3,WASHBURN 4,335,5769000,444000,444000,0,0,0,236000
3819410,North Dakota,3,3,WEST FARGO 6,12648,173285000,31813000,23502000,4655000,1241000,1594000,15049000
3819470,North Dakota,3,3,WESTHOPE 17,161,3171000,109000,109000,0,0,0,84000
3819680,North Dakota,3,3,WHITE SHIELD 85,188,2328000,15000,15000,0,0,0,11000
3820190,North Dakota,3,3,WISHEK 19,234,3799000,473000,473000,0,0,0,331000
3820310,North Dakota,3,3,WYNDMERE 42,265,4173000,288000,0,0,288000,0,0
3820340,North Dakota,1,3,YELLOWSTONE 14,92,2079000,132000,0,132000,0,0,0
3900094,Ohio,3,3,Monroe Local,2845,32827000,577000,141000,432000,3000,0,2277000
3900537,Ohio,3,3,Manchester Local,700,11139000,229000,229000,0,0,0,1038000
3901374,Ohio,3,3,Dayton Regional STEM School,761,6487000,155000,155000,0,0,0,0
3901490,Ohio,3,3,Metro Early College High School,876,9396000,208000,208000,0,0,0,0
3901512,Ohio,3,3,Bio-Med Science Academy STEM School,1013,9308000,216000,216000,0,0,0,0
3901535,Ohio,2,3,Global Impact STEM Academy,664,6133000,150000,150000,0,0,0,0
3901565,Ohio,2,3,Valley STEM+ME2 Academy,267,1996000,76000,76000,0,0,0,0
3901577,Ohio,2,3,Tri-State STEM+M Early College High School,74,847000,15000,15000,0,0,0,0
3904348,Ohio,3,3,Akron City,20481,420953000,4712000,2435000,676000,986000,54000,32782000
3904349,Ohio,3,3,Alliance City,2987,44235000,754000,607000,0,0,0,3184000
3904350,Ohio,3,3,Ashland City,3125,37671000,1024000,693000,78000,89000,0,2231000
3904351,Ohio,3,3,Ashtabula Area City,3047,49780000,1128000,981000,40000,107000,0,3757000
3904352,Ohio,3,3,Athens City,2335,38165000,691000,652000,31000,8000,0,3698000
3904353,Ohio,3,3,Barberton City,3645,57075000,1184000,779000,113000,289000,0,4842000
3904354,Ohio,3,3,Bay Village City,2394,39938000,694000,626000,69000,0,0,2550000
3904355,Ohio,3,3,Beachwood City,1580,38399000,426000,276000,150000,0,0,2962000
3904357,Ohio,3,3,Bellaire Local,1132,16861000,333000,330000,0,3000,0,1322000
3904358,Ohio,3,3,Bellefontaine City,2205,32733000,571000,568000,0,2000,2000,2476000
3904359,Ohio,3,3,Bellevue City,1816,25151000,491000,437000,54000,0,0,2033000
3904360,Ohio,3,3,Berea City,5521,84039000,1514000,1153000,0,0,0,7300000
3904361,Ohio,3,3,Belpre City,898,12906000,301000,233000,0,68000,0,1319000
3904362,Ohio,3,3,Bexley City,2485,46851000,796000,328000,337000,6000,0,3432000
3904363,Ohio,3,3,Bowling Green City School District,2586,37920000,747000,723000,0,25000,0,2376000
3904364,Ohio,3,3,Brecksville-Broadview Heights City,3752,55681000,503000,70000,318000,15000,100000,4000000
3904365,Ohio,3,3,Brooklyn City,1165,19341000,239000,239000,0,0,0,1653000
3904366,Ohio,3,3,Brunswick City,6236,81932000,1478000,897000,541000,39000,0,5618000
3904367,Ohio,3,3,Bryan City,1820,25562000,478000,478000,0,0,0,2389000
3904368,Ohio,3,3,Bucyrus City,1106,19439000,279000,275000,5000,0,0,1110000
3904369,Ohio,3,3,Cambridge City,1883,25881000,491000,232000,55000,0,0,2076000
3904370,Ohio,3,3,Campbell City,1101,19782000,283000,194000,0,0,0,1867000
3904371,Ohio,3,3,Canton City,7893,155987000,2349000,579000,1115000,263000,0,11337000
3904373,Ohio,3,3,Centerville City,8256,125252000,2387000,1905000,400000,0,0,8913000
3904374,Ohio,3,3,Chillicothe City,2741,38931000,817000,728000,89000,0,0,3178000
3904375,Ohio,3,3,Cincinnati Public Schools,35582,690812000,11927000,6879000,1800000,266000,2000,53368000
3904376,Ohio,3,3,Circleville City,2171,30933000,509000,509000,0,0,0,2738000
3904377,Ohio,3,3,Claymont City,1629,25867000,509000,473000,35000,0,0,1921000
3904378,Ohio,3,3,Cleveland Municipal,33866,821420000,22589000,13996000,1638000,1417000,3682000,84330000
3904379,Ohio,3,3,Cleveland Heights-University Heights City,5010,121347000,1709000,992000,36000,225000,0,10851000
3904380,Ohio,3,3,Columbus City Schools District,45337,1011362000,14288000,13413000,486000,4000,0,74911000
3904381,Ohio,3,3,Conneaut Area City,1573,22721000,547000,346000,67000,4000,0,2054000
3904382,Ohio,3,3,Coshocton City,1551,23015000,479000,455000,20000,4000,0,2253000
3904383,Ohio,3,3,Cuyahoga Falls City,4022,61768000,1090000,921000,36000,0,0,4571000
3904384,Ohio,3,3,Dayton City,11828,250476000,3585000,1998000,583000,724000,0,20221000
3904385,Ohio,3,3,Deer Park Community City,1109,19598000,201000,201000,0,0,0,1248000
3904386,Ohio,3,3,Defiance City,2339,32036000,623000,623000,0,0,0,2252000
3904387,Ohio,3,3,Delaware City,5595,74847000,1378000,1304000,57000,0,0,6085000
3904388,Ohio,3,3,Delphos City,888,11135000,285000,262000,23000,0,0,801000
3904389,Ohio,3,3,Dover City,2676,27870000,722000,722000,0,0,0,1760000
3904390,Ohio,3,3,East Cleveland City School District,1408,47180000,701000,201000,369000,22000,25000,2953000
3904391,Ohio,3,3,East Liverpool City,1941,33404000,670000,122000,419000,0,0,2481000
3904392,Ohio,3,3,East Palestine City,988,13468000,190000,157000,0,0,0,1040000
3904393,Ohio,3,3,Eaton Community City,1862,28380000,102000,102000,0,0,0,1418000
3904394,Ohio,3,3,Elyria City Schools,5804,99864000,1823000,1387000,0,0,0,7324000
3904395,Ohio,3,3,Euclid City,4747,91194000,628000,21000,15000,591000,0,7519000
3904396,Ohio,3,3,Fairborn City,4238,58260000,1132000,1067000,0,0,0,5187000
3904397,Ohio,3,3,Fairview Park City,1526,25150000,485000,325000,137000,23000,0,2341000
3904399,Ohio,3,3,Fostoria City,1857,25671000,541000,425000,0,106000,9000,2010000
3904400,Ohio,3,3,Franklin City,2556,42422000,827000,640000,73000,0,0,3381000
3904401,Ohio,3,3,Fremont City,3406,47495000,688000,649000,0,0,0,2615000
3904402,Ohio,3,3,Galion City,1649,23718000,383000,383000,0,0,0,2055000
3904403,Ohio,3,3,Gallipolis City,1959,22622000,591000,478000,43000,15000,2000,2239000
3904404,Ohio,3,3,Garfield Heights City Schools,3138,51688000,993000,819000,80000,94000,0,1701000
3904405,Ohio,3,3,Geneva Area City,2088,27318000,540000,424000,2000,0,0,1602000
3904406,Ohio,3,3,Girard City School District,1567,22744000,411000,236000,175000,0,0,2431000
3904407,Ohio,3,3,Grandview Heights Schools,1144,22966000,208000,203000,5000,0,0,1367000
3904408,Ohio,3,3,Winton Woods City,3873,59096000,1018000,808000,0,111000,0,6194000
3904409,Ohio,3,3,Greenville City,2373,32937000,705000,656000,0,30000,0,2461000
3904410,Ohio,3,3,Hamilton City,9337,130419000,2688000,1398000,772000,0,0,13616000
3904411,Ohio,3,3,Heath City,1658,22111000,435000,270000,140000,0,0,1428000
3904412,Ohio,3,3,Hillsboro City,2215,32235000,712000,642000,30000,0,0,2945000
3904413,Ohio,3,3,Huron City Schools,1211,17641000,301000,148000,153000,0,0,889000
3904414,Ohio,3,3,Ironton City School District,1386,19557000,297000,198000,58000,41000,0,1206000
3904415,Ohio,3,3,Jackson City,2317,31461000,655000,652000,0,2000,0,3732000
3904416,Ohio,3,3,Kent City,3221,55222000,894000,615000,230000,45000,4000,4910000
3904418,Ohio,3,3,Kettering City School District,7766,124543000,1958000,1149000,8000,524000,0,9213000
3904419,Ohio,3,3,Lakewood City,4362,83185000,142000,131000,12000,0,0,8090000
3904420,Ohio,3,3,Lancaster City,6263,89683000,1707000,1074000,311000,0,0,7702000
3904421,Ohio,3,3,Lebanon City,5337,66823000,1508000,1249000,0,126000,0,5084000
3904422,Ohio,3,3,Lima City,3394,65574000,1276000,34000,289000,695000,5000,5018000
3904423,Ohio,3,3,Lockland Local,476,9488000,172000,172000,0,0,0,559000
3904424,Ohio,3,3,Logan-Hocking Local,3540,54649000,953000,826000,17000,108000,2000,3916000
3904425,Ohio,3,3,London City,2117,24316000,632000,632000,0,0,0,1919000
3904426,Ohio,3,3,Lorain City,5935,117890000,2118000,1699000,295000,1000,0,10024000
3904427,Ohio,3,3,Loveland City,4238,57609000,1026000,890000,133000,3000,0,4087000
3904428,Ohio,3,3,Madeira City,1777,24366000,379000,321000,0,58000,0,1242000
3904429,Ohio,3,3,Mansfield City,3182,66799000,1238000,867000,229000,0,0,5072000
3904430,Ohio,3,3,Maple Heights City,3129,52912000,1057000,778000,122000,0,0,2702000
3904431,Ohio,3,3,Mariemont City,1553,27618000,404000,219000,185000,0,0,1306000
3904433,Ohio,3,3,Marion City,4223,65988000,1318000,22000,238000,951000,106000,6712000
3904434,Ohio,3,3,Martins Ferry City,1317,20723000,390000,390000,0,0,0,1464000
3904435,Ohio,3,3,Massillon City,4017,57103000,1143000,860000,283000,0,0,3814000
3904436,Ohio,3,3,Maumee City,2160,36899000,648000,606000,42000,0,0,2170000
3904437,Ohio,3,3,Mayfield City,4263,80630000,1183000,424000,607000,152000,0,4964000
3904438,Ohio,3,3,Medina City SD,6172,93293000,1876000,1339000,407000,10000,0,8712000
3904439,Ohio,3,3,Miamisburg City,5012,66465000,1369000,1187000,3000,12000,75000,6856000
3904440,Ohio,3,3,Middletown City,6123,89117000,2065000,1405000,152000,0,182000,7038000
3904441,Ohio,3,3,Mt Healthy City,2913,58121000,1022000,520000,195000,95000,27000,5954000
3904443,Ohio,3,3,Napoleon Area City,1762,26265000,470000,470000,0,0,0,2075000
3904444,Ohio,3,3,Nelsonville-York City,1054,17037000,320000,210000,0,40000,0,1507000
3904445,Ohio,3,3,Newark City,5907,86516000,1253000,114000,742000,3000,2000,8200000
3904446,Ohio,3,3,New Boston Local,391,8060000,128000,128000,0,0,0,639000
3904447,Ohio,3,3,New Lexington School District,1691,29616000,409000,288000,0,0,0,1749000
3904448,Ohio,3,3,New Philadelphia City,2864,36486000,795000,703000,92000,0,0,3187000
3904449,Ohio,3,3,Niles City,1948,28984000,669000,188000,239000,46000,0,1432000
3904450,Ohio,3,3,North Canton City,4419,57325000,1121000,1104000,10000,7000,0,4374000
3904451,Ohio,3,3,North College Hill City,1383,22077000,518000,459000,0,59000,0,2924000
3904452,Ohio,3,3,North Olmsted City,3612,60180000,888000,684000,199000,0,6000,5747000
3904453,Ohio,3,3,North Ridgeville City,4510,53561000,1176000,1171000,6000,0,0,4472000
3904454,Ohio,3,3,North Royalton City,3754,58692000,938000,742000,0,195000,0,4173000
3904455,Ohio,3,3,Norton City,2289,28548000,517000,179000,338000,0,0,1985000
3904456,Ohio,3,3,Norwalk City,2541,34682000,761000,761000,0,0,0,2897000
3904457,Ohio,3,3,Norwood City,1669,32195000,471000,107000,364000,0,0,3055000
3904458,Ohio,3,3,Oakwood City,2049,31380000,443000,364000,74000,0,0,1888000
3904459,Ohio,3,3,Oberlin City Schools,804,17260000,226000,226000,0,0,0,1368000
3904460,Ohio,3,3,Oregon City,3273,52678000,857000,380000,7000,0,0,3743000
3904461,Ohio,3,3,Orrville City,1514,20100000,408000,338000,1000,0,0,1340000
3904463,Ohio,3,3,Parma City,9239,162922000,2574000,2171000,212000,39000,0,16880000
3904464,Ohio,3,3,Piqua City,3154,46610000,895000,878000,0,17000,0,2188000
3904465,Ohio,3,3,Port Clinton City,1489,25455000,545000,263000,109000,0,0,1634000
3904467,Ohio,3,3,Princeton City,5909,98306000,1686000,769000,33000,100000,0,6657000
3904468,Ohio,3,3,Ravenna City,1982,34634000,638000,632000,0,5000,0,3670000
3904469,Ohio,3,3,Reading Community City,1067,19042000,526000,375000,151000,0,0,1332000
3904470,Ohio,3,3,Rocky River City,2645,44570000,404000,107000,297000,0,0,3364000
3904471,Ohio,3,3,St Bernard-Elmwood Place City,752,14379000,222000,204000,19000,0,0,902000
3904472,Ohio,3,3,St Marys City,1949,26168000,551000,551000,0,0,0,1752000
3904474,Ohio,3,3,Sandusky City,3185,55257000,976000,575000,353000,49000,0,4514000
3904475,Ohio,3,3,Shaker Heights City,4437,109942000,1551000,1551000,0,0,0,6544000
3904476,Ohio,3,3,Sheffield-Sheffield Lake City,1576,24951000,427000,390000,30000,7000,0,1996000
3904479,Ohio,3,3,South Euclid-Lyndhurst City,3259,67600000,917000,650000,135000,132000,0,4779000
3904480,Ohio,3,3,South-Western City,21702,313274000,5740000,5281000,0,129000,0,29409000
3904481,Ohio,3,3,Springfield City School District,7099,113710000,2705000,1486000,818000,123000,1000,8064000
3904482,Ohio,3,3,Steubenville City,2769,31825000,567000,567000,0,0,0,1510000
3904483,Ohio,3,3,Stow-Munroe Falls City School District,5175,73057000,1328000,911000,357000,60000,0,4838000
3904484,Ohio,3,3,Strongsville City,5695,83376000,1396000,911000,0,183000,0,6508000
3904485,Ohio,3,3,Struthers City,1664,21985000,540000,539000,0,0,0,1833000
3904486,Ohio,3,3,Sycamore Community City,5684,92841000,1525000,1196000,148000,181000,0,7297000
3904487,Ohio,3,3,Sylvania Schools,7661,102597000,1727000,1654000,61000,0,12000,8693000
3904488,Ohio,3,3,Tallmadge City,2464,34066000,641000,549000,91000,0,0,2212000
3904489,Ohio,3,3,Tiffin City Schools,2593,33001000,749000,745000,0,4000,0,2754000
3904490,Ohio,3,3,Toledo City,21745,446678000,8185000,6057000,546000,86000,0,39014000
3904491,Ohio,3,3,Toronto City,814,10689000,208000,207000,2000,0,0,971000
3904492,Ohio,3,3,Troy City,4072,54020000,1043000,1043000,0,0,0,2931000
3904493,Ohio,3,3,Upper Arlington City,6455,113077000,1734000,1734000,0,0,0,8106000
3904494,Ohio,3,3,Urbana City,1854,27010000,509000,509000,0,0,0,1553000
3904495,Ohio,3,3,Vandalia-Butler City,2874,42031000,834000,350000,484000,0,0,3562000
3904498,Ohio,3,3,Wapakoneta City,3046,36794000,710000,698000,0,12000,0,2082000
3904499,Ohio,3,3,Warren City,4685,79282000,1343000,1054000,35000,73000,0,7069000
3904500,Ohio,3,3,Warrensville Heights City,1797,39362000,628000,298000,207000,39000,0,1709000
3904502,Ohio,3,3,Wellston City,1267,21439000,436000,338000,57000,10000,0,1538000
3904503,Ohio,3,3,Wellsville Local,707,13106000,198000,38000,161000,0,0,808000
3904504,Ohio,3,3,Westerville City,14571,216749000,4149000,2598000,1155000,50000,0,18302000
3904505,Ohio,3,3,West Carrollton City,3353,53448000,876000,876000,0,0,0,5203000
3904506,Ohio,3,3,Westlake City,3268,59193000,857000,745000,63000,6000,10000,4479000
3904507,Ohio,3,3,Whitehall City,3191,46144000,996000,851000,144000,1000,0,4415000
3904508,Ohio,3,3,Wickliffe City,1337,19077000,344000,3000,212000,0,0,1447000
3904509,Ohio,3,3,Willard City,1247,19597000,339000,312000,0,0,0,1469000
3904510,Ohio,3,3,Willoughby-Eastlake City,7196,107802000,2056000,1562000,301000,83000,67000,8199000
3904511,Ohio,3,3,Wilmington City,2223,30802000,689000,689000,0,0,0,2904000
3904513,Ohio,3,3,Worthington City,10810,164191000,2648000,1767000,640000,99000,0,12941000
3904514,Ohio,3,3,Wyoming City,1894,30023000,412000,197000,195000,20000,0,1663000
3904515,Ohio,3,3,Xenia Community City,3829,57084000,1280000,970000,250000,7000,6000,5080000
3904516,Ohio,3,3,Youngstown City,4639,115005000,1542000,0,741000,0,0,5472000
3904517,Ohio,3,3,Zanesville City,3041,51237000,1009000,1009000,1000,0,0,5312000
3904518,Ohio,3,3,Ada Exempted Village,856,12109000,174000,174000,0,0,0,677000
3904519,Ohio,3,3,Amherst Exempted Village,3564,42119000,833000,833000,0,0,0,2492000
3904520,Ohio,3,3,Barnesville Exempted Village,1380,17515000,321000,321000,0,0,0,1007000
3904521,Ohio,3,3,Bluffton Exempted Village,1204,13050000,232000,209000,0,23000,0,632000
3904522,Ohio,3,3,Bradford Exempted Village,483,8089000,146000,27000,37000,0,0,668000
3904523,Ohio,3,3,Bridgeport Exempted Village,749,11786000,192000,192000,0,0,0,1193000
3904524,Ohio,3,3,Harrison Hills City,1406,23223000,389000,331000,0,0,58000,1402000
3904525,Ohio,3,3,Caldwell Exempted Village,703,14160000,171000,171000,0,0,0,775000
3904526,Ohio,3,3,Carey Exempted Village Schools,832,11800000,218000,175000,0,0,0,748000
3904527,Ohio,3,3,Carrollton Exempted Village,1825,28650000,504000,462000,0,0,0,2178000
3904528,Ohio,3,3,Chagrin Falls Exempted Village,1712,33182000,454000,424000,0,30000,0,1675000
3904529,Ohio,3,3,Chesapeake Union Exempted Village,1183,15496000,307000,169000,138000,0,0,1369000
3904531,Ohio,3,3,Coldwater Exempted Village,1410,17312000,288000,288000,0,0,0,829000
3904532,Ohio,3,3,Columbiana Exempted Village,1033,13719000,283000,283000,0,0,0,1187000
3904533,Ohio,3,3,Covington Exempted Village,752,11570000,148000,148000,0,0,0,751000
3904535,Ohio,3,3,Crooksville Exempted Village,1078,16827000,321000,321000,0,0,0,939000
3904536,Ohio,3,3,Fairport Harbor Exempted Village,618,7643000,125000,125000,0,0,0,717000
3904537,Ohio,3,3,Georgetown Exempted Village,972,13193000,268000,268000,0,0,0,834000
3904538,Ohio,3,3,Gibsonburg Exempted Village,813,10633000,207000,207000,0,0,0,779000
3904539,Ohio,3,3,Granville Exempted Village,2593,35703000,589000,533000,56000,0,0,1955000
3904540,Ohio,3,3,Greenfield Exempted Village,1913,28224000,448000,448000,0,0,0,912000
3904541,Ohio,3,3,Hicksville Exempted Village School District,854,13915000,195000,159000,36000,0,0,806000
3904542,Ohio,3,3,Hubbard Exempted Village,1770,22334000,406000,306000,0,21000,49000,1082000
3904543,Ohio,3,3,Indian Hill Exempted Village,2189,43228000,629000,559000,52000,18000,0,2093000
3904545,Ohio,3,3,Lisbon Exempted Village,747,12095000,289000,269000,21000,0,0,821000
3904546,Ohio,3,3,Loudonville-Perrysville Exempted Village,864,15062000,264000,264000,0,0,0,945000
3904547,Ohio,3,3,Marysville Exempted Village,5551,70175000,1687000,1044000,358000,0,0,6198000
3904548,Ohio,3,3,Mechanicsburg Exempted Village,864,12210000,204000,204000,0,0,0,765000
3904549,Ohio,3,3,Mentor Exempted Village,7267,115161000,1987000,1426000,38000,55000,0,7363000
3904550,Ohio,3,3,Milford Exempted Village,6321,84396000,1084000,1057000,8000,19000,0,4710000
3904551,Ohio,3,3,Milton-Union Exempted Village,1341,19398000,367000,364000,3000,0,0,1363000
3904552,Ohio,3,3,Montpelier Exempted Village,791,13763000,248000,181000,0,0,0,875000
3904553,Ohio,3,3,Mount Gilead Exempted Village,1024,15168000,312000,121000,185000,6000,0,1313000
3904554,Ohio,3,3,Newcomerstown Exempted Village,884,14591000,250000,250000,0,0,0,1117000
3904555,Ohio,3,3,New Richmond Exempted Village,2025,29746000,525000,0,525000,0,0,1064000
3904556,Ohio,3,3,Newton Falls Exempted Village,904,12463000,309000,248000,61000,0,0,879000
3904557,Ohio,3,3,Paulding Exempted Village,1348,20180000,402000,267000,33000,40000,0,1522000
3904558,Ohio,3,3,Perrysburg Exempted Village,5535,74382000,1213000,1175000,36000,0,0,4533000
3904560,Ohio,3,3,Rossford Exempted Village,1658,27880000,448000,318000,130000,0,0,1632000
3904561,Ohio,3,3,Tipp City Exempted Village,2379,31534000,558000,552000,0,6000,0,1865000
3904563,Ohio,3,3,Versailles Exempted Village,1258,17391000,299000,299000,0,0,0,896000
3904564,Ohio,3,3,Wauseon Exempted Village,1737,21875000,398000,398000,0,0,0,1328000
3904565,Ohio,3,3,Wellington Exempted Village,920,15414000,265000,223000,0,42000,0,911000
3904566,Ohio,3,3,Windham Exempted Village,462,8731000,122000,87000,35000,0,0,934000
3904567,Ohio,3,3,Yellow Springs Exempted Village,653,11030000,156000,109000,47000,0,0,551000
3904575,Ohio,3,3,Allen East Local,1065,11652000,226000,145000,81000,0,0,689000
3904576,Ohio,3,3,Bath Local,1692,20820000,427000,351000,0,0,0,736000
3904577,Ohio,3,3,Elida Local,2183,29409000,545000,369000,47000,41000,0,1444000
3904578,Ohio,3,3,Perry Local,723,9971000,255000,255000,0,0,0,597000
3904579,Ohio,3,3,Shawnee Local,2289,30352000,476000,354000,0,0,0,1508000
3904580,Ohio,3,3,Spencerville Local,926,12651000,261000,199000,0,62000,0,581000
3904582,Ohio,3,3,Hillsdale Local,752,13012000,23000,2000,0,20000,0,494000
3904583,Ohio,3,3,Mapleton Local,849,11445000,189000,189000,0,0,0,698000
3904585,Ohio,3,3,Buckeye Local,1704,20249000,56000,0,0,0,0,1345000
3904586,Ohio,3,3,Grand Valley Local,882,13717000,8000,8000,0,0,0,704000
3904588,Ohio,3,3,Pymatuning Valley Local,1121,16590000,39000,0,0,39000,0,968000
3904590,Ohio,3,3,Alexander Local,1424,20743000,139000,1000,126000,0,0,1290000
3904591,Ohio,3,3,Federal Hocking Local,868,16206000,292000,292000,0,0,0,1314000
3904592,Ohio,3,3,Trimble Local,729,16034000,244000,244000,0,0,0,1528000
3904594,Ohio,3,3,Minster Local,847,11731000,176000,161000,0,0,15000,705000
3904595,Ohio,3,3,New Bremen Local,826,10503000,101000,101000,0,0,0,605000
3904596,Ohio,3,3,New Knoxville Local,394,5895000,77000,77000,0,0,0,115000
3904597,Ohio,3,3,Waynesfield-Goshen Local,472,8447000,94000,94000,0,0,0,391000
3904599,Ohio,3,3,St Clairsville-Richland City,1592,21186000,404000,400000,0,0,0,1251000
3904600,Ohio,3,3,Shadyside Local,717,10350000,157000,157000,0,0,0,554000
3904601,Ohio,3,3,Union Local,1411,19759000,330000,183000,26000,0,0,1385000
3904603,Ohio,3,3,Eastern Local School District,1140,15097000,348000,304000,44000,0,0,908000
3904604,Ohio,3,3,Fayetteville-Perry Local,752,10787000,199000,121000,0,0,0,446000
3904606,Ohio,3,3,Western Brown Local,2739,38499000,756000,756000,0,0,0,1696000
3904607,Ohio,3,3,Ripley-Union-Lewis-Huntington Local,702,12710000,290000,106000,62000,0,0,1029000
3904609,Ohio,3,3,Edgewood City School District,3656,43661000,839000,774000,10000,0,0,3483000
3904610,Ohio,3,3,Fairfield City,9647,119495000,2587000,2188000,160000,0,0,10500000
3904611,Ohio,3,3,Lakota Local,17699,213592000,3309000,2164000,934000,45000,0,14175000
3904612,Ohio,3,3,Madison Local,1478,19629000,325000,325000,0,0,0,1278000
3904613,Ohio,3,3,New Miami Local,626,11346000,143000,143000,0,0,0,712000
3904614,Ohio,3,3,Ross Local,2856,32600000,598000,558000,0,0,0,2076000
3904615,Ohio,3,3,Talawanda City,3000,40982000,654000,567000,0,87000,0,2826000
3904617,Ohio,3,3,Brown Local,589,10033000,208000,188000,0,20000,0,392000
3904619,Ohio,3,3,Graham Local,1665,21668000,192000,36000,156000,0,0,1829000
3904620,Ohio,3,3,Triad Local,823,12486000,288000,288000,0,0,0,565000
3904621,Ohio,3,3,West Liberty-Salem Local,1188,15318000,251000,0,251000,0,0,720000
3904623,Ohio,3,3,Greenon Local,1589,20011000,406000,406000,0,0,0,1397000
3904624,Ohio,3,3,Tecumseh Local,2695,37461000,677000,163000,279000,33000,0,3086000
3904625,Ohio,3,3,Northeastern Local,2973,37359000,773000,678000,95000,0,0,2291000
3904626,Ohio,3,3,Northwestern Local,1668,20886000,364000,314000,0,49000,0,1202000
3904627,Ohio,3,3,Southeastern Local,692,11157000,196000,196000,0,0,0,728000
3904628,Ohio,3,3,Clark-Shawnee Local,1697,23753000,402000,402000,0,0,0,1815000
3904630,Ohio,3,3,Batavia Local,2430,27203000,9000,9000,0,0,0,2129000
3904631,Ohio,3,3,Bethel-Tate Local,1392,18026000,382000,362000,16000,3000,0,1216000
3904632,Ohio,3,3,Clermont Northeastern Local,1375,19829000,349000,349000,0,0,0,1206000
3904633,Ohio,3,3,Felicity-Franklin Local,697,10509000,213000,213000,0,0,0,634000
3904634,Ohio,3,3,Goshen Local,2794,41337000,879000,834000,45000,0,0,4052000
3904635,Ohio,3,3,West Clermont Local,7965,98939000,2290000,2186000,104000,0,0,6402000
3904636,Ohio,3,3,Williamsburg Local,947,12180000,273000,232000,40000,0,0,775000
3904638,Ohio,3,3,Blanchester Local,1221,17922000,352000,331000,0,21000,0,994000
3904639,Ohio,3,3,Clinton-Massie Local,1746,22305000,458000,458000,0,0,0,1410000
3904640,Ohio,3,3,East Clinton Local,1227,17338000,388000,238000,35000,0,0,1587000
3904642,Ohio,3,3,Beaver Local,1684,20887000,380000,330000,49000,0,0,1667000
3904644,Ohio,3,3,Southern Local,817,15274000,267000,166000,0,0,0,906000
3904647,Ohio,3,3,Ridgewood Local,1275,15484000,329000,264000,0,65000,0,1026000
3904648,Ohio,3,3,River View Local,1627,22174000,480000,296000,0,0,0,1721000
3904650,Ohio,3,3,Buckeye Central Local,641,13135000,203000,203000,0,0,0,668000
3904651,Ohio,3,3,Colonel Crawford Local,972,12421000,246000,246000,0,0,0,804000
3904652,Ohio,3,3,Wynford Local,1150,14587000,249000,239000,10000,0,0,1250000
3904655,Ohio,3,3,Cuyahoga Heights Local,809,18012000,138000,127000,11000,0,0,607000
3904656,Ohio,3,3,Independence Local,1101,21713000,37000,37000,0,0,0,550000
3904657,Ohio,3,3,Olmsted Falls City,3595,51146000,86000,25000,0,61000,0,2529000
3904659,Ohio,3,3,Richmond Heights Local,809,15945000,236000,80000,33000,1000,2000,978000
3904660,Ohio,3,3,Solon City,4673,87596000,1098000,0,1098000,0,0,5221000
3904662,Ohio,3,3,Ansonia Local,802,10411000,148000,0,148000,0,0,456000
3904663,Ohio,3,3,Arcanum-Butler Local,1172,14059000,265000,0,265000,0,0,824000
3904664,Ohio,3,3,Franklin Monroe Local,510,8158000,105000,0,105000,0,0,351000
3904667,Ohio,3,3,Mississinawa Valley Local,647,9835000,142000,0,142000,0,0,492000
3904668,Ohio,3,3,Tri-Village Local,842,10223000,165000,0,165000,0,0,526000
3904670,Ohio,3,3,Ayersville Local,704,9553000,154000,154000,0,0,0,411000
3904671,Ohio,3,3,Central Local,915,14459000,247000,247000,0,0,0,845000
3904672,Ohio,3,3,Northeastern Local,1007,14215000,231000,216000,16000,0,0,665000
3904674,Ohio,3,3,Big Walnut Local,4172,51958000,923000,895000,0,0,28000,3140000
3904675,Ohio,3,3,Buckeye Valley Local,2186,34080000,538000,250000,241000,0,47000,2157000
3904676,Ohio,3,3,Olentangy Local,23281,322393000,4555000,0,4555000,0,0,26841000
3904678,Ohio,3,3,Edison Local (formerly Berlin-Milan),1399,19035000,349000,247000,0,5000,0,1312000
3904680,Ohio,3,3,Margaretta Local,1079,17588000,353000,331000,22000,0,0,1100000
3904681,Ohio,3,3,Perkins Local,1897,27883000,484000,484000,0,0,0,1910000
3904682,Ohio,3,3,Vermilion Local,1723,28796000,423000,423000,0,0,0,1989000
3904684,Ohio,3,3,Amanda-Clearcreek Local,1517,21263000,400000,400000,0,0,0,1133000
3904685,Ohio,3,3,Berne Union Local,849,13708000,180000,171000,0,9000,0,974000
3904686,Ohio,3,3,Bloom-Carroll Local,2265,26170000,452000,375000,77000,0,0,1215000
3904687,Ohio,3,3,Fairfield Union Local,1927,25404000,470000,470000,0,0,0,1359000
3904688,Ohio,3,3,Liberty Union-Thurston Local,1209,18560000,294000,294000,0,0,0,1272000
3904689,Ohio,3,3,Pickerington Local,11362,153308000,3006000,2010000,534000,259000,0,11691000
3904690,Ohio,3,3,Walnut Township Local,489,10124000,121000,121000,0,0,0,470000
3904694,Ohio,3,3,Canal Winchester Local,3800,53902000,1104000,757000,157000,0,0,5111000
3904695,Ohio,3,3,Hamilton Local,3082,35314000,764000,397000,292000,0,0,4585000
3904696,Ohio,3,3,Gahanna-Jefferson City,7961,115221000,2463000,1879000,583000,0,0,9642000
3904697,Ohio,3,3,Groveport Madison Local,6242,92441000,1709000,369000,137000,27000,457000,8869000
3904699,Ohio,3,3,New Albany-Plain Local,5101,75496000,1103000,1070000,0,29000,4000,5801000
3904700,Ohio,3,3,Reynoldsburg City,7374,96949000,1540000,1540000,0,0,0,8164000
3904701,Ohio,3,3,Hilliard City,16082,242029000,3983000,3647000,337000,0,0,12593000
3904702,Ohio,3,3,Dublin City,16525,278334000,3868000,3160000,0,18000,59000,27111000
3904704,Ohio,3,3,Archbold-Area Local,1156,15732000,311000,61000,250000,0,0,766000
3904705,Ohio,3,3,Evergreen Local,1134,17433000,298000,298000,0,0,0,1250000
3904706,Ohio,3,3,Fayette Local,361,6947000,76000,70000,2000,4000,0,556000
3904707,Ohio,3,3,Pettisville Local,499,7608000,99000,99000,0,0,0,271000
3904708,Ohio,3,3,Pike-Delta-York Local,1120,17345000,361000,339000,5000,17000,0,1018000
3904709,Ohio,3,3,Swanton Local,1138,17161000,346000,346000,0,0,0,979000
3904716,Ohio,3,3,Berkshire Local,1379,19513000,310000,310000,0,0,0,1354000
3904717,Ohio,3,3,Cardinal Local,781,15160000,168000,168000,0,0,0,529000
3904718,Ohio,3,3,Chardon Local,2645,40092000,688000,419000,59000,0,104000,2253000
3904719,Ohio,3,3,Kenston Local,2565,41624000,488000,195000,293000,0,0,2402000
3904722,Ohio,3,3,West Geauga Local,2077,31876000,437000,191000,246000,0,0,1297000
3904724,Ohio,3,3,Beavercreek City,7994,108295000,2063000,1301000,638000,32000,0,9198000
3904725,Ohio,3,3,Cedar Cliff Local,589,7988000,144000,144000,0,0,0,397000
3904726,Ohio,3,3,Greeneview Local,1280,16952000,384000,274000,0,37000,0,911000
3904730,Ohio,3,3,Rolling Hills Local,1486,21388000,403000,403000,0,0,0,1033000
3904733,Ohio,3,3,Finneytown Local,1189,19092000,434000,401000,20000,0,0,1124000
3904734,Ohio,3,3,Forest Hills Local,7118,95879000,1342000,1197000,145000,1000,0,7299000
3904736,Ohio,3,3,Northwest Local,8584,111518000,2604000,1058000,689000,4000,8000,11385000
3904737,Ohio,3,3,Oak Hills Local,7571,94020000,2193000,1340000,3000,745000,0,7738000
3904738,Ohio,3,3,Southwest Local,4365,50128000,1204000,1204000,0,0,0,3398000
3904739,Ohio,3,3,Three Rivers Local,2102,26909000,529000,529000,0,0,0,1850000
3904742,Ohio,3,3,Arlington Local,569,8041000,144000,114000,0,0,0,397000
3904743,Ohio,3,3,Cory-Rawson Local,490,9743000,157000,0,157000,0,0,412000
3904744,Ohio,3,3,Liberty-Benton Local,1562,17620000,299000,299000,0,0,0,712000
3904745,Ohio,3,3,McComb Local,608,9699000,136000,0,136000,0,0,423000
3904747,Ohio,3,3,Vanlue Local,143,3278000,39000,39000,0,0,0,128000
3904749,Ohio,3,3,Hardin Northern Local,387,7054000,120000,108000,12000,0,0,207000
3904750,Ohio,3,3,Ridgemont Local,493,7492000,117000,0,117000,0,0,344000
3904751,Ohio,3,3,Riverdale Local,1024,13847000,311000,311000,0,0,0,646000
3904752,Ohio,3,3,Upper Scioto Valley Local,454,7800000,130000,107000,23000,0,0,263000
3904754,Ohio,3,3,Conotton Valley Union Local,513,10774000,140000,82000,54000,0,1000,800000
3904757,Ohio,3,3,Holgate Local,400,7285000,117000,117000,0,0,0,243000
3904758,Ohio,3,3,Liberty Center Local,998,16020000,226000,226000,0,0,0,968000
3904759,Ohio,3,3,Patrick Henry Local,851,15099000,251000,240000,10000,0,0,1028000
3904761,Ohio,3,3,Bright Local,727,10621000,204000,204000,0,0,0,690000
3904762,Ohio,3,3,Fairfield Local,907,12552000,217000,217000,0,0,0,604000
3904763,Ohio,3,3,Lynchburg-Clay Local,1075,16603000,269000,92000,127000,0,0,1213000
3904768,Ohio,3,3,East Holmes Local,1497,21378000,344000,330000,0,14000,0,1806000
3904769,Ohio,3,3,West Holmes Local,1815,28126000,623000,355000,2000,54000,0,2569000
3904771,Ohio,3,3,Monroeville Local,572,8704000,144000,141000,0,4000,0,581000
3904772,Ohio,3,3,New London Local,870,13749000,270000,270000,0,0,0,1086000
3904773,Ohio,3,3,South Central Local,746,11134000,183000,183000,0,0,0,601000
3904774,Ohio,3,3,Western Reserve Local,1003,14846000,275000,275000,0,0,0,723000
3904776,Ohio,3,3,Oak Hill Union Local,1140,16721000,306000,306000,0,0,0,1492000
3904778,Ohio,3,3,Buckeye Local,1406,21844000,478000,478000,0,0,0,1737000
3904779,Ohio,3,3,Edison Local,1398,21406000,371000,363000,0,0,0,1466000
3904780,Ohio,3,3,Indian Creek Local,1963,23934000,458000,324000,17000,0,0,1561000
3904782,Ohio,3,3,Centerburg Local,1049,13630000,249000,237000,0,11000,0,586000
3904783,Ohio,3,3,Danville Local,608,8506000,148000,148000,0,0,0,635000
3904785,Ohio,3,3,Fredericktown Local,1139,14325000,318000,318000,0,0,0,980000
3904787,Ohio,3,3,Kirtland Local,1120,16478000,186000,183000,0,2000,0,1190000
3904788,Ohio,3,3,Madison Local,2809,35191000,648000,378000,46000,0,0,2401000
3904790,Ohio,3,3,Perry Local,1504,25874000,331000,331000,0,0,0,273000
3904792,Ohio,3,3,Dawson-Bryant Local,1149,16575000,323000,323000,0,0,0,776000
3904793,Ohio,3,3,Fairland Local,1425,16058000,445000,445000,0,0,0,869000
3904794,Ohio,3,3,Rock Hill Local,1340,26291000,370000,369000,0,1000,0,1961000
3904795,Ohio,3,3,South Point Local,1366,22497000,424000,424000,0,0,0,1647000
3904796,Ohio,3,3,Symmes Valley Local,741,12888000,230000,192000,38000,0,0,958000
3904798,Ohio,3,3,Johnstown-Monroe Local,1650,22791000,260000,165000,0,0,0,837000
3904799,Ohio,3,3,Lakewood Local,1661,25994000,435000,278000,158000,0,0,1691000
3904800,Ohio,3,3,Licking Heights Local,5073,55751000,1106000,1106000,0,0,0,4742000
3904801,Ohio,3,3,Licking Valley Local,2062,23456000,446000,346000,0,0,0,1156000
3904802,Ohio,3,3,North Fork Local,1515,21652000,442000,442000,0,0,0,1571000
3904803,Ohio,3,3,Northridge Local,1171,18312000,288000,257000,19000,0,0,1218000
3904804,Ohio,3,3,Southwest Licking Local,4794,56279000,1051000,847000,158000,44000,0,3774000
3904807,Ohio,3,3,Benjamin Logan Local,1665,22031000,378000,378000,0,0,0,1228000
3904808,Ohio,3,3,Indian Lake Local,1409,21164000,225000,111000,0,5000,23000,936000
3904809,Ohio,3,3,Riverside Local,621,9804000,144000,144000,0,0,0,412000
3904811,Ohio,3,3,Avon Local,4583,52516000,939000,452000,222000,2000,0,2372000
3904812,Ohio,3,3,Avon Lake City,3552,51538000,751000,632000,119000,0,0,2663000
3904813,Ohio,3,3,Clearview Local,1370,20920000,307000,179000,58000,0,0,1500000
3904814,Ohio,3,3,Columbia Local,938,14196000,207000,61000,62000,2000,0,755000
3904815,Ohio,3,3,Firelands Local,1684,22367000,366000,270000,0,0,0,1421000
3904816,Ohio,3,3,Keystone Local,1454,17773000,399000,399000,0,0,0,1099000
3904817,Ohio,3,3,Midview Local,2778,37871000,731000,632000,0,34000,0,1934000
3904820,Ohio,3,3,Anthony Wayne Local,4226,54105000,1005000,784000,58000,0,0,2611000
3904821,Ohio,3,3,Ottawa Hills Local,1077,19695000,334000,165000,169000,0,0,789000
3904822,Ohio,3,3,Springfield Local,3329,48595000,1031000,817000,38000,6000,0,3551000
3904823,Ohio,3,3,Washington Local,6877,98184000,1703000,1547000,156000,0,0,7411000
3904825,Ohio,3,3,Jefferson Local,987,16959000,208000,32000,0,0,0,1506000
3904826,Ohio,3,3,Jonathan Alder Local,2265,27178000,488000,467000,21000,0,0,1564000
3904827,Ohio,3,3,Madison-Plains Local,1091,17315000,286000,209000,0,0,10000,733000
3904829,Ohio,3,3,Austintown Local Schools,4105,51793000,1109000,916000,0,101000,0,3464000
3904830,Ohio,3,3,Boardman Local,3726,51752000,1032000,756000,34000,24000,0,3420000
3904831,Ohio,3,3,Canfield Local,2494,32164000,635000,476000,53000,1000,0,1706000
3904832,Ohio,3,3,Jackson-Milton Local,760,10505000,66000,63000,3000,0,0,744000
3904833,Ohio,3,3,Lowellville Local,468,6831000,130000,120000,0,0,10000,434000
3904834,Ohio,3,3,Poland Local,1776,22085000,404000,404000,0,0,0,1217000
3904835,Ohio,3,3,Sebring Local,340,7586000,147000,147000,0,0,0,577000
3904836,Ohio,3,3,South Range Local,1217,15512000,304000,218000,7000,1000,0,1010000
3904837,Ohio,3,3,Springfield Local,920,13528000,255000,190000,65000,0,0,634000
3904838,Ohio,3,3,West Branch Local,1781,21671000,491000,385000,56000,46000,4000,1612000
3904839,Ohio,3,3,Western Reserve Local,570,8967000,21000,21000,0,0,0,401000
3904841,Ohio,3,3,Elgin Local,1039,13903000,312000,182000,110000,0,0,866000
3904842,Ohio,3,3,Pleasant Local,1226,14156000,290000,56000,168000,0,0,608000
3904843,Ohio,3,3,Ridgedale Local,627,9654000,144000,26000,118000,0,0,343000
3904844,Ohio,3,3,River Valley Local,1916,23064000,433000,305000,0,0,0,864000
3904846,Ohio,3,3,Black River Local,1057,17246000,337000,337000,0,0,0,1138000
3904847,Ohio,3,3,Buckeye Local,2240,25739000,548000,548000,0,0,0,1711000
3904848,Ohio,3,3,Cloverleaf Local,2255,35111000,546000,417000,128000,0,0,2634000
3904849,Ohio,3,3,Highland Local,3367,40327000,786000,737000,49000,0,0,5426000
3904851,Ohio,3,3,Eastern Local,726,10933000,190000,190000,0,0,0,780000
3904852,Ohio,3,3,Meigs Local,1668,27705000,463000,289000,28000,0,0,2312000
3904853,Ohio,3,3,Southern Local,682,10398000,180000,146000,34000,0,0,645000
3904857,Ohio,3,3,Parkway Local,977,13237000,224000,224000,0,0,0,996000
3904858,Ohio,3,3,St Henry Consolidated Local,1020,11132000,195000,195000,0,0,0,630000
3904859,Ohio,3,3,Fort Recovery Local,1005,12195000,194000,194000,0,0,0,549000
3904861,Ohio,3,3,Bethel Local,1868,18617000,279000,279000,0,0,0,665000
3904862,Ohio,3,3,Miami East Local,1413,17768000,250000,250000,0,0,0,535000
3904863,Ohio,3,3,Newton Local,641,8480000,116000,116000,0,0,0,367000
3904865,Ohio,3,3,Switzerland of Ohio Local,1946,50560000,665000,665000,0,0,0,2997000
3904867,Ohio,3,3,Brookville Local,1476,17358000,310000,252000,58000,0,0,1124000
3904868,Ohio,3,3,Jefferson Township Local,279,7648000,88000,83000,0,0,0,368000
3904869,Ohio,3,3,Trotwood-Madison City,2558,52387000,845000,778000,0,11000,0,2573000
3904870,Ohio,3,3,Mad River Local,3758,53963000,1060000,1060000,0,0,0,4252000
3904871,Ohio,3,3,New Lebanon Local School District,1090,15280000,213000,213000,0,0,0,1101000
3904872,Ohio,3,3,Northmont City,4702,73887000,1363000,1309000,0,0,0,5774000
3904873,Ohio,3,3,Northridge Local,1565,31115000,424000,365000,59000,0,0,1526000
3904874,Ohio,3,3,Valley View Local,1745,23510000,450000,361000,9000,36000,44000,1678000
3904875,Ohio,3,3,Huber Heights City,5903,80354000,1735000,1263000,472000,0,0,7770000
3904877,Ohio,3,3,Morgan Local,1668,29426000,479000,479000,0,0,0,2168000
3904879,Ohio,3,3,Cardington-Lincoln Local,996,15542000,257000,257000,0,0,0,1195000
3904880,Ohio,3,3,Highland Local,1718,21513000,384000,384000,0,0,0,1598000
3904881,Ohio,3,3,Northmor Local,1038,14628000,276000,276000,0,0,0,1099000
3904883,Ohio,3,3,East Muskingum Local,2070,24087000,492000,492000,0,0,0,1215000
3904884,Ohio,3,3,Franklin Local,1854,28089000,514000,514000,0,0,0,1310000
3904885,Ohio,3,3,Maysville Local,1834,25404000,513000,439000,0,74000,0,1508000
3904887,Ohio,3,3,Tri-Valley Local,2913,35001000,896000,695000,152000,0,49000,2225000
3904888,Ohio,3,3,West Muskingum Local,1542,16156000,439000,423000,0,16000,0,871000
3904890,Ohio,3,3,Noble Local,973,18211000,226000,79000,3000,0,0,584000
3904892,Ohio,3,3,Benton Carroll Salem Local,1373,20395000,350000,262000,0,24000,0,1140000
3904893,Ohio,3,3,Danbury Local,563,12088000,126000,126000,0,0,0,564000
3904894,Ohio,3,3,Genoa Area Local,1307,15191000,328000,256000,0,0,0,804000
3904897,Ohio,3,3,Put-In-Bay Local,68,2897000,21000,21000,0,0,0,90000
3904899,Ohio,3,3,Antwerp Local,672,10135000,164000,164000,0,0,0,616000
3904900,Ohio,3,3,Twin Valley Community Local,765,11557000,198000,198000,0,0,0,725000
3904903,Ohio,3,3,Wayne Trace Local,890,15634000,267000,267000,0,0,0,703000
3904905,Ohio,3,3,Northern Local,2226,24989000,473000,452000,21000,0,0,1807000
3904906,Ohio,3,3,Southern Local,611,11684000,178000,83000,0,1000,0,616000
3904908,Ohio,3,3,Logan Elm Local,1693,24754000,458000,458000,0,0,0,1974000
3904909,Ohio,3,3,Teays Valley Local,4366,55674000,1114000,1114000,0,0,0,4995000
3904910,Ohio,3,3,Westfall Local,1412,39722000,385000,385000,0,0,0,1617000
3904912,Ohio,3,3,Eastern Local School District,721,14344000,275000,227000,0,0,0,571000
3904913,Ohio,3,3,Scioto Valley Local,1180,19660000,372000,372000,0,0,0,1266000
3904914,Ohio,3,3,Waverly City,1694,26406000,531000,385000,0,0,0,1795000
3904915,Ohio,3,3,Western Local,685,15018000,138000,53000,3000,0,0,848000
3904917,Ohio,3,3,Aurora City,3044,46827000,568000,309000,222000,5000,0,3135000
3904918,Ohio,3,3,Crestwood Local,1366,22858000,388000,388000,0,0,0,1234000
3904919,Ohio,3,3,Field Local,1886,24023000,479000,167000,118000,22000,0,1442000
3904920,Ohio,3,3,James A Garfield Local,1249,16516000,284000,218000,3000,9000,0,976000
3904921,Ohio,3,3,Rootstown Local,976,13354000,259000,259000,0,0,0,675000
3904922,Ohio,3,3,Southeast Local,1392,22683000,442000,380000,31000,1000,0,1206000
3904923,Ohio,3,3,Streetsboro City,1963,29513000,499000,399000,53000,0,0,2115000
3904924,Ohio,3,3,Waterloo Local,812,11583000,292000,188000,104000,0,0,628000
3904926,Ohio,3,3,Tri-County North Local,740,12528000,171000,0,171000,0,0,568000
3904927,Ohio,3,3,National Trail Local,931,15319000,260000,100000,160000,0,0,787000
3904928,Ohio,3,3,Preble Shawnee Local,1351,17652000,319000,237000,0,0,0,1279000
3904931,Ohio,3,3,Columbus Grove Local,756,11630000,203000,203000,0,0,0,715000
3904932,Ohio,3,3,Continental Local,450,8670000,125000,125000,0,0,0,374000
3904933,Ohio,3,3,Jennings Local,351,5139000,73000,0,73000,0,0,192000
3904934,Ohio,3,3,Kalida Local,600,7782000,126000,65000,5000,0,0,354000
3904936,Ohio,3,3,Miller City-New Cleveland Local,542,7125000,104000,104000,0,0,0,241000
3904937,Ohio,3,3,Ottawa-Glandorf Local,1519,18891000,371000,371000,0,0,0,884000
3904938,Ohio,3,3,Ottoville Local,489,6812000,102000,89000,12000,0,0,330000
3904939,Ohio,3,3,Pandora-Gilboa Local,521,8133000,113000,113000,0,0,0,344000
3904941,Ohio,3,3,Clear Fork Valley Local,1564,20346000,278000,278000,0,0,0,1310000
3904942,Ohio,3,3,Crestview Local,938,14912000,275000,271000,0,3000,0,928000
3904943,Ohio,3,3,Lexington Local,2338,28577000,537000,422000,40000,39000,36000,1737000
3904944,Ohio,3,3,Lucas Local,435,6837000,109000,45000,44000,0,0,398000
3904945,Ohio,3,3,Madison Local,2730,43554000,714000,688000,26000,0,0,3125000
3904946,Ohio,3,3,Plymouth-Shiloh Local,643,11826000,183000,180000,0,3000,0,933000
3904947,Ohio,3,3,Ontario Local,1932,20806000,436000,432000,4000,0,0,1139000
3904949,Ohio,3,3,Adena Local,1186,14393000,239000,220000,0,0,19000,996000
3904950,Ohio,3,3,Huntington Local,1033,15082000,208000,208000,0,0,0,1010000
3904951,Ohio,3,3,Paint Valley Local,798,12333000,259000,217000,42000,0,0,588000
3904952,Ohio,3,3,Southeastern Local,923,15189000,248000,248000,0,0,0,940000
3904953,Ohio,3,3,Union-Scioto Local,2142,27749000,488000,435000,54000,0,0,1441000
3904954,Ohio,3,3,Zane Trace Local,1282,17588000,225000,175000,50000,0,0,823000
3904956,Ohio,3,3,Lakota Local,1012,14592000,222000,168000,54000,0,0,812000
3904957,Ohio,3,3,Woodmore Local,935,12332000,199000,199000,0,0,0,916000
3904959,Ohio,3,3,Bloom-Vernon Local,809,12520000,209000,183000,26000,0,0,586000
3904961,Ohio,3,3,Green Local,526,8424000,173000,163000,0,0,0,317000
3904962,Ohio,3,3,Minford Local,1261,17505000,284000,284000,0,0,0,792000
3904963,Ohio,3,3,Northwest Local,1259,22274000,382000,0,0,382000,0,1014000
3904964,Ohio,3,3,Valley Local,1032,14225000,276000,276000,0,0,0,872000
3904965,Ohio,3,3,Washington-Nile Local,1269,20614000,367000,217000,48000,0,0,1072000
3904966,Ohio,3,3,Wheelersburg Local,1586,17455000,366000,355000,0,0,0,1033000
3904968,Ohio,3,3,Seneca East Local,848,12931000,190000,190000,0,0,0,830000
3904970,Ohio,3,3,Hopewell-Loudon Local,777,9713000,217000,217000,0,0,0,462000
3904971,Ohio,3,3,New Riegel Local,443,6084000,81000,65000,16000,0,0,232000
3904976,Ohio,3,3,Botkins Local,621,8789000,115000,65000,50000,0,0,377000
3904977,Ohio,3,3,Fairlawn Local,586,7614000,145000,145000,0,0,0,411000
3904978,Ohio,3,3,Fort Loramie Local,740,11104000,152000,72000,80000,0,0,505000
3904979,Ohio,3,3,Hardin-Houston Local,779,10752000,181000,0,181000,0,0,515000
3904981,Ohio,3,3,Russia Local,421,5413000,86000,86000,0,0,0,231000
3904983,Ohio,3,3,Canton Local,1971,31339000,562000,341000,60000,0,0,2094000
3904984,Ohio,3,3,Fairless Local,1261,20465000,356000,356000,0,0,0,1065000
3904985,Ohio,3,3,Jackson Local,5973,69256000,1407000,982000,308000,10000,0,2666000
3904986,Ohio,3,3,Lake Local,3371,42611000,813000,813000,0,0,0,2428000
3904987,Ohio,3,3,Louisville City,2754,35185000,709000,452000,42000,2000,15000,2613000
3904988,Ohio,3,3,Marlington Local,1921,27546000,438000,438000,0,0,0,1665000
3904989,Ohio,3,3,Minerva Local,1687,25186000,514000,514000,0,0,0,1572000
3904990,Ohio,3,3,Northwest Local,1739,23941000,440000,433000,4000,3000,0,1300000
3904991,Ohio,3,3,Osnaburg Local,910,11754000,180000,180000,0,0,0,647000
3904992,Ohio,3,3,Perry Local,4352,56729000,1146000,922000,106000,7000,0,3911000
3904993,Ohio,3,3,Plain Local,5977,72559000,1362000,1155000,0,0,0,2779000
3904994,Ohio,3,3,Sandy Valley Local,1264,21354000,325000,275000,0,0,0,1366000
3904995,Ohio,3,3,Tuslaw Local,1249,16091000,317000,229000,31000,0,0,1106000
3904997,Ohio,3,3,Woodridge Local,1956,29817000,576000,460000,0,1000,0,1924000
3904998,Ohio,3,3,Copley-Fairlawn City,2722,44511000,678000,535000,143000,0,0,3148000
3904999,Ohio,3,3,Coventry Local,1497,22519000,453000,375000,47000,11000,15000,1744000
3905000,Ohio,3,3,Manchester Local,1278,17621000,58000,58000,0,0,0,1054000
3905001,Ohio,3,3,Green Local,4030,52155000,997000,997000,0,0,0,3548000
3905002,Ohio,3,3,Hudson City,4614,79123000,1411000,1319000,63000,30000,0,5642000
3905003,Ohio,3,3,Mogadore Local,763,12533000,189000,189000,0,0,0,881000
3905004,Ohio,3,3,Nordonia Hills City,3454,59136000,1210000,655000,163000,0,392000,3539000
3905005,Ohio,3,3,Revere Local,2882,43726000,603000,373000,188000,0,0,2131000
3905006,Ohio,3,3,Springfield Local,1775,25694000,618000,615000,3000,0,0,2163000
3905007,Ohio,3,3,Twinsburg City,4027,62538000,919000,423000,269000,28000,0,3249000
3905009,Ohio,3,3,Bloomfield-Mespo Local,206,5037000,81000,46000,35000,0,0,340000
3905011,Ohio,3,3,Bristol Local,466,6900000,157000,85000,9000,0,45000,526000
3905012,Ohio,3,3,Brookfield Local,992,12076000,302000,302000,0,0,0,605000
3905013,Ohio,3,3,Champion Local,1257,16567000,322000,244000,14000,0,0,1277000
3905015,Ohio,3,3,Mathews Local,613,10230000,184000,184000,0,0,0,369000
3905016,Ohio,3,3,Howland Local,2384,35862000,650000,614000,36000,0,0,1859000
3905017,Ohio,3,3,Joseph Badger Local,646,10108000,173000,173000,0,0,0,732000
3905018,Ohio,3,3,Lakeview Local,1572,18666000,326000,325000,0,1000,0,1188000
3905019,Ohio,3,3,Liberty Local,1251,16773000,393000,393000,0,0,0,591000
3905020,Ohio,3,3,Lordstown Local,410,8652000,139000,139000,0,0,0,387000
3905021,Ohio,3,3,Maplewood Local,611,9943000,176000,176000,0,0,0,359000
3905022,Ohio,3,3,McDonald Local,745,9805000,161000,161000,0,0,0,597000
3905023,Ohio,3,3,Southington Local,412,6601000,111000,102000,0,0,0,321000
3905024,Ohio,3,3,LaBrae Local,1006,14407000,304000,257000,0,0,47000,846000
3905025,Ohio,3,3,Weathersfield Local,905,13265000,276000,271000,0,0,0,526000
3905027,Ohio,3,3,Garaway Local,1083,14589000,303000,303000,0,0,0,958000
3905028,Ohio,3,3,Indian Valley Local,1712,22732000,478000,478000,0,0,0,1398000
3905029,Ohio,3,3,Strasburg-Franklin Local,530,7841000,94000,10000,83000,0,0,344000
3905030,Ohio,3,3,Tuscarawas Valley Local,1267,16258000,276000,238000,0,0,0,832000
3905032,Ohio,3,3,Fairbanks Local,1075,14745000,235000,235000,0,0,0,854000
3905033,Ohio,3,3,North Union Local School District,1411,20771000,362000,105000,257000,0,0,1790000
3905035,Ohio,3,3,Crestview Local,931,12665000,209000,209000,0,0,0,1068000
3905039,Ohio,3,3,Vinton County Local,1764,30387000,578000,533000,0,0,1000,1847000
3905041,Ohio,3,3,Carlisle Local,1584,23016000,341000,341000,0,0,0,1239000
3905042,Ohio,3,3,Springboro Community City,6089,63105000,1328000,902000,80000,26000,0,4377000
3905043,Ohio,3,3,Kings Local,4967,66700000,1227000,1227000,0,0,0,4943000
3905044,Ohio,3,3,Little Miami Local,5409,63575000,1069000,751000,52000,0,0,3637000
3905045,Ohio,3,3,Mason City,10179,140815000,2514000,1973000,506000,36000,0,9896000
3905046,Ohio,3,3,Wayne Local,1617,20206000,267000,267000,0,0,0,1229000
3905048,Ohio,3,3,Fort Frye Local,915,15447000,262000,261000,0,2000,0,969000
3905049,Ohio,3,3,Frontier Local,513,8754000,176000,83000,46000,0,0,509000
3905051,Ohio,3,3,Wolf Creek Local,583,10667000,218000,111000,107000,0,0,507000
3905053,Ohio,3,3,Chippewa Local,1300,15167000,325000,317000,0,9000,0,342000
3905054,Ohio,3,3,Dalton Local,920,12438000,218000,218000,0,0,0,676000
3905055,Ohio,3,3,Green Local,1078,13492000,36000,5000,0,31000,0,710000
3905056,Ohio,3,3,Norwayne Local,1305,16235000,340000,338000,2000,0,0,1291000
3905058,Ohio,3,3,Southeast Local,1243,20703000,15000,15000,0,0,0,1288000
3905059,Ohio,3,3,Triway Local,1433,22864000,480000,429000,51000,0,0,1669000
3905061,Ohio,3,3,Edgerton Local,544,8833000,125000,125000,0,0,0,407000
3905062,Ohio,3,3,Edon Northwest Local,533,8179000,124000,124000,0,0,0,463000
3905063,Ohio,3,3,Millcreek-West Unity Local,498,8450000,131000,131000,0,0,0,425000
3905064,Ohio,3,3,North Central Local,551,9718000,144000,144000,0,0,0,863000
3905065,Ohio,3,3,Stryker Local,389,7521000,78000,78000,0,0,0,211000
3905067,Ohio,3,3,Eastwood Local,1455,22268000,339000,339000,0,0,0,1156000
3905068,Ohio,3,3,Elmwood Local,1202,17932000,341000,253000,0,0,0,1434000
3905069,Ohio,3,3,Lake Local,1581,22559000,2000,0,0,2000,0,1258000
3905070,Ohio,3,3,North Baltimore Local,598,11108000,164000,164000,0,0,0,719000
3905071,Ohio,3,3,Northwood Local Schools,891,14191000,269000,269000,0,0,0,591000
3905072,Ohio,3,3,Otsego Local,1678,20142000,647000,532000,0,0,0,1664000
3905074,Ohio,3,3,Mohawk Local,860,13503000,169000,169000,0,0,0,787000
3906190,Ohio,3,3,Adams County Ohio Valley Local,3546,54355000,1079000,1055000,0,24000,0,5093000
3906496,Ohio,3,3,College Corner Local,129,1342000,32000,32000,0,0,0,0
3906568,Ohio,3,3,Gallia County Local,2188,32879000,752000,384000,80000,251000,36000,2330000
3906968,Ohio,3,3,East Guernsey Local,1073,18084000,266000,198000,0,0,0,1087000
3910000,Ohio,3,3,Findlay City,5565,72320000,1474000,1207000,47000,220000,0,6942000
3910001,Ohio,3,3,Van Buren Local,1050,15333000,212000,117000,96000,0,0,567000
3910002,Ohio,3,3,Arcadia Local,594,8757000,118000,0,118000,0,0,332000
3910003,Ohio,3,3,Sidney City,3158,40325000,900000,862000,0,0,0,3361000
3910004,Ohio,3,3,Anna Local,1085,14962000,268000,268000,0,0,0,587000
3910005,Ohio,3,3,Jackson Center Local,549,7449000,134000,103000,31000,0,0,424000
3910006,Ohio,3,3,Salem City,1934,24477000,692000,640000,50000,1000,0,1896000
3910007,Ohio,3,3,Leetonia Exempted Village School District,490,9587000,171000,161000,10000,0,0,670000
3910008,Ohio,3,3,Crestline Exempted Village,595,8814000,160000,158000,2000,1000,0,612000
3910009,Ohio,3,3,Shelby City,1853,26123000,468000,468000,0,0,0,1510000
3910010,Ohio,3,3,Miami Trace Local,2573,34767000,645000,253000,219000,0,0,2214000
3910011,Ohio,3,3,Washington Court House City,2022,27665000,645000,489000,0,46000,0,2430000
3910012,Ohio,3,3,Mount Vernon City,3536,48528000,1085000,1072000,13000,0,0,3476000
3910013,Ohio,3,3,East Knox Local,921,12700000,297000,193000,9000,0,0,910000
3910014,Ohio,3,3,Riverside Local,4256,53432000,1210000,1003000,7000,76000,0,3752000
3910015,Ohio,3,3,Painesville City Local,2650,42873000,763000,743000,0,20000,0,3865000
3910016,Ohio,3,3,Orange City,2010,55075000,484000,457000,26000,0,0,4473000
3910017,Ohio,3,3,Bedford City,2799,61494000,921000,113000,622000,0,0,5181000
3910018,Ohio,3,3,Warren Local,2009,25993000,556000,492000,65000,0,0,1702000
3910019,Ohio,3,3,Marietta City,2148,28102000,584000,157000,0,383000,0,2296000
3910020,Ohio,3,3,Clyde-Green Springs Exempted Village,2074,27791000,481000,452000,0,0,0,2021000
3910021,Ohio,3,3,Old Fort Local,745,10122000,143000,143000,0,0,0,609000
3910022,Ohio,3,3,Lincolnview Local,792,12338000,207000,178000,29000,1000,0,903000
3910023,Ohio,3,3,Van Wert City,2024,26386000,599000,522000,77000,0,0,2702000
3910024,Ohio,3,3,Upper Sandusky Exempted Village,1575,22501000,319000,319000,0,0,0,1413000
3910025,Ohio,3,3,Kenton City,1836,24913000,560000,466000,86000,1000,0,2225000
3910026,Ohio,3,3,Clay Local,621,8892000,191000,191000,0,0,0,571000
3910027,Ohio,3,3,Portsmouth City,1630,30313000,827000,558000,82000,0,0,3467000
3910028,Ohio,3,3,Rittman Exempted Village,864,12910000,285000,285000,0,0,0,808000
3910029,Ohio,3,3,Wadsworth City,4464,58616000,1023000,837000,0,0,0,4508000
3910030,Ohio,3,3,Celina City,2931,36488000,858000,593000,257000,3000,0,2726000
3910031,Ohio,3,3,Marion Local,936,10395000,184000,184000,0,0,0,473000
3910032,Ohio,3,3,Wooster City,3296,52577000,972000,770000,128000,23000,1000,3801000
3910033,Ohio,3,3,Northwestern Local,1266,16358000,282000,282000,0,0,0,1036000
4000013,Oklahoma,3,3,TIMBERLAKE,276,4636000,270000,169000,93000,0,0,67000
4000014,Oklahoma,3,3,BURNS FLAT-DILL CITY,493,6600000,579000,311000,262000,1000,0,157000
4000015,Oklahoma,3,3,THOMAS-FAY-CUSTER UNIFIED DIST,465,7421000,457000,376000,80000,0,0,151000
4000020,Oklahoma,3,3,FRONTIER,342,9204000,457000,345000,99000,2000,0,150000
4000021,Oklahoma,3,3,OKLAHOMA UNION,611,7463000,453000,353000,92000,6000,0,163000
4000032,Oklahoma,3,3,HYDRO-EAKLY,487,5633000,407000,245000,151000,8000,0,101000
4000033,Oklahoma,3,3,KEYS,750,8365000,491000,349000,140000,0,0,207000
4000782,Oklahoma,3,3,GRAHAM-DUSTIN,143,1989000,112000,80000,32000,0,0,54000
4000797,Oklahoma,3,3,OLUSTEE-ELDORADO,196,2851000,309000,244000,53000,0,7000,48000
4000802,Oklahoma,3,3,NORTH ROCK CREEK,1208,13085000,472000,372000,101000,0,0,192000
4002370,Oklahoma,3,3,ACHILLE,309,4314000,400000,281000,117000,3000,0,93000
4002430,Oklahoma,3,3,ADA,2657,29760000,3777000,2717000,721000,8000,93000,1229000
4002460,Oklahoma,3,3,ADAIR,1041,11498000,751000,651000,88000,3000,9000,264000
4002520,Oklahoma,3,3,AFTON,477,6087000,455000,374000,65000,0,0,175000
4002550,Oklahoma,3,3,AGRA,325,4085000,246000,195000,50000,0,0,83000
4002670,Oklahoma,3,3,ALEX,304,6437000,315000,185000,123000,2000,1000,41000
4002720,Oklahoma,3,3,ALINE-CLEO,106,2299000,100000,67000,26000,1000,0,48000
4002760,Oklahoma,3,3,ALLEN,449,6645000,439000,337000,70000,10000,0,124000
4002790,Oklahoma,1,3,ALLEN-BOWDEN,277,3713000,254000,178000,66000,1000,9000,93000
4002850,Oklahoma,3,3,ALTUS,3527,37334000,3070000,2232000,783000,42000,6000,864000
4002880,Oklahoma,3,3,ALVA,1039,14022000,1680000,1342000,289000,3000,1000,440000
4002910,Oklahoma,3,3,AMBER-POCASSET,415,6755000,254000,144000,109000,1000,0,89000
4003000,Oklahoma,3,3,ANADARKO,1427,17233000,1140000,882000,208000,10000,0,387000
4003010,Oklahoma,1,3,ANDERSON,268,2824000,315000,194000,53000,68000,0,64000
4003060,Oklahoma,3,3,ANTLERS,965,10442000,687000,509000,169000,5000,0,340000
4003120,Oklahoma,3,3,ARAPAHO-BUTLER,474,5711000,338000,255000,82000,0,0,89000
4003180,Oklahoma,3,3,ARDMORE,2591,29774000,3042000,1977000,842000,7000,165000,883000
4003210,Oklahoma,3,3,ARKOMA,373,4367000,284000,196000,84000,0,0,129000
4003240,Oklahoma,3,3,ARNETT,162,3512000,177000,139000,38000,0,0,54000
4003300,Oklahoma,3,3,ASHER,278,3324000,123000,121000,0,0,0,72000
4003360,Oklahoma,3,3,ATOKA,868,13220000,1533000,1013000,408000,21000,0,340000
4003450,Oklahoma,1,3,AVANT,73,982000,87000,70000,17000,0,0,50000
4003510,Oklahoma,3,3,BALKO,137,3814000,135000,101000,20000,0,0,42000
4003540,Oklahoma,1,3,BANNER,290,3577000,332000,199000,133000,0,0,76000
4003570,Oklahoma,3,3,BARNSDALL,435,4493000,239000,226000,4000,9000,0,60000
4003630,Oklahoma,3,3,BARTLESVILLE,6182,60660000,6914000,5251000,1327000,10000,246000,2017000
4003660,Oklahoma,3,3,BATTIEST,225,3569000,184000,140000,40000,0,0,90000
4003690,Oklahoma,1,3,BEARDEN,140,1502000,35000,0,21000,14000,0,0
4003750,Oklahoma,3,3,BEAVER,260,3605000,174000,139000,34000,0,0,66000
4003810,Oklahoma,3,3,BEGGS,1073,11065000,770000,548000,196000,2000,12000,282000
4003840,Oklahoma,1,3,BELFONTE,162,2354000,129000,96000,33000,0,0,41000
4003930,Oklahoma,3,3,BENNINGTON,294,3974000,306000,204000,31000,0,21000,98000
4004020,Oklahoma,3,3,BERRYHILL,1150,10520000,885000,606000,180000,1000,0,273000
4004110,Oklahoma,3,3,BETHANY,1747,17532000,2426000,1896000,454000,10000,0,627000
4004230,Oklahoma,3,3,BETHEL,1207,12351000,1362000,1113000,202000,7000,29000,427000
4004350,Oklahoma,3,3,BIG PASTURE,201,2586000,307000,199000,50000,0,8000,145000
4004360,Oklahoma,3,3,BILLINGS,59,1874000,170000,147000,23000,0,0,88000
4004470,Oklahoma,1,3,BISHOP,570,4968000,274000,174000,98000,1000,0,89000
4004500,Oklahoma,3,3,BIXBY,7800,75364000,8921000,6219000,2326000,47000,42000,2834000
4004630,Oklahoma,3,3,BLACKWELL,1121,12234000,1124000,860000,229000,19000,14000,357000
4004650,Oklahoma,3,3,BLAIR,199,2586000,199000,170000,29000,0,0,74000
4004680,Oklahoma,3,3,BLANCHARD,2240,18921000,2061000,1542000,349000,2000,61000,641000
4004830,Oklahoma,3,3,BLUEJACKET,202,2436000,128000,93000,27000,1000,2000,51000
4004860,Oklahoma,3,3,BOISE CITY,290,4631000,423000,266000,156000,1000,0,56000
4004950,Oklahoma,3,3,BOKOSHE,147,2778000,148000,132000,15000,0,0,70000
4005010,Oklahoma,3,3,BOONE-APACHE,517,6767000,337000,247000,73000,10000,0,102000
4005040,Oklahoma,3,3,BOSWELL,307,3507000,249000,149000,100000,0,0,89000
4005130,Oklahoma,3,3,BOWLEGS,231,3259000,177000,144000,18000,0,0,85000
4005160,Oklahoma,1,3,BOWRING,56,1158000,63000,63000,0,0,0,25000
4005280,Oklahoma,3,3,BRAGGS,109,1756000,96000,64000,32000,0,0,48000
4005340,Oklahoma,3,3,BRAY-DOYLE,262,5201000,239000,236000,0,0,0,109000
4005400,Oklahoma,3,3,BRIDGE CREEK,1812,18434000,1385000,878000,370000,61000,0,391000
4005430,Oklahoma,1,3,BRIGGS,421,4438000,301000,251000,44000,6000,0,112000
4005460,Oklahoma,3,3,BRISTOW,1661,18778000,1742000,1285000,312000,8000,38000,629000
4005490,Oklahoma,3,3,BROKEN ARROW,20115,176545000,20051000,14794000,4274000,568000,67000,6861000
4005520,Oklahoma,3,3,BROKEN BOW,1583,17522000,1396000,1155000,186000,17000,15000,662000
4005580,Oklahoma,1,3,BRUSHY,393,4127000,350000,166000,182000,0,1000,56000
4005760,Oklahoma,3,3,BUFFALO,267,3815000,167000,96000,59000,1000,11000,7000
4005820,Oklahoma,3,3,BUFFALO VALLEY,237,2764000,83000,82000,1000,0,0,57000
4005910,Oklahoma,3,3,BURLINGTON,135,3249000,221000,153000,68000,0,0,22000
4006000,Oklahoma,3,3,BUTNER,201,3284000,172000,60000,2000,0,0,46000
4006060,Oklahoma,3,3,BYNG,1784,18955000,2357000,1488000,621000,8000,81000,690000
4006120,Oklahoma,3,3,CACHE,2101,24354000,2183000,1701000,369000,2000,1000,655000
4006150,Oklahoma,3,3,CADDO,504,6803000,543000,415000,99000,2000,12000,203000
4006180,Oklahoma,3,3,CALERA,847,9546000,841000,594000,244000,2000,0,270000
4006240,Oklahoma,3,3,CALUMET,275,5497000,241000,179000,62000,1000,0,86000
4006270,Oklahoma,3,3,CALVIN,191,3005000,122000,89000,30000,0,0,55000
4006330,Oklahoma,3,3,CAMERON,319,3679000,161000,85000,46000,0,0,56000
4006390,Oklahoma,3,3,CANADIAN,450,5424000,512000,408000,60000,2000,23000,143000
4006420,Oklahoma,3,3,CANEY,253,3902000,228000,160000,61000,0,0,67000
4006480,Oklahoma,3,3,CANTON,348,6947000,551000,414000,132000,4000,0,135000
4006510,Oklahoma,3,3,CANUTE,396,4385000,311000,199000,67000,0,0,104000
4006630,Oklahoma,3,3,CARNEGIE,550,6632000,325000,192000,113000,0,0,98000
4006690,Oklahoma,3,3,CARNEY,216,2705000,146000,47000,94000,5000,0,34000
4006810,Oklahoma,3,3,CASHION,725,10294000,1020000,766000,211000,4000,8000,310000
4006850,Oklahoma,3,3,OKEMAH,725,9935000,1143000,918000,200000,2000,6000,413000
4006870,Oklahoma,3,3,CATOOSA,1817,18387000,1691000,1232000,217000,113000,63000,682000
4006930,Oklahoma,3,3,CAVE SPRINGS,199,2927000,197000,106000,11000,0,0,50000
4006960,Oklahoma,3,3,CEMENT,205,2988000,166000,102000,64000,0,0,49000
4007140,Oklahoma,3,3,CENTRAL,473,5134000,286000,202000,68000,0,0,101000
4007170,Oklahoma,3,3,CENTRAL HIGH,419,4525000,273000,192000,79000,0,0,61000
4007290,Oklahoma,3,3,CHANDLER,1120,11075000,830000,632000,180000,16000,0,319000
4007320,Oklahoma,3,3,CHATTANOOGA,245,3383000,110000,85000,25000,0,0,51000
4007350,Oklahoma,3,3,CHECOTAH,1452,18073000,1256000,951000,222000,26000,36000,443000
4007380,Oklahoma,3,3,CHELSEA,784,9484000,1142000,906000,176000,6000,26000,388000
4007410,Oklahoma,3,3,CHEROKEE,405,5540000,404000,303000,100000,2000,0,127000
4007500,Oklahoma,3,3,CHEYENNE,307,5040000,319000,215000,100000,0,0,93000
4007560,Oklahoma,3,3,CHICKASHA,2306,26304000,2387000,1798000,580000,7000,0,628000
4007620,Oklahoma,3,3,CHOCTAW-NICOMA PARK,5816,49942000,7527000,5531000,1333000,24000,574000,2327000
4007670,Oklahoma,3,3,CHOUTEAU-MAZIE,820,14169000,1249000,1022000,221000,5000,0,411000
4007710,Oklahoma,3,3,CIMARRON,173,3489000,151000,104000,47000,0,0,69000
4007740,Oklahoma,3,3,CLAREMORE,3944,42580000,5631000,3942000,1315000,12000,110000,1637000
4007800,Oklahoma,3,3,CLAYTON,213,4154000,180000,134000,44000,2000,0,42000
4008010,Oklahoma,1,3,CLEORA,165,2770000,129000,118000,9000,0,2000,60000
4008040,Oklahoma,3,3,CLEVELAND,1614,16202000,1589000,1214000,311000,4000,34000,612000
4008070,Oklahoma,3,3,CLINTON,2080,25507000,1767000,1349000,306000,111000,0,635000
4008130,Oklahoma,3,3,COALGATE,700,10847000,861000,809000,52000,0,0,278000
4008220,Oklahoma,3,3,COLBERT,809,9125000,929000,715000,209000,4000,0,236000
4008250,Oklahoma,3,3,COLCORD,756,9732000,792000,605000,184000,2000,0,251000
4008310,Oklahoma,3,3,COLEMAN,207,2564000,130000,95000,22000,12000,0,58000
4008370,Oklahoma,3,3,COLLINSVILLE,3111,28311000,2919000,1945000,747000,48000,70000,1030000
4008460,Oklahoma,3,3,COMANCHE,899,10178000,717000,569000,132000,10000,2000,287000
4008490,Oklahoma,3,3,COMMERCE,883,9556000,842000,635000,190000,11000,4000,254000
4008610,Oklahoma,3,3,COPAN,225,2657000,132000,43000,87000,1000,0,29000
4008640,Oklahoma,3,3,CORDELL,599,7055000,343000,284000,54000,1000,4000,241000
4008730,Oklahoma,1,3,COTTONWOOD,147,2721000,197000,92000,105000,0,0,54000
4008790,Oklahoma,3,3,COVINGTON-DOUGLAS,248,4994000,156000,93000,64000,0,0,50000
4008850,Oklahoma,3,3,COWETA,3568,28058000,3135000,2288000,662000,10000,33000,1363000
4008940,Oklahoma,3,3,COYLE,342,3933000,302000,234000,48000,0,0,96000
4009000,Oklahoma,3,3,CRESCENT,589,6208000,331000,204000,119000,0,0,116000
4009060,Oklahoma,3,3,CROOKED OAK,1185,14866000,1389000,1078000,278000,21000,0,561000
4009090,Oklahoma,3,3,CROWDER,334,4423000,282000,238000,44000,0,0,148000
4009150,Oklahoma,1,3,CRUTCHO,388,4246000,275000,162000,64000,0,11000,95000
4009240,Oklahoma,3,3,CUSHING,1699,24217000,1024000,786000,177000,1000,49000,535000
4009300,Oklahoma,3,3,CYRIL,367,4584000,255000,216000,39000,0,0,110000
4009360,Oklahoma,1,3,DAHLONEGAH,159,3584000,181000,74000,103000,4000,0,56000
4009390,Oklahoma,3,3,DALE,765,7512000,441000,321000,118000,1000,0,200000
4009420,Oklahoma,1,3,DARLINGTON,244,3498000,141000,33000,106000,0,1000,0
4009450,Oklahoma,3,3,DAVENPORT,375,4718000,242000,158000,84000,0,0,72000
4009510,Oklahoma,3,3,DAVIS,871,10096000,966000,737000,182000,45000,0,365000
4009570,Oklahoma,3,3,DEER CREEK,7628,62993000,6360000,4409000,1432000,249000,155000,1930000
4009720,Oklahoma,1,3,DENISON,326,3474000,186000,157000,30000,0,0,42000
4009750,Oklahoma,3,3,DEPEW,369,4138000,331000,272000,46000,5000,6000,137000
4009780,Oklahoma,3,3,DEWAR,496,4878000,217000,178000,21000,0,0,96000
4009810,Oklahoma,3,3,DEWEY,1232,11711000,1165000,753000,205000,7000,0,400000
4009870,Oklahoma,3,3,DIBBLE,717,7321000,406000,223000,153000,2000,7000,138000
4009910,Oklahoma,3,3,DICKSON,1370,15052000,813000,578000,217000,1000,0,159000
4010050,Oklahoma,3,3,DOVER,171,5978000,133000,84000,49000,0,0,45000
4010170,Oklahoma,3,3,DRUMMOND,384,4310000,235000,178000,57000,0,0,51000
4010200,Oklahoma,3,3,DRUMRIGHT,446,5346000,210000,165000,38000,6000,0,128000
4010260,Oklahoma,3,3,DUKE,150,2162000,148000,125000,24000,0,0,38000
4010290,Oklahoma,3,3,DUNCAN,3361,36521000,3253000,2670000,538000,4000,38000,1085000
4010350,Oklahoma,3,3,DURANT,3854,38782000,4198000,3407000,749000,9000,0,1555000
4010440,Oklahoma,3,3,EAGLETOWN,171,2671000,112000,108000,4000,0,0,76000
4010500,Oklahoma,3,3,EARLSBORO,263,3206000,77000,56000,2000,0,0,43000
4010560,Oklahoma,1,3,PEAVINE,80,1507000,77000,51000,26000,0,0,25000
4010590,Oklahoma,3,3,EDMOND,26190,247200000,33797000,24255000,8160000,1047000,42000,9714000
4010650,Oklahoma,3,3,EL RENO,2907,32548000,3049000,1918000,1114000,8000,2000,811000
4010710,Oklahoma,3,3,ELGIN,2507,23225000,2879000,2318000,529000,6000,0,716000
4010740,Oklahoma,3,3,ELK CITY,2108,20741000,1512000,905000,600000,2000,5000,587000
4010860,Oklahoma,3,3,ELMORE CITY-PERNELL,507,6223000,280000,219000,48000,1000,0,160000
4010890,Oklahoma,3,3,EMPIRE,522,5706000,233000,128000,96000,9000,0,87000
4010920,Oklahoma,3,3,ENID,7743,76794000,9179000,5684000,2515000,383000,490000,2606000
4011040,Oklahoma,3,3,ERICK,209,2873000,196000,103000,92000,0,0,81000
4011160,Oklahoma,3,3,EUFAULA,1185,13335000,1506000,1314000,81000,9000,2000,520000
4011250,Oklahoma,3,3,FAIRLAND,574,7019000,542000,404000,121000,3000,0,190000
4011280,Oklahoma,3,3,FAIRVIEW,755,11995000,976000,741000,209000,17000,0,308000
4011400,Oklahoma,1,3,FANSHAWE,100,1338000,37000,14000,23000,0,0,0
4011430,Oklahoma,3,3,FARGO,222,4200000,88000,81000,5000,1000,1000,44000
4011580,Oklahoma,3,3,FELT,90,1262000,39000,11000,28000,0,0,0
4011700,Oklahoma,3,3,FLETCHER,469,4918000,306000,177000,116000,0,0,81000
4011760,Oklahoma,1,3,FLOWER MOUND,350,2921000,133000,36000,87000,10000,0,23000
4011850,Oklahoma,1,3,FOREST GROVE,148,2247000,103000,66000,36000,0,0,49000
4011880,Oklahoma,3,3,FORGAN,105,2148000,114000,112000,0,0,0,45000
4011970,Oklahoma,3,3,FORT GIBSON,1795,18917000,1489000,1157000,297000,15000,0,520000
4012000,Oklahoma,3,3,FORT SUPPLY,138,2741000,120000,75000,23000,0,2000,53000
4012060,Oklahoma,3,3,FOX,173,2806000,80000,80000,0,0,0,41000
4012090,Oklahoma,3,3,FOYIL,425,5138000,496000,403000,89000,4000,0,189000
4012150,Oklahoma,3,3,FREDERICK,810,9780000,562000,419000,135000,5000,1000,190000
4012210,Oklahoma,1,3,FRIEND,216,2316000,87000,48000,38000,1000,0,29000
4012240,Oklahoma,1,3,FRINK-CHAMBERS,389,4068000,237000,103000,124000,3000,7000,48000
4012300,Oklahoma,3,3,FORT TOWSON,303,5117000,487000,357000,21000,58000,0,170000
4012390,Oklahoma,3,3,GANS,346,4391000,342000,266000,69000,7000,0,128000
4012420,Oklahoma,3,3,GARBER,422,5010000,347000,265000,82000,0,0,96000
4012570,Oklahoma,3,3,GEARY,250,7163000,279000,185000,78000,0,8000,51000
4012630,Oklahoma,3,3,GERONIMO,343,3690000,198000,171000,11000,0,0,56000
4012690,Oklahoma,3,3,GLENCOE,339,3598000,285000,231000,54000,0,0,91000
4012720,Oklahoma,3,3,GLENPOOL,2843,27831000,2921000,2068000,645000,7000,23000,845000
4012750,Oklahoma,1,3,GLOVER,72,952000,61000,44000,18000,0,0,22000
4012870,Oklahoma,3,3,GOODWELL,218,2407000,47000,26000,14000,0,7000,0
4012900,Oklahoma,3,3,GORE,527,5923000,277000,187000,45000,1000,24000,104000
4013080,Oklahoma,3,3,GRACEMONT,125,1746000,95000,56000,31000,0,0,38000
4013200,Oklahoma,3,3,GRANDFIELD,230,2986000,166000,124000,39000,1000,0,54000
4013230,Oklahoma,1,3,GRAND VIEW,503,7238000,533000,419000,111000,3000,1000,134000
4013260,Oklahoma,1,3,GRANDVIEW,93,2355000,76000,59000,16000,0,0,24000
4013290,Oklahoma,3,3,GRANITE,236,2611000,174000,91000,84000,0,0,43000
4013500,Oklahoma,1,3,GROVE,551,6219000,507000,386000,106000,1000,1000,132000
4013530,Oklahoma,3,3,GROVE,2528,26762000,2742000,1929000,547000,13000,195000,846000
4013560,Oklahoma,3,3,GUTHRIE,3465,35341000,3698000,2710000,559000,28000,244000,1257000
4013590,Oklahoma,3,3,GUYMON,2982,29774000,1795000,1315000,464000,0,8000,524000
4013600,Oklahoma,1,3,GYPSY,58,761000,33000,27000,4000,0,0,10000
4013620,Oklahoma,3,3,HAILEYVILLE,301,4114000,246000,202000,28000,6000,0,149000
4013650,Oklahoma,3,3,HAMMON,282,4385000,141000,106000,35000,0,0,83000
4013680,Oklahoma,3,3,HANNA,55,1234000,81000,62000,10000,0,0,34000
4013740,Oklahoma,3,3,HARDESTY,67,1006000,44000,30000,12000,0,0,0
4013830,Oklahoma,1,3,HARMONY,219,2645000,302000,247000,55000,0,0,83000
4013890,Oklahoma,3,3,HARRAH,2206,18353000,2066000,1402000,475000,2000,72000,726000
4013920,Oklahoma,3,3,HARTSHORNE,708,10022000,729000,457000,160000,3000,34000,266000
4013950,Oklahoma,3,3,HASKELL,711,7924000,616000,478000,128000,2000,0,278000
4014080,Oklahoma,3,3,HAWORTH,484,7384000,425000,341000,74000,1000,0,131000
4014100,Oklahoma,1,3,HAYWOOD,110,1751000,216000,41000,168000,8000,0,22000
4014130,Oklahoma,3,3,HEALDTON,491,5588000,238000,230000,0,0,3000,115000
4014160,Oklahoma,3,3,HEAVENER,887,11445000,1692000,1075000,329000,2000,53000,593000
4014340,Oklahoma,3,3,HENNESSEY,843,11658000,563000,372000,182000,2000,0,221000
4014370,Oklahoma,3,3,HENRYETTA,1072,12118000,1581000,1209000,325000,5000,37000,573000
4014520,Oklahoma,3,3,HILLDALE,2033,18077000,1094000,660000,332000,17000,1000,311000
4014610,Oklahoma,3,3,HINTON,736,8119000,326000,218000,99000,0,0,83000
4014670,Oklahoma,3,3,MIDWAY,222,3132000,260000,190000,45000,0,22000,46000
4014700,Oklahoma,3,3,HOBART,726,7481000,681000,461000,132000,2000,0,173000
4014730,Oklahoma,1,3,HODGEN,271,2660000,137000,109000,28000,0,0,57000
4014790,Oklahoma,3,3,HOLDENVILLE,979,13264000,1548000,1000000,521000,0,6000,461000
4014850,Oklahoma,3,3,HOLLIS,492,6235000,565000,331000,165000,17000,0,122000
4014890,Oklahoma,1,3,HOLLY CREEK,230,2708000,223000,161000,56000,0,0,58000
4014970,Oklahoma,3,3,HOMINY,532,6645000,616000,466000,119000,14000,8000,176000
4015090,Oklahoma,3,3,HOOKER,603,6689000,425000,317000,106000,2000,0,139000
4015120,Oklahoma,3,3,HOWE,690,8875000,554000,459000,73000,6000,0,180000
4015210,Oklahoma,3,3,HUGO,1219,12910000,1563000,1182000,238000,2000,3000,555000
4015240,Oklahoma,3,3,HULBERT,550,7902000,528000,387000,133000,5000,0,141000
4015370,Oklahoma,3,3,IDABEL,1227,15720000,1132000,884000,178000,2000,5000,354000
4015420,Oklahoma,3,3,INDIAHOMA,191,2735000,177000,131000,46000,0,0,75000
4015450,Oklahoma,3,3,INDIANOLA,289,4046000,364000,314000,48000,1000,0,139000
4015480,Oklahoma,3,3,INOLA,1327,14289000,1294000,837000,454000,2000,1000,362000
4015690,Oklahoma,3,3,JAY,1595,22156000,1931000,1292000,464000,11000,30000,600000
4015720,Oklahoma,3,3,JENKS,12654,128910000,17225000,11928000,4775000,120000,172000,5561000
4015750,Oklahoma,1,3,JENNINGS,247,2976000,147000,75000,71000,1000,0,43000
4015840,Oklahoma,3,3,JONES,1139,11846000,641000,482000,125000,5000,10000,215000
4015900,Oklahoma,1,3,JUSTICE,118,2297000,184000,179000,0,5000,0,93000
4015930,Oklahoma,1,3,JUSTUS-TIAWAH,534,5036000,287000,235000,51000,1000,0,141000
4015990,Oklahoma,3,3,KANSAS,791,9966000,1143000,784000,216000,4000,8000,371000
4016170,Oklahoma,3,3,KELLYVILLE,835,8891000,287000,160000,98000,0,4000,97000
4016320,Oklahoma,1,3,KENWOOD,66,1171000,26000,17000,9000,0,0,7000
4016350,Oklahoma,3,3,KEOTA,409,5060000,281000,183000,93000,0,0,89000
4016380,Oklahoma,3,3,KETCHUM,568,8300000,449000,278000,162000,2000,7000,174000
4016470,Oklahoma,1,3,KEYSTONE,288,2946000,339000,205000,87000,0,45000,95000
4016500,Oklahoma,3,3,KIEFER,951,9288000,529000,443000,59000,0,14000,225000
4016530,Oklahoma,1,3,KILDARE,91,1903000,50000,33000,17000,1000,0,26000
4016560,Oklahoma,3,3,KINGFISHER,1334,25406000,1624000,1136000,483000,3000,0,332000
4016590,Oklahoma,3,3,KINGSTON,1268,16265000,1934000,1588000,280000,15000,30000,626000
4016620,Oklahoma,3,3,KINTA,159,2575000,108000,78000,16000,3000,3000,7000
4016650,Oklahoma,3,3,KIOWA,284,4668000,287000,225000,60000,0,2000,147000
4016710,Oklahoma,3,3,KONAWA,544,6706000,509000,386000,108000,11000,0,204000
4016720,Oklahoma,1,3,KREBS,494,4875000,388000,293000,86000,2000,0,146000
4016740,Oklahoma,3,3,KREMLIN-HILLSDALE,289,3421000,147000,114000,34000,0,0,54000
4017020,Oklahoma,3,3,DEER CREEK-LAMONT,117,2866000,117000,88000,26000,1000,2000,57000
4017040,Oklahoma,1,3,LANE,262,3965000,314000,206000,108000,0,0,86000
4017190,Oklahoma,3,3,LATTA,889,9220000,725000,513000,152000,18000,0,262000
4017220,Oklahoma,3,3,LAVERNE,468,5112000,251000,151000,65000,0,0,48000
4017250,Oklahoma,3,3,LAWTON,13979,161124000,23976000,14905000,6693000,215000,1440000,6846000
4017280,Oklahoma,3,3,LE FLORE,235,3235000,141000,79000,39000,0,0,0
4017310,Oklahoma,1,3,LEACH,173,2289000,69000,38000,30000,0,0,22000
4017370,Oklahoma,3,3,LEEDEY,217,3543000,329000,201000,128000,0,0,54000
4017580,Oklahoma,3,3,LEXINGTON,996,9404000,760000,579000,149000,2000,3000,320000
4017700,Oklahoma,1,3,LIBERTY,374,3652000,255000,163000,90000,1000,0,70000
4017760,Oklahoma,3,3,LIBERTY,475,5142000,406000,303000,102000,0,0,176000
4017850,Oklahoma,3,3,LINDSAY,1164,12463000,854000,705000,131000,7000,0,431000
4017880,Oklahoma,3,3,LITTLE AXE,1174,14111000,1118000,746000,263000,96000,0,315000
4018000,Oklahoma,3,3,LOCUST GROVE,1208,15735000,1554000,1151000,381000,1000,0,578000
4018090,Oklahoma,3,3,LONE GROVE,1447,13275000,1148000,920000,137000,1000,3000,463000
4018240,Oklahoma,1,3,LONE STAR,881,7460000,280000,201000,69000,1000,8000,103000
4018270,Oklahoma,3,3,LONE WOLF,109,1455000,61000,42000,16000,1000,0,13000
4018390,Oklahoma,3,3,LOOKEBA SICKLES,187,2604000,130000,97000,34000,0,0,75000
4018480,Oklahoma,1,3,LOWREY,100,1528000,100000,78000,21000,0,0,30000
4018570,Oklahoma,1,3,LUKFATA,382,3971000,138000,99000,37000,0,0,46000
4018630,Oklahoma,3,3,LUTHER,823,9762000,703000,593000,100000,1000,1000,292000
4018660,Oklahoma,3,3,MACOMB,251,3504000,94000,94000,0,0,0,71000
4018700,Oklahoma,3,3,MADILL,1760,19644000,1143000,920000,201000,18000,0,347000
4018780,Oklahoma,3,3,MANGUM,644,8531000,608000,453000,155000,0,0,137000
4018840,Oklahoma,3,3,MANNFORD,1517,14967000,1318000,1087000,149000,81000,0,530000
4018870,Oklahoma,1,3,MANNSVILLE,74,1218000,104000,70000,35000,0,0,43000
4018900,Oklahoma,1,3,MAPLE,198,3843000,99000,57000,42000,0,0,30000
4018960,Oklahoma,1,3,MARBLE CITY,86,1414000,126000,57000,69000,0,0,47000
4018990,Oklahoma,3,3,MARIETTA,1127,12590000,402000,369000,0,3000,2000,169000
4019080,Oklahoma,3,3,MARLOW,1453,13569000,990000,761000,198000,2000,11000,389000
4019200,Oklahoma,1,3,MARYETTA,645,8683000,621000,271000,270000,2000,0,100000
4019260,Oklahoma,3,3,MASON,255,3053000,174000,134000,40000,0,0,55000
4019290,Oklahoma,3,3,MAUD,270,3797000,163000,138000,0,0,25000,89000
4019380,Oklahoma,3,3,MAYSVILLE,324,3264000,246000,166000,79000,1000,0,91000
4019410,Oklahoma,3,3,MCCURTAIN,237,3204000,237000,182000,45000,0,0,88000
4019440,Oklahoma,3,3,MCALESTER,2956,39390000,3565000,2845000,548000,7000,1000,1279000
4019500,Oklahoma,1,3,MCCORD,313,2711000,203000,155000,46000,1000,0,74000
4019560,Oklahoma,3,3,MCLOUD,1667,16040000,1388000,964000,380000,22000,0,674000
4019620,Oklahoma,3,3,MEDFORD,317,7269000,460000,303000,157000,0,0,84000
4019680,Oklahoma,3,3,MEEKER,713,7758000,884000,760000,104000,20000,0,374000
4019800,Oklahoma,3,3,MERRITT,821,8565000,396000,261000,135000,0,0,141000
4019860,Oklahoma,3,3,MIAMI,2201,24988000,2463000,2008000,410000,2000,0,856000
4019890,Oklahoma,1,3,MIDDLEBERG,261,2239000,170000,106000,45000,0,0,40000
4019950,Oklahoma,3,3,MIDWEST CITY-DEL CITY,12584,129233000,15748000,10991000,3350000,300000,648000,5430000
4019980,Oklahoma,3,3,MILBURN,190,2317000,145000,84000,61000,0,0,0
4020040,Oklahoma,3,3,MILL CREEK,201,2760000,110000,88000,22000,0,0,39000
4020080,Oklahoma,3,3,MILLWOOD,1108,12882000,650000,488000,68000,94000,0,307000
4020100,Oklahoma,3,3,MINCO,563,6554000,332000,236000,86000,0,0,135000
4020160,Oklahoma,1,3,MOFFETT,350,3826000,320000,207000,113000,0,0,50000
4020190,Oklahoma,1,3,MONROE,115,1196000,58000,41000,13000,0,0,23000
4020250,Oklahoma,3,3,MOORE,24632,237985000,36029000,26829000,8067000,568000,41000,10033000
4020280,Oklahoma,3,3,MOORELAND,586,6670000,368000,301000,66000,0,0,138000
4020310,Oklahoma,3,3,MORRIS,945,10427000,828000,637000,180000,0,0,281000
4020340,Oklahoma,3,3,MORRISON,603,6988000,498000,379000,117000,0,0,175000
4020430,Oklahoma,1,3,MOSELEY,172,1855000,135000,124000,10000,0,0,55000
4020460,Oklahoma,3,3,MOSS,256,4056000,186000,118000,58000,1000,3000,60000
4020550,Oklahoma,3,3,MOUNDS,596,6596000,507000,416000,91000,0,0,243000
4020640,Oklahoma,3,3,MOYERS,188,2293000,120000,109000,4000,7000,0,50000
4020880,Oklahoma,3,3,MULDROW,1292,15019000,1253000,933000,263000,4000,4000,559000
4020910,Oklahoma,3,3,MULHALL-ORLANDO,224,3304000,202000,140000,51000,0,2000,57000
4020970,Oklahoma,3,3,MUSKOGEE,4772,57088000,4460000,3020000,1143000,11000,123000,1166000
4021000,Oklahoma,3,3,MUSTANG,13494,132513000,17113000,12873000,3379000,23000,250000,5613000
4021030,Oklahoma,3,3,SHARON-MUTUAL,205,3520000,211000,125000,76000,3000,6000,53000
4021180,Oklahoma,3,3,NAVAJO,439,4712000,271000,163000,101000,0,0,101000
4021360,Oklahoma,3,3,NEW LIMA,257,3019000,207000,182000,15000,1000,3000,81000
4021510,Oklahoma,3,3,NEWCASTLE,2578,23610000,2435000,1689000,554000,1000,82000,747000
4021540,Oklahoma,3,3,NEWKIRK,743,9158000,682000,513000,155000,8000,6000,211000
4021600,Oklahoma,3,3,NINNEKAH,459,6231000,399000,300000,69000,1000,0,94000
4021630,Oklahoma,3,3,NOBLE,3035,31435000,2560000,1957000,528000,15000,1000,1023000
4021720,Oklahoma,3,3,NORMAN,15786,161376000,22442000,16813000,4320000,31000,704000,6393000
4021780,Oklahoma,3,3,CHISHOLM,1118,11572000,1103000,880000,203000,12000,0,321000
4021900,Oklahoma,1,3,NORWOOD,139,1876000,227000,140000,78000,3000,6000,47000
4021930,Oklahoma,3,3,NOWATA,751,8871000,727000,505000,212000,10000,0,156000
4022160,Oklahoma,1,3,OAK GROVE,171,1507000,103000,75000,28000,0,0,45000
4022350,Oklahoma,1,3,OAKDALE,720,7064000,528000,427000,95000,6000,0,133000
4022410,Oklahoma,3,3,OAKS-MISSION,160,2903000,93000,72000,19000,0,1000,45000
4022560,Oklahoma,3,3,OILTON,273,3075000,193000,120000,73000,0,0,70000
4022590,Oklahoma,3,3,OKARCHE,433,7271000,408000,342000,63000,1000,0,103000
4022620,Oklahoma,3,3,OKAY,371,3707000,345000,251000,94000,0,0,106000
4022650,Oklahoma,3,3,OKEENE,328,5038000,293000,218000,73000,0,0,142000
4022770,Oklahoma,3,3,OKLAHOMA CITY,33244,443327000,49746000,32948000,10133000,1778000,4113000,16883000
4022800,Oklahoma,3,3,OKMULGEE,1185,15818000,1608000,940000,383000,23000,25000,410000
4022830,Oklahoma,3,3,OKTAHA,704,9202000,538000,412000,95000,1000,0,218000
4022860,Oklahoma,3,3,OLIVE,242,3364000,211000,166000,45000,0,0,84000
4022950,Oklahoma,3,3,LOMEGA,215,4860000,207000,203000,0,1000,2000,81000
4023040,Oklahoma,3,3,OOLOGAH-TALALA,1740,24159000,1254000,899000,287000,3000,24000,347000
4023190,Oklahoma,1,3,OSAGE,118,1630000,228000,132000,34000,12000,3000,48000
4023220,Oklahoma,1,3,OSAGE HILLS,167,2166000,51000,43000,6000,3000,0,34000
4023280,Oklahoma,3,3,OWASSO,9802,92226000,8348000,5541000,1959000,315000,333000,2665000
4023340,Oklahoma,3,3,PADEN,216,2690000,111000,111000,0,0,0,56000
4023370,Oklahoma,3,3,PANAMA,730,8673000,398000,304000,92000,2000,0,193000
4023400,Oklahoma,1,3,PANOLA,65,982000,85000,70000,15000,0,0,59000
4023430,Oklahoma,3,3,PAOLI,160,2686000,168000,142000,26000,0,0,100000
4023550,Oklahoma,3,3,PAULS VALLEY,1396,15991000,1702000,1365000,183000,0,33000,593000
4023580,Oklahoma,3,3,PAWHUSKA,696,9800000,710000,544000,136000,27000,0,212000
4023610,Oklahoma,3,3,PAWNEE,633,7316000,566000,429000,75000,0,61000,166000
4023700,Oklahoma,1,3,PECKHAM,125,2091000,66000,12000,52000,0,0,7000
4023730,Oklahoma,1,3,PEGGS,187,2953000,245000,111000,134000,1000,0,17000
4023800,Oklahoma,3,3,PERKINS-TRYON,1577,14782000,1128000,880000,232000,3000,0,435000
4023850,Oklahoma,3,3,PERRY,1015,11543000,1106000,866000,237000,0,0,322000
4023970,Oklahoma,3,3,PIEDMONT,5056,43661000,4709000,2736000,1493000,28000,27000,1148000
4024150,Oklahoma,1,3,PIONEER,383,3570000,228000,166000,61000,1000,0,70000
4024180,Oklahoma,3,3,PITTSBURG,162,2364000,70000,50000,19000,1000,0,0
4024240,Oklahoma,3,3,PLAINVIEW,1554,16008000,1386000,1055000,223000,2000,0,543000
4024330,Oklahoma,1,3,PLEASANT GROVE,211,2460000,115000,71000,39000,0,0,43000
4024510,Oklahoma,3,3,PIONEER-PLEASANT VALE,466,7743000,617000,477000,139000,0,0,199000
4024630,Oklahoma,3,3,POCOLA,747,7400000,444000,261000,106000,2000,0,185000
4024690,Oklahoma,3,3,PONCA CITY,4612,49196000,4692000,3374000,1032000,21000,90000,1399000
4024720,Oklahoma,3,3,POND CREEK-HUNTER,319,5414000,353000,273000,79000,0,0,174000
4024840,Oklahoma,3,3,PORUM,425,4981000,253000,220000,33000,0,0,143000
4024870,Oklahoma,3,3,POTEAU,2182,23669000,2573000,1969000,517000,15000,8000,888000
4024930,Oklahoma,3,3,PRAGUE,1070,11282000,655000,577000,70000,0,0,286000
4025050,Oklahoma,3,3,PRESTON,641,6393000,237000,167000,63000,0,0,99000
4025080,Oklahoma,1,3,PRETTY WATER,286,2865000,143000,54000,88000,1000,0,42000
4025170,Oklahoma,3,3,PRUE,297,3145000,212000,138000,65000,8000,0,76000
4025200,Oklahoma,3,3,PRYOR,2863,44618000,3749000,2776000,717000,4000,14000,1059000
4025230,Oklahoma,3,3,PURCELL,1453,14500000,1569000,1099000,318000,112000,13000,462000
4025290,Oklahoma,3,3,PUTNAM CITY,18905,202795000,20368000,13939000,5433000,476000,133000,7310000
4025320,Oklahoma,3,3,QUAPAW,607,6729000,555000,358000,76000,20000,25000,169000
4025410,Oklahoma,3,3,QUINTON,396,5524000,282000,255000,25000,1000,0,175000
4025470,Oklahoma,3,3,CANEY VALLEY,761,9070000,471000,358000,89000,0,13000,190000
4025500,Oklahoma,3,3,RATTAN,464,5859000,298000,231000,68000,0,0,151000
4025530,Oklahoma,1,3,RAVIA,99,1359000,36000,19000,17000,0,0,14000
4025590,Oklahoma,3,3,RED OAK,304,3890000,192000,106000,41000,0,6000,43000
4025800,Oklahoma,3,3,REYDON,124,3016000,148000,104000,44000,0,0,43000
4025860,Oklahoma,3,3,RINGLING,392,4673000,168000,152000,0,0,13000,92000
4025920,Oklahoma,3,3,RINGWOOD,368,4415000,217000,217000,0,0,0,97000
4025950,Oklahoma,3,3,RIPLEY,444,5666000,243000,181000,62000,0,0,118000
4026010,Oklahoma,1,3,RIVERSIDE,177,2219000,175000,103000,64000,8000,0,49000
4026100,Oklahoma,1,3,ROBIN HILL,352,3076000,250000,168000,81000,1000,0,52000
4026250,Oklahoma,1,3,ROCKY MOUNTAIN,174,2674000,124000,64000,59000,0,0,43000
4026280,Oklahoma,3,3,ROFF,277,4041000,271000,211000,58000,2000,0,114000
4026310,Oklahoma,3,3,ROLAND,945,10535000,1065000,742000,212000,1000,0,318000
4026550,Oklahoma,3,3,RUSH SPRINGS,482,5927000,533000,395000,136000,1000,0,178000
4026580,Oklahoma,1,3,RYAL,75,1195000,100000,85000,15000,0,0,49000
4026610,Oklahoma,3,3,RYAN,226,3919000,99000,92000,0,0,0,54000
4026640,Oklahoma,3,3,SOUTH COFFEYVILLE,263,2623000,166000,108000,35000,0,0,47000
4026730,Oklahoma,3,3,SALINA,766,10692000,533000,275000,231000,4000,0,148000
4026790,Oklahoma,3,3,SALLISAW,1825,20184000,1490000,875000,325000,17000,78000,440000
4026880,Oklahoma,3,3,SAND SPRINGS,5178,53031000,4464000,3329000,1059000,22000,0,1626000
4026910,Oklahoma,3,3,SAPULPA,3718,38046000,3830000,2805000,850000,11000,5000,1394000
4026940,Oklahoma,3,3,SASAKWA,219,3084000,144000,79000,47000,0,18000,47000
4027000,Oklahoma,3,3,SAVANNA,353,4424000,261000,208000,50000,2000,0,135000
4027060,Oklahoma,3,3,SAYRE,694,7984000,545000,418000,116000,0,2000,171000
4027240,Oklahoma,3,3,SEILING,439,7182000,457000,393000,56000,0,0,143000
4027300,Oklahoma,3,3,SEMINOLE,1457,15435000,1296000,924000,316000,3000,3000,475000
4027330,Oklahoma,3,3,SENTINEL,293,4291000,94000,94000,0,0,0,50000
4027390,Oklahoma,3,3,SEQUOYAH,1299,12786000,840000,589000,241000,1000,10000,308000
4027420,Oklahoma,1,3,SHADY GROVE,134,1900000,93000,92000,0,1000,0,54000
4027450,Oklahoma,1,3,SHADY POINT,153,2127000,150000,126000,21000,2000,0,96000
4027540,Oklahoma,3,3,SHATTUCK,357,5786000,352000,218000,132000,2000,0,92000
4027570,Oklahoma,3,3,SHAWNEE,3332,42902000,3806000,2682000,933000,21000,5000,1381000
4027630,Oklahoma,3,3,SHIDLER,209,3284000,136000,135000,0,0,0,73000
4027640,Oklahoma,3,3,SILO,1157,12208000,1061000,881000,165000,2000,0,354000
4027750,Oklahoma,3,3,SKIATOOK,2296,21837000,1921000,1378000,427000,25000,0,622000
4027840,Oklahoma,3,3,SMITHVILLE,275,4602000,251000,172000,55000,1000,0,90000
4027930,Oklahoma,3,3,SNYDER,445,6085000,421000,299000,120000,2000,0,109000
4027960,Oklahoma,3,3,SOPER,330,4103000,250000,148000,96000,1000,0,80000
4027990,Oklahoma,1,3,SOUTH ROCK CREEK,428,3291000,170000,170000,0,0,0,68000
4028170,Oklahoma,3,3,SPERRY,1081,11257000,790000,563000,191000,9000,0,287000
4028200,Oklahoma,3,3,SPIRO,1063,10937000,374000,249000,118000,6000,0,163000
4028350,Oklahoma,3,3,SPRINGER,234,3254000,165000,163000,0,0,2000,86000
4028590,Oklahoma,3,3,STERLING,328,4080000,259000,217000,38000,0,0,101000
4028620,Oklahoma,1,3,STIDHAM,107,1090000,92000,83000,9000,0,0,54000
4028650,Oklahoma,3,3,STIGLER,1187,12135000,1162000,816000,321000,4000,17000,446000
4028680,Oklahoma,3,3,STILLWATER,6146,68006000,7809000,5596000,2152000,22000,0,2212000
4028710,Oklahoma,3,3,STILWELL,1394,17343000,1434000,904000,363000,9000,29000,502000
4028800,Oklahoma,3,3,STONEWALL,452,6566000,470000,345000,125000,0,0,202000
4028980,Oklahoma,3,3,STRATFORD,632,7599000,428000,327000,100000,0,1000,203000
4029010,Oklahoma,3,3,STRINGTOWN,248,4053000,233000,68000,165000,0,0,47000
4029040,Oklahoma,3,3,STROTHER,403,4888000,285000,194000,81000,10000,0,94000
4029070,Oklahoma,3,3,STROUD,832,12816000,485000,299000,161000,0,25000,204000
4029100,Oklahoma,3,3,STUART,205,3879000,261000,237000,24000,0,0,79000
4029160,Oklahoma,3,3,SULPHUR,1490,14849000,1218000,961000,236000,0,15000,348000
4029310,Oklahoma,3,3,SWEETWATER,122,3507000,201000,160000,40000,1000,0,74000
4029380,Oklahoma,3,3,TAHLEQUAH,3607,43297000,4581000,3401000,1020000,18000,0,1491000
4029400,Oklahoma,3,3,TALIHINA,511,7639000,595000,450000,113000,22000,0,136000
4029430,Oklahoma,3,3,TALOGA,107,2865000,172000,79000,93000,0,0,60000
4029520,Oklahoma,1,3,TANNEHILL,142,1819000,170000,116000,49000,2000,0,48000
4029610,Oklahoma,3,3,TECUMSEH,1968,21481000,2027000,1185000,691000,6000,26000,589000
4029640,Oklahoma,3,3,TEMPLE,184,2806000,178000,125000,49000,0,0,49000
4029670,Oklahoma,1,3,TENKILLER,197,3032000,231000,74000,157000,1000,0,38000
4029820,Oklahoma,3,3,TEXHOMA,226,3176000,60000,60000,0,0,0,53000
4029850,Oklahoma,3,3,THACKERVILLE,299,3789000,175000,175000,0,0,0,94000
4029886,Oklahoma,3,3,MOUNTAIN VIEW-GOTEBO,268,4165000,89000,64000,22000,0,0,45000
4030030,Oklahoma,3,3,TIPTON,224,3309000,178000,138000,36000,1000,0,42000
4030048,Oklahoma,3,3,WOODLAND,381,5154000,177000,151000,0,0,26000,77000
4030060,Oklahoma,3,3,TISHOMINGO,832,9977000,700000,407000,257000,1000,0,257000
4030120,Oklahoma,3,3,TONKAWA,854,7581000,852000,721000,114000,5000,0,326000
4030197,Oklahoma,3,3,PORTER CONSOLIDATED,552,5843000,342000,230000,105000,7000,0,109000
4030240,Oklahoma,3,3,TULSA,33871,402143000,38387000,25297000,6803000,3200000,2529000,11119000
4030270,Oklahoma,3,3,TUPELO,219,3695000,287000,175000,66000,1000,0,76000
4030290,Oklahoma,1,3,TURKEY FORD,105,1204000,33000,18000,12000,0,0,13000
4030300,Oklahoma,3,3,TURNER,305,4148000,217000,192000,6000,13000,6000,79000
4030330,Oklahoma,3,3,TURPIN,405,4870000,427000,308000,110000,9000,0,160000
4030360,Oklahoma,3,3,TUSHKA,483,5752000,396000,286000,109000,1000,1000,83000
4030390,Oklahoma,1,3,TUSKAHOMA,73,1031000,90000,68000,22000,0,0,49000
4030420,Oklahoma,3,3,TUTTLE,1974,19767000,1592000,1152000,434000,5000,0,648000
4030450,Oklahoma,1,3,TWIN HILLS,324,4023000,193000,114000,75000,0,0,51000
4030480,Oklahoma,3,3,TYRONE,225,2549000,157000,75000,51000,0,0,31000
4030600,Oklahoma,3,3,UNION,14890,168763000,14368000,9665000,3177000,119000,897000,4645000
4030630,Oklahoma,3,3,UNION CITY,302,4025000,334000,264000,54000,2000,3000,100000
4030870,Oklahoma,3,3,VALLIANT,930,10902000,433000,287000,103000,6000,0,147000
4030960,Oklahoma,3,3,VANOSS,579,6733000,434000,303000,105000,0,22000,195000
4030990,Oklahoma,3,3,VARNUM,332,3907000,226000,202000,13000,1000,10000,80000
4031020,Oklahoma,3,3,VELMA-ALMA,465,5429000,253000,198000,49000,0,0,103000
4031080,Oklahoma,3,3,VERDEN,354,3644000,193000,111000,82000,0,0,75000
4031110,Oklahoma,3,3,VERDIGRIS,1395,13093000,1317000,964000,227000,2000,0,422000
4031140,Oklahoma,3,3,VIAN,817,9712000,567000,312000,225000,1000,27000,254000
4031170,Oklahoma,3,3,VICI,296,4590000,234000,182000,36000,0,0,102000
4031290,Oklahoma,3,3,VINITA,1321,16125000,1779000,1338000,321000,1000,21000,543000
4031350,Oklahoma,3,3,WAGONER,2066,23043000,1437000,1034000,256000,5000,0,514000
4031380,Oklahoma,1,3,WAINWRIGHT,79,991000,64000,48000,16000,0,0,13000
4031470,Oklahoma,3,3,WALTERS,610,6422000,162000,159000,0,1000,0,86000
4031500,Oklahoma,3,3,WANETTE,136,1791000,145000,78000,19000,0,15000,38000
4031590,Oklahoma,3,3,WAPANUCKA,201,3543000,137000,94000,31000,0,0,20000
4031650,Oklahoma,3,3,WARNER,814,8571000,456000,315000,132000,8000,0,97000
4031710,Oklahoma,3,3,WASHINGTON,1197,10769000,611000,467000,117000,4000,11000,256000
4031770,Oklahoma,3,3,WATONGA,733,10418000,553000,394000,154000,1000,0,163000
4031860,Oklahoma,3,3,WATTS,224,2731000,175000,131000,43000,1000,0,79000
4031950,Oklahoma,3,3,WAUKOMIS,385,4673000,337000,232000,105000,0,0,90000
4031980,Oklahoma,3,3,WAURIKA,456,7527000,300000,298000,0,0,0,94000
4032010,Oklahoma,3,3,WAYNE,449,5579000,352000,301000,50000,1000,0,185000
4032040,Oklahoma,3,3,WAYNOKA,223,4510000,205000,147000,58000,0,0,93000
4032070,Oklahoma,3,3,WEATHERFORD,2388,23102000,1959000,1449000,440000,70000,0,496000
4032130,Oklahoma,3,3,WEBBERS FALLS,307,3806000,192000,147000,45000,0,0,91000
4032190,Oklahoma,3,3,WELCH,286,4487000,518000,449000,63000,0,0,144000
4032220,Oklahoma,3,3,WELEETKA,382,5611000,493000,373000,89000,7000,12000,144000
4032280,Oklahoma,3,3,WELLSTON,514,5650000,378000,259000,119000,0,0,129000
4032370,Oklahoma,3,3,WESTERN HEIGHTS,2858,39690000,2650000,1947000,549000,124000,0,979000
4032400,Oklahoma,3,3,WESTVILLE,971,12407000,1647000,1108000,298000,9000,30000,552000
4032430,Oklahoma,3,3,WETUMKA,403,5763000,555000,360000,156000,1000,0,96000
4032460,Oklahoma,3,3,WEWOKA,668,8872000,479000,465000,1000,14000,0,289000
4032610,Oklahoma,1,3,WHITE OAK,51,727000,27000,12000,16000,0,0,12000
4032640,Oklahoma,1,3,WHITE ROCK,143,1552000,78000,51000,23000,0,5000,33000
4032670,Oklahoma,1,3,WHITEBEAD,333,3100000,232000,124000,100000,0,0,34000
4032700,Oklahoma,1,3,WHITEFIELD,215,2060000,169000,135000,32000,0,0,53000
4032730,Oklahoma,3,3,WHITESBORO,205,3438000,139000,133000,1000,1000,1000,38000
4032760,Oklahoma,1,3,WICKLIFFE,98,1245000,143000,99000,27000,6000,0,48000
4032790,Oklahoma,3,3,WILBURTON,885,8722000,894000,589000,202000,7000,10000,317000
4032940,Oklahoma,3,3,WILSON,473,5075000,161000,151000,0,0,3000,101000
4032970,Oklahoma,3,3,WISTER,502,5144000,194000,138000,55000,0,0,105000
4033090,Oklahoma,1,3,WOODALL,384,4242000,383000,329000,50000,1000,2000,89000
4033180,Oklahoma,3,3,WOODWARD,2508,27205000,2756000,2042000,572000,4000,23000,893000
4033210,Oklahoma,3,3,WRIGHT CITY,472,6128000,366000,197000,137000,0,0,92000
4033240,Oklahoma,3,3,WYANDOTTE,740,8391000,654000,547000,102000,1000,4000,291000
4033300,Oklahoma,3,3,WYNNEWOOD,701,10413000,470000,319000,123000,8000,1000,54000
4033330,Oklahoma,3,3,WYNONA,125,1935000,78000,63000,7000,9000,0,44000
4033360,Oklahoma,3,3,YALE,349,4081000,271000,242000,29000,0,0,95000
4033390,Oklahoma,3,3,YARBROUGH,117,1919000,53000,21000,31000,1000,0,0
4033480,Oklahoma,3,3,YUKON,9449,89979000,11570000,7967000,2972000,200000,45000,2667000
4033540,Oklahoma,1,3,ZANEIS,272,3259000,57000,17000,40000,0,0,0
4033600,Oklahoma,1,3,ZION,285,3702000,236000,90000,146000,0,0,56000
4033601,Oklahoma,3,3,ROCK CREEK,500,6261000,369000,228000,123000,2000,0,107000
4033602,Oklahoma,3,3,FORT COBB-BROXTON,276,4674000,211000,157000,54000,0,0,95000
4033603,Oklahoma,3,3,BINGER-ONEY,290,3918000,335000,245000,90000,0,0,110000
4100003,Oregon,3,3,Falls City SD 57,181,5355000,401000,398000,0,3000,0,85000
4100014,Oregon,3,3,Vale SD 84,946,14453000,1327000,1256000,71000,0,0,336000
4100015,Oregon,3,2,Gervais SD 1,1220,17372000,1669000,1239000,157000,8000,264000,285000
4100016,Oregon,3,3,Yamhill Carlton SD 1,921,14549000,1948000,1699000,184000,0,65000,360000
4100019,Oregon,3,3,Harrisburg SD 7J,776,11556000,1360000,1111000,204000,0,45000,238000
4100020,Oregon,3,3,North Santiam SD 29J,2089,31099000,3317000,2541000,582000,3000,189000,812000
4100021,Oregon,3,3,South Wasco County SD 1,224,6054000,403000,402000,0,0,1000,126000
4100023,Oregon,3,2,Hillsboro SD 1J,18576,316774000,116026000,83402000,7506000,604000,970000,10168000
4100040,Oregon,3,3,Knappa SD 4,453,9270000,1120000,837000,199000,0,84000,104000
4100048,Oregon,3,2,North Wasco County SD 21,2841,46372000,6237000,4076000,1922000,2000,209000,1278000
4100640,Oregon,3,3,Myrtle Point SD 41,528,9815000,803000,719000,37000,0,47000,132000
4101020,Oregon,3,3,Adrian SD 61,275,5608000,362000,361000,0,1000,0,0
4101120,Oregon,3,3,Greater Albany Public SD 8J,8940,134939000,18941000,14393000,3073000,0,1466000,4272000
4101230,Oregon,3,2,Amity SD 4J,754,11910000,701000,698000,0,3000,0,263000
4101560,Oregon,3,3,Ashland SD 5,2395,48058000,4365000,3364000,913000,0,76000,1032000
4101620,Oregon,3,3,Astoria SD 1,1797,29136000,4150000,3717000,0,15000,178000,958000
4101660,Oregon,3,3,Athena-Weston SD 29RJ,542,10195000,926000,914000,0,0,11000,234000
4101710,Oregon,3,2,Baker SD 5J,4453,35983000,4952000,2693000,1878000,328000,8000,811000
4101800,Oregon,3,3,Bandon SD 54,671,11557000,914000,858000,0,0,56000,209000
4101830,Oregon,3,3,Banks SD 13,1056,15357000,2204000,1949000,224000,0,31000,469000
4101920,Oregon,3,2,Beaverton SD 48J,38292,612600000,69145000,43659000,14924000,24000,10180000,13528000
4101980,Oregon,3,2,Bend-LaPine Administrative SD 1,17007,244374000,26923000,18630000,6480000,95000,1629000,6812000
4102040,Oregon,3,3,Bethel SD 52,5075,83088000,14598000,9360000,3014000,1000,2219000,2928000
4102310,Oregon,3,3,Brookings-Harbor SD 17C,1404,20650000,2813000,1795000,775000,0,223000,416000
4102490,Oregon,3,3,Harney County SD 3,742,12978000,1473000,967000,443000,25000,2000,286000
4102640,Oregon,3,3,Canby SD 86,4190,69617000,9063000,5613000,2586000,32000,831000,1793000
4102780,Oregon,3,3,Cascade SD 5,2685,43105000,4932000,3316000,1168000,0,447000,962000
4102800,Oregon,3,3,Centennial SD 28J,5369,91846000,15166000,11387000,2639000,207000,934000,2454000
4102840,Oregon,3,3,Central SD 13J,3188,54164000,7926000,6083000,1442000,41000,359000,1421000
4102910,Oregon,3,3,Central Linn SD 552,539,9532000,1093000,854000,216000,0,0,187000
4102940,Oregon,3,3,Central Point SD 6,4808,65445000,4558000,3342000,848000,11000,357000,968000
4103260,Oregon,3,3,Clatskanie SD 6J,688,13255000,2059000,1922000,131000,6000,0,315000
4103265,Oregon,3,3,Rainier SD 13,819,14480000,2103000,1512000,412000,0,179000,509000
4103270,Oregon,3,3,Colton SD 53,619,10507000,1198000,814000,293000,0,91000,280000
4103330,Oregon,3,3,Condon SD 25J,122,3139000,9000,9000,0,0,0,0
4103390,Oregon,3,3,Coquille SD 8,1228,18845000,2039000,1700000,201000,0,132000,555000
4103480,Oregon,3,2,Corvallis SD 509J,6292,111770000,16685000,13040000,2151000,7000,1418000,2474000
4103600,Oregon,3,2,Harney County SD 4,914,3584000,620000,620000,0,0,0,26000
4103630,Oregon,3,2,Harney County Union High SD 1J,981,10320000,1270000,951000,197000,0,0,15000
4103660,Oregon,3,2,Coos Bay SD 9,3029,48727000,5919000,3700000,1522000,0,697000,865000
4103690,Oregon,3,3,Creswell SD 40,1134,19392000,2855000,1984000,504000,0,366000,366000
4103720,Oregon,3,2,Crook County SD,3018,44614000,4450000,3369000,790000,0,289000,940000
4103780,Oregon,3,3,Crow-Applegate-Lorane SD 66,271,6139000,447000,378000,7000,0,62000,116000
4103840,Oregon,3,3,Culver SD 4,673,12248000,764000,727000,1000,0,36000,168000
4103860,Oregon,3,2,Dallas SD 2,2968,42901000,8675000,7116000,979000,2000,428000,1630000
4103940,Oregon,3,2,David Douglas SD 40,8580,185121000,49239000,21163000,23040000,643000,866000,8512000
4103990,Oregon,3,3,Dayton SD 8,880,14609000,1284000,1085000,198000,0,0,344000
4104020,Oregon,3,3,Dayville SD 16J,59,1986000,23000,23000,0,0,0,11000
4104350,Oregon,3,3,North Douglas SD 22,346,6612000,475000,458000,0,0,17000,106000
4104410,Oregon,3,3,Dufur SD 29,329,7189000,337000,334000,0,3000,0,88000
4104500,Oregon,3,2,Eagle Point SD 9,4134,59942000,5449000,4490000,713000,0,247000,1193000
4104530,Oregon,3,3,Echo SD 5,311,4809000,244000,244000,0,0,0,64000
4104590,Oregon,3,3,Elgin SD 23,405,7197000,495000,476000,0,0,0,147000
4104700,Oregon,3,2,Estacada SD 108,3090,32238000,3966000,2896000,926000,143000,0,1059000
4104740,Oregon,3,2,Eugene SD 4J,16417,272202000,29733000,18987000,6175000,0,4571000,5718000
4104950,Oregon,3,2,Fern Ridge SD 28J,1413,20250000,4034000,2697000,678000,5000,651000,610000
4105080,Oregon,3,3,Enterprise SD 21,420,6339000,224000,224000,0,0,0,47000
4105100,Oregon,3,3,Siuslaw SD 97J,1249,25411000,2543000,2037000,396000,0,110000,623000
4105160,Oregon,3,2,Forest Grove SD 15,5769,97589000,16089000,11437000,3449000,54000,1100000,2992000
4105430,Oregon,3,3,Gaston SD 511J,479,8450000,1085000,778000,237000,0,69000,160000
4105610,Oregon,3,3,Gladstone SD 115,1657,30338000,3116000,2073000,911000,18000,91000,868000
4105640,Oregon,3,2,Glendale SD 77,290,5727000,470000,399000,50000,0,22000,73000
4105670,Oregon,3,3,Glide SD 12,691,11345000,1194000,1107000,24000,0,63000,297000
4105760,Oregon,3,3,Central Curry SD 1,433,7675000,442000,388000,40000,0,13000,98000
4105910,Oregon,3,3,Grants Pass SD 7,5719,87269000,8795000,7497000,1297000,0,0,1844000
4106000,Oregon,3,2,Gresham-Barlow SD 10J,11335,172499000,23629000,17021000,4732000,0,1794000,5975000
4106270,Oregon,3,3,Helix SD 1,144,3682000,148000,148000,0,0,0,59000
4106300,Oregon,3,3,Hermiston SD 8,5464,84946000,9434000,7019000,2065000,13000,336000,2320000
4106510,Oregon,3,3,Hood River County SD,3605,74168000,6097000,4673000,1425000,0,0,1553000
4106710,Oregon,3,3,Jefferson SD 14J,760,13541000,1461000,1265000,92000,0,105000,294000
4106740,Oregon,3,3,Jefferson County SD 509J,2787,53989000,6041000,5117000,541000,72000,311000,1469000
4106750,Oregon,3,3,Jewell SD 8,134,5963000,385000,274000,76000,0,35000,82000
4106780,Oregon,3,3,John Day SD 3,470,9851000,1278000,1032000,190000,0,53000,256000
4106820,Oregon,3,3,Jordan Valley SD 3,63,2143000,42000,42000,0,0,0,0
4106870,Oregon,3,2,Joseph SD 6,261,4757000,109000,109000,0,0,0,17000
4106900,Oregon,3,2,Three Rivers/Josephine County SD,4530,71416000,9706000,7231000,344000,0,1724000,1347000
4106930,Oregon,3,3,Junction City SD 69,1664,25988000,2185000,1328000,333000,3000,521000,437000
4107020,Oregon,3,3,Klamath County SD,6877,108736000,11248000,8101000,2395000,3000,739000,2831000
4107080,Oregon,3,2,Klamath Falls City Schools,2721,45381000,4249000,2584000,1309000,0,352000,1118000
4107200,Oregon,3,3,La Grande SD 1,2088,31519000,4244000,3155000,759000,1000,330000,879000
4107230,Oregon,3,2,Lake Oswego SD 7J,6810,119864000,23121000,17058000,4644000,0,1406000,4421000
4107280,Oregon,3,3,Lake County SD 7,771,14345000,1105000,1105000,0,0,0,237000
4107380,Oregon,3,2,Lebanon Community SD 9,4046,56603000,7900000,6455000,1126000,12000,287000,1344000
4107500,Oregon,3,2,Lincoln County SD,5111,80672000,10647000,8218000,1605000,147000,674000,2982000
4107590,Oregon,3,2,Lowell SD 71,1062,7753000,558000,320000,177000,0,60000,111000
4107710,Oregon,3,3,Mapleton SD 32,145,3835000,388000,341000,0,0,47000,83000
4107740,Oregon,3,2,Marcola SD 79J,839,6647000,821000,786000,9000,0,26000,168000
4108010,Oregon,3,3,McMinnville SD 40,6507,100047000,10611000,7883000,1689000,74000,965000,2101000
4108040,Oregon,3,2,Medford SD 549C,13812,179821000,23843000,15259000,6321000,0,2264000,5126000
4108100,Oregon,3,2,Santiam Canyon SD 129J,2617,11667000,4104000,3935000,169000,0,1000,270000
4108160,Oregon,3,3,Milton-Freewater Unified SD 7,1586,25496000,2251000,2155000,81000,10000,5000,408000
4108280,Oregon,3,2,Mitchell SD 55,1027,2164000,28000,28000,0,0,0,0
4108310,Oregon,3,2,Molalla River SD 35,2552,35500000,4244000,2673000,992000,191000,388000,942000
4108430,Oregon,3,3,Monroe SD 1J,381,6362000,701000,584000,0,0,117000,170000
4108460,Oregon,3,3,Monument SD 8,61,1627000,3000,3000,0,0,0,0
4108520,Oregon,3,3,Morrow SD 1,2307,40911000,1855000,1711000,0,0,144000,786000
4108550,Oregon,3,3,Mt Angel SD 91,662,10813000,587000,532000,0,0,55000,166000
4108650,Oregon,3,3,Neah-Kah-Nie SD 56,742,17558000,2251000,1943000,164000,18000,123000,445000
4108700,Oregon,3,3,Nestucca Valley SD 101J,511,10897000,1117000,905000,207000,0,0,269000
4108720,Oregon,3,3,Newberg SD 29J,4201,69234000,8153000,7121000,1033000,0,0,1726000
4108820,Oregon,3,2,North Bend SD 13,3452,35232000,5954000,5516000,212000,0,220000,770000
4108880,Oregon,3,3,North Marion SD 15,1674,29100000,3173000,2408000,147000,1000,616000,937000
4109000,Oregon,3,3,Nyssa SD 26,1321,21581000,1195000,1194000,0,0,0,0
4109120,Oregon,3,3,Oakland SD 1,628,9022000,532000,527000,0,0,6000,171000
4109150,Oregon,3,3,Oakridge SD 76,513,9786000,377000,375000,2000,0,0,99000
4109270,Oregon,3,3,Ontario SD 8C,2218,38369000,4545000,4146000,373000,26000,0,1063000
4109330,Oregon,3,2,Oregon City SD 62,7239,92973000,16735000,10157000,5423000,0,1155000,3137000
4109480,Oregon,3,3,Parkrose SD 3,2769,45262000,6341000,4059000,1508000,4000,730000,1584000
4109510,Oregon,3,2,Pendleton SD 16,2949,44241000,6383000,5272000,424000,0,686000,1388000
4109530,Oregon,3,3,Perrydale SD 21,318,4733000,662000,644000,0,0,18000,112000
4109630,Oregon,3,2,Phoenix-Talent SD 4,2256,41276000,5192000,4079000,1112000,0,1000,977000
4109660,Oregon,3,3,Pilot Rock SD 2,297,5579000,400000,400000,0,0,0,136000
4109870,Oregon,3,3,Pleasant Hill SD 1,993,13396000,1367000,1059000,162000,1000,145000,242000
4110020,Oregon,3,3,Port Orford-Langlois SD 2CJ,225,5472000,468000,271000,178000,0,19000,46000
4110040,Oregon,3,2,Portland SD 1J,43049,895434000,151365000,82322000,46308000,2054000,20682000,33085000
4110080,Oregon,3,3,Powers SD 31,127,2845000,135000,135000,0,0,0,51000
4110110,Oregon,3,2,Prairie City SD 4,1089,6398000,730000,730000,0,0,0,144000
4110350,Oregon,3,2,Redmond SD 2J,6921,92704000,14464000,9942000,3541000,17000,920000,3556000
4110520,Oregon,3,2,Reynolds SD 7,9773,178716000,24213000,15644000,7123000,4000,1439000,5449000
4110530,Oregon,3,3,Riddle SD 70,344,7891000,649000,512000,82000,0,55000,123000
4110560,Oregon,3,3,Riverdale SD 51J,595,11966000,651000,640000,0,11000,0,257000
4110680,Oregon,3,2,Rogue River SD 35,1078,15346000,1542000,1195000,293000,0,54000,390000
4110710,Oregon,3,2,Douglas County SD 4,5728,79428000,8747000,6908000,183000,402000,1255000,1849000
4110820,Oregon,3,2,Salem-Keizer SD 24J,39201,657383000,105829000,79684000,15591000,364000,10190000,18843000
4110890,Oregon,3,2,Oregon Trail SD 46,4265,60158000,8265000,4336000,2530000,5000,1390000,1388000
4110980,Oregon,3,2,Scappoose SD 1J,2191,33714000,5222000,4204000,471000,9000,539000,1231000
4111040,Oregon,3,2,Scio SD 95,1688,9806000,2038000,1988000,37000,0,13000,165000
4111100,Oregon,3,2,Seaside SD 10,1486,25421000,3549000,2818000,558000,0,174000,891000
4111220,Oregon,3,2,Sheridan SD 48J,935,13260000,1466000,1053000,79000,0,334000,263000
4111250,Oregon,3,3,Sherman County SD,286,5230000,8000,8000,0,0,0,0
4111290,Oregon,3,2,Sherwood SD 88J,4904,68736000,7038000,5132000,1907000,0,0,1572000
4111400,Oregon,3,3,North Lake SD 14,230,5498000,472000,428000,44000,0,0,131000
4111450,Oregon,3,2,Silver Falls SD 4J,3670,59118000,7959000,5913000,1116000,96000,834000,1667000
4111490,Oregon,3,3,Sisters SD 6,1151,18631000,1831000,1448000,366000,0,16000,421000
4111580,Oregon,3,2,South Lane SD 45J3,2765,43141000,6361000,4278000,1025000,0,1057000,1705000
4111610,Oregon,3,3,South Umpqua SD 19,1471,20759000,2401000,1723000,400000,14000,256000,441000
4111640,Oregon,3,3,Spray SD 1,65,2111000,11000,11000,0,0,0,3000
4111670,Oregon,3,2,Springfield SD 19,9263,148385000,19595000,12587000,4738000,132000,2137000,4187000
4111720,Oregon,3,2,St Helens SD 502,2757,42510000,5512000,3544000,1508000,12000,448000,1048000
4111760,Oregon,3,3,St Paul SD 45,287,5640000,278000,262000,0,0,17000,71000
4111790,Oregon,3,3,Stanfield SD 61,516,7405000,840000,743000,0,0,98000,118000
4111940,Oregon,3,3,Sutherlin SD 130,1362,20329000,1980000,1693000,230000,1000,56000,633000
4111970,Oregon,3,2,Sweet Home SD 55,2340,31509000,4422000,3867000,534000,0,1000,1061000
4112240,Oregon,3,2,Tigard-Tualatin SD 23J,11558,204688000,23688000,19051000,3670000,3000,824000,4368000
4112320,Oregon,3,3,Tillamook SD 9,2089,33571000,4982000,4359000,430000,0,183000,1032000
4112600,Oregon,3,3,Umatilla SD 6R,1417,23831000,1888000,1743000,0,0,145000,299000
4112690,Oregon,3,3,Union SD 5,376,5625000,470000,439000,0,0,31000,131000
4112930,Oregon,3,3,Vernonia SD 47J,565,10957000,1359000,1108000,247000,0,4000,200000
4112990,Oregon,3,3,Wallowa SD 12,189,4826000,146000,146000,0,0,0,72000
4113080,Oregon,3,3,Warrenton-Hammond SD 30,983,16275000,2025000,1797000,226000,0,3000,453000
4113170,Oregon,3,2,West Linn-Wilsonville SD 3J,9048,144297000,14999000,10360000,2961000,2000,1590000,4299000
4113350,Oregon,3,3,Willamina SD 30J,891,13618000,1483000,1131000,202000,0,151000,300000
4113490,Oregon,3,3,Winston-Dillard SD 116,1381,20915000,2527000,2039000,148000,0,340000,610000
4113530,Oregon,3,2,Woodburn SD 103,5222,101871000,12146000,7707000,3464000,101000,851000,2218000
4113650,Oregon,3,3,Yoncalla SD 32,255,6320000,343000,287000,29000,0,27000,109000
4200824,Pennsylvania,3,3,Central Valley SD,2202,43171000,5913000,3894000,132000,61000,249000,1978000
4202010,Pennsylvania,3,3,Abington Heights SD,3460,51173000,12538000,6233000,2529000,790000,2000000,3247000
4202040,Pennsylvania,3,3,Abington SD,8534,161799000,28359000,17659000,1455000,1149000,1292000,12568000
4202100,Pennsylvania,3,3,Albert Gallatin Area SD,3046,50230000,14187000,8356000,436000,407000,908000,2874000
4202130,Pennsylvania,3,3,Aliquippa SD,948,19507000,2255000,1724000,0,0,0,1724000
4202190,Pennsylvania,3,3,Allegheny Valley SD,871,18807000,3626000,2658000,439000,130000,399000,1129000
4202280,Pennsylvania,3,3,Allentown City SD,15928,286811000,44158000,38671000,2805000,201000,1505000,21781000
4202310,Pennsylvania,3,3,Allegheny-Clarion Valley SD,583,14097000,2416000,1825000,219000,121000,252000,735000
4202340,Pennsylvania,3,3,Altoona Area SD,7226,108089000,20795000,15572000,2777000,612000,1141000,9813000
4202400,Pennsylvania,3,3,Wissahickon SD,5060,109573000,20343000,14566000,845000,583000,641000,11714000
4202440,Pennsylvania,3,3,Ambridge Area SD,2238,33730000,5304000,5260000,2000,0,38000,2633000
4202480,Pennsylvania,3,3,Antietam SD,1155,18264000,3647000,3104000,53000,395000,0,1048000
4202490,Pennsylvania,3,3,Annville-Cleona SD,1439,25154000,3656000,2296000,182000,121000,182000,1353000
4202550,Pennsylvania,3,3,Apollo-Ridge SD,1073,21983000,5404000,3468000,209000,142000,386000,1404000
4202590,Pennsylvania,3,3,Armstrong SD,4502,85585000,12912000,11092000,382000,351000,1050000,7088000
4202670,Pennsylvania,3,3,Athens Area SD,2069,40452000,20295000,6474000,1998000,400000,2047000,2757000
4202700,Pennsylvania,3,3,Austin Area SD,132,4002000,1020000,589000,37000,6000,43000,0
4202760,Pennsylvania,3,3,Avella Area SD,479,11021000,2104000,1031000,50000,116000,169000,495000
4202790,Pennsylvania,3,3,Avon Grove SD,5033,77055000,10793000,6965000,1751000,422000,1474000,3655000
4202820,Pennsylvania,3,3,Avonworth SD,1947,31075000,5089000,4319000,382000,0,388000,2479000
4202850,Pennsylvania,3,3,Pine-Richland SD,4508,79804000,16358000,10926000,534000,464000,1731000,5199000
4202910,Pennsylvania,3,3,Bald Eagle Area SD,1521,29721000,5746000,3470000,268000,377000,437000,1564000
4202970,Pennsylvania,3,3,Baldwin-Whitehall SD,4526,63982000,13347000,8957000,447000,425000,776000,3785000
4203000,Pennsylvania,3,3,Bangor Area SD,2775,48733000,14450000,10559000,351000,232000,592000,4491000
4203120,Pennsylvania,3,3,Beaver Area SD,1973,31374000,4319000,3007000,857000,12000,442000,1389000
4203180,Pennsylvania,3,3,Bedford Area SD,1705,28810000,2600000,2381000,87000,132000,0,1318000
4203210,Pennsylvania,3,3,Belle Vernon Area SD,2367,36068000,7058000,5457000,175000,120000,301000,2016000
4203240,Pennsylvania,3,3,Bellefonte Area SD,2599,47493000,6352000,6009000,0,0,343000,3277000
4203300,Pennsylvania,3,3,Bellwood-Antis SD,1163,18747000,2601000,2048000,224000,245000,0,1023000
4203330,Pennsylvania,3,3,Bensalem Township SD,6323,121978000,28386000,18118000,1356000,1908000,1878000,11641000
4203360,Pennsylvania,3,3,Bentworth SD,1049,17212000,3714000,2370000,80000,130000,261000,1049000
4203390,Pennsylvania,3,3,Benton Area SD,620,13243000,1961000,1204000,251000,418000,0,702000
4203420,Pennsylvania,3,3,Berlin Brothersvalley SD,721,12273000,2155000,1391000,51000,62000,118000,675000
4203450,Pennsylvania,3,3,Bermudian Springs SD,1751,27988000,2456000,2099000,87000,0,198000,1057000
4203480,Pennsylvania,3,3,Berwick Area SD,2664,43166000,16811000,3181000,1873000,991000,2000000,3194000
4203510,Pennsylvania,3,3,Bethel Park SD,3925,83416000,13951000,12732000,381000,535000,303000,6915000
4203570,Pennsylvania,3,3,Bethlehem Area SD,12939,240201000,30609000,25031000,1658000,1584000,2228000,13897000
4203600,Pennsylvania,3,3,Bethlehem-Center SD,979,17082000,4470000,2455000,66000,107000,491000,1014000
4203630,Pennsylvania,3,3,Big Beaver Falls Area SD,1641,27058000,8217000,6284000,138000,31000,40000,1551000
4203660,Pennsylvania,3,3,Big Spring SD,2410,45484000,10315000,9734000,224000,171000,185000,3180000
4203688,Pennsylvania,3,3,Blackhawk SD,2316,34972000,4632000,3070000,125000,83000,261000,2277000
4203690,Pennsylvania,3,3,Blacklick Valley SD,600,10283000,2281000,1557000,385000,0,281000,620000
4203750,Pennsylvania,3,3,River Valley SD,1419,32406000,3788000,3404000,165000,0,218000,1738000
4203840,Pennsylvania,3,3,Bloomsburg Area SD,1533,25315000,5441000,3124000,727000,172000,382000,1191000
4203870,Pennsylvania,3,3,Blue Mountain SD,2445,41757000,7899000,6423000,656000,0,0,3348000
4203900,Pennsylvania,3,3,Blue Ridge SD,1004,20145000,3385000,2742000,0,342000,301000,1311000
4203960,Pennsylvania,3,3,Boyertown Area SD,6586,108629000,20572000,17331000,647000,931000,1593000,7043000
4204020,Pennsylvania,3,3,Bradford Area SD,2412,40756000,10946000,7819000,431000,405000,344000,1950000
4204050,Pennsylvania,3,3,Brandywine Heights Area SD,1277,29364000,4548000,3892000,0,221000,433000,1666000
4204080,Pennsylvania,3,3,Brownsville Area SD,1486,25634000,6838000,4392000,235000,129000,598000,1760000
4204140,Pennsylvania,3,3,Brentwood Borough SD,1151,23054000,3760000,2272000,132000,290000,484000,1167000
4204200,Pennsylvania,3,3,Bristol Borough SD,1164,23404000,4016000,3911000,0,0,105000,2260000
4204230,Pennsylvania,3,3,Bristol Township SD,6050,112600000,17434000,10163000,1713000,1275000,1652000,9136000
4204260,Pennsylvania,3,3,Brockway Area SD,884,16182000,2089000,1713000,167000,104000,64000,683000
4204320,Pennsylvania,3,3,Brookville Area SD,1364,23346000,4525000,2974000,153000,167000,341000,1333000
4204500,Pennsylvania,3,3,Burgettstown Area SD,986,19756000,4179000,2556000,93000,175000,656000,1025000
4204530,Pennsylvania,3,3,Burrell SD,1744,29329000,3085000,2443000,138000,164000,305000,862000
4204590,Pennsylvania,3,3,Butler Area SD,5942,92245000,24392000,17182000,1459000,735000,1105000,7588000
4204710,Pennsylvania,3,3,California Area SD,914,13903000,1953000,1650000,147000,0,157000,631000
4204740,Pennsylvania,3,3,Cambria Heights SD,1278,24019000,2838000,2576000,0,0,0,1308000
4204830,Pennsylvania,3,3,Cameron County SD,433,10837000,3096000,2006000,67000,134000,155000,0
4204860,Pennsylvania,3,3,Camp Hill SD,1196,23569000,3943000,3353000,190000,126000,5000,1776000
4204890,Pennsylvania,3,3,Canon-McMillan SD,5268,76532000,18844000,13683000,453000,220000,1021000,5567000
4204920,Pennsylvania,3,3,Canton Area SD,850,16345000,4387000,2877000,139000,113000,277000,1133000
4204980,Pennsylvania,3,3,Carbondale Area SD,1551,23775000,7159000,7094000,0,0,0,2439000
4205010,Pennsylvania,3,3,Carlisle Area SD,4977,81068000,19391000,13352000,939000,572000,1492000,2645000
4205040,Pennsylvania,3,3,Carlynton SD,1242,28278000,6091000,3971000,724000,340000,228000,1681000
4205070,Pennsylvania,3,3,Carmichaels Area SD,956,17210000,4980000,2627000,79000,132000,297000,955000
4205160,Pennsylvania,3,3,Catasauqua Area SD,1455,29707000,6287000,6060000,227000,0,0,1899000
4205190,Pennsylvania,3,3,Centennial SD,5283,109752000,26943000,19097000,7524000,0,322000,9381000
4205310,Pennsylvania,3,3,Central Bucks SD,17482,331226000,69449000,54090000,2286000,2162000,2890000,27494000
4205340,Pennsylvania,3,3,Central Cambria SD,1596,26325000,1190000,488000,41000,160000,398000,1215000
4205370,Pennsylvania,3,3,Central Columbia SD,1908,30775000,4535000,3647000,305000,198000,314000,1635000
4205400,Pennsylvania,3,3,Central Dauphin SD,12393,191924000,36297000,29727000,2839000,446000,2668000,14432000
4205430,Pennsylvania,3,3,Central Greene SD,1494,27708000,5108000,4134000,196000,61000,717000,2250000
4205460,Pennsylvania,3,3,Crestwood SD,2827,40875000,6449000,4719000,236000,50000,108000,2758000
4205490,Pennsylvania,3,3,Central York SD,5571,91654000,15207000,11038000,494000,567000,475000,6252000
4205550,Pennsylvania,3,3,Chambersburg Area SD,9274,138409000,52135000,38545000,1524000,1554000,2172000,7502000
4205640,Pennsylvania,3,3,Charleroi SD,1389,23523000,4641000,2847000,1019000,201000,444000,1672000
4205700,Pennsylvania,3,3,Chartiers Valley SD,3412,66316000,9882000,7648000,724000,6000,1240000,3375000
4205730,Pennsylvania,3,3,Chartiers-Houston SD,1175,20161000,3476000,1756000,138000,90000,222000,856000
4205760,Pennsylvania,3,3,Cheltenham SD,4225,107370000,9406000,6606000,225000,998000,1248000,9218000
4205860,Pennsylvania,3,3,Chester-Upland SD,3039,66152000,37086000,20628000,5102000,737000,5386000,2614000
4205880,Pennsylvania,3,3,Chestnut Ridge SD,1232,21167000,3736000,2149000,106000,102000,630000,1162000
4205910,Pennsylvania,3,3,Chichester SD,3047,75519000,23045000,16203000,854000,444000,1090000,4794000
4206030,Pennsylvania,3,3,Clairton City SD,807,16734000,2444000,1745000,211000,0,0,784000
4206060,Pennsylvania,3,3,Clarion Area SD,749,13300000,1817000,1341000,130000,33000,251000,847000
4206090,Pennsylvania,3,3,Clarion-Limestone Area SD,778,15059000,944000,180000,278000,246000,166000,761000
4206120,Pennsylvania,3,3,Claysburg-Kimmel SD,759,13533000,2059000,1541000,102000,254000,162000,865000
4206150,Pennsylvania,3,3,Clearfield Area SD,2076,37160000,9451000,5659000,294000,390000,626000,3105000
4206240,Pennsylvania,3,3,Coatesville Area SD,5358,100164000,39282000,29904000,926000,663000,2098000,4938000
4206270,Pennsylvania,3,3,Cocalico SD,2926,55967000,9210000,6688000,1016000,461000,1029000,3391000
4206360,Pennsylvania,3,3,Columbia Borough SD,1243,24572000,5861000,3941000,507000,409000,365000,1479000
4206390,Pennsylvania,3,3,Commodore Perry SD,399,9099000,1225000,917000,46000,45000,137000,504000
4206420,Pennsylvania,3,3,Conemaugh Township Area SD,882,14336000,1637000,1343000,118000,29000,146000,675000
4206430,Pennsylvania,3,3,Conemaugh Valley SD,711,15099000,3411000,2045000,73000,65000,219000,860000
4206480,Pennsylvania,3,3,Conestoga Valley SD,3970,67556000,12760000,8962000,535000,0,839000,4344000
4206550,Pennsylvania,3,3,Conewago Valley SD,3744,60907000,7467000,7467000,0,0,0,3869000
4206590,Pennsylvania,3,3,Conneaut SD,1755,33714000,4291000,3496000,464000,331000,0,1794000
4206660,Pennsylvania,3,3,Connellsville Area SD,3732,66483000,16551000,11586000,496000,584000,1743000,5438000
4206780,Pennsylvania,3,3,Conrad Weiser Area SD,2467,51031000,14503000,11728000,363000,297000,377000,5067000
4206810,Pennsylvania,3,3,Cornell SD,522,14441000,2113000,1821000,71000,0,169000,798000
4206840,Pennsylvania,3,3,Cornwall-Lebanon SD,5007,75551000,18494000,11070000,1126000,696000,1855000,4763000
4206860,Pennsylvania,3,3,Corry Area SD,1869,33763000,10306000,7505000,300000,420000,523000,1896000
4206930,Pennsylvania,3,3,Coudersport Area SD,558,12275000,2110000,1394000,62000,49000,84000,7000
4206960,Pennsylvania,3,3,Council Rock SD,10460,231169000,63171000,51524000,1437000,1160000,2621000,28181000
4207050,Pennsylvania,3,3,Cranberry Area SD,1163,19699000,5159000,3509000,253000,213000,460000,1631000
4207080,Pennsylvania,3,3,Crawford Central SD,3123,53379000,10388000,6750000,768000,257000,1635000,4165000
4207110,Pennsylvania,3,3,Cumberland Valley SD,10003,148939000,30385000,22747000,789000,1290000,1074000,10668000
4207140,Pennsylvania,3,3,Curwensville Area SD,989,17190000,3411000,2745000,171000,200000,160000,1067000
4207200,Pennsylvania,3,3,Dallas SD,2449,40129000,9523000,4919000,0,0,355000,2560000
4207230,Pennsylvania,3,3,Dallastown Area SD,6337,103034000,13419000,13025000,0,395000,0,7472000
4207290,Pennsylvania,3,3,Daniel Boone Area SD,3030,49693000,4679000,3177000,8000,4000,633000,3755000
4207320,Pennsylvania,3,3,Danville Area SD,2159,38761000,7360000,4965000,379000,148000,432000,2519000
4207530,Pennsylvania,3,3,Delaware Valley SD,4313,86886000,14584000,10977000,558000,675000,1508000,5918000
4207540,Pennsylvania,3,3,Deer Lakes SD,1742,34930000,8243000,5265000,227000,121000,681000,2634000
4207560,Pennsylvania,3,3,Derry Area SD,1777,30798000,5340000,3126000,256000,270000,445000,1450000
4207590,Pennsylvania,3,3,Derry Township SD,3151,61906000,9079000,7626000,475000,681000,297000,3682000
4207650,Pennsylvania,3,3,Donegal SD,2790,44373000,3778000,2240000,682000,109000,241000,2427000
4207680,Pennsylvania,3,3,Dover Area SD,3268,56268000,10220000,7999000,292000,132000,1589000,4051000
4207710,Pennsylvania,3,3,Downingtown Area SD,13201,228481000,36060000,27578000,3345000,30000,3116000,16819000
4207830,Pennsylvania,3,3,DuBois Area SD,3266,52318000,15116000,9500000,679000,1228000,722000,4384000
4207980,Pennsylvania,3,3,Dunmore SD,1454,22852000,4800000,3382000,209000,159000,125000,1356000
4208010,Pennsylvania,1,3,Duquesne City SD,439,12310000,3802000,1761000,614000,206000,336000,644000
4208060,Pennsylvania,3,3,East Allegheny SD,1374,29860000,10808000,3970000,1490000,569000,39000,2101000
4208280,Pennsylvania,3,3,Forest Area SD,352,11772000,1687000,1603000,72000,8000,0,603000
4208460,Pennsylvania,3,3,Eastern Lebanon County SD,2391,44996000,6085000,5066000,262000,143000,465000,3068000
4208490,Pennsylvania,3,3,East Lycoming SD,1612,24367000,3679000,2003000,166000,227000,271000,1130000
4208550,Pennsylvania,3,3,East Penn SD,7957,140065000,29377000,17910000,2025000,1693000,2245000,11655000
4208580,Pennsylvania,3,3,East Pennsboro Area SD,2470,39620000,8369000,5153000,400000,275000,370000,2122000
4208670,Pennsylvania,3,3,East Stroudsburg Area SD,6383,137373000,26400000,20766000,2434000,380000,2017000,11372000
4208790,Pennsylvania,3,3,Eastern York SD,2243,40148000,5193000,3486000,407000,182000,973000,2054000
4208820,Pennsylvania,3,3,Eastern Lancaster County SD,2785,57466000,11404000,6809000,826000,1897000,718000,2737000
4208850,Pennsylvania,3,3,Easton Area SD,7990,153562000,27141000,18483000,1163000,1152000,1560000,8028000
4209090,Pennsylvania,3,3,Elizabeth Forward SD,2326,42334000,5861000,4828000,351000,253000,428000,2647000
4209120,Pennsylvania,3,3,Elizabethtown Area SD,3637,60804000,13888000,12179000,534000,195000,405000,3353000
4209150,Pennsylvania,3,3,Elk Lake SD,1109,21096000,4500000,2853000,167000,96000,309000,1636000
4209240,Pennsylvania,3,3,Ellwood City Area SD,1531,28974000,5210000,4280000,112000,250000,568000,2171000
4209270,Pennsylvania,3,3,Ephrata Area SD,3944,69935000,12406000,8376000,2037000,166000,1636000,4702000
4209300,Pennsylvania,3,3,Erie City SD,10061,182529000,31566000,28775000,394000,0,2397000,14067000
4209360,Pennsylvania,3,3,Everett Area SD,1165,18844000,3598000,2223000,158000,55000,353000,1243000
4209480,Pennsylvania,3,3,Exeter Township SD,3906,69546000,16728000,11706000,1274000,1167000,532000,5249000
4209540,Pennsylvania,3,3,Fairfield Area SD,958,15943000,2425000,1875000,0,0,549000,895000
4209570,Pennsylvania,3,3,Fairview SD,1876,26010000,4069000,2645000,271000,255000,125000,1447000
4209600,Pennsylvania,3,3,Karns City Area SD,1258,23704000,1972000,1472000,499000,0,0,618000
4209660,Pennsylvania,3,3,Fannett-Metal SD,384,7636000,1089000,775000,74000,122000,76000,346000
4209690,Pennsylvania,3,3,Farrell Area SD,640,25619000,3483000,2229000,352000,635000,268000,1035000
4209750,Pennsylvania,3,3,Ferndale Area SD,589,12089000,2548000,1500000,102000,57000,181000,529000
4209780,Pennsylvania,3,3,Fleetwood Area SD,2242,43838000,9444000,7883000,403000,325000,791000,3162000
4209870,Pennsylvania,3,3,Forbes Road SD,354,7810000,831000,458000,95000,136000,123000,204000
4209930,Pennsylvania,3,3,Forest City Regional SD,761,16931000,3794000,2814000,159000,62000,420000,1061000
4209940,Pennsylvania,3,3,Forest Hills SD,1732,26366000,3151000,2617000,359000,0,175000,1582000
4209960,Pennsylvania,3,3,Fort Cherry SD,905,17978000,3324000,2854000,148000,77000,246000,1103000
4209990,Pennsylvania,3,3,Fort LeBoeuf SD,1986,33066000,10177000,7633000,550000,301000,284000,2719000
4210070,Pennsylvania,3,3,Fox Chapel Area SD,4149,96810000,23795000,18000000,1103000,491000,1583000,6433000
4210110,Pennsylvania,3,3,North Schuylkill SD,2097,30438000,4774000,4485000,0,0,0,2397000
4210115,Pennsylvania,3,3,North Star SD,987,16856000,3198000,1820000,130000,292000,199000,751000
4210200,Pennsylvania,3,3,Franklin Area SD,1784,32181000,6307000,5792000,0,0,515000,2283000
4210230,Pennsylvania,3,3,Franklin Regional SD,3360,57689000,9345000,6683000,657000,310000,691000,3515000
4210350,Pennsylvania,3,3,Frazier SD,996,17293000,2254000,1999000,49000,0,160000,948000
4210380,Pennsylvania,3,3,Freedom Area SD,1210,22331000,6585000,3962000,470000,134000,505000,1350000
4210440,Pennsylvania,3,3,Freeport Area SD,1779,30536000,4538000,3464000,403000,88000,584000,1758000
4210530,Pennsylvania,3,3,Galeton Area SD,325,7475000,2379000,1815000,61000,26000,80000,510000
4210590,Pennsylvania,3,3,Garnet Valley SD,4508,102634000,21530000,20236000,1037000,11000,0,10303000
4210620,Pennsylvania,3,3,Gateway SD,3360,71222000,36551000,20436000,610000,227000,713000,7088000
4210650,Pennsylvania,3,3,General McLane SD,2106,33733000,5762000,4160000,685000,236000,380000,1921000
4210710,Pennsylvania,3,3,Gettysburg Area SD,2778,56088000,5634000,4186000,0,417000,1025000,1780000
4210740,Pennsylvania,3,3,Girard SD,1545,26843000,9430000,6959000,666000,117000,120000,2213000
4210830,Pennsylvania,3,3,Glendale SD,660,13832000,3307000,2075000,77000,65000,260000,874000
4210860,Pennsylvania,3,3,Governor Mifflin SD,4118,63599000,23207000,18296000,583000,831000,1244000,4709000
4210870,Pennsylvania,3,3,Great Valley SD,4699,95877000,20645000,19476000,0,0,1168000,5792000
4210920,Pennsylvania,3,3,Greensburg Salem SD,2544,41969000,8204000,5352000,242000,420000,474000,2497000
4210950,Pennsylvania,3,3,Greater Johnstown SD,2941,50324000,10728000,7149000,407000,291000,886000,3361000
4210980,Pennsylvania,3,3,Greater Latrobe SD,3430,54217000,7872000,5837000,334000,301000,1363000,3157000
4211010,Pennsylvania,3,3,Greencastle-Antrim SD,2990,41003000,5850000,4805000,137000,555000,321000,2730000
4211160,Pennsylvania,3,3,Greenville Area SD,1278,21359000,5298000,3264000,287000,263000,420000,1847000
4211190,Pennsylvania,3,3,Greenwood SD,752,13491000,2713000,2111000,122000,143000,318000,962000
4211220,Pennsylvania,3,3,Grove City Area SD,1899,38324000,14222000,10231000,699000,365000,645000,3496000
4211310,Pennsylvania,3,3,Halifax Area SD,875,18221000,4001000,2492000,155000,144000,229000,1099000
4211340,Pennsylvania,3,3,Hamburg Area SD,2094,38981000,8407000,6153000,1337000,9000,890000,2865000
4211400,Pennsylvania,3,3,Hampton Township SD,2637,51949000,5927000,3809000,221000,147000,120000,2783000
4211420,Pennsylvania,3,3,Hanover Area SD,2076,30611000,7599000,4990000,307000,153000,511000,3032000
4211450,Pennsylvania,3,3,Hanover Public SD,1935,29317000,3778000,2753000,415000,250000,360000,1588000
4211490,Pennsylvania,3,3,Harbor Creek SD,2074,31730000,8866000,6322000,467000,442000,371000,1998000
4211520,Pennsylvania,3,3,Harmony Area SD,250,5678000,1070000,582000,47000,21000,59000,286000
4211580,Pennsylvania,3,3,Harrisburg City SD,6267,120573000,26589000,16850000,1926000,762000,776000,6768000
4211610,Pennsylvania,3,3,Hatboro-Horsham SD,4234,101335000,30824000,19583000,1573000,1258000,1192000,7304000
4211670,Pennsylvania,3,3,Haverford Township SD,6622,121382000,30267000,23026000,1245000,672000,1184000,11031000
4211700,Pennsylvania,3,3,Hazleton Area SD,12187,165101000,34468000,31040000,632000,502000,1751000,13687000
4211730,Pennsylvania,3,3,Saucon Valley SD,1953,41085000,12645000,9229000,252000,579000,432000,2524000
4211760,Pennsylvania,3,3,Hempfield Area SD,5182,88790000,13160000,10224000,363000,344000,451000,4939000
4211790,Pennsylvania,3,3,Hempfield SD,7032,116660000,32555000,18762000,2598000,577000,2348000,9545000
4211820,Pennsylvania,3,3,Hermitage SD,2026,31278000,6389000,4213000,386000,409000,383000,2069000
4211880,Pennsylvania,3,3,Highlands SD,2185,38655000,8863000,6576000,1289000,61000,936000,2922000
4211940,Pennsylvania,3,3,Hollidaysburg Area SD,3117,47222000,8593000,6178000,253000,338000,346000,3351000
4212030,Pennsylvania,3,3,Hopewell Area SD,2038,39160000,9951000,7403000,413000,158000,374000,3119000
4212090,Pennsylvania,3,3,Huntingdon Area SD,1673,29575000,10090000,4910000,874000,1610000,695000,2451000
4212150,Pennsylvania,3,3,Indiana Area SD,2816,51832000,9608000,6354000,680000,425000,317000,3218000
4212170,Pennsylvania,3,3,Interboro SD,3297,65799000,7466000,6858000,333000,15000,0,5486000
4212210,Pennsylvania,3,3,Iroquois SD,1077,21305000,5920000,2529000,115000,138000,144000,1346000
4212300,Pennsylvania,3,3,Jamestown Area SD,380,8844000,1340000,1091000,77000,70000,0,689000
4212330,Pennsylvania,3,3,Jeannette City SD,897,16600000,3493000,2513000,273000,249000,316000,989000
4212390,Pennsylvania,3,3,Jefferson-Morgan SD,782,14265000,6947000,2005000,330000,200000,949000,948000
4212420,Pennsylvania,3,3,Jenkintown SD,708,15240000,4343000,2872000,583000,49000,86000,1013000
4212480,Pennsylvania,3,3,Jersey Shore Area SD,2147,37902000,9962000,7668000,776000,235000,304000,2224000
4212540,Pennsylvania,3,3,Jim Thorpe Area SD,1760,32661000,6305000,5272000,310000,341000,369000,1859000
4212570,Pennsylvania,3,3,Johnsonburg Area SD,542,10434000,2881000,2115000,77000,30000,102000,649000
4212600,Pennsylvania,3,3,Juniata County SD,2323,37526000,7680000,6408000,150000,7000,900000,3134000
4212630,Pennsylvania,3,3,Juniata Valley SD,708,12319000,3043000,1973000,130000,176000,198000,887000
4212660,Pennsylvania,3,3,Kane Area SD,984,16835000,2305000,1569000,278000,184000,152000,870000
4212690,Pennsylvania,3,3,Kennett Consolidated SD,3890,72141000,14039000,8492000,1157000,450000,1290000,2564000
4212720,Pennsylvania,3,3,Keystone SD,832,15530000,2412000,1454000,160000,0,325000,796000
4212725,Pennsylvania,3,3,Keystone Central SD,3497,71315000,13319000,8590000,604000,512000,872000,5518000
4212750,Pennsylvania,3,3,Keystone Oaks SD,1855,36593000,7360000,5310000,495000,0,900000,2161000
4212840,Pennsylvania,3,3,Kiski Area SD,3367,55981000,6094000,5054000,525000,51000,367000,1982000
4212930,Pennsylvania,3,3,Kutztown Area SD,1350,31379000,4176000,3684000,0,282000,211000,2108000
4212990,Pennsylvania,3,3,Lackawanna Trail SD,956,20048000,6220000,4786000,153000,45000,365000,1651000
4213020,Pennsylvania,3,3,Lake-Lehman SD,1573,29748000,13737000,3867000,1091000,211000,2000000,1941000
4213050,Pennsylvania,3,3,Lakeland SD,1377,23605000,5624000,3598000,196000,165000,377000,1632000
4213080,Pennsylvania,3,3,Lakeview SD,843,18326000,3204000,2136000,178000,53000,589000,1133000
4213110,Pennsylvania,3,3,Lampeter-Strasburg SD,2819,48181000,11789000,9817000,842000,197000,453000,3510000
4213140,Pennsylvania,3,3,Lancaster SD,10032,226761000,34706000,31512000,3066000,5000,0,18415000
4213290,Pennsylvania,3,3,Homer-Center SD,764,15366000,5008000,3607000,128000,147000,149000,806000
4213320,Pennsylvania,3,3,Laurel Highlands SD,2696,51178000,13176000,7443000,596000,280000,859000,3305000
4213380,Pennsylvania,3,3,Laurel SD,985,17714000,3934000,2696000,247000,196000,147000,813000
4213440,Pennsylvania,3,3,Lebanon SD,4947,70690000,20873000,14869000,735000,892000,1449000,4334000
4213470,Pennsylvania,3,3,Leechburg Area SD,638,13489000,2497000,1635000,221000,175000,57000,770000
4213500,Pennsylvania,3,3,Lehighton Area SD,2171,34902000,10561000,6329000,197000,171000,211000,2159000
4213590,Pennsylvania,3,3,Lewisburg Area SD,1860,32443000,5105000,4473000,632000,0,0,1959000
4213710,Pennsylvania,3,3,Ligonier Valley SD,1372,27743000,5749000,3969000,215000,120000,1320000,1477000
4213770,Pennsylvania,3,3,Penn Cambria SD,1522,22799000,4256000,3617000,132000,224000,280000,1888000
4213980,Pennsylvania,3,3,Littlestown Area SD,1756,29881000,6736000,5097000,248000,267000,343000,1603000
4214100,Pennsylvania,3,3,Lower Dauphin SD,3463,62044000,14281000,9339000,1193000,538000,742000,4948000
4214160,Pennsylvania,3,3,Lower Merion SD,8518,267702000,71160000,48534000,3315000,2192000,5445000,26959000
4214190,Pennsylvania,3,3,Lower Moreland Township SD,2613,51047000,11146000,8714000,549000,231000,275000,2981000
4214250,Pennsylvania,3,3,Methacton SD,4575,104069000,24191000,17404000,1045000,594000,1054000,6833000
4214310,Pennsylvania,3,3,Loyalsock Township SD,1549,22216000,3253000,2630000,419000,69000,91000,1491000
4214430,Pennsylvania,3,3,Mahanoy Area SD,1055,18998000,6623000,3637000,713000,363000,525000,1153000
4214460,Pennsylvania,3,3,Line Mountain SD,1006,19657000,222000,204000,6000,10000,0,1164000
4214550,Pennsylvania,3,3,Manheim Central SD,2768,51811000,10231000,6503000,310000,428000,1193000,3230000
4214580,Pennsylvania,3,3,Manheim Township SD,5926,92723000,12882000,9208000,1309000,659000,1066000,5149000
4214730,Pennsylvania,3,3,Marion Center Area SD,1186,24875000,3928000,3095000,429000,2000,402000,1509000
4214760,Pennsylvania,3,3,Marple Newtown SD,3791,77934000,30857000,17658000,2075000,1033000,2069000,6577000
4214790,Pennsylvania,3,3,Mars Area SD,3517,44960000,8426000,6707000,252000,516000,347000,3265000
4214850,Pennsylvania,3,3,Central Fulton SD,931,15566000,3545000,1798000,144000,113000,318000,974000
4214880,Pennsylvania,3,3,McGuffey SD,1534,29463000,6780000,5736000,389000,154000,501000,2467000
4214940,Pennsylvania,3,3,McKeesport Area SD,3069,54821000,9279000,7528000,556000,0,1196000,3715000
4215030,Pennsylvania,3,3,Mechanicsburg Area SD,4476,73025000,12099000,10186000,1099000,150000,665000,4330000
4215120,Pennsylvania,3,3,Mercer Area SD,1056,16771000,4729000,2532000,221000,0,293000,843000
4215150,Pennsylvania,3,3,Meyersdale Area SD,777,14846000,1513000,1280000,130000,0,103000,700000
4215170,Pennsylvania,3,3,Mid Valley SD,1857,27967000,9207000,6994000,286000,175000,423000,2047000
4215240,Pennsylvania,3,3,Middletown Area SD,2361,44435000,14276000,9715000,1065000,659000,575000,2917000
4215270,Pennsylvania,1,3,Midland Borough SD,211,5251000,1534000,1152000,41000,5000,130000,322000
4215290,Pennsylvania,3,3,Mifflin County SD,4631,74072000,23591000,17267000,1250000,704000,757000,6116000
4215330,Pennsylvania,3,3,Millcreek Township SD,6356,98657000,21013000,13218000,1553000,735000,967000,6776000
4215360,Pennsylvania,3,3,Millersburg Area SD,699,13007000,2441000,1817000,141000,221000,87000,835000
4215450,Pennsylvania,3,3,Millville Area SD,542,12406000,2533000,1540000,140000,104000,169000,999000
4215480,Pennsylvania,3,3,Milton Area SD,1915,35717000,7166000,4812000,421000,187000,290000,2412000
4215510,Pennsylvania,3,3,Minersville Area SD,1084,17781000,4336000,3253000,501000,244000,243000,1609000
4215540,Pennsylvania,3,3,Mohawk Area SD,1457,23205000,4477000,2795000,106000,53000,271000,1447000
4215600,Pennsylvania,3,3,Monessen City SD,655,14084000,1701000,1488000,0,0,0,709000
4215660,Pennsylvania,3,3,Montgomery Area SD,940,16713000,2798000,1872000,165000,91000,78000,1072000
4215720,Pennsylvania,3,3,Montour SD,3058,61256000,12247000,8174000,1030000,200000,619000,3944000
4215750,Pennsylvania,3,3,Montoursville Area SD,1709,28199000,5308000,3040000,277000,442000,586000,1724000
4215810,Pennsylvania,3,3,Montrose Area SD,1206,25912000,3292000,3202000,0,90000,0,1926000
4215830,Pennsylvania,3,3,Moon Area SD,4006,71666000,12750000,10921000,1101000,67000,661000,5332000
4215900,Pennsylvania,3,3,Morrisville Borough SD,827,17568000,3711000,3393000,152000,13000,54000,1707000
4215960,Pennsylvania,3,3,Moshannon Valley SD,788,14051000,3648000,2887000,229000,191000,341000,687000
4215990,Pennsylvania,3,3,Mount Carmel Area SD,1546,20511000,2731000,2495000,236000,0,0,1456000
4216020,Pennsylvania,3,3,Mount Union Area SD,1175,19244000,10238000,4159000,492000,454000,1000000,1722000
4216050,Pennsylvania,3,3,Mountain View SD,942,20034000,10041000,2780000,195000,480000,1408000,1988000
4216110,Pennsylvania,3,3,Mt Lebanon SD,5478,99013000,14610000,11946000,870000,108000,1687000,5456000
4216170,Pennsylvania,3,3,Mount Pleasant Area SD,1864,28944000,5678000,4496000,386000,13000,709000,1397000
4216200,Pennsylvania,3,3,Muhlenberg SD,4245,58962000,9734000,8699000,19000,685000,0,4475000
4216230,Pennsylvania,3,3,Muncy SD,941,16895000,1724000,530000,145000,135000,93000,878000
4216290,Pennsylvania,3,3,Greater Nanticoke Area SD,2271,29693000,4074000,4011000,63000,0,0,2030000
4216380,Pennsylvania,3,3,Nazareth Area SD,4852,85621000,8285000,5426000,357000,218000,465000,5472000
4216410,Pennsylvania,3,3,Neshaminy SD,9426,162513000,39857000,27122000,6938000,1814000,1907000,13135000
4216440,Pennsylvania,3,3,Neshannock Township SD,1200,19079000,2392000,2023000,109000,15000,246000,1097000
4216500,Pennsylvania,3,3,Woodland Hills SD,3099,73832000,23470000,10760000,4480000,280000,2099000,5785000
4216530,Pennsylvania,3,3,New Brighton Area SD,1290,27706000,4714000,3833000,170000,103000,415000,1469000
4216620,Pennsylvania,3,3,New Castle Area SD,2966,56313000,11089000,10692000,0,246000,151000,5502000
4216740,Pennsylvania,3,3,New Kensington-Arnold SD,1923,33262000,6377000,5349000,378000,0,650000,2276000
4216860,Pennsylvania,3,3,New Hope-Solebury SD,1277,38603000,24172000,8764000,2504000,2700000,40000,3849000
4216890,Pennsylvania,3,3,Newport SD,977,18662000,4769000,3411000,99000,211000,184000,1519000
4216980,Pennsylvania,3,3,Norristown Area SD,7785,146616000,22778000,19753000,950000,29000,2042000,9172000
4217010,Pennsylvania,3,3,North Allegheny SD,8419,163823000,20707000,19761000,99000,540000,196000,11781000
4217100,Pennsylvania,3,3,Moniteau SD,1138,21096000,2840000,2168000,151000,236000,0,1012000
4217130,Pennsylvania,3,3,North Clarion County SD,608,10210000,925000,755000,48000,4000,117000,507000
4217160,Pennsylvania,3,3,North East SD,1513,23049000,3387000,2487000,528000,213000,159000,1464000
4217220,Pennsylvania,3,3,North Hills SD,4569,79712000,4255000,2852000,126000,0,964000,5005000
4217280,Pennsylvania,3,3,North Penn SD,12859,255736000,74444000,58491000,4124000,1158000,4280000,23605000
4217310,Pennsylvania,3,3,North Pocono SD,2865,55632000,8844000,7346000,0,332000,1166000,3468000
4217370,Pennsylvania,3,3,Northampton Area SD,5219,95942000,15671000,12900000,838000,829000,1039000,7344000
4217430,Pennsylvania,3,3,Riverside Beaver County SD,1405,23571000,4863000,2989000,234000,187000,529000,1338000
4217460,Pennsylvania,3,3,Northeast Bradford SD,671,13824000,2067000,1683000,185000,86000,113000,896000
4217520,Pennsylvania,3,3,Northeastern York SD,3874,63410000,12482000,8399000,1120000,463000,736000,3916000
4217580,Pennsylvania,3,3,Northern Bedford County SD,876,14445000,3372000,1908000,527000,115000,821000,910000
4217610,Pennsylvania,3,3,Northern Cambria SD,796,17281000,2503000,2254000,248000,0,0,965000
4217640,Pennsylvania,3,3,Northern Lebanon SD,2124,37224000,8466000,5136000,380000,124000,656000,2033000
4217670,Pennsylvania,3,3,Northern Lehigh SD,1564,29650000,9482000,6466000,169000,211000,438000,1877000
4217700,Pennsylvania,3,3,Northern Potter SD,508,10613000,3251000,2503000,59000,59000,118000,610000
4217730,Pennsylvania,3,3,Northern Tioga SD,1995,36032000,6278000,4964000,662000,254000,398000,2671000
4217760,Pennsylvania,3,3,Northern York County SD,3327,49225000,9050000,6172000,414000,235000,527000,2589000
4217770,Pennsylvania,3,3,Northgate SD,1035,24661000,4634000,3145000,683000,198000,549000,1487000
4217790,Pennsylvania,3,3,Northwest Area SD,887,18187000,1352000,613000,148000,0,571000,1498000
4217850,Pennsylvania,3,3,Northwestern Lehigh SD,1971,39322000,7987000,4794000,360000,229000,531000,2791000
4217880,Pennsylvania,3,3,Northwestern SD,1212,21701000,9118000,6469000,246000,520000,449000,1222000
4217940,Pennsylvania,3,3,Norwin SD,5028,74133000,12802000,8924000,500000,290000,1097000,5249000
4218030,Pennsylvania,3,3,Octorara Area SD,2074,43024000,4227000,4227000,0,0,0,1950000
4218090,Pennsylvania,3,3,Oil City Area SD,1828,30360000,5458000,3550000,337000,609000,726000,1760000
4218120,Pennsylvania,3,3,Old Forge SD,946,15206000,3482000,2376000,132000,73000,117000,981000
4218150,Pennsylvania,3,3,Oley Valley SD,1473,31717000,5323000,4295000,106000,248000,537000,1698000
4218210,Pennsylvania,3,3,Oswayo Valley SD,341,7320000,1906000,1063000,53000,63000,155000,0
4218240,Pennsylvania,3,3,Otto-Eldred SD,539,11004000,3692000,2816000,89000,49000,137000,866000
4218270,Pennsylvania,3,3,Owen J Roberts SD,5424,100724000,22665000,14806000,1687000,683000,908000,7807000
4218300,Pennsylvania,3,3,Oxford Area SD,3250,56930000,12382000,9150000,354000,236000,764000,3446000
4218330,Pennsylvania,3,3,Palisades SD,1349,37599000,7726000,4423000,407000,191000,445000,2589000
4218360,Pennsylvania,3,3,Palmerton Area SD,1631,28371000,4872000,3825000,509000,209000,296000,1730000
4218390,Pennsylvania,3,3,Palmyra Area SD,3531,48245000,8188000,6313000,826000,557000,354000,3842000
4218450,Pennsylvania,3,3,Panther Valley SD,1810,23632000,10757000,8757000,962000,27000,1011000,1553000
4218510,Pennsylvania,3,3,Parkland SD,9821,185717000,29606000,24476000,3082000,2048000,0,13979000
4218570,Pennsylvania,3,3,Pen Argyl Area SD,1440,26925000,8450000,5671000,294000,544000,289000,1447000
4218580,Pennsylvania,3,3,Penn-Delco SD,3249,56746000,13327000,10022000,317000,617000,367000,3302000
4218590,Pennsylvania,3,3,Penn Hills SD,3026,61406000,20034000,17471000,219000,482000,1851000,3874000
4218630,Pennsylvania,3,3,Penn Manor SD,5532,79747000,11238000,8462000,1436000,0,446000,4178000
4218660,Pennsylvania,3,3,Penn-Trafford SD,3868,58112000,5716000,5587000,0,0,126000,2625000
4218740,Pennsylvania,3,3,Penncrest SD,2545,49974000,8383000,5534000,500000,349000,1311000,2632000
4218750,Pennsylvania,3,3,Pennridge SD,6496,128126000,12372000,4206000,1213000,839000,1125000,10875000
4218780,Pennsylvania,3,3,Penns Manor Area SD,723,16581000,3618000,2328000,120000,55000,272000,873000
4218810,Pennsylvania,3,3,Penns Valley Area SD,1352,24463000,2896000,2502000,37000,203000,155000,1465000
4218840,Pennsylvania,3,3,Pennsbury SD,9591,193844000,55468000,37914000,4527000,886000,1849000,21005000
4218900,Pennsylvania,3,3,Pequea Valley SD,1348,32918000,4879000,3105000,790000,180000,802000,1291000
4218930,Pennsylvania,3,3,Perkiomen Valley SD,5011,102137000,17113000,14062000,1883000,1168000,0,7750000
4218960,Pennsylvania,3,3,Peters Township SD,3930,65582000,7149000,4774000,285000,240000,358000,3612000
4218990,Pennsylvania,3,3,Philadelphia City SD,114779,2168938000,42966000,32220000,10744000,1000,0,7870000
4219020,Pennsylvania,3,3,Philipsburg-Osceola Area SD,1600,32207000,5143000,4530000,200000,29000,374000,2077000
4219050,Pennsylvania,3,3,Phoenixville Area SD,4036,81186000,15317000,14178000,725000,4000,27000,5228000
4219140,Pennsylvania,3,3,Pine Grove Area SD,1535,23240000,3085000,2485000,370000,218000,11000,1308000
4219170,Pennsylvania,3,3,Pittsburgh SD,19719,480968000,102892000,89727000,3501000,0,0,26938000
4219200,Pennsylvania,3,3,Pittston Area SD,3099,48413000,10454000,6045000,301000,382000,730000,2596000
4219290,Pennsylvania,3,3,Pleasant Valley SD,4117,82470000,4567000,2615000,270000,0,0,4589000
4219350,Pennsylvania,3,3,Plum Borough SD,3577,55240000,12244000,8928000,414000,194000,1329000,3073000
4219470,Pennsylvania,3,3,Colonial SD,5387,122786000,28331000,21883000,893000,1261000,745000,9130000
4219500,Pennsylvania,3,3,Pocono Mountain SD,8012,189580000,41211000,28328000,7831000,581000,4470000,14528000
4219530,Pennsylvania,3,3,Port Allegany SD,886,14982000,5019000,3599000,122000,62000,165000,839000
4219560,Pennsylvania,3,3,Portage Area SD,807,13139000,2690000,1495000,54000,252000,124000,646000
4219650,Pennsylvania,3,3,Pottsgrove SD,3000,59808000,12133000,9951000,737000,123000,456000,4943000
4219680,Pennsylvania,3,3,Pottstown SD,3146,64410000,16375000,16216000,0,0,159000,4978000
4219710,Pennsylvania,3,3,Pottsville Area SD,2402,35673000,7975000,5810000,1394000,636000,135000,2860000
4219800,Pennsylvania,3,3,Punxsutawney Area SD,1905,33633000,7726000,4656000,279000,502000,746000,2496000
4219830,Pennsylvania,3,3,Purchase Line SD,781,17762000,3403000,2660000,101000,272000,237000,1222000
4219860,Pennsylvania,3,3,Quaker Valley SD,1805,44638000,9415000,5571000,356000,290000,422000,3072000
4219890,Pennsylvania,3,3,Quakertown Community SD,4675,92274000,18007000,11409000,1219000,761000,660000,5201000
4219920,Pennsylvania,3,3,Radnor Township SD,3548,93077000,20998000,13248000,3013000,667000,678000,5387000
4220040,Pennsylvania,3,3,Reading SD,17185,251922000,56731000,56044000,686000,0,0,15703000
4220100,Pennsylvania,3,3,Red Lion Area SD,4832,83951000,16225000,10850000,807000,456000,964000,5765000
4220130,Pennsylvania,3,3,Redbank Valley SD,971,18107000,4068000,2222000,107000,274000,629000,1075000
4220220,Pennsylvania,3,3,Reynolds SD,949,19244000,3621000,2097000,121000,90000,227000,1087000
4220250,Pennsylvania,3,3,Richland SD,1526,23197000,2751000,2046000,232000,210000,262000,953000
4220310,Pennsylvania,3,3,Ridgway Area SD,776,14572000,3545000,2210000,161000,86000,152000,1121000
4220370,Pennsylvania,3,3,Ridley SD,5506,113284000,37291000,23625000,1375000,441000,983000,8909000
4220400,Pennsylvania,3,3,Ringgold SD,2579,41526000,7483000,5200000,973000,83000,1105000,2312000
4220430,Pennsylvania,3,3,Riverview SD,947,20599000,3440000,2662000,57000,206000,150000,986000
4220460,Pennsylvania,3,3,Rochester Area SD,719,17039000,3493000,2777000,81000,271000,364000,1282000
4220520,Pennsylvania,3,3,Rockwood Area SD,634,10789000,1507000,864000,492000,20000,107000,485000
4220550,Pennsylvania,3,3,Rose Tree Media SD,4140,92505000,13655000,13525000,0,129000,0,6610000
4220580,Pennsylvania,3,3,South Fayette Township SD,3449,57132000,12988000,9696000,1044000,205000,515000,3389000
4220640,Pennsylvania,3,3,Saint Marys Area SD,1863,31242000,5956000,4633000,434000,145000,432000,2180000
4220730,Pennsylvania,3,3,Salisbury Township SD,1487,31370000,8664000,5392000,516000,423000,429000,3024000
4220760,Pennsylvania,3,3,Salisbury-Elk Lick SD,244,5599000,493000,384000,0,99000,9000,138000
4220850,Pennsylvania,3,3,Sayre Area SD,903,18686000,3508000,3077000,349000,0,81000,1275000
4220910,Pennsylvania,3,3,Schuylkill Haven Area SD,1139,19431000,5890000,3034000,862000,305000,380000,1692000
4220970,Pennsylvania,3,3,Schuylkill Valley SD,2085,37168000,5529000,5124000,382000,0,0,2262000
4221090,Pennsylvania,3,3,Scranton SD,9215,160298000,37855000,26029000,1024000,603000,2593000,11607000
4221120,Pennsylvania,3,3,Selinsgrove Area SD,2382,40471000,6631000,4216000,821000,231000,430000,2489000
4221150,Pennsylvania,3,3,Yough SD,1786,30813000,4538000,3196000,317000,276000,673000,1361000
4221180,Pennsylvania,3,3,Shade-Central City SD,330,8118000,1841000,1119000,20000,84000,51000,377000
4221200,Pennsylvania,3,3,Shaler Area SD,3823,80348000,19300000,13624000,4181000,563000,931000,6373000
4221240,Pennsylvania,3,3,Shamokin Area SD,2213,35381000,5268000,4922000,261000,26000,48000,2267000
4221270,Pennsylvania,3,3,Shanksville-Stonycreek SD,280,6626000,397000,378000,19000,0,0,205000
4221330,Pennsylvania,3,3,Sharon City SD,1877,34639000,7799000,6026000,548000,255000,900000,2924000
4221420,Pennsylvania,3,3,Sharpsville Area SD,1017,16853000,4987000,3785000,188000,91000,211000,1095000
4221490,Pennsylvania,3,3,Shenandoah Valley SD,1206,17815000,3540000,3050000,164000,211000,115000,1711000
4221510,Pennsylvania,3,3,Shenango Area SD,996,19523000,2199000,1899000,102000,198000,0,1154000
4221540,Pennsylvania,3,3,Shikellamy SD,2803,38376000,6963000,5638000,372000,212000,388000,2342000
4221570,Pennsylvania,3,3,Shippensburg Area SD,3529,52670000,18818000,13376000,1269000,452000,1676000,3785000
4221660,Pennsylvania,3,3,Slippery Rock Area SD,1885,31449000,7411000,7389000,0,0,0,2501000
4221690,Pennsylvania,3,3,Smethport Area SD,758,14845000,3901000,2598000,185000,341000,157000,736000
4221810,Pennsylvania,3,3,Solanco SD,3106,54765000,16324000,11617000,746000,297000,899000,3376000
4221840,Pennsylvania,3,3,Somerset Area SD,2038,36463000,7837000,5505000,184000,567000,176000,2576000
4221870,Pennsylvania,3,3,Souderton Area SD,6075,120787000,24696000,24426000,0,0,0,10070000
4221910,Pennsylvania,3,3,South Allegheny SD,1375,24439000,6263000,6263000,0,0,0,1772000
4221930,Pennsylvania,3,3,Knoch SD,2019,33321000,6129000,3746000,143000,326000,426000,1735000
4222050,Pennsylvania,3,3,South Middleton SD,2167,36526000,7554000,5363000,266000,296000,305000,1948000
4222060,Pennsylvania,3,3,South Park SD,1780,30793000,7643000,4599000,1585000,266000,0,1747000
4222140,Pennsylvania,3,3,South Williamsport Area SD,1120,18038000,2419000,2162000,137000,0,103000,1229000
4222170,Pennsylvania,3,3,South Eastern SD,2449,48446000,4216000,3937000,0,153000,10000,2183000
4222200,Pennsylvania,3,3,Southeastern Greene SD,573,11384000,2187000,1607000,34000,0,511000,498000
4222230,Pennsylvania,3,3,South Side Area SD,932,22887000,5000000,4000000,183000,203000,341000,1356000
4222260,Pennsylvania,3,3,Southern Columbia Area SD,1235,20745000,4149000,2584000,130000,76000,361000,1733000
4222290,Pennsylvania,3,3,Southern Fulton SD,697,16277000,2372000,1856000,0,233000,283000,703000
4222320,Pennsylvania,3,3,Southern Huntingdon County SD,1060,16316000,4393000,2596000,219000,195000,988000,953000
4222350,Pennsylvania,3,3,Southern Lehigh SD,3077,56002000,477000,423000,0,3000,0,3160000
4222370,Pennsylvania,3,3,Southern Tioga SD,1702,31582000,10074000,5384000,1077000,1600000,1840000,2210000
4222380,Pennsylvania,3,3,Southern York County SD,2845,50241000,6554000,5692000,468000,238000,21000,3387000
4222400,Pennsylvania,3,3,Southeast Delco SD,4125,71828000,20787000,18782000,385000,143000,1239000,5490000
4222410,Pennsylvania,3,3,Southmoreland SD,1823,28635000,3769000,3689000,62000,0,18000,1536000
4222440,Pennsylvania,3,3,Seneca Valley SD,7381,134453000,28383000,21820000,796000,439000,977000,11960000
4222470,Pennsylvania,3,3,South Western SD,4298,69941000,7752000,7752000,0,0,0,4242000
4222530,Pennsylvania,3,3,Spring Cove SD,1646,25380000,4050000,2950000,234000,271000,508000,1473000
4222560,Pennsylvania,3,3,Spring-Ford Area SD,7920,161221000,44395000,33829000,3393000,1855000,3337000,15714000
4222590,Pennsylvania,3,3,Spring Grove Area SD,3931,68414000,11178000,6871000,503000,782000,823000,4600000
4222600,Pennsylvania,3,3,Springfield SD,4382,66784000,15347000,11515000,771000,240000,1460000,4366000
4222620,Pennsylvania,3,3,Springfield Township SD,2546,56306000,12418000,8499000,1632000,655000,564000,4961000
4222710,Pennsylvania,1,3,Saint Clair Area SD,532,8991000,2153000,1399000,143000,17000,310000,751000
4222740,Pennsylvania,3,3,Tuscarora SD,2263,37022000,1367000,551000,221000,229000,367000,1309000
4222770,Pennsylvania,3,3,State College Area SD,6781,148699000,21011000,19119000,804000,348000,3000,11281000
4222790,Pennsylvania,3,3,Steel Valley SD,1372,33803000,2420000,404000,316000,284000,1143000,2343000
4222800,Pennsylvania,3,3,Steelton-Highspire SD,1337,23698000,6522000,6094000,33000,0,0,1470000
4222830,Pennsylvania,3,3,Sto-Rox SD,1063,20198000,4797000,3731000,0,361000,705000,1151000
4222860,Pennsylvania,3,3,Stroudsburg Area SD,4529,98496000,13504000,12131000,913000,460000,0,6726000
4222920,Pennsylvania,3,3,Sullivan County SD,616,15297000,2334000,1892000,12000,243000,187000,955000
4222980,Pennsylvania,3,3,Susquehanna Community SD,763,16274000,2498000,2480000,0,0,0,924000
4223010,Pennsylvania,3,3,Susquehanna Township SD,3041,45490000,7762000,4908000,336000,107000,450000,2984000
4223040,Pennsylvania,3,3,Susquenita SD,1766,29170000,5888000,3466000,247000,334000,507000,1777000
4223220,Pennsylvania,3,3,Tamaqua Area SD,2099,31145000,6580000,5545000,456000,0,501000,2489000
4223250,Pennsylvania,3,3,Riverside SD,1536,26368000,5822000,4164000,191000,58000,297000,1725000
4223490,Pennsylvania,3,3,Titusville Area SD,1893,33606000,6917000,3361000,571000,328000,689000,1775000
4223550,Pennsylvania,3,3,Towanda Area SD,1513,26724000,5457000,3826000,131000,175000,665000,1947000
4223640,Pennsylvania,3,3,Tredyffrin-Easttown SD,6876,141092000,22889000,21425000,0,0,1465000,6838000
4223700,Pennsylvania,3,3,Tri-Valley SD,880,13603000,2944000,1770000,202000,279000,208000,1047000
4223760,Pennsylvania,3,3,Trinity Area SD,3272,60497000,12124000,8890000,168000,559000,2486000,4410000
4223790,Pennsylvania,3,3,Troy Area SD,1403,23148000,5422000,3393000,311000,328000,320000,1581000
4223820,Pennsylvania,3,3,Tulpehocken Area SD,1296,29476000,4958000,3984000,132000,417000,425000,2317000
4223850,Pennsylvania,3,3,Tunkhannock Area SD,2112,44810000,16620000,11769000,734000,890000,705000,3264000
4223880,Pennsylvania,3,3,Turkeyfoot Valley Area SD,276,5904000,647000,430000,66000,0,151000,243000
4223970,Pennsylvania,3,3,Tussey Mountain SD,935,16961000,3258000,2122000,122000,19000,251000,808000
4224000,Pennsylvania,3,3,Twin Valley SD,3008,56020000,11441000,7732000,569000,522000,819000,3661000
4224030,Pennsylvania,3,3,Tyrone Area SD,1759,26342000,3396000,2963000,213000,142000,78000,1586000
4224060,Pennsylvania,3,3,Union Area SD,707,12458000,2210000,1887000,89000,28000,206000,605000
4224090,Pennsylvania,3,3,Union City Area SD,970,18112000,4497000,2526000,178000,111000,560000,1207000
4224120,Pennsylvania,3,3,Union SD,561,11023000,2906000,1325000,389000,147000,273000,657000
4224150,Pennsylvania,3,3,Uniontown Area SD,2473,47768000,11045000,6441000,355000,177000,946000,3051000
4224210,Pennsylvania,3,3,Unionville-Chadds Ford SD,3815,83257000,19124000,13159000,1984000,919000,560000,6836000
4224240,Pennsylvania,3,3,United SD,881,19394000,4101000,2679000,125000,92000,315000,1047000
4224300,Pennsylvania,3,3,Upper Adams SD,1589,26899000,7102000,5425000,146000,318000,243000,1763000
4224320,Pennsylvania,3,3,Upper Darby SD,12427,192326000,69115000,52944000,3678000,2040000,3240000,11285000
4224360,Pennsylvania,3,3,Upper Dauphin Area SD,1054,19893000,3099000,2890000,0,209000,0,1340000
4224390,Pennsylvania,3,3,Upper Dublin SD,4108,91431000,16579000,11021000,721000,695000,595000,7987000
4224480,Pennsylvania,3,3,Upper Merion Area SD,4369,103123000,23093000,17456000,1300000,639000,805000,8823000
4224510,Pennsylvania,3,3,Upper Moreland Township SD,3364,58872000,2159000,1815000,0,344000,0,4725000
4224540,Pennsylvania,3,3,Upper Perkiomen SD,3186,57505000,11211000,7756000,427000,346000,532000,4143000
4224570,Pennsylvania,3,3,Upper St. Clair SD,3918,83889000,11512000,9411000,593000,156000,759000,4710000
4224630,Pennsylvania,3,3,Valley Grove SD,811,14465000,2071000,1851000,11000,209000,0,858000
4224650,Pennsylvania,3,3,Valley View SD,2389,38074000,7629000,6702000,188000,134000,555000,3257000
4224750,Pennsylvania,3,3,Wallenpaupack Area SD,2788,78803000,18721000,12033000,1742000,593000,1645000,5430000
4224790,Pennsylvania,3,3,Wallingford-Swarthmore SD,3678,81992000,7869000,5084000,732000,976000,810000,5365000
4224820,Pennsylvania,3,3,Warren County SD,3911,79675000,20420000,11235000,1822000,812000,1441000,5455000
4224870,Pennsylvania,3,3,Warrior Run SD,1461,23206000,3242000,2628000,133000,204000,223000,1620000
4224960,Pennsylvania,3,3,Warwick SD,3755,65268000,9957000,8681000,341000,0,936000,4845000
4224970,Pennsylvania,3,3,Wayne Highlands SD,2309,54967000,13043000,7515000,1386000,421000,951000,3583000
4224990,Pennsylvania,3,3,Washington SD,1456,24363000,5674000,3560000,276000,177000,352000,1932000
4225080,Pennsylvania,3,3,Wattsburg Area SD,1253,24239000,7915000,5004000,282000,305000,522000,1017000
4225110,Pennsylvania,3,3,Waynesboro Area SD,4303,59289000,13607000,9367000,876000,332000,1223000,4387000
4225140,Pennsylvania,3,3,Weatherly Area SD,593,12691000,1421000,999000,178000,31000,213000,466000
4225170,Pennsylvania,3,3,Wellsboro Area SD,1420,26287000,5426000,3817000,149000,106000,191000,1718000
4225200,Pennsylvania,3,3,West Allegheny SD,3335,60073000,9880000,6335000,491000,448000,508000,3762000
4225230,Pennsylvania,3,3,West Branch Area SD,912,16781000,4409000,2856000,147000,194000,271000,1199000
4225290,Pennsylvania,3,3,West Chester Area SD,12117,219083000,40215000,32755000,4767000,230000,2090000,15199000
4225440,Pennsylvania,3,3,West Greene SD,670,15046000,2331000,1960000,0,0,0,989000
4225590,Pennsylvania,3,3,West Jefferson Hills SD,3294,53575000,6149000,3781000,1035000,359000,891000,2102000
4225650,Pennsylvania,3,3,West Middlesex Area SD,705,14945000,2594000,1832000,268000,275000,219000,996000
4225680,Pennsylvania,3,3,West Mifflin Area SD,2351,46565000,10115000,10115000,0,0,0,2832000
4225740,Pennsylvania,3,3,West Perry SD,2155,35370000,5987000,5260000,0,61000,666000,2632000
4225830,Pennsylvania,3,3,West Shore SD,7513,118453000,25358000,19359000,5246000,30000,117000,9565000
4225950,Pennsylvania,3,3,Wyoming Valley West SD,4928,71502000,14920000,12349000,824000,250000,1001000,5110000
4225980,Pennsylvania,3,3,West York Area SD,2757,51695000,12477000,9154000,530000,167000,378000,2923000
4226010,Pennsylvania,3,3,Mifflinburg Area SD,1676,30801000,5772000,3890000,181000,394000,262000,2042000
4226040,Pennsylvania,3,3,Western Beaver County SD,681,13297000,2429000,1306000,104000,202000,250000,907000
4226070,Pennsylvania,3,3,Western Wayne SD,1770,46166000,9986000,8278000,989000,710000,8000,3797000
4226130,Pennsylvania,3,3,Westmont Hilltop SD,1464,21545000,3393000,2554000,316000,35000,318000,1258000
4226250,Pennsylvania,3,3,Whitehall-Coplay SD,4107,71194000,24153000,15115000,1069000,603000,214000,5141000
4226300,Pennsylvania,3,3,Wilkes-Barre Area SD,7777,101062000,16275000,15561000,0,0,0,7986000
4226370,Pennsylvania,1,3,Wilkinsburg Borough SD,535,17081000,5133000,3276000,229000,226000,333000,450000
4226390,Pennsylvania,3,3,William Penn SD,4623,94704000,24099000,20437000,1104000,1642000,687000,7437000
4226400,Pennsylvania,3,3,Williams Valley SD,961,14545000,2830000,2048000,327000,0,455000,1003000
4226430,Pennsylvania,3,3,Williamsburg Community SD,464,7411000,1555000,1075000,86000,38000,56000,287000
4226460,Pennsylvania,3,3,Williamsport Area SD,4703,85977000,18416000,12880000,663000,403000,623000,6703000
4226520,Pennsylvania,3,3,Wilmington Area SD,983,19258000,4383000,2609000,176000,138000,484000,1331000
4226550,Pennsylvania,3,3,Wilson Area SD,2159,35756000,5947000,3599000,369000,196000,337000,2084000
4226580,Pennsylvania,3,3,Wilson SD,6352,106586000,22904000,17408000,1970000,890000,1347000,9437000
4226610,Pennsylvania,3,3,Windber Area SD,1207,16788000,2937000,1739000,62000,10000,359000,838000
4226700,Pennsylvania,3,3,Wyalusing Area SD,1232,23230000,6665000,4808000,157000,358000,359000,1348000
4226730,Pennsylvania,3,3,Wyoming Area SD,2033,36297000,9523000,6227000,300000,72000,600000,2759000
4226760,Pennsylvania,3,3,Wyomissing Area SD,1840,35169000,5717000,5072000,65000,7000,440000,2805000
4226820,Pennsylvania,3,3,York City SD,6045,121845000,26733000,18250000,6192000,1667000,623000,9547000
4226850,Pennsylvania,3,3,York Suburban SD,2926,53907000,6940000,6742000,75000,34000,3000,2971000
4400001,Rhode Island,3,3,R.I. Sch for the Deaf,78,8545000,6231000,2885000,2971000,10000,20000,1574000
4400003,Rhode Island,2,3,MET Career and Tech,776,19771000,1847000,218000,1285000,0,0,140000
4400004,Rhode Island,2,3,Davies Career and Tech,912,21649000,1843000,957000,658000,26000,0,608000
4400030,Rhode Island,3,3,Barrington,3382,61750000,13287000,9394000,2687000,336000,175000,3943000
4400065,Rhode Island,3,3,Bristol Warren,2837,57066000,11054000,7615000,1666000,71000,746000,3115000
4400090,Rhode Island,3,3,Burrillville,2045,39043000,9134000,4987000,3307000,84000,483000,2451000
4400120,Rhode Island,3,3,Central Falls,2556,57037000,16299000,8295000,7069000,12000,0,3853000
4400150,Rhode Island,3,3,Chariho,3082,64826000,12357000,6757000,3419000,261000,1125000,3017000
4400210,Rhode Island,3,3,Coventry,4215,84861000,20541000,14846000,3824000,93000,1113000,6521000
4400240,Rhode Island,3,2,Cranston,10029,193086000,52481000,26686000,18594000,347000,3408000,13482000
4400270,Rhode Island,3,3,Cumberland,4750,76942000,18035000,11790000,3742000,222000,1386000,5393000
4400300,Rhode Island,3,3,East Greenwich,2532,47337000,11045000,6598000,3244000,168000,634000,2815000
4400330,Rhode Island,3,3,East Providence,5152,100672000,27089000,18091000,6028000,41000,2204000,6941000
4400360,Rhode Island,3,3,Exeter-West Greenwich,1532,34231000,6984000,4097000,1939000,90000,361000,1515000
4400390,Rhode Island,1,3,Foster,221,5078000,1121000,716000,258000,11000,82000,256000
4400420,Rhode Island,3,3,Foster-Glocester,1347,27852000,3452000,2651000,394000,52000,141000,1052000
4400450,Rhode Island,1,3,Glocester,575,11896000,2436000,1307000,947000,5000,81000,472000
4400510,Rhode Island,1,3,Jamestown,410,10912000,3561000,2412000,718000,90000,60000,692000
4400540,Rhode Island,3,3,Johnston,3094,64468000,18997000,10372000,6480000,481000,1166000,5066000
4400570,Rhode Island,3,3,Lincoln,3261,63198000,14956000,8961000,4540000,114000,152000,3643000
4400600,Rhode Island,1,3,Little Compton,200,6961000,521000,385000,112000,9000,0,276000
4400630,Rhode Island,3,3,Middletown,1918,42079000,10967000,6692000,652000,2000,749000,2306000
4400660,Rhode Island,3,3,Narragansett,1114,31173000,5520000,3578000,1288000,123000,127000,1684000
4400690,Rhode Island,3,3,New Shoreham,130,5777000,1032000,703000,296000,9000,0,340000
4400750,Rhode Island,3,3,North Kingstown,3798,77683000,16143000,10352000,3635000,274000,1015000,4654000
4400780,Rhode Island,3,3,North Providence,3445,65532000,17756000,10293000,5279000,92000,1365000,3550000
4400810,Rhode Island,3,3,North Smithfield,1603,29262000,5903000,3420000,1938000,12000,291000,1600000
4400840,Rhode Island,3,3,Pawtucket,7899,153395000,34210000,22035000,9664000,370000,1278000,9047000
4400870,Rhode Island,3,3,Portsmouth,2164,43757000,8709000,5689000,1253000,199000,752000,2203000
4400900,Rhode Island,3,2,Providence,20463,512595000,101541000,66562000,21537000,7657000,25000,27140000
4400960,Rhode Island,3,3,Scituate,1193,27846000,4521000,2256000,1663000,66000,184000,1264000
4400990,Rhode Island,3,3,Smithfield,2401,43668000,10688000,7137000,2454000,259000,264000,3255000
4401020,Rhode Island,3,3,South Kingstown,2489,60038000,11876000,6323000,3470000,471000,794000,3299000
4401050,Rhode Island,3,3,Tiverton,1603,33862000,8161000,6102000,1299000,5000,436000,1861000
4401110,Rhode Island,3,3,Warwick,7860,185569000,47746000,21562000,20482000,770000,3874000,14772000
4401140,Rhode Island,3,3,West Warwick,3491,73754000,20887000,13091000,6031000,324000,955000,6022000
4401170,Rhode Island,3,3,Westerly,2242,59419000,14972000,6667000,7055000,214000,340000,3091000
4401200,Rhode Island,3,3,Woonsocket,5525,112401000,33722000,21220000,10564000,195000,334000,8455000
4600002,South Dakota,3,3,Milbank School District 25-4,1033,12557000,2316000,1615000,679000,0,13000,442000
4600003,South Dakota,3,3,Wilmot School District 54-7,222,3391000,354000,230000,122000,0,0,43000
4600025,South Dakota,3,3,Howard School District 48-3,351,4959000,686000,526000,113000,0,2000,184000
4600028,South Dakota,3,3,Alcester-Hudson School District 61-1,352,4402000,657000,505000,148000,0,3000,87000
4600036,South Dakota,3,3,Deuel School District 19-4,544,6229000,965000,763000,189000,10000,0,237000
4600041,South Dakota,3,3,Britton-Hecla School District 45-4,476,5312000,739000,466000,242000,0,18000,177000
4600042,South Dakota,3,3,Agar-Blunt-Onida School District 58-3,231,4715000,651000,519000,126000,0,0,142000
4600045,South Dakota,3,3,Groton Area School District 06-6,597,7243000,1004000,684000,295000,9000,13000,286000
4600046,South Dakota,3,3,Hitchcock Tulare School District 56-6,232,3405000,519000,432000,79000,4000,0,149000
4600052,South Dakota,3,3,Tea Area School District 41-5,2362,23238000,4073000,2731000,1158000,0,90000,909000
4600053,South Dakota,3,3,Sisseton School District 54-2,979,12830000,1678000,1020000,628000,0,17000,631000
4601026,South Dakota,3,3,McCook Central School District 43-7,434,5066000,957000,564000,269000,0,123000,132000
4601027,South Dakota,3,3,Oldham - Ramona School District 39-5,157,2501000,522000,263000,84000,0,38000,81000
4601028,South Dakota,3,3,Selby Area School District 62-5,180,2909000,362000,206000,115000,0,1000,0
4602070,South Dakota,3,3,Aberdeen School District 06-1,4326,46170000,10718000,7305000,2649000,0,407000,2884000
4602640,South Dakota,3,3,Hanson School District 30-1,396,4282000,545000,350000,194000,0,0,134000
4603720,South Dakota,3,3,Arlington School District 38-1,303,3998000,631000,526000,102000,0,0,91000
4603780,South Dakota,3,3,Armour School District 21-1,219,3053000,528000,379000,148000,0,0,137000
4603932,South Dakota,3,3,Sanborn Central School District 55-5,210,3033000,295000,196000,98000,0,0,51000
4604270,South Dakota,3,3,Avon School District 04-1,224,3370000,818000,577000,192000,0,1000,194000
4604680,South Dakota,3,3,Baltic School District 49-1,608,5662000,769000,502000,252000,0,11000,151000
4605610,South Dakota,3,3,Belle Fourche School District 09-1,1329,14270000,2551000,1910000,599000,0,16000,712000
4606240,South Dakota,3,3,Bennett County School District 03-1,490,7746000,1069000,774000,287000,0,0,272000
4606360,South Dakota,3,3,Beresford School District 61-2,708,8355000,1376000,1023000,330000,0,0,313000
4606960,South Dakota,1,3,Big Stone City School District 25-1,85,1517000,139000,84000,52000,0,0,43000
4607050,South Dakota,3,3,Bison School District 52-1,134,2364000,228000,150000,75000,0,0,41000
4607400,South Dakota,3,3,Bon Homme School District 04-2,589,7160000,746000,508000,225000,0,1000,194000
4607800,South Dakota,3,3,Bowdle School District 22-1,116,2253000,229000,140000,65000,0,0,0
4607950,South Dakota,3,3,Brandon Valley School District 49-2,4949,50996000,8837000,6104000,2148000,0,509000,1870000
4608520,South Dakota,3,3,Brookings School District 05-1,3431,40523000,7829000,5708000,1659000,0,215000,1230000
4609300,South Dakota,3,3,Harding County School District 31-1,224,3833000,481000,336000,140000,0,0,51000
4609512,South Dakota,3,3,Burke School District 26-2,273,3783000,385000,271000,111000,0,0,115000
4610320,South Dakota,3,3,Canistota School District 43-1,293,4021000,944000,637000,221000,0,54000,47000
4610560,South Dakota,3,3,Canton School District 41-1,874,10063000,1825000,1221000,562000,0,32000,430000
4611280,South Dakota,3,3,Castlewood School District 28-1,334,3662000,570000,391000,173000,0,4000,47000
4611760,South Dakota,3,3,Centerville School District 60-1,290,3202000,583000,439000,141000,0,0,156000
4612000,South Dakota,3,3,Chamberlain School District 07-1,851,11981000,1853000,1326000,460000,0,54000,233000
4612300,South Dakota,3,3,Chester Area School District 39-1,576,5939000,998000,555000,423000,0,1000,154000
4612940,South Dakota,3,3,Clark School District 12-2,482,5583000,687000,492000,179000,0,0,158000
4614100,South Dakota,3,3,Colman-Egan School District 50-5,296,3424000,515000,318000,118000,0,16000,96000
4614130,South Dakota,3,3,Colome Consolidated 59-3,170,3044000,361000,203000,155000,0,0,91000
4616950,South Dakota,3,3,Custer School District 16-1,911,13358000,2255000,1561000,571000,0,16000,572000
4617850,South Dakota,3,3,De Smet School District 38-2,327,4319000,647000,443000,182000,0,0,101000
4618120,South Dakota,3,3,Dell Rapids School District 49-3,982,10763000,1766000,1032000,496000,0,208000,233000
4619170,South Dakota,3,3,Doland School District 56-2,165,2638000,395000,283000,103000,2000,2000,38000
4619410,South Dakota,3,3,Douglas School District 51-1,2750,31891000,4734000,2902000,1586000,0,207000,1060000
4619450,South Dakota,3,3,Dupree School District 64-2,405,6897000,1318000,912000,395000,0,3000,161000
4619580,South Dakota,3,3,Jones County School District 37-3,184,2718000,411000,277000,108000,0,0,90000
4620100,South Dakota,3,3,Eagle Butte School District 20-1,362,10744000,1863000,1316000,516000,0,3000,282000
4620850,South Dakota,3,3,Edgemont School District 23-1,147,2558000,329000,223000,103000,0,0,100000
4621340,South Dakota,3,3,Elk Point-Jefferson School District 61-7,688,7926000,1231000,830000,382000,0,7000,191000
4621390,South Dakota,3,3,Elkton School District 05-3,441,5128000,654000,516000,119000,0,2000,137000
4621400,South Dakota,3,3,Frederick Area School District 06-2,171,2795000,397000,283000,108000,3000,0,116000
4621420,South Dakota,3,3,Bridgewater-Emery 30-3,333,4649000,972000,587000,255000,0,69000,138000
4622410,South Dakota,3,3,Estelline School District 28-2,274,4025000,705000,466000,157000,0,72000,140000
4622500,South Dakota,3,3,Ethan School District 17-1,283,3085000,461000,302000,151000,0,0,100000
4622560,South Dakota,3,3,Eureka School District 44-1,163,2974000,519000,342000,157000,0,1000,105000
4622940,South Dakota,3,3,Faith School District 46-2,184,2228000,218000,150000,42000,0,0,51000
4624030,South Dakota,3,3,Faulkton Area Schools 24-4,386,4797000,531000,395000,129000,0,0,190000
4624390,South Dakota,3,3,Flandreau School District 50-3,694,8782000,1788000,1048000,625000,0,106000,283000
4624540,South Dakota,3,3,Florence School District 14-1,308,3519000,584000,403000,179000,0,0,142000
4624850,South Dakota,3,3,Stanley County School District 57-1,416,5626000,784000,564000,188000,0,1000,202000
4625500,South Dakota,3,3,Freeman School District 33-1,404,5390000,914000,713000,197000,0,1000,118000
4626370,South Dakota,3,3,Garretson School District 49-4,460,5394000,805000,613000,185000,0,5000,165000
4626490,South Dakota,3,3,Gayville-Volin School District 63-1,289,3434000,556000,411000,124000,0,2000,148000
4626970,South Dakota,3,3,Gettysburg School District 53-1,211,3206000,576000,475000,97000,0,1000,166000
4629880,South Dakota,3,3,Gregory School District 26-4,431,5607000,708000,500000,187000,0,14000,158000
4630490,South Dakota,3,3,Haakon School District 27-1,318,3906000,595000,372000,197000,0,7000,87000
4630800,South Dakota,3,3,Hamlin School District 28-3,870,8335000,1331000,998000,325000,0,0,200000
4631350,South Dakota,3,3,Harrisburg School District 41-2,5912,65217000,10713000,6835000,3373000,133000,73000,2553000
4631710,South Dakota,3,3,West Central School District 49-7,1413,15520000,2595000,1836000,640000,0,101000,580000
4632340,South Dakota,3,3,Henry School District 14-2,195,2548000,419000,275000,143000,0,0,96000
4632430,South Dakota,3,3,Herreid School District 10-1,151,2013000,252000,126000,99000,0,0,0
4633360,South Dakota,3,3,Hill City School District 51-2,493,6138000,942000,662000,265000,0,0,162000
4634440,South Dakota,3,3,Edmunds Central School District 22-5,137,2521000,373000,213000,74000,3000,0,47000
4634480,South Dakota,3,3,Hot Springs School District 23-2,773,8190000,1070000,689000,328000,0,26000,208000
4634600,South Dakota,3,3,Hoven School District 53-2,117,2352000,399000,256000,85000,0,19000,92000
4635480,South Dakota,3,3,Huron School District 02-2,2917,35109000,5664000,3903000,1624000,0,104000,1172000
4636060,South Dakota,3,3,Ipswich Public School District 22-6,457,5150000,777000,513000,252000,0,0,236000
4636150,South Dakota,3,3,Iroquois School District 02-3,241,3436000,338000,222000,108000,0,0,54000
4636990,South Dakota,3,3,Dakota Valley School District 61-8,1387,15424000,2107000,1560000,521000,0,0,504000
4638220,South Dakota,3,3,Kimball School District 07-2,357,4161000,447000,283000,163000,0,0,136000
4639540,South Dakota,3,3,Andes Central School District 11-1,340,6366000,514000,327000,186000,0,0,107000
4639600,South Dakota,3,3,Madison Central School District 39-2,1147,12464000,2163000,1601000,476000,0,74000,556000
4639990,South Dakota,3,3,Lake Preston School District 38-3,187,3223000,355000,221000,104000,0,0,63000
4640860,South Dakota,3,3,Langford Area 45-5,242,3485000,545000,464000,60000,4000,0,139000
4641300,South Dakota,3,3,Lead-Deadwood School District 40-1,734,13950000,1770000,1363000,371000,0,34000,475000
4641520,South Dakota,3,3,Lemmon School District 52-4,283,3876000,428000,327000,96000,0,0,180000
4641550,South Dakota,3,3,Lennox School District 41-4,1211,12946000,2315000,1477000,725000,0,59000,605000
4641640,South Dakota,3,3,Leola School District 44-2,210,3648000,673000,437000,130000,3000,2000,107000
4644770,South Dakota,3,3,Lyman School District 42-1,370,5744000,563000,294000,256000,0,3000,142000
4644940,South Dakota,3,3,Tri-Valley School District 49-6,945,11344000,2074000,1440000,520000,0,105000,342000
4645450,South Dakota,3,3,Marion School District 60-3,199,3313000,783000,546000,183000,0,52000,43000
4646260,South Dakota,3,3,McIntosh School District 15-1,135,3878000,351000,193000,151000,0,0,103000
4646380,South Dakota,3,3,McLaughlin School District 15-2,442,8788000,1262000,800000,435000,0,24000,334000
4647100,South Dakota,3,3,Menno School District 33-2,288,4321000,432000,331000,101000,0,0,136000
4647942,South Dakota,3,3,Miller 29-4,457,7019000,652000,446000,178000,0,1000,220000
4648390,South Dakota,3,3,Mitchell School District 17-2,2735,29385000,5130000,3532000,1535000,0,44000,992000
4648780,South Dakota,3,3,Montrose School District 43-2,259,3800000,667000,515000,117000,0,30000,29000
4649650,South Dakota,3,3,Mount Vernon School District 17-3,273,3375000,617000,341000,216000,0,1000,64000
4650670,South Dakota,3,3,New Underwood School District 51-3,291,3203000,301000,208000,81000,0,0,77000
4650850,South Dakota,3,3,Newell School District 09-2,289,3720000,704000,494000,136000,0,11000,85000
4651750,South Dakota,3,3,Northwestern Area School District 56-7,336,4191000,366000,266000,93000,3000,0,84000
4652770,South Dakota,3,3,Oelrichs School District 23-3,116,2813000,185000,136000,44000,0,1000,0
4654270,South Dakota,3,3,Parker School District 60-4,491,5194000,813000,530000,222000,0,45000,94000
4654300,South Dakota,3,3,Parkston School District 33-3,582,6730000,969000,762000,200000,0,2000,219000
4655260,South Dakota,3,3,Pierre School District 32-2,2762,29218000,4541000,3142000,1293000,0,87000,1201000
4655710,South Dakota,3,3,Plankinton School District 01-1,288,4144000,879000,656000,223000,0,0,113000
4659820,South Dakota,3,3,Rapid City Area School District 51-4,12743,132274000,22682000,14623000,6365000,1000,1548000,4774000
4660450,South Dakota,3,3,Redfield School District 56-4,555,7194000,1658000,1255000,310000,2000,41000,372000
4663360,South Dakota,3,3,Rosholt School District 54-4,231,3350000,397000,293000,103000,0,0,98000
4664140,South Dakota,3,3,Rutland School District 39-4,189,2481000,328000,262000,54000,0,11000,79000
4665180,South Dakota,3,3,Scotland School District 04-3,297,3740000,513000,367000,141000,0,2000,96000
4665460,South Dakota,3,3,Oglala Lakota County 65-1,1798,42520000,4215000,2499000,1570000,0,6000,826000
4666270,South Dakota,3,3,Sioux Falls School District 49-5,25122,287817000,52935000,35470000,14078000,0,2963000,12131000
4666300,South Dakota,3,3,Sioux Valley School District 05-5,739,7341000,1304000,912000,382000,0,4000,206000
4666930,South Dakota,3,3,Spearfish School District 40-2,2438,23455000,3792000,2853000,926000,0,0,1127000
4669930,South Dakota,3,3,Meade School District 46-1,3068,30229000,4897000,3414000,1447000,0,4000,1935000
4670140,South Dakota,3,3,Summit School District 54-6,184,2505000,291000,174000,112000,0,0,86000
4671880,South Dakota,3,3,Timber Lake School District 20-3,362,7140000,522000,407000,110000,0,0,161000
4672090,South Dakota,3,3,Todd County School District 66-1,2044,34404000,4296000,2667000,1411000,0,105000,1378000
4672450,South Dakota,3,3,Tripp-Delmont School District 33-5,184,2979000,565000,432000,130000,0,0,58000
4674370,South Dakota,3,3,Vermillion School District 13-1,1436,15954000,2229000,1521000,634000,0,64000,371000
4674520,South Dakota,3,3,Viborg-Hurley School District 60-6,418,4621000,749000,490000,204000,0,30000,139000
4675420,South Dakota,3,3,Wagner Community School District 11-4,905,14322000,2316000,1628000,624000,0,0,354000
4675600,South Dakota,3,3,Smee School District 15-3,188,4446000,585000,358000,211000,0,0,93000
4675660,South Dakota,3,3,Wall School District 51-5,283,4034000,484000,343000,132000,0,0,115000
4676020,South Dakota,3,3,Warner School District 06-5,314,3355000,407000,222000,180000,4000,0,95000
4676620,South Dakota,3,3,Watertown School District 14-4,3803,39558000,7382000,5130000,1968000,30000,115000,1949000
4676680,South Dakota,3,3,Waubay School District 18-3,183,2761000,311000,249000,55000,0,0,82000
4676740,South Dakota,3,3,Waverly School District 14-5,271,3393000,445000,304000,139000,0,0,120000
4676990,South Dakota,3,3,Webster Area 18-5,551,5829000,889000,633000,252000,0,0,124000
4677460,South Dakota,3,3,Wessington Springs School District 36-2,422,4566000,799000,578000,210000,0,2000,221000
4678300,South Dakota,3,3,Deubrook Area School District 05-6,423,4893000,627000,486000,139000,0,0,197000
4678510,South Dakota,3,3,White Lake School District 01-3,129,2018000,298000,181000,105000,0,3000,80000
4678570,South Dakota,3,3,White River School District 47-1,419,7339000,609000,524000,58000,0,0,169000
4679350,South Dakota,3,3,Willow Lake School District 12-3,323,3724000,388000,268000,103000,0,0,98000
4679710,South Dakota,3,3,Winner School District 59-2,814,8728000,1260000,848000,401000,0,1000,194000
4680100,South Dakota,3,3,Wolsey Wessington School District 02-6,359,4575000,1075000,596000,469000,0,2000,134000
4680190,South Dakota,3,3,Woonsocket School District 55-4,285,3517000,543000,452000,85000,0,0,136000
4680430,South Dakota,3,3,Yankton School District 63-3,3036,33105000,5168000,3463000,1510000,0,135000,1229000
4680437,South Dakota,3,3,Kadoka Area School District 35-2,328,5642000,603000,401000,156000,0,14000,190000
4680438,South Dakota,3,3,Platte - Geddes School District 11-5,512,6090000,967000,624000,322000,0,15000,248000
4680439,South Dakota,3,3,Irene - Wakonda School District 13-3,293,4607000,875000,695000,158000,0,0,179000
4680440,South Dakota,3,3,Highmore-Harrold 34-2,222,3198000,466000,324000,130000,0,0,89000
4680441,South Dakota,3,3,Mobridge-Pollock 62-6,574,7422000,904000,631000,268000,0,0,246000
4680445,South Dakota,3,3,Corsica-Stickney 21-3,276,3497000,512000,302000,196000,0,9000,99000
4700001,Tennessee,3,3,Hamblen County,10289,109024000,11493000,9883000,0,1610000,0,4147000
4700030,Tennessee,1,3,Alamo,578,6153000,621000,434000,0,187000,0,111000
4700060,Tennessee,3,3,Alcoa,2211,29134000,2438000,2202000,0,236000,0,906000
4700090,Tennessee,3,3,Anderson County,6317,81771000,9917000,8201000,0,1716000,0,4015000
4700120,Tennessee,1,3,Athens,1802,20503000,1579000,1125000,0,454000,0,423000
4700147,Tennessee,3,2,Achievement School District,5966,81211000,13365000,5501000,0,7864000,0,2862000
4700148,Tennessee,3,2,Memphis-Shelby County Schools,109797,1503647000,143789000,101340000,0,42449000,0,54034000
4700149,Tennessee,3,3,Collierville,9259,109138000,12407000,9510000,0,2896000,0,4172000
4700150,Tennessee,3,3,Millington Municipal Schools,2602,29562000,2855000,2161000,0,695000,0,1052000
4700151,Tennessee,3,3,Germantown,6026,70435000,8251000,6086000,0,2165000,0,2752000
4700152,Tennessee,3,3,Arlington,4803,52467000,4899000,3705000,0,1193000,0,1648000
4700153,Tennessee,3,3,Bartlett,8946,100788000,10149000,7840000,0,2309000,0,4142000
4700154,Tennessee,3,3,Lakeland,2132,23149000,2513000,1969000,0,544000,0,878000
4700180,Tennessee,3,3,Bedford County,9047,89323000,6213000,4809000,0,1404000,0,2275000
4700210,Tennessee,1,3,Bells,399,4250000,332000,237000,0,95000,0,100000
4700240,Tennessee,3,3,Benton County,2163,24681000,2207000,1881000,0,326000,0,725000
4700270,Tennessee,3,3,Bledsoe County,1654,20444000,2640000,1829000,0,811000,0,736000
4700300,Tennessee,3,3,Blount County,10234,126592000,13487000,11368000,0,2119000,0,5442000
4700330,Tennessee,3,3,Bradley County,10269,104384000,9621000,7442000,0,2179000,0,3379000
4700360,Tennessee,3,3,Bristol,4029,50119000,3735000,3175000,0,560000,0,1559000
4700420,Tennessee,3,3,Campbell County,5294,56346000,4466000,3417000,0,1048000,0,1960000
4700450,Tennessee,3,3,Cannon County,1865,19573000,2046000,1477000,0,569000,0,691000
4700510,Tennessee,3,3,Carter County,4764,54912000,6505000,5808000,0,697000,0,2531000
4700570,Tennessee,3,3,Cheatham County,5833,59676000,6553000,5787000,0,766000,0,1980000
4700600,Tennessee,3,3,Chester County,2811,27896000,3102000,2498000,0,604000,0,927000
4700630,Tennessee,3,3,Claiborne County,4070,47500000,5336000,4402000,0,934000,0,2015000
4700660,Tennessee,3,3,Clay County,1097,12829000,1235000,755000,0,480000,0,389000
4700690,Tennessee,3,3,Cleveland,5768,67427000,6021000,5185000,0,836000,0,2169000
4700720,Tennessee,1,3,Clinton,968,11576000,1387000,1049000,0,338000,0,358000
4700750,Tennessee,3,3,Cocke County,4339,48153000,4217000,3157000,0,1059000,0,1563000
4700780,Tennessee,3,3,Coffee County,4395,50967000,5865000,4891000,0,974000,0,2058000
4700850,Tennessee,3,3,Crockett County,2004,19932000,1343000,916000,0,427000,0,551000
4700900,Tennessee,3,3,Cumberland County,7216,78334000,7032000,5474000,0,1558000,0,2584000
4700930,Tennessee,1,3,Dayton,848,9037000,974000,648000,0,325000,0,225000
4700960,Tennessee,3,3,Decatur County,1524,16190000,1499000,1217000,0,282000,0,579000
4700990,Tennessee,3,3,DeKalb County,2938,31180000,4078000,3245000,0,834000,0,1654000
4701020,Tennessee,3,3,Dickson County,8129,87212000,9812000,7701000,0,2111000,0,3442000
4701050,Tennessee,3,3,Dyer County,3645,42347000,3861000,3014000,0,847000,0,1361000
4701080,Tennessee,3,3,Dyersburg,2613,33054000,2962000,2536000,0,426000,0,1359000
4701110,Tennessee,3,3,Elizabethton,2738,33794000,3435000,2936000,0,499000,0,1081000
4701140,Tennessee,1,3,Etowah,343,3984000,512000,288000,0,225000,0,70000
4701170,Tennessee,3,3,Fayette County Public Schools,3238,38815000,4200000,3363000,0,837000,0,1361000
4701200,Tennessee,3,3,Fayetteville,1185,13939000,1516000,1278000,0,238000,0,515000
4701230,Tennessee,3,3,Fentress County,2270,24049000,2235000,1732000,0,502000,0,596000
4701260,Tennessee,1,3,Franklin SSD,3190,60321000,8384000,6743000,0,1641000,0,3217000
4701290,Tennessee,3,3,Franklin County,5004,58058000,5777000,4577000,0,1200000,0,1526000
4701390,Tennessee,3,3,Bradford,615,7754000,602000,421000,0,181000,0,152000
4701400,Tennessee,3,3,Gibson Co Sp Dist,3962,40038000,3994000,3460000,0,535000,0,1294000
4701410,Tennessee,3,3,Giles County,3670,41239000,4524000,4015000,0,509000,0,1365000
4701440,Tennessee,3,3,Grainger County,3105,36361000,3815000,3069000,0,746000,0,980000
4701470,Tennessee,3,3,Greene County,6265,66992000,6038000,4974000,0,1064000,0,2305000
4701500,Tennessee,3,3,Greeneville,2997,38380000,3148000,2633000,0,515000,0,1224000
4701530,Tennessee,3,3,Grundy County,1789,18552000,3261000,2632000,0,630000,0,1178000
4701590,Tennessee,3,2,Hamilton County,45902,678664000,59723000,46219000,0,13504000,0,21271000
4701620,Tennessee,3,3,Hancock County,954,12824000,1368000,1046000,0,323000,0,411000
4701650,Tennessee,3,3,Hardeman County Schools,3332,38988000,4280000,3299000,0,980000,0,1559000
4701680,Tennessee,3,3,Hardin County,3370,38125000,3055000,2224000,0,832000,0,1007000
4701740,Tennessee,3,3,Hawkins County,6304,76175000,7616000,6321000,0,1296000,0,3047000
4701770,Tennessee,3,3,Haywood County,2721,35410000,3713000,2481000,0,1232000,0,1402000
4701800,Tennessee,3,3,Henderson County,4054,42513000,4150000,3757000,0,393000,0,1659000
4701830,Tennessee,3,3,Henry County,3014,33575000,3129000,2714000,0,415000,0,1348000
4701860,Tennessee,3,3,Hickman County,3175,37903000,4529000,3803000,0,726000,0,1704000
4701890,Tennessee,3,3,Hollow Rock - Bruceton,658,6742000,652000,526000,0,126000,0,272000
4701920,Tennessee,3,3,Houston County,1281,14445000,1321000,988000,0,333000,0,428000
4701950,Tennessee,3,3,Humboldt City Schools,1110,14443000,1483000,1113000,0,370000,0,444000
4701980,Tennessee,3,3,Humphreys County,2693,29236000,2445000,2034000,0,411000,0,867000
4702010,Tennessee,3,3,Huntingdon Special School District,1335,15095000,1594000,1380000,0,214000,0,670000
4702070,Tennessee,3,3,Jackson County,1463,17140000,1530000,1123000,0,406000,0,635000
4702100,Tennessee,3,3,Jefferson County,6995,74484000,6485000,5320000,0,1165000,0,2074000
4702130,Tennessee,3,3,Johnson City,8001,97849000,8129000,7155000,0,973000,0,3159000
4702160,Tennessee,3,3,Johnson County,4971,40750000,2657000,2227000,0,429000,0,884000
4702190,Tennessee,3,3,Kingsport,7784,93621000,8892000,7205000,0,1687000,0,3695000
4702220,Tennessee,3,2,Knox County,60609,678063000,74443000,61511000,0,12932000,0,33393000
4702280,Tennessee,3,3,Lake County,749,9352000,1068000,801000,0,267000,0,449000
4702310,Tennessee,3,3,Lauderdale County,3413,41510000,5021000,4222000,0,799000,0,1823000
4702340,Tennessee,3,3,Lawrence County,7032,73202000,6801000,5286000,0,1515000,0,2095000
4702370,Tennessee,1,3,Lebanon,4221,47059000,4181000,3149000,0,1032000,0,1279000
4702400,Tennessee,3,3,Lenoir City,2568,28860000,2516000,2038000,0,478000,0,834000
4702430,Tennessee,3,3,Lewis County,1698,18207000,1731000,1419000,0,312000,0,740000
4702460,Tennessee,1,3,Lexington,884,10635000,893000,648000,0,245000,0,342000
4702490,Tennessee,3,3,Lincoln County,4002,41517000,4511000,3472000,0,1039000,0,1258000
4702520,Tennessee,3,3,Loudon County,4979,54147000,5396000,4268000,0,1128000,0,1648000
4702550,Tennessee,3,3,Macon County,4231,42054000,4309000,3441000,0,867000,0,1311000
4702580,Tennessee,3,3,Madison County,12463,138527000,14855000,11906000,0,2950000,0,5839000
4702610,Tennessee,1,3,Manchester,1583,18498000,2367000,1980000,0,386000,0,788000
4702640,Tennessee,3,3,Marion County,3960,41454000,4151000,2937000,0,1214000,0,1339000
4702670,Tennessee,3,3,Marshall County,5406,55746000,4561000,3993000,0,568000,0,1545000
4702700,Tennessee,3,3,Maryville,5671,68475000,7758000,6843000,0,915000,0,2776000
4702760,Tennessee,3,3,Maury County,13152,146363000,17349000,14161000,0,3188000,0,5440000
4702790,Tennessee,3,3,McKenzie,1288,12765000,1224000,1126000,0,98000,0,514000
4702820,Tennessee,3,3,McMinn County,5225,55029000,4728000,3880000,0,848000,0,1534000
4702880,Tennessee,3,3,McNairy County,3831,43887000,4029000,3328000,0,701000,0,1424000
4702910,Tennessee,3,3,Meigs County,1751,19561000,1772000,1479000,0,293000,0,731000
4702970,Tennessee,3,3,Milan,1996,22976000,2363000,1778000,0,586000,0,812000
4703000,Tennessee,3,3,Monroe County,5023,60420000,5656000,4795000,0,862000,0,1687000
4703030,Tennessee,3,3,Montgomery County,38773,412740000,47824000,40667000,0,7157000,0,17190000
4703060,Tennessee,3,3,Moore County,901,11504000,1103000,897000,0,206000,0,405000
4703090,Tennessee,3,3,Morgan County,2877,35766000,2781000,2156000,0,625000,0,757000
4703150,Tennessee,1,3,Murfreesboro,9408,109374000,14553000,11824000,0,2730000,0,4667000
4703180,Tennessee,3,2,Davidson County,80651,1436200000,253465000,134090000,0,119375000,0,58292000
4703210,Tennessee,1,3,Newport,701,8205000,648000,541000,0,107000,0,232000
4703240,Tennessee,3,3,Oak Ridge,4961,68267000,6998000,5756000,0,1242000,0,2915000
4703270,Tennessee,3,3,Obion County,3113,37149000,3195000,2680000,0,515000,0,1132000
4703300,Tennessee,3,3,Oneida,1463,15455000,1675000,1294000,0,381000,0,582000
4703330,Tennessee,3,3,Overton County,3102,31165000,3423000,2732000,0,692000,0,1151000
4703360,Tennessee,1,3,Paris,1585,18720000,1669000,1347000,0,322000,0,522000
4703390,Tennessee,3,3,Perry County,1069,14318000,1643000,1387000,0,256000,0,581000
4703420,Tennessee,3,3,Pickett County,644,7219000,795000,531000,0,264000,0,290000
4703450,Tennessee,3,3,Polk County,2148,25917000,2268000,1812000,0,456000,0,799000
4703480,Tennessee,3,3,Putnam County,12032,127769000,16697000,13670000,0,3027000,0,5457000
4703510,Tennessee,3,3,Rhea County,4091,47305000,5303000,4616000,0,687000,0,1414000
4703540,Tennessee,3,3,Richard City,182,2427000,161000,97000,0,63000,0,29000
4703590,Tennessee,3,3,Roane County,6344,76147000,8427000,6417000,0,2010000,0,3007000
4703600,Tennessee,3,3,Robertson County,11504,134835000,12392000,10342000,0,2050000,0,4080000
4703660,Tennessee,1,3,Rogersville,624,7679000,662000,489000,0,173000,0,234000
4703690,Tennessee,3,3,Rutherford County,50707,542990000,48581000,41976000,0,6605000,0,18702000
4703720,Tennessee,3,3,Scott County,2524,30228000,2454000,1998000,0,455000,0,960000
4703750,Tennessee,3,3,Sequatchie County,2031,22907000,3131000,2661000,0,470000,0,1089000
4703780,Tennessee,3,3,Sevier County,14455,186626000,16548000,14950000,0,1599000,0,5947000
4703870,Tennessee,3,3,Smith County,3061,31618000,2883000,2295000,0,589000,0,1019000
4703900,Tennessee,3,3,South Carroll,325,3858000,221000,191000,0,30000,0,50000
4703960,Tennessee,3,3,Stewart County,2002,22470000,1897000,1416000,0,481000,0,682000
4703990,Tennessee,3,3,Sullivan County,8380,96098000,9024000,7434000,0,1590000,0,3371000
4704020,Tennessee,3,3,Sumner County,30732,343929000,41819000,35339000,0,6480000,0,13818000
4704050,Tennessee,1,3,Sweetwater,1486,14255000,1506000,1086000,0,420000,0,485000
4704080,Tennessee,3,3,Tipton County,10249,100904000,12127000,10693000,0,1434000,0,4415000
4704100,Tennessee,3,3,Trenton,1354,14775000,1104000,813000,0,291000,0,378000
4704170,Tennessee,3,3,Trousdale County,1407,15020000,1579000,1238000,0,341000,0,614000
4704200,Tennessee,3,3,Tullahoma,3641,50990000,5726000,5030000,0,696000,0,1781000
4704230,Tennessee,3,3,Unicoi County,2220,25469000,2852000,2366000,0,486000,0,988000
4704260,Tennessee,3,3,Union City,1540,19195000,1474000,1168000,0,306000,0,410000
4704290,Tennessee,3,3,Union County,5939,54752000,4453000,2556000,0,1897000,0,1267000
4704320,Tennessee,3,3,Van Buren County,794,10014000,1208000,662000,0,546000,0,317000
4704350,Tennessee,3,3,Warren County,6477,66706000,6425000,5091000,0,1334000,0,2556000
4704380,Tennessee,3,3,Washington County,8281,93625000,8292000,6487000,0,1805000,0,3023000
4704440,Tennessee,3,3,Wayne County,2162,25684000,2531000,1887000,0,645000,0,946000
4704470,Tennessee,3,3,Weakley County,3987,45046000,4149000,3548000,0,601000,0,1286000
4704490,Tennessee,3,3,West Carroll Sp Dist,837,9910000,805000,608000,0,197000,0,218000
4704500,Tennessee,3,3,White County,3872,39345000,3373000,2758000,0,615000,0,1520000
4704530,Tennessee,3,3,Williamson County,42171,501790000,81337000,70492000,0,10845000,0,24681000
4704550,Tennessee,3,3,Wilson County,20308,189315000,20731000,15117000,0,5614000,0,6480000
4800001,Texas,3,3,CROSBYTON CISD,305,5279000,194000,131000,15000,12000,0,33000
4800002,Texas,3,3,SPUR ISD,225,3506000,244000,195000,3000,2000,0,40000
4800003,Texas,3,3,ROCKSPRINGS ISD,237,4156000,331000,224000,22000,85000,0,38000
4800005,Texas,3,3,BLACKWELL CISD,152,4239000,180000,130000,14000,36000,0,63000
4800006,Texas,3,3,ASPERMONT ISD,199,3003000,116000,97000,0,16000,3000,19000
4800007,Texas,3,3,PANTHER CREEK CISD,145,2992000,140000,140000,0,0,0,92000
4800008,Texas,3,3,DRIPPING SPRINGS ISD,8375,87592000,14745000,11046000,1527000,1947000,170000,3988000
4800009,Texas,3,3,WIMBERLEY ISD,2700,29152000,3691000,2570000,426000,659000,36000,928000
4800010,Texas,3,3,HAYS CISD,22297,251701000,35225000,26063000,3681000,5403000,62000,12395000
4800011,Texas,3,3,ALVARADO ISD,3750,44584000,3993000,2668000,510000,471000,343000,1212000
4800012,Texas,3,3,CHISUM ISD,1179,14409000,632000,523000,19000,87000,3000,266000
4801473,Texas,2,3,UNIVERSITY OF TEXAS AT AUSTIN H S,823,3697000,218000,10000,20000,187000,0,0
4807350,Texas,3,3,COLLEGE STATION ISD,14464,158517000,20453000,13724000,4041000,2477000,158000,4236000
4807380,Texas,3,3,ABBOTT ISD,286,3995000,318000,262000,18000,17000,0,219000
4807410,Texas,3,3,ABERNATHY ISD,835,10767000,549000,455000,18000,76000,0,97000
4807440,Texas,3,3,ABILENE ISD,15253,176992000,22868000,14318000,4145000,2901000,1458000,5828000
4807470,Texas,3,3,ACADEMY ISD,1835,17781000,2147000,1669000,81000,345000,52000,402000
4807500,Texas,3,3,ADRIAN ISD,120,2337000,107000,95000,2000,5000,0,55000
4807530,Texas,3,3,AGUA DULCE ISD,408,6233000,459000,411000,14000,26000,8000,28000
4807590,Texas,3,3,ALAMO HEIGHTS ISD,4762,57630000,8885000,6417000,823000,1178000,467000,2272000
4807650,Texas,3,3,ALBA-GOLDEN ISD,823,10060000,525000,432000,24000,63000,5000,216000
4807680,Texas,3,3,ALBANY ISD,498,6703000,397000,294000,19000,76000,0,128000
4807710,Texas,3,3,ALDINE ISD,60074,797064000,83290000,47657000,16842000,14938000,3848000,25422000
4807780,Texas,3,3,ALEDO ISD,7857,86483000,7915000,5748000,1199000,503000,464000,1808000
4807800,Texas,3,3,ALICE ISD,4506,58548000,6155000,4424000,704000,1013000,0,1307000
4807830,Texas,3,3,ALIEF ISD,40329,539911000,69612000,54236000,7745000,5268000,2363000,25870000
4807890,Texas,3,3,ALLEN ISD,21769,226774000,30363000,18465000,5278000,5054000,1494000,8925000
4807950,Texas,3,3,ALPINE ISD,954,14801000,3112000,1765000,729000,578000,39000,305000
4807980,Texas,3,3,ALTO ISD,536,10243000,850000,606000,40000,195000,9000,350000
4808090,Texas,3,3,ALVIN ISD,29188,320606000,38354000,30829000,4086000,2348000,996000,11537000
4808100,Texas,3,3,ALVORD ISD,821,9945000,726000,460000,60000,122000,83000,159000
4808130,Texas,3,3,AMARILLO ISD,30342,358088000,40772000,26723000,6858000,4883000,2183000,14416000
4808160,Texas,3,3,AMHERST ISD,120,2457000,79000,67000,0,12000,0,56000
4808190,Texas,3,3,ANAHUAC ISD,1493,19149000,2111000,1220000,329000,408000,19000,488000
4808230,Texas,3,3,ANDERSON-SHIRO CISD,934,11733000,808000,595000,49000,112000,52000,373000
4808280,Texas,3,3,ANDREWS ISD,4198,53077000,5464000,3262000,1011000,1052000,138000,1261000
4808310,Texas,3,3,ANGLETON ISD,6925,85719000,11055000,8177000,1138000,1408000,333000,2016000
4808340,Texas,3,3,ANNA ISD,5018,58946000,8366000,6550000,309000,1219000,289000,2499000
4808400,Texas,3,3,ANSON ISD,752,10435000,697000,593000,2000,84000,13000,244000
4808430,Texas,3,3,ANTHONY ISD,781,11953000,1315000,930000,152000,224000,9000,383000
4808460,Texas,3,3,ANTON ISD,170,2884000,144000,106000,2000,0,0,50000
4808490,Texas,3,3,APPLE SPRINGS ISD,207,3107000,217000,149000,38000,6000,0,85000
4808520,Texas,3,3,AQUILLA ISD,323,4773000,202000,184000,13000,5000,0,148000
4808550,Texas,3,3,ARANSAS COUNTY ISD,3044,42455000,4608000,3329000,618000,573000,89000,1492000
4808580,Texas,3,3,ARANSAS PASS ISD,1700,21975000,1904000,1267000,304000,318000,15000,355000
4808610,Texas,3,3,ARCHER CITY ISD,493,7219000,507000,372000,50000,78000,7000,208000
4808670,Texas,3,3,ARGYLE ISD,4966,53854000,6824000,4636000,1210000,966000,0,1515000
4808700,Texas,3,3,ARLINGTON ISD,56167,659718000,72762000,51134000,8820000,8593000,4215000,26551000
4808730,Texas,3,3,ARP ISD,985,12595000,1879000,1416000,209000,208000,14000,361000
4808870,Texas,3,3,ATHENS ISD,3099,36995000,3633000,2840000,348000,328000,118000,843000
4808880,Texas,3,3,ATLANTA ISD,1879,24442000,2792000,1912000,439000,442000,0,765000
4808910,Texas,3,3,AUBREY ISD,3538,36684000,3222000,2623000,0,55000,544000,1298000
4808940,Texas,3,2,AUSTIN ISD,73384,950297000,166925000,105049000,23230000,24151000,14269000,24821000
4809000,Texas,3,3,AUSTWELL-TIVOLI ISD,144,3580000,297000,248000,18000,29000,0,104000
4809030,Texas,3,3,AVALON ISD,337,4055000,267000,248000,0,18000,0,148000
4809060,Texas,3,3,AVERY ISD,335,5277000,216000,214000,1000,0,0,86000
4809090,Texas,3,3,AVINGER ISD,123,2222000,100000,79000,0,15000,0,48000
4809150,Texas,3,3,AXTELL ISD,836,12099000,1953000,1315000,166000,428000,44000,309000
4809200,Texas,3,3,AZLE ISD,7089,78677000,10474000,6727000,2157000,1485000,97000,5004000
4809280,Texas,3,3,BAIRD ISD,312,5899000,301000,251000,16000,33000,0,97000
4809300,Texas,3,3,BALLINGER ISD,817,12216000,1850000,1255000,258000,325000,12000,238000
4809330,Texas,3,3,BALMORHEA ISD,144,3353000,179000,146000,5000,21000,0,108000
4809360,Texas,3,3,BANDERA ISD,2381,23449000,3134000,1944000,485000,489000,216000,853000
4809390,Texas,3,3,BANGS ISD,862,9304000,625000,359000,22000,164000,44000,142000
4809410,Texas,3,3,BANQUETE ISD,843,13065000,1273000,998000,116000,142000,16000,297000
4809450,Texas,3,3,BARBERS HILL ISD,7339,104985000,12260000,8199000,2283000,1395000,384000,3651000
4809540,Texas,3,3,BARTLETT ISD,461,7315000,540000,464000,15000,42000,21000,216000
4809570,Texas,3,3,BASTROP ISD,12506,145842000,19677000,12456000,3484000,1807000,1930000,5355000
4809630,Texas,3,3,BAY CITY ISD,3579,44054000,5147000,4222000,131000,607000,187000,1560000
4809670,Texas,3,2,BEAUMONT ISD,16730,216790000,22922000,16638000,2183000,3033000,1067000,3730000
4809690,Texas,3,3,BECKVILLE ISD,686,9531000,736000,605000,32000,99000,0,274000
4809720,Texas,3,3,BEEVILLE ISD,3097,40084000,4205000,3157000,504000,329000,216000,923000
4809750,Texas,3,3,BELLEVUE ISD,167,2691000,176000,138000,13000,25000,0,27000
4809780,Texas,3,3,BELLS ISD,963,11292000,853000,661000,65000,125000,1000,160000
4809810,Texas,3,3,BELLVILLE ISD,2251,26711000,3626000,2255000,645000,510000,216000,495000
4809860,Texas,3,3,BELTON ISD,13644,151920000,21539000,12846000,4042000,3409000,1229000,4806000
4809870,Texas,3,3,BEN BOLT-PALITO BLANCO ISD,494,6516000,329000,298000,5000,8000,18000,115000
4809980,Texas,3,3,BENJAMIN ISD,130,2904000,107000,101000,1000,5000,0,1000
4810140,Texas,3,3,BIG SANDY ISD,671,8484000,570000,413000,23000,117000,17000,222000
4810170,Texas,3,3,BIG SANDY ISD,512,7938000,727000,595000,28000,82000,16000,241000
4810200,Texas,3,3,BIG SPRING ISD,3510,43383000,5171000,3252000,1012000,594000,312000,1478000
4810230,Texas,3,3,BIRDVILLE ISD,22637,247651000,35673000,22187000,5590000,5222000,2437000,9472000
4810260,Texas,3,3,BISHOP CISD,1410,21097000,1796000,1078000,332000,379000,8000,532000
4810320,Texas,3,3,BLANCO ISD,1088,15674000,1937000,1249000,256000,348000,84000,613000
4810350,Texas,3,3,BLAND ISD,773,10200000,850000,717000,42000,53000,37000,261000
4810380,Texas,3,3,BLANKET ISD,142,2625000,43000,38000,0,0,5000,53000
4810440,Texas,3,3,BLOOMBURG ISD,256,3725000,233000,213000,6000,14000,0,47000
4810470,Texas,3,3,BLOOMING GROVE ISD,920,11145000,771000,555000,54000,134000,28000,261000
4810500,Texas,3,3,BLOOMINGTON ISD,890,12102000,1164000,836000,92000,220000,10000,209000
4810590,Texas,3,3,BLUE RIDGE ISD,1009,12020000,644000,602000,0,7000,35000,418000
4810620,Texas,3,3,BLUFF DALE ISD,242,2967000,222000,192000,7000,23000,0,46000
4810650,Texas,3,3,BLUM ISD,338,4925000,598000,382000,78000,101000,33000,167000
4810710,Texas,3,3,BOERNE ISD,10763,102881000,13937000,9654000,1363000,2296000,625000,5932000
4810740,Texas,3,3,BOLES ISD,547,8811000,708000,543000,44000,31000,0,352000
4810780,Texas,3,3,BOLING ISD,1146,12744000,657000,463000,0,116000,45000,215000
4810800,Texas,3,3,BONHAM ISD,1899,25738000,4482000,3003000,931000,434000,115000,839000
4810830,Texas,3,3,BOOKER ISD,343,5438000,286000,240000,1000,42000,0,46000
4810860,Texas,3,3,BORDEN COUNTY ISD,225,6737000,365000,202000,22000,141000,0,67000
4810890,Texas,3,3,BORGER ISD,2477,27818000,3420000,2283000,738000,366000,33000,585000
4810910,Texas,3,3,BOSQUEVILLE ISD,720,9504000,1212000,978000,35000,190000,9000,323000
4810950,Texas,3,3,BOVINA ISD,425,6576000,439000,350000,18000,71000,0,217000
4810990,Texas,3,3,BOWIE ISD,1644,18334000,1602000,1142000,149000,229000,53000,475000
4811010,Texas,3,3,BOYD ISD,1266,15640000,1224000,800000,80000,119000,225000,317000
4811040,Texas,3,3,BOYS RANCH ISD,164,6504000,663000,433000,139000,91000,0,262000
4811070,Texas,3,3,BRACKETT ISD,552,8791000,821000,625000,47000,142000,6000,314000
4811110,Texas,3,3,BRADY ISD,956,13923000,2387000,1376000,621000,380000,10000,302000
4811190,Texas,3,3,BRAZOSPORT ISD,11618,152052000,18060000,11776000,3060000,2760000,464000,7037000
4811220,Texas,3,3,BRECKENRIDGE ISD,1409,16961000,2050000,1381000,308000,348000,13000,475000
4811250,Texas,3,3,BREMOND ISD,508,7117000,414000,350000,9000,36000,19000,203000
4811280,Texas,3,3,BRENHAM ISD,4939,62343000,8550000,6219000,1289000,387000,655000,3917000
4811310,Texas,3,3,BRIDGE CITY ISD,3144,32021000,3642000,3016000,121000,433000,61000,777000
4811340,Texas,3,3,BRIDGEPORT ISD,2058,26921000,4911000,2801000,1173000,453000,198000,1088000
4811400,Texas,3,3,FORT ELLIOTT CISD,153,3352000,220000,170000,10000,12000,0,90000
4811430,Texas,3,3,BROADDUS ISD,383,6017000,482000,371000,23000,9000,27000,163000
4811460,Texas,3,3,BROCK ISD,2085,22181000,1975000,1627000,55000,263000,28000,850000
4811490,Texas,3,3,BRONTE ISD,235,3835000,296000,233000,8000,46000,0,128000
4811520,Texas,3,3,BROOKELAND ISD,341,6098000,363000,318000,1000,27000,0,63000
4811550,Texas,3,3,BROOKESMITH ISD,188,4212000,758000,391000,158000,168000,1000,54000
4811580,Texas,3,3,BROOKS COUNTY ISD,1285,21493000,2229000,1727000,184000,302000,16000,426000
4811610,Texas,3,3,BROWNFIELD ISD,1647,25089000,2182000,1417000,284000,420000,58000,341000
4811640,Texas,3,3,BROWNSBORO ISD,2620,30800000,3303000,2145000,782000,375000,0,684000
4811680,Texas,3,3,BROWNSVILLE ISD,37898,532124000,64821000,47423000,5466000,9689000,2243000,19834000
4811700,Texas,3,3,BROWNWOOD ISD,3443,44619000,5054000,3320000,1060000,674000,0,807000
4811730,Texas,3,3,BRUCEVILLE-EDDY ISD,588,8975000,380000,234000,43000,25000,79000,25000
4811790,Texas,3,2,BRYAN ISD,16036,207891000,31364000,21521000,5046000,4652000,0,7029000
4811820,Texas,3,3,BRYSON ISD,259,3509000,202000,177000,0,14000,0,30000
4811850,Texas,3,3,BUCKHOLTS ISD,110,2380000,111000,105000,0,1000,0,48000
4811910,Texas,3,3,BUENA VISTA ISD,251,3831000,177000,148000,16000,14000,0,56000
4811990,Texas,3,3,BUFFALO ISD,1052,14070000,816000,717000,24000,74000,0,342000
4812060,Texas,3,3,BULLARD ISD,2886,32554000,3832000,2271000,1002000,445000,0,622000
4812090,Texas,3,3,BUNA ISD,1477,18415000,3406000,2035000,804000,476000,91000,600000
4812120,Texas,3,3,BURKBURNETT ISD,3211,39088000,6034000,3550000,1369000,894000,218000,1177000
4812150,Texas,3,3,BURKEVILLE ISD,229,3928000,397000,249000,2000,105000,0,80000
4812180,Texas,3,3,BURLESON ISD,12865,130731000,17433000,10743000,3347000,3343000,0,4211000
4812220,Texas,3,3,BURNET CISD,3304,39497000,4544000,2796000,860000,552000,336000,722000
4812240,Texas,3,3,BURTON ISD,532,8163000,707000,485000,13000,210000,0,71000
4812360,Texas,3,3,BYNUM ISD,189,2960000,199000,136000,14000,29000,8000,13000
4812390,Texas,3,3,CADDO MILLS ISD,2642,28440000,3768000,2333000,628000,618000,175000,988000
4812420,Texas,3,3,CALALLEN ISD,3952,50883000,6514000,4260000,1238000,833000,184000,1412000
4812460,Texas,3,3,CALDWELL ISD,1932,24838000,1885000,1526000,123000,123000,113000,588000
4812480,Texas,3,3,CALHOUN COUNTY ISD,3530,49434000,6188000,4466000,711000,931000,80000,1682000
4812510,Texas,3,3,CALLISBURG ISD,1166,13580000,603000,519000,15000,68000,0,382000
4812540,Texas,3,3,CALVERT ISD,134,3205000,189000,147000,8000,2000,0,58000
4812640,Texas,3,3,CAMERON ISD,1554,19280000,1225000,874000,72000,221000,55000,326000
4812660,Texas,3,3,CAMPBELL ISD,295,4759000,586000,457000,55000,38000,0,288000
4812700,Texas,3,3,CANADIAN ISD,829,12031000,529000,421000,20000,88000,0,181000
4812750,Texas,3,3,CANTON ISD,2303,22313000,1881000,1218000,303000,317000,43000,753000
4812780,Texas,3,3,CANUTILLO ISD,6076,82987000,7782000,5230000,1085000,875000,470000,1873000
4812810,Texas,3,3,CANYON ISD,11075,109695000,10832000,7525000,1907000,1401000,0,3463000
4812870,Texas,3,3,CARLISLE ISD,623,10115000,858000,667000,28000,156000,8000,263000
4812990,Texas,3,3,CARRIZO SPRINGS CISD,1903,31748000,3010000,2055000,213000,693000,49000,521000
4813020,Texas,3,3,CARROLL ISD,8471,92151000,11497000,7799000,1910000,1788000,0,2434000
4813050,Texas,3,3,CARROLLTON-FARMERS BRANCH ISD,24747,327318000,50457000,33754000,7488000,5932000,3272000,10689000
4813110,Texas,3,3,CARTHAGE ISD,2621,36463000,4850000,4769000,45000,36000,0,1173000
4813170,Texas,3,3,CASTLEBERRY ISD,3710,55197000,4787000,3433000,500000,748000,106000,1467000
4813200,Texas,3,3,CAYUGA ISD,594,10246000,2582000,1166000,1031000,332000,5000,166000
4813230,Texas,3,3,CEDAR HILL ISD,6920,76863000,7224000,4704000,1134000,733000,653000,1721000
4813260,Texas,3,3,CELESTE ISD,519,7489000,538000,423000,31000,62000,10000,266000
4813290,Texas,3,3,CELINA ISD,3897,42708000,4104000,3398000,200000,272000,179000,1418000
4813320,Texas,3,3,CENTER ISD,2491,30384000,3422000,2185000,637000,481000,119000,703000
4813350,Texas,3,3,CENTER POINT ISD,549,8543000,1088000,695000,255000,128000,8000,176000
4813380,Texas,3,3,CENTERVILLE ISD,147,2520000,110000,87000,22000,1000,0,38000
4813410,Texas,3,3,CENTERVILLE ISD,691,10150000,1418000,825000,433000,154000,6000,314000
4813440,Texas,3,3,CENTRAL HEIGHTS ISD,1104,14279000,2845000,1804000,662000,361000,18000,672000
4813500,Texas,3,3,CENTRAL ISD,1463,18678000,2727000,1976000,189000,460000,102000,511000
4813530,Texas,3,3,LUMBERTON ISD,4195,39794000,5742000,4025000,767000,784000,164000,1354000
4813590,Texas,3,3,CHANNELVIEW ISD,9520,127962000,13921000,9325000,2077000,1803000,716000,3644000
4813620,Texas,3,3,CHANNING ISD,161,2339000,166000,151000,0,11000,0,11000
4813650,Texas,3,3,CHAPEL HILL ISD,3308,41157000,4324000,2911000,773000,565000,76000,1147000
4813680,Texas,3,3,CHAPEL HILL ISD,1061,13778000,1383000,1058000,56000,254000,15000,300000
4813710,Texas,3,3,CHARLOTTE ISD,433,7773000,688000,459000,53000,131000,45000,78000
4813740,Texas,3,3,CHEROKEE ISD,139,2888000,176000,141000,6000,23000,0,78000
4813770,Texas,3,3,CHESTER ISD,213,3382000,179000,141000,0,18000,19000,0
4813800,Texas,3,3,CHICO ISD,549,7611000,283000,239000,4000,20000,21000,64000
4813860,Texas,3,3,CHILDRESS ISD,1005,12675000,862000,693000,42000,111000,16000,279000
4813890,Texas,3,3,CHILLICOTHE ISD,202,3742000,348000,280000,2000,5000,0,114000
4813920,Texas,3,3,CHILTON ISD,553,7794000,322000,225000,13000,85000,0,54000
4813960,Texas,3,3,CHINA SPRING ISD,3010,31301000,3879000,2864000,532000,483000,0,968000
4813980,Texas,3,3,CHIRENO ISD,404,5188000,288000,270000,3000,0,0,76000
4814010,Texas,3,3,CHRISTOVAL ISD,613,7304000,346000,267000,14000,39000,25000,53000
4814070,Texas,3,3,CISCO ISD,829,11672000,794000,581000,66000,69000,12000,295000
4814130,Texas,3,3,CITY VIEW ISD,1133,17568000,3447000,2176000,675000,444000,0,561000
4814160,Texas,3,3,CLARENDON ISD,434,6363000,556000,446000,10000,98000,0,223000
4814190,Texas,3,3,CLARKSVILLE ISD,522,7970000,912000,639000,51000,200000,21000,105000
4814250,Texas,3,3,CLAUDE ISD,328,4185000,225000,175000,12000,35000,0,44000
4814280,Texas,3,3,CLEAR CREEK ISD,40693,415649000,67575000,48803000,8595000,7303000,2469000,23661000
4814310,Texas,3,3,CLEBURNE ISD,7243,86346000,9773000,7155000,1318000,1299000,0,2578000
4814370,Texas,3,3,CLEVELAND ISD,11567,155173000,13256000,7413000,2969000,1431000,1263000,3620000
4814400,Texas,3,3,CLIFTON ISD,1024,13476000,1423000,903000,219000,277000,24000,471000
4814430,Texas,3,3,CLINT ISD,10365,142883000,16302000,11065000,2250000,2516000,472000,4785000
4814450,Texas,3,3,CLYDE CISD,1440,17795000,1413000,1027000,103000,259000,24000,565000
4814490,Texas,3,3,COAHOMA ISD,1095,14763000,3230000,2254000,643000,311000,22000,471000
4814520,Texas,3,3,COLDSPRING-OAKHURST CISD,1622,23120000,2267000,1382000,316000,380000,185000,499000
4814550,Texas,3,3,COLEMAN ISD,794,11530000,1015000,713000,159000,102000,28000,243000
4814580,Texas,3,3,COLLINSVILLE ISD,537,7550000,398000,313000,9000,75000,0,80000
4814600,Texas,3,3,COLMESNEIL ISD,452,5722000,276000,224000,9000,24000,19000,211000
4814640,Texas,3,3,COLORADO ISD,949,13928000,2067000,1410000,505000,152000,0,321000
4814670,Texas,3,3,COLUMBIA-BRAZORIA ISD,2927,34008000,3481000,2505000,372000,510000,89000,1206000
4814700,Texas,3,3,COLUMBUS ISD,1610,20168000,2761000,1982000,337000,360000,82000,388000
4814730,Texas,3,3,COMAL ISD,28511,277595000,32836000,26103000,4091000,2634000,7000,13249000
4814760,Texas,3,3,COMANCHE ISD,1339,17012000,1217000,1066000,22000,122000,7000,569000
4814790,Texas,3,3,COMFORT ISD,1104,15247000,1586000,1018000,169000,391000,8000,324000
4814820,Texas,3,3,COMMERCE ISD,1517,24125000,4107000,2047000,1302000,759000,0,965000
4814850,Texas,3,3,COMMUNITY ISD,4143,48540000,5268000,3591000,533000,947000,196000,2317000
4814880,Texas,3,3,COMO-PICKTON CISD,734,10856000,819000,795000,0,2000,22000,282000
4814920,Texas,3,3,COMSTOCK ISD,222,3501000,248000,218000,11000,19000,0,47000
4814970,Texas,3,3,CONNALLY ISD,2332,30114000,2910000,1808000,458000,510000,133000,530000
4815000,Texas,3,3,CONROE ISD,70783,732514000,102252000,65130000,18990000,11445000,6606000,40601000
4815120,Texas,3,3,COOLIDGE ISD,295,4665000,337000,257000,8000,41000,0,105000
4815150,Texas,3,3,COOPER ISD,888,10974000,680000,560000,7000,93000,19000,192000
4815180,Texas,3,3,LUBBOCK-COOPER ISD,7750,80362000,8482000,5927000,1334000,1211000,11000,2160000
4815210,Texas,3,3,COPPELL ISD,13361,139693000,20686000,13248000,3281000,2378000,1779000,5657000
4815240,Texas,3,3,COPPERAS COVE ISD,8043,99053000,13472000,8624000,2521000,1865000,439000,3659000
4815270,Texas,3,3,CORPUS CHRISTI ISD,33387,395165000,45391000,33806000,5790000,5794000,0,12416000
4815300,Texas,3,3,CORRIGAN-CAMDEN ISD,836,14210000,2116000,982000,737000,371000,25000,310000
4815330,Texas,3,3,CORSICANA ISD,6096,71177000,9974000,7600000,1212000,1123000,40000,2446000
4815360,Texas,3,3,COTTON CENTER ISD,100,2427000,92000,79000,5000,3000,0,0
4815400,Texas,3,3,COTULLA ISD,1170,24766000,2226000,1690000,137000,245000,120000,357000
4815420,Texas,1,3,COUPLAND ISD,285,4158000,268000,242000,1000,9000,0,109000
4815480,Texas,3,3,COVINGTON ISD,319,8510000,3283000,2037000,952000,119000,9000,51000
4815510,Texas,3,3,CRANDALL ISD,6003,65002000,7762000,5351000,1160000,1242000,0,2024000
4815540,Texas,3,3,CRANE ISD,1179,17111000,1863000,1292000,112000,457000,2000,282000
4815570,Texas,3,3,CRANFILLS GAP ISD,126,2452000,96000,78000,7000,11000,0,28000
4815600,Texas,3,3,CRAWFORD ISD,593,7485000,268000,220000,11000,28000,9000,150000
4815690,Texas,3,3,CROCKETT COUNTY CONSOLIDATED CSD,706,13600000,1047000,714000,136000,197000,0,177000
4815720,Texas,3,3,CROCKETT ISD,1203,18532000,2341000,1173000,621000,483000,64000,613000
4815750,Texas,3,3,CROSBY ISD,6717,67668000,9141000,6003000,1607000,1152000,333000,3178000
4815810,Texas,3,3,CROSS PLAINS ISD,377,5362000,381000,332000,2000,46000,0,101000
4815840,Texas,3,3,CROSS ROADS ISD,560,7818000,760000,627000,8000,109000,16000,152000
4815870,Texas,3,3,CROWELL ISD,197,3436000,332000,291000,3000,38000,0,104000
4815910,Texas,3,3,CROWLEY ISD,16729,206050000,28013000,17805000,3048000,3283000,3877000,9515000
4815930,Texas,3,3,CRYSTAL CITY ISD,1799,29136000,3595000,2808000,516000,272000,0,293000
4815960,Texas,3,3,CUERO ISD,1937,26282000,3283000,2244000,524000,515000,1000,753000
4815990,Texas,3,3,CULBERSON COUNTY-ALLAMOORE ISD,366,9604000,491000,398000,12000,81000,0,13000
4816020,Texas,3,3,CUMBY COLLEGIATE ISD,431,6598000,537000,425000,17000,93000,3000,67000
4816080,Texas,3,3,CUSHING ISD,547,7231000,343000,277000,8000,52000,7000,252000
4816110,Texas,3,3,CYPRESS-FAIRBANKS ISD,118010,1261852000,160261000,120936000,19695000,10387000,9243000,57683000
4816140,Texas,3,3,D'HANIS ISD,284,3842000,414000,277000,52000,84000,0,100000
4816180,Texas,3,3,DAINGERFIELD-LONE STAR ISD,1013,16194000,2369000,1411000,545000,395000,14000,532000
4816200,Texas,3,3,DALHART ISD,1770,18638000,1393000,900000,205000,288000,0,349000
4816230,Texas,3,3,DALLAS ISD,141169,2042681000,205302000,125505000,28712000,29124000,21519000,53722000
4816260,Texas,1,3,DAMON ISD,94,2690000,51000,43000,8000,0,0,51000
4816290,Texas,3,3,DANBURY ISD,737,10895000,930000,837000,61000,32000,0,547000
4816320,Texas,3,3,DARROUZETT ISD,112,2441000,168000,152000,6000,2000,0,37000
4816350,Texas,3,3,DAWSON ISD,139,2439000,87000,79000,2000,2000,0,6000
4816380,Texas,3,3,DAWSON ISD,546,8355000,560000,471000,12000,76000,1000,175000
4816410,Texas,3,3,DAYTON ISD,5776,62976000,9142000,5318000,1592000,1621000,612000,1917000
4816440,Texas,3,3,DE LEON ISD,720,11366000,2130000,1214000,518000,397000,0,424000
4816500,Texas,3,3,DECATUR ISD,3838,43143000,4790000,3290000,798000,703000,0,1553000
4816530,Texas,3,3,DEER PARK ISD,12263,162904000,24939000,15746000,4603000,3923000,657000,7792000
4816570,Texas,3,3,DEKALB ISD,828,9850000,292000,224000,23000,45000,0,135000
4816620,Texas,3,3,DEL VALLE ISD,11118,144873000,17095000,13255000,2064000,1775000,0,5869000
4816650,Texas,3,3,DELL CITY ISD,61,1735000,78000,30000,26000,5000,0,11000
4816710,Texas,3,3,DENISON ISD,4868,61442000,7882000,5721000,1233000,821000,107000,2330000
4816740,Texas,3,3,DENTON ISD,32521,373473000,56164000,36801000,9720000,8278000,1295000,10089000
4816770,Texas,3,3,DENVER CITY ISD,1557,21737000,2169000,1245000,484000,380000,58000,299000
4816860,Texas,3,3,DESOTO ISD,6322,86461000,11184000,7100000,1516000,2072000,497000,2903000
4816890,Texas,3,3,DETROIT ISD,490,9670000,1149000,648000,384000,116000,0,180000
4816920,Texas,1,3,DEVERS ISD,204,2629000,83000,83000,0,0,0,69000
4816950,Texas,3,3,DEVINE ISD,2007,20733000,2883000,1822000,573000,488000,0,758000
4816980,Texas,1,3,DEW ISD,137,2669000,128000,120000,4000,4000,0,68000
4817010,Texas,3,3,DEWEYVILLE ISD,548,8576000,919000,523000,261000,91000,44000,175000
4817040,Texas,3,3,DIBOLL ISD,1669,24115000,1925000,1125000,360000,348000,70000,426000
4817070,Texas,3,3,DICKINSON ISD,12360,149850000,20457000,14131000,2614000,2868000,844000,5601000
4817100,Texas,3,3,DILLEY ISD,899,14237000,1487000,1060000,75000,337000,15000,395000
4817130,Texas,3,3,DIME BOX ISD,170,3139000,195000,156000,6000,3000,0,124000
4817160,Texas,3,3,DIMMITT ISD,1097,14872000,1219000,691000,205000,301000,17000,242000
4817280,Texas,3,3,DODD CITY ISD,331,4191000,198000,175000,5000,16000,3000,82000
4817390,Texas,3,3,DONNA ISD,13165,200068000,15023000,10806000,2163000,2053000,0,4176000
4817460,Texas,3,3,DOUGLASS ISD,436,4927000,296000,225000,14000,38000,19000,89000
4817550,Texas,1,3,DRISCOLL ISD,287,4855000,303000,270000,20000,12000,0,118000
4817580,Texas,3,3,DUBLIN ISD,1146,14754000,1365000,786000,245000,299000,35000,217000
4817610,Texas,3,3,DUMAS ISD,4192,44130000,5227000,3726000,645000,724000,0,1365000
4817640,Texas,3,3,DUNCANVILLE ISD,11915,145884000,18098000,11633000,2707000,3274000,484000,4140000
4817700,Texas,3,3,EAGLE MT-SAGINAW ISD,23196,245708000,35539000,23230000,5819000,4596000,1894000,10850000
4817730,Texas,3,3,EAGLE PASS ISD,13935,175928000,14594000,10887000,1510000,1729000,468000,3358000
4817760,Texas,3,3,EANES ISD,7733,95172000,18980000,13836000,1863000,2765000,410000,6414000
4817790,Texas,3,3,EARLY ISD,1155,14069000,2175000,1437000,410000,327000,2000,611000
4817830,Texas,3,3,EAST BERNARD ISD,974,11436000,541000,398000,117000,2000,24000,64000
4817850,Texas,3,2,EAST CENTRAL ISD,10617,116674000,16284000,11070000,2013000,2296000,894000,4296000
4817880,Texas,3,3,EAST CHAMBERS ISD,1556,21176000,1154000,848000,216000,68000,17000,869000
4817960,Texas,3,3,EASTLAND ISD,1057,12073000,1047000,836000,40000,152000,7000,274000
4818000,Texas,3,2,ECTOR COUNTY ISD,33340,357519000,28893000,21020000,3509000,3997000,366000,11677000
4818030,Texas,3,3,ECTOR ISD,230,3669000,368000,286000,28000,2000,0,86000
4818060,Texas,3,3,EDCOUCH-ELSA ISD,4366,70765000,6371000,4692000,1055000,624000,0,687000
4818070,Texas,3,3,EDEN CISD,215,4110000,193000,155000,22000,2000,10000,5000
4818120,Texas,3,3,EDGEWOOD ISD,1042,13016000,1439000,811000,390000,195000,44000,284000
4818150,Texas,3,2,EDGEWOOD ISD,8177,134162000,13993000,8675000,1826000,3149000,319000,2757000
4818180,Texas,3,3,EDINBURG CISD,33911,445213000,32379000,23895000,4157000,3369000,958000,5187000
4818210,Texas,3,3,EDNA ISD,1573,20930000,2958000,2025000,498000,379000,57000,626000
4818280,Texas,3,3,EL CAMPO ISD,3349,44714000,6933000,4536000,1168000,941000,286000,1219000
4818300,Texas,3,3,EL PASO ISD,50031,646963000,78804000,48321000,13742000,12258000,4484000,10141000
4818330,Texas,3,3,ELECTRA ISD,456,7446000,644000,399000,88000,138000,10000,107000
4818360,Texas,3,3,ELGIN ISD,5404,59876000,6869000,3814000,712000,1596000,746000,1181000
4818390,Texas,3,3,ELKHART ISD,1194,15083000,1241000,995000,51000,164000,31000,508000
4818480,Texas,3,3,ELYSIAN FIELDS ISD,813,11868000,882000,672000,54000,114000,42000,319000
4818540,Texas,3,3,ENNIS ISD,6185,70070000,7318000,4659000,1405000,1099000,155000,2492000
4818600,Texas,3,3,ERA ISD,542,6476000,306000,247000,24000,36000,0,119000
4818690,Texas,3,3,EULA ISD,474,6942000,493000,390000,30000,29000,15000,184000
4818720,Texas,3,3,EUSTACE ISD,1727,20388000,2359000,1555000,399000,296000,109000,460000
4818750,Texas,3,3,EVADALE ISD,371,6064000,584000,432000,10000,142000,0,131000
4818780,Texas,3,3,EVANT ISD,203,3584000,290000,207000,1000,79000,4000,0
4818810,Texas,3,3,EVERMAN ISD,5354,77459000,7717000,4980000,1089000,1450000,190000,2140000
4818840,Texas,1,3,EXCELSIOR ISD,74,1555000,99000,93000,3000,4000,0,0
4818890,Texas,3,3,EZZELL ISD,112,1434000,32000,31000,1000,0,0,36000
4818900,Texas,3,3,FABENS ISD,1931,30040000,3240000,2031000,636000,527000,46000,947000
4818940,Texas,3,3,FAIRFIELD ISD,1662,24204000,4097000,2249000,1297000,534000,9000,772000
4819020,Texas,3,3,FALLS CITY ISD,442,6486000,462000,250000,52000,70000,0,101000
4819050,Texas,3,3,FANNINDEL ISD,147,3308000,168000,103000,7000,24000,34000,101000
4819080,Texas,3,3,FARMERSVILLE ISD,2115,23865000,3035000,2340000,133000,527000,35000,858000
4819110,Texas,3,3,FARWELL ISD,606,7764000,591000,471000,23000,97000,0,98000
4819140,Texas,3,3,FAYETTEVILLE ISD,302,3453000,167000,164000,3000,0,0,160000
4819170,Texas,3,3,FERRIS ISD,2716,31691000,4046000,2424000,553000,1014000,44000,2077000
4819280,Texas,3,3,FLATONIA ISD,661,8925000,846000,612000,78000,143000,13000,390000
4819320,Texas,3,3,FLORENCE ISD,1167,14857000,1733000,1175000,167000,330000,61000,555000
4819350,Texas,3,3,FLORESVILLE ISD,4042,43567000,4453000,3529000,425000,493000,0,800000
4819380,Texas,3,3,FLOUR BLUFF ISD,5732,59940000,7911000,5071000,1234000,1469000,115000,2278000
4819440,Texas,3,2,FLOYDADA COLLEGIATE ISD,684,12755000,1096000,691000,105000,273000,27000,199000
4819500,Texas,3,3,FOLLETT ISD,184,2692000,249000,187000,26000,12000,0,43000
4819530,Texas,3,3,FORESTBURG ISD,185,2696000,187000,165000,0,12000,6000,91000
4819560,Texas,3,3,FORNEY ISD,16211,162623000,19556000,12930000,3758000,2789000,4000,5773000
4819620,Texas,3,3,FORSAN ISD,753,8990000,535000,433000,16000,39000,0,133000
4819650,Texas,3,3,FORT BEND ISD,79660,838030000,131502000,81564000,20256000,27495000,2187000,32969000
4819700,Texas,3,2,FORT WORTH ISD,72783,996413000,111844000,78002000,16088000,14347000,2997000,24270000
4819740,Texas,3,3,FRANKLIN ISD,1353,20396000,3070000,1699000,786000,508000,18000,1064000
4819770,Texas,3,3,FRANKSTON ISD,802,11705000,983000,819000,24000,109000,14000,310000
4819820,Texas,3,3,FREER ISD,734,13579000,1058000,697000,95000,264000,2000,351000
4819830,Texas,3,3,FRENSHIP ISD,11165,112296000,11492000,7103000,1847000,1725000,816000,3058000
4819840,Texas,3,3,FREDERICKSBURG ISD,3094,37534000,5391000,3141000,1259000,859000,132000,1048000
4819950,Texas,3,3,FRIENDSWOOD ISD,6213,65603000,10410000,6670000,1927000,1579000,234000,3018000
4819980,Texas,3,3,FRIONA ISD,1063,15477000,1873000,1021000,492000,356000,5000,427000
4820010,Texas,3,3,FRISCO ISD,66916,683672000,107911000,70205000,16246000,14973000,6487000,34185000
4820040,Texas,3,3,FROST ISD,458,6791000,373000,284000,12000,2000,6000,102000
4820070,Texas,3,3,FRUITVALE ISD,398,7100000,603000,356000,183000,60000,3000,139000
4820100,Texas,3,3,FT DAVIS ISD,183,3483000,175000,139000,10000,8000,0,66000
4820130,Texas,3,3,FT HANCOCK ISD,377,7002000,546000,453000,10000,83000,0,176000
4820160,Texas,3,3,FT SAM HOUSTON ISD,1627,30175000,6584000,4397000,765000,1277000,145000,1299000
4820190,Texas,3,3,FORT STOCKTON ISD,2187,31134000,3011000,2155000,244000,492000,119000,1047000
4820220,Texas,3,3,GAINESVILLE ISD,3096,35535000,3613000,2712000,444000,322000,135000,482000
4820250,Texas,3,3,GALENA PARK ISD,21392,292114000,33711000,22154000,5243000,6042000,244000,7417000
4820280,Texas,3,2,GALVESTON ISD,6486,89807000,9248000,6449000,1457000,937000,379000,2235000
4820310,Texas,3,3,GANADO ISD,711,9715000,486000,378000,14000,72000,21000,85000
4820340,Texas,3,3,GARLAND ISD,52767,661391000,69837000,45998000,9307000,11403000,3129000,16873000
4820370,Texas,3,3,GARNER ISD,323,4269000,300000,280000,1000,4000,1000,38000
4820400,Texas,3,3,GARRISON ISD,760,8470000,393000,324000,2000,33000,32000,115000
4820460,Texas,3,3,GARY ISD,493,6301000,453000,352000,27000,59000,14000,0
4820500,Texas,3,3,GATESVILLE ISD,2708,29662000,4725000,3135000,742000,640000,143000,889000
4820520,Texas,1,3,GAUSE ISD,154,2468000,106000,95000,1000,9000,0,89000
4820550,Texas,3,3,GEORGE WEST ISD,1083,13359000,1046000,667000,251000,99000,28000,285000
4820600,Texas,3,3,GEORGETOWN ISD,13155,147815000,24680000,17480000,2777000,3942000,481000,7866000
4820610,Texas,3,3,GHOLSON ISD,263,3034000,137000,107000,5000,25000,0,68000
4820640,Texas,3,3,GIDDINGS ISD,1930,21298000,2570000,1657000,422000,450000,41000,542000
4820700,Texas,3,3,GILMER ISD,2825,34975000,5582000,3377000,1594000,449000,96000,915000
4820760,Texas,3,3,GLADEWATER ISD,1755,21583000,2346000,1722000,143000,389000,91000,437000
4820790,Texas,3,3,GLASSCOCK COUNTY ISD,295,14501000,697000,599000,9000,89000,0,36000
4820850,Texas,3,3,GLEN ROSE ISD,1967,25771000,2790000,1946000,470000,306000,68000,602000
4820960,Texas,3,3,GODLEY ISD,2811,40380000,7451000,4679000,1400000,1017000,354000,1452000
4820970,Texas,3,3,GOLD BURG ISD,154,2334000,154000,131000,0,2000,0,21000
4821000,Texas,3,3,GOLDTHWAITE ISD,537,9929000,2461000,1403000,742000,270000,9000,194000
4821030,Texas,3,3,GOLIAD ISD,1312,18290000,2084000,1361000,238000,474000,11000,548000
4821060,Texas,3,3,GONZALES ISD,2605,33582000,3458000,2333000,623000,407000,89000,752000
4821090,Texas,3,3,GOODRICH ISD,262,3686000,136000,120000,14000,0,2000,59000
4821150,Texas,3,3,GOOSE CREEK CISD,24431,305900000,35851000,24279000,5291000,6205000,0,12137000
4821180,Texas,3,3,GORDON ISD,239,3374000,180000,137000,0,15000,28000,70000
4821270,Texas,3,3,GORMAN ISD,253,6153000,1995000,845000,764000,279000,1000,190000
4821300,Texas,3,3,GRADY ISD,258,5673000,103000,87000,7000,10000,0,76000
4821330,Texas,3,3,GRAFORD ISD,321,5337000,304000,277000,6000,5000,17000,111000
4821360,Texas,3,3,GRAHAM ISD,2261,25589000,3157000,2235000,316000,470000,122000,742000
4821390,Texas,3,3,GRANBURY ISD,7954,84699000,10862000,7498000,2077000,608000,679000,3381000
4821420,Texas,3,2,GRAND PRAIRIE ISD,27019,323589000,35782000,18670000,8249000,6460000,2404000,6170000
4821450,Texas,3,3,GRAND SALINE ISD,1214,15830000,2028000,1385000,208000,404000,31000,330000
4821480,Texas,3,3,GRANDFALLS-ROYALTY ISD,137,2668000,137000,115000,5000,18000,0,54000
4821540,Texas,3,3,GRANDVIEW ISD,1403,14578000,649000,590000,22000,37000,0,447000
4821590,Texas,3,3,GRANGER ISD,549,6948000,412000,264000,35000,58000,55000,34000
4821600,Texas,3,3,GRAPE CREEK ISD,1172,14299000,1583000,979000,372000,232000,0,571000
4821630,Texas,3,3,GRAPELAND ISD,615,8369000,522000,430000,5000,87000,0,0
4821660,Texas,3,3,GRAPEVINE-COLLEYVILLE ISD,13772,146893000,17601000,12212000,2639000,2198000,552000,4117000
4821720,Texas,3,3,GREENVILLE ISD,5422,64077000,7994000,6038000,713000,1118000,125000,2343000
4821750,Texas,3,3,GREENWOOD ISD,3140,39404000,1820000,1392000,49000,338000,41000,1164000
4821780,Texas,3,3,GREGORY-PORTLAND ISD,4937,70203000,9146000,6372000,1073000,1618000,83000,1928000
4821810,Texas,3,3,GROESBECK ISD,1573,20322000,2336000,1340000,503000,382000,110000,478000
4821840,Texas,3,3,GROOM ISD,150,2691000,168000,153000,6000,10000,0,49000
4821900,Texas,3,3,GROVETON ISD,768,11434000,2045000,1479000,64000,295000,42000,330000
4821930,Texas,3,3,GRUVER ISD,441,6763000,397000,331000,21000,23000,0,242000
4821960,Texas,3,3,GUNTER ISD,1158,21978000,8447000,5336000,2300000,316000,495000,1314000
4821990,Texas,3,3,GUSTINE ISD,141,2878000,99000,79000,4000,4000,0,31000
4822020,Texas,3,3,GUTHRIE CSD,119,2838000,52000,47000,0,5000,0,38000
4822050,Texas,3,3,HALE CENTER ISD,585,7718000,358000,266000,35000,58000,0,139000
4822120,Texas,3,3,HALLETTSVILLE ISD,1172,13859000,720000,540000,35000,113000,32000,432000
4822140,Texas,1,3,HALLSBURG ISD,146,1902000,87000,79000,1000,7000,0,39000
4822170,Texas,3,3,HALLSVILLE ISD,19818,217137000,21815000,19545000,1197000,932000,141000,1459000
4822230,Texas,3,3,HAMILTON ISD,817,12448000,761000,630000,33000,92000,7000,434000
4822320,Texas,3,3,HAMSHIRE-FANNETT ISD,2065,20813000,2082000,1293000,360000,278000,151000,570000
4822350,Texas,3,3,HAPPY ISD,270,3819000,214000,179000,7000,28000,0,102000
4822380,Texas,3,3,HARDIN ISD,1317,13892000,925000,635000,12000,206000,72000,168000
4822410,Texas,3,3,HARDIN-JEFFERSON ISD,2697,27781000,3679000,2560000,601000,412000,106000,913000
4822470,Texas,3,3,HARLANDALE ISD,12174,162048000,18521000,15387000,2272000,862000,0,7362000
4822500,Texas,3,3,HARLETON ISD,705,9974000,659000,514000,19000,125000,2000,219000
4822530,Texas,3,3,HARLINGEN CISD,17034,231430000,22527000,15000000,2469000,3678000,1242000,6483000
4822560,Texas,3,3,HARMONY ISD,1009,13150000,783000,697000,15000,53000,19000,217000
4822590,Texas,3,3,HARPER ISD,584,7163000,452000,367000,16000,70000,0,202000
4822620,Texas,3,3,HARROLD ISD,138,2721000,123000,111000,0,11000,0,60000
4822650,Texas,3,3,HART ISD,207,3263000,227000,198000,8000,0,0,60000
4822680,Texas,3,3,HARTLEY ISD,230,3525000,157000,126000,5000,23000,0,51000
4822710,Texas,3,3,HARTS BLUFF ISD,868,9647000,241000,208000,5000,20000,0,25000
4822740,Texas,3,3,HASKELL CISD,539,8500000,828000,689000,15000,124000,0,394000
4822770,Texas,3,3,HAWKINS ISD,769,10402000,204000,143000,1000,58000,0,101000
4822800,Texas,3,3,HAWLEY ISD,819,12477000,924000,639000,71000,214000,0,384000
4822830,Texas,3,2,HEARNE ISD,751,14560000,1579000,1184000,60000,316000,18000,378000
4822850,Texas,3,3,HEDLEY ISD,117,2346000,160000,140000,1000,9000,0,55000
4822890,Texas,3,3,HEMPHILL ISD,840,12455000,1762000,1101000,414000,248000,0,177000
4822920,Texas,3,3,HEMPSTEAD ISD,1638,23501000,2537000,1592000,365000,547000,27000,647000
4822970,Texas,3,3,HENDERSON ISD,3400,46870000,5326000,3357000,976000,749000,220000,1198000
4822980,Texas,3,3,HENRIETTA ISD,994,16979000,3065000,1678000,902000,389000,3000,494000
4823010,Texas,3,3,HEREFORD ISD,3952,44891000,4594000,2956000,846000,686000,106000,1256000
4823040,Texas,3,3,HERMLEIGH ISD,243,3780000,155000,147000,0,0,0,52000
4823070,Texas,3,3,HICO ISD,623,8053000,205000,175000,12000,19000,0,212000
4823100,Texas,3,3,HIDALGO ISD,3010,42779000,3313000,1989000,746000,431000,146000,378000
4823160,Texas,3,3,HIGH ISLAND ISD,151,3280000,143000,135000,0,4000,5000,55000
4823190,Texas,3,3,HIGHLAND ISD,226,3983000,167000,133000,9000,15000,0,95000
4823250,Texas,3,3,HIGHLAND PARK ISD,6551,80030000,11095000,7015000,2135000,1326000,620000,2132000
4823280,Texas,3,3,HILLSBORO ISD,2011,26725000,3061000,2457000,94000,461000,41000,807000
4823310,Texas,3,3,HITCHCOCK ISD,1841,26334000,5062000,2881000,1094000,965000,122000,1144000
4823370,Texas,3,3,HOLLAND ISD,634,10332000,1978000,926000,756000,281000,14000,250000
4823400,Texas,3,3,HOLLIDAY ISD,1137,12339000,866000,614000,51000,182000,17000,331000
4823430,Texas,3,3,HONDO ISD,1772,17285000,2150000,1495000,209000,411000,35000,820000
4823460,Texas,3,3,HONEY GROVE ISD,617,8248000,585000,406000,45000,98000,25000,138000
4823490,Texas,3,3,HOOKS ISD,920,11314000,407000,265000,37000,102000,0,156000
4823640,Texas,3,2,HOUSTON ISD,189934,2482847000,242118000,155438000,36684000,41143000,8853000,36099000
4823670,Texas,3,3,HOWE ISD,1283,15457000,1326000,898000,115000,310000,0,283000
4823700,Texas,1,3,HUBBARD ISD,77,1257000,99000,68000,0,31000,0,0
4823730,Texas,3,3,HUBBARD ISD,447,5780000,368000,284000,42000,36000,5000,132000
4823760,Texas,3,3,HUCKABAY ISD,313,4160000,89000,80000,4000,5000,0,35000
4823790,Texas,3,3,HUDSON ISD,2768,32106000,3214000,2267000,579000,290000,78000,1684000
4823820,Texas,3,3,HUFFMAN ISD,3717,45729000,5240000,3903000,633000,704000,0,1438000
4823850,Texas,3,3,HUGHES SPRINGS ISD,1149,14630000,1155000,883000,97000,174000,0,527000
4823880,Texas,3,3,HULL-DAISETTA ISD,431,6990000,736000,571000,11000,125000,28000,177000
4823910,Texas,3,3,HUMBLE ISD,48758,524764000,89925000,53383000,17542000,15477000,3506000,19296000
4823970,Texas,1,3,HUNT ISD,202,3483000,258000,217000,19000,21000,0,36000
4824000,Texas,3,3,HUNTINGTON ISD,1593,21681000,2338000,1497000,362000,375000,70000,1615000
4824030,Texas,3,3,HUNTSVILLE ISD,11313,111520000,14475000,12165000,996000,1315000,0,2082000
4824060,Texas,3,3,HURST-EULESS-BEDFORD ISD,22947,235437000,29172000,18412000,4389000,3713000,2658000,9450000
4824100,Texas,3,3,HUTTO ISD,9620,110786000,18630000,12423000,2443000,2924000,839000,4721000
4824120,Texas,3,3,IDALOU ISD,988,11960000,1113000,821000,125000,120000,47000,249000
4824150,Texas,3,3,INDUSTRIAL ISD,1188,14815000,585000,420000,54000,110000,0,337000
4824180,Texas,3,3,INGLESIDE ISD,2023,25980000,3237000,2280000,445000,509000,2000,848000
4824210,Texas,3,3,INGRAM ISD,1240,15979000,1645000,1117000,284000,244000,0,611000
4824240,Texas,3,3,IOLA ISD,587,7653000,549000,500000,0,12000,37000,167000
4824260,Texas,3,3,IOWA PARK CISD,1895,22118000,1780000,1358000,133000,218000,71000,550000
4824300,Texas,3,3,IRA ISD,267,3386000,109000,93000,2000,14000,0,61000
4824330,Texas,3,3,IRAAN-SHEFFIELD COLLEGIATE ISD,335,6651000,473000,430000,10000,33000,0,99000
4824360,Texas,3,3,IREDELL ISD,142,2320000,61000,41000,1000,8000,10000,37000
4824420,Texas,3,3,IRVING ISD,31767,387148000,41936000,27156000,5439000,6286000,2816000,12440000
4824450,Texas,3,3,ITALY ISD,634,10586000,1705000,1179000,269000,215000,41000,290000
4824480,Texas,3,3,ITASCA ISD,651,8545000,612000,459000,21000,116000,16000,145000
4824530,Texas,3,3,JACKSBORO ISD,1083,16765000,1041000,819000,21000,179000,17000,413000
4824590,Texas,3,3,JACKSONVILLE ISD,4909,57745000,8714000,4940000,1174000,822000,182000,1963000
4824600,Texas,3,3,JARRELL ISD,3360,38179000,5138000,3859000,577000,676000,26000,2135000
4824630,Texas,3,3,JASPER ISD,2211,31112000,3916000,2678000,417000,722000,91000,1206000
4824660,Texas,3,3,JAYTON-GIRARD ISD,175,3918000,230000,197000,6000,13000,0,66000
4824730,Texas,3,3,JEFFERSON ISD,1132,16950000,1831000,1090000,292000,366000,19000,422000
4824750,Texas,3,3,JIM HOGG COUNTY ISD,1072,15725000,1875000,1353000,139000,372000,11000,250000
4824780,Texas,3,3,JIM NED CISD,1624,19102000,3866000,2569000,1006000,280000,10000,639000
4824810,Texas,3,3,JOAQUIN ISD,711,10274000,1214000,744000,199000,233000,37000,245000
4824840,Texas,3,3,JOHNSON CITY ISD,722,11172000,1651000,1148000,27000,434000,42000,421000
4824900,Texas,3,3,JONESBORO ISD,329,3667000,132000,80000,11000,26000,15000,34000
4824930,Texas,3,3,JOSHUA ISD,5892,71105000,7849000,4631000,1250000,1256000,713000,1822000
4824960,Texas,3,3,JOURDANTON ISD,1590,19569000,2689000,1960000,165000,528000,37000,639000
4824990,Texas,3,3,JUDSON ISD,25871,291115000,47426000,36224000,4379000,5420000,1401000,14163000
4825020,Texas,3,3,JUNCTION ISD,619,8517000,729000,591000,24000,92000,3000,229000
4825110,Texas,1,3,KARNACK ISD,130,2829000,249000,167000,12000,70000,0,51000
4825140,Texas,3,3,KARNES CITY ISD,4835,50218000,10427000,9943000,152000,324000,8000,291000
4825170,Texas,3,3,KATY ISD,92667,1045675000,164998000,119476000,26460000,16125000,2112000,43585000
4825200,Texas,3,3,KAUFMAN ISD,4332,46879000,4477000,3023000,737000,566000,150000,1174000
4825230,Texas,3,3,KEENE ISD,1053,12876000,912000,735000,72000,105000,0,492000
4825260,Texas,3,3,KELLER ISD,34078,372311000,57717000,35173000,9326000,7688000,5530000,16253000
4825290,Texas,3,3,KELTON ISD,153,2863000,101000,95000,1000,5000,0,48000
4825320,Texas,3,3,KEMP ISD,1835,21724000,2952000,2102000,315000,451000,82000,490000
4825410,Texas,1,3,KENEDY COUNTY WIDE CSD,98,2657000,78000,60000,10000,8000,0,56000
4825440,Texas,3,3,KENEDY ISD,729,12716000,1489000,1111000,103000,233000,25000,299000
4825470,Texas,3,3,KENNARD ISD,258,3904000,310000,167000,47000,93000,3000,18000
4825500,Texas,3,3,KENNEDALE ISD,2855,37197000,3476000,2105000,624000,515000,232000,1742000
4825530,Texas,3,3,KERENS ISD,570,9754000,845000,642000,37000,111000,55000,216000
4825560,Texas,3,3,KERMIT ISD,1374,17350000,2115000,1083000,669000,331000,33000,270000
4825590,Texas,3,3,KERRVILLE ISD,4878,50040000,5785000,4147000,718000,921000,0,2012000
4825620,Texas,3,3,KILGORE ISD,3821,41401000,3382000,2046000,741000,555000,40000,1790000
4825660,Texas,3,3,KILLEEN ISD,43935,519216000,68424000,45470000,11563000,11203000,0,19494000
4825680,Texas,3,3,KINGSVILLE ISD,2694,41248000,5305000,3875000,544000,880000,5000,1464000
4825710,Texas,3,3,KIRBYVILLE CISD,1502,17161000,700000,526000,24000,81000,69000,294000
4825740,Texas,3,3,KLEIN ISD,53712,575723000,86243000,54909000,16829000,11988000,2517000,15792000
4825790,Texas,3,3,KLONDIKE ISD,254,5217000,72000,51000,5000,14000,0,46000
4825800,Texas,3,3,KNIPPA ISD,416,5695000,309000,268000,20000,20000,0,150000
4825870,Texas,3,3,KNOX CITY-O'BRIEN CISD,209,4265000,795000,390000,235000,166000,0,106000
4825890,Texas,3,3,KOPPERL ISD,186,2785000,107000,72000,5000,16000,10000,55000
4825920,Texas,3,3,KOUNTZE ISD,1115,16659000,2814000,1459000,736000,571000,43000,358000
4825950,Texas,3,3,KRESS ISD,279,4017000,262000,225000,0,14000,0,64000
4825980,Texas,3,3,KRUM ISD,2298,24350000,2117000,1520000,99000,392000,96000,1061000
4826040,Texas,3,3,LA FERIA ISD,2926,41092000,3133000,2762000,27000,333000,0,1404000
4826070,Texas,1,3,LA GLORIA ISD,102,1593000,145000,123000,0,0,0,0
4826100,Texas,3,3,LA GRANGE ISD,1883,24479000,4329000,2458000,1193000,515000,163000,827000
4826130,Texas,3,3,LA JOYA ISD,24804,361930000,32807000,23369000,4296000,3813000,1313000,5566000
4826190,Texas,3,3,LA PORTE ISD,7100,90848000,12769000,7664000,2624000,1893000,529000,2475000
4826220,Texas,3,3,LAPOYNOR ISD,491,6888000,660000,502000,64000,76000,1000,156000
4826250,Texas,3,3,LA PRYOR ISD,491,9005000,873000,586000,57000,230000,0,280000
4826280,Texas,3,3,LA VEGA ISD,3017,38717000,2837000,1651000,366000,623000,198000,406000
4826310,Texas,3,3,LA VERNIA ISD,3515,34873000,5299000,4139000,511000,533000,116000,1239000
4826340,Texas,3,3,LA VILLA ISD,566,8863000,383000,300000,18000,55000,10000,36000
4826370,Texas,3,3,LACKLAND ISD,968,18419000,2668000,1620000,377000,469000,202000,697000
4826400,Texas,3,3,LAGO VISTA ISD,1798,19999000,2672000,1819000,216000,456000,171000,490000
4826430,Texas,3,3,LAKE DALLAS ISD,3900,43879000,5794000,3724000,925000,888000,256000,2296000
4826470,Texas,3,3,LAKE TRAVIS ISD,11399,124754000,20167000,13688000,3767000,2170000,542000,4641000
4826490,Texas,3,3,LAKE WORTH ISD,3447,47627000,5034000,3489000,627000,876000,0,1526000
4826580,Texas,3,3,LAMAR CISD,42461,452784000,59968000,41373000,7758000,8302000,2535000,13247000
4826610,Texas,3,3,LAMESA ISD,1588,21850000,2156000,1348000,346000,405000,56000,175000
4826640,Texas,3,3,LAMPASAS ISD,3567,42307000,5860000,4057000,721000,1082000,0,1650000
4826670,Texas,3,3,LANCASTER ISD,7032,81387000,7767000,3774000,2200000,1449000,344000,1956000
4826700,Texas,3,3,LANEVILLE ISD,150,2931000,192000,187000,4000,0,1000,108000
4826790,Texas,3,3,LAREDO ISD,20932,269740000,29491000,19455000,4226000,4258000,1552000,2142000
4826850,Texas,3,3,LASARA ISD,351,6978000,185000,167000,7000,11000,0,130000
4826910,Texas,3,3,LATEXO ISD,497,6913000,358000,309000,10000,17000,15000,162000
4826970,Texas,3,3,LAZBUDDIE ISD,130,2438000,136000,113000,0,1000,0,42000
4827000,Texas,3,3,LEAKEY ISD,361,5574000,388000,294000,23000,57000,9000,203000
4827030,Texas,3,3,LEANDER ISD,42415,452525000,78039000,52532000,12303000,10005000,3077000,23543000
4827060,Texas,1,3,LEARY ISD,93,1161000,108000,82000,0,26000,0,46000
4827090,Texas,3,3,LEFORS ISD,187,2838000,269000,225000,1000,4000,23000,53000
4827120,Texas,3,3,LEGGETT ISD,223,2973000,177000,176000,0,0,1000,7000
4827180,Texas,3,3,LEON ISD,766,10175000,417000,399000,3000,0,15000,315000
4827210,Texas,3,3,LEONARD ISD,814,12711000,911000,632000,62000,108000,107000,169000
4827240,Texas,3,3,LEVELLAND ISD,2691,35790000,6019000,3835000,1096000,754000,154000,1389000
4827270,Texas,3,3,LEVERETTS CHAPEL ISD,234,3656000,226000,203000,8000,14000,0,76000
4827300,Texas,3,3,LEWISVILLE ISD,49060,603380000,88091000,65159000,11890000,11042000,0,37202000
4827330,Texas,3,3,LEXINGTON ISD,1084,13660000,1374000,891000,162000,281000,39000,311000
4827390,Texas,3,3,LIBERTY-EYLAU ISD,2003,29429000,3351000,2088000,606000,571000,85000,1020000
4827420,Texas,3,3,LIBERTY HILL ISD,7869,81127000,12678000,7552000,3131000,1511000,484000,3853000
4827450,Texas,3,3,LIBERTY ISD,2398,30033000,3940000,2379000,842000,619000,95000,824000
4827510,Texas,3,3,LINDALE ISD,4469,46129000,6331000,4063000,1282000,942000,5000,1186000
4827540,Texas,3,3,LINDEN-KILDARE CISD,660,9158000,1123000,766000,99000,258000,0,204000
4827570,Texas,3,3,LINDSAY ISD,486,6085000,159000,134000,5000,20000,0,59000
4827600,Texas,3,3,LINGLEVILLE ISD,282,3907000,243000,212000,14000,5000,12000,108000
4827630,Texas,3,3,LIPAN ISD,467,6348000,436000,356000,18000,61000,0,148000
4827690,Texas,3,3,LITTLE CYPRESS-MAURICEVILLE CISD,3340,36778000,4972000,3111000,733000,963000,164000,1289000
4827720,Texas,3,3,LITTLE ELM ISD,8351,95720000,11448000,6968000,1770000,1735000,957000,2791000
4827750,Texas,3,3,LITTLEFIELD ISD,1203,17234000,1874000,1215000,438000,202000,8000,290000
4827780,Texas,3,3,LIVINGSTON ISD,4061,47787000,5745000,4245000,591000,779000,130000,1873000
4827810,Texas,3,3,LLANO ISD,1937,25768000,2333000,1474000,393000,397000,58000,1137000
4827870,Texas,3,3,LOCKHART ISD,6443,73778000,9805000,6824000,1163000,1016000,802000,3174000
4827890,Texas,3,3,LOCKNEY ISD,407,7171000,403000,237000,21000,122000,22000,130000
4827930,Texas,3,3,LOHN ISD,131,2609000,111000,87000,7000,17000,0,60000
4827960,Texas,3,3,LOMETA ISD,276,4551000,246000,203000,5000,23000,0,49000
4827990,Texas,3,3,LONDON ISD,1578,14793000,943000,655000,115000,173000,0,254000
4828020,Texas,3,3,LONE OAK ISD,1083,15163000,1534000,1233000,77000,209000,15000,303000
4828110,Texas,3,2,LONGVIEW ISD,8274,109637000,12227000,7874000,1925000,1860000,529000,4047000
4828140,Texas,3,3,LOOP ISD,157,2881000,92000,78000,1000,3000,0,11000
4828170,Texas,3,3,LORAINE ISD,140,2839000,189000,148000,16000,13000,0,0
4828200,Texas,3,3,LORENA ISD,1807,19829000,2191000,1396000,291000,353000,79000,490000
4828230,Texas,3,3,LORENZO ISD,239,5554000,1647000,957000,241000,316000,0,155000
4828290,Texas,3,3,LOS FRESNOS CISD,10565,130540000,13489000,9039000,2467000,1983000,0,3578000
4828350,Texas,3,3,LOUISE ISD,534,8027000,340000,258000,15000,61000,0,87000
4828380,Texas,3,3,LOVEJOY ISD,4254,43416000,4741000,3069000,870000,696000,100000,945000
4828410,Texas,3,3,LOVELADY ISD,538,7255000,441000,317000,30000,44000,0,122000
4828500,Texas,3,2,LUBBOCK ISD,25247,320432000,44912000,27960000,7299000,6418000,3235000,13936000
4828530,Texas,3,3,LUEDERS-AVOCA ISD,101,2284000,103000,103000,0,0,0,44000
4828550,Texas,3,3,LUFKIN ISD,7164,104840000,10830000,6961000,1456000,2064000,316000,2727000
4828590,Texas,3,3,LULING ISD,1416,16853000,1374000,917000,65000,357000,20000,579000
4828620,Texas,3,3,LYFORD CISD,1396,23342000,1308000,1050000,141000,88000,28000,492000
4828650,Texas,3,3,LYTLE ISD,1810,21893000,1723000,1192000,186000,313000,31000,579000
4828680,Texas,3,3,MABANK ISD,3904,40751000,4255000,2419000,1226000,597000,4000,1022000
4828710,Texas,3,3,MADISONVILLE CISD,2431,29092000,3275000,2332000,340000,300000,288000,857000
4828740,Texas,3,3,MAGNOLIA ISD,14046,153753000,23926000,15702000,3317000,3434000,1473000,7665000
4828780,Texas,3,3,MALAKOFF ISD,1433,20736000,2451000,1664000,394000,278000,115000,649000
4828800,Texas,1,3,MALONE ISD,128,2047000,167000,135000,0,29000,3000,73000
4828830,Texas,1,3,MALTA ISD,220,1874000,137000,116000,0,21000,0,66000
4828890,Texas,3,3,MANOR ISD,9255,117789000,11406000,7905000,983000,2303000,214000,2105000
4828920,Texas,3,3,MANSFIELD ISD,35722,381430000,46464000,29716000,6928000,7250000,2571000,17375000
4828980,Texas,3,3,MARATHON ISD,59,1693000,35000,30000,0,5000,0,0
4829010,Texas,3,3,MARBLE FALLS ISD,4063,52584000,6951000,4716000,979000,1047000,205000,1540000
4829040,Texas,3,3,MARFA ISD,233,4976000,348000,256000,4000,87000,1000,104000
4829100,Texas,3,3,MARION ISD,1527,20891000,2412000,1713000,324000,368000,0,752000
4829130,Texas,3,3,MARLIN ISD,926,16117000,3019000,1848000,506000,438000,225000,85000
4829160,Texas,3,3,MARSHALL ISD,5057,55995000,4859000,3482000,420000,753000,205000,651000
4829190,Texas,3,3,MART ISD,588,8623000,467000,414000,1000,50000,0,0
4829220,Texas,3,3,MARTINS MILL ISD,495,6661000,767000,528000,104000,71000,28000,120000
4829250,Texas,3,3,MARTINSVILLE ISD,323,5227000,223000,184000,12000,6000,11000,195000
4829280,Texas,3,3,MASON ISD,709,10211000,787000,497000,136000,136000,7000,287000
4829370,Texas,3,3,MATAGORDA ISD,89,1955000,157000,131000,2000,2000,0,27000
4829400,Texas,3,3,MATHIS ISD,1485,24103000,3074000,2623000,121000,66000,195000,405000
4829460,Texas,3,3,MAUD ISD,476,6946000,503000,316000,114000,39000,34000,83000
4829520,Texas,3,3,MAY ISD,254,3842000,280000,244000,4000,32000,0,97000
4829580,Texas,3,3,MAYPEARL ISD,1212,13536000,1459000,1003000,283000,164000,9000,373000
4829670,Texas,3,3,MCALLEN ISD,20399,273539000,31912000,22084000,4674000,4322000,833000,7867000
4829700,Texas,3,3,MCCAMEY ISD,505,8230000,1132000,415000,376000,341000,0,22000
4829760,Texas,3,3,MCDADE ISD,356,5619000,549000,447000,1000,100000,0,34000
4829820,Texas,3,3,MCGREGOR ISD,1503,19533000,3628000,2132000,1004000,361000,51000,489000
4829850,Texas,3,3,MCKINNEY ISD,23342,260003000,40122000,25803000,4361000,6269000,3688000,11627000
4829880,Texas,3,3,MCLEAN ISD,198,3097000,190000,152000,12000,25000,0,55000
4829910,Texas,3,3,MCLEOD ISD,414,4874000,360000,278000,21000,49000,4000,68000
4829940,Texas,3,3,MCMULLEN COUNTY ISD,282,6904000,228000,167000,8000,50000,2000,63000
4830000,Texas,3,3,MEADOW ISD,253,4231000,109000,20000,11000,78000,0,0
4830030,Texas,3,3,MEDINA ISD,246,4822000,429000,302000,66000,32000,0,93000
4830060,Texas,3,3,MEDINA VALLEY ISD,7823,77675000,9685000,6196000,1288000,1871000,329000,2280000
4830120,Texas,3,3,MELISSA ISD,5654,59292000,5795000,5221000,7000,277000,290000,977000
4830180,Texas,3,3,MEMPHIS ISD,432,8160000,697000,572000,26000,88000,12000,64000
4830210,Texas,3,3,MENARD ISD,288,6190000,2130000,267000,1435000,380000,0,26000
4830250,Texas,3,3,MERCEDES ISD,4457,64113000,4846000,3473000,645000,727000,0,1848000
4830300,Texas,3,3,MERIDIAN ISD,357,6715000,1277000,764000,267000,238000,8000,204000
4830340,Texas,3,3,MERKEL ISD,1140,13198000,1200000,864000,76000,169000,57000,458000
4830360,Texas,3,3,IRION COUNTY ISD,333,6821000,600000,489000,35000,48000,0,195000
4830390,Texas,3,3,MESQUITE ISD,38356,468821000,60435000,41867000,7446000,7605000,3492000,15223000
4830420,Texas,3,3,MEXIA ISD,1864,25579000,4207000,2854000,598000,658000,96000,1188000
4830450,Texas,1,3,MEYERSVILLE ISD,150,1857000,44000,43000,0,0,0,0
4830480,Texas,3,3,MIAMI ISD,206,3369000,74000,71000,0,0,0,0
4830570,Texas,3,2,MIDLAND ISD,27842,316478000,30961000,20272000,4951000,4113000,1625000,7867000
4830600,Texas,3,3,MIDLOTHIAN ISD,10990,117437000,12889000,8355000,2395000,1355000,783000,4871000
4830640,Texas,3,3,MIDWAY ISD,8739,92100000,12419000,7680000,1308000,2849000,582000,2506000
4830660,Texas,3,3,MIDWAY ISD,131,2421000,172000,149000,1000,23000,0,57000
4830690,Texas,3,3,MILANO ISD,403,6449000,141000,141000,0,0,0,43000
4830720,Texas,3,3,MILDRED ISD,848,9476000,1025000,792000,27000,140000,29000,264000
4830750,Texas,3,3,MILES ISD,512,6303000,376000,352000,0,19000,0,137000
4830780,Texas,3,3,MILFORD ISD,247,3404000,212000,180000,2000,24000,0,94000
4830810,Texas,3,3,MILLER GROVE ISD,317,4470000,205000,188000,1000,15000,0,112000
4830870,Texas,3,3,MILLSAP ISD,1099,13909000,1162000,921000,55000,163000,16000,480000
4830930,Texas,3,3,MINEOLA ISD,1643,24318000,4580000,2731000,952000,520000,368000,534000
4830950,Texas,3,3,MINERAL WELLS ISD,3352,39340000,6238000,4112000,605000,1178000,343000,1535000
4831040,Texas,3,3,MISSION CISD,14502,202375000,22198000,14439000,3605000,3666000,488000,5922000
4831170,Texas,3,3,MONAHANS-WICKETT-PYOTE ISD,2197,27517000,3316000,2420000,296000,590000,11000,376000
4831200,Texas,1,3,MONTAGUE ISD,151,1944000,130000,111000,4000,14000,0,57000
4831230,Texas,3,3,MONTE ALTO ISD,865,12518000,526000,354000,40000,94000,37000,159000
4831260,Texas,3,3,MONTGOMERY ISD,9748,102306000,12494000,7913000,2587000,1601000,393000,5676000
4831290,Texas,3,3,MOODY ISD,722,9683000,485000,296000,69000,89000,31000,184000
4831320,Texas,3,3,MORAN ISD,106,2425000,197000,188000,7000,1000,0,54000
4831380,Texas,3,3,MORGAN ISD,152,2206000,92000,66000,1000,14000,10000,12000
4831410,Texas,1,3,MORGAN MILL ISD,117,1594000,56000,46000,0,3000,8000,18000
4831470,Texas,3,3,MORTON ISD,353,6913000,256000,250000,4000,0,0,132000
4831500,Texas,3,3,MOTLEY COUNTY ISD,166,3693000,898000,380000,290000,195000,0,56000
4831560,Texas,3,3,MOULTON ISD,304,4536000,206000,162000,9000,25000,10000,116000
4831620,Texas,3,3,MOUNT CALM ISD,168,3808000,158000,105000,0,4000,15000,0
4831650,Texas,3,3,MOUNT ENTERPRISE ISD,496,6088000,415000,347000,11000,57000,0,208000
4831760,Texas,3,3,MOUNT PLEASANT ISD,5186,64599000,6511000,4221000,1225000,1058000,7000,1668000
4831770,Texas,3,3,MOUNT VERNON ISD,1571,18456000,2292000,1539000,347000,335000,66000,615000
4831860,Texas,3,3,MUENSTER ISD,563,6480000,643000,532000,39000,72000,0,124000
4831890,Texas,3,3,MULESHOE ISD,1347,18778000,2076000,1503000,230000,342000,0,388000
4831920,Texas,3,3,MULLIN ISD,193,6435000,1362000,535000,499000,58000,0,124000
4831950,Texas,3,3,MUMFORD ISD,600,5750000,140000,129000,11000,0,0,107000
4831970,Texas,3,3,MUNDAY CISD,409,6082000,361000,305000,5000,50000,0,172000
4832010,Texas,1,3,MURCHISON ISD,175,2669000,274000,263000,2000,7000,2000,6000
4832090,Texas,3,3,NACOGDOCHES ISD,5943,68512000,7083000,4126000,1268000,1114000,575000,1644000
4832130,Texas,3,3,NATALIA ISD,1170,15557000,1466000,1109000,211000,146000,0,282000
4832160,Texas,3,3,NAVARRO ISD,2180,24876000,2853000,2271000,124000,357000,101000,1358000
4832190,Texas,3,3,NAVASOTA ISD,2977,36554000,5505000,2449000,1443000,940000,672000,727000
4832220,Texas,3,3,NAZARETH ISD,250,3490000,342000,205000,4000,125000,0,62000
4832250,Texas,3,3,NECHES ISD,310,4731000,350000,245000,14000,88000,3000,30000
4832280,Texas,3,3,NEDERLAND ISD,5029,57198000,7204000,5023000,1504000,547000,130000,2864000
4832310,Texas,3,3,NEEDVILLE ISD,3553,40401000,4034000,3163000,642000,39000,185000,1767000
4832340,Texas,3,3,NEW BOSTON ISD,1154,17693000,3783000,2677000,638000,208000,260000,950000
4832370,Texas,3,3,NEW BRAUNFELS ISD,9745,93465000,9601000,6509000,1560000,1532000,0,2698000
4832400,Texas,3,3,NEW CANEY ISD,18344,214315000,18814000,13163000,3510000,1558000,583000,5708000
4832430,Texas,3,3,NEW DEAL ISD,757,9902000,495000,434000,29000,29000,0,196000
4832460,Texas,3,3,NEW DIANA ISD,1186,13273000,951000,725000,63000,153000,10000,258000
4832490,Texas,3,3,NEW HOME ISD,626,6429000,248000,243000,4000,1000,0,148000
4832610,Texas,3,3,NEW SUMMERFIELD ISD,515,7614000,375000,292000,16000,67000,0,133000
4832640,Texas,3,3,NEW WAVERLY ISD,1065,13809000,1620000,1115000,73000,432000,0,516000
4832700,Texas,3,3,NEWCASTLE ISD,220,3544000,265000,250000,6000,9000,0,101000
4832730,Texas,3,3,NEWTON ISD,968,15472000,2136000,1427000,296000,358000,55000,472000
4832740,Texas,3,3,NIXON-SMILEY CISD,1045,17011000,2102000,1489000,175000,386000,52000,579000
4832790,Texas,3,3,NOCONA ISD,804,12029000,2634000,1482000,710000,312000,0,363000
4832880,Texas,3,3,NORDHEIM ISD,131,2462000,127000,106000,4000,17000,0,39000
4832910,Texas,3,3,NORMANGEE ISD,637,8748000,732000,588000,14000,108000,23000,126000
4832940,Texas,3,3,NORTH EAST ISD,59007,661548000,104187000,70031000,11748000,20085000,2324000,35010000
4832970,Texas,3,3,NORTH HOPKINS ISD,516,7422000,329000,274000,2000,53000,0,100000
4833010,Texas,3,3,NORTH LAMAR ISD,2450,30870000,5930000,4481000,214000,1069000,167000,1298000
4833030,Texas,3,3,NORTH ZULCH ISD,352,5108000,207000,207000,0,0,0,83000
4833090,Texas,3,3,NORTHSIDE ISD,243,2966000,147000,122000,1000,25000,0,0
4833120,Texas,3,3,NORTHSIDE ISD,102719,1092128000,156654000,105563000,15788000,25437000,9866000,40573000
4833180,Texas,3,3,NORTHWEST ISD,29248,299388000,42012000,28636000,7130000,6011000,235000,11688000
4833240,Texas,3,3,NUECES CANYON CISD,248,4366000,232000,191000,0,40000,0,57000
4833270,Texas,1,3,NURSERY ISD,135,1901000,127000,70000,6000,7000,32000,44000
4833340,Texas,3,3,OAKWOOD ISD,230,3796000,332000,258000,20000,42000,0,45000
4833360,Texas,3,3,ODEM-EDROY ISD,897,13719000,1115000,638000,219000,216000,41000,117000
4833390,Texas,3,3,O'DONNELL ISD,288,5552000,427000,251000,33000,90000,0,151000
4833420,Texas,3,3,OGLESBY ISD,197,2976000,72000,63000,0,6000,3000,62000
4833570,Texas,3,3,OLFEN ISD,132,2096000,34000,26000,2000,2000,4000,0
4833630,Texas,3,3,OLNEY ISD,729,11793000,2083000,1152000,546000,370000,15000,230000
4833660,Texas,3,3,OLTON ISD,597,8718000,699000,508000,3000,161000,26000,139000
4833690,Texas,3,3,ONALASKA ISD,1239,16047000,1279000,1017000,34000,206000,0,319000
4833720,Texas,3,3,ORANGE GROVE ISD,1755,20345000,3044000,1994000,449000,572000,30000,449000
4833780,Texas,3,3,ORANGEFIELD ISD,1856,21775000,2457000,1487000,377000,449000,144000,507000
4833840,Texas,3,3,ORE CITY ISD,825,13331000,1470000,928000,160000,200000,105000,314000
4833870,Texas,3,3,OVERTON ISD,494,7832000,746000,561000,62000,111000,8000,171000
4833900,Texas,3,3,PADUCAH ISD,158,3104000,177000,173000,2000,2000,0,108000
4833960,Texas,3,3,PAINT CREEK ISD,100,2409000,108000,76000,11000,15000,0,0
4833980,Texas,3,3,PAINT ROCK ISD,223,4169000,280000,177000,6000,8000,7000,101000
4834020,Texas,3,3,PALACIOS ISD,1300,20505000,2273000,1598000,242000,393000,40000,433000
4834050,Texas,3,3,PALESTINE ISD,3297,46638000,2869000,1319000,1052000,424000,74000,1431000
4834110,Texas,3,3,PALMER ISD,1304,15607000,2079000,1361000,466000,234000,13000,270000
4834140,Texas,1,3,PALO PINTO ISD,97,1664000,59000,51000,3000,3000,0,7000
4834170,Texas,3,3,PAMPA ISD,3441,35000000,3658000,2524000,615000,488000,32000,798000
4834230,Texas,3,3,PANHANDLE ISD,657,8559000,466000,413000,7000,46000,0,161000
4834260,Texas,3,3,PARADISE ISD,1298,14750000,760000,562000,41000,130000,28000,334000
4834290,Texas,3,3,PARIS ISD,3856,46309000,3781000,2715000,682000,384000,0,1077000
4834320,Texas,3,3,PASADENA ISD,48726,671771000,101284000,63265000,17743000,15555000,4543000,35855000
4834380,Texas,3,3,PATTON SPRINGS ISD,77,2385000,37000,34000,0,2000,0,17000
4834410,Texas,3,3,PAWNEE ISD,465,9456000,317000,246000,23000,12000,36000,0
4834440,Texas,3,3,PEARLAND ISD,21237,208062000,28295000,18511000,3707000,4934000,1143000,7934000
4834470,Texas,3,3,PEARSALL ISD,2026,25897000,3153000,1823000,581000,652000,74000,347000
4834500,Texas,3,3,PEASTER ISD,1750,19148000,2776000,1898000,139000,670000,69000,363000
4834550,Texas,3,3,PECOS-BARSTOW-TOYAH ISD,2776,85095000,5923000,4395000,387000,1090000,51000,1270000
4834560,Texas,3,3,PENELOPE ISD,202,2895000,232000,181000,1000,24000,0,114000
4834630,Texas,3,3,PERRIN-WHITT CISD,319,4525000,316000,263000,18000,16000,0,163000
4834650,Texas,3,3,PERRYTON ISD,2008,22803000,2482000,1336000,685000,442000,20000,316000
4834680,Texas,3,3,PETERSBURG ISD,272,4645000,355000,317000,9000,10000,0,62000
4834710,Texas,3,3,PETROLIA CISD,473,6521000,313000,313000,0,0,0,40000
4834770,Texas,3,3,PETTUS ISD,401,6558000,616000,394000,42000,19000,39000,90000
4834800,Texas,3,3,PEWITT CISD,833,11466000,885000,730000,42000,100000,13000,337000
4834830,Texas,3,3,PFLUGERVILLE ISD,25445,293342000,44762000,30940000,5467000,6096000,2259000,15721000
4834860,Texas,3,3,PHARR-SAN JUAN-ALAMO ISD,30003,432369000,33287000,22450000,4332000,4235000,2271000,9280000
4834920,Texas,3,3,PILOT POINT ISD,1483,18233000,1208000,955000,63000,185000,5000,448000
4834980,Texas,3,3,PINE TREE ISD,4611,53147000,5481000,4050000,811000,619000,1000,1984000
4835010,Texas,3,3,PITTSBURG ISD,2360,29535000,2510000,2282000,21000,194000,13000,1050000
4835040,Texas,3,3,PLAINS ISD,431,7619000,449000,300000,55000,94000,0,125000
4835070,Texas,3,3,PLAINVIEW ISD,4662,62450000,7136000,4013000,1198000,1460000,466000,1439000
4835100,Texas,3,3,PLANO ISD,48921,556937000,90770000,62744000,12325000,12103000,3598000,37105000
4835130,Texas,3,3,PLEASANT GROVE ISD,2310,24955000,2077000,1676000,33000,349000,19000,342000
4835190,Texas,3,3,PLEASANTON ISD,3384,46427000,7887000,4984000,1519000,1210000,173000,1929000
4835250,Texas,3,3,POINT ISABEL ISD,1930,30564000,2441000,1726000,199000,391000,126000,352000
4835310,Texas,3,3,PONDER ISD,1640,18208000,1023000,763000,11000,153000,97000,376000
4835340,Texas,3,3,POOLVILLE ISD,722,8789000,657000,549000,31000,77000,0,126000
4835370,Texas,3,3,PORT ARANSAS ISD,546,9910000,729000,503000,55000,172000,0,312000
4835400,Texas,3,3,PORT ARTHUR ISD,8152,120136000,10672000,7006000,1655000,1619000,377000,2347000
4835430,Texas,3,3,PORT NECHES-GROVES ISD,5242,60457000,7628000,5448000,914000,795000,471000,937000
4835490,Texas,3,3,POST ISD,741,9882000,1210000,676000,265000,249000,12000,206000
4835520,Texas,3,3,POTEET ISD,1837,20980000,1795000,1246000,118000,368000,64000,641000
4835550,Texas,3,3,POTH ISD,935,11217000,1735000,1232000,173000,302000,6000,366000
4835560,Texas,3,3,HIGHLAND PARK ISD,789,11612000,1125000,789000,83000,235000,18000,152000
4835570,Texas,3,3,BUSHLAND ISD,1511,18544000,2157000,1399000,428000,282000,48000,542000
4835580,Texas,3,3,POTTSBORO ISD,1489,16269000,1026000,724000,77000,174000,47000,441000
4835700,Texas,3,3,PRAIRIE LEA ISD,229,3956000,119000,101000,1000,18000,0,14000
4835730,Texas,3,3,PRAIRIE VALLEY ISD,128,2157000,122000,101000,1000,17000,0,25000
4835740,Texas,3,3,PRAIRILAND ISD,1099,12393000,543000,429000,23000,91000,0,203000
4835760,Texas,3,2,PREMONT ISD,757,11692000,1049000,879000,15000,155000,0,302000
4835800,Texas,3,3,PRESIDIO ISD,1020,15473000,1196000,927000,61000,208000,0,156000
4835820,Texas,3,3,PRIDDY ISD,121,2786000,94000,75000,1000,13000,0,22000
4835850,Texas,3,3,PRINCETON ISD,7837,83056000,8403000,5408000,1478000,1180000,338000,2413000
4835890,Texas,3,3,PRINGLE-MORSE CISD,107,2340000,113000,102000,0,10000,0,63000
4835910,Texas,3,3,PROGRESO ISD,1444,20507000,1282000,774000,234000,274000,0,224000
4836000,Texas,3,3,PROSPER ISD,24983,266415000,33877000,23791000,4961000,3871000,1254000,6784000
4836180,Texas,3,3,QUANAH ISD,462,9469000,1944000,1283000,398000,214000,11000,324000
4836210,Texas,3,3,QUEEN CITY ISD,954,13745000,1330000,879000,159000,250000,42000,266000
4836240,Texas,3,3,QUINLAN ISD,2784,33101000,4138000,2655000,761000,629000,93000,753000
4836300,Texas,3,3,QUITMAN ISD,1216,15279000,764000,604000,5000,143000,0,507000
4836360,Texas,3,3,RAINS ISD,1754,21190000,2496000,1667000,376000,405000,47000,519000
4836390,Texas,3,3,RALLS ISD,453,7130000,261000,219000,6000,31000,5000,145000
4836450,Texas,3,3,RANDOLPH FIELD ISD,1462,19901000,2703000,1937000,369000,256000,141000,407000
4836480,Texas,3,3,RANGER ISD,323,5933000,650000,543000,0,75000,14000,226000
4836510,Texas,3,3,RANKIN ISD,318,11725000,251000,182000,15000,54000,0,0
4836540,Texas,3,3,RAYMONDVILLE ISD,2018,31593000,3816000,2471000,609000,707000,28000,976000
4836570,Texas,3,3,REAGAN COUNTY ISD,801,15562000,1495000,936000,239000,320000,0,307000
4836630,Texas,1,3,RED LICK ISD,527,5809000,261000,211000,9000,40000,0,111000
4836660,Texas,3,3,RED OAK ISD,6499,70350000,7414000,4257000,1455000,1220000,482000,2569000
4836750,Texas,3,3,REDWATER ISD,1059,12981000,1018000,750000,147000,96000,25000,207000
4836780,Texas,3,3,REFUGIO ISD,654,13282000,4115000,1765000,1664000,685000,0,125000
4836930,Texas,1,3,RICARDO ISD,655,8557000,771000,731000,33000,6000,0,131000
4836960,Texas,3,3,RICE ISD,1036,12160000,423000,367000,5000,23000,27000,190000
4836970,Texas,3,3,RICE CISD,1286,17691000,1158000,1020000,0,138000,0,404000
4836990,Texas,3,3,RICHARDS ISD,222,2784000,143000,139000,1000,2000,0,41000
4837020,Texas,3,3,RICHARDSON ISD,37260,450870000,64039000,45546000,10585000,7888000,0,20789000
4837080,Texas,3,3,RICHLAND SPRINGS ISD,139,2778000,178000,163000,10000,5000,0,25000
4837110,Texas,3,3,RIESEL ISD,656,7469000,364000,305000,10000,34000,0,121000
4837140,Texas,3,3,RIO GRANDE CITY GRULLA ISD,9644,133420000,11524000,8163000,1756000,1493000,0,2234000
4837150,Texas,3,3,SOUTH TEXAS ISD,4382,78685000,4687000,3426000,580000,681000,0,1035000
4837170,Texas,3,3,RIO HONDO ISD,1622,24203000,2150000,1257000,574000,234000,19000,421000
4837200,Texas,3,3,RIO VISTA ISD,945,10909000,196000,170000,7000,19000,0,41000
4837230,Texas,3,3,RISING STAR ISD,183,3086000,220000,183000,10000,28000,0,88000
4837260,Texas,3,3,RIVER ROAD ISD,1297,18157000,1837000,1267000,232000,324000,13000,373000
4837320,Texas,3,3,RIVIERA ISD,478,8243000,433000,407000,2000,24000,0,61000
4837380,Texas,3,3,ROBERT LEE ISD,276,4438000,102000,73000,3000,8000,18000,53000
4837410,Texas,3,3,ROBINSON ISD,2401,26933000,3643000,2196000,718000,627000,103000,526000
4837440,Texas,3,3,ROBSTOWN ISD,2543,32532000,4434000,2808000,641000,872000,114000,1068000
4837470,Texas,3,3,ROBY CISD,319,4872000,223000,178000,9000,28000,0,84000
4837500,Texas,3,3,ROCHELLE ISD,211,3156000,232000,191000,14000,26000,0,0
4837590,Texas,3,3,ROCKDALE ISD,1488,20726000,3525000,2265000,862000,383000,13000,586000
4837650,Texas,3,3,ROCKWALL ISD,18384,177982000,24532000,15195000,4516000,3488000,1333000,4980000
4837710,Texas,3,3,ROGERS ISD,880,10966000,732000,564000,37000,104000,28000,324000
4837740,Texas,3,3,ROMA ISD,5977,91437000,6499000,5011000,673000,498000,262000,1603000
4837800,Texas,3,3,ROOSEVELT ISD,1175,14609000,1663000,1330000,72000,227000,33000,504000
4837830,Texas,3,3,ROPES ISD,546,7073000,149000,107000,7000,34000,0,43000
4837860,Texas,3,2,ROSCOE COLLEGIATE ISD,6191,61883000,4646000,4601000,6000,39000,0,51000
4837900,Texas,3,3,ROSEBUD-LOTT ISD,755,10852000,189000,163000,7000,19000,0,88000
4838040,Texas,3,3,ROTAN ISD,262,4964000,427000,312000,1000,7000,4000,172000
4838080,Texas,3,3,ROUND ROCK ISD,46510,509510000,80659000,54113000,9013000,13726000,3806000,23077000
4838100,Texas,3,3,ROUND TOP-CARMINE ISD,254,3484000,181000,138000,7000,35000,0,62000
4838190,Texas,3,3,ROYAL ISD,2637,45880000,3135000,1834000,528000,637000,112000,874000
4838220,Texas,3,3,ROYSE CITY ISD,8521,90763000,13321000,8348000,2133000,2297000,543000,2637000
4838280,Texas,3,3,RULE ISD,133,2388000,194000,145000,25000,3000,0,47000
4838310,Texas,3,3,RUNGE ISD,208,3886000,334000,240000,14000,60000,0,0
4838360,Texas,3,3,RUSK ISD,2055,26282000,3852000,2454000,760000,618000,13000,840000
4838400,Texas,3,3,S AND S CISD,943,12741000,496000,291000,105000,98000,2000,225000
4838430,Texas,3,3,SABINAL ISD,428,8301000,1642000,826000,445000,360000,10000,185000
4838460,Texas,3,3,SABINE ISD,1563,18651000,3166000,1752000,902000,464000,38000,433000
4838490,Texas,3,3,SABINE PASS ISD,370,9271000,408000,273000,102000,33000,0,0
4838520,Texas,3,3,SAINT JO ISD,345,4434000,405000,311000,3000,41000,0,126000
4838580,Texas,3,3,SALADO ISD,2336,23248000,2841000,1959000,397000,406000,78000,793000
4838610,Texas,3,3,SALTILLO ISD,248,4805000,1066000,566000,281000,166000,52000,159000
4838640,Texas,3,3,SAM RAYBURN ISD,506,7293000,443000,361000,23000,32000,27000,109000
4838700,Texas,3,3,SAN ANGELO ISD,13548,144746000,17910000,11852000,2735000,2347000,975000,4333000
4838730,Texas,3,2,SAN ANTONIO ISD,45255,632257000,79960000,49509000,9230000,15510000,5710000,19280000
4838760,Texas,3,3,SAN AUGUSTINE ISD,657,11087000,973000,584000,122000,227000,40000,64000
4838790,Texas,3,3,SAN BENITO CISD,9354,125755000,11594000,7602000,1336000,1923000,598000,4263000
4838820,Texas,3,3,SAN DIEGO ISD,1495,18060000,1796000,911000,371000,514000,0,497000
4838850,Texas,3,3,SAN ELIZARIO ISD,3177,46997000,4809000,3123000,793000,652000,187000,1785000
4838900,Texas,3,3,SAN FELIPE-DEL RIO CISD,9947,120123000,11550000,7612000,2112000,1575000,251000,1573000
4838910,Texas,3,3,SAN ISIDRO ISD,181,4784000,415000,285000,22000,74000,0,35000
4838970,Texas,3,3,SAN MARCOS CISD,8447,107785000,15571000,12142000,1144000,2019000,266000,3183000
4839000,Texas,3,3,SAN PERLITA ISD,211,5028000,294000,250000,7000,37000,0,94000
4839030,Texas,3,3,SAN SABA ISD,684,10843000,909000,765000,37000,107000,0,371000
4839120,Texas,3,3,SANDS CISD,240,5595000,372000,236000,14000,120000,0,108000
4839150,Texas,3,3,SANFORD-FRITCH ISD,688,8940000,955000,800000,7000,131000,18000,305000
4839180,Texas,3,3,SANGER ISD,2801,39442000,10626000,6978000,2101000,1307000,240000,2016000
4839210,Texas,3,3,SANTA ANNA ISD,270,3952000,115000,107000,0,0,8000,6000
4839270,Texas,3,3,SANTA FE ISD,4343,57714000,6956000,4545000,509000,1285000,616000,1377000
4839300,Texas,3,3,SANTA GERTRUDIS ISD,823,11178000,525000,436000,44000,45000,0,139000
4839330,Texas,3,3,SANTA MARIA ISD,567,11521000,498000,489000,9000,0,0,270000
4839360,Texas,3,3,SANTA ROSA ISD,915,15856000,1360000,1057000,52000,191000,61000,440000
4839390,Texas,3,3,SANTO ISD,546,7455000,1168000,959000,32000,108000,64000,155000
4839450,Texas,3,3,SAVOY ISD,319,4760000,241000,169000,15000,45000,13000,131000
4839480,Texas,3,3,SCHERTZ-CIBOLO-U CITY ISD,15528,156193000,26463000,19388000,3102000,2656000,1259000,9049000
4839510,Texas,3,3,SCHLEICHER ISD,476,7330000,111000,111000,0,0,0,107000
4839540,Texas,3,3,SCHULENBURG ISD,687,10176000,1645000,1319000,162000,59000,10000,311000
4839570,Texas,3,3,SCURRY-ROSSER ISD,1066,14655000,1547000,980000,272000,275000,21000,411000
4839600,Texas,3,3,SEAGRAVES ISD,505,9795000,211000,149000,6000,57000,0,98000
4839630,Texas,3,3,SEALY ISD,2908,32306000,4077000,2488000,942000,533000,114000,1607000
4839690,Texas,3,3,SEGUIN ISD,7239,89489000,11541000,8420000,1414000,1707000,0,1674000
4839750,Texas,3,3,SEMINOLE ISD,3011,45238000,3900000,2566000,595000,615000,111000,1062000
4839780,Texas,3,3,SEYMOUR ISD,644,8920000,509000,423000,7000,79000,0,154000
4839870,Texas,3,3,SHALLOWATER ISD,1762,21756000,3187000,1909000,899000,238000,137000,539000
4839900,Texas,3,3,SHAMROCK ISD,360,6505000,1880000,1048000,455000,282000,0,109000
4839930,Texas,3,3,SHARYLAND ISD,9732,114618000,11361000,7065000,1526000,1706000,756000,3010000
4839960,Texas,3,3,SHELBYVILLE ISD,831,10990000,810000,594000,43000,160000,13000,107000
4839990,Texas,3,3,SHELDON ISD,10990,135426000,12116000,9528000,238000,1693000,548000,1844000
4840020,Texas,3,3,SHEPHERD ISD,1958,26460000,2290000,1295000,551000,328000,117000,1158000
4840080,Texas,3,3,SHERMAN ISD,7767,110792000,15559000,10320000,2698000,2229000,313000,5109000
4840110,Texas,3,3,SHINER ISD,724,7791000,254000,218000,7000,11000,18000,132000
4840170,Texas,3,3,SIDNEY ISD,124,2043000,104000,91000,0,13000,0,37000
4840200,Texas,3,3,SIERRA BLANCA ISD,116,2350000,151000,124000,0,17000,0,74000
4840230,Texas,3,3,SILSBEE ISD,2772,34392000,5158000,3233000,764000,1038000,122000,1392000
4840290,Texas,3,3,SILVERTON ISD,213,2956000,133000,105000,8000,20000,0,0
4840320,Texas,3,3,SIMMS ISD,484,6612000,395000,295000,99000,1000,0,131000
4840350,Texas,3,3,SINTON ISD,2071,27510000,2750000,2046000,293000,374000,37000,851000
4840380,Texas,1,3,SIVELLS BEND ISD,70,1165000,79000,79000,0,0,0,5000
4840410,Texas,3,3,SKIDMORE-TYNAN ISD,752,11565000,1127000,803000,101000,172000,51000,234000
4840440,Texas,3,3,SLATON ISD,1268,22021000,3543000,2246000,816000,403000,78000,842000
4840470,Texas,3,3,SLIDELL ISD,441,5140000,150000,114000,3000,6000,27000,42000
4840500,Texas,3,3,SLOCUM ISD,349,5073000,406000,322000,12000,65000,8000,61000
4840550,Texas,3,3,SMITHVILLE ISD,1885,21576000,2245000,1498000,161000,459000,120000,785000
4840590,Texas,3,3,SMYER ISD,442,5819000,306000,260000,12000,3000,0,171000
4840620,Texas,3,3,SNOOK ISD,589,7865000,416000,345000,14000,56000,0,91000
4840650,Texas,3,3,SNYDER ISD,2560,29732000,3737000,2684000,449000,605000,0,983000
4840680,Texas,3,3,SOUTH SAN ANTONIO ISD,7872,102520000,9256000,6481000,933000,1513000,328000,3430000
4840710,Texas,3,3,SOCORRO ISD,47843,553730000,66377000,42682000,8609000,8869000,6215000,15452000
4840740,Texas,3,3,SOMERSET ISD,4147,52183000,4499000,2642000,837000,904000,99000,1481000
4840770,Texas,3,3,SOMERVILLE ISD,533,7979000,488000,364000,30000,80000,14000,149000
4840800,Texas,3,3,SONORA ISD,675,10111000,801000,501000,161000,139000,0,226000
4840890,Texas,3,3,SOUTHLAND ISD,126,2657000,67000,51000,0,16000,0,23000
4840920,Texas,3,3,SOUTHSIDE ISD,5965,83081000,9670000,6786000,814000,1650000,397000,2515000
4840950,Texas,3,3,SOUTHWEST ISD,13747,180352000,20068000,15784000,1930000,2354000,0,6338000
4841010,Texas,3,3,SPEARMAN ISD,743,10456000,697000,483000,81000,133000,0,199000
4841070,Texas,3,3,SPLENDORA ISD,4866,57711000,7416000,4696000,1539000,883000,298000,2467000
4841100,Texas,3,2,SPRING BRANCH ISD,33649,423944000,54237000,36810000,9839000,7583000,4000,14312000
4841130,Texas,3,3,SPRING CREEK ISD,92,1720000,144000,129000,1000,1000,0,54000
4841190,Texas,3,3,SPRING HILL ISD,2071,21496000,1287000,920000,80000,271000,0,341000
4841220,Texas,3,3,SPRING ISD,34114,433576000,56282000,32499000,9438000,10378000,3958000,12813000
4841250,Texas,3,3,SPRINGLAKE-EARTH ISD,310,5144000,153000,117000,6000,30000,0,135000
4841280,Texas,3,3,SPRINGTOWN ISD,4120,46129000,6445000,4590000,988000,867000,0,1374000
4841340,Texas,3,3,SPURGER ISD,362,5693000,380000,249000,37000,46000,45000,251000
4841350,Texas,3,3,STAFFORD MSD,3641,44940000,4010000,2830000,650000,529000,1000,1516000
4841400,Texas,3,3,STAMFORD ISD,604,11158000,3095000,1277000,1126000,685000,7000,211000
4841430,Texas,3,3,STANTON ISD,1081,16605000,1009000,725000,27000,230000,26000,356000
4841520,Texas,3,3,STEPHENVILLE ISD,3730,39996000,4474000,2996000,666000,697000,115000,1353000
4841550,Texas,3,3,STERLING CITY ISD,351,6108000,234000,172000,1000,11000,42000,73000
4841580,Texas,3,3,PLEMONS-STINNETT-PHILLIPS CISD,573,7849000,699000,596000,35000,69000,0,242000
4841610,Texas,3,3,STOCKDALE ISD,857,10098000,1503000,1062000,147000,240000,38000,535000
4841670,Texas,3,3,STRATFORD ISD,575,7212000,519000,444000,3000,54000,0,301000
4841700,Texas,3,3,STRAWN ISD,174,2518000,78000,65000,0,5000,0,13000
4841760,Texas,3,3,SUDAN ISD,474,7828000,200000,167000,5000,6000,23000,143000
4841790,Texas,3,3,SULPHUR BLUFF ISD,227,3348000,159000,146000,2000,11000,1000,0
4841820,Texas,3,3,SULPHUR SPRINGS ISD,4361,50671000,5963000,5189000,356000,249000,169000,970000
4841850,Texas,3,3,SUNDOWN ISD,592,9736000,542000,416000,35000,90000,0,82000
4841880,Texas,3,3,SUNNYVALE ISD,2205,26003000,2588000,1826000,384000,342000,19000,813000
4841910,Texas,3,3,SUNRAY COLLEGIATE ISD,675,9976000,1632000,756000,689000,175000,0,105000
4841970,Texas,3,3,SWEENY ISD,1898,26830000,2670000,1905000,311000,412000,31000,408000
4842000,Texas,1,3,SWEET HOME ISD,145,1416000,49000,42000,0,7000,0,0
4842030,Texas,3,3,SWEETWATER ISD,1942,27142000,2487000,1494000,549000,402000,43000,556000
4842060,Texas,3,3,TAFT ISD,822,15597000,1540000,1214000,71000,230000,22000,314000
4842090,Texas,3,3,TAHOKA ISD,595,10167000,1724000,1051000,429000,240000,5000,540000
4842120,Texas,3,3,RIVERCREST ISD,700,10168000,655000,530000,18000,81000,22000,309000
4842210,Texas,3,3,TARKINGTON ISD,1893,21312000,2357000,1393000,273000,462000,202000,504000
4842240,Texas,3,3,TATUM ISD,1476,19151000,2539000,1507000,568000,425000,39000,375000
4842280,Texas,3,3,TAYLOR ISD,3138,38151000,6127000,4302000,748000,839000,238000,1142000
4842300,Texas,3,3,TEAGUE ISD,1216,15220000,1454000,894000,294000,257000,9000,499000
4842330,Texas,3,3,TEMPLE ISD,8615,108797000,15981000,10693000,2396000,1877000,993000,3223000
4842360,Texas,3,3,TENAHA ISD,455,6916000,765000,587000,113000,53000,11000,368000
4842390,Texas,3,3,TERLINGUA CSD,122,2308000,108000,68000,19000,22000,0,11000
4842420,Texas,3,3,TERRELL COUNTY ISD,129,3059000,196000,149000,16000,25000,5000,3000
4842450,Texas,3,3,TERRELL ISD,5208,66110000,7374000,4243000,1497000,1121000,513000,2219000
4842480,Texas,3,3,TEXARKANA ISD,7180,97418000,8980000,6789000,897000,1140000,155000,1466000
4842510,Texas,3,3,TEXAS CITY ISD,7890,121984000,12716000,9395000,1259000,1916000,145000,3082000
4842540,Texas,3,3,TEXHOMA ISD,172,1598000,132000,114000,0,18000,0,33000
4842570,Texas,3,3,TEXLINE ISD,220,3458000,264000,240000,8000,15000,0,33000
4842630,Texas,3,3,THORNDALE ISD,617,8400000,751000,585000,32000,105000,30000,229000
4842660,Texas,3,3,THRALL ISD,819,11182000,683000,477000,41000,120000,46000,183000
4842690,Texas,3,3,THREE RIVERS ISD,585,9819000,970000,581000,192000,86000,65000,267000
4842720,Texas,3,3,THREE WAY ISD,233,2821000,86000,84000,1000,1000,0,31000
4842810,Texas,3,3,TIDEHAVEN ISD,1045,13732000,776000,641000,8000,99000,29000,271000
4842840,Texas,3,3,TIMPSON ISD,705,10490000,924000,621000,142000,128000,26000,337000
4842870,Texas,3,3,TIOGA ISD,719,9272000,292000,255000,0,36000,0,189000
4842900,Texas,3,3,TOLAR ISD,878,9659000,754000,671000,29000,54000,1000,277000
4842930,Texas,3,3,TOM BEAN ISD,666,8615000,382000,285000,53000,22000,22000,210000
4842960,Texas,3,3,TOMBALL ISD,21426,208258000,26407000,17789000,4163000,3201000,1254000,6004000
4842990,Texas,3,3,TORNILLO ISD,829,15794000,918000,727000,106000,79000,0,425000
4843110,Texas,3,3,TRENT ISD,131,3192000,204000,161000,10000,18000,0,21000
4843140,Texas,3,3,TRENTON ISD,699,9916000,577000,381000,50000,124000,22000,163000
4843170,Texas,3,3,TRINIDAD ISD,133,2772000,160000,74000,68000,14000,4000,74000
4843200,Texas,3,3,TRINITY ISD,1200,15561000,1505000,1029000,51000,398000,27000,199000
4843230,Texas,3,3,TROUP ISD,1087,13591000,1233000,919000,42000,232000,34000,370000
4843260,Texas,3,3,TROY ISD,1690,18134000,1924000,1349000,133000,361000,81000,471000
4843290,Texas,3,3,WESTWOOD ISD,1414,17762000,1601000,932000,114000,302000,253000,266000
4843320,Texas,3,3,TULIA ISD,896,14736000,1784000,1099000,225000,366000,94000,470000
4843350,Texas,3,3,TULOSO-MIDWAY ISD,3655,50073000,5847000,3908000,987000,831000,121000,928000
4843400,Texas,3,3,TURKEY-QUITAQUE ISD,183,3066000,179000,155000,2000,1000,0,51000
4843470,Texas,3,3,TYLER ISD,18328,204988000,22859000,15130000,3553000,2922000,1009000,6668000
4843530,Texas,3,3,UNION GROVE ISD,761,10164000,432000,343000,16000,50000,23000,210000
4843560,Texas,3,3,UNION HILL ISD,254,4576000,282000,255000,11000,10000,7000,58000
4843650,Texas,3,3,UNITED ISD,41381,498106000,59468000,37527000,8308000,9843000,3789000,15712000
4843680,Texas,3,3,UTOPIA ISD,194,3254000,180000,135000,5000,19000,0,61000
4843720,Texas,3,2,UVALDE CISD,4071,56152000,7860000,5637000,877000,1345000,1000,752000
4843760,Texas,3,3,VALLEY MILLS ISD,665,8790000,220000,160000,7000,24000,29000,127000
4843800,Texas,3,3,VALLEY VIEW ISD,3739,51497000,4747000,3440000,654000,634000,12000,885000
4843860,Texas,3,3,VALLEY VIEW ISD,920,14961000,3809000,2050000,828000,611000,320000,433000
4843890,Texas,3,3,VAN ALSTYNE ISD,2285,21826000,691000,655000,10000,14000,0,418000
4843920,Texas,3,3,VAN ISD,2407,27042000,1940000,1052000,511000,213000,164000,379000
4843950,Texas,3,3,VAN VLECK ISD,1071,17404000,2496000,1992000,93000,404000,6000,166000
4843980,Texas,3,3,VEGA ISD,370,5879000,207000,169000,5000,33000,0,63000
4844010,Texas,3,3,VENUS ISD,2319,33770000,2601000,1632000,408000,427000,133000,425000
4844040,Texas,3,3,VERIBEST ISD,258,4242000,94000,73000,8000,13000,0,49000
4844110,Texas,3,3,VERNON ISD,1792,23699000,3591000,2274000,708000,565000,43000,911000
4844150,Texas,3,3,VICTORIA ISD,13246,152644000,19398000,12009000,3832000,2911000,647000,4693000
4844160,Texas,3,3,VIDOR ISD,4315,48430000,8255000,4728000,1887000,1439000,189000,1778000
4844250,Texas,1,3,VYSEHRAD ISD,113,1373000,58000,51000,1000,3000,0,8000
4844280,Texas,3,2,WACO ISD,13824,197601000,19158000,11535000,3902000,2915000,806000,8628000
4844310,Texas,3,3,WAELDER ISD,290,4565000,335000,308000,11000,8000,0,97000
4844370,Texas,1,3,WALCOTT ISD,148,2005000,302000,298000,1000,0,0,62000
4844410,Texas,3,3,WALL ISD,1312,17375000,3695000,2174000,949000,493000,79000,870000
4844430,Texas,3,3,WALLER ISD,8834,103475000,15204000,10302000,2813000,1971000,119000,5170000
4844470,Texas,3,3,BRAZOS ISD,851,11227000,1231000,806000,169000,212000,44000,253000
4844490,Texas,1,3,WALNUT BEND ISD,54,1047000,64000,52000,0,12000,0,0
4844520,Texas,3,3,WALNUT SPRINGS ISD,171,2443000,68000,49000,0,15000,4000,32000
4844580,Texas,3,3,WARREN ISD,1268,15900000,1129000,780000,4000,249000,96000,209000
4844670,Texas,3,3,WASKOM ISD,825,12461000,1989000,1079000,554000,356000,0,209000
4844710,Texas,3,3,WATER VALLEY ISD,343,5690000,461000,400000,9000,15000,9000,316000
4844730,Texas,3,3,WAXAHACHIE ISD,10837,124839000,16243000,10507000,2915000,2197000,365000,6990000
4844800,Texas,3,3,WEATHERFORD ISD,8255,93587000,14385000,9228000,2539000,2002000,615000,5083000
4844810,Texas,3,3,WEBB CISD,245,10362000,611000,468000,79000,64000,0,199000
4844820,Texas,3,3,WEIMAR ISD,704,9492000,906000,578000,259000,68000,0,105000
4844890,Texas,3,3,WELLINGTON ISD,530,7102000,702000,519000,37000,118000,12000,312000
4844910,Texas,3,3,WELLMAN-UNION CISD,286,4173000,120000,102000,0,17000,0,49000
4844940,Texas,3,3,WELLS ISD,259,3783000,349000,234000,18000,97000,0,119000
4844960,Texas,3,3,WESLACO ISD,16491,207086000,17380000,12747000,2167000,2049000,417000,3846000
4845000,Texas,3,3,WEST HARDIN COUNTY CISD,552,9262000,825000,573000,26000,138000,88000,133000
4845040,Texas,3,3,WEST ISD,1265,17810000,1619000,1036000,278000,244000,60000,292000
4845090,Texas,3,3,WEST ORANGE-COVE CISD,2618,34229000,2961000,2280000,313000,306000,62000,775000
4845120,Texas,3,3,WEST OSO ISD,1929,25110000,3633000,2484000,509000,613000,28000,667000
4845150,Texas,3,3,WEST RUSK COUNTY CONSOLIDATED ISD,1048,13895000,1176000,911000,17000,94000,64000,301000
4845180,Texas,3,3,WEST SABINE ISD,608,8483000,538000,369000,47000,111000,9000,61000
4845210,Texas,3,3,WESTBROOK ISD,255,3586000,177000,140000,20000,2000,0,48000
4845240,Texas,1,3,WESTHOFF ISD,81,1790000,77000,70000,0,7000,0,0
4845330,Texas,1,3,WESTPHALIA ISD,154,1911000,101000,81000,2000,17000,0,47000
4845380,Texas,3,3,WHARTON ISD,1844,29532000,3338000,2544000,337000,388000,69000,359000
4845420,Texas,3,3,WHEELER ISD,387,5109000,312000,281000,0,29000,0,209000
4845450,Texas,3,3,WHITE DEER ISD,334,5007000,278000,256000,0,22000,0,75000
4845480,Texas,3,3,WHITE OAK ISD,1440,17382000,1210000,858000,11000,290000,27000,439000
4845540,Texas,3,3,WHITE SETTLEMENT ISD,6972,76628000,9493000,6321000,1453000,1013000,707000,2930000
4845570,Texas,3,3,WHITEFACE CISD,329,6388000,343000,247000,13000,83000,0,68000
4845600,Texas,3,3,WHITEHOUSE ISD,4916,52803000,4899000,2913000,1159000,647000,128000,1892000
4845630,Texas,3,3,WHITESBORO ISD,1712,18473000,873000,667000,62000,112000,33000,188000
4845670,Texas,3,3,WHITEWRIGHT ISD,788,9655000,603000,473000,34000,90000,5000,247000
4845690,Texas,3,3,WHITHARRAL ISD,234,2999000,82000,82000,0,0,0,43000
4845720,Texas,3,3,WHITNEY ISD,1522,18157000,1800000,1578000,122000,44000,56000,477000
4845780,Texas,3,3,WICHITA FALLS ISD,13296,135623000,21699000,13798000,3306000,3429000,1167000,6356000
4845840,Texas,3,3,WILDORADO ISD,232,2825000,117000,96000,7000,11000,0,21000
4845900,Texas,3,3,WILLIS ISD,8793,85466000,11488000,8253000,1758000,1477000,0,2072000
4845950,Texas,3,3,WILLS POINT ISD,2765,29168000,2357000,1460000,650000,247000,0,801000
4845990,Texas,3,3,WILSON ISD,125,2246000,148000,115000,2000,15000,0,0
4846080,Texas,3,3,WINDTHORST ISD,527,6563000,258000,236000,7000,15000,0,51000
4846170,Texas,3,3,WINK-LOVING ISD,431,11586000,726000,517000,27000,168000,0,301000
4846200,Texas,3,3,WINNSBORO ISD,1539,18343000,2404000,1588000,413000,383000,19000,393000
4846230,Texas,3,3,WINONA ISD,1104,14122000,1631000,1013000,199000,375000,44000,418000
4846260,Texas,3,3,WINTERS ISD,561,9283000,1004000,761000,110000,129000,4000,183000
4846320,Texas,3,3,WODEN ISD,835,10883000,881000,645000,73000,152000,10000,252000
4846350,Texas,3,3,WOLFE CITY ISD,720,9116000,955000,706000,17000,224000,8000,284000
4846380,Texas,3,3,WOODSBORO ISD,427,7994000,691000,515000,61000,59000,7000,255000
4846410,Texas,3,3,WOODSON ISD,162,2869000,203000,158000,7000,39000,0,14000
4846440,Texas,3,3,WOODVILLE ISD,1239,19639000,2999000,1915000,656000,268000,77000,515000
4846470,Texas,3,3,WORTHAM ISD,552,6190000,523000,409000,21000,20000,6000,126000
4846500,Texas,3,3,WYLIE ISD,5419,49028000,5614000,3768000,1023000,815000,9000,1658000
4846530,Texas,3,3,WYLIE ISD,18850,209913000,27587000,19520000,4059000,3967000,0,5491000
4846590,Texas,3,3,YANTIS ISD,387,4783000,216000,172000,9000,29000,0,60000
4846620,Texas,3,3,YOAKUM ISD,1546,25438000,6788000,4057000,1870000,770000,20000,1276000
4846650,Texas,3,3,YORKTOWN ISD,536,7802000,428000,307000,28000,49000,44000,41000
4846680,Texas,3,3,YSLETA ISD,36183,512896000,66326000,44459000,7918000,8301000,5648000,11856000
4846710,Texas,3,3,ZAPATA COUNTY ISD,3376,45921000,4812000,3178000,781000,728000,125000,1167000
4846740,Texas,3,3,ZAVALLA ISD,323,5139000,709000,644000,20000,33000,12000,390000
4846770,Texas,3,3,ZEPHYR ISD,227,3257000,77000,65000,0,9000,3000,63000
4899130,Texas,3,2,BENAVIDES ISD,353,7870000,378000,312000,20000,46000,0,69000
4900030,Utah,3,3,Alpine District,87136,807412000,64078000,54657000,6720000,764000,1170000,28605000
4900060,Utah,3,3,Beaver District,1561,20834000,1496000,1213000,141000,25000,0,522000
4900090,Utah,3,3,Box Elder District,12649,130117000,13306000,11519000,1478000,309000,0,4850000
4900120,Utah,3,3,Cache District,20227,207794000,18800000,16573000,714000,781000,617000,7740000
4900142,Utah,3,3,Canyons District,33386,376206000,33165000,28877000,2316000,1273000,154000,15886000
4900150,Utah,3,3,Carbon District,3468,43670000,4567000,3656000,209000,34000,73000,1458000
4900180,Utah,3,3,Daggett District,216,5297000,239000,239000,0,0,0,87000
4900210,Utah,3,3,Davis District,73459,733563000,71155000,63089000,4201000,2311000,979000,29130000
4900240,Utah,3,3,Duchesne District,5435,61152000,6950000,6136000,326000,201000,9000,2737000
4900270,Utah,3,3,Emery District,2230,32632000,2919000,2559000,260000,99000,0,912000
4900300,Utah,3,3,Garfield District,1312,16086000,1150000,1120000,14000,3000,2000,412000
4900330,Utah,3,3,Grand District,1473,20628000,2380000,1856000,276000,241000,0,666000
4900360,Utah,3,3,Granite District,61197,673167000,69788000,45478000,14223000,6356000,65000,25642000
4900390,Utah,3,3,Iron District,12739,110109000,11129000,8218000,1998000,701000,155000,3184000
4900420,Utah,3,3,Jordan District,59421,561514000,56824000,41956000,9762000,3559000,0,20660000
4900450,Utah,3,3,Juab District,2731,28633000,2114000,1788000,164000,161000,0,803000
4900480,Utah,3,3,Kane District,1519,19796000,1446000,1221000,28000,196000,0,488000
4900510,Utah,3,3,Logan City District,5420,64242000,6380000,4167000,1696000,474000,0,1848000
4900540,Utah,3,3,Millard District,3264,41018000,4011000,3596000,102000,313000,0,1334000
4900570,Utah,3,3,Morgan District,3339,31011000,2604000,2283000,198000,0,0,865000
4900600,Utah,3,3,Murray District,5871,66184000,6271000,5590000,323000,27000,5000,2909000
4900630,Utah,3,3,Nebo District,37044,330099000,35174000,22935000,9313000,950000,1333000,10429000
4900660,Utah,3,3,North Sanpete District,2752,32385000,2920000,2785000,0,130000,3000,963000
4900690,Utah,3,3,North Summit District,1053,15331000,1031000,1031000,0,0,0,336000
4900720,Utah,3,3,Ogden City District,10521,133975000,11805000,7379000,2636000,1171000,356000,4417000
4900750,Utah,3,3,Park City District,4504,78922000,4717000,3408000,1253000,55000,0,1688000
4900780,Utah,3,3,Piute District,286,6715000,510000,450000,54000,0,0,189000
4900810,Utah,3,3,Provo District,14007,159177000,13079000,8669000,2906000,1217000,0,5176000
4900840,Utah,3,3,Rich District,513,10784000,758000,757000,0,1000,0,309000
4900870,Utah,3,3,Salt Lake District,19880,274725000,21771000,19231000,613000,1721000,0,12108000
4900900,Utah,3,3,San Juan District,3017,51603000,3979000,2799000,885000,149000,146000,1320000
4900930,Utah,3,3,Sevier District,4807,55720000,4491000,3712000,562000,45000,0,1689000
4900960,Utah,3,3,South Sanpete District,3310,39037000,4351000,3951000,67000,140000,8000,1512000
4900990,Utah,3,3,South Summit District,1717,22676000,1527000,1187000,187000,153000,0,522000
4901020,Utah,3,3,Tintic District,267,5992000,348000,348000,0,0,0,219000
4901050,Utah,3,3,Tooele District,24055,210077000,16496000,13463000,1849000,850000,257000,6131000
4901080,Utah,3,3,Uintah District,7004,78491000,7749000,6037000,958000,162000,181000,2145000
4901110,Utah,3,3,Wasatch District,9082,105010000,10048000,10048000,0,0,0,4773000
4901140,Utah,3,3,Washington District,37572,342118000,33965000,24451000,3180000,5843000,304000,13016000
4901170,Utah,3,3,Wayne District,473,7307000,494000,424000,0,68000,0,124000
4901200,Utah,3,3,Weber District,32888,321310000,30423000,29666000,71000,0,7000,14922000
5000024,Vermont,3,3,Rivendell Interstate School District,422,13452000,2531000,1666000,546000,5000,151000,552000
5000393,Vermont,3,3,Mill River Unified Union School District #52,798,21780000,4093000,3032000,732000,3000,3000,859000
5000395,Vermont,3,3,Essex Westford Educational Community Unified Union SD #51,3725,110881000,18107000,13722000,3217000,61000,346000,5065000
5000396,Vermont,3,3,Champlain Valley Unified Union School District #56,4216,98972000,17579000,12365000,2787000,889000,60000,4843000
5000397,Vermont,2,3,Lamoille North Modified Union School District #058B,740,17790000,740000,684000,54000,2000,0,7000
5000398,Vermont,3,3,Addison Northwest Unified Union School District #54,939,23354000,4478000,3219000,647000,32000,407000,1339000
5000399,Vermont,3,3,Maple Run Unified Union School District #57,2651,70254000,12732000,8210000,3924000,19000,285000,3660000
5000400,Vermont,3,3,Orange Southwest Unified Union School District #59,853,28563000,3379000,2290000,828000,9000,0,1121000
5000401,Vermont,1,3,Lamoille North Modified Union School District #058A,624,15338000,1141000,1077000,63000,0,0,19000
5000402,Vermont,3,3,Addison Central Unified Union School District #55,1770,45189000,5298000,3262000,1134000,26000,131000,1717000
5000403,Vermont,3,3,Harwood Unified Union School District #60,1818,47508000,8684000,4681000,3656000,17000,212000,1939000
5000408,Vermont,3,3,Paine Mountain Union School District #68,1047,13581000,214000,214000,0,0,0,147000
5000410,Vermont,3,3,Montpelier Roxbury Unified Union School District #71,1229,29904000,4896000,3464000,959000,25000,150000,1121000
5000417,Vermont,1,3,Taconic and Green Regional School District #63,1012,16830000,909000,904000,0,0,6000,43000
5000418,Vermont,3,3,Twin Valley Unified School District #75,374,7978000,1000,1000,0,0,0,0
5000419,Vermont,1,3,Mettawee School District #84,138,2720000,318000,318000,0,0,0,0
5000421,Vermont,1,3,Kingdom East Unified Union School District #64,1224,37333000,7786000,5714000,1371000,52000,184000,1551000
5000422,Vermont,1,3,Ludlow Mt. Holly Unified Union School District #83,192,4401000,245000,245000,0,0,0,5000
5000425,Vermont,3,3,Mt. Abraham Unified School District #61,1411,36489000,4859000,2560000,1200000,212000,659000,1171000
5000427,Vermont,3,3,Green Mountain Unified School District #77,680,13383000,1118000,1077000,41000,0,0,59000
5000433,Vermont,3,3,Missisquoi Valley School District #89,1813,45479000,7408000,5217000,1093000,165000,614000,1850000
5000435,Vermont,1,3,Champlain Islands Unified Union School District #66,190,3897000,95000,95000,0,0,0,0
5000437,Vermont,3,3,Oxbow Unified Union School District #91,685,14222000,892000,892000,0,0,0,0
5000439,Vermont,3,3,Washington Central Unified Union School District #92,1423,38746000,6395000,5006000,859000,0,114000,1793000
5000440,Vermont,3,3,Slate Valley Unified Union School District #62,1266,30753000,4895000,3612000,871000,117000,116000,1096000
5000441,Vermont,1,3,Northern Mountain Valley Unified Union School District #85,817,11931000,712000,712000,0,0,0,8000
5000443,Vermont,3,3,Mount Mansfield Unified Union School District #401,2609,57314000,10429000,7530000,2245000,6000,186000,3297000
5000444,Vermont,3,3,Enosburgh-Richford Unified Union School District #88,1064,18749000,1069000,1069000,0,0,0,25000
5000445,Vermont,3,3,Barre Unified Union School District #97,2199,60791000,12275000,8856000,2035000,36000,510000,2909000
5000448,Vermont,3,3,Lamoille South Unified Union School District #90,1602,39500000,5785000,4155000,1110000,15000,298000,1501000
5000449,Vermont,1,3,West River Valley Union Education District #72A,217,10006000,110000,24000,0,0,0,0
5001770,Vermont,1,3,Alburg School District,194,4388000,474000,474000,0,0,0,28000
5002610,Vermont,1,3,Brighton School District,135,2514000,222000,172000,50000,0,0,4000
5002820,Vermont,3,3,Burlington School District,3473,104004000,18168000,13418000,3732000,71000,146000,5412000
5002910,Vermont,1,3,Cambridge School District,336,6574000,640000,627000,12000,0,0,22000
5003060,Vermont,1,3,Charleston School District,117,2372000,143000,143000,0,0,0,0
5003240,Vermont,3,3,Colchester School District,2409,54929000,10842000,8049000,1545000,61000,618000,2637000
5003360,Vermont,1,3,Coventry School District,122,2581000,155000,107000,48000,0,0,0
5003480,Vermont,1,3,Derby School District,496,6719000,671000,564000,93000,0,14000,21000
5003930,Vermont,3,3,Fairfax School District,1038,13074000,137000,137000,0,0,0,105000
5004080,Vermont,1,3,Fletcher School District,120,1697000,106000,106000,0,0,0,74000
5004140,Vermont,1,3,Georgia School District,630,8908000,6000,6000,0,0,0,4000
5004590,Vermont,3,3,Hartford School District,1454,39445000,5429000,3138000,1760000,58000,55000,1670000
5004960,Vermont,1,3,Jay/Westfield Joint Elementary School District,80,1677000,140000,122000,17000,0,0,2000
5005220,Vermont,1,3,Lowell School District,86,2004000,277000,277000,0,0,0,0
5005610,Vermont,3,3,Milton School District,1459,37496000,7677000,5208000,1446000,78000,519000,2165000
5006000,Vermont,1,3,Newport City School District,313,6613000,634000,556000,78000,0,0,9000
5006030,Vermont,1,3,Newport Town School District,128,3144000,381000,342000,39000,0,0,1000
5006180,Vermont,1,3,Norwich School District,351,15641000,878000,878000,0,0,0,536000
5007050,Vermont,3,3,Rutland City School District,1950,59338000,11597000,8203000,1678000,0,213000,3075000
5007470,Vermont,3,3,South Burlington School District,2695,64715000,13096000,9837000,2189000,106000,508000,4010000
5007500,Vermont,1,3,South Hero School District,141,3150000,233000,233000,0,0,0,0
5007530,Vermont,3,3,Springfield School District,1219,33512000,7564000,4037000,2032000,0,961000,1557000
5007650,Vermont,1,3,Saint Johnsbury School District,702,21472000,4831000,3505000,328000,0,459000,1016000
5008010,Vermont,1,3,Thetford School District,208,4772000,346000,346000,0,0,0,1000
5008130,Vermont,1,3,Troy School District,187,3453000,209000,161000,48000,0,0,5000
5008224,Vermont,3,3,Blue Mountain Union School District #21,411,9860000,1092000,652000,0,0,0,0
5008242,Vermont,1,3,Waits River Union High District #36,263,4525000,402000,402000,0,0,0,0
5009360,Vermont,3,3,Winooski Incorporated School District,787,26680000,5589000,4425000,852000,10000,107000,1557000
5009570,Vermont,1,3,North Country Union Junior High School District,263,5203000,392000,354000,38000,0,0,25000
5009600,Vermont,2,3,North Country Union High School District,680,15421000,606000,484000,60000,0,0,2000
5100060,Virginia,3,3,Accomack County Public Schools,4726,68176000,7245000,6511000,44000,690000,0,3398000
5100090,Virginia,3,2,Albemarle County Public Schools,13937,244404000,32798000,30553000,0,2192000,0,14659000
5100120,Virginia,3,3,Alexandria City Public Schools,16040,348318000,61266000,50299000,925000,9354000,0,31414000
5100152,Virginia,3,3,Alleghany Highlands Public Schools,2878,42672000,4763000,4628000,101000,32000,0,2225000
5100180,Virginia,3,3,Amelia County Public Schools,1663,23441000,2584000,2215000,151000,112000,0,1276000
5100210,Virginia,3,3,Amherst County Public Schools,3987,57019000,7756000,7352000,0,380000,0,3802000
5100240,Virginia,3,3,Appomattox County Public Schools,2361,29360000,3211000,2846000,4000,307000,0,1545000
5100270,Virginia,3,3,Arlington County Public Schools,27562,645619000,121416000,73445000,12538000,33625000,0,83166000
5100300,Virginia,3,3,Augusta County Public Schools,10076,140978000,13853000,12129000,28000,1696000,0,6802000
5100330,Virginia,3,3,Bath County Public Schools,504,11487000,1474000,1321000,136000,16000,0,545000
5100360,Virginia,3,3,Bedford County Public Schools,9084,122805000,14457000,12333000,0,2107000,0,5964000
5100390,Virginia,3,3,Bland County Public Schools,796,11590000,1153000,1153000,0,0,0,634000
5100420,Virginia,3,3,Botetourt County Public Schools,4492,62454000,9241000,8740000,0,499000,0,4282000
5100450,Virginia,3,3,Bristol City Public Schools,2194,38881000,4787000,3987000,194000,348000,0,1981000
5100480,Virginia,3,3,Brunswick County Public Schools,1405,26291000,3407000,2549000,0,859000,0,1258000
5100510,Virginia,3,3,Buchanan County Public Schools,2462,37401000,4414000,4209000,0,203000,0,1662000
5100540,Virginia,3,3,Buckingham County Public Schools,1992,31208000,3724000,3341000,0,383000,0,1617000
5100560,Virginia,3,3,Buena Vista City Public Schools,889,14872000,1608000,1445000,0,163000,0,643000
5100600,Virginia,3,3,Campbell County Public Schools,7873,104317000,10957000,9905000,0,1028000,0,5802000
5100660,Virginia,3,3,Caroline County Public Schools,4337,56207000,8437000,6395000,631000,1310000,0,3122000
5100690,Virginia,3,3,Carroll County Public Schools,3505,49142000,5021000,4736000,39000,245000,0,2616000
5100720,Virginia,3,3,Charles City County Public Schools,562,11571000,1200000,953000,0,246000,0,362000
5100750,Virginia,3,3,Charlotte County Public Schools,1668,26507000,2487000,2403000,0,83000,0,909000
5100780,Virginia,3,3,Charlottesville City Public Schools,4485,89490000,13017000,11664000,336000,650000,0,6787000
5100810,Virginia,3,3,Chesapeake City Public Schools,40769,622714000,110600000,102636000,2784000,4366000,0,43068000
5100840,Virginia,3,3,Chesterfield County Public Schools,63916,816579000,119751000,110968000,2607000,5623000,0,67864000
5100870,Virginia,3,3,Clarke County Public Schools,1892,27187000,3501000,3138000,3000,354000,0,1620000
5100930,Virginia,3,3,Colonial Beach Public Schools,574,10677000,1831000,1341000,485000,5000,0,514000
5100960,Virginia,3,3,Colonial Heights City Public Schools,2843,45455000,6075000,5816000,0,259000,0,3079000
5101020,Virginia,3,3,Craig County Public Schools,476,8214000,1177000,1096000,0,80000,0,450000
5101050,Virginia,3,3,Culpeper County Public Schools,8352,109082000,17109000,16215000,447000,416000,0,8199000
5101080,Virginia,3,3,Cumberland County Public Schools,1283,22839000,2290000,2099000,0,191000,0,1039000
5101110,Virginia,3,3,Danville City Public Schools,5684,104723000,8687000,7517000,187000,982000,0,3763000
5101140,Virginia,3,3,Dickenson County Public Schools,1946,29852000,3164000,2899000,0,265000,0,674000
5101170,Virginia,3,3,Dinwiddie County Public Schools,4256,61935000,7445000,6580000,423000,438000,0,3526000
5101200,Virginia,3,3,Essex County Public Schools,1181,20801000,2923000,2677000,0,247000,0,1235000
5101260,Virginia,3,3,Fairfax County Public Schools,179858,3412793000,717702000,643743000,13559000,53580000,0,482777000
5101290,Virginia,3,3,Falls Church City Public Schools,2496,60021000,8233000,8123000,0,110000,0,5300000
5101320,Virginia,3,3,Fauquier County Public Schools,10837,171404000,25255000,19822000,1723000,1723000,0,10935000
5101350,Virginia,3,3,Floyd County Public Schools,1746,27656000,3487000,3272000,198000,16000,0,1609000
5101380,Virginia,3,3,Fluvanna County Public Schools,3438,48393000,7562000,6326000,0,1217000,0,3451000
5101410,Virginia,3,3,Franklin City Public Schools,1023,18709000,2073000,1760000,0,281000,0,1049000
5101440,Virginia,3,3,Franklin County Public Schools,6252,94061000,13859000,13212000,0,574000,0,6714000
5101470,Virginia,3,3,Frederick County Public Schools,13960,203887000,29171000,24236000,1350000,3048000,0,13315000
5101510,Virginia,3,3,Fredericksburg City Public Schools,3762,64519000,6081000,5782000,0,0,0,2918000
5101560,Virginia,3,3,Galax City Public Schools,1393,19660000,1947000,1747000,0,200000,0,1091000
5101590,Virginia,3,3,Giles County Public Schools,3457,40893000,3948000,3673000,76000,198000,0,1502000
5101620,Virginia,3,3,Gloucester County Public Schools,5054,73809000,9005000,7297000,111000,1597000,0,4220000
5101650,Virginia,3,3,Goochland County Public Schools,2642,39749000,5372000,4902000,8000,460000,0,2769000
5101690,Virginia,3,3,Grayson County Public Schools,1561,25554000,3227000,2944000,89000,194000,0,1512000
5101710,Virginia,3,3,Greene County Public Schools,2838,40803000,6459000,5262000,283000,629000,0,2996000
5101740,Virginia,3,3,Greensville County Public Schools,2034,51061000,3500000,3097000,0,402000,0,1832000
5101770,Virginia,3,3,Halifax County Public Schools,4620,70400000,11896000,11293000,272000,247000,0,4508000
5101800,Virginia,3,3,Hampton City Public Schools,19796,297620000,31067000,28281000,0,2768000,0,17488000
5101830,Virginia,3,3,Hanover County Public Schools,17066,222458000,36619000,35437000,5000,1150000,0,19585000
5101860,Virginia,3,3,Harrisonburg City Public Schools,6682,105487000,6480000,5737000,3000,740000,0,3450000
5101890,Virginia,3,3,Henrico County Public Schools,50389,653673000,83537000,77735000,840000,4028000,0,42050000
5101920,Virginia,3,3,Henry County Public Schools,7010,96824000,12091000,11581000,0,449000,0,5353000
5101950,Virginia,3,3,Highland County Public Schools,200,4637000,539000,522000,0,16000,0,383000
5101980,Virginia,3,3,Hopewell City Public Schools,3984,66932000,7381000,6726000,5000,642000,0,3493000
5102010,Virginia,3,3,Isle of Wight County Public Schools,5627,74953000,10024000,8937000,0,1049000,0,4388000
5102070,Virginia,3,3,King and Queen County Public Schools,858,14217000,1658000,1547000,0,111000,0,523000
5102100,Virginia,3,3,King George County Public Schools,4521,57894000,10943000,9260000,0,1591000,0,5011000
5102120,Virginia,3,3,King William County Public Schools,2084,28211000,3470000,3280000,0,190000,0,1715000
5102160,Virginia,3,3,Lancaster County Public Schools,1039,17623000,1817000,1610000,0,165000,0,734000
5102190,Virginia,3,3,Lee County Public Schools,2949,44621000,6362000,6243000,9000,70000,0,3839000
5102220,Virginia,1,3,Lexington City Public Schools,485,6997000,1096000,1061000,0,35000,0,554000
5102250,Virginia,3,2,Loudoun County Public Schools,81678,1628206000,267781000,234590000,684000,27877000,0,135066000
5102280,Virginia,3,3,Louisa County Public Schools,5173,78536000,12267000,8758000,16000,2900000,0,5641000
5102310,Virginia,3,3,Lunenburg County Public Schools,1575,23385000,2647000,2185000,0,461000,0,1106000
5102340,Virginia,3,3,Lynchburg City Public Schools,7856,134207000,14900000,13863000,60000,745000,0,6919000
5102360,Virginia,3,3,Manassas City Public Schools,7413,124778000,12578000,10883000,0,1695000,0,5946000
5102370,Virginia,3,3,Madison County Public Schools,1680,25754000,2753000,2508000,0,240000,0,1123000
5102390,Virginia,3,3,Manassas Park City Public Schools,3434,51595000,8935000,8317000,192000,318000,0,4292000
5102400,Virginia,3,3,Martinsville City Public Schools,1810,31390000,3802000,3374000,0,417000,0,1328000
5102430,Virginia,3,3,Mathews County Public Schools,911,17824000,2051000,1781000,136000,134000,0,936000
5102460,Virginia,3,3,Mecklenburg County Public Schools,3972,59854000,7274000,5753000,109000,1272000,0,3310000
5102490,Virginia,3,3,Middlesex County Public Schools,1244,20523000,2009000,1979000,0,2000,0,913000
5102520,Virginia,3,3,Montgomery County Public Schools,9693,136811000,18947000,17441000,148000,1165000,0,8251000
5102580,Virginia,3,3,Nelson County Public Schools,1480,28798000,3488000,3112000,94000,275000,0,1610000
5102610,Virginia,3,3,New Kent County Public Schools,3435,46028000,4729000,4390000,52000,286000,0,2484000
5102640,Virginia,3,3,Newport News City Public Schools,26531,426660000,51364000,46609000,87000,4635000,0,21278000
5102670,Virginia,3,3,Norfolk City Public Schools,27306,446196000,57602000,55453000,0,1788000,0,28333000
5102710,Virginia,3,3,Northampton County Public Schools,1359,21632000,2524000,2223000,0,301000,0,1250000
5102730,Virginia,3,3,Northumberland County Public Schools,1200,22427000,1801000,1736000,0,65000,0,1283000
5102760,Virginia,3,3,Norton City Public Schools,813,11676000,790000,789000,0,1000,0,396000
5102790,Virginia,3,3,Nottoway County Public Schools,1810,28141000,2186000,1818000,0,368000,0,1053000
5102820,Virginia,3,3,Orange County Public Schools,5035,66950000,8177000,7132000,102000,934000,0,3723000
5102850,Virginia,3,3,Page County Public Schools,3030,43459000,4504000,3719000,0,785000,0,2268000
5102880,Virginia,3,3,Patrick County Public Schools,2481,34541000,3463000,3458000,0,0,0,1647000
5102910,Virginia,3,3,Petersburg City Public Schools,4272,70378000,7334000,5876000,494000,877000,0,3540000
5102940,Virginia,3,3,Pittsylvania County Public Schools,7918,111422000,10987000,9789000,0,1198000,0,5635000
5102980,Virginia,3,3,Poquoson City Public Schools,2055,27344000,2885000,2832000,0,53000,0,1576000
5103000,Virginia,3,3,Portsmouth City Public Schools,13371,199067000,24211000,20146000,1069000,2695000,0,10191000
5103030,Virginia,3,3,Powhatan County Public Schools,4241,55720000,7730000,7165000,21000,524000,0,3976000
5103060,Virginia,3,3,Prince Edward County Public Schools,1887,29370000,2352000,2164000,0,188000,0,1111000
5103090,Virginia,3,3,Prince George County Public Schools,6106,81201000,9816000,9391000,0,425000,0,4296000
5103130,Virginia,3,3,Prince William County Public Schools,91101,1400520000,176645000,136849000,3459000,28671000,0,83953000
5103150,Virginia,3,3,Pulaski County Public Schools,3988,55620000,6808000,6327000,17000,416000,0,3177000
5103180,Virginia,3,3,Radford City Public Schools,3690,36523000,3198000,3037000,14000,146000,0,1009000
5103210,Virginia,3,3,Rappahannock County Public Schools,735,15629000,1115000,1115000,0,0,0,604000
5103240,Virginia,3,2,Richmond City Public Schools,21130,452466000,57295000,51800000,899000,4025000,0,30009000
5103270,Virginia,3,3,Richmond County Public Schools,1346,19668000,2102000,1956000,0,146000,0,1074000
5103300,Virginia,3,3,Roanoke City Public Schools,13597,250262000,39666000,35729000,2314000,1548000,0,15363000
5103330,Virginia,3,3,Roanoke County Public Schools,13811,184579000,30971000,30267000,0,704000,0,13995000
5103370,Virginia,3,3,Rockbridge County Public Schools,2549,40367000,4200000,3718000,70000,412000,0,2022000
5103390,Virginia,3,3,Rockingham County Public Schools,11497,169504000,16026000,14510000,725000,790000,0,7881000
5103420,Virginia,3,3,Russell County Public Schools,3375,48518000,5463000,5255000,0,208000,0,2732000
5103460,Virginia,3,3,Salem City Public Schools,3750,55846000,7399000,6735000,154000,509000,0,3305000
5103480,Virginia,3,3,Scott County Public Schools,4024,51671000,5391000,5182000,0,171000,0,3608000
5103510,Virginia,3,3,Shenandoah County Public Schools,5630,83991000,8080000,7315000,0,764000,0,4250000
5103520,Virginia,3,3,Smyth County Public Schools,3981,60497000,6355000,6207000,0,144000,0,3143000
5103600,Virginia,3,3,Southampton County Public Schools,2579,38898000,5720000,4814000,0,843000,0,1446000
5103640,Virginia,3,3,Spotsylvania County Public Schools,24201,335379000,50728000,44603000,2777000,3078000,0,19700000
5103660,Virginia,3,3,Stafford County Public Schools,31105,417770000,57034000,53054000,385000,3503000,0,29038000
5103690,Virginia,3,3,Staunton City Public Schools,2692,44209000,5064000,4404000,0,465000,0,2293000
5103710,Virginia,3,3,Suffolk City Public Schools,14490,209109000,30468000,27851000,817000,1563000,0,15152000
5103750,Virginia,3,3,Surry County Public Schools,681,17531000,1758000,1584000,0,174000,0,647000
5103780,Virginia,3,3,Sussex County Public Schools,998,24800000,1450000,1096000,23000,296000,0,665000
5103810,Virginia,3,3,Tazewell County Public Schools,5416,71300000,8058000,7552000,0,504000,0,3780000
5103840,Virginia,3,2,Virginia Beach City Public Schools,65456,974503000,126667000,112297000,4717000,8176000,0,61475000
5103870,Virginia,3,3,Warren County Public Schools,5165,72035000,9443000,8906000,0,537000,0,4154000
5103900,Virginia,3,3,Washington County Public Schools,6737,95157000,11917000,11451000,0,466000,0,6924000
5103930,Virginia,3,3,Waynesboro City Public Schools,3041,49850000,5167000,4719000,162000,248000,0,2282000
5103950,Virginia,3,3,West Point Public Schools,810,12902000,1042000,757000,0,285000,0,534000
5103980,Virginia,3,3,Westmoreland County Public Schools,1561,27962000,2282000,2235000,5000,41000,0,1066000
5104020,Virginia,3,3,Williamsburg-James City County Public Schools,11375,167855000,21648000,21001000,0,646000,0,11014000
5104050,Virginia,3,3,Winchester City Public Schools,4268,78798000,12161000,10890000,99000,874000,0,6231000
5104080,Virginia,3,3,Wise County Public Schools,5913,82625000,6979000,6792000,187000,0,0,5089000
5104110,Virginia,3,3,Wythe County Public Schools,3878,52225000,7366000,6995000,0,371000,0,3533000
5104150,Virginia,3,2,York County Public Schools,12640,174983000,20904000,19324000,0,1534000,0,7955000
5300001,Washington,3,3,Enumclaw School District,4436,72798000,11613000,8415000,2423000,775000,0,3198000
5300002,Washington,3,3,Inchelium School District,201,6026000,582000,516000,63000,2000,0,110000
5300003,Washington,3,3,Kelso School District,4940,83900000,11778000,8095000,2847000,595000,0,2577000
5300030,Washington,3,3,Aberdeen School District,3304,59622000,7792000,5868000,1728000,166000,0,2345000
5300060,Washington,3,3,Adna School District,648,10039000,1080000,1080000,0,0,0,146000
5300090,Washington,1,3,Almira School District,144,2711000,152000,76000,33000,42000,0,46000
5300150,Washington,3,3,Anacortes School District,2606,47231000,5913000,3921000,1413000,522000,0,1479000
5300240,Washington,3,3,Arlington School District,5506,93723000,15150000,11016000,3282000,664000,0,3965000
5300280,Washington,3,3,Asotin-Anatone School District,614,10232000,1051000,662000,182000,207000,0,200000
5300300,Washington,3,3,Auburn School District,17857,332503000,43205000,25199000,12024000,4729000,0,10294000
5300328,Washington,3,3,Suquamish Tribal Education Department,84,2423000,220000,220000,0,0,0,82000
5300330,Washington,3,3,Bainbridge Island School District,3594,63622000,10652000,8058000,1938000,593000,0,2366000
5300380,Washington,3,3,Battle Ground School District,12393,203492000,27355000,20048000,6066000,1108000,0,7285000
5300390,Washington,3,3,Bellevue School District,19089,382761000,66046000,44006000,16000000,5462000,0,13574000
5300420,Washington,3,3,Bellingham School District,11614,207723000,33135000,24438000,6578000,1975000,0,8835000
5300480,Washington,3,3,Bethel School District,21156,325163000,43925000,29141000,9453000,3474000,0,11259000
5300510,Washington,3,3,Bickleton School District,104,2866000,186000,186000,0,0,0,0
5300570,Washington,3,3,Blaine School District,2081,41553000,6094000,4367000,1438000,289000,0,1315000
5300630,Washington,1,3,Boistfort School District,86,1799000,294000,204000,25000,0,0,51000
5300660,Washington,3,3,Bremerton School District,4383,91907000,13309000,9563000,2969000,688000,0,3784000
5300690,Washington,3,3,Brewster School District,1012,16595000,1550000,1131000,366000,53000,0,304000
5300720,Washington,3,3,Bridgeport School District,776,13615000,1084000,977000,0,106000,0,162000
5300750,Washington,1,3,Brinnon School District,74,1794000,132000,73000,42000,18000,0,28000
5300780,Washington,3,3,Burlington-Edison School District,3351,69610000,10100000,7034000,2435000,557000,0,2771000
5300810,Washington,3,3,Camas School District,7324,113269000,15041000,10410000,3004000,675000,0,4281000
5300840,Washington,3,3,Cape Flattery School District,479,12871000,1610000,843000,719000,42000,0,358000
5300870,Washington,1,3,Carbonado School District,180,3065000,402000,284000,0,0,0,65000
5300950,Washington,3,3,Cascade School District,1252,22808000,2262000,1751000,395000,98000,0,671000
5300960,Washington,3,3,CASHMERE SCHOOL DISTRICT,1580,25820000,3056000,2294000,559000,203000,0,708000
5300990,Washington,3,3,Castle Rock School District,1508,23618000,3430000,2569000,615000,225000,0,774000
5301050,Washington,1,3,Centerville School District,97,1704000,79000,79000,0,0,0,0
5301080,Washington,3,3,Central Kitsap School District,11206,194576000,33729000,27223000,4258000,1710000,0,8067000
5301110,Washington,3,3,Central Valley School District,14688,231825000,37201000,27532000,8585000,887000,0,11433000
5301140,Washington,3,3,Centralia School District,3440,60652000,9182000,4740000,3308000,387000,0,1823000
5301170,Washington,3,3,Chehalis School District,3012,52896000,7048000,5044000,1408000,562000,0,1963000
5301200,Washington,3,3,Lake Chelan School District,1335,25127000,2058000,1491000,340000,210000,0,541000
5301230,Washington,3,3,Cheney School District,5540,80863000,11673000,7329000,3504000,759000,0,2923000
5301260,Washington,3,3,Chewelah School District,789,13712000,1615000,1100000,355000,151000,0,384000
5301290,Washington,3,3,Chimacum School District,717,14982000,2387000,1764000,475000,140000,0,427000
5301320,Washington,3,3,Clarkston School District,2518,41932000,5266000,3780000,1182000,275000,0,1349000
5301350,Washington,3,3,Cle Elum-Roslyn School District,972,15934000,1669000,1146000,316000,205000,0,330000
5301410,Washington,3,3,Clover Park School District,12566,242063000,37982000,23139000,11883000,1772000,0,9040000
5301440,Washington,3,3,Colfax School District,562,9146000,905000,639000,178000,85000,0,229000
5301470,Washington,3,3,College Place School District,1554,26639000,3176000,2353000,656000,148000,0,951000
5301500,Washington,3,3,Colton School District,150,3698000,268000,225000,39000,4000,0,72000
5301560,Washington,3,3,Columbia (Stevens) School District,139,3433000,266000,194000,69000,0,0,82000
5301590,Washington,3,3,Columbia (Walla Walla) School District,734,14467000,1584000,1036000,462000,82000,0,390000
5301630,Washington,3,3,Colville School District,1685,26690000,3374000,2145000,963000,240000,0,801000
5301660,Washington,3,3,Concrete School District,495,11694000,1826000,1284000,341000,172000,0,350000
5301680,Washington,1,3,Conway School District,444,7712000,738000,544000,172000,22000,0,197000
5301710,Washington,1,3,Cosmopolis School District,165,4086000,489000,369000,97000,23000,0,54000
5301800,Washington,3,3,Coupeville School District,1055,18642000,2554000,1765000,358000,271000,0,702000
5301830,Washington,3,3,Crescent School District,336,6211000,481000,286000,162000,3000,0,86000
5301860,Washington,3,3,Creston School District,99,3014000,214000,160000,54000,0,0,85000
5301890,Washington,3,3,Curlew School District,249,5024000,406000,331000,74000,0,0,69000
5301920,Washington,3,3,Cusick School District,356,6404000,577000,444000,50000,74000,0,163000
5301980,Washington,3,3,Darrington School District,446,8866000,755000,377000,217000,161000,0,145000
5302010,Washington,3,3,Davenport School District,615,11422000,983000,731000,239000,11000,0,200000
5302040,Washington,3,3,Dayton School District,393,7701000,546000,0,0,0,0,0
5302070,Washington,3,3,Deer Park School District,2774,37178000,3989000,2684000,1040000,263000,0,1072000
5302130,Washington,1,3,Dieringer School District,1402,25829000,3756000,2631000,850000,210000,0,858000
5302280,Washington,3,3,East Valley School District (Spokane),3670,64461000,9228000,5834000,2849000,458000,0,2718000
5302310,Washington,3,3,Eastmont School District,6032,100281000,11146000,7416000,3036000,624000,0,2568000
5302340,Washington,3,3,Easton School District,82,2587000,120000,80000,38000,3000,0,33000
5302370,Washington,3,3,Eatonville School District,1944,32691000,3681000,2664000,729000,265000,0,1062000
5302400,Washington,3,3,Edmonds School District,20459,382782000,60258000,41209000,14956000,3519000,0,15958000
5302460,Washington,3,3,Ellensburg School District,3238,52894000,6243000,4913000,900000,393000,0,1432000
5302490,Washington,3,3,Elma School District,1708,27398000,3230000,2321000,629000,278000,0,899000
5302520,Washington,1,3,Endicott School District,86,3025000,315000,315000,0,0,0,86000
5302550,Washington,3,3,Entiat School District,337,6746000,381000,267000,91000,21000,0,72000
5302610,Washington,3,3,Ephrata School District,2807,40482000,4088000,2749000,951000,363000,0,1089000
5302640,Washington,1,3,Evaline School District,53,1249000,82000,61000,9000,0,0,27000
5302670,Washington,3,3,Everett School District,20359,374534000,55018000,35764000,16372000,2000000,0,15533000
5302700,Washington,3,3,Evergreen School District (Clark),22591,404418000,58834000,43302000,11647000,2926000,0,17054000
5302820,Washington,3,3,Federal Way School District,21606,386697000,52137000,36139000,13524000,1796000,0,13763000
5302850,Washington,3,3,Ferndale School District,4651,87078000,13141000,9881000,2510000,719000,0,3505000
5302880,Washington,3,3,Fife School District,3893,68758000,9888000,6609000,2479000,537000,0,2738000
5302910,Washington,3,3,Finley School District,871,14497000,1509000,1247000,138000,124000,0,411000
5302940,Washington,3,3,Franklin Pierce School District,7425,141555000,21695000,13892000,5844000,1796000,0,4843000
5302970,Washington,3,3,Freeman School District,878,14183000,1303000,933000,179000,144000,0,408000
5303000,Washington,3,3,Garfield School District,121,3615000,205000,153000,51000,1000,0,57000
5303030,Washington,3,3,Glenwood School District,64,2756000,113000,0,0,0,0,0
5303090,Washington,3,3,Goldendale School District,2976,37912000,4398000,4398000,0,0,0,0
5303130,Washington,3,3,Grand Coulee Dam School District,771,13545000,1391000,967000,311000,113000,0,199000
5303150,Washington,3,3,Grandview School District,3618,62273000,6662000,4495000,1716000,420000,0,1528000
5303180,Washington,3,3,Granger School District,1501,27236000,2530000,1623000,646000,262000,0,691000
5303210,Washington,3,3,Granite Falls School District,2326,38996000,7220000,4737000,1403000,304000,0,1851000
5303240,Washington,1,3,Grapeview School District,241,3896000,409000,284000,0,0,0,107000
5303300,Washington,1,3,Green Mountain School District,176,2371000,212000,0,0,0,0,0
5303330,Washington,1,3,Griffin School District,577,9626000,1141000,683000,282000,89000,0,216000
5303360,Washington,3,3,Harrington School District,133,3876000,266000,187000,77000,2000,0,56000
5303440,Washington,3,3,Coulee-Hartline School District,164,4139000,337000,224000,77000,1000,0,54000
5303510,Washington,3,3,Highland School District,1094,19035000,1831000,1065000,562000,194000,0,441000
5303540,Washington,3,3,Highline School District,18048,371678000,55665000,39481000,14050000,997000,0,14427000
5303570,Washington,3,3,Hockinson School District,2000,29889000,3686000,2586000,818000,282000,0,733000
5303600,Washington,1,3,Hood Canal School District,346,7571000,942000,631000,209000,94000,0,213000
5303660,Washington,3,3,Hoquiam School District,1640,29829000,3385000,2285000,787000,290000,0,1061000
5303750,Washington,3,3,Issaquah School District,19524,335584000,43797000,30191000,11172000,1825000,0,10271000
5303780,Washington,3,3,Kahlotus School District,56,2521000,117000,0,0,0,0,0
5303810,Washington,3,3,Kalama School District,1151,15393000,2025000,0,0,0,0,0
5303930,Washington,3,3,Kennewick School District,19311,293566000,35272000,25011000,8246000,1807000,0,9667000
5303960,Washington,3,3,Kent School District,25586,491217000,74211000,50576000,18869000,2667000,0,18489000
5303990,Washington,3,3,Kettle Falls School District,1125,15961000,1769000,1375000,288000,60000,0,486000
5304020,Washington,3,3,Kiona-Benton City School District,1372,24290000,2562000,1637000,719000,186000,0,656000
5304050,Washington,3,3,Kittitas School District,613,10904000,1216000,734000,401000,77000,0,260000
5304080,Washington,3,3,Klickitat School District,103,2560000,137000,0,0,0,0,0
5304110,Washington,3,3,La Conner School District,536,15231000,1734000,1172000,256000,302000,0,421000
5304150,Washington,3,3,LaCrosse School District,72,3152000,176000,176000,0,0,0,52000
5304170,Washington,3,3,La Center School District,1769,25224000,4296000,2683000,673000,175000,0,1021000
5304200,Washington,3,3,Lake Stevens School District,9687,159689000,24832000,16945000,6627000,1036000,0,6803000
5304230,Washington,3,3,Lake Washington School District,30991,528489000,74466000,56121000,12739000,5231000,0,16739000
5304260,Washington,3,3,Lakewood School District,2627,44958000,6154000,4901000,793000,433000,0,1598000
5304380,Washington,3,3,Liberty School District,593,9717000,888000,627000,147000,113000,0,153000
5304410,Washington,3,3,Lind School District,219,6110000,418000,307000,111000,0,0,81000
5304470,Washington,3,3,Longview School District,6311,109056000,16399000,11147000,3459000,983000,0,4428000
5304500,Washington,1,3,Loon Lake School District,221,3344000,367000,280000,86000,1000,0,64000
5304530,Washington,3,3,Lopez School District,228,6778000,928000,562000,272000,94000,0,292000
5304560,Washington,3,3,Riverview School District,3111,52737000,5687000,3810000,1079000,758000,0,1489000
5304590,Washington,3,3,Lyle School District,212,4669000,387000,0,0,0,0,0
5304620,Washington,3,3,Lynden School District,3542,56112000,8689000,5617000,2428000,612000,0,1889000
5304650,Washington,3,3,Mabton School District,771,15579000,1100000,675000,297000,127000,0,339000
5304710,Washington,3,3,Mansfield School District,103,3009000,144000,67000,52000,25000,0,0
5304740,Washington,3,3,Manson School District,615,12460000,1192000,812000,292000,81000,0,282000
5304800,Washington,3,3,Mary M Knight School District,1045,14288000,1689000,1462000,217000,7000,0,107000
5304830,Washington,3,3,Mary Walker School District,531,7938000,713000,478000,227000,5000,0,148000
5304860,Washington,3,3,Marysville School District,10196,190752000,30935000,20461000,8815000,1407000,0,7921000
5304890,Washington,1,3,McCleary School District,332,5587000,1004000,634000,331000,39000,0,186000
5304920,Washington,3,3,Mead School District,10320,156909000,21882000,15436000,5417000,867000,0,6742000
5304950,Washington,3,3,Medical Lake School District,1897,29856000,3674000,2708000,797000,152000,0,939000
5304980,Washington,3,3,Mercer Island School District,4057,70138000,11972000,7853000,3246000,809000,0,2004000
5305010,Washington,3,3,Meridian School District,1816,29453000,3867000,2703000,846000,287000,0,933000
5305020,Washington,3,3,Methow Valley School District,756,13881000,753000,753000,0,0,0,0
5305040,Washington,3,3,Mill A School District,67,2360000,49000,49000,0,0,0,0
5305130,Washington,3,3,Monroe School District,5734,98293000,14910000,10305000,3444000,938000,0,3444000
5305160,Washington,3,3,Montesano School District,1430,24438000,3281000,2287000,895000,96000,0,802000
5305190,Washington,3,3,Morton School District,459,8653000,1006000,720000,206000,10000,0,190000
5305220,Washington,3,3,Moses Lake School District,8686,152316000,18537000,12010000,5799000,618000,0,5019000
5305250,Washington,3,3,Mossyrock School District,590,9506000,1239000,949000,252000,0,0,194000
5305280,Washington,3,3,Mount Adams School District,889,20923000,1925000,1157000,504000,196000,0,493000
5305310,Washington,3,3,Mount Baker School District,1692,34831000,5553000,3658000,1191000,353000,0,1511000
5305340,Washington,1,3,Mount Pleasant School District,68,1116000,63000,63000,0,0,0,0
5305370,Washington,3,3,East Valley School District (Yakima),3334,53881000,5932000,3436000,2056000,405000,0,1508000
5305400,Washington,3,3,Mount Vernon School District,6545,132235000,19457000,14752000,3725000,886000,0,4228000
5305430,Washington,3,3,Mukilteo School District,15131,308279000,47265000,32768000,12717000,1237000,0,11989000
5305460,Washington,3,3,Naches Valley School District,1294,22111000,1972000,1281000,468000,179000,0,534000
5305490,Washington,3,3,Napavine School District,814,12140000,1718000,1007000,365000,0,0,293000
5305520,Washington,3,3,Naselle-Grays River Valley School District,316,6467000,461000,461000,0,0,0,0
5305550,Washington,1,3,Nespelem School District,131,3963000,258000,84000,118000,29000,0,31000
5305610,Washington,3,3,Newport School District,1091,18698000,2096000,1614000,418000,64000,0,573000
5305640,Washington,3,3,Nine Mile Falls School District,1435,22681000,2560000,1724000,602000,219000,0,847000
5305670,Washington,3,3,Nooksack Valley School District,1912,33943000,4408000,3206000,973000,200000,0,1114000
5305700,Washington,3,3,North Beach School District No. 64,689,13780000,1805000,1319000,341000,134000,0,528000
5305730,Washington,3,3,North Franklin School District,2037,36199000,3813000,2224000,1262000,327000,0,1005000
5305760,Washington,3,3,North Kitsap School District,5418,99767000,14888000,10269000,3835000,680000,0,3404000
5305790,Washington,3,3,North Mason School District,2309,39937000,5046000,2811000,1540000,213000,0,1124000
5305820,Washington,3,3,North River School District,75,2724000,200000,121000,77000,2000,0,8000
5305850,Washington,3,3,North Thurston Public Schools,15119,258473000,44834000,31753000,11317000,1384000,0,11927000
5305880,Washington,3,3,Northport School District,283,5234000,380000,257000,121000,1000,0,55000
5305910,Washington,3,3,Northshore School District,22944,426245000,76852000,56207000,16183000,4105000,0,17384000
5305940,Washington,3,3,Oak Harbor School District,5730,107801000,20187000,14334000,3736000,1966000,0,5623000
5305970,Washington,3,3,Oakesdale School District,147,4164000,306000,230000,44000,32000,0,70000
5306000,Washington,3,3,Oakville School District,341,6686000,733000,479000,245000,7000,0,159000
5306060,Washington,3,3,Ocean Beach School District,1033,17238000,2313000,0,0,1000,0,0
5306090,Washington,3,3,Ocosta School District,582,12177000,984000,654000,223000,106000,0,196000
5306120,Washington,3,3,Odessa School District,236,4920000,403000,290000,109000,3000,0,63000
5306150,Washington,3,3,Okanogan School District,1065,19530000,2229000,1826000,149000,230000,0,530000
5306180,Washington,3,3,Olympia School District,9633,165884000,29496000,21252000,6364000,1675000,0,7158000
5306220,Washington,3,3,Omak School District,5834,80783000,9897000,8782000,713000,372000,0,3446000
5306240,Washington,3,3,Onalaska School District,868,13862000,1791000,1568000,183000,33000,0,332000
5306300,Washington,3,3,Orcas Island School District,701,12966000,1733000,1269000,358000,106000,0,370000
5306330,Washington,1,3,Orchard Prairie School District,74,1158000,126000,124000,1000,1000,0,56000
5306390,Washington,1,3,Orondo School District,139,3762000,189000,0,0,0,0,0
5306420,Washington,3,3,Oroville School District,530,10396000,904000,735000,70000,93000,0,138000
5306450,Washington,3,3,Orting School District,2748,44061000,7747000,4686000,2465000,481000,0,1716000
5306480,Washington,3,3,Othello School District,4751,77250000,7205000,4527000,2202000,426000,0,1814000
5306540,Washington,3,3,Palouse School District,166,3740000,277000,206000,71000,0,0,88000
5306570,Washington,3,3,Pasco School District,18515,317557000,33701000,23762000,8429000,1510000,0,10589000
5306600,Washington,3,3,Pateros School District,269,5815000,445000,286000,142000,15000,0,75000
5306630,Washington,1,3,Paterson School District,142,2974000,246000,114000,77000,56000,0,49000
5306660,Washington,3,3,Pe Ell School District,271,5890000,711000,599000,60000,0,0,123000
5306690,Washington,3,3,Peninsula School District,8969,154440000,23017000,14423000,7392000,1007000,0,5138000
5306750,Washington,1,3,Pioneer School District,759,14876000,2333000,1620000,547000,112000,0,516000
5306780,Washington,3,3,Pomeroy School District,351,6784000,623000,453000,125000,39000,0,182000
5306820,Washington,3,3,Port Angeles School District,3534,62818000,9834000,7317000,2155000,312000,0,2435000
5306840,Washington,3,3,Port Townsend School District,1206,22673000,2939000,1979000,741000,201000,0,712000
5306870,Washington,3,3,Prescott School District,261,7367000,577000,451000,117000,6000,0,133000
5306900,Washington,3,3,Prosser School District,2414,44617000,4754000,3003000,1269000,461000,0,1023000
5306930,Washington,3,3,Pullman School District,2740,43212000,4502000,2919000,1191000,366000,0,1298000
5306960,Washington,3,3,Puyallup School District,23104,390043000,52678000,37948000,12455000,2275000,0,14435000
5306990,Washington,3,3,Quilcene School District,726,10266000,1127000,772000,198000,149000,0,298000
5307020,Washington,3,3,Quillayute Valley School District,2473,45850000,5491000,4659000,488000,328000,0,535000
5307050,Washington,3,3,Lake Quinault School District,196,3975000,359000,0,0,0,0,0
5307080,Washington,3,3,Quincy School District,3083,59266000,6233000,3791000,1901000,542000,0,1266000
5307110,Washington,3,3,Rainier School District,931,14504000,1604000,1045000,462000,87000,0,440000
5307140,Washington,3,3,Raymond School District,483,9920000,758000,540000,46000,0,0,126000
5307210,Washington,3,3,Reardan-Edwall School District,671,12066000,938000,620000,220000,98000,0,147000
5307230,Washington,3,3,Renton School District,15230,293036000,48036000,32724000,11058000,2700000,0,11830000
5307260,Washington,3,3,Republic School District,378,6995000,694000,620000,36000,37000,0,178000
5307320,Washington,3,3,Richland School District,13948,223758000,28556000,20168000,6769000,1474000,0,9138000
5307350,Washington,3,3,Ridgefield School District,3987,56196000,7904000,5333000,1930000,501000,0,2103000
5307380,Washington,3,3,Ritzville School District,362,6623000,475000,360000,113000,3000,0,134000
5307440,Washington,3,3,Riverside School District,1605,23632000,2738000,1908000,684000,128000,0,741000
5307470,Washington,3,3,Rochester School District,2150,39645000,6102000,3888000,2015000,200000,0,1351000
5307560,Washington,3,3,Rosalia School District,173,4557000,328000,253000,76000,0,0,65000
5307620,Washington,3,3,Royal School District,1763,29678000,2677000,1731000,638000,243000,0,688000
5307650,Washington,3,3,San Juan Island School District,782,15362000,2502000,1786000,440000,270000,0,511000
5307680,Washington,1,3,Satsop School District,52,1141000,153000,115000,39000,0,0,68000
5307710,Washington,3,3,Seattle School District No. 1,51238,1117293000,211457000,166283000,36206000,7692000,0,56255000
5307740,Washington,3,3,Sedro-Woolley School District,4593,81758000,14424000,9681000,3735000,920000,0,3088000
5307770,Washington,3,3,Selah School District,3832,59838000,5978000,4264000,1259000,414000,0,1645000
5307800,Washington,3,3,Selkirk School District,263,5625000,498000,354000,118000,26000,0,79000
5307830,Washington,3,3,Sequim School District,2602,45537000,6376000,4546000,1412000,378000,0,1792000
5307900,Washington,3,3,Shelton School District,4540,79806000,10236000,7559000,1963000,650000,0,3017000
5307920,Washington,3,3,Shoreline School District,9564,165606000,25129000,16872000,6099000,1374000,0,5702000
5307950,Washington,1,3,Skamania School District,73,1605000,91000,0,0,0,0,0
5308020,Washington,3,3,Snohomish School District,9418,161580000,25074000,16960000,5871000,1718000,0,6224000
5308040,Washington,3,3,Snoqualmie Valley School District,7086,124047000,17085000,12787000,3470000,621000,0,4289000
5308070,Washington,3,3,Soap Lake School District,515,10305000,1191000,772000,340000,74000,0,227000
5308100,Washington,3,3,South Bend School District,576,12256000,1234000,912000,153000,167000,0,173000
5308130,Washington,3,3,Tukwila School District,2715,61466000,6577000,4434000,1834000,243000,0,1339000
5308160,Washington,3,3,South Kitsap School District,9196,170519000,28469000,20213000,6908000,1188000,0,7802000
5308190,Washington,3,3,South Whidbey School District,1202,22090000,3070000,2058000,703000,288000,0,638000
5308220,Washington,1,3,Southside School District,195,3511000,330000,270000,0,0,0,101000
5308250,Washington,3,3,Spokane School District,28714,526437000,64734000,44956000,16394000,3025000,0,15922000
5308280,Washington,3,3,Sprague School District,67,2530000,203000,169000,30000,0,0,123000
5308310,Washington,3,3,St. John School District,148,3921000,244000,244000,0,0,0,81000
5308340,Washington,3,3,Stanwood-Camano School District,4812,84816000,15042000,10480000,3465000,1022000,0,3098000
5308400,Washington,3,3,Starbuck School District,185,5566000,523000,502000,0,21000,0,0
5308460,Washington,3,3,Steilacoom Hist. School District,3098,53123000,6520000,4962000,1142000,375000,0,1980000
5308520,Washington,3,3,Stevenson-Carson School District,843,15660000,1380000,1380000,0,0,0,0
5308550,Washington,3,3,Sultan School District,2074,36655000,5685000,4801000,448000,275000,0,1332000
5308580,Washington,1,3,Summit Valley School District,81,1299000,119000,65000,29000,25000,0,10000
5308610,Washington,3,3,Sumner-Bonney Lake School District,10414,160771000,24167000,15912000,6412000,1475000,0,5920000
5308670,Washington,3,3,Sunnyside School District,6369,114102000,12267000,7836000,3500000,857000,0,3142000
5308700,Washington,3,3,Tacoma School District,28311,557138000,72363000,45422000,24188000,2410000,0,21286000
5308730,Washington,3,3,Taholah School District,168,5897000,308000,168000,140000,1000,0,77000
5308760,Washington,3,3,Tahoma School District,9112,154491000,27068000,20917000,5347000,754000,0,5977000
5308790,Washington,3,3,Tekoa School District,190,4465000,392000,292000,96000,3000,0,83000
5308820,Washington,3,3,Tenino School District,1287,21882000,3079000,2221000,706000,132000,0,782000
5308850,Washington,3,3,Thorp School District,257,5660000,536000,438000,49000,0,0,102000
5308910,Washington,3,3,Toledo School District,843,14898000,2489000,1871000,607000,7000,0,456000
5308940,Washington,3,3,Tonasket School District,1166,19399000,1599000,1333000,96000,167000,0,415000
5308970,Washington,3,3,Toppenish School District,4246,76491000,6278000,4452000,968000,628000,0,1613000
5309000,Washington,3,3,Touchet School District,204,4921000,281000,239000,0,42000,0,96000
5309030,Washington,3,3,Toutle Lake School District,690,10705000,1012000,0,0,0,0,0
5309060,Washington,3,3,Trout Lake School District,199,4067000,221000,221000,0,0,0,0
5309100,Washington,3,3,Tumwater School District,6461,105793000,14267000,9205000,4127000,824000,0,4001000
5309150,Washington,1,3,Union Gap School District,577,9800000,952000,594000,334000,22000,0,277000
5309180,Washington,3,3,University Place School District,5619,89873000,12417000,8149000,3118000,940000,0,2851000
5309240,Washington,3,3,Valley School District,1079,14477000,1335000,779000,321000,161000,0,356000
5309270,Washington,3,3,Vancouver School District,22003,396027000,61433000,44595000,12468000,3700000,0,14198000
5309300,Washington,3,3,Vashon Island School District,1539,27278000,3163000,2098000,783000,263000,0,675000
5309330,Washington,3,3,Wahkiakum School District,431,8045000,758000,758000,0,0,0,0
5309360,Washington,3,3,Wahluke School District,2536,48189000,4813000,2696000,1058000,1025000,0,1076000
5309390,Washington,3,3,Waitsburg School District,300,5492000,340000,200000,104000,1000,0,0
5309450,Washington,3,3,Walla Walla Public Schools,5599,95347000,10552000,6603000,3048000,806000,0,2635000
5309480,Washington,3,3,Wapato School District,3195,62352000,5932000,3743000,1842000,328000,0,1662000
5309510,Washington,3,3,Warden School District,902,15913000,1539000,1048000,324000,167000,0,443000
5309540,Washington,3,3,Washougal School District,2865,51188000,8467000,6082000,1713000,517000,0,1901000
5309570,Washington,3,3,Washtucna School District,73,2799000,205000,158000,46000,0,0,60000
5309600,Washington,3,3,Waterville School District,232,5552000,448000,0,0,0,0,0
5309630,Washington,3,3,Wellpinit School District #49,389,12952000,997000,746000,219000,33000,0,270000
5309660,Washington,3,3,Wenatchee School District,7347,124857000,15798000,10384000,4263000,1070000,0,3636000
5309690,Washington,3,3,West Valley School District (Spokane),3483,53412000,6912000,4830000,1746000,259000,0,1937000
5309720,Washington,3,3,West Valley School District (Yakima),5490,83122000,9880000,5651000,3194000,997000,0,2620000
5309750,Washington,3,3,White Pass School District,347,7294000,875000,563000,135000,3000,0,141000
5309780,Washington,3,3,White River School District,4408,63320000,9352000,6193000,2396000,571000,0,2380000
5309810,Washington,3,3,White Salmon Valley School District,1114,19492000,1544000,0,0,0,0,0
5309840,Washington,3,3,Wilbur School District,217,4720000,472000,429000,42000,1000,0,195000
5309870,Washington,3,3,Willapa Valley School District,344,7437000,727000,695000,0,27000,0,234000
5309900,Washington,3,3,Wilson Creek School District,115,3703000,287000,218000,34000,32000,0,89000
5309930,Washington,3,3,Winlock School District,858,13711000,1819000,1016000,305000,122000,0,304000
5309990,Washington,3,3,Wishkah Valley School District,157,3960000,257000,159000,92000,1000,0,59000
5310020,Washington,3,3,Wishram School District,68,2498000,79000,0,0,0,0,0
5310050,Washington,3,3,Woodland School District,2432,46032000,6034000,4527000,1135000,320000,0,1252000
5310110,Washington,3,3,Yakima School District,15553,294586000,41167000,29494000,9131000,1983000,0,10335000
5310140,Washington,3,3,Yelm School District,5668,95337000,15081000,10508000,3779000,794000,0,3139000
5310170,Washington,3,3,Zillah School District,1299,21419000,1955000,1684000,177000,93000,0,543000
5400030,West Virginia,3,3,BARBOUR COUNTY BOARD OF EDUCATION,2157,26224000,3251000,2308000,687000,94000,159000,1424000
5400060,West Virginia,3,3,BERKELEY COUNTY SCHOOLS,19856,256132000,47959000,33193000,6690000,1492000,6581000,14612000
5400090,West Virginia,3,3,BOONE COUNTY  SCHOOLS,3188,49830000,7078000,4697000,1526000,306000,328000,2940000
5400120,West Virginia,3,3,BRAXTON COUNTY SCHOOLS,1726,23621000,2204000,1338000,772000,91000,0,730000
5400150,West Virginia,3,3,BROOKE COUNTY SCHOOLS,2479,40608000,6676000,4296000,1332000,412000,636000,2300000
5400180,West Virginia,3,3,CABELL COUNTY SCHOOLS,11473,177516000,21722000,16009000,3222000,821000,1668000,7907000
5400210,West Virginia,3,3,CALHOUN COUNTY SCHOOLS,864,14730000,1141000,766000,311000,64000,0,495000
5400240,West Virginia,3,3,CLAY COUNTY SCHOOLS,1632,25311000,2642000,1932000,498000,212000,0,974000
5400270,West Virginia,3,3,DODDRIDGE COUNTY SCHOOLS,1119,25178000,3306000,2438000,656000,72000,139000,1120000
5400300,West Virginia,3,3,FAYETTE COUNTY SCHOOLS,5613,79902000,10161000,7874000,1430000,34000,522000,4390000
5400330,West Virginia,3,3,GILMER COUNTY SCHOOLS,792,13697000,1431000,981000,242000,186000,23000,507000
5400360,West Virginia,3,3,GRANT COUNTY SCHOOLS,1615,21097000,2072000,1695000,322000,55000,0,762000
5400390,West Virginia,3,3,GREENBRIER COUNTY SCHOOLS,4702,69783000,10208000,10019000,188000,0,0,4177000
5400420,West Virginia,3,3,HAMPSHIRE COUNTY SCHOOLS,2801,40226000,6197000,4295000,1574000,234000,94000,1793000
5400450,West Virginia,3,3,HANCOCK COUNTY SCHOOLS,3497,51825000,8664000,6203000,1456000,229000,776000,3328000
5400480,West Virginia,3,3,HARDY COUNTY SCHOOLS,2194,28748000,2822000,1889000,738000,182000,13000,829000
5400510,West Virginia,3,3,HARRISON COUNTY SCHOOLS,9920,142807000,20823000,14793000,3768000,869000,1378000,7186000
5400540,West Virginia,3,3,JACKSON COUNTY SCHOOLS,4135,58826000,7330000,4867000,1903000,198000,359000,2691000
5400570,West Virginia,3,3,JEFFERSON COUNTY SCHOOLS,8389,120999000,15568000,10166000,3425000,735000,1241000,4570000
5400600,West Virginia,3,3,KANAWHA COUNTY SCHOOLS,23864,339865000,40712000,35259000,3206000,2180000,0,19097000
5400630,West Virginia,3,3,LEWIS COUNTY SCHOOLS,2403,33609000,3621000,2946000,413000,191000,71000,1401000
5400660,West Virginia,3,3,LINCOLN COUNTY SCHOOLS,2942,43663000,6267000,4836000,967000,144000,320000,2377000
5400690,West Virginia,3,3,LOGAN COUNTY SCHOOLS,5190,73168000,8935000,7390000,581000,490000,407000,3566000
5400720,West Virginia,3,3,MARION COUNTY SCHOOLS,7406,104472000,12588000,10631000,1461000,356000,19000,5037000
5400750,West Virginia,3,3,MARSHALL COUNTY SCHOOLS,4239,77418000,8386000,6862000,1333000,191000,0,2644000
5400780,West Virginia,3,3,MASON COUNTY SCHOOLS,3788,56367000,6987000,5904000,634000,152000,295000,2984000
5400810,West Virginia,3,3,MCDOWELL COUNTY SCHOOLS,2537,39786000,5251000,3981000,579000,260000,431000,2195000
5400840,West Virginia,3,3,MERCER COUNTY SCHOOLS,8686,117986000,14723000,10470000,3100000,567000,572000,5733000
5400870,West Virginia,3,3,MINERAL COUNTY SCHOOLS,4023,56256000,6748000,4872000,1267000,116000,399000,2428000
5400900,West Virginia,3,3,MINGO COUNTY SCHOOLS,3719,52368000,6475000,4881000,980000,361000,252000,2556000
5400930,West Virginia,3,3,MONONGALIA COUNTY SCHOOLS,11297,162837000,24929000,19432000,2932000,352000,2209000,9568000
5400960,West Virginia,3,3,MONROE COUNTY SCHOOLS,1651,25207000,1927000,1246000,549000,81000,0,574000
5400990,West Virginia,3,3,MORGAN COUNTY SCHOOLS,2183,31230000,3376000,2267000,760000,139000,210000,1216000
5401020,West Virginia,3,3,NICHOLAS COUNTY SCHOOLS,3484,48958000,5667000,4783000,597000,252000,0,2103000
5401050,West Virginia,3,3,OHIO COUNTY SCHOOLS,4953,79638000,10056000,7836000,1828000,366000,9000,3502000
5401080,West Virginia,3,3,PENDLETON COUNTY SCHOOLS,867,16595000,2002000,1538000,320000,140000,0,668000
5401110,West Virginia,3,3,PLEASANTS COUNTY SCHOOLS,1086,18223000,2176000,1611000,308000,106000,150000,819000
5401140,West Virginia,3,3,POCAHONTAS COUNTY SCHOOLS,893,16940000,2045000,1559000,362000,124000,0,637000
5401170,West Virginia,3,3,PRESTON COUNTY SCHOOLS,4090,52323000,6165000,4659000,1036000,401000,69000,2735000
5401200,West Virginia,3,3,PUTNAM COUNTY SCHOOLS,8993,123715000,16216000,11947000,2218000,366000,1660000,6876000
5401230,West Virginia,3,3,RALEIGH COUNTY SCHOOLS,10867,144588000,20167000,14769000,2418000,783000,1890000,7779000
5401260,West Virginia,3,3,RANDOLPH COUNTY SCHOOLS,3638,47062000,4819000,3863000,905000,0,0,2273000
5401290,West Virginia,3,3,RITCHIE COUNTY SCHOOLS,1243,19843000,2536000,2121000,383000,31000,1000,1052000
5401320,West Virginia,3,3,ROANE COUNTY SCHOOLS,1795,24831000,2981000,2089000,683000,117000,92000,1067000
5401350,West Virginia,3,3,SUMMERS COUNTY SCHOOLS,1318,19506000,1944000,1576000,206000,161000,0,821000
5401380,West Virginia,3,3,TAYLOR COUNTY SCHOOLS,2213,33229000,4411000,3301000,515000,321000,210000,1659000
5401410,West Virginia,3,3,TUCKER COUNTY SCHOOLS,961,15116000,2079000,1617000,286000,20000,0,874000
5401440,West Virginia,3,3,TYLER COUNTY SCHOOLS,1257,26334000,3558000,2484000,900000,32000,105000,1152000
5401470,West Virginia,3,3,UPSHUR COUNTY SCHOOLS,3776,48739000,4841000,3119000,1346000,228000,147000,1327000
5401500,West Virginia,3,3,WAYNE COUNTY SCHOOLS,6240,90143000,13182000,10341000,980000,1846000,16000,5718000
5401530,West Virginia,3,3,WEBSTER COUNTY SCHOOLS,1192,16766000,1355000,1023000,206000,4000,120000,578000
5401560,West Virginia,3,3,WETZEL COUNTY SCHOOLS,2258,48628000,8068000,5481000,1537000,209000,841000,2582000
5401590,West Virginia,3,3,WIRT COUNTY SCHOOLS,927,15229000,1558000,1156000,270000,126000,5000,712000
5401620,West Virginia,3,3,WOOD COUNTY SCHOOLS,11663,162117000,20834000,13079000,5184000,607000,1675000,6801000
5401650,West Virginia,3,3,WYOMING COUNTY SCHOOLS,3609,52421000,7460000,6476000,548000,284000,151000,3498000
5500013,Wisconsin,1,3,Lake Country School District,485,6544000,804000,590000,197000,0,16000,333000
5500016,Wisconsin,3,3,Blair-Taylor School District,632,9942000,1370000,1183000,155000,21000,10000,784000
5500017,Wisconsin,3,3,River Ridge School District,524,8575000,1331000,1113000,46000,128000,9000,592000
5500030,Wisconsin,3,3,Abbotsford School District,792,9134000,1134000,970000,35000,108000,20000,0
5500035,Wisconsin,2,3,Wisconsin Department of Corrections,196,1654000,1654000,1497000,0,0,0,0
5500052,Wisconsin,1,3,Trevor-Wilmot Consolidated School District,472,7710000,1294000,926000,128000,173000,65000,558000
5500056,Wisconsin,3,3,Gresham School District,300,5324000,933000,814000,96000,13000,3000,444000
5500058,Wisconsin,3,2,Chequamegon School District,670,11882000,1630000,1383000,82000,133000,26000,843000
5500060,Wisconsin,3,3,Adams-Friendship Area School District,1315,21445000,4004000,3055000,484000,291000,157000,1857000
5500061,Wisconsin,3,2,Chetek-Weyerhaeuser Area School District,952,15352000,2197000,1704000,269000,86000,77000,982000
5500075,Wisconsin,1,3,Herman-Neosho-Rubicon School District,318,4343000,618000,488000,115000,0,14000,334000
5500080,Wisconsin,1,3,Holy Hill Area School District,483,7729000,1010000,729000,106000,174000,2000,524000
5500120,Wisconsin,3,3,Albany School District,271,5851000,830000,705000,71000,51000,0,441000
5500150,Wisconsin,3,2,Algoma School District,664,9389000,1530000,1175000,195000,147000,13000,824000
5500180,Wisconsin,3,3,Alma School District,238,3624000,344000,319000,18000,1000,6000,212000
5500210,Wisconsin,3,3,Alma Center School District,587,9041000,1496000,1247000,217000,31000,0,848000
5500240,Wisconsin,3,3,Almond-Bancroft School District,376,5406000,951000,683000,75000,127000,65000,327000
5500270,Wisconsin,3,3,Altoona School District,1891,24191000,3773000,2993000,352000,281000,146000,1703000
5500300,Wisconsin,3,3,Amery School District,1397,22545000,2980000,2324000,333000,252000,71000,1492000
5500330,Wisconsin,3,2,Tomorrow River School District,1217,15829000,1870000,1488000,223000,139000,0,987000
5500360,Wisconsin,3,3,Antigo Unified School District,1924,27454000,4457000,3611000,411000,288000,136000,2386000
5500390,Wisconsin,3,2,Appleton Area School District,15270,199811000,37528000,30899000,4196000,961000,1365000,20090000
5500420,Wisconsin,3,3,Arcadia School District,1283,19233000,2534000,1923000,377000,200000,30000,1093000
5500450,Wisconsin,3,3,Argyle School District,293,4786000,599000,508000,54000,27000,8000,311000
5500510,Wisconsin,3,3,Ashland School District,1823,27687000,3821000,2828000,451000,268000,271000,1394000
5500540,Wisconsin,3,3,Ashwaubenon School District,3215,40596000,5656000,4490000,757000,318000,35000,2641000
5500570,Wisconsin,3,2,Athens School District,439,7421000,1076000,1031000,8000,36000,1000,41000
5500600,Wisconsin,3,3,Auburndale School District,829,11726000,1325000,959000,309000,46000,0,483000
5500630,Wisconsin,3,2,Augusta School District,604,11405000,1408000,1196000,84000,88000,33000,732000
5500720,Wisconsin,3,3,Baldwin-Woodville Area School District,1741,22139000,3643000,2841000,500000,227000,63000,1971000
5500750,Wisconsin,3,3,Unity School District,954,14179000,1859000,1289000,278000,171000,114000,877000
5500780,Wisconsin,3,3,Bangor School District,639,8590000,1265000,1010000,167000,15000,71000,576000
5500810,Wisconsin,3,3,Baraboo School District,2688,38197000,6008000,4503000,814000,241000,432000,3262000
5500840,Wisconsin,3,3,Barneveld School District,431,6787000,728000,582000,65000,81000,0,344000
5500870,Wisconsin,3,2,Barron Area School District,1104,18889000,2895000,2260000,364000,213000,58000,1359000
5500900,Wisconsin,3,3,Bayfield School District,426,13546000,2904000,2260000,345000,253000,38000,1389000
5500960,Wisconsin,3,3,Beaver Dam Unified School District,3161,43682000,7960000,5740000,882000,681000,657000,3809000
5500990,Wisconsin,3,3,Belleville School District,911,12617000,1657000,1188000,345000,103000,18000,736000
5501020,Wisconsin,3,3,Belmont Community School District,405,5800000,631000,518000,40000,71000,0,315000
5501050,Wisconsin,3,3,Beloit School District,5165,91249000,15345000,10190000,3092000,904000,1155000,6351000
5501080,Wisconsin,3,3,Beloit Turner School District,1624,20831000,3135000,2368000,452000,243000,57000,1623000
5501110,Wisconsin,3,3,Benton School District,224,3725000,401000,313000,22000,57000,10000,168000
5501140,Wisconsin,3,3,Berlin Area School District,1333,18539000,2993000,2419000,128000,167000,270000,1415000
5501170,Wisconsin,3,2,Birchwood School District,267,4887000,738000,611000,41000,84000,2000,432000
5501230,Wisconsin,3,3,Wisconsin Heights School District,749,12329000,2180000,1210000,630000,202000,138000,803000
5501260,Wisconsin,3,3,Black River Falls School District,1572,25649000,4556000,3919000,314000,168000,139000,2500000
5501310,Wisconsin,3,3,Pecatonica Area School District,391,7184000,844000,674000,72000,95000,2000,444000
5501350,Wisconsin,3,3,Bloomer School District,1256,16318000,2578000,1901000,277000,241000,121000,1006000
5501470,Wisconsin,3,3,Bonduel School District,736,11520000,1722000,1245000,276000,192000,6000,787000
5501500,Wisconsin,3,3,Boscobel Area School District,703,13904000,2228000,1848000,177000,174000,15000,1103000
5501530,Wisconsin,1,3,North Lakeland School District,153,3828000,570000,474000,20000,74000,0,284000
5501560,Wisconsin,3,3,Bowler School District,297,6482000,1061000,775000,133000,121000,28000,437000
5501590,Wisconsin,3,3,Boyceville Community School District,692,10128000,1684000,1323000,172000,176000,10000,778000
5501650,Wisconsin,1,3,Brighton #1 School District,198,2323000,176000,106000,16000,53000,0,79000
5501680,Wisconsin,3,3,Brillion School District,947,11878000,1495000,1218000,114000,152000,6000,788000
5501710,Wisconsin,1,3,Bristol #1 School District,782,16837000,1837000,1413000,203000,166000,52000,830000
5501740,Wisconsin,3,3,Brodhead School District,1016,15060000,2250000,1749000,340000,104000,56000,1204000
5501770,Wisconsin,3,3,Elmbrook School District,7781,108833000,19403000,14856000,2535000,818000,751000,8932000
5501800,Wisconsin,3,3,Brown Deer School District,1653,23522000,3625000,2694000,504000,201000,201000,1863000
5501830,Wisconsin,3,3,Bruce School District,410,7736000,1077000,825000,49000,100000,98000,433000
5501890,Wisconsin,3,3,Burlington Area School District,2914,42221000,8899000,6767000,979000,331000,755000,4429000
5501920,Wisconsin,3,2,Butternut School District,194,3563000,559000,416000,76000,67000,0,265000
5502040,Wisconsin,3,3,Cadott Community School District,802,12941000,2038000,1665000,82000,232000,50000,1034000
5502070,Wisconsin,3,3,Cambria-Friesland School District,309,6219000,885000,721000,82000,62000,13000,360000
5502100,Wisconsin,3,2,Cambridge School District,911,14148000,2443000,1603000,403000,199000,234000,995000
5502130,Wisconsin,3,2,Cameron School District,1183,14780000,2268000,1934000,266000,15000,44000,1284000
5502160,Wisconsin,3,3,Campbellsport School District,1338,17042000,2499000,1786000,338000,166000,209000,1248000
5502340,Wisconsin,3,3,Cashton School District,625,8771000,1256000,1082000,139000,11000,23000,634000
5502400,Wisconsin,3,3,Cassville School District,172,4147000,366000,251000,37000,29000,49000,157000
5502430,Wisconsin,3,3,Cedar Grove-Belgium Area School District,910,15747000,1382000,1061000,103000,160000,0,753000
5502460,Wisconsin,3,3,Cedarburg School District,3091,39091000,5929000,4373000,813000,315000,401000,2859000
5502520,Wisconsin,3,3,Chilton School District,1137,17301000,1496000,941000,297000,208000,39000,680000
5502550,Wisconsin,3,3,Chippewa Falls Area Unified School District,4783,66714000,10694000,8105000,1091000,272000,602000,4913000
5502580,Wisconsin,3,3,Clayton School District,286,5624000,384000,287000,25000,68000,0,171000
5502610,Wisconsin,3,3,Clear Lake School District,565,8305000,1074000,851000,65000,130000,25000,531000
5502640,Wisconsin,3,3,Clinton Community School District,1047,16313000,2446000,1783000,434000,213000,11000,1216000
5502670,Wisconsin,3,3,Clintonville School District,1164,17459000,3494000,2832000,412000,182000,50000,1694000
5502700,Wisconsin,3,3,Cochrane-Fountain City School District,560,7704000,876000,725000,88000,38000,23000,334000
5502730,Wisconsin,3,3,Colby School District,918,13642000,1937000,1655000,148000,122000,3000,965000
5502760,Wisconsin,3,3,Coleman School District,738,8990000,1099000,734000,184000,178000,3000,491000
5502790,Wisconsin,3,3,Colfax School District,727,9686000,1317000,924000,185000,174000,28000,649000
5502820,Wisconsin,3,2,Columbus School District,1161,19340000,3596000,2571000,426000,262000,307000,1483000
5502880,Wisconsin,3,3,Cornell School District,404,6017000,1157000,873000,145000,120000,3000,540000
5502910,Wisconsin,3,3,Crandon School District,832,13385000,2141000,1647000,170000,211000,112000,973000
5502970,Wisconsin,3,3,Crivitz School District,791,10394000,1507000,1222000,215000,61000,9000,665000
5503030,Wisconsin,3,3,Cuba City School District,677,10394000,1933000,1558000,247000,54000,74000,922000
5503060,Wisconsin,3,3,Cudahy School District,2093,34397000,6024000,4960000,543000,263000,225000,3338000
5503090,Wisconsin,3,2,Cumberland School District,988,15632000,2541000,1997000,229000,189000,121000,1172000
5503150,Wisconsin,3,3,Darlington Community School District,900,12536000,1549000,1188000,138000,128000,89000,814000
5503180,Wisconsin,3,3,De Forest Area School District,4147,56677000,10261000,8007000,1487000,415000,346000,5144000
5503210,Wisconsin,3,3,De Pere School District,4555,55209000,7019000,5862000,782000,297000,73000,2803000
5503240,Wisconsin,3,2,De Soto Area School District,468,7873000,1046000,795000,74000,118000,39000,402000
5503270,Wisconsin,3,3,Deerfield Community School District,751,11006000,2010000,1514000,249000,128000,119000,1002000
5503510,Wisconsin,3,2,Kettle Moraine School District,3477,49586000,7841000,6182000,958000,501000,109000,3800000
5503640,Wisconsin,3,2,Delavan-Darien School District,1817,28204000,3967000,2905000,704000,232000,119000,1888000
5503660,Wisconsin,3,2,Denmark School District,1616,20378000,3189000,2666000,313000,191000,11000,1610000
5503690,Wisconsin,3,3,Dodgeville School District,1068,17426000,2208000,1704000,267000,171000,51000,945000
5503750,Wisconsin,1,3,Dover #1 School District,86,1258000,138000,133000,1000,2000,0,104000
5503810,Wisconsin,3,3,Drummond Area School District,338,6040000,678000,510000,89000,77000,2000,262000
5503840,Wisconsin,3,3,Durand-Arkansaw School District,999,13770000,2166000,1459000,260000,278000,161000,905000
5503860,Wisconsin,3,2,Northland Pines School District,1391,23963000,3590000,2903000,443000,195000,38000,1743000
5504020,Wisconsin,3,3,East Troy Community School District,1456,20348000,3242000,2149000,735000,246000,107000,1513000
5504050,Wisconsin,3,2,Eau Claire Area School District,10871,155847000,28390000,23543000,2487000,1122000,1156000,14970000
5504080,Wisconsin,3,3,Edgar School District,604,8020000,1427000,1285000,10000,84000,47000,0
5504110,Wisconsin,3,3,Edgerton School District,1929,27015000,5841000,4477000,800000,397000,157000,2742000
5504170,Wisconsin,3,3,Elcho School District,269,4931000,593000,411000,81000,99000,0,225000
5504200,Wisconsin,3,3,Eleva-Strum School District,667,9936000,1260000,857000,197000,87000,39000,583000
5504230,Wisconsin,3,3,Elk Mound Area School District,1210,15064000,1856000,1488000,206000,137000,7000,918000
5504260,Wisconsin,3,3,Elkhart Lake-Glenbeulah School District,480,7177000,724000,550000,73000,99000,0,396000
5504290,Wisconsin,3,2,Elkhorn Area School District,3587,47100000,7703000,5551000,1029000,288000,824000,3772000
5504320,Wisconsin,3,3,Ellsworth Community School District,1624,22681000,3718000,2947000,410000,179000,155000,1837000
5504350,Wisconsin,3,2,Elmwood School District,321,5322000,520000,479000,30000,9000,0,330000
5504380,Wisconsin,3,3,Royall School District,469,8576000,1177000,1012000,146000,1000,15000,476000
5504410,Wisconsin,1,3,Erin School District,399,4432000,574000,458000,99000,8000,2000,337000
5504440,Wisconsin,3,3,Evansville Community School District,1593,24687000,4212000,3430000,477000,196000,102000,2066000
5504500,Wisconsin,3,3,Fall Creek School District,871,10640000,979000,790000,123000,63000,0,535000
5504530,Wisconsin,3,3,Fall River School District,499,6703000,1130000,837000,143000,145000,4000,410000
5504590,Wisconsin,3,3,Fennimore Community School District,810,11871000,2230000,1829000,258000,115000,8000,1114000
5504620,Wisconsin,1,3,Lac du Flambeau #1 School District,515,15902000,3224000,2517000,303000,312000,90000,1637000
5504650,Wisconsin,3,3,Florence County School District,390,7690000,886000,680000,113000,78000,11000,415000
5504680,Wisconsin,3,2,Fond du Lac School District,6603,91336000,16029000,13523000,1458000,336000,690000,8622000
5504720,Wisconsin,1,3,Fontana J8 School District,206,4199000,469000,341000,79000,32000,17000,240000
5504740,Wisconsin,3,3,Fort Atkinson School District,2508,43055000,8509000,6986000,934000,295000,257000,3989000
5504770,Wisconsin,1,3,Maple Dale-Indian Hill School District,442,8103000,1404000,1159000,128000,113000,0,766000
5504800,Wisconsin,1,3,Fox Point J2 School District,825,14666000,2134000,1587000,271000,257000,0,1067000
5504830,Wisconsin,3,3,Franklin Public School District,4781,60760000,8559000,6191000,1147000,639000,201000,4277000
5504860,Wisconsin,3,3,Frederic School District,429,7389000,746000,476000,87000,128000,54000,322000
5504890,Wisconsin,3,2,Northern Ozaukee School District,1117,13923000,1736000,1392000,145000,192000,4000,945000
5504920,Wisconsin,3,3,Freedom Area School District,1554,20054000,3537000,2880000,250000,224000,132000,1821000
5504960,Wisconsin,3,3,Galesville-Ettrick-Trempealeau School District,1364,20717000,2880000,2136000,354000,316000,58000,1469000
5504980,Wisconsin,3,3,North Crawford School District,400,7755000,1202000,908000,130000,160000,0,596000
5505100,Wisconsin,1,3,Geneva J4 School District,152,2599000,139000,87000,40000,4000,7000,41000
5505130,Wisconsin,1,3,Genoa City J2 School District,469,7051000,1113000,838000,131000,103000,39000,528000
5505160,Wisconsin,3,3,Germantown School District,3903,46587000,8770000,6924000,814000,466000,553000,4791000
5505220,Wisconsin,3,3,Gibraltar Area School District,547,14432000,1866000,1571000,130000,163000,3000,1071000
5505250,Wisconsin,3,3,Gillett School District,517,8385000,1605000,1148000,204000,210000,43000,724000
5505280,Wisconsin,3,2,Gilman School District,367,6630000,779000,586000,53000,116000,16000,356000
5505370,Wisconsin,3,3,Gilmanton School District,135,2612000,100000,32000,13000,32000,21000,20000
5505460,Wisconsin,1,3,Glendale-River Hills School District,962,19117000,3825000,2656000,625000,225000,292000,1676000
5505490,Wisconsin,2,3,Nicolet Union High School School District,1089,23606000,2788000,2090000,279000,255000,161000,1275000
5505520,Wisconsin,3,3,Glenwood City School District,624,8160000,1230000,1049000,82000,87000,13000,726000
5505580,Wisconsin,3,3,Goodman-Armstrong Creek School District,78,2211000,364000,282000,9000,52000,2000,169000
5505610,Wisconsin,3,3,Grafton School District,2116,26741000,4994000,3775000,692000,266000,257000,2560000
5505640,Wisconsin,3,3,Granton Area School District,226,5324000,489000,341000,71000,74000,2000,158000
5505670,Wisconsin,3,2,Grantsburg School District,1759,20362000,2290000,1751000,401000,134000,0,1010000
5505730,Wisconsin,3,3,Black Hawk School District,359,5838000,823000,666000,80000,48000,29000,453000
5505820,Wisconsin,3,2,Green Bay Area Public School District,18922,291280000,54181000,40838000,7782000,2125000,3209000,27016000
5505880,Wisconsin,3,3,Green Lake School District,297,4748000,710000,499000,140000,71000,0,349000
5505910,Wisconsin,3,2,Greendale School District,2664,37351000,6469000,5261000,820000,238000,115000,3723000
5505940,Wisconsin,3,3,Greenfield School District,3493,45693000,7010000,5779000,771000,198000,262000,3880000
5505970,Wisconsin,3,3,Greenwood School District,362,6977000,1115000,837000,58000,71000,80000,440000
5506000,Wisconsin,3,2,Whitnall School District,2397,32671000,6172000,5051000,596000,339000,141000,3570000
5506030,Wisconsin,3,3,Hamilton School District,5106,67476000,9472000,7300000,1116000,477000,565000,4255000
5506060,Wisconsin,3,2,Saint Croix Central School District,1866,24699000,3566000,2807000,467000,232000,60000,1911000
5506090,Wisconsin,1,3,Hartford J1 School District,1517,20155000,3730000,2691000,523000,348000,129000,1904000
5506120,Wisconsin,2,3,Hartford UHS School District,1316,20144000,2450000,1886000,203000,189000,147000,1056000
5506140,Wisconsin,1,3,Hartland-Lakeside J3 School District,1139,13676000,2455000,1808000,357000,128000,77000,1329000
5506180,Wisconsin,2,3,Arrowhead UHS School District,2086,28861000,3063000,2184000,319000,190000,341000,1298000
5506270,Wisconsin,3,2,Hayward Community School District,1905,29934000,4437000,3540000,503000,225000,169000,2031000
5506300,Wisconsin,3,3,Southwestern Wisconsin School District,529,7699000,1222000,1007000,73000,138000,3000,601000
5506420,Wisconsin,3,3,Highland School District,288,4813000,664000,503000,147000,5000,8000,311000
5506450,Wisconsin,3,3,Hilbert School District,468,5949000,450000,326000,57000,23000,43000,228000
5506480,Wisconsin,3,3,Hillsboro School District,501,9028000,1152000,906000,154000,52000,24000,485000
5506540,Wisconsin,3,3,Holmen School District,3879,57460000,10418000,8743000,1122000,279000,238000,5751000
5506570,Wisconsin,3,3,Horicon School District,799,10021000,1814000,1440000,188000,130000,56000,866000
5506600,Wisconsin,3,2,Hortonville Area School District,4258,48018000,6304000,4737000,1058000,332000,176000,3081000
5506630,Wisconsin,3,3,Howard-Suamico School District,5781,78771000,10226000,7760000,1387000,480000,510000,4948000
5506660,Wisconsin,3,3,Howards Grove School District,925,12393000,1728000,1391000,267000,33000,29000,1038000
5506690,Wisconsin,3,2,Hudson School District,5377,80670000,12986000,9859000,1506000,741000,871000,6732000
5506750,Wisconsin,3,3,Hurley School District,546,7543000,753000,610000,37000,104000,0,423000
5506780,Wisconsin,3,3,Hustisford School District,297,5352000,672000,551000,45000,74000,1000,333000
5506810,Wisconsin,3,3,Independence School District,432,6703000,701000,553000,49000,59000,39000,373000
5506840,Wisconsin,3,3,Iola-Scandinavia School District,566,9599000,874000,577000,91000,160000,45000,364000
5506870,Wisconsin,3,3,Iowa-Grant School District,676,11122000,1626000,1316000,212000,37000,55000,843000
5506960,Wisconsin,3,3,Ithaca School District,367,5929000,577000,549000,23000,3000,0,350000
5507020,Wisconsin,3,2,Janesville School District,9537,133423000,21156000,16273000,2820000,854000,1142000,11092000
5507050,Wisconsin,3,3,Jefferson School District,1728,26587000,4270000,3084000,673000,256000,188000,1871000
5507170,Wisconsin,3,3,Johnson Creek School District,605,10089000,1711000,1297000,184000,199000,31000,596000
5507230,Wisconsin,3,3,Juda School District,283,4518000,622000,475000,53000,81000,0,353000
5507260,Wisconsin,3,3,Dodgeland School District,754,11817000,1971000,1426000,243000,135000,163000,931000
5507290,Wisconsin,3,2,Kaukauna Area School District,4057,49582000,9231000,7378000,961000,454000,434000,4730000
5507320,Wisconsin,3,2,Kenosha School District,19069,279087000,48373000,37674000,6206000,1223000,3173000,24835000
5507380,Wisconsin,3,3,Kewaskum School District,1789,21224000,2804000,2224000,318000,226000,36000,1589000
5507410,Wisconsin,3,3,Kewaunee School District,858,13111000,2035000,1608000,294000,98000,25000,1105000
5507440,Wisconsin,3,2,Kiel Area School District,1268,17546000,1779000,1401000,273000,79000,24000,1024000
5507470,Wisconsin,3,3,Kimberly Area School District,5132,61607000,9187000,7150000,987000,482000,517000,4385000
5507500,Wisconsin,3,3,Kohler School District,714,8490000,696000,503000,64000,129000,0,352000
5507530,Wisconsin,3,2,La Crosse School District,5992,95806000,16877000,12227000,2570000,738000,1321000,7938000
5507560,Wisconsin,3,2,La Farge School District,249,4656000,460000,371000,58000,8000,24000,246000
5507590,Wisconsin,3,3,Ladysmith School District,743,11544000,1848000,1519000,121000,155000,48000,924000
5507620,Wisconsin,1,2,Lake Geneva J1 School District,1824,27580000,4783000,3483000,925000,222000,142000,1959000
5507650,Wisconsin,2,2,Lake Geneva-Genoa City UHS School District,1347,23659000,1848000,1055000,384000,222000,177000,568000
5507680,Wisconsin,3,3,Lake Holcombe School District,267,5622000,781000,526000,132000,120000,1000,320000
5507710,Wisconsin,3,3,Lake Mills Area School District,1508,20001000,3321000,2691000,326000,194000,101000,1631000
5507770,Wisconsin,3,3,Lancaster Community School District,991,15646000,2540000,2158000,198000,179000,0,1387000
5507830,Wisconsin,3,3,Laona School District,292,4595000,491000,398000,55000,38000,0,234000
5507860,Wisconsin,3,3,Lena School District,423,6215000,1093000,879000,124000,51000,1000,470000
5508040,Wisconsin,1,3,Linn J4 School District,95,2040000,221000,164000,24000,1000,33000,108000
5508070,Wisconsin,1,3,Linn J6 School District,148,2172000,150000,142000,8000,0,0,108000
5508130,Wisconsin,1,3,Richmond School District,407,5147000,656000,458000,118000,61000,17000,312000
5508160,Wisconsin,3,2,Little Chute Area School District,1582,19538000,3154000,2511000,366000,233000,38000,1825000
5508190,Wisconsin,3,2,Lodi School District,1491,22566000,4083000,3047000,549000,196000,286000,2081000
5508220,Wisconsin,3,3,Lomira School District,1023,13908000,1840000,1514000,133000,166000,13000,1026000
5508250,Wisconsin,3,3,Loyal School District,470,7830000,617000,509000,14000,84000,6000,249000
5508280,Wisconsin,3,3,Luck School District,394,13848000,702000,552000,107000,36000,5000,384000
5508340,Wisconsin,3,3,Luxemburg-Casco School District,1997,24939000,3593000,2963000,395000,210000,10000,1956000
5508520,Wisconsin,3,2,Madison Metropolitan School District,25237,439405000,85629000,63707000,14911000,2992000,3800000,44714000
5508550,Wisconsin,3,3,Manawa School District,564,7660000,959000,686000,95000,97000,67000,415000
5508610,Wisconsin,3,2,Manitowoc School District,4726,70380000,13130000,10750000,1585000,418000,307000,6980000
5508640,Wisconsin,3,3,Maple School District,1295,18659000,2691000,2027000,325000,187000,128000,1405000
5508670,Wisconsin,3,2,Marathon City School District,753,9340000,1245000,972000,108000,110000,53000,26000
5508700,Wisconsin,3,3,Marinette School District,1919,25386000,4519000,3179000,780000,286000,240000,2204000
5508730,Wisconsin,3,3,Marion School District,451,6262000,908000,537000,143000,225000,0,403000
5508760,Wisconsin,3,3,Markesan School District,780,11708000,1623000,1319000,75000,100000,129000,629000
5508790,Wisconsin,3,2,Marshall School District,1098,15213000,2293000,1624000,366000,251000,40000,1066000
5508820,Wisconsin,3,3,Marshfield Unified School District,3764,52509000,7934000,6066000,1013000,291000,367000,3596000
5508850,Wisconsin,3,2,Mauston School District,1406,22369000,2992000,2409000,157000,244000,152000,1369000
5508880,Wisconsin,3,3,Mayville School District,979,14823000,2291000,1734000,227000,213000,116000,1180000
5508910,Wisconsin,3,2,McFarland School District,5484,70533000,7018000,5569000,923000,328000,167000,3751000
5508940,Wisconsin,3,2,Medford Area Public School District,3963,40802000,7908000,6000000,1371000,325000,162000,3631000
5508970,Wisconsin,3,3,Mellen School District,270,4628000,582000,472000,47000,64000,0,270000
5509000,Wisconsin,3,3,Melrose-Mindoro School District,757,11994000,1998000,1538000,389000,8000,57000,989000
5509030,Wisconsin,3,2,Menasha Joint School District,3160,49121000,11346000,8431000,1992000,522000,399000,5723000
5509060,Wisconsin,3,3,Menomonee Falls School District,3914,50834000,8089000,5900000,1207000,441000,526000,4121000
5509070,Wisconsin,3,2,Menominee Indian School District,987,22265000,3395000,2713000,471000,211000,0,1336000
5509090,Wisconsin,3,3,Menomonie Area School District,3290,43875000,7368000,5961000,898000,247000,261000,4126000
5509130,Wisconsin,3,3,Mequon-Thiensville School District,3562,57163000,8108000,6284000,1139000,208000,456000,3833000
5509150,Wisconsin,3,3,Mercer School District,121,2929000,307000,227000,25000,54000,0,129000
5509210,Wisconsin,3,2,Merrill Area School District,2907,39380000,6734000,5310000,550000,397000,451000,3476000
5509240,Wisconsin,1,3,Swallow School District,464,6014000,593000,519000,42000,32000,0,397000
5509300,Wisconsin,1,3,North Lake School District,331,4599000,545000,478000,29000,23000,1000,345000
5509360,Wisconsin,1,3,Merton Community School District,920,10160000,1338000,1091000,127000,77000,40000,684000
5509390,Wisconsin,1,3,Stone Bank School District,279,4169000,621000,363000,172000,74000,10000,220000
5509510,Wisconsin,3,2,Middleton-Cross Plains Area School District,7263,101933000,17936000,13325000,2292000,1699000,369000,8858000
5509570,Wisconsin,3,3,Milton School District,3420,44614000,6859000,5205000,918000,293000,417000,3225000
5509600,Wisconsin,3,2,Milwaukee School District,67500,1270014000,226298000,154836000,50059000,1812000,19516000,97458000
5509630,Wisconsin,2,2,Lakeland UHS School District,745,16371000,2849000,2359000,182000,231000,71000,1242000
5509660,Wisconsin,3,3,Mineral Point Unified School District,777,12525000,2034000,1635000,211000,165000,23000,1129000
5509690,Wisconsin,1,2,Minocqua J1 School District,551,9152000,1420000,1081000,29000,190000,110000,714000
5509750,Wisconsin,3,3,Mishicot School District,918,12026000,1694000,1339000,151000,186000,11000,978000
5509780,Wisconsin,3,2,Mondovi School District,962,12782000,1843000,1536000,220000,60000,27000,1014000
5509810,Wisconsin,3,2,Monona Grove School District,3539,57555000,8434000,5904000,1440000,580000,479000,3711000
5509840,Wisconsin,3,3,Monroe School District,2227,34449000,7046000,5418000,1031000,338000,260000,3517000
5509870,Wisconsin,3,2,Montello School District,593,10369000,1882000,1484000,193000,123000,35000,996000
5509900,Wisconsin,3,3,Monticello School District,300,5536000,594000,351000,143000,100000,0,239000
5509960,Wisconsin,3,3,Mosinee School District,1940,26463000,4785000,3790000,584000,194000,204000,2699000
5509990,Wisconsin,3,3,Mount Horeb Area School District,2387,32177000,4825000,3759000,638000,337000,66000,2463000
5510060,Wisconsin,3,2,Mukwonago School District,5009,60935000,10106000,7688000,1477000,257000,520000,5214000
5510140,Wisconsin,3,3,Riverdale School District,653,10465000,1525000,1309000,122000,94000,0,884000
5510170,Wisconsin,3,3,Muskego-Norway School District,4767,66918000,8849000,6764000,1255000,414000,407000,4823000
5510230,Wisconsin,3,2,Necedah Area School District,698,11198000,2141000,1610000,342000,154000,28000,776000
5510320,Wisconsin,3,2,Neenah Joint School District,6527,77338000,12691000,10106000,1702000,335000,501000,6878000
5510350,Wisconsin,3,3,Neillsville School District,844,11433000,2724000,2263000,336000,90000,27000,711000
5510380,Wisconsin,3,2,Nekoosa School District,1246,17125000,2419000,1679000,289000,316000,131000,1118000
5510440,Wisconsin,3,3,New Auburn School District,298,4928000,759000,576000,125000,44000,8000,330000
5510470,Wisconsin,3,3,New Berlin School District,4256,55950000,8866000,6798000,963000,538000,504000,4740000
5510500,Wisconsin,3,3,New Glarus School District,961,13359000,1991000,1527000,215000,184000,50000,923000
5510530,Wisconsin,3,3,New Holstein School District,1019,12582000,1169000,885000,256000,26000,2000,558000
5510560,Wisconsin,3,3,New Lisbon School District,582,9570000,1688000,1515000,152000,6000,8000,563000
5510590,Wisconsin,3,2,New London School District,2086,26852000,4959000,4056000,551000,248000,104000,2541000
5510620,Wisconsin,3,3,New Richmond School District,3554,46809000,7609000,6172000,615000,391000,424000,4300000
5510680,Wisconsin,3,3,Niagara School District,443,6188000,963000,728000,69000,157000,4000,405000
5510740,Wisconsin,3,2,North Fond du Lac School District,1567,22033000,5042000,3742000,534000,333000,144000,1935000
5510770,Wisconsin,3,3,Norwalk-Ontario-Wilton School District,576,9501000,1317000,973000,248000,38000,57000,522000
5510800,Wisconsin,1,3,Norway J7 School District,80,1576000,136000,113000,13000,10000,0,69000
5510830,Wisconsin,3,3,Oak Creek-Franklin Joint School District,6510,81820000,11362000,8612000,2037000,242000,456000,5715000
5510860,Wisconsin,3,3,Oakfield School District,527,7782000,882000,698000,96000,69000,18000,467000
5510890,Wisconsin,3,3,Oconomowoc Area School District,5015,66588000,9971000,7735000,1284000,500000,452000,5533000
5510920,Wisconsin,3,2,Oconto Unified School District,959,14161000,2307000,1792000,186000,221000,102000,1197000
5510950,Wisconsin,3,3,Oconto Falls Public School District,1679,24522000,4124000,3298000,560000,198000,48000,1991000
5510980,Wisconsin,3,3,Omro School District,1107,16550000,2712000,2021000,225000,205000,230000,1125000
5511010,Wisconsin,3,3,Onalaska School District,3007,41757000,6668000,5448000,615000,360000,239000,3595000
5511070,Wisconsin,3,3,Oostburg School District,1006,12177000,1454000,1227000,60000,150000,14000,905000
5511100,Wisconsin,3,3,Oregon School District,4114,63060000,9584000,6982000,1778000,492000,289000,4963000
5511130,Wisconsin,3,2,Parkview School District,853,12533000,1507000,1137000,240000,94000,35000,835000
5511160,Wisconsin,3,3,Osceola School District,1594,24812000,2836000,2443000,107000,256000,23000,1654000
5511190,Wisconsin,3,2,Oshkosh Area School District,9149,143417000,30049000,22353000,3495000,2126000,1981000,13639000
5511220,Wisconsin,3,3,Osseo-Fairchild School District,806,12919000,2016000,1563000,269000,132000,43000,926000
5511310,Wisconsin,3,3,Owen-Withee School District,442,7489000,863000,657000,95000,61000,47000,381000
5511350,Wisconsin,3,3,Palmyra-Eagle Area School District,574,10057000,1380000,963000,172000,141000,101000,596000
5511370,Wisconsin,3,3,Pardeeville Area School District,865,11613000,1208000,775000,220000,126000,80000,310000
5511400,Wisconsin,1,3,Paris J1 School District,261,3373000,391000,387000,3000,0,0,246000
5511550,Wisconsin,3,3,Beecher-Dunbar-Pembine School District,235,4701000,892000,766000,50000,74000,0,325000
5511580,Wisconsin,3,3,Pepin Area School District,234,4495000,593000,412000,26000,145000,1000,293000
5511610,Wisconsin,3,3,Peshtigo School District,1079,14007000,2032000,1476000,304000,202000,48000,811000
5511640,Wisconsin,3,3,Pewaukee School District,2948,39218000,5206000,4033000,665000,322000,176000,2705000
5511710,Wisconsin,3,3,Phelps School District,85,2945000,217000,184000,5000,12000,0,79000
5511730,Wisconsin,3,3,Phillips School District,700,11032000,1700000,1378000,119000,169000,31000,795000
5511790,Wisconsin,3,3,Pittsville School District,552,9090000,949000,707000,114000,103000,22000,433000
5511820,Wisconsin,3,3,Tri-County Area School District,575,9197000,1193000,951000,139000,59000,34000,568000
5511850,Wisconsin,3,3,Platteville School District,1576,21544000,3256000,2489000,428000,215000,98000,1722000
5511880,Wisconsin,3,3,Plum City School District,240,4854000,608000,543000,0,61000,2000,345000
5511940,Wisconsin,3,3,Plymouth Joint School District,2110,27200000,4816000,3794000,598000,283000,131000,2901000
5511970,Wisconsin,3,3,Port Edwards School District,447,6129000,854000,597000,126000,43000,75000,315000
5512000,Wisconsin,3,3,Port Washington-Saukville School District,2519,33502000,6840000,5339000,724000,401000,369000,3396000
5512030,Wisconsin,3,3,South Shore School District,198,4618000,634000,533000,29000,71000,0,314000
5512060,Wisconsin,3,3,Portage Community School District,2088,29106000,4131000,3124000,572000,174000,179000,1898000
5512090,Wisconsin,3,3,Potosi School District,314,6125000,735000,546000,146000,36000,5000,249000
5512120,Wisconsin,3,3,Poynette School District,995,13468000,2115000,1662000,297000,121000,34000,1024000
5512150,Wisconsin,3,2,Prairie du Chien Area School District,986,15984000,2944000,2649000,186000,60000,25000,1667000
5512180,Wisconsin,3,3,Prairie Farm Public School District,378,6182000,834000,705000,78000,47000,2000,457000
5512210,Wisconsin,3,3,Prentice School District,348,5647000,766000,620000,95000,34000,17000,314000
5512240,Wisconsin,3,3,Prescott School District,1243,18875000,3053000,2218000,447000,296000,75000,1523000
5512300,Wisconsin,3,3,Princeton School District,318,5051000,720000,472000,49000,183000,0,216000
5512330,Wisconsin,3,3,Pulaski Community School District,3775,47998000,8232000,6687000,866000,418000,237000,4420000
5512360,Wisconsin,3,3,Racine Unified School District,16182,260454000,54201000,40548000,7155000,2683000,3519000,25759000
5512390,Wisconsin,1,3,Randall J1 School District,625,8442000,1131000,794000,205000,132000,0,533000
5512420,Wisconsin,3,3,Randolph School District,522,7813000,952000,837000,34000,63000,5000,484000
5512450,Wisconsin,3,3,Random Lake School District,687,9877000,1350000,1096000,217000,4000,31000,852000
5512480,Wisconsin,1,3,Raymond #14 School District,428,5217000,808000,715000,77000,14000,0,500000
5512510,Wisconsin,1,3,North Cape School District,201,2632000,310000,254000,56000,0,0,166000
5512540,Wisconsin,3,3,Kickapoo Area School District,470,7497000,1012000,787000,123000,23000,65000,385000
5512660,Wisconsin,3,3,Reedsburg School District,2643,36435000,7329000,6103000,835000,226000,136000,3522000
5512690,Wisconsin,3,3,Reedsville School District,584,11875000,1074000,786000,142000,123000,23000,553000
5512720,Wisconsin,3,3,Rhinelander School District,2227,39609000,7224000,5259000,1087000,406000,281000,3081000
5512780,Wisconsin,3,3,Rib Lake School District,444,6864000,952000,759000,72000,117000,1000,453000
5512810,Wisconsin,3,3,Rice Lake Area School District,2186,32966000,5168000,4008000,570000,320000,255000,2875000
5512960,Wisconsin,3,2,Richland School District,1139,18640000,3353000,2610000,177000,240000,316000,1654000
5512990,Wisconsin,3,3,Rio Community School District,360,6363000,1018000,861000,78000,48000,26000,389000
5513020,Wisconsin,3,2,Ripon Area School District,1694,22857000,3335000,2687000,222000,155000,245000,1532000
5513050,Wisconsin,3,2,River Falls School District,3488,41621000,6144000,4859000,852000,313000,118000,3416000
5513100,Wisconsin,3,3,Rosendale-Brandon School District,959,11711000,1512000,1242000,151000,61000,52000,835000
5513140,Wisconsin,3,3,Rosholt School District,474,7338000,1124000,952000,37000,102000,33000,0
5513170,Wisconsin,3,2,D C Everest Area School District,6000,76976000,11879000,9119000,1608000,491000,617000,6071000
5513230,Wisconsin,3,3,Saint Croix Falls School District,1075,14884000,2222000,1824000,171000,152000,75000,1165000
5513260,Wisconsin,3,3,Saint Francis School District,1066,15010000,2984000,2232000,402000,223000,128000,1470000
5513290,Wisconsin,2,3,Central/Westosha UHS School District,1219,16903000,1968000,1603000,344000,19000,0,971000
5513350,Wisconsin,1,3,Salem School District,1000,13556000,2022000,1382000,314000,208000,97000,922000
5513410,Wisconsin,3,3,Sauk Prairie School District,2720,36103000,6456000,4413000,1250000,444000,268000,2854000
5513470,Wisconsin,3,3,Seneca Area School District,255,4532000,583000,450000,85000,47000,0,255000
5513500,Wisconsin,3,3,Sevastopol School District,597,11459000,1784000,1411000,123000,188000,63000,987000
5513530,Wisconsin,3,3,Seymour Community School District,1928,28682000,4044000,2965000,459000,280000,332000,1485000
5513560,Wisconsin,1,2,Sharon J11 School District,208,3650000,637000,470000,130000,8000,29000,291000
5513620,Wisconsin,3,2,Shawano School District,2238,28397000,5017000,3680000,878000,272000,163000,1931000
5513650,Wisconsin,3,2,Sheboygan Area School District,9477,132317000,20843000,17449000,2571000,284000,429000,12539000
5513680,Wisconsin,3,3,Sheboygan Falls School District,1581,21448000,3734000,2776000,440000,278000,227000,1966000
5513710,Wisconsin,3,3,Shell Lake School District,636,9776000,1344000,884000,238000,198000,24000,557000
5513770,Wisconsin,3,3,Shiocton School District,732,11483000,1441000,1074000,206000,158000,1000,731000
5513800,Wisconsin,3,2,Shorewood School District,1933,28726000,4061000,3049000,527000,373000,66000,2002000
5513830,Wisconsin,3,3,Shullsburg School District,315,5158000,562000,448000,49000,65000,0,317000
5513860,Wisconsin,1,3,Silver Lake J1 School District,438,6081000,905000,645000,153000,95000,12000,460000
5513890,Wisconsin,3,3,Siren School District,414,8094000,1076000,755000,176000,142000,2000,494000
5513950,Wisconsin,3,3,Slinger School District,3350,38844000,4337000,3364000,414000,336000,201000,2321000
5513980,Wisconsin,3,2,Solon Springs School District,307,5188000,746000,541000,149000,37000,15000,385000
5514010,Wisconsin,3,3,Somerset School District,1463,20931000,3150000,2453000,315000,191000,190000,1765000
5514040,Wisconsin,3,3,South Milwaukee School District,2773,41356000,7659000,5915000,1133000,369000,242000,3936000
5514130,Wisconsin,3,3,Southern Door County School District,986,14856000,2414000,1818000,240000,187000,169000,1265000
5514160,Wisconsin,3,2,Sparta Area School District,2841,40015000,6902000,5339000,634000,165000,751000,3227000
5514190,Wisconsin,3,3,Spencer School District,605,8366000,1106000,836000,134000,89000,44000,0
5514220,Wisconsin,3,3,Spooner Area School District,1015,16127000,2709000,2075000,216000,185000,197000,1478000
5514250,Wisconsin,3,3,River Valley School District,1098,18316000,3429000,2651000,354000,172000,236000,1584000
5514340,Wisconsin,3,3,Spring Valley School District,708,9590000,1034000,815000,74000,118000,25000,545000
5514430,Wisconsin,3,3,Stanley-Boyd Area School District,1089,13569000,1971000,1625000,278000,43000,15000,1041000
5514490,Wisconsin,3,2,Stevens Point Area Public School District,6991,97708000,17460000,14431000,2036000,633000,335000,8131000
5514520,Wisconsin,3,3,Stockbridge School District,209,2906000,260000,207000,21000,30000,2000,125000
5514550,Wisconsin,3,3,Stoughton Area School District,2755,39598000,6855000,5382000,992000,417000,56000,3492000
5514580,Wisconsin,3,3,Stratford School District,799,10729000,1457000,1115000,287000,45000,1000,753000
5514610,Wisconsin,3,3,Sturgeon Bay School District,1065,19039000,3268000,2768000,251000,231000,13000,1753000
5514640,Wisconsin,3,3,Sun Prairie Area School District,8302,131000000,22455000,16001000,3166000,1930000,1188000,11383000
5514670,Wisconsin,3,3,Superior School District,4155,61877000,9896000,7411000,1568000,493000,406000,5496000
5514700,Wisconsin,3,3,Suring Public School District,326,6800000,1000000,815000,94000,72000,20000,493000
5514820,Wisconsin,3,3,Thorp School District,527,8564000,1155000,898000,195000,54000,1000,617000
5514850,Wisconsin,3,3,Three Lakes School District,512,11040000,1770000,1398000,111000,178000,45000,807000
5514880,Wisconsin,3,3,Tigerton School District,259,4349000,459000,303000,91000,65000,1000,180000
5514910,Wisconsin,3,2,Tomah Area School District,3014,40307000,7218000,5902000,708000,317000,287000,3841000
5514940,Wisconsin,3,3,Tomahawk School District,1204,16903000,2682000,2122000,222000,209000,122000,1380000
5514970,Wisconsin,3,3,Flambeau School District,461,8677000,1075000,935000,46000,82000,4000,621000
5515060,Wisconsin,3,2,Turtle Lake School District,462,6953000,735000,627000,56000,48000,0,411000
5515090,Wisconsin,1,3,Twin Lakes #4 School District,278,4806000,697000,463000,127000,89000,9000,266000
5515120,Wisconsin,3,2,Two Rivers Public School District,1790,22157000,4312000,3241000,523000,390000,149000,2271000
5515150,Wisconsin,2,3,Union Grove UHS School District,1045,13834000,1421000,1013000,154000,238000,1000,611000
5515180,Wisconsin,1,3,Union Grove J1 School District,902,10993000,2086000,1822000,189000,8000,0,1184000
5515210,Wisconsin,3,3,Valders Area School District,970,13045000,2244000,1874000,251000,92000,26000,1266000
5515330,Wisconsin,3,2,Verona Area School District,5827,89999000,13888000,9457000,2369000,1292000,770000,6615000
5515360,Wisconsin,3,2,Viroqua Area School District,1050,16604000,2625000,2096000,290000,184000,46000,1246000
5515390,Wisconsin,3,3,Wabeno Area School District,391,8048000,1328000,1137000,163000,3000,21000,712000
5515450,Wisconsin,1,3,Walworth J1 School District,432,5838000,517000,508000,0,0,6000,357000
5515480,Wisconsin,2,3,Big Foot UHS School District,456,7989000,596000,426000,15000,112000,43000,262000
5515540,Wisconsin,3,3,Washburn School District,599,9257000,1468000,1023000,272000,128000,36000,551000
5515570,Wisconsin,3,3,Washington Island School District,62,1785000,137000,113000,0,23000,0,44000
5515600,Wisconsin,2,3,Waterford UHS School District,952,20674000,5325000,2422000,874000,470000,1442000,1592000
5515660,Wisconsin,1,3,Waterford Graded J1 School District,1463,19797000,3316000,2785000,184000,16000,329000,1655000
5515700,Wisconsin,1,3,Washington-Caldwell School District,194,2604000,272000,264000,8000,0,0,174000
5515720,Wisconsin,3,3,Waterloo School District,761,11474000,1538000,1106000,173000,197000,62000,769000
5515750,Wisconsin,3,2,Watertown Unified School District,3202,47470000,9702000,7288000,1239000,490000,676000,4802000
5515780,Wisconsin,3,2,Waukesha School District,11855,153747000,29778000,23397000,3207000,1022000,2152000,15313000
5515810,Wisconsin,3,3,Waunakee Community School District,4408,66791000,9901000,7531000,1643000,515000,165000,5141000
5515840,Wisconsin,3,2,Waupaca School District,1999,30431000,4531000,3573000,638000,203000,118000,2611000
5515870,Wisconsin,3,2,Waupun School District,1974,24115000,4071000,2867000,500000,340000,362000,1757000
5515900,Wisconsin,3,2,Wausau School District,7899,119537000,19255000,14940000,2661000,640000,969000,10019000
5515930,Wisconsin,3,3,Wausaukee School District,382,6091000,1036000,733000,125000,107000,1000,403000
5515960,Wisconsin,3,3,Wautoma Area School District,1307,18499000,2544000,2038000,293000,169000,43000,1069000
5515990,Wisconsin,3,2,Wauwatosa School District,6935,95766000,15396000,11608000,1761000,617000,1054000,7049000
5516020,Wisconsin,3,3,Wauzeka-Steuben School District,257,4613000,704000,517000,40000,85000,62000,236000
5516230,Wisconsin,3,3,Webster School District,646,10446000,1565000,1257000,175000,118000,12000,752000
5516260,Wisconsin,3,2,West Allis-West Milwaukee School District,7095,107001000,18630000,13283000,2729000,1307000,1190000,7712000
5516290,Wisconsin,3,3,West Bend School District,5736,76920000,14210000,11941000,1233000,522000,510000,8351000
5516320,Wisconsin,3,2,West De Pere School District,3587,46798000,5432000,4353000,709000,289000,71000,2527000
5516350,Wisconsin,3,3,West Salem School District,1861,25065000,4198000,3374000,425000,252000,139000,2237000
5516410,Wisconsin,3,3,Westby Area School District,1009,14660000,2224000,1759000,313000,118000,23000,856000
5516440,Wisconsin,3,3,Westfield School District,1055,13857000,1873000,1446000,172000,183000,43000,836000
5516470,Wisconsin,3,3,Weston School District,252,5190000,536000,449000,30000,56000,0,239000
5516500,Wisconsin,3,2,Weyauwega-Fremont School District,822,11550000,1528000,1185000,194000,122000,23000,618000
5516560,Wisconsin,1,3,Wheatland J1 School District,612,8089000,1440000,1019000,225000,182000,13000,695000
5516590,Wisconsin,3,3,White Lake School District,161,2792000,389000,260000,42000,86000,1000,150000
5516620,Wisconsin,3,3,Whitefish Bay School District,2860,36945000,5383000,4419000,579000,187000,144000,2573000
5516650,Wisconsin,3,3,Whitehall School District,773,12428000,1473000,1234000,185000,14000,37000,699000
5516680,Wisconsin,3,3,Whitewater Unified School District,1981,28942000,4775000,3885000,469000,198000,212000,2291000
5516710,Wisconsin,3,3,Wild Rose School District,556,7331000,1158000,907000,94000,33000,19000,264000
5516740,Wisconsin,3,3,Williams Bay School District,667,10052000,773000,547000,148000,74000,4000,381000
5516770,Wisconsin,2,3,Wilmot UHS School District,949,16282000,2306000,1872000,272000,138000,13000,1234000
5516830,Wisconsin,3,3,Winneconne Community School District,1796,21651000,3229000,2415000,396000,126000,288000,1574000
5516860,Wisconsin,3,3,Winter School District,249,4691000,744000,497000,118000,89000,0,294000
5517040,Wisconsin,3,3,Wisconsin Dells School District,1815,23328000,3582000,3001000,283000,198000,94000,1480000
5517070,Wisconsin,3,2,Wisconsin Rapids School District,4678,69757000,13113000,10037000,1776000,452000,689000,6148000
5517100,Wisconsin,3,3,Wittenberg-Birnamwood School District,1135,15112000,2225000,1747000,291000,167000,9000,1137000
5517130,Wisconsin,3,2,Wonewoc-Union Center School District,348,5940000,706000,567000,92000,47000,0,339000
5517160,Wisconsin,1,3,Woodruff J1 School District,521,8356000,1481000,957000,336000,185000,0,719000
5517190,Wisconsin,3,3,Wrightstown Community School District,1302,16849000,1980000,1360000,290000,198000,70000,773000
5517220,Wisconsin,1,3,Yorkville J2 School District,460,6508000,727000,593000,85000,1000,47000,408000
5600730,Wyoming,3,2,Albany County School District #1,3902,71703000,11147000,353000,9000,0,0,3463000
5600960,Wyoming,3,2,Fremont County School District #38,423,18503000,2627000,21000,868000,8000,0,678000
5601030,Wyoming,3,3,Carbon County School District #1,1643,34915000,4250000,429000,27000,0,0,1371000
5601090,Wyoming,3,3,Big Horn County School District #4,234,7281000,1389000,356000,0,0,0,474000
5601260,Wyoming,3,3,Sublette County School District #9,441,10448000,1007000,37000,67000,8000,0,421000
5601420,Wyoming,3,3,Big Horn County School District #1,1238,24340000,3251000,485000,0,0,0,1512000
5601460,Wyoming,3,3,Big Horn County School District #2,728,13600000,1691000,46000,67000,0,0,497000
5601470,Wyoming,3,3,Campbell County School District #1,8636,152076000,21202000,762000,89000,1000,0,6519000
5601700,Wyoming,3,3,Carbon County School District #2,607,18100000,2731000,97000,433000,5000,0,680000
5601980,Wyoming,3,2,Laramie County School District #1,13821,253978000,38153000,1767000,336000,21000,0,13053000
5602070,Wyoming,3,3,Park County School District # 6,2049,38594000,6315000,114000,32000,1000,0,2368000
5602140,Wyoming,3,3,Converse County School District #1,1700,36943000,8361000,474000,333000,26000,0,2825000
5602150,Wyoming,3,3,Converse County School District #2,680,13012000,1758000,60000,132000,1000,0,514000
5602370,Wyoming,3,3,Crook County School District #1,1238,24922000,3082000,103000,282000,2000,0,782000
5602670,Wyoming,3,3,Fremont County School District # 2,182,5728000,465000,13000,111000,0,0,183000
5602760,Wyoming,3,3,Uinta County School District #1,2656,48969000,6880000,173000,113000,0,0,3291000
5602820,Wyoming,3,3,Fremont County School District #21,396,19287000,1539000,56000,383000,0,0,2169000
5602830,Wyoming,3,3,Fremont County School District # 6,379,9862000,1123000,17000,158000,2000,0,356000
5602870,Wyoming,3,3,Fremont County School District # 1,1727,35218000,5176000,655000,0,0,0,5267000
5602990,Wyoming,3,3,Goshen County School District #1,1657,38025000,5263000,92000,224000,1000,0,1630000
5603170,Wyoming,3,3,Big Horn County School District #3,469,10612000,1744000,17000,0,330000,0,794000
5603180,Wyoming,3,3,Platte County School District #2,211,8211000,1002000,31000,58000,0,0,281000
5603310,Wyoming,3,3,Hot Springs County School District #1,642,14466000,1788000,25000,54000,9000,0,886000
5603770,Wyoming,3,3,Johnson County School District #1,1194,25922000,3641000,25000,169000,5000,0,998000
5604030,Wyoming,3,3,Lincoln County School District #1,598,12159000,1981000,183000,47000,0,0,624000
5604060,Wyoming,3,3,Lincoln County School District #2,3043,50301000,8526000,579000,0,0,0,3557000
5604120,Wyoming,3,3,Laramie County School District #2,1094,21543000,2816000,88000,177000,0,0,667000
5604230,Wyoming,3,3,Niobrara County School District #1,842,15716000,2500000,97000,234000,0,0,831000
5604260,Wyoming,3,3,Uinta County School District #6,725,15018000,2461000,18000,180000,0,0,620000
5604380,Wyoming,3,3,Park County School District #16,102,4053000,233000,51000,0,0,0,29000
5604450,Wyoming,3,3,Fremont County School District #14,596,23310000,2579000,43000,208000,0,0,998000
5604500,Wyoming,3,3,Uinta County School District #4,748,14174000,2220000,72000,195000,16000,0,1048000
5604510,Wyoming,3,3,Natrona County School District #1,13193,222564000,32449000,415000,675000,0,0,12442000
5604830,Wyoming,3,3,Weston County School District #1,778,16572000,1863000,33000,0,0,0,864000
5604860,Wyoming,3,3,Sublette County School District #1,1092,21615000,2802000,94000,130000,5000,0,1132000
5605090,Wyoming,3,3,Platte County School District #1,913,19464000,2809000,22000,0,126000,0,1035000
5605160,Wyoming,3,3,Park County School District # 1,1876,33519000,4932000,294000,41000,8000,0,2188000
5605220,Wyoming,3,3,Fremont County School District #25,2477,51611000,10119000,853000,205000,26000,0,4745000
5605302,Wyoming,3,3,Sweetwater County School District #1,5051,90533000,11810000,1517000,1518000,11000,0,4893000
5605680,Wyoming,3,3,Sheridan County School District #3,82,3594000,253000,19000,0,0,0,95000
5605690,Wyoming,3,3,Sheridan County School District #1,1163,21064000,1737000,24000,125000,0,0,1458000
5605695,Wyoming,3,3,Sheridan County School District #2,3599,55357000,4983000,475000,0,0,0,2108000
5605700,Wyoming,3,3,Fremont County School District #24,384,9511000,1130000,43000,30000,16000,0,660000
5605762,Wyoming,3,3,Sweetwater County School District #2,2406,44788000,6613000,296000,507000,9000,0,2773000
5605820,Wyoming,3,3,Washakie County School District #2,105,3643000,280000,49000,0,0,0,99000
5605830,Wyoming,3,3,Teton County School District #1,2797,68209000,8150000,363000,0,0,0,4817000
5606090,Wyoming,3,3,Weston County School District #7,725,8765000,925000,33000,205000,6000,0,297000
5606240,Wyoming,3,3,Washakie County School District #1,1138,23355000,4532000,250000,45000,0,0,1215000
