dist_id,state,schlev,agchrt,district,total_enroll,tcurelsc,current_sped_exp,sped_instructional_exp,sped_pupil_support_services_exp,sped_instructional_support_exp,sped_student_transportation_exp,sped_teacher_salaries
100005,Alabama,3,3,Albertville City,5824,50454000,2594000,1880000,377000,0,202000,909000
100006,Alabama,3,3,Marshall County,5764,61190000,7033000,4085000,1259000,26000,692000,1864000
100007,Alabama,3,3,Hoover City,14061,161809000,17263000,12049000,3400000,5000,1671000,4857000
100008,Alabama,3,3,Madison City,11695,114802000,10565000,7356000,1866000,262000,870000,3460000
100011,Alabama,3,3,Leeds City,2076,20534000,1567000,1229000,63000,165000,91000,638000
100012,Alabama,3,3,Boaz City,2440,24770000,1720000,1137000,346000,1000,90000,621000
100013,Alabama,3,3,Trussville City,4823,49070000,4619000,3344000,903000,14000,358000,1696000
100030,Alabama,3,3,Alexander City,3036,29405000,2666000,2068000,349000,74000,134000,1156000
100060,Alabama,3,3,Andalusia City,1839,16944000,1627000,1327000,124000,14000,18000,748000
100090,Alabama,3,3,Anniston City,1887,22636000,1819000,1253000,228000,2000,187000,671000
100100,Alabama,3,3,Arab City,2696,26148000,2240000,2024000,129000,0,29000,952000
100120,Alabama,3,2,Athens City,4505,46353000,2797000,2249000,383000,68000,81000,1032000
100180,Alabama,3,3,Attalla City,1490,15205000,1595000,1241000,123000,0,28000,772000
100185,Alabama,3,3,Saraland City,3233,31123000,2952000,2169000,442000,2000,211000,1043000
100188,Alabama,3,3,Chickasaw City,1514,12725000,1294000,986000,230000,9000,63000,414000
100189,Alabama,3,3,Satsuma City,1592,14887000,1144000,959000,93000,3000,84000,491000
100190,Alabama,3,3,Alabaster City,6293,65622000,6613000,5457000,403000,209000,544000,2081000
100194,Alabama,3,3,Pelham City,3383,33608000,2324000,1727000,266000,11000,210000,1086000
100195,Alabama,3,3,Pike Road City,2228,18511000,1469000,1093000,286000,1000,5000,557000
100202,Alabama,3,3,Gulf Shores City,2221,21730000,1448000,1285000,53000,2000,0,632000
100210,Alabama,3,3,Auburn City,8930,89479000,9632000,7216000,1603000,0,693000,3383000
100240,Alabama,3,3,Autauga County,9120,79114000,7929000,5804000,1093000,4000,858000,2884000
100270,Alabama,3,3,Baldwin County,30602,327491000,35483000,30787000,2020000,329000,2160000,13234000
100300,Alabama,3,3,Barbour County,703,9091000,800000,633000,11000,9000,44000,303000
100330,Alabama,3,3,Bessemer City,3524,38326000,2728000,1725000,382000,262000,334000,754000
100360,Alabama,3,3,Bibb County,3243,33089000,3274000,2402000,538000,18000,171000,1157000
100390,Alabama,3,3,Birmingham City,22726,270547000,22769000,17545000,2168000,1181000,1384000,7145000
100420,Alabama,3,3,Blount County,7653,69979000,6274000,4975000,460000,12000,624000,2660000
100450,Alabama,3,3,Brewton City,1163,12226000,710000,577000,45000,0,0,323000
100480,Alabama,3,3,Bullock County,1459,15129000,1493000,875000,274000,7000,88000,525000
100510,Alabama,3,3,Butler County,2952,28234000,2576000,1555000,747000,16000,116000,958000
100540,Alabama,3,3,Calhoun County,8495,84769000,8928000,6910000,935000,199000,761000,3149000
100600,Alabama,3,3,Chambers County,3479,35112000,4237000,3091000,709000,0,265000,1450000
100630,Alabama,3,3,Cherokee County,3897,41417000,3660000,2654000,481000,9000,359000,1562000
100660,Alabama,3,3,Chilton County,7831,68766000,5895000,4523000,543000,21000,590000,2144000
100690,Alabama,3,3,Choctaw County,1242,14994000,1307000,826000,309000,2000,68000,527000
100720,Alabama,3,3,Clarke County,2362,25382000,2213000,1620000,319000,117000,116000,900000
100750,Alabama,3,3,Clay County,1840,17847000,2012000,1462000,174000,0,300000,726000
100780,Alabama,3,3,Cleburne County,2539,23694000,1930000,1543000,81000,0,109000,772000
100810,Alabama,3,3,Coffee County,2467,23240000,2189000,1995000,106000,1000,7000,645000
100840,Alabama,3,3,Colbert County,2720,32020000,3436000,2638000,348000,75000,230000,1048000
100870,Alabama,3,3,Conecuh County,1955,19321000,1388000,828000,275000,22000,75000,449000
100900,Alabama,3,3,Coosa County,794,9296000,904000,676000,67000,0,92000,268000
100930,Alabama,3,3,Covington County,3056,29496000,2672000,2353000,219000,0,19000,1427000
100960,Alabama,3,3,Crenshaw County,2249,20927000,2010000,1774000,95000,3000,7000,890000
100990,Alabama,3,3,Cullman City,3157,32973000,2463000,1932000,377000,26000,70000,911000
101020,Alabama,3,3,Cullman County,9349,95341000,9515000,7679000,889000,45000,345000,3933000
101050,Alabama,3,3,Dale County,3259,31231000,2007000,1607000,222000,3000,27000,738000
101080,Alabama,3,3,Daleville City,1142,10703000,1177000,856000,107000,7000,35000,419000
101110,Alabama,3,3,Dallas County,2880,36493000,3481000,2262000,610000,18000,113000,901000
101140,Alabama,3,3,DeKalb County,8973,87397000,6760000,4471000,1221000,7000,477000,2452000
101170,Alabama,3,3,Decatur City,8842,104653000,11688000,10236000,442000,12000,998000,4868000
101200,Alabama,3,3,Demopolis City,2236,20212000,1688000,1445000,50000,3000,57000,674000
101230,Alabama,3,3,Dothan City,8701,96127000,9256000,6600000,1159000,840000,599000,3230000
101260,Alabama,3,3,Elba City,624,7022000,737000,563000,64000,0,0,310000
101290,Alabama,3,3,Elmore County,11557,99548000,13257000,10657000,995000,107000,816000,4107000
101320,Alabama,3,3,Enterprise City,6839,62928000,5002000,3854000,519000,31000,378000,1969000
101350,Alabama,3,3,Escambia County,4176,45287000,3580000,2642000,420000,97000,325000,1403000
101380,Alabama,3,3,Etowah County,8614,81055000,7217000,4743000,984000,248000,700000,2569000
101410,Alabama,3,3,Eufaula City,5700,28502000,2362000,1810000,170000,4000,21000,881000
101440,Alabama,3,3,Fairfield City,1639,18289000,1623000,1212000,234000,13000,51000,573000
101470,Alabama,3,3,Fayette County,2230,23369000,2343000,1894000,219000,1000,89000,830000
101530,Alabama,3,3,Florence City,4484,52014000,4678000,3674000,555000,139000,249000,1916000
101560,Alabama,3,3,Fort Payne City,3385,30825000,2165000,1612000,324000,0,61000,880000
101590,Alabama,3,3,Franklin County,3674,37897000,3951000,3539000,230000,0,88000,1470000
101620,Alabama,3,3,Gadsden City,5098,53135000,5220000,4103000,558000,31000,223000,2155000
101640,Alabama,3,3,Geneva City,1268,13206000,1195000,944000,132000,0,25000,460000
101660,Alabama,3,3,Geneva County,2717,26737000,2303000,1665000,394000,10000,115000,906000
101680,Alabama,3,3,Greene County,1012,13282000,862000,501000,178000,1000,98000,261000
101690,Alabama,3,3,Guntersville City,1853,19804000,1374000,942000,187000,0,59000,460000
101710,Alabama,3,3,Hale County,2473,23683000,1803000,1130000,348000,11000,120000,481000
101720,Alabama,3,3,Haleyville City,1614,17192000,1754000,1453000,80000,15000,83000,569000
101730,Alabama,3,3,Hartselle City,3519,35193000,3546000,2897000,256000,0,167000,1263000
101740,Alabama,3,3,Henry County,2528,23513000,2532000,1918000,328000,2000,117000,1141000
101760,Alabama,3,3,Homewood City,4217,53918000,5727000,4589000,900000,10000,62000,1668000
101770,Alabama,3,3,Houston County,6479,57191000,7022000,5552000,373000,1000,567000,2147000
101800,Alabama,3,3,Huntsville City,23882,238904000,25850000,19121000,3921000,816000,1056000,8833000
101830,Alabama,3,3,Jackson County,5188,54603000,4024000,1959000,1538000,88000,159000,948000
101860,Alabama,3,3,Jacksonville City,1639,15402000,1784000,1363000,248000,115000,54000,795000
101890,Alabama,3,3,Jasper City,2734,27477000,2445000,1799000,478000,27000,38000,1043000
101920,Alabama,3,3,Jefferson County,36359,353514000,46853000,31192000,7417000,1644000,5681000,16609000
101950,Alabama,3,3,Lamar County,2292,21264000,1749000,1066000,446000,2000,72000,615000
101980,Alabama,3,3,Lanett City,953,9390000,912000,774000,54000,1000,33000,399000
102010,Alabama,3,3,Lauderdale County,8160,78354000,7427000,5450000,1083000,179000,517000,2719000
102040,Alabama,3,3,Lawrence County,4658,49234000,4487000,3265000,623000,19000,397000,1412000
102070,Alabama,3,3,Lee County,9508,90810000,12082000,8497000,2101000,8000,1220000,3700000
102100,Alabama,3,3,Limestone County,11042,93574000,9971000,7909000,538000,109000,913000,2667000
102130,Alabama,3,3,Linden City,486,5846000,515000,331000,50000,0,27000,198000
102160,Alabama,3,3,Lowndes County,1281,20061000,1551000,1229000,98000,6000,138000,453000
102190,Alabama,3,3,Macon County,1862,23657000,1823000,1239000,270000,0,167000,545000
102220,Alabama,3,3,Madison County,19478,183197000,19949000,16309000,1273000,328000,1612000,8008000
102250,Alabama,3,3,Marengo County,1018,12922000,998000,698000,213000,60000,7000,398000
102310,Alabama,3,3,Marion County,3280,31625000,2441000,1830000,385000,5000,26000,1011000
102350,Alabama,3,3,Midfield City,1025,13787000,1063000,764000,156000,85000,7000,399000
102370,Alabama,3,3,Mobile County,53941,542015000,62084000,46872000,7317000,1424000,5399000,21356000
102400,Alabama,3,3,Monroe County,3307,34409000,3758000,2516000,797000,13000,285000,1208000
102430,Alabama,3,3,Montgomery County,28185,270826000,29593000,22197000,3985000,1203000,1914000,10674000
102480,Alabama,3,3,Morgan County,7616,77800000,8095000,5015000,1177000,160000,910000,2403000
102490,Alabama,3,3,Mountain Brook City,4367,63382000,7476000,5812000,1587000,8000,45000,2861000
102520,Alabama,3,3,Muscle Shoals City,2828,30653000,2363000,1720000,300000,11000,4000,870000
102550,Alabama,3,3,Oneonta City,1488,13858000,889000,737000,47000,0,25000,391000
102580,Alabama,3,3,Opelika City,4616,49782000,3374000,2910000,160000,18000,152000,1702000
102610,Alabama,3,3,Opp City,1308,13276000,1232000,1111000,56000,3000,0,516000
102635,Alabama,3,3,Oxford City,4265,42801000,3723000,3218000,117000,19000,178000,1609000
102640,Alabama,3,3,Ozark City,2089,21055000,2250000,1504000,581000,6000,89000,856000
102650,Alabama,3,3,Pell City,4148,36944000,3828000,3058000,327000,11000,224000,1249000
102670,Alabama,3,3,Perry County,1178,14531000,1392000,1138000,100000,0,60000,446000
102700,Alabama,3,3,Phenix City,7449,68120000,4693000,3895000,368000,225000,106000,1954000
102730,Alabama,3,3,Pickens County,2458,26461000,2436000,1853000,259000,15000,183000,1079000
102760,Alabama,3,3,Piedmont City,1116,10777000,785000,641000,99000,29000,16000,345000
102790,Alabama,3,3,Pike County,2215,25930000,2345000,1466000,498000,1000,140000,821000
102820,Alabama,3,3,Randolph County,2176,22264000,1804000,1237000,253000,0,144000,547000
102850,Alabama,3,3,Roanoke City,1501,14379000,1329000,1120000,63000,0,1000,472000
102880,Alabama,3,3,Russell County,3509,35107000,2514000,2059000,204000,4000,112000,968000
102910,Alabama,3,3,Russellville City,2541,25491000,1352000,1047000,41000,8000,122000,555000
102940,Alabama,3,3,Scottsboro City,2463,25712000,2598000,1888000,459000,12000,91000,912000
102970,Alabama,3,3,Selma City,2852,31456000,2660000,1915000,399000,16000,154000,1051000
103000,Alabama,3,3,Sheffield City,1037,12700000,1168000,957000,82000,1000,37000,537000
103030,Alabama,3,3,Shelby County,20991,214915000,31614000,23338000,3429000,1277000,3151000,9298000
103062,Alabama,3,3,St Clair County,9634,85132000,9115000,7661000,362000,17000,688000,2886000
103090,Alabama,3,3,Sumter County,1223,15366000,1361000,1010000,118000,12000,71000,656000
103120,Alabama,3,3,Sylacauga City,2113,21574000,1908000,1555000,183000,91000,78000,719000
103150,Alabama,3,3,Talladega City,1889,21791000,1528000,1190000,253000,2000,49000,596000
103180,Alabama,3,3,Talladega County,7320,73471000,6086000,4840000,508000,582000,83000,2250000
103210,Alabama,3,3,Tallapoosa County,2865,27995000,2434000,1866000,339000,16000,72000,1035000
103240,Alabama,3,3,Tallassee City,1678,17999000,2016000,1647000,130000,21000,39000,760000
103270,Alabama,3,3,Tarrant City,1285,14068000,1000000,670000,217000,3000,30000,395000
103300,Alabama,3,3,Thomasville City,1160,12113000,903000,673000,166000,57000,0,396000
103330,Alabama,3,3,Troy City,1776,17992000,2058000,1822000,156000,0,30000,921000
103360,Alabama,3,3,Tuscaloosa City,10910,122883000,11565000,7394000,2136000,119000,1431000,3664000
103390,Alabama,3,3,Tuscaloosa County,19052,174559000,20506000,15147000,2370000,92000,1767000,7401000
103420,Alabama,3,3,Tuscumbia City,1477,15648000,1110000,834000,129000,4000,0,379000
103430,Alabama,3,3,Vestavia Hills City,7137,91829000,11849000,9894000,1597000,0,273000,4210000
103450,Alabama,3,3,Walker County,7492,76945000,8262000,6976000,611000,30000,296000,3952000
103480,Alabama,3,3,Washington County,2618,26136000,2364000,1926000,236000,0,113000,1034000
103510,Alabama,3,3,Wilcox County,1490,19155000,1516000,774000,416000,0,162000,496000
103540,Alabama,3,3,Winfield City,1272,12748000,912000,794000,32000,4000,8000,345000
103580,Alabama,3,3,Winston County,2292,25621000,2463000,1823000,307000,0,234000,829000
200001,Alaska,3,2,Lower Kuskokwim School District,4245,143929000,1305000,0,1265000,0,0,0
200003,Alaska,3,3,Lower Yukon School District,2027,62756000,700000,107000,573000,0,0,0
200004,Alaska,3,3,Yupiit School District,463,17456000,157000,100000,57000,0,0,0
200005,Alaska,3,3,Kashunamiut School District,313,9597000,71000,65000,0,0,0,0
200006,Alaska,2,3,Mount Edgecumbe High School Agency,430,12525000,112000,112000,0,0,0,0
200007,Alaska,3,3,Aleutians East Borough School District,234,9511000,47000,0,44000,0,0,0
200020,Alaska,3,3,Bering Strait School District,1900,67104000,631000,605000,0,0,0,0
200030,Alaska,3,3,Bristol Bay Borough School District,113,4638000,46000,9000,30000,0,0,0
200050,Alaska,3,3,Alaska Gateway School District,409,14350000,138000,132000,0,0,0,0
200060,Alaska,3,3,Cordova City School District,336,7073000,95000,0,88000,0,0,0
200070,Alaska,3,3,Copper River School District,446,8297000,162000,149000,0,0,0,0
200090,Alaska,3,3,Craig City School District,560,8142000,120000,61000,53000,0,0,0
200100,Alaska,3,3,Delta-Greely School District,791,13716000,229000,218000,0,0,0,0
200120,Alaska,3,3,Dillingham City School District,442,11705000,141000,121000,15000,0,0,0
200130,Alaska,3,3,Galena City School District,5326,33778000,827000,771000,0,0,0,0
200150,Alaska,3,2,Ketchikan Gateway Borough School District,2291,44911000,597000,565000,14000,0,0,0
200180,Alaska,3,2,Anchorage School District,46143,709892000,12769000,0,12226000,0,0,0
200210,Alaska,3,2,Juneau Borough School District,4725,85880000,1224000,1101000,73000,0,0,0
200240,Alaska,3,3,Sitka School District,1203,23999000,343000,326000,0,0,0,0
200270,Alaska,3,3,Haines Borough School District,276,5664000,79000,74000,0,0,0,0
200300,Alaska,3,3,Hoonah City School District,127,3866000,42000,39000,0,0,0,0
200330,Alaska,3,3,Hydaburg City School District,112,4905000,28000,27000,0,0,0,0
200360,Alaska,3,3,Kake City School District,103,3702000,31000,0,29000,0,0,0
200390,Alaska,3,2,Kenai Peninsula Borough School District,8774,159629000,1520000,1455000,0,0,0,0
200450,Alaska,3,3,Klawock City School District,131,4264000,48000,45000,0,0,0,0
200480,Alaska,3,3,Kodiak Island Borough School District,2308,51200000,594000,362000,194000,0,0,0
200485,Alaska,3,3,Lake and Peninsula Borough School District,361,16346000,113000,0,106000,0,0,0
200510,Alaska,3,2,Matanuska-Susitna Borough School District,19502,282666000,4630000,2241000,1610000,436000,0,0
200520,Alaska,3,3,Iditarod Area School District,320,9337000,98000,6000,79000,0,0,0
200525,Alaska,3,3,Annette Island School District,310,9646000,108000,56000,46000,0,0,0
200540,Alaska,3,3,Nenana City School District,1442,11747000,220000,210000,0,0,0,0
200570,Alaska,3,2,Nome Public Schools,710,15447000,219000,186000,23000,0,0,0
200600,Alaska,3,2,Fairbanks North Star Borough School District,13319,233614000,3726000,3509000,0,0,0,0
200610,Alaska,3,3,North Slope Borough School District,2170,77113000,479000,0,460000,0,0,0
200625,Alaska,3,3,Northwest Arctic Borough School District,2097,71572000,782000,0,754000,0,0,0
200660,Alaska,3,3,Petersburg Borough School District,469,9784000,146000,142000,0,0,0,0
200670,Alaska,3,3,Pribilof School District,65,2078000,25000,0,21000,0,0,0
200680,Alaska,3,3,Saint Mary's School District,204,6715000,59000,56000,0,0,0,0
200690,Alaska,3,3,Skagway School District,140,3365000,26000,26000,0,0,0,0
200700,Alaska,3,3,Southeast Island School District,175,7602000,55000,52000,0,0,0,0
200710,Alaska,3,3,Southwest Region School District,636,23777000,231000,20000,197000,3000,0,0
200720,Alaska,3,3,Unalaska City School District,412,8554000,99000,99000,0,0,0,0
200730,Alaska,3,3,Chatham School District,152,5289000,79000,24000,51000,0,0,0
200760,Alaska,3,3,Kuspuk School District,406,17591000,137000,16000,114000,0,0,0
200770,Alaska,3,3,Denali Borough School District,993,10995000,183000,95000,79000,0,0,0
200775,Alaska,3,3,Yukon Flats School District,211,10739000,99000,0,93000,0,0,0
200780,Alaska,3,3,Valdez City School District,718,16044000,180000,174000,0,0,0,0
200800,Alaska,3,3,Chugach School District,510,7373000,45000,3000,40000,0,0,0
200810,Alaska,3,3,Wrangell Public School District,308,6326000,91000,83000,0,0,0,0
200840,Alaska,3,3,Yakutat School District,103,2266000,27000,0,24000,0,0,0
200862,Alaska,3,3,Yukon-Koyukuk School District,1978,25480000,318000,236000,69000,0,0,0
500001,Arkansas,3,3,DEWITT SCHOOL DISTRICT,1225,12760000,956000,792000,100000,46000,18000,380000
500006,Arkansas,3,2,WARREN SCHOOL DISTRICT,1564,16009000,933000,807000,54000,63000,4000,452000
500009,Arkansas,3,3,CORNING SCHOOL DISTRICT,895,8799000,412000,345000,41000,26000,0,220000
500012,Arkansas,3,3,RIVERSIDE SCHOOL DISTRICT,802,7362000,768000,676000,29000,57000,6000,435000
500015,Arkansas,3,3,SHERIDAN SCHOOL DISTRICT,3850,37146000,3188000,2507000,302000,302000,61000,1643000
500016,Arkansas,3,3,MARMADUKE SCHOOL DISTRICT,787,7185000,534000,376000,141000,6000,11000,217000
500017,Arkansas,3,3,PARAGOULD SCHOOL DISTRICT,3255,30843000,3027000,2439000,382000,197000,8000,1316000
500019,Arkansas,3,3,BATESVILLE SCHOOL DISTRICT,3414,29305000,2403000,1685000,586000,132000,0,880000
500020,Arkansas,3,3,MIDLAND SCHOOL DISTRICT,545,6139000,487000,439000,17000,31000,0,198000
500021,Arkansas,3,3,IZARD CO. CONS. SCHOOL DIST.,556,5871000,310000,300000,1000,2000,6000,163000
500023,Arkansas,3,3,NEWPORT SCHOOL DISTRICT,1245,12664000,1282000,986000,208000,68000,19000,556000
500026,Arkansas,3,3,PINE BLUFF SCHOOL DISTRICT,3059,39819000,3914000,2505000,689000,601000,119000,1063000
500028,Arkansas,3,3,STAR CITY SCHOOL DISTRICT,1509,14710000,1329000,967000,271000,91000,0,534000
500029,Arkansas,3,3,GOSNELL SCHOOL DISTRICT,1215,12329000,1061000,916000,103000,8000,33000,586000
500030,Arkansas,3,3,NEVADA SCHOOL DISTRICT,394,4496000,307000,233000,50000,23000,2000,117000
500032,Arkansas,3,3,BEARDEN SCHOOL DISTRICT,488,5609000,449000,296000,75000,78000,0,161000
500041,Arkansas,3,3,WESTERN YELL CO. SCHOOL DIST.,370,3964000,206000,112000,93000,1000,0,71000
500042,Arkansas,3,3,HAMBURG SCHOOL DISTRICT,1836,17150000,1090000,897000,52000,119000,22000,499000
500043,Arkansas,3,2,MOUNTAIN HOME SCHOOL DISTRICT,3992,37162000,3873000,2785000,556000,379000,154000,1300000
500044,Arkansas,3,3,MAGNOLIA SCHOOL DISTRICT,2788,27370000,1871000,1378000,224000,266000,4000,885000
500045,Arkansas,3,3,RIVERCREST SCHOOL DISTRICT #57,1149,12012000,883000,675000,111000,85000,13000,393000
500046,Arkansas,3,3,MANILA SCHOOL DISTRICT,1111,10756000,530000,509000,20000,0,0,359000
500047,Arkansas,3,3,TRUMANN SCHOOL DISTRICT,1543,14964000,1243000,907000,102000,222000,13000,563000
500048,Arkansas,3,3,EAST POINSETT CO. SCHOOL DIST.,735,6727000,654000,521000,128000,4000,0,364000
500049,Arkansas,3,3,DEQUEEN SCHOOL DISTRICT,2382,23850000,1504000,999000,405000,80000,20000,635000
500051,Arkansas,3,3,PALESTINE-WHEATLEY SCH. DIST.,828,6300000,285000,244000,0,41000,0,136000
500065,Arkansas,3,3,LAFAYETTE COUNTY SCHOOL DISTRICT,545,7323000,488000,380000,55000,34000,18000,131000
500067,Arkansas,3,3,CLEVELAND COUNTY SCHOOL DIST.,840,8627000,692000,526000,141000,25000,0,284000
500068,Arkansas,3,3,EMERSON-TAYLOR SCHOOL DISTRICT,1034,11086000,604000,545000,59000,0,0,316000
500070,Arkansas,3,3,CEDAR RIDGE SCHOOL DISTRICT,699,9378000,604000,402000,113000,89000,0,255000
500071,Arkansas,3,3,HILLCREST SCHOOL DISTRICT,471,5255000,421000,332000,38000,37000,12000,156000
500072,Arkansas,3,3,DEER/MT. JUDEA SCHOOL DISTRICT,454,4497000,212000,193000,4000,15000,0,112000
500073,Arkansas,3,3,OUACHITA RIVER SCHOOL DISTRICT,763,7503000,414000,334000,47000,33000,0,171000
500076,Arkansas,3,3,OZARK MOUNTAIN SCHOOL DISTRICT,620,7036000,680000,549000,125000,5000,0,287000
500079,Arkansas,3,3,TWO RIVERS SCHOOL DISTRICT,872,8670000,681000,575000,90000,16000,0,339000
500082,Arkansas,3,3,LAWRENCE COUNTY SCHOOL DISTRICT,1002,8880000,649000,574000,42000,33000,0,299000
500405,Arkansas,3,3,COSSATOT RIVER SCHOOL DISTRICT,967,12169000,621000,512000,102000,4000,3000,268000
500419,Arkansas,3,3,JACKSONVILLE NORTH PULASKI SCHOOL DISTRICT,4314,39924000,4037000,2336000,1276000,391000,34000,1221000
502250,Arkansas,3,3,ALMA SCHOOL DISTRICT,3297,31329000,3042000,2417000,198000,331000,88000,1498000
502280,Arkansas,3,3,ALPENA SCHOOL DISTRICT,514,4799000,501000,402000,68000,30000,0,208000
502430,Arkansas,3,3,ARKADELPHIA SCHOOL DISTRICT,1815,18096000,1501000,1286000,59000,149000,7000,741000
502550,Arkansas,3,3,ARMOREL SCHOOL DISTRICT,423,5136000,404000,349000,37000,18000,0,142000
502580,Arkansas,3,3,ASHDOWN SCHOOL DISTRICT,1406,13607000,1166000,665000,419000,73000,0,401000
502610,Arkansas,3,3,ATKINS SCHOOL DISTRICT,986,9830000,884000,762000,69000,10000,42000,402000
502670,Arkansas,3,3,AUGUSTA SCHOOL DISTRICT,358,5257000,498000,433000,2000,63000,0,162000
502700,Arkansas,3,3,BALD KNOB SCHOOL DISTRICT,1212,11558000,798000,735000,38000,26000,0,434000
502730,Arkansas,3,3,BARTON-LEXA SCHOOL DISTRICT,733,7430000,397000,334000,57000,6000,0,241000
502790,Arkansas,3,2,BAUXITE SCHOOL DISTRICT,1680,13988000,1152000,971000,75000,94000,12000,539000
502820,Arkansas,3,3,BAY SCHOOL DISTRICT,621,5827000,535000,479000,26000,30000,0,241000
502880,Arkansas,3,2,BEEBE SCHOOL DISTRICT,3356,30346000,2882000,2405000,147000,271000,60000,1384000
502960,Arkansas,3,3,BENTON SCHOOL DISTRICT,5648,43801000,4145000,3164000,451000,339000,191000,1794000
503030,Arkansas,3,2,PEA RIDGE SCHOOL DISTRICT,2271,20140000,2183000,1258000,636000,233000,56000,658000
503060,Arkansas,3,3,BENTONVILLE SCHOOL DISTRICT,17848,181973000,23250000,13353000,5608000,3629000,657000,7754000
503090,Arkansas,3,3,BERGMAN SCHOOL DISTRICT,1176,10171000,713000,637000,75000,0,0,337000
503150,Arkansas,3,3,BERRYVILLE SCHOOL DISTRICT,1880,19188000,1922000,1322000,404000,140000,56000,755000
503240,Arkansas,3,3,BISMARCK SCHOOL DISTRICT,1017,8997000,676000,495000,61000,92000,29000,332000
503300,Arkansas,3,3,BLEVINS SCHOOL DISTRICT,524,4929000,472000,340000,118000,13000,0,153000
503320,Arkansas,3,2,BLYTHEVILLE SCHOOL DISTRICT,1900,22224000,1981000,1700000,96000,91000,94000,1012000
503420,Arkansas,3,3,LEAD HILL SCHOOL DISTRICT,361,4064000,300000,226000,60000,14000,0,113000
503450,Arkansas,3,3,BOONEVILLE SCHOOL DISTRICT,1272,12222000,1043000,887000,88000,34000,33000,403000
503480,Arkansas,3,3,BRADFORD SCHOOL DISTRICT,494,4479000,263000,257000,6000,0,0,94000
503630,Arkansas,3,3,BRINKLEY SCHOOL DISTRICT,511,5339000,389000,280000,40000,69000,0,170000
503640,Arkansas,3,3,BROOKLAND SCHOOL DISTRICT,2816,22752000,2400000,1871000,252000,205000,72000,1178000
503690,Arkansas,3,3,BRYANT SCHOOL DISTRICT,9459,91263000,11678000,9402000,1475000,664000,137000,5608000
503710,Arkansas,3,3,BUFFALO IS. CENTRAL SCH. DIST.,766,7535000,656000,592000,27000,36000,0,332000
503750,Arkansas,3,2,CABOT SCHOOL DISTRICT,10851,96883000,12809000,10614000,1172000,1023000,0,6260000
503770,Arkansas,3,3,CADDO HILLS SCHOOL DISTRICT,586,5711000,570000,457000,12000,76000,23000,196000
503840,Arkansas,3,3,CALICO ROCK SCHOOL DISTRICT,371,4390000,311000,233000,70000,7000,0,93000
503960,Arkansas,3,3,CARLISLE SCHOOL DISTRICT,706,6826000,468000,308000,92000,68000,0,187000
504020,Arkansas,3,3,WESTSIDE CONS. SCHOOL DISTRICT,1814,15638000,1660000,1406000,106000,110000,38000,749000
504050,Arkansas,3,2,CAVE CITY SCHOOL DISTRICT,1237,12129000,1055000,904000,125000,13000,13000,374000
504080,Arkansas,3,3,CEDARVILLE SCHOOL DISTRICT,765,8480000,676000,445000,154000,76000,0,292000
504110,Arkansas,3,3,GENOA CENTRAL SCHOOL DISTRICT,1168,10412000,643000,429000,117000,75000,22000,245000
504170,Arkansas,3,3,WHITE CO. CENTRAL SCHOOL DIST.,848,7229000,459000,417000,24000,17000,2000,264000
504200,Arkansas,3,3,CHARLESTON SCHOOL DISTRICT,914,8506000,444000,371000,73000,0,0,230000
504350,Arkansas,3,3,CLARENDON SCHOOL DISTRICT,434,5998000,378000,374000,1000,2000,0,196000
504370,Arkansas,3,3,RECTOR SCHOOL DISTRICT,630,5864000,340000,278000,36000,26000,0,169000
504380,Arkansas,3,3,CLARKSVILLE SCHOOL DISTRICT,2539,25922000,2615000,2177000,155000,169000,92000,1069000
504410,Arkansas,3,3,CLINTON SCHOOL DISTRICT,1346,14179000,1495000,1111000,220000,121000,43000,493000
504560,Arkansas,3,3,CONCORD SCHOOL DISTRICT,433,5358000,446000,337000,75000,34000,0,157000
504590,Arkansas,3,3,CONWAY SCHOOL DISTRICT,10393,98965000,9616000,7421000,1181000,770000,244000,4818000
504680,Arkansas,3,3,COTTER SCHOOL DISTRICT,801,6847000,603000,451000,137000,7000,7000,217000
504740,Arkansas,3,3,COUNTY LINE SCHOOL DISTRICT,512,4639000,270000,189000,80000,0,0,126000
504800,Arkansas,3,3,CROSSETT SCHOOL DISTRICT,1780,17167000,1325000,860000,268000,181000,16000,365000
504860,Arkansas,3,3,CUTTER-MORNING STAR SCH. DIST.,695,6466000,362000,239000,97000,26000,0,143000
504890,Arkansas,3,3,DANVILLE SCHOOL DISTRICT,861,8566000,711000,531000,112000,41000,28000,277000
504930,Arkansas,3,3,DARDANELLE SCHOOL DISTRICT,2098,20096000,1815000,1790000,22000,0,3000,976000
504980,Arkansas,3,3,DECATUR SCHOOL DISTRICT,572,6448000,338000,280000,27000,17000,14000,167000
505170,Arkansas,3,3,DERMOTT SCHOOL DISTRICT,349,4474000,392000,364000,0,28000,0,166000
505190,Arkansas,3,3,DES ARC SCHOOL DISTRICT,573,5401000,467000,422000,19000,4000,22000,228000
505340,Arkansas,3,3,DIERKS SCHOOL DISTRICT,543,5525000,500000,332000,156000,12000,0,206000
505410,Arkansas,3,3,DOLLARWAY SCHOOL DISTRICT,1020,14454000,1022000,682000,172000,168000,0,323000
505430,Arkansas,3,3,DOVER SCHOOL DISTRICT,1344,12526000,828000,801000,17000,11000,0,484000
505470,Arkansas,3,3,DREW CENTRAL SCHOOL DISTRICT,1141,10843000,770000,502000,240000,2000,27000,243000
505500,Arkansas,3,3,DUMAS SCHOOL DISTRICT,1207,14143000,1196000,934000,159000,83000,20000,464000
505550,Arkansas,3,3,EARLE SCHOOL DISTRICT,540,6748000,372000,237000,69000,66000,0,132000
505580,Arkansas,3,3,EAST END SCHOOL DISTRICT,660,6536000,541000,472000,37000,32000,0,306000
505680,Arkansas,3,3,EL DORADO SCHOOL DISTRICT,4220,40825000,3563000,2473000,605000,322000,94000,1230000
505760,Arkansas,3,3,ELKINS SCHOOL DISTRICT,1290,12117000,848000,731000,53000,24000,17000,381000
505850,Arkansas,3,3,ENGLAND SCHOOL DISTRICT,661,7463000,610000,416000,75000,104000,15000,260000
505970,Arkansas,3,3,EUREKA SPRINGS SCHOOL DISTRICT,688,8367000,827000,528000,236000,59000,0,254000
506060,Arkansas,3,3,CAMDEN FAIRVIEW SCHOOL DIST.,2387,24715000,1994000,1459000,163000,171000,200000,616000
506090,Arkansas,3,2,FARMINGTON SCHOOL DISTRICT,2556,21907000,1896000,1600000,153000,45000,13000,955000
506120,Arkansas,3,2,FAYETTEVILLE SCHOOL DISTRICT,10628,114184000,13826000,10969000,1272000,908000,677000,6838000
506150,Arkansas,3,3,FLIPPIN SCHOOL DISTRICT,947,8703000,870000,691000,119000,45000,15000,310000
506210,Arkansas,3,3,FORDYCE SCHOOL DISTRICT,778,9353000,1668000,1508000,51000,109000,0,184000
506240,Arkansas,3,3,FOREMAN SCHOOL DISTRICT,496,4708000,381000,312000,43000,22000,4000,179000
506270,Arkansas,3,3,FORREST CITY SCHOOL DISTRICT,2495,25983000,2916000,2160000,352000,383000,21000,1153000
506330,Arkansas,3,3,FORT SMITH SCHOOL DISTRICT,14748,155248000,17389000,11364000,4256000,1769000,0,6994000
506360,Arkansas,3,3,FOUKE SCHOOL DISTRICT,1169,11137000,571000,425000,130000,16000,0,240000
506420,Arkansas,3,2,FOUNTAIN LAKE SCHOOL DISTRICT,1407,14675000,1535000,1182000,252000,95000,6000,655000
506540,Arkansas,3,2,GENTRY SCHOOL DISTRICT,1466,14993000,1349000,993000,87000,214000,55000,587000
506630,Arkansas,3,3,GLEN ROSE SCHOOL DISTRICT,1063,9936000,754000,573000,116000,65000,0,385000
506690,Arkansas,3,3,CENTERPOINT SCHOOL DISTRICT,1037,10467000,851000,663000,108000,75000,5000,426000
506840,Arkansas,3,3,GRAVETTE SCHOOL DISTRICT,1956,18795000,1813000,1475000,160000,154000,25000,933000
506870,Arkansas,3,3,GREEN FOREST SCHOOL DISTRICT,1418,13944000,1473000,995000,293000,153000,32000,498000
506900,Arkansas,3,3,GREENBRIER SCHOOL DISTRICT,3613,32261000,2873000,1992000,602000,246000,33000,1180000
506930,Arkansas,3,3,GREENLAND SCHOOL DISTRICT,753,8147000,724000,606000,52000,28000,14000,296000
506990,Arkansas,3,3,GREENWOOD SCHOOL DISTRICT,3833,35751000,5445000,4112000,740000,567000,25000,2277000
507110,Arkansas,3,3,GURDON SCHOOL DISTRICT,723,7580000,574000,357000,130000,82000,4000,192000
507140,Arkansas,3,3,GUY-PERKINS SCHOOL DISTRICT,354,3859000,272000,256000,16000,1000,0,116000
507170,Arkansas,3,3,HACKETT SCHOOL DISTRICT,776,7567000,524000,411000,106000,7000,0,246000
507230,Arkansas,3,3,HAMPTON SCHOOL DISTRICT,559,6355000,473000,245000,126000,97000,0,110000
507290,Arkansas,3,3,HARMONY GROVE SCHOOL DISTRICT,982,9312000,563000,386000,77000,88000,12000,206000
507320,Arkansas,3,3,HARMONY GROVE SCHOOL DISTRICT,1223,10778000,864000,660000,77000,122000,0,367000
507350,Arkansas,3,2,HARRISBURG SCHOOL DISTRICT,1129,13373000,1137000,951000,70000,96000,8000,553000
507380,Arkansas,3,3,HARRISON SCHOOL DISTRICT,2727,27122000,2231000,1759000,270000,201000,1000,787000
507530,Arkansas,3,3,HAZEN SCHOOL DISTRICT,601,5763000,517000,434000,44000,38000,0,153000
507560,Arkansas,3,3,HEBER SPRINGS SCHOOL DISTRICT,1536,15182000,1946000,1519000,325000,60000,41000,664000
507620,Arkansas,3,3,HECTOR SCHOOL DISTRICT,609,5863000,415000,402000,13000,0,0,217000
507680,Arkansas,3,3,HELENA/ W.HELENA SCHOOL DIST.,1228,15389000,1256000,1040000,56000,159000,0,468000
507710,Arkansas,3,3,HERMITAGE SCHOOL DISTRICT,468,5085000,257000,214000,7000,28000,8000,83000
507770,Arkansas,3,3,HIGHLAND SCHOOL DISTRICT,1608,15716000,1116000,969000,41000,57000,49000,487000
507840,Arkansas,3,3,HOPE SCHOOL DISTRICT,2408,24345000,1663000,1132000,295000,184000,52000,696000
507860,Arkansas,3,3,HORATIO SCHOOL DISTRICT,834,8292000,632000,368000,182000,67000,0,185000
507890,Arkansas,3,2,HOT SPRINGS SCHOOL DISTRICT,3708,40051000,4576000,3476000,728000,320000,52000,1967000
507920,Arkansas,3,3,JESSIEVILLE SCHOOL DISTRICT,873,8498000,631000,355000,158000,105000,12000,181000
507990,Arkansas,3,3,HOXIE SCHOOL DISTRICT,859,8206000,549000,382000,74000,74000,19000,213000
508040,Arkansas,3,2,WEST MEMPHIS SCHOOL DISTRICT,5304,52996000,4216000,3262000,450000,377000,127000,1874000
508130,Arkansas,3,3,HUNTSVILLE SCHOOL DISTRICT,2304,23408000,1908000,1449000,357000,102000,0,694000
508240,Arkansas,3,3,JASPER SCHOOL DISTRICT,891,10326000,796000,711000,48000,35000,0,258000
508280,Arkansas,3,3,JONESBORO SCHOOL DISTRICT,6719,67888000,6253000,4943000,691000,346000,273000,2890000
508340,Arkansas,3,3,JUNCTION CITY SCHOOL DISTRICT,683,6557000,529000,338000,54000,137000,0,171000
508400,Arkansas,3,3,RIVERVIEW SCHOOL DISTRICT,1232,13404000,906000,657000,179000,70000,0,387000
508490,Arkansas,3,3,KIRBY SCHOOL DISTRICT,404,3622000,221000,154000,18000,49000,0,84000
508610,Arkansas,3,3,LAKE HAMILTON SCHOOL DISTRICT,4467,42088000,4433000,2935000,1166000,278000,54000,1631000
508640,Arkansas,3,3,LAKESIDE SCHOOL DISTRICT (CHICOT COUNTY),1002,11923000,654000,479000,72000,104000,0,253000
508670,Arkansas,3,3,LAKESIDE SCHOOL DISTRICT,3570,33351000,2762000,2185000,430000,148000,0,1253000
508700,Arkansas,3,3,LAMAR SCHOOL DISTRICT,1396,11925000,1135000,910000,210000,0,14000,487000
508730,Arkansas,3,3,LAVACA SCHOOL DISTRICT,868,7976000,617000,491000,120000,0,5000,254000
508940,Arkansas,3,2,LINCOLN SCHOOL DISTRICT,1105,11724000,1072000,902000,79000,28000,29000,480000
509000,Arkansas,3,3,LITTLE ROCK SCHOOL DISTRICT,23237,294225000,32130000,25594000,3869000,2611000,0,14588000
509060,Arkansas,3,3,LONOKE SCHOOL DISTRICT,1725,16617000,1483000,991000,243000,175000,74000,619000
509150,Arkansas,3,3,MAGAZINE SCHOOL DISTRICT,590,5532000,269000,246000,22000,1000,0,139000
509190,Arkansas,3,3,MAGNET COVE SCHOOL DIST.,753,7314000,649000,468000,108000,72000,0,246000
509240,Arkansas,3,3,MALVERN SCHOOL DISTRICT,2009,22319000,2085000,1298000,593000,187000,7000,729000
509270,Arkansas,3,3,MAMMOTH SPRING SCHOOL DISTRICT,520,5160000,253000,238000,3000,13000,0,124000
509330,Arkansas,3,3,MANSFIELD SCHOOL DISTRICT,757,8048000,769000,597000,164000,8000,1000,401000
509360,Arkansas,3,3,LEE COUNTY SCHOOL DISTRICT,644,9253000,572000,404000,121000,26000,22000,240000
509390,Arkansas,3,3,MARION SCHOOL DISTRICT,4021,40628000,3824000,2885000,273000,522000,143000,1631000
509420,Arkansas,3,3,MARKED TREE SCHOOL DISTRICT,508,5054000,574000,361000,129000,84000,0,224000
509480,Arkansas,3,3,SEARCY COUNTY SCHOOL DISTRICT,843,9814000,828000,676000,70000,73000,9000,325000
509510,Arkansas,3,3,MARVELL SCHOOL DISTRICT,364,5124000,120000,94000,8000,17000,0,40000
509540,Arkansas,3,3,MAYFLOWER SCHOOL DISTRICT,1085,10241000,907000,800000,62000,36000,8000,559000
509570,Arkansas,3,3,MAYNARD SCHOOL DISTRICT,546,4769000,465000,412000,24000,23000,6000,227000
509600,Arkansas,3,3,MCCRORY SCHOOL DISTRICT,620,6649000,638000,526000,35000,77000,0,262000
509630,Arkansas,3,3,MCGEHEE SCHOOL DISTRICT,1195,12759000,1243000,953000,84000,148000,58000,443000
509720,Arkansas,3,3,MELBOURNE SCHOOL DISTRICT,931,8669000,618000,522000,55000,36000,3000,199000
509750,Arkansas,3,2,MENA SCHOOL DISTRICT,1763,16807000,1313000,953000,360000,0,0,442000
509780,Arkansas,3,3,MINERAL SPRINGS SCHOOL DIST.,411,7298000,471000,376000,29000,66000,0,220000
509840,Arkansas,3,3,MONTICELLO SCHOOL DISTRICT,1844,18682000,1341000,983000,315000,30000,13000,383000
509990,Arkansas,3,3,MOUNT IDA SCHOOL DISTRICT,447,5107000,431000,367000,55000,0,10000,154000
510080,Arkansas,3,3,MT. VERNON/ENOLA SCHOOL DIST.,545,4854000,340000,263000,14000,62000,0,141000
510170,Arkansas,3,3,MOUNTAIN PINE SCHOOL DISTRICT,604,6977000,949000,622000,225000,91000,11000,345000
510200,Arkansas,3,3,MOUNTAIN VIEW SCHOOL DISTRICT,1643,17016000,1485000,1317000,118000,26000,18000,705000
510260,Arkansas,3,3,MOUNTAINBURG SCHOOL DISTRICT,659,6902000,635000,472000,79000,84000,0,267000
510290,Arkansas,3,3,MULBERRY SCHOOL DISTRICT,461,4959000,423000,307000,111000,4000,1000,144000
510320,Arkansas,3,3,SOUTH PIKE COUNTY SCHOOL DISTRICT,711,8011000,594000,417000,143000,34000,1000,278000
510380,Arkansas,3,3,NASHVILLE SCHOOL DISTRICT,1924,18923000,1530000,1294000,98000,122000,16000,686000
510410,Arkansas,3,3,NEMO VISTA SCHOOL DISTRICT,515,5668000,420000,300000,121000,0,0,181000
510440,Arkansas,3,3,NETTLETON SCHOOL DISTRICT,3717,37285000,3879000,3029000,591000,259000,0,1634000
510560,Arkansas,3,3,NORFORK SCHOOL DISTRICT,423,4435000,437000,312000,101000,8000,16000,174000
510680,Arkansas,3,2,N. LITTLE ROCK SCHOOL DISTRICT,8681,92952000,8944000,6084000,1992000,799000,0,3429000
510920,Arkansas,3,3,OMAHA SCHOOL DISTRICT,435,4832000,414000,304000,102000,7000,0,147000
510950,Arkansas,3,2,OSCEOLA SCHOOL DISTRICT,1147,14387000,797000,678000,55000,34000,31000,356000
510980,Arkansas,3,3,OUACHITA SCHOOL DISTRICT,549,4997000,289000,217000,56000,16000,0,152000
511010,Arkansas,3,3,OZARK SCHOOL DISTRICT,1767,17012000,1114000,955000,30000,129000,0,500000
511070,Arkansas,3,3,PANGBURN SCHOOL DISTRICT,804,7601000,442000,394000,35000,13000,0,179000
511130,Arkansas,3,3,PARIS SCHOOL DISTRICT,1072,11050000,746000,567000,64000,100000,14000,302000
511220,Arkansas,3,3,PARKERS CHAPEL SCHOOL DIST.,881,7319000,441000,343000,54000,43000,0,199000
511340,Arkansas,3,3,PERRYVILLE SCHOOL DISTRICT,913,8732000,788000,692000,43000,39000,14000,451000
511370,Arkansas,3,3,PIGGOTT SCHOOL DISTRICT,881,7883000,718000,645000,47000,26000,0,357000
511610,Arkansas,3,3,POCAHONTAS SCHOOL DISTRICT,2122,18102000,2342000,1935000,213000,154000,40000,1023000
511700,Arkansas,3,3,POTTSVILLE SCHOOL DISTRICT,1762,15511000,1170000,1076000,82000,0,12000,702000
511730,Arkansas,3,3,POYEN SCHOOL DISTRICT,602,5264000,489000,438000,49000,2000,0,264000
511760,Arkansas,3,2,PRAIRIE GROVE SCHOOL DISTRICT,2058,17550000,1247000,1049000,81000,35000,7000,562000
511820,Arkansas,3,3,PRESCOTT SCHOOL DISTRICT,916,9750000,639000,391000,207000,29000,1000,202000
511850,Arkansas,3,3,PULASKI CO. SPEC. SCHOOL DIST.,12274,146116000,17264000,13096000,2960000,1208000,0,5327000
511880,Arkansas,3,3,QUITMAN SCHOOL DISTRICT,746,6979000,343000,308000,35000,0,0,171000
511970,Arkansas,3,2,ROGERS SCHOOL DISTRICT,16053,159373000,14534000,11230000,1782000,1395000,92000,6755000
512000,Arkansas,3,3,ROSE BUD SCHOOL DISTRICT,766,8129000,547000,467000,68000,12000,0,223000
512060,Arkansas,3,3,RUSSELLVILLE SCHOOL DISTRICT,5439,58958000,5862000,4484000,851000,312000,215000,2826000
512090,Arkansas,3,3,SALEM SCHOOL DISTRICT,841,7535000,450000,409000,21000,19000,0,232000
512180,Arkansas,3,3,SCRANTON SCHOOL DISTRICT,450,4050000,219000,204000,15000,0,0,140000
512210,Arkansas,3,3,SEARCY SCHOOL DISTRICT,4017,36422000,3730000,3193000,297000,241000,0,1866000
512420,Arkansas,3,3,SHIRLEY SCHOOL DISTRICT,350,4017000,471000,423000,45000,4000,0,175000
512450,Arkansas,3,2,SILOAM SPRINGS SCHOOL DISTRICT,4511,43137000,4680000,3708000,364000,400000,207000,2003000
512480,Arkansas,3,3,SLOAN-HENDRIX SCHOOL DIST.,737,6543000,440000,341000,68000,31000,1000,145000
512510,Arkansas,3,3,SMACKOVER SCHOOL DISTRICT,1143,11785000,845000,652000,105000,79000,9000,257000
512520,Arkansas,3,3,SO. CONWAY CO. SCHOOL DISTRICT,2362,23739000,2230000,1148000,854000,190000,37000,721000
512540,Arkansas,3,2,SOUTHSIDE SCHOOL DISTRICT,2242,17886000,1675000,1243000,277000,155000,0,833000
512570,Arkansas,3,3,SOUTH SIDE SCHOOL DISTRICT,536,6955000,655000,563000,77000,12000,2000,309000
512630,Arkansas,3,3,SPRING HILL SCHOOL DISTRICT,589,5331000,361000,269000,86000,5000,0,166000
512660,Arkansas,3,2,SPRINGDALE SCHOOL DISTRICT,23470,232925000,20006000,14961000,1927000,1832000,1286000,9027000
512930,Arkansas,3,3,STRONG-HUTTIG SCHOOL DISTRICT,304,4232000,364000,210000,135000,19000,0,96000
512960,Arkansas,3,3,STUTTGART SCHOOL DISTRICT,1600,15446000,1266000,981000,146000,110000,29000,500000
513080,Arkansas,3,3,GREENE CO. TECH SCHOOL DIST.,3844,34614000,4725000,3554000,614000,469000,87000,1888000
513110,Arkansas,3,2,TEXARKANA SCHOOL DISTRICT,4070,45731000,3677000,2899000,468000,216000,94000,1515000
513230,Arkansas,3,3,JACKSON CO. SCHOOL DISTRICT,950,8795000,482000,367000,99000,15000,0,206000
513350,Arkansas,3,3,VALLEY SPRINGS SCHOOL DISTRICT,885,8065000,605000,436000,163000,0,3000,230000
513380,Arkansas,3,3,VALLEY VIEW SCHOOL DISTRICT,2965,26766000,2316000,1642000,492000,154000,28000,941000
513410,Arkansas,3,2,VAN BUREN SCHOOL DISTRICT,5737,54166000,4825000,4036000,234000,435000,120000,2431000
513530,Arkansas,3,3,VILONIA SCHOOL DISTRICT,3160,28748000,2986000,2011000,704000,204000,67000,1162000
513560,Arkansas,3,3,VIOLA SCHOOL DISTRICT,357,4236000,209000,196000,7000,7000,0,102000
513680,Arkansas,3,3,WALDRON SCHOOL DISTRICT,1573,15168000,1176000,965000,44000,139000,28000,590000
513930,Arkansas,3,3,WATSON CHAPEL SCHOOL DISTRICT,2233,23330000,1604000,1287000,158000,155000,0,727000
514010,Arkansas,3,3,WEST FORK SCHOOL DISTRICT,1044,9433000,893000,665000,161000,27000,24000,305000
514020,Arkansas,3,3,WESTSIDE SCHOOL DISTRICT,637,6312000,503000,385000,106000,12000,0,246000
514040,Arkansas,3,3,WEST SIDE SCHOOL DISTRICT,485,6364000,377000,332000,45000,0,0,161000
514140,Arkansas,3,3,WHITE HALL SCHOOL DISTRICT,2970,26642000,2104000,1661000,202000,169000,68000,1041000
514370,Arkansas,3,3,WONDERVIEW SCHOOL DISTRICT,473,4687000,243000,237000,6000,0,0,125000
514400,Arkansas,3,3,WOODLAWN SCHOOL DISTRICT,555,4963000,379000,303000,14000,53000,0,173000
514430,Arkansas,3,3,WYNNE SCHOOL DISTRICT,2635,25029000,3040000,2392000,318000,309000,21000,1583000
514490,Arkansas,3,3,YELLVILLE-SUMMIT SCHOOL DIST.,907,8259000,653000,446000,137000,30000,41000,239000
600001,California,3,3,Acton-Agua Dulce Unified,1041,15844000,2267000,1507000,456000,131000,173000,742000
600006,California,1,3,Ross Valley Elementary,2028,25632000,3046000,2121000,730000,196000,0,635000
600011,California,3,2,Fort Sage Unified,254,3639000,242000,242000,0,0,0,173000
600012,California,1,3,Twin Ridges Elementary,99,2131000,191000,171000,0,0,0,47000
600013,California,3,2,Rocklin Unified,12140,136851000,23556000,17183000,3328000,1871000,0,8185000
600014,California,3,3,Hesperia Unified,22052,270564000,35896000,28911000,5460000,701000,0,12402000
600015,California,3,3,Lucerne Valley Unified,830,12828000,1164000,716000,1000,132000,126000,358000
600016,California,3,3,Upland Unified,10553,126448000,19727000,16623000,1934000,829000,0,7932000
600017,California,3,3,Apple Valley Unified,13282,132147000,20395000,19029000,0,0,1363000,7116000
600018,California,3,3,Mountain Valley Unified,289,5331000,352000,330000,0,0,0,130000
600019,California,3,3,Dublin Unified,12520,137769000,16706000,12115000,3533000,770000,0,6047000
600020,California,3,3,Pleasanton Unified,14798,184118000,25157000,18491000,3127000,1759000,616000,9050000
600021,California,1,3,Sunol Glen Unified,291,3917000,202000,176000,0,25000,0,87000
600022,California,3,3,Mendota Unified,3670,44428000,1797000,1362000,435000,0,0,601000
600025,California,3,3,Manhattan Beach Unified,6480,95172000,19685000,16487000,2724000,332000,0,4729000
600026,California,3,3,El Tejon Unified,754,9074000,1035000,655000,171000,0,209000,264000
600027,California,3,3,Lake Elsinore Unified,21044,265710000,42319000,31625000,7464000,1208000,1794000,11979000
600028,California,3,3,Temecula Valley Unified,27953,304714000,56811000,46234000,4568000,3173000,538000,21760000
600029,California,3,3,Murrieta Valley Unified,23386,266129000,50263000,40667000,4683000,2282000,2041000,18690000
600032,California,3,3,Redondo Beach Unified,10071,109450000,19935000,17046000,1132000,264000,0,6506000
600033,California,3,3,Dos Palos Oro Loma Joint Unified,2346,33576000,2926000,1997000,721000,205000,0,1037000
600034,California,3,2,Windsor Unified,4880,61620000,8266000,5504000,2347000,312000,0,2322000
600035,California,3,3,Farmersville Unified,2530,34868000,1553000,1033000,477000,0,0,446000
600036,California,3,2,Natomas Unified,13741,165411000,21166000,15946000,2256000,1479000,163000,7089000
600037,California,3,3,Ferndale Unified,455,6334000,560000,560000,0,0,0,201000
600038,California,3,3,Mattole Unified,51,1397000,88000,88000,0,0,0,56000
600039,California,3,3,Delhi Unified,2580,34118000,2431000,1771000,480000,135000,0,1002000
600040,California,3,3,Riverdale Joint Unified,1559,21264000,1359000,1151000,160000,48000,0,597000
600042,California,3,3,Warner Unified,204,4003000,282000,266000,0,0,0,135000
600043,California,3,3,Scotts Valley Unified,2439,24191000,2263000,1306000,551000,249000,0,537000
600044,California,3,2,Healdsburg Unified,1405,26768000,2364000,1572000,653000,137000,0,458000
600045,California,3,3,Orland Joint Unified,2231,26118000,2489000,2004000,320000,0,0,666000
600046,California,3,3,Gonzales Unified,2344,30466000,3555000,2599000,485000,195000,171000,999000
600047,California,3,2,Tracy Joint Unified,14528,167630000,22161000,14143000,2656000,1070000,2826000,6513000
600048,California,3,3,Paso Robles Joint Unified,6867,75338000,11694000,8940000,1982000,409000,362000,3796000
600049,California,3,3,Coast Unified,582,11967000,1181000,664000,209000,0,269000,343000
600051,California,3,3,Gridley Unified,2087,25233000,2698000,1784000,606000,0,184000,769000
600052,California,3,3,Eureka City Schools,3604,44741000,5717000,4305000,1276000,135000,0,1539000
600060,California,3,3,Hughson Unified,2095,25611000,1956000,1725000,166000,0,44000,869000
600061,California,3,2,Riverbank Unified,3006,42417000,3044000,2213000,542000,134000,0,954000
600062,California,3,2,Oakdale Joint Unified,5407,61336000,5622000,3778000,1578000,0,0,2008000
600063,California,3,3,Waterford Unified,1805,26425000,3459000,2896000,207000,236000,0,1123000
600064,California,3,2,Porterville Unified,14514,185647000,9255000,7251000,1453000,245000,0,3059000
600065,California,3,3,Dinuba Unified,6670,81216000,5605000,3928000,1425000,84000,0,1736000
600067,California,3,3,Caruthers Unified,1548,21545000,1297000,1001000,130000,87000,0,446000
600068,California,3,3,Golden Valley Unified,2021,21708000,1944000,1452000,270000,63000,0,672000
600069,California,3,3,Valley Center-Pauma Unified,3941,47180000,5797000,4471000,564000,2000,213000,2790000
600116,California,3,2,Chawanakee Unified,1423,16597000,1100000,808000,63000,157000,72000,434000
600153,California,3,3,Alhambra Unified,16194,232201000,41211000,24230000,8593000,3651000,1158000,8992000
600158,California,3,3,Turlock Unified,13967,177749000,32347000,28650000,558000,1703000,0,9756000
600159,California,3,3,Scott Valley Unified,678,9202000,323000,323000,0,0,0,164000
600160,California,3,3,Yosemite Unified,1528,18789000,1911000,1544000,116000,0,62000,743000
601325,California,3,3,Arena Union Elementary/Point Arena Joint Union High,381,8388000,785000,726000,13000,11000,0,146000
601327,California,3,2,Santa Cruz City Elementary/High,6539,90960000,15471000,9682000,3500000,1124000,358000,4812000
601328,California,3,2,Petaluma City Elementary/Joint Union High,7492,96551000,17429000,12816000,1858000,1308000,803000,5922000
601329,California,3,2,Santa Rosa City Schools,15695,216109000,25774000,20263000,4051000,1348000,0,12096000
601330,California,3,3,Modesto City Schools,29604,395809000,55361000,42417000,11661000,1105000,0,20121000
601331,California,3,3,Trinity Alps Unified,679,10219000,1254000,1154000,0,0,56000,400000
601332,California,3,2,Twin Rivers Unified,25234,356122000,49873000,31968000,7794000,3086000,4455000,15392000
601409,California,3,3,Bishop Unified,2087,23431000,2066000,2019000,15000,0,0,797000
601414,California,3,2,Santa Barbara Unified,13486,181601000,26261000,18801000,5966000,1313000,0,8559000
601415,California,3,3,Washington Unified,2685,36875000,1447000,1322000,46000,36000,43000,686000
601418,California,3,3,Woodlake Unified,2117,29484000,1645000,1195000,138000,246000,0,510000
601420,California,1,3,Fortuna Elementary,1113,14199000,1842000,1842000,0,0,0,856000
601421,California,3,3,Santa Paula Unified,5145,74610000,8288000,7437000,248000,141000,0,3379000
601423,California,3,3,Exeter Unified,2722,34927000,2895000,1997000,552000,160000,0,590000
601426,California,3,2,Bonsall Unified,2470,27240000,5274000,3366000,961000,284000,399000,1439000
601427,California,3,2,Penn Valley Union Elementary,580,6277000,672000,447000,88000,86000,0,209000
601428,California,3,3,Wiseburn Unified,2505,30091000,3909000,2218000,1262000,430000,0,1165000
601442,California,3,3,Upper Lake Unified,843,12260000,1097000,532000,258000,171000,64000,206000
601620,California,3,3,ABC Unified,20229,245464000,36440000,27650000,4363000,2227000,1762000,12779000
601650,California,2,3,Acalanes Union High,5606,85019000,6427000,5423000,425000,579000,0,2421000
601710,California,1,3,Adelanto Elementary,8193,106063000,15356000,11200000,2446000,120000,1491000,4919000
601770,California,3,3,Alameda Unified,9335,121393000,20861000,14944000,3034000,1354000,77000,6543000
601860,California,3,3,Albany City Unified,3575,48224000,7122000,5322000,317000,1184000,175000,1787000
601890,California,1,3,Alexander Valley Union Elementary,112,2329000,161000,161000,0,0,0,69000
601950,California,1,3,Alisal Union,8524,108101000,11653000,8047000,1844000,272000,774000,3990000
602070,California,1,3,Alpine County Unified,70,3258000,244000,216000,0,0,0,81000
602100,California,1,3,Alpine Union Elementary,1635,16621000,1719000,1530000,133000,56000,0,636000
602160,California,1,3,Alta Loma Elementary,6055,65065000,9250000,7490000,977000,302000,346000,3647000
602250,California,1,3,Alta-Dutch Flat Union Elementary,100,1264000,67000,65000,0,0,0,27000
602310,California,1,2,Alum Rock Union Elementary,9114,141572000,21302000,15931000,2645000,829000,0,8241000
602360,California,1,3,Alview-Dairyland Union Elementary,385,4608000,127000,122000,0,0,0,70000
602430,California,3,3,Alvord Unified,18140,237881000,30351000,24561000,2833000,1752000,0,12046000
602450,California,3,3,Amador County Unified,3958,36320000,5000,0,0,1000,3000,0
602610,California,1,3,Anaheim Elementary,16359,234266000,39026000,27177000,7103000,909000,3582000,9926000
602630,California,2,3,Anaheim Union High,29797,406978000,71313000,65452000,947000,2000,3656000,24731000
602670,California,3,2,West Sonoma County Union High,1823,30096000,2220000,1922000,148000,126000,0,693000
602700,California,2,2,Anderson Union High,1666,20841000,2538000,2089000,219000,208000,0,822000
602730,California,3,3,Anderson Valley Unified,448,7550000,603000,561000,0,0,0,193000
602760,California,1,2,Antelope Elementary,849,9337000,743000,665000,52000,0,0,302000
602820,California,2,2,Antelope Valley Union High,21725,299079000,54169000,46609000,4228000,2436000,0,17847000
602850,California,3,3,Antioch Unified,16134,207261000,32670000,23578000,3291000,546000,4448000,9388000
602970,California,3,3,Arcadia Unified,9239,112718000,16803000,13357000,1945000,787000,567000,5624000
603000,California,1,3,Arcata Elementary,532,14131000,1058000,981000,0,0,0,477000
603030,California,2,2,Northern Humboldt Union High,1672,22939000,3465000,2731000,323000,0,208000,1156000
603060,California,1,3,Arcohe Union Elementary,485,5414000,475000,405000,0,0,0,203000
603180,California,3,2,Armona Union Elementary,1110,14337000,588000,454000,77000,15000,0,224000
603270,California,1,3,Arvin Union,3086,41457000,2990000,2114000,690000,47000,0,950000
603300,California,3,3,Atascadero Unified,4636,52563000,10380000,6713000,2566000,235000,359000,2526000
603420,California,1,3,Atwater Elementary,4978,56293000,4527000,3257000,869000,213000,0,1803000
603480,California,1,2,Auburn Union Elementary,1883,22896000,3812000,2528000,870000,241000,20000,877000
603600,California,3,3,Azusa Unified,7701,118149000,16667000,12419000,3518000,592000,0,6568000
603610,California,3,3,Baker Valley Unified,130,3217000,135000,134000,2000,0,0,61000
603630,California,1,3,Bakersfield City,30793,431029000,63223000,49399000,3948000,4751000,4841000,20012000
603690,California,3,3,Baldwin Park Unified,12036,179215000,28223000,23958000,2409000,1806000,0,11084000
603750,California,1,2,Ballico-Cressey Elementary,383,4453000,161000,152000,0,0,0,108000
603780,California,1,3,Bangor Union Elementary,103,1365000,64000,63000,0,0,1000,28000
603840,California,3,3,Banning Unified,4569,64411000,8475000,5754000,1415000,232000,491000,2321000
603870,California,1,3,Banta Elementary,316,5757000,619000,487000,1000,132000,0,249000
604020,California,3,3,Barstow Unified,6429,81482000,8439000,7261000,1043000,0,0,2848000
604080,California,1,3,Bass Lake Joint Union Elementary,891,10098000,694000,623000,34000,0,0,245000
604110,California,3,3,Bassett Unified,3403,43679000,5705000,4182000,607000,563000,0,2139000
604200,California,1,3,Bayshore Elementary,381,5503000,279000,135000,144000,0,0,60000
604230,California,3,3,Bear Valley Unified,2387,29083000,3048000,2762000,149000,138000,0,1371000
604260,California,1,3,Beardsley Elementary,2010,25094000,2588000,1897000,526000,36000,30000,942000
604290,California,3,3,Beaumont Unified,10726,124877000,20612000,12496000,4276000,1026000,1331000,4962000
604350,California,1,3,Bella Vista Elementary,356,4153000,272000,196000,60000,0,0,96000
604380,California,1,3,Bellevue Union,1595,22609000,2650000,1602000,637000,70000,0,857000
604440,California,3,3,Bellflower Unified,11347,143688000,23622000,17295000,1517000,2622000,0,8212000
604500,California,1,3,Belleview Elementary,177,2359000,63000,63000,0,0,0,44000
604530,California,1,3,Belmont-Redwood Shores Elementary,4304,52712000,8831000,5582000,2432000,817000,0,2405000
604620,California,3,3,Benicia Unified,4638,48538000,6209000,4163000,1413000,3000,0,1903000
604650,California,1,3,Bennett Valley Union Elementary,999,11496000,1105000,1105000,0,0,0,529000
604740,California,3,3,Berkeley Unified,9801,166456000,21375000,16131000,2928000,1639000,574000,6683000
604800,California,1,3,Berryessa Union Elementary,6836,84094000,12581000,9275000,876000,716000,810000,3794000
604830,California,3,3,Beverly Hills Unified,3560,78408000,10285000,8170000,1089000,935000,0,3908000
604950,California,3,3,Big Pine Unified,149,4290000,235000,167000,62000,0,0,73000
604980,California,1,3,Big Springs Union Elementary,175,1936000,101000,97000,0,0,0,54000
605010,California,3,3,Big Valley Joint Unified,111,2704000,116000,116000,0,0,0,62000
605040,California,3,3,Biggs Unified,605,7593000,748000,548000,104000,0,54000,190000
605220,California,1,3,Black Butte Union Elementary,227,3106000,162000,160000,0,0,0,81000
605240,California,3,2,Black Oak Mine Unified,1282,14896000,1637000,1077000,209000,78000,0,399000
605280,California,1,3,Blochman Union Elementary,208,2587000,193000,137000,30000,24000,0,71000
605400,California,1,3,Blue Lake Union Elementary,164,2470000,290000,278000,0,0,0,126000
605520,California,1,3,Bolinas-Stinson Union,90,5014000,393000,361000,32000,0,0,110000
605580,California,1,3,Santa Maria-Bonita,16959,220634000,23590000,16161000,5153000,1444000,0,7089000
605610,California,3,3,Bonita Unified,9994,116990000,18696000,12759000,2507000,1387000,384000,6026000
605640,California,1,3,Bonny Doon Union Elementary,142,2272000,103000,98000,0,0,0,84000
605700,California,3,3,Borrego Springs Unified,373,6774000,740000,641000,72000,0,27000,246000
605730,California,1,3,Bradley Union Elementary,70,1024000,71000,55000,15000,0,0,25000
605790,California,1,3,Brawley Elementary,3994,53921000,4978000,4339000,527000,0,111000,2093000
605820,California,2,3,Brawley Union High,1987,27052000,2046000,1397000,336000,0,118000,809000
605880,California,3,3,Brea-Olinda Unified,6070,68436000,10382000,7204000,2919000,259000,0,3074000
605910,California,1,3,Brentwood Union Elementary,9276,99591000,19865000,16636000,1644000,903000,0,6149000
605940,California,2,3,Bret Harte Union High,639,11345000,1657000,1257000,56000,0,321000,495000
606030,California,1,3,Briggs Elementary,520,6029000,257000,214000,0,43000,0,123000
606060,California,1,3,Brisbane Elementary,475,8969000,1292000,1241000,18000,34000,0,445000
606090,California,1,3,Brittan Elementary,452,4033000,34000,10000,0,0,25000,0
606100,California,1,3,Browns Elementary,138,1492000,10000,0,0,10000,0,0
606270,California,1,2,Buckeye Union Elementary,4657,48693000,6207000,4898000,498000,85000,0,1603000
606330,California,1,3,Buellton Union Elementary,644,13029000,6026000,3875000,1335000,685000,15000,1595000
606360,California,1,3,Buena Park Elementary,4456,59968000,8297000,6262000,1401000,406000,229000,3425000
606390,California,1,3,Panama-Buena Vista Union,18714,222787000,42503000,26221000,10673000,2293000,1669000,10629000
606450,California,3,3,Burbank Unified,15139,178667000,25786000,20996000,2073000,2123000,0,9490000
606480,California,1,3,Burlingame Elementary,3528,41328000,4880000,4212000,393000,274000,0,1777000
606510,California,1,3,Burnt Ranch Elementary,85,1313000,53000,52000,0,0,0,30000
606540,California,1,3,Burrel Union Elementary,120,1847000,48000,48000,0,0,0,36000
606570,California,3,2,Burton Elementary,4751,59770000,4506000,3052000,947000,266000,0,1331000
606580,California,3,3,Butte Valley Unified,287,4518000,158000,149000,0,0,0,71000
606690,California,1,3,Butteville Union Elementary,182,2128000,84000,78000,0,0,0,51000
606720,California,1,3,Buttonwillow Union Elementary,328,5344000,528000,431000,64000,0,32000,158000
606750,California,1,3,Byron Union Elementary,1428,15895000,2200000,1473000,524000,134000,0,500000
606780,California,3,3,Cabrillo Unified,3125,38444000,4877000,3341000,1375000,159000,0,1351000
606810,California,1,3,Cajon Valley Union,16406,214521000,43996000,35447000,2546000,2785000,2628000,14260000
606870,California,3,3,Calaveras Unified,2867,32590000,5067000,4305000,165000,175000,421000,1332000
606900,California,3,3,Calexico Unified,8972,129031000,11448000,8423000,2508000,0,419000,3245000
606990,California,3,3,Calipatria Unified,1140,16251000,1193000,769000,206000,0,128000,415000
607020,California,3,3,Calistoga Joint Unified,857,18056000,1908000,1412000,190000,0,117000,657000
607140,California,1,2,Cambrian,3358,42234000,4569000,4114000,394000,61000,0,2067000
607170,California,1,3,Camino Union Elementary,389,5029000,482000,358000,57000,3000,0,165000
607200,California,1,2,Campbell Union,6964,96349000,13412000,8807000,3311000,797000,386000,3443000
607230,California,2,3,Campbell Union High,8378,115922000,12876000,11169000,805000,897000,0,5187000
607260,California,1,3,Camptonville Elementary,50,773000,18000,18000,0,0,0,3000
607440,California,3,3,Capistrano Unified,46424,527373000,90356000,66819000,9024000,2090000,6633000,28913000
607470,California,1,3,Cardiff Elementary,655,10529000,1052000,824000,228000,0,0,394000
607500,California,3,3,Carlsbad Unified,11449,127124000,20722000,15434000,4284000,815000,181000,6832000
607530,California,3,3,Carmel Unified,2483,58530000,5062000,3771000,696000,361000,233000,1904000
607560,California,3,3,Carpinteria Unified,2150,32631000,5102000,3503000,1192000,267000,139000,1217000
607680,California,1,3,Cascade Union Elementary,1119,15306000,2118000,1551000,330000,169000,0,604000
607740,California,1,3,Castaic Union,2019,21340000,4010000,3082000,388000,239000,301000,1547000
607770,California,1,3,Castle Rock Union Elementary,66,1062000,141000,140000,2000,0,0,58000
607800,California,3,3,Castro Valley Unified,9306,110306000,16275000,12324000,2043000,1618000,116000,5390000
607840,California,1,3,Cayucos Elementary,184,3509000,159000,159000,0,0,0,74000
607900,California,3,3,Center Joint Unified,4251,53991000,8350000,7102000,831000,296000,50000,2766000
607920,California,2,3,Centinela Valley Union High,6293,101215000,12204000,8780000,2047000,1248000,0,4369000
607950,California,1,3,Central Elementary,4443,48847000,7030000,5697000,803000,155000,0,2430000
607970,California,3,3,Central Unified,15837,190129000,23274000,15106000,5686000,611000,740000,6630000
607980,California,1,3,Central Union Elementary,1875,27555000,1571000,1433000,137000,0,0,817000
608010,California,2,3,Central Union High,4162,55508000,4000000,3023000,300000,10000,268000,1508000
608070,California,1,3,Centralia Elementary,4214,53232000,8078000,6560000,1255000,0,262000,3053000
608130,California,3,2,Ceres Unified,14494,182806000,20515000,13694000,4413000,1491000,0,4885000
608160,California,2,3,Chaffey Joint Union High,23635,305959000,38112000,33516000,1105000,1173000,948000,15332000
608190,California,3,3,Charter Oak Unified,4528,58313000,9582000,6677000,2322000,393000,17000,2927000
608250,California,1,3,Chatom Union,585,7937000,665000,597000,67000,0,0,290000
608340,California,1,2,Chicago Park Elementary,170,1994000,101000,101000,0,0,0,47000
608370,California,3,3,Chico Unified,12359,158243000,28634000,21697000,2903000,542000,1449000,7275000
608460,California,3,3,Chino Valley Unified,27465,302828000,37097000,27931000,3454000,2762000,1558000,14338000
608520,California,1,3,Chowchilla Elementary,2249,25745000,1826000,1367000,158000,231000,0,730000
608550,California,2,3,Chowchilla Union High,1102,13543000,800000,573000,55000,137000,0,223000
608580,California,1,3,Chualar Union,298,4195000,252000,234000,0,0,0,98000
608610,California,1,3,Chula Vista Elementary,23107,367098000,63362000,46518000,11317000,885000,2798000,16363000
608700,California,1,2,Cinnabar Elementary,264,3875000,201000,125000,76000,0,0,75000
608760,California,3,3,Claremont Unified,6849,85723000,16466000,9652000,5585000,75000,0,3765000
608850,California,1,3,Clay Joint Elementary,246,2313000,70000,70000,0,0,0,45000
608880,California,1,3,Clear Creek Elementary,181,1650000,50000,50000,0,0,0,23000
608970,California,3,3,Cloverdale Unified,1375,18065000,2589000,1921000,355000,179000,134000,854000
609030,California,3,2,Clovis Unified,43628,505312000,78828000,60408000,9320000,5038000,3951000,25289000
609070,California,3,3,Coachella Valley Unified,17657,258276000,38620000,31007000,3372000,1010000,3072000,11326000
609120,California,3,3,Coalinga-Huron Unified,4510,59203000,6485000,4516000,899000,422000,156000,2091000
609300,California,1,3,Colfax Elementary,386,4650000,653000,375000,200000,41000,0,167000
609390,California,3,3,Colton Joint Unified,21409,293154000,32079000,21949000,7768000,11000,2013000,10132000
609450,California,1,3,Columbia Elementary,766,9693000,687000,687000,0,0,0,289000
609480,California,1,3,Columbia Union,467,5437000,481000,429000,52000,0,0,153000
609620,California,3,3,Compton Unified,20312,313350000,32845000,25370000,3685000,3695000,0,11392000
609640,California,3,3,Conejo Valley Unified,18312,199682000,23845000,20554000,2599000,485000,1000,10578000
609665,California,3,3,Leggett Valley Unified,131,2709000,176000,153000,0,0,0,62000
609690,California,3,3,Corcoran Joint Unified,3303,44731000,2400000,1910000,477000,0,0,945000
609780,California,1,3,Corning Union Elementary,2034,24187000,2530000,2118000,272000,0,27000,967000
609810,California,2,3,Corning Union High,1075,14697000,1036000,925000,48000,0,0,248000
609850,California,3,3,Corona-Norco Unified,52447,615082000,85100000,64782000,13481000,5842000,288000,30426000
609870,California,3,3,Coronado Unified,3054,42966000,5340000,4907000,397000,0,0,1741000
609940,California,3,3,Cotati-Rohnert Park Unified,5633,71962000,11079000,8031000,2077000,895000,0,2508000
609990,California,1,3,Cottonwood Union Elementary,943,11022000,741000,682000,16000,0,0,293000
610050,California,3,3,Covina-Valley Unified,11628,156351000,24979000,19375000,2517000,1713000,532000,9280000
610230,California,1,3,Cuddeback Union Elementary,148,1568000,94000,94000,0,0,0,38000
610260,California,3,3,Culver City Unified,7088,86817000,13277000,7655000,1562000,2643000,655000,3470000
610290,California,1,3,Cupertino Union,16705,200531000,35687000,27410000,2037000,3089000,2707000,9913000
610320,California,1,3,Curtis Creek Elementary,495,5056000,240000,240000,0,0,0,111000
610350,California,3,3,Cutler-Orosi Joint Unified,4123,54928000,3441000,2470000,733000,69000,0,1091000
610380,California,1,3,Cutten Elementary,639,6387000,423000,423000,0,0,0,213000
610440,California,1,3,Cypress Elementary,3812,43925000,6851000,6155000,400000,294000,0,2514000
610620,California,3,2,Davis Joint Unified,8538,108724000,18727000,12710000,4237000,621000,0,3435000
610710,California,1,3,Dehesa Elementary,155,4693000,1116000,1033000,0,27000,0,100000
610740,California,1,3,Del Mar Union Elementary,4128,70432000,11119000,9674000,545000,893000,0,3973000
610770,California,3,3,Del Norte County Unified,3706,50314000,7535000,6217000,1082000,175000,0,2491000
610860,California,2,3,Delano Joint Union High,4263,62694000,5900000,4784000,780000,136000,0,1700000
610890,California,1,2,Delano Union Elementary,6687,101788000,9669000,7238000,1036000,162000,863000,3150000
611040,California,3,2,Denair Unified,1314,17125000,1669000,1317000,107000,129000,0,594000
611110,California,3,2,Desert Sands Unified,27962,371679000,62191000,50200000,4240000,3780000,3637000,19466000
611130,California,1,3,Di Giorgio Elementary,205,2480000,139000,137000,0,2000,0,102000
611220,California,1,3,Miller Creek Elementary,2018,25067000,3221000,2294000,316000,244000,244000,1011000
611280,California,3,3,Dixon Unified,3074,36119000,4626000,3007000,1269000,151000,0,941000
611430,California,1,3,Douglas City Elementary,175,2148000,147000,116000,0,0,0,56000
611460,California,3,3,Downey Unified,22043,297169000,61319000,52751000,3782000,2682000,1104000,21028000
611490,California,1,3,Dry Creek Joint Elementary,6669,69384000,9290000,7137000,1087000,606000,381000,3545000
611520,California,3,3,Duarte Unified,3418,49462000,8513000,7097000,1059000,267000,0,3016000
611610,California,1,2,Dunham Elementary,168,2112000,121000,121000,0,0,0,49000
611700,California,2,3,Dunsmuir Joint Union High,59,1859000,131000,123000,0,0,0,70000
611730,California,3,3,Durham Unified,1053,11527000,1195000,766000,372000,0,44000,348000
611760,California,1,3,Earlimart Elementary,1614,24085000,943000,563000,299000,71000,0,255000
611780,California,2,3,East Nicolaus Joint Union High,312,3423000,24000,0,11000,0,13000,0
611820,California,2,3,East Side Union High,22339,283203000,40344000,26116000,5349000,4375000,2596000,9628000
611850,California,1,3,East Whittier City Elementary,8399,105184000,19415000,18144000,230000,990000,0,7665000
611870,California,3,3,Eastern Sierra Unified,433,10631000,889000,768000,121000,0,0,302000
611910,California,1,3,Eastside Union Elementary,3320,44004000,5357000,4509000,848000,0,0,2263000
611940,California,1,3,Edison Elementary,1060,14330000,1355000,703000,502000,59000,87000,335000
612030,California,1,2,El Centro Elementary,5339,74470000,7022000,6591000,239000,192000,0,3448000
612070,California,2,2,El Dorado Union High,6783,78333000,9523000,5930000,1406000,408000,439000,2674000
612090,California,1,3,El Monte City,7893,130989000,17386000,14369000,1172000,1662000,0,6132000
612120,California,2,3,El Monte Union High,8264,132896000,13666000,11140000,898000,883000,554000,5731000
612150,California,1,3,El Nido Elementary,158,2611000,30000,23000,0,0,0,8000
612180,California,3,3,El Rancho Unified,8181,103477000,16557000,14348000,1762000,445000,0,5938000
612210,California,3,3,El Segundo Unified,3496,38765000,4003000,3069000,934000,0,0,1282000
612330,California,3,2,Elk Grove Unified,63403,760366000,129592000,84518000,24841000,4690000,9270000,32447000
612360,California,1,3,Elk Hills Elementary,192,2162000,209000,208000,0,1000,0,63000
612600,California,3,2,Elverta Joint Elementary,312,3658000,275000,173000,60000,5000,0,105000
612630,California,3,3,Emery Unified,721,13015000,1220000,630000,299000,201000,0,394000
612690,California,1,3,Empire Union Elementary,2986,39693000,3480000,3137000,172000,0,0,1466000
612750,California,1,3,Encinitas Union Elementary,5341,66515000,12078000,10629000,1371000,0,0,4432000
612810,California,3,2,Enterprise Elementary,3836,46535000,3997000,2901000,816000,281000,0,1317000
612840,California,3,3,Escalon Unified,2703,31691000,3026000,2428000,317000,172000,0,1411000
612880,California,1,3,Escondido Union,14996,212711000,33025000,28439000,1661000,2601000,129000,12765000
612910,California,2,3,Escondido Union High,7257,105379000,13814000,10685000,1263000,1153000,650000,4392000
612930,California,3,3,Esparto Unified,1005,13661000,1306000,748000,205000,0,232000,317000
612960,California,1,3,Etiwanda Elementary,14013,156883000,26551000,20930000,4317000,1297000,0,9102000
613080,California,1,3,Eureka Union,3341,34497000,5313000,3543000,1147000,415000,179000,1553000
613140,California,1,3,Evergreen Elementary,10426,115666000,11305000,9771000,1059000,456000,0,4896000
613170,California,3,2,Evergreen Union,1234,13859000,1129000,754000,303000,0,0,269000
613290,California,1,3,Fairfax Elementary,2693,35740000,3949000,2297000,1092000,202000,164000,856000
613360,California,3,3,Fairfield-Suisun Unified,21236,231788000,39197000,28578000,6000000,1873000,2376000,12843000
613470,California,3,3,Fall River Joint Unified,1211,16335000,2002000,1645000,225000,3000,79000,717000
613500,California,1,3,Fallbrook Union Elementary,5274,72097000,12453000,10519000,532000,628000,624000,4943000
613530,California,2,3,Fallbrook Union High,2150,30673000,4741000,3975000,412000,296000,0,1492000
613740,California,1,3,Fieldbrook Elementary,124,1578000,109000,109000,0,0,0,60000
613800,California,3,3,Fillmore Unified,3734,49814000,7374000,5966000,649000,173000,114000,2465000
613840,California,3,3,Firebaugh-Las Deltas Unified,2236,31365000,2128000,1514000,421000,0,0,660000
613890,California,3,2,Folsom-Cordova Unified,20546,233806000,42764000,28731000,7631000,2149000,2594000,12817000
613920,California,3,3,Fontana Unified,36089,528967000,63332000,50169000,5212000,3459000,2475000,24746000
613980,California,1,3,Foresthill Union Elementary,417,4568000,387000,312000,19000,0,49000,122000
614010,California,1,2,Forestville Union Elementary,288,4617000,131000,131000,0,0,0,67000
614070,California,3,3,Fort Bragg Unified,1814,23637000,3399000,2892000,243000,232000,4000,921000
614190,California,2,3,Fortuna Union High,1097,13276000,807000,688000,0,0,0,398000
614220,California,1,3,Fountain Valley Elementary,6316,64636000,11493000,8632000,1226000,673000,925000,3905000
614250,California,3,3,Fowler Unified,2589,31537000,2225000,1769000,377000,79000,0,965000
614370,California,1,2,Franklin-McKinley Elementary,6862,101641000,15837000,13481000,1182000,0,0,6700000
614400,California,3,2,Fremont Unified,35379,405262000,68935000,51343000,9153000,3027000,2684000,21383000
614430,California,2,3,Fremont Union High,11032,175781000,29561000,21509000,4760000,2023000,0,7921000
614520,California,1,2,Freshwater Elementary,348,4711000,342000,321000,17000,0,0,129000
614550,California,3,2,Fresno Unified,70990,1046587000,139377000,113080000,12245000,7912000,304000,48206000
614700,California,1,3,Fruitvale Elementary,3232,34041000,4851000,3600000,665000,467000,0,1766000
614730,California,1,3,Fullerton Elementary,12848,159393000,25313000,19166000,2398000,1638000,1938000,8902000
614760,California,2,3,Fullerton Joint Union High,13603,167561000,20726000,13306000,3979000,593000,1965000,5378000
614790,California,1,3,Galt Joint Union Elementary,3539,44056000,6508000,5784000,97000,126000,328000,2801000
614820,California,2,3,Galt Joint Union High,2211,27922000,2618000,2077000,256000,183000,0,948000
614880,California,3,3,Garden Grove Unified,41395,567356000,93065000,74893000,6768000,5069000,575000,34871000
614910,California,1,3,Garfield Elementary,66,773000,73000,70000,0,0,0,42000
614940,California,1,3,Garvey Elementary,4463,72878000,6249000,4798000,912000,539000,0,2175000
614950,California,3,3,Gateway Unified,2254,32242000,5624000,4820000,81000,426000,0,2028000
615000,California,1,3,General Shafter Elementary,190,3111000,82000,82000,0,0,0,63000
615090,California,1,3,Gerber Union Elementary,373,5098000,184000,184000,0,0,0,110000
615150,California,3,3,Geyserville Unified,225,4243000,244000,244000,0,0,0,115000
615180,California,3,3,Gilroy Unified,11123,129782000,17993000,12310000,2860000,1248000,1287000,4979000
615240,California,3,3,Glendale Unified,25468,323346000,47834000,38659000,5455000,3345000,0,14887000
615270,California,3,3,Glendora Unified,7091,76313000,13507000,12476000,611000,23000,0,5743000
615390,California,1,3,Gold Oak Union Elementary,469,5032000,563000,343000,84000,6000,0,153000
615450,California,1,3,Gold Trail Union Elementary,651,6965000,645000,642000,0,0,0,161000
615480,California,1,3,Golden Feather Union Elementary,53,1494000,74000,35000,0,0,39000,0
615510,California,1,3,Goleta Union Elementary,3619,61229000,10379000,8720000,681000,462000,517000,3250000
615600,California,1,3,Gorman Joint,74,1227000,38000,38000,0,0,0,18000
615690,California,1,3,Grant Elementary,636,6579000,411000,385000,0,0,0,219000
615780,California,1,2,Grass Valley Elementary,1789,22611000,2304000,2012000,66000,217000,0,1054000
615840,California,1,2,Gravenstein Union Elementary,768,9486000,260000,186000,66000,9000,0,110000
616050,California,1,3,Greenfield Union,9643,116286000,12056000,8261000,3054000,741000,0,3450000
616080,California,1,3,Greenfield Union Elementary,3548,47235000,4213000,2667000,1228000,151000,0,851000
616110,California,1,3,Grenada Elementary,217,2752000,69000,67000,0,0,0,23000
616230,California,2,3,Grossmont Union High,16730,242195000,52371000,40489000,3500000,2914000,4789000,17493000
616260,California,1,3,Guadalupe Union Elementary,1289,17416000,1796000,1746000,11000,22000,0,790000
616300,California,1,3,Cucamonga Elementary,2439,33910000,4017000,3117000,665000,232000,0,1485000
616320,California,1,2,Guerneville Elementary,279,5292000,205000,205000,0,0,0,110000
616323,California,3,3,Gustine Unified,1812,22145000,1623000,993000,512000,0,0,519000
616325,California,3,3,Hacienda la Puente Unified,17806,239831000,32437000,21906000,7145000,1904000,922000,10646000
616470,California,1,3,Hanford Elementary,5927,74770000,4993000,3904000,871000,4000,0,1897000
616500,California,2,2,Hanford Joint Union High,4015,48353000,3198000,2103000,748000,0,0,973000
616530,California,1,3,Happy Camp Union Elementary,128,1858000,87000,82000,0,0,0,46000
616560,California,1,3,Happy Valley Elementary,113,1508000,62000,54000,4000,0,0,48000
616570,California,1,3,Happy Valley Union Elementary,479,6435000,469000,469000,0,0,0,206000
616620,California,1,2,Harmony Union Elementary,227,5031000,391000,383000,8000,0,0,295000
616650,California,3,2,Hart-Ransom Union Elementary,1202,11959000,439000,280000,84000,54000,0,154000
616680,California,3,2,Hawthorne,7920,106640000,14135000,11346000,1349000,1020000,196000,4947000
616740,California,3,3,Hayward Unified,19701,285930000,39908000,31512000,5205000,3166000,0,13432000
616830,California,1,3,Heber Elementary,1268,16886000,1319000,894000,379000,0,0,468000
616860,California,3,2,Helendale Elementary,1113,12590000,1098000,980000,29000,0,88000,469000
616920,California,3,2,Hemet Unified,22256,329680000,48195000,33220000,8793000,3067000,2828000,14120000
617040,California,1,3,Hermosa Beach City Elementary,1351,13872000,2265000,1667000,598000,0,0,453000
617190,California,1,3,Hillsborough City Elementary,1289,30990000,4741000,4372000,2000,367000,0,1737000
617220,California,3,3,Hilmar Unified,2429,27870000,1828000,1185000,552000,3000,0,714000
617340,California,1,3,Hollister,5612,71061000,13831000,8041000,3477000,1096000,179000,3400000
617430,California,3,3,Holtville Unified,1573,22269000,1523000,1235000,199000,0,19000,679000
617490,California,1,3,Hope Elementary,932,12108000,2045000,1605000,227000,203000,2000,684000
617520,California,1,3,Hope Elementary,233,2784000,21000,21000,0,0,0,0
617580,California,1,3,Horicon Elementary,62,1949000,203000,203000,0,0,0,76000
617760,California,1,3,Howell Mountain Elementary,99,1909000,171000,113000,36000,0,21000,43000
617850,California,1,3,Hueneme Elementary,7936,104814000,11951000,10197000,847000,908000,0,5181000
617880,California,1,3,Hughes-Elizabeth Lakes Union Elementary,179,1851000,67000,67000,0,0,0,38000
618030,California,1,3,Huntington Beach City Elementary,6453,68660000,11147000,9183000,1514000,2000,420000,3925000
618060,California,2,3,Huntington Beach Union High,15875,198219000,34983000,25504000,2744000,2733000,3127000,12258000
618120,California,1,3,Hydesville Elementary,198,1961000,100000,100000,0,0,0,44000
618210,California,3,3,Imperial Unified,4335,48946000,5603000,3934000,1361000,0,282000,1850000
618390,California,3,2,Inglewood Unified,8327,112651000,14740000,10719000,1896000,931000,989000,5954000
618690,California,1,3,Jamestown Elementary,381,4807000,487000,487000,0,0,0,226000
618730,California,1,3,Jamul-Dulzura Union Elementary,576,8085000,929000,605000,72000,171000,22000,271000
618780,California,1,3,Janesville Union Elementary,379,4065000,301000,285000,0,0,0,109000
618840,California,1,3,Jefferson Elementary,2287,23671000,2209000,1708000,245000,245000,0,929000
618870,California,1,3,Jefferson Elementary,5852,74945000,10976000,8457000,1816000,411000,0,3837000
618930,California,2,3,Jefferson Union High,4276,62619000,5447000,4498000,934000,0,0,2141000
618990,California,3,3,John Swett Unified,1418,19835000,3243000,2792000,247000,196000,0,1211000
619050,California,1,3,Johnstonville Elementary,183,1878000,73000,73000,0,0,0,38000
619110,California,2,3,Julian Union High,108,2909000,274000,252000,13000,0,0,72000
619140,California,1,3,Julian Union Elementary,273,4720000,472000,472000,0,0,0,210000
619170,California,1,3,Junction City Elementary,78,1164000,59000,21000,0,20000,0,0
619200,California,1,3,Junction Elementary,329,3553000,356000,335000,21000,0,0,124000
619260,California,3,3,Jurupa Unified,19024,254583000,31789000,24591000,3508000,1484000,2206000,11679000
619320,California,3,3,Kelseyville Unified,1741,23486000,3526000,2173000,608000,218000,321000,727000
619380,California,1,3,Kentfield Elementary,1187,19109000,2106000,2048000,58000,0,0,937000
619410,California,1,3,Kenwood,141,3029000,194000,141000,32000,0,0,79000
619440,California,1,3,Keppel Union Elementary,2650,34691000,4392000,3628000,300000,169000,0,1569000
619490,California,3,3,Kerman Unified,5281,63944000,5689000,3745000,1560000,229000,0,1952000
619540,California,2,2,Kern High,41150,569427000,81192000,58258000,7556000,3356000,4925000,25286000
619590,California,1,3,Kernville Union Elementary,874,13226000,1503000,1050000,264000,134000,0,447000
619620,California,3,2,Keyes Union,1111,14747000,901000,802000,0,59000,0,351000
619650,California,2,2,South Monterey County Joint Union High,2581,31468000,3733000,3137000,266000,255000,75000,1361000
619680,California,1,3,King City Union,2671,33416000,3262000,2331000,723000,208000,0,965000
619700,California,3,2,Kings Canyon Joint Unified,9827,130122000,13464000,8341000,4122000,25000,0,4728000
619830,California,2,3,Kingsburg Joint Union High,1183,14518000,630000,539000,0,0,0,307000
619860,California,1,3,Kirkwood Elementary,99,1194000,16000,16000,0,0,0,0
619890,California,1,2,Kit Carson Union Elementary,406,5071000,149000,116000,0,0,0,40000
619950,California,3,3,Klamath-Trinity Joint Unified,1011,20071000,2170000,1921000,0,0,0,805000
620010,California,1,3,Knights Ferry Elementary,158,1387000,17000,17000,0,0,0,0
620040,California,1,3,Knightsen Elementary,605,6227000,648000,533000,22000,84000,8000,218000
620070,California,3,3,Konocti Unified,3716,46419000,5785000,3920000,737000,521000,354000,1448000
620130,California,3,3,La Canada Unified,4120,50618000,7227000,5738000,633000,239000,0,2010000
620190,California,1,3,La Habra City Elementary,4664,62776000,8364000,6749000,895000,603000,56000,3012000
620220,California,3,3,La Honda-Pescadero Unified,306,6892000,536000,504000,0,21000,0,233000
620250,California,1,3,La Mesa-Spring Valley,11781,148352000,27590000,20064000,6515000,932000,60000,6940000
620310,California,1,3,Lafayette Elementary,3536,42741000,6765000,5678000,786000,302000,0,1981000
620370,California,3,3,Laguna Beach Unified,2779,59436000,5803000,4364000,900000,497000,0,1743000
620460,California,1,3,Pacifica,3105,34859000,3621000,2962000,396000,260000,2000,818000
620490,California,1,3,Lagunita Elementary,91,1182000,50000,50000,0,0,0,28000
620520,California,1,3,Lagunitas Elementary,237,4051000,271000,249000,0,0,22000,61000
620640,California,3,3,Lake Tahoe Unified,3905,48734000,8308000,5012000,1182000,566000,311000,2682000
620670,California,3,3,Lakeport Unified,1444,17649000,2233000,1440000,293000,210000,132000,714000
620700,California,1,3,Lakeside Joint,74,2114000,568000,493000,0,0,0,156000
620730,California,1,3,Lakeside Union,1450,13986000,1388000,847000,541000,0,0,345000
620760,California,1,3,Lakeside Union Elementary,326,4107000,154000,131000,0,0,0,56000
620790,California,1,3,Lakeside Union Elementary,4978,66193000,11068000,9692000,128000,0,325000,4392000
620850,California,1,3,Lamont Elementary,2951,39835000,2688000,1544000,1036000,83000,25000,388000
620880,California,1,3,Lancaster Elementary,14330,180982000,28946000,20026000,7186000,1152000,0,9629000
620910,California,1,3,Larkspur-Corte Madera,1531,20965000,2432000,1866000,366000,167000,0,749000
621000,California,3,3,Las Virgenes Unified,10866,123737000,23533000,18349000,2295000,743000,0,7420000
621060,California,2,3,Lassen Union High,765,10326000,545000,508000,0,0,0,205000
621090,California,1,3,Lassen View Union Elementary,383,3747000,44000,44000,0,0,0,0
621150,California,3,3,Laton Joint Unified,660,10656000,657000,654000,3000,0,0,308000
621180,California,1,3,Latrobe,147,2277000,182000,105000,11000,3000,0,75000
621210,California,1,3,Lawndale Elementary,5166,81702000,19146000,9527000,2561000,4338000,0,4558000
621240,California,1,3,Le Grand Union Elementary,351,5125000,220000,206000,0,0,0,106000
621270,California,2,3,Le Grand Union High,527,7488000,616000,553000,0,0,0,251000
621330,California,1,3,Lemon Grove,3414,46621000,7147000,6150000,416000,340000,241000,2907000
621360,California,1,2,Lemoore Union Elementary,3382,38090000,2887000,2068000,801000,0,0,984000
621400,California,2,3,Lemoore Union High,1983,28189000,1455000,1213000,207000,0,0,708000
621420,California,1,3,Lennox,4940,70106000,9165000,6442000,1430000,740000,5000,3002000
621450,California,1,3,Richland Union Elementary,2851,40795000,5762000,3842000,1100000,163000,225000,1800000
621480,California,1,3,Lewiston Elementary,61,958000,98000,98000,0,0,0,35000
621540,California,1,2,Liberty Elementary,208,3058000,183000,183000,0,0,0,97000
621600,California,2,3,Liberty Union High,8280,96470000,12738000,10499000,1560000,677000,0,4245000
621690,California,3,2,Lincoln Unified,9368,104195000,10760000,6800000,3328000,0,0,3506000
621810,California,3,3,Linden Unified,2350,27671000,2241000,1571000,541000,129000,0,831000
621870,California,3,2,Lindsay Unified,4085,70231000,2862000,2406000,200000,155000,0,903000
621930,California,1,3,Little Lake City Elementary,4368,54329000,7539000,6558000,533000,448000,0,2450000
621990,California,1,2,Live Oak Elementary,1813,25155000,2963000,1622000,967000,194000,179000,857000
622050,California,3,3,Live Oak Unified,1887,24765000,1881000,1335000,198000,26000,202000,672000
622110,California,3,3,Livermore Valley Joint Unified,13704,163609000,28296000,19791000,6859000,1554000,91000,7254000
622170,California,1,3,Livingston Union,2494,31788000,2528000,1693000,577000,0,0,902000
622230,California,3,2,Lodi Unified,28554,360482000,59645000,42859000,10661000,2833000,2378000,16772000
622320,California,1,3,Loleta Union Elementary,100,2216000,221000,221000,0,0,0,92000
622350,California,1,3,Loma Prieta Joint Union Elementary,491,7016000,962000,829000,67000,66000,0,321000
622380,California,1,3,Las Lomitas Elementary,1200,29342000,3617000,2521000,784000,313000,0,1020000
622410,California,3,3,Lompoc Unified,9628,115037000,14540000,10800000,1678000,891000,1161000,5330000
622440,California,3,3,Lone Pine Unified,329,5631000,307000,283000,0,0,0,72000
622500,California,3,3,Long Beach Unified,71243,931181000,146226000,119502000,13276000,6663000,585000,58080000
622560,California,1,2,Loomis Union Elementary,3006,27841000,3146000,1910000,830000,291000,0,827000
622590,California,3,3,Los Alamitos Unified,9679,113913000,13541000,12414000,535000,115000,343000,5376000
622650,California,1,3,Los Altos Elementary,3992,64075000,10481000,9201000,182000,1096000,0,2193000
622710,California,3,2,Los Angeles Unified,481041,7903121000,1387584000,1055653000,125729000,87718000,31338000,389211000
622740,California,3,3,Los Banos Unified,11084,139403000,15474000,10372000,3451000,457000,0,4741000
622800,California,2,3,Los Gatos-Saratoga Union High,3534,58926000,6285000,4249000,800000,498000,131000,1946000
622830,California,1,3,Los Gatos Union Elementary,2978,41789000,4774000,3629000,683000,463000,0,1678000
622860,California,3,3,Los Molinos Unified,576,7762000,674000,553000,122000,0,0,279000
622890,California,1,3,Los Nietos,1493,22793000,4447000,4244000,203000,0,0,1374000
622950,California,1,3,Lost Hills Union Elementary,287,6670000,414000,289000,124000,0,0,147000
623010,California,1,3,Lowell Joint,3147,32391000,4669000,3844000,625000,199000,0,1798000
623040,California,1,3,Lucerne Elementary,293,3610000,315000,172000,49000,0,0,65000
623080,California,3,3,Lucia Mar Unified,10264,121019000,19144000,14951000,2992000,613000,588000,5688000
623130,California,1,3,Luther Burbank,517,7084000,490000,444000,47000,0,0,239000
623160,California,3,3,Lynwood Unified,13208,188884000,26991000,21188000,4067000,1736000,0,7878000
623340,California,3,3,Madera Unified,20116,256508000,20847000,17493000,721000,1493000,1082000,7427000
623430,California,1,3,Magnolia Elementary,5671,75179000,10912000,6635000,3581000,600000,0,3124000
623460,California,1,3,Magnolia Union Elementary,131,1446000,108000,90000,0,0,0,55000
623530,California,3,3,Mammoth Unified,1186,14996000,1048000,995000,18000,0,0,365000
623610,California,3,2,Manteca Unified,23814,272115000,34496000,26968000,3607000,2063000,1447000,14485000
623700,California,1,3,Manzanita Elementary,296,3217000,166000,156000,0,0,0,87000
623760,California,1,3,Maple Elementary,294,2955000,146000,125000,0,0,0,62000
623820,California,3,3,Maricopa Unified,284,5895000,391000,389000,0,2000,0,139000
623940,California,3,3,Mariposa County Unified,1681,23746000,1600000,1374000,77000,130000,19000,622000
623970,California,1,3,Mark Twain Union Elementary,769,8275000,1244000,1180000,0,0,66000,450000
624000,California,1,2,Mark West Union Elementary,1408,17656000,1567000,1112000,333000,108000,0,450000
624030,California,3,3,Martinez Unified,4137,48558000,7375000,5510000,1555000,286000,0,2458000
624090,California,3,2,Marysville Joint Unified,9789,123167000,13375000,9547000,2151000,209000,1319000,4653000
624180,California,1,3,McCabe Union Elementary,1359,14224000,859000,482000,307000,0,70000,278000
624230,California,3,3,McFarland Unified,3547,45385000,3125000,1865000,877000,203000,0,748000
624300,California,1,3,McKinleyville Union Elementary,1097,12898000,2254000,1946000,183000,0,77000,769000
624330,California,1,3,McKittrick Elementary,79,2156000,207000,207000,0,0,0,101000
624360,California,1,3,McSwain Union Elementary,859,9614000,750000,597000,110000,0,0,297000
624390,California,1,3,Meadows Union Elementary,478,6348000,381000,317000,28000,0,23000,121000
624480,California,3,3,Mendocino Unified,525,11602000,1030000,711000,204000,85000,0,261000
624500,California,3,3,Milpitas Unified,10299,124909000,17837000,13836000,1524000,1631000,0,5781000
624540,California,1,3,Menifee Union Elementary,10759,117393000,20060000,14845000,2577000,1323000,1170000,6801000
624570,California,1,3,Menlo Park City Elementary,2922,58611000,7757000,5764000,1185000,749000,42000,2115000
624600,California,1,3,Merced City Elementary,11079,134324000,10121000,8313000,1733000,0,0,4195000
624630,California,1,3,Merced River Union Elementary,203,2278000,61000,59000,0,0,0,27000
624660,California,2,3,Merced Union High,10748,142669000,9774000,8523000,1081000,80000,0,4134000
624720,California,1,3,Mesa Union Elementary,618,6411000,492000,355000,116000,22000,0,163000
624750,California,3,3,Middletown Unified,1502,17346000,2460000,1617000,353000,207000,106000,532000
624780,California,1,3,Midway Elementary,88,1815000,54000,54000,0,0,0,0
624870,California,1,3,Mill Valley Elementary,2835,46147000,5184000,3935000,774000,217000,0,1584000
624900,California,1,3,Millbrae Elementary,2346,27276000,3349000,2083000,1245000,20000,0,904000
624930,California,1,3,Millville Elementary,270,2807000,67000,47000,0,0,0,17000
625110,California,1,3,Mission Union Elementary,125,1541000,161000,150000,12000,0,0,79000
625230,California,3,3,Mojave Unified,2822,36506000,6287000,4506000,1225000,9000,258000,1848000
625290,California,1,3,Monroe Elementary,165,2514000,85000,85000,0,0,0,53000
625320,California,3,3,Monrovia Unified,5385,69967000,11595000,9198000,1874000,11000,10000,3788000
625380,California,1,3,Montague Elementary,162,1973000,69000,68000,0,0,0,42000
625410,California,1,3,Monte Rio Union Elementary,77,1604000,22000,22000,0,0,0,21000
625470,California,3,3,Montebello Unified,24324,363872000,53596000,44695000,6941000,1921000,0,21498000
625530,California,3,3,Monterey Peninsula Unified,9917,129978000,22591000,18895000,559000,21000,1431000,7479000
625690,California,3,3,Moorpark Unified,6115,63957000,8471000,7825000,381000,178000,73000,3386000
625740,California,1,3,Moraga Elementary,1852,23892000,3053000,2391000,326000,156000,0,737000
625770,California,1,3,Moreland,4675,63373000,10585000,8439000,1296000,324000,0,3623000
625800,California,3,2,Moreno Valley Unified,32255,472468000,71170000,50484000,5290000,4550000,7713000,22525000
625830,California,3,3,Morgan Hill Unified,8352,93038000,13013000,9168000,1731000,482000,884000,4296000
625860,California,3,3,Morongo Unified,8478,111568000,16628000,11535000,2897000,1014000,22000,5093000
625980,California,1,3,Mother Lode Union Elementary,1024,11092000,1314000,963000,152000,145000,0,379000
626040,California,1,3,Mt. Shasta Union Elementary,554,6447000,340000,314000,1000,1000,0,140000
626070,California,1,3,Mountain Elementary,153,1771000,127000,104000,22000,0,0,71000
626100,California,3,3,Mountain Empire Unified,1711,25202000,3824000,3037000,144000,258000,385000,1145000
626190,California,1,3,Mountain View Elementary,6122,97730000,10387000,9073000,827000,422000,0,4499000
626220,California,1,3,Mountain View Elementary,2538,27832000,3359000,1799000,1152000,198000,0,988000
626280,California,1,3,Mountain View Whisman,5074,85789000,11760000,9487000,1346000,501000,205000,3284000
626310,California,2,3,Mountain View-Los Altos Union High,4521,99765000,13195000,10329000,1918000,874000,0,4746000
626340,California,1,3,Mt. Baldy Joint Elementary,109,1273000,129000,93000,24000,0,0,54000
626370,California,3,2,Mt. Diablo Unified,30750,376142000,75501000,50819000,11559000,3970000,6047000,20665000
626400,California,1,2,Mount Pleasant Elementary,2108,32847000,6657000,4707000,535000,1143000,0,2339000
626430,California,1,3,Mulberry Elementary,75,1011000,39000,39000,0,0,0,0
626460,California,1,3,Mupu Elementary,166,1665000,81000,81000,0,0,0,47000
626490,California,3,3,Muroc Joint Unified,1780,20688000,2593000,2177000,227000,113000,76000,969000
626640,California,3,2,Napa Valley Unified,17375,206218000,32135000,23102000,4140000,2346000,1194000,11424000
626670,California,1,3,National Elementary,5046,79387000,10917000,7911000,1069000,479000,653000,3582000
626760,California,3,3,Needles Unified,998,14213000,1115000,925000,148000,41000,0,385000
626820,California,1,2,Nevada City Elementary,756,8439000,895000,618000,23000,0,0,280000
626880,California,2,3,Nevada Joint Union High,2588,40781000,5667000,4590000,714000,0,0,1937000
626910,California,3,3,New Haven Unified,11024,133779000,24376000,19109000,2253000,1189000,652000,8612000
626970,California,1,3,New Hope Elementary,185,2825000,161000,161000,0,0,0,75000
627030,California,3,2,New Jerusalem Elementary,1863,21926000,2354000,1507000,574000,0,0,805000
627040,California,1,3,Mountain Union Elementary,70,1439000,25000,25000,0,0,0,23000
627060,California,3,3,Newark Unified,5660,68069000,8288000,6529000,636000,565000,0,3333000
627120,California,1,2,Newcastle Elementary,473,6221000,831000,467000,112000,0,0,162000
627180,California,1,3,Newhall,6264,67721000,10574000,8776000,1263000,443000,0,3996000
627200,California,3,3,Newman-Crows Landing Unified,3205,41501000,3934000,2211000,1639000,49000,0,1069000
627240,California,3,3,Newport-Mesa Unified,20150,318033000,61894000,43978000,6251000,4279000,3630000,18160000
627450,California,1,3,Norris Elementary,4261,37177000,4383000,3284000,715000,12000,99000,1607000
627480,California,1,3,North County Joint Union Elementary,744,7415000,567000,308000,140000,0,0,149000
627510,California,1,3,North Cow Creek Elementary,258,2566000,184000,172000,0,12000,0,64000
627590,California,3,3,North Monterey County Unified,4594,62815000,6877000,5668000,898000,311000,0,1653000
627690,California,3,3,Norwalk-La Mirada Unified,16911,237839000,40175000,31056000,3091000,2407000,3346000,14510000
627720,California,3,3,Novato Unified,7523,93243000,12159000,7656000,1066000,1264000,1564000,3728000
627750,California,1,3,Nuestro Elementary,190,1589000,5000,0,0,0,0,0
627780,California,3,2,Nuview Union,2198,26852000,2148000,1184000,572000,68000,135000,565000
627810,California,1,3,Oak Grove Elementary,9725,121140000,22009000,14921000,2679000,694000,2469000,6675000
627840,California,1,2,Oak Grove Union Elementary,875,11364000,523000,516000,0,0,0,238000
627850,California,3,3,Oak Park Unified,4526,46160000,3373000,3358000,12000,3000,0,1171000
627870,California,1,3,Oak Run Elementary,52,938000,10000,2000,0,0,0,2000
627930,California,1,3,Oak View Union Elementary,395,4250000,138000,132000,0,0,0,90000
628050,California,3,3,Oakland Unified,36027,599936000,86930000,73808000,7000000,3707000,0,29801000
628080,California,1,3,Oakley Union Elementary,5189,58271000,8266000,5368000,2742000,156000,0,2346000
628140,California,1,3,Ocean View,7712,94294000,17648000,15037000,1047000,838000,481000,6667000
628170,California,1,3,Ocean View,2451,29975000,2179000,1716000,442000,21000,0,830000
628250,California,3,3,Oceanside Unified,17210,230515000,44841000,35547000,2385000,1648000,5029000,14570000
628270,California,3,3,Ojai Unified,2366,29828000,4422000,3359000,662000,128000,273000,1211000
628320,California,1,2,Old Adobe Union,1942,24830000,2608000,2157000,267000,82000,102000,991000
628470,California,1,3,Ontario-Montclair,20088,293127000,56213000,38479000,7124000,3124000,3365000,17776000
628530,California,1,3,Orange Center,336,4686000,216000,216000,0,0,0,127000
628650,California,3,2,Orange Unified,26167,310327000,53006000,42349000,2074000,2331000,5722000,19324000
628680,California,1,3,Orchard Elementary,853,12286000,1780000,1470000,108000,148000,0,673000
628710,California,3,2,Orcutt Union Elementary,5082,53220000,5763000,4720000,693000,169000,168000,2114000
628860,California,1,3,Orinda Union Elementary,2562,32454000,3411000,2395000,671000,316000,0,951000
628950,California,3,2,Oro Grande,2549,33656000,2338000,1082000,415000,401000,0,624000
629100,California,1,3,Oroville City Elementary,2381,30336000,5865000,4496000,844000,255000,174000,1870000
629130,California,2,3,Oroville Union High,2237,30067000,3828000,3083000,219000,80000,303000,1189000
629190,California,3,3,Owens Valley Unified,82,2053000,171000,171000,0,0,0,56000
629220,California,1,3,Oxnard,15722,219049000,17035000,13526000,3047000,115000,19000,4384000
629270,California,2,3,Oxnard Union High,16805,224891000,26141000,24343000,1258000,15000,0,10626000
629280,California,1,3,Pacheco Union Elementary,650,7734000,792000,655000,108000,28000,0,351000
629340,California,1,3,Pacific Elementary,120,1458000,101000,96000,5000,0,0,52000
629370,California,3,3,Pacific Grove Unified,1981,35735000,5864000,4232000,1133000,0,103000,1840000
629400,California,1,3,Pacific Union Elementary,391,6654000,566000,522000,44000,0,0,247000
629430,California,1,2,Pacific Union Elementary,621,5238000,182000,182000,0,0,0,119000
629490,California,3,2,Pajaro Valley Unified,19228,291918000,47624000,35177000,3813000,4440000,2365000,9463000
629540,California,1,3,Palermo Union Elementary,1334,16612000,1420000,1057000,163000,0,154000,643000
629550,California,3,2,Palm Springs Unified,22433,344371000,42174000,33006000,6658000,2426000,0,15049000
629580,California,1,3,Palmdale Elementary,18229,260418000,47091000,31737000,11929000,2364000,0,12548000
629610,California,3,3,Palo Alto Unified,11703,264231000,39861000,32914000,5088000,1425000,218000,12351000
629640,California,3,3,Palo Verde Unified,2863,40270000,6179000,4745000,658000,228000,286000,1690000
629700,California,3,3,Palos Verdes Peninsula Unified,10941,132441000,24723000,20056000,4092000,487000,0,6582000
629820,California,3,3,Paradise Unified,1734,35273000,4677000,3716000,367000,144000,197000,1347000
629850,California,3,3,Paramount Unified,14291,200270000,25518000,20804000,2403000,1715000,0,9711000
629910,California,3,3,Parlier Unified,3487,53558000,4600000,2990000,1002000,166000,183000,1034000
629940,California,3,3,Pasadena Unified,15790,233732000,37231000,25596000,7595000,3441000,0,9002000
630030,California,3,3,Patterson Joint Unified,6177,80857000,12245000,9663000,1568000,692000,0,3703000
630180,California,1,2,Perris Elementary,5605,72537000,6233000,3875000,2178000,99000,0,1884000
630210,California,3,2,Perris Union High,10820,143757000,19242000,14061000,2882000,1146000,0,6295000
630330,California,3,3,Piedmont City Unified,2559,43887000,7521000,6125000,1081000,32000,0,2147000
630390,California,1,3,Pine Ridge Elementary,120,2720000,77000,77000,0,0,0,52000
630450,California,1,3,Piner-Olivet Union Elementary,275,15521000,843000,417000,153000,158000,0,189000
630480,California,1,3,Pioneer Union Elementary,271,3260000,232000,144000,4000,5000,0,67000
630520,California,1,3,Pioneer Union Elementary,56,1081000,35000,19000,0,5000,10000,0
630600,California,3,3,Pittsburg Unified,11329,150580000,19313000,13491000,3581000,1170000,1011000,5769000
630630,California,1,3,Pixley Union Elementary,970,14361000,394000,368000,20000,0,0,93000
630660,California,3,3,Placentia-Yorba Linda Unified,25145,281260000,50320000,35156000,5118000,5012000,4746000,16417000
630720,California,1,3,Placer Hills Union Elementary,762,8197000,937000,689000,98000,68000,51000,313000
630750,California,2,2,Placer Union High,3988,49548000,4506000,3689000,584000,208000,0,1758000
630780,California,1,3,Placerville Union Elementary,1313,14219000,1160000,704000,101000,123000,15000,339000
630810,California,1,3,Plainsburg Union Elementary,107,1158000,2000,0,0,0,0,0
630840,California,1,3,Planada Elementary,857,11577000,1043000,631000,409000,0,0,298000
630900,California,1,3,Pleasant Grove Joint Union,165,1884000,22000,0,0,0,22000,0
630930,California,1,2,Pleasant Ridge Union Elementary,1272,13264000,1812000,1313000,296000,0,0,677000
630990,California,1,3,Pleasant Valley,6213,63545000,10600000,9495000,78000,665000,125000,4638000
631020,California,1,3,Pleasant Valley Joint Union Elementary,60,1014000,72000,40000,0,32000,0,24000
631170,California,3,3,Plumas Unified,1860,28153000,4047000,2962000,608000,143000,293000,918000
631180,California,1,3,Plumas Lake Elementary,1358,15129000,1484000,781000,403000,165000,47000,302000
631290,California,1,3,Pollock Pines Elementary,627,7425000,739000,543000,113000,8000,8000,258000
631320,California,3,2,Pomona Unified,22632,339417000,43263000,34974000,3483000,2464000,0,18113000
631350,California,1,3,Pond Union Elementary,164,2856000,153000,153000,0,0,0,68000
631400,California,3,3,Potter Valley Community Unified,288,4549000,341000,325000,0,0,0,108000
631470,California,1,3,Portola Valley Elementary,551,14681000,1669000,1063000,309000,297000,0,384000
631530,California,3,3,Poway Unified,36497,437536000,77564000,68201000,1283000,1894000,5604000,26458000
631710,California,3,3,Ramona City Unified,5373,60522000,10405000,8463000,1380000,499000,0,3905000
631740,California,1,3,Rancho Santa Fe Elementary,561,11696000,1092000,915000,177000,0,0,373000
631860,California,1,3,Ravenswood City Elementary,2048,44708000,4720000,3521000,48000,1007000,0,964000
631920,California,1,3,Raymond-Knowles Union Elementary,76,1134000,38000,36000,0,0,0,21000
631980,California,1,3,Red Bluff Union Elementary,2050,25587000,3144000,2657000,230000,0,0,1086000
632010,California,2,3,Red Bluff Joint Union High,1733,22691000,1785000,1585000,118000,0,0,802000
632040,California,3,2,Redding Elementary,3136,39779000,3449000,3171000,0,0,0,1662000
632070,California,3,3,Redlands Unified,20605,264932000,32461000,25514000,3834000,977000,1278000,11512000
632130,California,1,3,Redwood City Elementary,7158,105243000,16491000,12394000,1613000,542000,1095000,4856000
632160,California,1,3,Reed Union Elementary,1302,24441000,1878000,1460000,192000,225000,0,546000
632270,California,3,3,Reef-Sunset Unified,2732,36780000,1759000,1362000,320000,67000,0,766000
632310,California,1,3,Rescue Union Elementary,3603,36604000,3654000,2633000,477000,356000,27000,881000
632370,California,3,3,Rialto Unified,25167,333334000,40981000,26101000,9424000,2003000,1636000,12376000
632430,California,1,3,Richgrove Elementary,592,9985000,622000,604000,0,0,0,236000
632520,California,1,3,Richmond Elementary,211,2098000,93000,93000,0,0,0,58000
632550,California,3,3,West Contra Costa Unified,28113,390900000,71322000,52704000,14366000,4080000,112000,23337000
632610,California,3,3,Rim of the World Unified,3113,38684000,5027000,3883000,571000,289000,280000,1584000
632640,California,1,2,Rincon Valley Union Elementary,3233,45113000,5993000,3482000,1700000,208000,262000,1344000
632710,California,1,3,Rio Bravo-Greeley Union Elementary,1070,11568000,1140000,736000,205000,0,53000,309000
632730,California,1,3,Rio Dell Elementary,282,3780000,311000,212000,98000,0,0,90000
632760,California,1,3,Rio Elementary,5317,71051000,7097000,5566000,1531000,0,0,2032000
632880,California,3,3,Ripon Unified,3379,34208000,3943000,2532000,1394000,0,17000,1065000
633110,California,3,3,River Delta Joint Unified,1970,24960000,3137000,2306000,447000,145000,196000,931000
633150,California,3,3,Riverside Unified,40156,519374000,84570000,70572000,6129000,3589000,0,32570000
633210,California,1,2,Roberts Ferry Union Elementary,170,1913000,58000,58000,0,0,0,21000
633240,California,1,3,Robla Elementary,2066,29098000,3784000,2349000,536000,269000,368000,1306000
633390,California,1,3,Romoland Elementary,4205,50111000,6980000,4958000,1252000,338000,0,2038000
633480,California,1,3,Rosedale Union Elementary,5923,61161000,8134000,5524000,2416000,11000,182000,2198000
633510,California,1,3,Roseland,1407,33074000,3235000,1991000,955000,0,0,1077000
633570,California,1,3,Rosemead Elementary,2394,33454000,3379000,2518000,548000,281000,0,1255000
633600,California,1,3,Roseville City Elementary,11473,150273000,22077000,17006000,4630000,0,411000,7833000
633630,California,2,3,Roseville Joint Union High,10447,130152000,13108000,9945000,1695000,300000,1041000,4479000
633660,California,1,3,Ross Elementary,383,8472000,848000,662000,134000,52000,0,235000
633690,California,1,3,Round Valley Joint Elementary,78,1197000,71000,31000,33000,0,0,1000
633720,California,3,3,Round Valley Unified,422,8221000,704000,668000,0,0,0,190000
633750,California,3,3,Rowland Unified,13060,184588000,24817000,18922000,2589000,1187000,990000,10104000
633840,California,3,2,Sacramento City Unified,41913,582479000,92460000,59449000,15802000,4177000,9088000,25173000
633860,California,3,3,Saddleback Valley Unified,26275,293661000,53348000,44216000,3294000,2501000,20000,19195000
633900,California,1,2,Salida Union Elementary,2358,30626000,2714000,1784000,929000,0,0,833000
633930,California,1,3,Salinas City Elementary,8566,103378000,12697000,9194000,1664000,576000,1055000,4010000
633980,California,2,3,Salinas Union High,16250,205185000,20448000,14810000,1507000,1040000,2622000,6732000
634050,California,1,3,San Antonio Union Elementary,137,1874000,189000,167000,0,0,0,59000
634140,California,2,3,San Benito High,3187,38922000,6031000,3722000,1362000,0,0,1499000
634170,California,3,3,San Bernardino City Unified,48586,769467000,92639000,65681000,20173000,4313000,319000,32656000
634230,California,1,3,San Bruno Park Elementary,2440,31107000,4300000,3167000,601000,366000,162000,1122000
634290,California,1,2,San Carlos Elementary,3015,44112000,7156000,5146000,1593000,358000,59000,2395000
634320,California,3,3,San Diego Unified,101967,1487042000,324332000,242582000,39649000,15353000,24823000,104221000
634380,California,2,3,San Dieguito Union High,13141,154543000,19808000,14759000,567000,1355000,2914000,7883000
634410,California,3,2,San Francisco Unified,52750,905145000,86785000,83800000,2033000,836000,0,37618000
634425,California,3,3,San Gabriel Unified,4933,66960000,8943000,6447000,2146000,351000,0,2386000
634440,California,3,3,San Jacinto Unified,10122,135223000,20682000,17186000,2349000,1147000,0,7753000
634590,California,3,3,San Jose Unified,28741,372811000,47822000,35120000,3231000,2951000,4579000,15716000
634620,California,3,2,San Juan Unified,39624,504895000,86549000,62465000,8831000,3179000,8067000,25967000
634680,California,3,3,San Leandro Unified,9040,115630000,17818000,15415000,1535000,868000,0,7924000
634710,California,3,3,San Lorenzo Unified,9775,132825000,17964000,13850000,1880000,1105000,24000,5642000
634740,California,3,2,San Lorenzo Valley Unified,2580,29706000,4205000,2195000,1278000,223000,221000,1050000
634770,California,1,3,San Lucas Union Elementary,74,1241000,133000,128000,0,0,0,33000
634800,California,3,3,San Luis Coastal Unified,7638,101225000,15750000,11834000,2872000,1043000,0,4251000
634860,California,3,3,San Marino Unified,2894,41649000,5651000,4191000,1020000,386000,0,1459000
634880,California,3,3,San Marcos Unified,20839,251308000,49968000,42472000,1455000,1993000,3853000,17491000
634920,California,1,3,San Mateo-Foster City,11553,157952000,13793000,11620000,575000,1343000,0,5353000
634980,California,3,3,San Mateo Union High,9278,178858000,20957000,16641000,2933000,11000,1372000,7668000
635010,California,1,3,San Miguel Joint Union,628,8072000,1298000,702000,386000,84000,73000,252000
635040,California,1,3,San Pasqual Union Elementary,564,6366000,642000,431000,85000,126000,0,162000
635070,California,3,3,San Pasqual Valley Unified,654,14719000,1459000,1110000,76000,0,88000,482000
635090,California,1,3,San Rafael City Elementary,4574,60659000,6404000,4697000,779000,564000,0,2688000
635110,California,2,3,San Rafael City High,2749,39357000,4033000,2756000,647000,284000,0,1667000
635130,California,3,3,San Ramon Valley Unified,31878,368237000,52571000,36671000,7753000,2943000,4954000,14739000
635220,California,1,3,San Ysidro Elementary,4470,62761000,8527000,7463000,696000,219000,0,3139000
635250,California,3,2,Sanger Unified,12641,148093000,10037000,7248000,2030000,587000,0,3072000
635310,California,3,2,Santa Ana Unified,45529,693600000,117437000,101445000,9786000,4699000,0,45875000
635430,California,3,3,Santa Clara Unified,15277,289669000,49646000,45406000,965000,1733000,0,19558000
635490,California,1,3,Santa Clara Elementary,57,656000,27000,26000,0,0,0,20000
635670,California,2,3,Santa Maria Joint Union High,8657,107552000,14352000,11044000,615000,703000,879000,5010000
635700,California,3,3,Santa Monica-Malibu Unified,10332,164699000,29462000,21231000,5345000,1475000,1288000,10042000
635790,California,1,3,Santa Rita Union Elementary,3588,39654000,4233000,2789000,838000,219000,117000,1201000
635880,California,1,3,Santee,6780,72573000,13903000,10930000,894000,358000,1042000,5263000
635910,California,1,3,Saratoga Union Elementary,1704,33329000,5095000,4461000,245000,0,0,1616000
635970,California,1,3,Saugus Union,9704,111253000,20660000,14959000,4526000,857000,4000,4944000
636000,California,1,3,Sausalito Marin City,108,6039000,1058000,713000,298000,47000,0,286000
636030,California,1,3,Savanna Elementary,2092,27147000,3409000,2489000,908000,0,12000,1526000
636100,California,1,3,Scotia Union Elementary,174,2205000,225000,221000,0,0,0,92000
636180,California,1,3,Sebastopol Union Elementary,458,7099000,322000,259000,64000,0,0,127000
636210,California,1,3,Seeley Union Elementary,390,5479000,229000,213000,17000,0,0,124000
636270,California,3,3,Selma Unified,6256,86056000,7927000,6063000,1534000,0,0,3127000
636330,California,1,3,Semitropic Elementary,205,2724000,123000,96000,0,0,27000,41000
636390,California,2,3,Sequoia Union High,8956,187964000,28378000,21691000,2194000,1433000,2939000,9262000
636420,California,1,3,Shaffer Union Elementary,193,2324000,98000,98000,0,0,0,65000
636450,California,3,3,Shandon Joint Unified,284,4873000,532000,374000,133000,0,0,145000
636570,California,1,3,Shasta Union Elementary,139,1605000,61000,60000,0,0,0,29000
636600,California,2,3,Shasta Union High,4306,66782000,7433000,5969000,1445000,9000,1000,2225000
636660,California,1,2,Shiloh Elementary,187,2027000,42000,42000,0,0,0,29000
636670,California,3,3,Shoreline Unified,504,17552000,1352000,1127000,44000,0,180000,400000
636800,California,3,3,Sierra Sands Unified,5185,65556000,10703000,8333000,1023000,421000,865000,3229000
636805,California,3,3,Sierra Unified,1270,18521000,1867000,1321000,374000,0,0,501000
636820,California,3,3,Silver Valley Unified,2151,33883000,3429000,2100000,1008000,200000,0,868000
636840,California,3,3,Simi Valley Unified,16506,193618000,34984000,26942000,3892000,1468000,2264000,19060000
636940,California,2,3,Siskiyou Union High,537,8270000,261000,244000,0,0,0,137000
636960,California,1,3,Snelling-Merced Falls Union Elementary,81,981000,46000,44000,0,0,0,31000
636970,California,3,3,Snowline Joint Unified,7450,88130000,10409000,7195000,2030000,121000,582000,3490000
636972,California,2,3,Victor Valley Union High,10815,145021000,19751000,17146000,1299000,587000,709000,6609000
636990,California,1,3,Solana Beach Elementary,2961,54250000,8332000,6023000,1746000,541000,0,2108000
637050,California,3,3,Soledad Unified,4871,70769000,8955000,6775000,917000,487000,15000,2730000
637140,California,1,3,Somis Union,260,3084000,207000,152000,35000,0,0,88000
637200,California,3,3,Sonoma Valley Unified,3716,59478000,7821000,5619000,1135000,502000,475000,2230000
637230,California,1,3,Sonora Elementary,722,7173000,528000,528000,0,0,0,199000
637260,California,2,3,Sonora Union High,1068,12856000,1492000,497000,0,0,705000,305000
637290,California,1,3,Soquel Union Elementary,1906,20651000,2863000,1679000,729000,237000,218000,780000
637320,California,1,3,Soulsbyville Elementary,566,5376000,631000,609000,0,0,0,271000
637350,California,1,2,South Bay Union Elementary,477,6365000,481000,467000,0,0,0,161000
637380,California,1,2,South Bay Union,6948,102610000,15783000,13023000,865000,695000,1064000,6041000
637470,California,1,3,South Fork Union,278,3764000,285000,167000,109000,2000,3000,56000
637500,California,3,3,South Pasadena Unified,4836,55326000,6136000,4676000,948000,512000,0,2222000
637530,California,3,3,South San Francisco Unified,8411,112484000,16478000,11615000,3902000,624000,0,5045000
637560,California,1,3,South Whittier Elementary,2609,38683000,4631000,3851000,490000,290000,0,1664000
637590,California,3,3,Southern Humboldt Joint Unified,708,10074000,1045000,977000,0,0,0,286000
637620,California,3,3,Southern Kern Unified,3522,40421000,6846000,4975000,1414000,0,130000,1991000
637630,California,3,3,Southern Trinity Joint Unified,91,2309000,151000,143000,0,0,0,58000
637710,California,1,3,Spreckels Union Elementary,996,9360000,1086000,707000,284000,1000,0,223000
637830,California,3,3,Saint Helena Unified,1242,35945000,3108000,2265000,712000,131000,0,885000
637890,California,1,3,Standard Elementary,3106,36105000,4382000,3320000,881000,85000,69000,1653000
637950,California,1,3,Stanislaus Union Elementary,3557,44307000,3645000,2844000,397000,235000,0,1557000
638010,California,3,2,Stockton Unified,37495,553419000,87198000,61318000,16844000,5317000,2712000,20448000
638220,California,1,3,Sulphur Springs Union,5326,60848000,12958000,10544000,1857000,189000,295000,4834000
638250,California,1,3,Summerville Elementary,406,4285000,355000,355000,0,0,0,106000
638280,California,2,2,Summerville Union High,619,8903000,368000,329000,39000,0,0,148000
638340,California,1,3,Sundale Union Elementary,817,8604000,410000,295000,103000,0,0,94000
638460,California,1,3,Sunnyvale,6421,106427000,19176000,12890000,4895000,1342000,0,4828000
638550,California,1,3,Susanville Elementary,1123,11386000,933000,805000,0,8000,0,312000
638610,California,2,3,Sutter Union High,822,8889000,321000,229000,29000,0,63000,153000
638640,California,2,3,Sweetwater Union High,38126,474184000,84735000,71260000,4605000,3604000,4178000,31374000
638670,California,1,3,Sylvan Union Elementary,8194,95562000,15614000,12802000,663000,1176000,273000,4981000
638700,California,1,3,Taft City,2388,29669000,4086000,2300000,1122000,171000,491000,1035000
638730,California,2,3,Taft Union High,1046,22780000,1661000,1344000,250000,57000,0,552000
638770,California,3,3,Tahoe-Truckee Unified,3981,72170000,10266000,7658000,1389000,0,774000,3542000
638790,California,2,3,Tamalpais Union High,5095,88290000,10030000,7847000,2182000,0,0,2861000
638880,California,3,3,Tehachapi Unified,4236,46898000,7394000,4790000,1372000,369000,836000,2174000
638980,California,3,3,Temple City Unified,5611,68915000,8153000,6346000,1410000,396000,0,3070000
639000,California,3,3,Templeton Unified,2422,25563000,4023000,2801000,762000,0,0,1118000
639060,California,1,3,Terra Bella Union Elementary,831,12309000,670000,470000,149000,51000,0,188000
639180,California,1,3,Thermalito Union Elementary,1550,22543000,1591000,1039000,414000,0,138000,466000
639420,California,3,3,Torrance Unified,22932,260535000,54159000,45977000,4171000,3005000,0,16204000
639630,California,3,3,Travis Unified,5441,59922000,9701000,6942000,1828000,620000,301000,3224000
639720,California,1,3,Trinidad Union Elementary,200,2497000,79000,79000,0,0,0,22000
639840,California,3,3,Trona Joint Unified,264,7642000,438000,392000,16000,3000,0,142000
639870,California,1,3,Tulare City,9595,115792000,8529000,5868000,2029000,344000,0,2879000
639930,California,2,2,Tulare Joint Union High,5686,80214000,4067000,3183000,24000,320000,0,1625000
640150,California,3,3,Tustin Unified,23410,271162000,44636000,34652000,5420000,2826000,0,14845000
640200,California,1,3,Twain Harte,270,3791000,325000,325000,0,0,0,152000
640230,California,3,2,Twin Hills Union Elementary,1156,13934000,732000,732000,0,0,0,356000
640260,California,1,3,Two Rock Union,163,2310000,107000,62000,46000,0,0,32000
640300,California,3,3,Ukiah Unified,6001,79166000,10828000,9149000,630000,484000,0,3342000
640320,California,1,3,Union Elementary,5852,73750000,11833000,8937000,2069000,825000,0,3738000
640380,California,1,2,Union Hill Elementary,747,7405000,747000,528000,64000,0,0,202000
640590,California,3,2,Vacaville Unified,12855,145326000,23517000,16726000,5601000,954000,0,6664000
640650,California,1,3,Valle Lindo Elementary,1071,14044000,847000,639000,88000,103000,0,282000
640680,California,1,3,Vallecito Union,597,8449000,1038000,890000,148000,0,0,363000
640710,California,1,3,Vallecitos Elementary,195,3057000,190000,132000,56000,0,2000,26000
640740,California,3,2,Vallejo City Unified,11723,150105000,19554000,13883000,1197000,1269000,468000,6281000
640800,California,1,3,Valley Home Joint Elementary,177,1933000,34000,34000,0,0,0,24000
640980,California,3,3,Ventura Unified,16219,190977000,23739000,19292000,2681000,570000,1159000,8804000
641040,California,1,2,Victor Elementary,12837,159107000,15745000,11301000,4385000,0,60000,4838000
641130,California,1,3,Vineland Elementary,671,8299000,347000,277000,0,0,18000,164000
641160,California,3,2,Visalia Unified,29349,355442000,34443000,29152000,2618000,1996000,559000,11826000
641190,California,3,3,Vista Unified,20308,269299000,53693000,40545000,6546000,182000,2753000,16853000
641250,California,1,3,Walnut Creek Elementary,3546,40150000,4413000,3487000,609000,317000,0,1452000
641280,California,3,3,Walnut Valley Unified,13790,156129000,18968000,12582000,4520000,586000,257000,5495000
641400,California,1,3,Wasco Union Elementary,3582,49204000,4488000,2549000,1361000,357000,208000,1293000
641430,California,2,3,Wasco Union High,1852,24037000,1218000,978000,0,159000,0,486000
641460,California,1,3,Washington Colony Elementary,456,5480000,339000,312000,27000,0,0,181000
641580,California,3,2,Washington Unified,7634,91898000,11393000,6939000,1402000,708000,1408000,3005000
641610,California,1,3,Washington Union Elementary,880,9299000,686000,585000,30000,71000,0,229000
641790,California,1,3,Waugh Elementary,848,8799000,750000,612000,124000,14000,0,256000
641880,California,1,3,Weaver Union,2926,37229000,3387000,2206000,740000,271000,0,1023000
641980,California,1,3,Weed Union Elementary,270,4012000,126000,126000,0,0,0,48000
642000,California,3,3,West Covina Unified,8550,118699000,22079000,14574000,2823000,2816000,481000,6182000
642060,California,3,2,West Park Elementary,651,8408000,313000,286000,0,0,0,152000
642120,California,1,3,Westside Union Elementary,9686,100773000,17235000,13170000,2808000,349000,0,5203000
642140,California,3,3,Western Placer Unified,7228,77663000,12144000,8984000,559000,1110000,810000,4036000
642150,California,1,3,Westminster,9030,115166000,20632000,18361000,1440000,831000,0,8654000
642180,California,1,3,Westmorland Union Elementary,395,5933000,281000,278000,0,0,1000,117000
642210,California,1,3,Westside Elementary,189,3358000,171000,171000,0,0,0,77000
642270,California,1,3,West Side Union Elementary,174,2096000,163000,163000,0,0,0,56000
642300,California,3,3,Westwood Unified,183,2720000,95000,95000,0,0,0,48000
642330,California,1,2,Wheatland,1392,19154000,1833000,1311000,291000,0,47000,559000
642350,California,2,3,Wheatland Union High,877,10480000,970000,687000,0,134000,82000,198000
642450,California,1,3,Whittier City Elementary,6013,73174000,13109000,12772000,336000,0,0,5151000
642480,California,2,3,Whittier Union High,11157,172460000,36501000,25148000,3473000,4579000,2952000,10095000
642510,California,2,3,William S. Hart Union High,22164,258170000,44892000,31029000,11627000,1789000,404000,12870000
642560,California,3,3,Willits Unified,1550,20499000,3164000,2396000,253000,222000,0,1055000
642580,California,3,3,Laytonville Unified,372,5664000,428000,348000,40000,38000,0,109000
642750,California,1,3,Wilmar Union Elementary,239,2580000,153000,143000,10000,0,0,75000
642810,California,1,3,Wilsona Elementary,1230,17342000,2096000,1714000,97000,0,281000,913000
642900,California,1,3,Winship-Robbins,121,1822000,119000,102000,0,0,17000,0
642930,California,3,3,Winters Joint Unified,1556,19136000,2424000,1747000,178000,8000,158000,562000
642960,California,1,3,Winton,2051,24202000,1537000,1227000,236000,0,0,526000
643080,California,3,2,Woodland Joint Unified,9821,120180000,17915000,11317000,3780000,900000,1910000,4261000
643140,California,1,3,Woodside Elementary,375,11639000,1254000,1090000,37000,0,0,499000
643200,California,1,2,Wright Elementary,1448,20935000,2370000,1416000,755000,155000,0,605000
643380,California,1,3,Yreka Union Elementary,1007,12417000,321000,303000,0,0,0,145000
643410,California,2,3,Yreka Union High,650,9389000,511000,410000,101000,0,0,252000
643470,California,3,3,Yuba City Unified,12305,156448000,17879000,11537000,3503000,863000,1577000,5576000
643560,California,3,2,Yucaipa-Calimesa Joint Unified,8785,107061000,15733000,10225000,3941000,738000,0,4517000
684500,California,3,3,Irvine Unified,36110,521439000,71142000,44741000,17731000,6317000,427000,15721000
691134,California,3,3,Golden Plains Unified,1611,24118000,1606000,1276000,98000,149000,0,578000
691135,California,3,3,Val Verde Unified,19917,262541000,34623000,23512000,5678000,5213000,0,10797000
691136,California,3,3,Aromas - San Juan Unified,1026,14557000,1326000,932000,266000,128000,0,288000
691137,California,3,3,Big Oak Flat-Groveland Unified,298,5573000,450000,450000,0,0,0,218000
800001,Colorado,3,3,Cheyenne County School District No. Re-5,197,3221000,208000,208000,0,0,0,208000
800016,Colorado,3,3,Yuma 1 School District,903,9095000,742000,742000,0,0,0,293000
800017,Colorado,3,3,Wray RD-2 School District,759,8272000,560000,546000,0,0,0,231000
800018,Colorado,3,3,Idalia RJ-3 School District,200,2908000,110000,110000,0,0,0,81000
800292,Colorado,2,3,Colorado River BOCES,168,4843000,1381000,634000,320000,388000,0,461000
801920,Colorado,3,2,Academy School District No. 20 in the county of El Paso an,26603,262595000,24952000,18871000,4140000,1564000,0,13450000
801950,Colorado,3,3,School District N. 14 in the county of Adams & State of Colo,6610,83161000,9166000,6580000,852000,976000,630000,4567000
802010,Colorado,3,3,Aguilar Reorganized School District No. 6,121,2370000,115000,115000,0,0,0,86000
802040,Colorado,3,3,Akron School District No. R-1,371,4558000,396000,396000,0,0,0,145000
802070,Colorado,3,3,Alamosa School District No. Re-11J,2298,21926000,861000,861000,0,0,0,707000
802130,Colorado,3,3,South Conejos School District No. Re10,150,3290000,40000,40000,0,0,0,118000
802190,Colorado,3,2,Archuleta County School District No. 50 Jt,1742,19466000,1154000,1137000,0,0,16000,772000
802220,Colorado,3,3,Arickaree School District No. R-2,114,2226000,76000,76000,0,0,0,46000
802260,Colorado,3,3,Arriba-Flagler Consolidated School District No. 20,152,2392000,125000,125000,0,0,0,38000
802280,Colorado,3,2,Aspen School District No. 1 in the county of Pitkin and Sta,1653,33389000,2668000,2668000,0,0,0,9726000
802310,Colorado,3,3,Weld County School District No. Re-9,943,9815000,720000,720000,0,0,0,257000
802340,Colorado,3,2,Aurora Joint District No. 28 of the counties of Adams and A,40069,512810000,43849000,41018000,46000,2693000,0,30968000
802370,Colorado,3,3,Platte Canyon School District No. 1 of  the county of Park,889,9610000,819000,802000,0,0,17000,400000
802400,Colorado,3,3,Bayfield School District No. 10Jt-R,1363,15726000,1065000,1065000,0,0,0,702000
802430,Colorado,3,3,Bennett School District No. 29J,1117,10016000,496000,496000,0,0,0,635000
802460,Colorado,3,3,Bethune School District No. R- 5,118,2135000,79000,79000,0,0,0,31000
802490,Colorado,3,2,Boulder Valley School District No. Re2,31000,412320000,48828000,40112000,6041000,919000,1667000,25158000
802520,Colorado,3,3,Branson Reorganized School District No. 82,431,4335000,102000,102000,0,0,0,64000
802550,Colorado,3,3,School District No. Re-10 in the county of Weld and State o,184,3046000,46000,46000,0,0,0,52000
802580,Colorado,3,2,School District 27J,19275,181456000,19684000,15039000,4477000,151000,6000,49995000
802610,Colorado,3,3,School District No. Re-2 Brush,1429,17781000,1281000,1281000,0,0,0,426000
802640,Colorado,3,3,Buena Vista School District No. R-31,1077,12883000,1043000,1011000,32000,0,0,664000
802670,Colorado,3,3,Burlington Public School District No. RE-6J,778,6708000,281000,281000,0,0,0,141000
802700,Colorado,3,2,Byers School District No. 32J,2344,19960000,927000,927000,0,0,0,225000
802730,Colorado,3,3,Calhan District No. RJ1,471,5373000,317000,317000,0,0,0,222000
802790,Colorado,3,2,Fremont Re-1,3467,38251000,4921000,3929000,550000,397000,0,2609000
802850,Colorado,3,3,Center Consolidated School District No. 26 Jt. of the count,606,8790000,213000,212000,1000,0,0,359000
802880,Colorado,3,3,Cheraw School District No. 31 in the county of Otero and S,224,2617000,150000,150000,0,0,0,142000
802910,Colorado,3,2,Cherry Creek School District No. 5 in the county of Arapah,56228,681806000,98590000,84646000,11942000,1702000,0,53801000
802940,Colorado,3,2,Cheyenne Mountain School District No. 12 in the county of E,5309,51697000,3709000,3597000,1000,111000,0,3356000
803000,Colorado,3,2,Clear Creek School District No. Re-1,717,11125000,571000,545000,23000,1000,2000,474000
803030,Colorado,3,3,Plateau Valley School District No. 50 in the county of Mesa,394,4748000,177000,177000,0,0,0,197000
803060,Colorado,3,2,Colorado Springs School District No. 11 in the county of E,26026,301247000,29848000,24556000,3998000,1224000,0,20036000
803090,Colorado,3,2,Montezuma-Cortez School District No. Re-1,2779,27311000,1749000,1742000,0,0,0,1167000
803120,Colorado,3,3,Fremont Re-3,229,2969000,100000,100000,0,0,0,152000
803150,Colorado,3,3,Creede School District,81,2375000,62000,62000,0,0,0,42000
803180,Colorado,3,3,Cripple Creek-Victor School District No. Re-1,367,6034000,298000,289000,0,0,3000,241000
803210,Colorado,3,3,Crowley County School District No. Re-1-J,425,4472000,263000,255000,0,0,0,83000
803270,Colorado,3,3,Deer Trail School District No. 26J,253,2845000,166000,161000,4000,0,0,115000
803300,Colorado,3,3,Upper Rio Grande School District C-7,421,5947000,193000,193000,0,0,0,124000
803330,Colorado,3,2,Delta County Joint District No. 50,5032,50021000,5125000,4141000,757000,157000,71000,13624000
803360,Colorado,3,2,School District No. 1 in the county of Denver and State of C,92143,1202856000,102886000,78683000,18436000,5723000,18000,116163000
803390,Colorado,3,3,Dolores School District No. Re-4A,692,7370000,336000,326000,0,10000,0,222000
803420,Colorado,3,3,Dolores County School District RE-2J,232,3799000,181000,181000,0,0,0,54000
803450,Colorado,3,2,Douglas County School District No. Re 1,67305,723378000,99792000,75939000,11980000,2907000,8544000,42416000
803480,Colorado,3,2,Durango School District No. 9-R,5543,62271000,6498000,5526000,827000,145000,0,3091000
803510,Colorado,3,3,Kiowa County School District No. Re-1,203,2470000,117000,117000,0,0,0,59000
803540,Colorado,3,2,Eagle County School District No. Re 50,6812,89202000,9175000,7144000,962000,881000,99000,5164000
803600,Colorado,3,3,Weld County School District No. Re-2,1968,18913000,1056000,1056000,0,0,0,793000
803630,Colorado,3,3,Edison Joint District No. 54 of the counties of El Paso and,243,2354000,100000,89000,0,0,11000,103000
803690,Colorado,3,3,Elbert School District No. 200,254,3086000,193000,193000,0,0,0,99000
803720,Colorado,3,2,ELIZABETH SCHOOL DISTRICT,2373,25365000,3038000,2404000,462000,114000,0,1702000
803750,Colorado,3,3,Ellicott School District No. 22 in the county of El Paso a,1142,9946000,729000,657000,0,0,72000,420000
803780,Colorado,3,3,Englewood School District No. 1 in the county of Arapahoe,2634,38921000,4846000,4096000,584000,90000,65000,2730000
803810,Colorado,3,3,Estes Park School District R-3,1151,14632000,1182000,977000,76000,129000,0,668000
803840,Colorado,3,2,Park County School District No. Re-2,687,9259000,666000,666000,0,0,0,545000
803870,Colorado,3,2,El Paso County Colorado School District 49,23890,211746000,23491000,17469000,3830000,646000,1071000,49110000
803930,Colorado,3,3,School District No. Re-3 Frenchman,207,2863000,130000,130000,0,0,0,73000
803960,Colorado,3,3,Fremont Re-2,1398,13961000,1339000,1338000,0,0,0,695000
803990,Colorado,3,2,Poudre School District R-1,30727,343663000,32856000,24759000,5012000,3070000,0,16374000
804020,Colorado,3,3,Weld re-8 schools,2452,30817000,2774000,2085000,462000,227000,0,1411000
804050,Colorado,3,3,School District No. Re-3 Fort Morgan,3473,38067000,3860000,3060000,605000,0,0,2482000
804080,Colorado,3,3,Fountain School District No. 8 in the county of El Paso an,8529,95374000,13427000,9562000,2803000,79000,0,7647000
804110,Colorado,3,3,Fowler School District No. R4J,359,4548000,260000,259000,0,0,0,97000
804140,Colorado,3,3,Sierra Grande School District No. R-30,269,4411000,52000,52000,0,0,0,79000
804200,Colorado,3,3,Weld County Reorganized School District No. Re-1,1953,23728000,1713000,1425000,288000,0,0,1022000
804230,Colorado,3,3,Gilpin County School District No. Re-1,498,6396000,234000,234000,0,0,0,290000
804260,Colorado,3,2,Roaring Fork School District No. Re-1,5647,70194000,5708000,4991000,589000,0,0,4013000
804290,Colorado,3,3,Granada School District No. Re-1,197,3574000,88000,88000,0,0,0,49000
804320,Colorado,3,3,East Grand School District No. 2,1354,16748000,1555000,1555000,0,0,0,981000
804350,Colorado,3,2,Mesa County Valley School District No. 51,21994,245593000,28025000,21557000,3274000,1719000,0,13455000
804380,Colorado,3,3,Grand Valley School District No. 16 in the county of Garfi,1341,15430000,1049000,1007000,42000,0,0,441000
804410,Colorado,3,2,GreeleySchool District No. 6 in the county of Weld and Sta,22544,243614000,23531000,12383000,9822000,1326000,0,9702000
804440,Colorado,3,3,School District No. Re-12 in the county of Weld and State of,82,1743000,36000,36000,0,0,0,37000
804470,Colorado,3,2,Gunnison Watershed School District Re1J,2111,24762000,1762000,1552000,143000,30000,36000,1165000
804500,Colorado,3,3,Hanover School District No. 28 in the county of El Paso an,258,3957000,106000,106000,0,0,0,57000
804530,Colorado,3,2,Harrison School District No. 2 in the county of El Paso an,11543,129163000,15451000,11631000,2656000,932000,1000,7582000
804560,Colorado,3,3,Haxtun School District No. Re-2J,345,3835000,165000,165000,0,0,0,123000
804590,Colorado,3,3,Hayden School District No. Re 1,420,5816000,353000,353000,0,0,0,206000
804620,Colorado,3,3,Hinsdale County School District No. Re-1,87,2213000,31000,11000,0,20000,0,107000
804650,Colorado,3,3,Hoehne Reorganized School District No. 3,365,3426000,130000,130000,0,0,0,222000
804680,Colorado,3,3,Holly School District No. Re-3,304,3241000,174000,174000,0,0,0,81000
804710,Colorado,3,3,Holyoke School District No. Re-1J,587,6448000,387000,387000,0,0,0,183000
804740,Colorado,3,3,Genoa-Hugo School District No. C-113,220,2521000,250000,250000,0,0,0,57000
804770,Colorado,3,3,Ignacio School District No. 11Jt,725,11149000,730000,730000,0,0,0,504000
804800,Colorado,3,2,Jefferson County School District No. R-1,84062,943442000,96249000,71582000,16111000,4978000,109000,43401000
804830,Colorado,3,2,Weld County School District No. Re-5J,3969,39127000,3748000,2818000,528000,291000,83000,2053000
804860,Colorado,3,3,Julesburg School District No. Re1,829,6706000,161000,161000,0,0,0,324000
804890,Colorado,3,3,Karval School District No. Re 23,55,947000,64000,64000,0,0,0,13000
804920,Colorado,3,2,Weld County School District RE-3J,2697,29430000,2768000,1865000,653000,249000,0,9197000
804950,Colorado,3,3,Weld County School District No. Re-7,1093,14515000,858000,858000,0,0,0,623000
805010,Colorado,3,3,School District No. C-2 in the county of Elbert and State of,252,3520000,269000,263000,0,0,5000,168000
805040,Colorado,3,3,Kit Carson School District No. R-1,109,2199000,54000,54000,0,0,0,62000
805070,Colorado,3,3,West Grand School District No. 1,434,6451000,393000,393000,0,0,0,254000
805100,Colorado,3,3,North Conejos School District No. Re1J,1067,9278000,203000,203000,0,0,0,196000
805130,Colorado,3,3,East Otero School District No. R1,1422,14262000,882000,880000,0,0,0,467000
805160,Colorado,3,3,La Veta School District Re-2,212,3379000,110000,110000,0,0,0,91000
805190,Colorado,3,3,Lake County School District No. R-1,1102,14081000,1156000,1156000,0,0,0,889000
805220,Colorado,3,2,Lamar School District No. Re-2,1588,14385000,1200000,1182000,0,0,15000,854000
805250,Colorado,3,3,Las Animas School District No. Re-1,2406,21137000,1039000,1002000,0,22000,0,525000
805280,Colorado,3,3,Limon School District No. Re 4J,450,5258000,497000,497000,0,0,0,195000
805310,Colorado,3,2,Littleton School District No. 6 in the county of Arapahoe,14988,185559000,25840000,20303000,4106000,1416000,0,10402000
805340,Colorado,3,3,Lone Star School District No. 101,130,1788000,75000,75000,0,0,0,64000
805370,Colorado,3,2,St. Vrain Valley School District No. Re1J,32855,362262000,35004000,27009000,5888000,1894000,0,16948000
805400,Colorado,3,2,Thompson School District R-2J,16163,195522000,22673000,15593000,4353000,866000,1741000,11285000
805460,Colorado,3,3,Mancos School District Re-6,507,5424000,203000,203000,0,0,0,179000
805490,Colorado,3,3,Manitou Springs School District No. 14 in the county of El,1441,17601000,1509000,1394000,115000,0,0,1053000
805520,Colorado,3,3,Manzanola Joint District No. 3J of the counties of Otero a,169,2327000,128000,128000,0,0,0,31000
805550,Colorado,3,3,Mapleton School District No. 1 in the county of Adams & St,9131,104741000,8268000,6185000,1516000,566000,0,8144000
805580,Colorado,3,3,McClave School District No. Re-2,229,3501000,97000,97000,0,0,0,49000
805640,Colorado,3,3,School District No. Re-4 Buffalo,302,4034000,273000,273000,0,0,0,46000
805670,Colorado,3,3,Miami-Yoder Joint District No. 60 of the counties of El Pas,288,4133000,319000,288000,0,0,31000,119000
805700,Colorado,3,2,Moffat School District No. 2 in the county of Saguache and,227,4359000,80000,80000,0,0,0,94000
805730,Colorado,3,3,Moffat County School District RE: No. 1,2202,23136000,1907000,1298000,212000,176000,1000,572000
805760,Colorado,3,3,Monte Vista School District No. C-8,1168,11367000,567000,567000,0,0,0,567000
805790,Colorado,3,2,Montrose County School District Re-1J,6215,63131000,7801000,6327000,899000,564000,0,4099000
805820,Colorado,3,2,Lewis-Palmer Consolidated School District No. 38 in the co,6756,65563000,7195000,4889000,1479000,400000,395000,3209000
805850,Colorado,3,2,West End School District No. Re-2,272,4248000,214000,195000,0,19000,0,162000
805880,Colorado,3,3,Norwood School District No. R-2J,199,3579000,228000,207000,0,21000,0,151000
805910,Colorado,3,3,South Routt School District No. Re 3,325,5857000,208000,205000,0,0,3000,299000
805940,Colorado,3,3,Otis School District No. R-3,216,3042000,149000,149000,0,0,0,132000
805970,Colorado,3,3,Ouray School District No. R-1 of  the county of Ouray and,170,3272000,348000,348000,0,0,0,127000
806000,Colorado,3,3,Revere School District,139,2468000,147000,147000,0,0,0,32000
806030,Colorado,3,3,School District No. Re-5 Plateau,165,2805000,63000,63000,0,0,0,97000
806060,Colorado,3,3,Peyton School District No. 23 in the county of El Paso and,626,6837000,290000,290000,0,0,0,127000
806090,Colorado,3,3,Pritchett School District No. Re-3,60,1181000,17000,17000,0,0,0,32000
806120,Colorado,3,2,Pueblo School District No. 60 in the county of Pueblo and,16024,164180000,20278000,16009000,2496000,444000,1246000,10429000
806150,Colorado,3,2,Pueblo County School District 70,10555,94223000,10324000,8506000,1128000,591000,87000,6262000
806210,Colorado,3,3,Ridgway School District No. R-2  of  the county of Ouray a,354,5453000,449000,435000,0,0,0,10000
806240,Colorado,3,3,Garfield School District No. Re-2,4802,51040000,5272000,4702000,391000,43000,0,2338000
806270,Colorado,3,3,Rocky Ford School District No. R2,743,9205000,719000,719000,0,0,0,246000
806300,Colorado,3,3,Mountain Valley School District No. Re 1,170,3007000,97000,97000,0,0,0,104000
806330,Colorado,3,3,Salida School District No. R-32,1331,16555000,1361000,1255000,57000,49000,0,859000
806360,Colorado,3,3,Centennial School District No. R-1,219,3214000,74000,74000,0,0,0,58000
806390,Colorado,3,3,Sanford School District No. 6 in the county of Conejos and,353,4012000,80000,80000,0,0,0,80000
806420,Colorado,3,3,Sangre de Cristo School District No. Re-22J,285,4029000,109000,109000,0,0,0,110000
806450,Colorado,3,3,Sargent School District No. Re-33J,354,4432000,159000,63000,0,0,0,206000
806480,Colorado,3,2,School District No. 3 in the county of El Paso and State of,9669,96561000,11469000,7016000,3770000,637000,26000,5681000
806510,Colorado,3,3,Hi-Plains R-23,130,1984000,99000,99000,0,0,0,43000
806540,Colorado,3,3,Sheridan School District No. 2,1359,23142000,1754000,1572000,2000,180000,0,976000
806570,Colorado,3,3,Silverton School District No. 1 in the county of San Juan,81,2010000,30000,30000,0,0,0,34000
806600,Colorado,3,3,Big Sandy School District No. 100J,335,4210000,76000,76000,0,0,0,289000
806630,Colorado,3,3,Springfield School District No. Re-4,309,3597000,153000,153000,0,0,0,182000
806660,Colorado,3,2,Steamboat Springs School District No. Re 2,2653,35045000,3126000,3126000,0,0,0,2873000
806690,Colorado,3,3,School District No. Re-1 Valley,2258,22526000,3235000,2496000,575000,142000,14000,2086000
806720,Colorado,3,3,School District No. Re-11 in the county of Weld and State of,222,2792000,114000,114000,0,0,0,78000
806750,Colorado,3,3,Strasburg School District 31J,1080,9572000,516000,514000,0,0,2000,272000
806780,Colorado,3,3,School District No. R-4 in the county of Kit Carson and Stat,239,3064000,212000,212000,0,0,0,78000
806810,Colorado,3,3,Summit School District No. Re 1,3582,50258000,3364000,2982000,234000,148000,0,3549000
806840,Colorado,3,3,Swink School District No. 33 in the county of Otero and St,321,3761000,172000,172000,0,0,0,63000
806870,Colorado,3,3,Telluride School District No. R-1,885,14553000,1014000,1013000,0,1000,0,733000
806900,Colorado,3,2,Adams 12 Five Star Schools,38648,443823000,39550000,37239000,2177000,135000,0,31652000
806930,Colorado,3,3,Kiowa County School District No. Re-2,57,1122000,38000,38000,0,0,0,36000
806960,Colorado,3,3,Trinidad School District 1 in the county of Las Animas and,881,9965000,724000,626000,0,0,0,641000
806990,Colorado,3,3,Vilas School District Re-5,103,1335000,18000,18000,0,0,0,35000
807050,Colorado,3,3,North Park School District R-1,179,2760000,145000,145000,0,0,0,171000
807080,Colorado,3,3,Huerfano School District Re-1,541,7042000,520000,516000,0,4000,0,377000
807110,Colorado,3,3,Walsh School District No. Re-1,154,2711000,75000,75000,0,0,0,92000
807140,Colorado,3,3,School District No. Re-20 Weldon Valley,214,2841000,92000,92000,0,0,0,116000
807200,Colorado,3,3,Custer County School District Consolidate 1,395,4404000,256000,256000,0,0,0,184000
807230,Colorado,3,3,Westminster Public Schools,9089,127000000,15001000,10856000,2020000,970000,1070000,6327000
807260,Colorado,3,3,Primero Reorganized School District No. 2,200,3976000,119000,119000,0,0,0,195000
807290,Colorado,3,3,School District No. Re-50 Wiggins,715,6787000,240000,240000,0,0,0,157000
807320,Colorado,3,3,Wiley School District No. Re-13 Jt,238,2944000,183000,183000,0,0,0,150000
807350,Colorado,3,2,Weld County Reorganized School District No. Re-4,7313,70666000,6908000,4669000,1749000,489000,0,3684000
807380,Colorado,3,3,Woodland Park School District No. Re-2,2284,25022000,2270000,2207000,63000,0,0,1706000
807410,Colorado,3,3,Woodlin School District No. R-104,85,1950000,49000,49000,0,0,0,61000
900005,Connecticut,2,3,Regional School District 19,1062,23690000,4319000,3400000,239000,0,311000,1327000
900030,Connecticut,1,3,Andover School District,195,5001000,540000,509000,22000,0,8000,213000
900060,Connecticut,3,3,Ansonia School District,2128,39542000,8156000,5473000,1087000,0,1273000,2172000
900090,Connecticut,1,3,Ashford School District,390,9098000,1801000,1144000,439000,4000,75000,370000
900120,Connecticut,3,3,Avon School District,3106,65882000,12085000,9089000,2266000,9000,721000,2892000
900150,Connecticut,1,3,Barkhamsted School District,197,4597000,936000,836000,66000,1000,32000,99000
900210,Connecticut,3,3,Berlin School District,2731,56656000,11662000,10308000,9000,37000,1310000,4239000
900240,Connecticut,1,3,Bethany School District,369,7854000,1846000,1517000,12000,0,165000,654000
900270,Connecticut,3,3,Bethel School District,3121,58245000,11189000,8158000,2151000,0,841000,3073000
900330,Connecticut,3,3,Bloomfield School District,2181,57379000,8296000,6368000,1157000,0,771000,2067000
900360,Connecticut,3,3,Bolton School District,773,17002000,2599000,1919000,387000,1000,83000,749000
900390,Connecticut,1,3,Bozrah School District,185,5046000,1386000,995000,308000,0,83000,332000
900420,Connecticut,3,3,Branford School District,2699,65044000,10817000,7791000,1909000,5000,559000,2751000
900450,Connecticut,3,3,Bridgeport School District,20007,336197000,77075000,53092000,8656000,473000,13774000,17551000
900510,Connecticut,3,3,Bristol School District,7633,138616000,37615000,29428000,3596000,67000,4228000,7624000
900540,Connecticut,3,3,Brookfield School District,2609,50441000,11020000,8195000,2100000,4000,720000,2410000
900570,Connecticut,1,3,Brooklyn School District,903,15491000,4563000,3613000,429000,67000,282000,890000
900630,Connecticut,1,3,Canaan School District,67,2659000,295000,193000,26000,0,11000,143000
900660,Connecticut,1,3,Canterbury School District,469,9702000,2164000,1851000,204000,0,109000,372000
900690,Connecticut,3,3,Canton School District,1558,31323000,6050000,3570000,805000,130000,508000,1481000
900720,Connecticut,1,3,Chaplin School District,139,4382000,832000,719000,62000,44000,7000,298000
900750,Connecticut,3,3,Cheshire School District,4128,83941000,18407000,13315000,3436000,10000,1457000,5388000
900780,Connecticut,1,3,Chester School District,186,5662000,712000,690000,0,0,23000,203000
900810,Connecticut,3,3,Clinton School District,1679,36503000,7217000,4736000,1539000,247000,574000,2365000
900840,Connecticut,3,3,Colchester School District,2300,46757000,8931000,5775000,1814000,0,940000,2368000
900870,Connecticut,1,3,Colebrook School District,74,2313000,399000,349000,28000,0,22000,58000
900900,Connecticut,1,3,Columbia School District,408,10026000,2263000,174000,1935000,0,154000,0
900930,Connecticut,1,3,Cornwall School District,87,3422000,392000,358000,2000,19000,14000,179000
900960,Connecticut,3,3,Coventry School District,1558,32315000,6018000,4078000,754000,0,500000,1949000
900990,Connecticut,3,3,Cromwell School District,1968,34900000,6427000,4849000,870000,0,480000,1863000
901020,Connecticut,3,3,Danbury School District,11807,181687000,32583000,20693000,3346000,6000,2965000,10870000
901050,Connecticut,3,3,Darien School District,4737,111729000,30610000,22266000,4976000,745000,1258000,6217000
901080,Connecticut,1,3,Deep River School District,235,6277000,712000,705000,0,0,0,261000
901110,Connecticut,3,3,Derby School District,1261,26654000,5244000,3878000,926000,14000,426000,818000
901170,Connecticut,3,3,East Granby School District,831,19379000,3452000,2353000,364000,325000,410000,995000
901200,Connecticut,3,3,East Haddam School District,996,23898000,4398000,3061000,699000,27000,305000,1209000
901230,Connecticut,3,3,East Hampton School District,1829,36832000,8598000,6381000,1489000,0,462000,2191000
901260,Connecticut,3,3,East Hartford School District,6139,134799000,25732000,20465000,3136000,20000,2104000,8702000
901290,Connecticut,3,3,East Haven School District,2871,55305000,12587000,10369000,883000,0,1334000,2563000
901320,Connecticut,3,3,East Lyme School District,2611,56184000,12052000,9502000,1252000,126000,551000,4033000
901350,Connecticut,3,3,East Windsor School District,1059,27365000,7444000,5418000,1160000,0,631000,1773000
901380,Connecticut,1,3,Eastford School District,150,3582000,824000,628000,112000,8000,75000,188000
901410,Connecticut,1,3,Easton School District,881,18990000,4315000,4109000,41000,0,165000,1742000
901440,Connecticut,3,3,Ellington School District,2670,46997000,8173000,5965000,1740000,0,408000,3029000
901470,Connecticut,3,3,Enfield School District,4687,94285000,19300000,16701000,208000,0,2000000,7242000
901500,Connecticut,1,3,Essex School District,330,8384000,1298000,1249000,0,0,50000,276000
901530,Connecticut,3,3,Fairfield School District,9407,211595000,53176000,40195000,7945000,2000,3489000,12705000
901560,Connecticut,3,3,Farmington School District,4027,83424000,12952000,9133000,2900000,3000,915000,2901000
901590,Connecticut,1,3,Franklin School District,158,3972000,486000,355000,3000,19000,67000,264000
901620,Connecticut,3,3,Glastonbury School District,5702,123568000,18156000,14692000,2295000,3000,816000,6959000
901680,Connecticut,3,3,Granby School District,1790,34739000,6304000,4309000,1375000,9000,578000,1633000
901710,Connecticut,3,3,Greenwich School District,8967,235222000,42487000,33164000,4878000,330000,2260000,15646000
901740,Connecticut,3,3,Griswold School District,1765,32913000,6346000,5320000,3000,0,711000,2221000
901770,Connecticut,3,3,Groton School District,4227,89234000,19839000,11575000,6125000,0,2139000,5792000
901800,Connecticut,3,3,Guilford School District,3236,68367000,15392000,12307000,1581000,0,1503000,3790000
901860,Connecticut,3,3,Hamden School District,5079,131821000,36142000,28264000,4203000,0,3672000,6611000
901890,Connecticut,1,3,Hampton School District,90,2595000,493000,430000,59000,0,5000,113000
901920,Connecticut,3,3,Hartford School District,17358,376016000,99230000,72542000,13643000,0,13045000,17260000
901950,Connecticut,1,3,Hartland School District,157,4338000,584000,105000,455000,0,24000,0
902010,Connecticut,1,3,Hebron School District,658,13700000,2483000,1908000,506000,0,69000,513000
902040,Connecticut,1,3,Kent School District,205,6452000,974000,914000,22000,1000,36000,460000
902070,Connecticut,3,3,Killingly School District,2346,47284000,10725000,7296000,2145000,5000,841000,1898000
902130,Connecticut,3,3,Lebanon School District,975,21273000,4592000,2743000,687000,4000,487000,1009000
902160,Connecticut,3,3,Ledyard School District,2403,43354000,8417000,5880000,1899000,73000,565000,2367000
902190,Connecticut,1,3,Lisbon School District,419,8132000,1807000,1190000,449000,0,169000,581000
902220,Connecticut,3,3,Litchfield School District,882,21876000,3391000,2349000,919000,5000,118000,817000
902280,Connecticut,3,3,Madison School District,2567,61504000,13062000,8777000,2843000,128000,1275000,3671000
902310,Connecticut,3,3,Manchester School District,5828,145692000,29982000,20295000,5964000,11000,2461000,6426000
902340,Connecticut,1,3,Mansfield School District,1131,28397000,3749000,2432000,826000,3000,85000,1084000
902370,Connecticut,1,3,Marlborough School District,448,8991000,1567000,1082000,380000,1000,73000,355000
902400,Connecticut,3,3,Meriden School District,7629,139071000,28610000,20477000,4727000,0,2741000,6886000
902490,Connecticut,3,3,Middletown School District,4447,104189000,23851000,21087000,0,0,2764000,6854000
902520,Connecticut,3,3,Milford School District,5521,132345000,29357000,26671000,239000,0,2384000,10187000
902550,Connecticut,3,3,Monroe School District,3114,65529000,12029000,8902000,1852000,0,1071000,3716000
902580,Connecticut,3,3,Montville School District,1951,42308000,9938000,7985000,1385000,7000,562000,2593000
902640,Connecticut,3,3,Naugatuck School District,4172,82381000,17173000,9585000,2831000,26000,967000,4630000
902670,Connecticut,3,3,New Britain School District,9304,180517000,43718000,39052000,6000,0,4660000,14869000
902700,Connecticut,3,3,New Canaan School District,4202,104259000,17553000,12137000,3463000,21000,1777000,5045000
902730,Connecticut,3,3,New Fairfield School District,2171,46896000,8841000,5442000,2495000,78000,785000,2346000
902760,Connecticut,1,3,New Hartford School District,434,9408000,2040000,1949000,0,0,91000,815000
902790,Connecticut,3,3,New Haven School District,19803,387306000,60705000,40190000,10368000,18000,7512000,17654000
902820,Connecticut,3,3,New London School District,3384,67613000,13847000,9391000,2654000,6000,1226000,2452000
902850,Connecticut,3,3,New Milford School District,3921,73091000,14636000,11315000,2796000,0,525000,4593000
902880,Connecticut,3,3,Newington School District,3993,82749000,14831000,12258000,1609000,0,964000,3290000
902910,Connecticut,3,3,Newtown School District,4071,89160000,17172000,10384000,5252000,42000,1494000,3697000
902940,Connecticut,1,3,Norfolk School District,73,2780000,556000,504000,0,0,52000,70000
902970,Connecticut,3,3,North Branford School District,1686,37071000,6020000,3895000,1466000,4000,610000,1772000
903000,Connecticut,1,3,North Canaan School District,253,6688000,1124000,976000,33000,72000,43000,547000
903030,Connecticut,3,3,North Haven School District,3147,62145000,12067000,8213000,2723000,30000,1101000,2576000
903060,Connecticut,3,3,North Stonington School District,741,15653000,2437000,1803000,494000,0,138000,759000
903090,Connecticut,3,3,Norwalk School District,11610,257505000,49219000,38933000,5424000,56000,4084000,11783000
903120,Connecticut,1,3,Norwich School District,3357,73594000,23113000,15477000,3671000,0,3965000,3318000
903180,Connecticut,3,3,Old Saybrook School District,1191,28989000,5238000,4181000,733000,16000,308000,1918000
903210,Connecticut,1,3,Orange School District,1234,25171000,4178000,1914000,1857000,0,352000,1256000
903240,Connecticut,3,3,Oxford School District,1699,34269000,7988000,4579000,2354000,85000,660000,1515000
903270,Connecticut,3,3,Plainfield School District,2144,39713000,8759000,6767000,311000,10000,1136000,1906000
903300,Connecticut,3,3,Plainville School District,2340,46870000,8269000,7229000,391000,0,648000,2806000
903330,Connecticut,3,3,Plymouth School District,1358,28287000,6475000,2714000,3122000,0,397000,564000
903360,Connecticut,1,3,Pomfret School District,382,7485000,1645000,978000,475000,65000,120000,405000
903390,Connecticut,3,3,Portland School District,1296,25374000,4699000,3741000,682000,0,277000,869000
903420,Connecticut,1,3,Preston School District,433,10511000,2969000,2482000,367000,75000,46000,464000
903480,Connecticut,3,3,Putnam School District,1154,22791000,5074000,4026000,740000,0,77000,1143000
903510,Connecticut,1,3,Redding School District,832,24701000,6461000,6030000,19000,0,412000,2802000
903515,Connecticut,3,3,Regional School District 06,909,21091000,3921000,2870000,597000,12000,105000,1118000
903520,Connecticut,3,3,Regional School District 10,2225,42541000,8646000,6696000,1325000,7000,586000,2784000
903530,Connecticut,3,3,Regional School District 12,701,22508000,4240000,2982000,1091000,0,167000,1283000
903535,Connecticut,3,3,Regional School District 13,1494,38760000,7393000,4860000,1800000,24000,428000,1878000
903536,Connecticut,3,3,Regional School District 14,1583,37710000,7208000,4567000,2041000,14000,570000,1450000
903537,Connecticut,3,3,Regional School District 15,3642,78470000,19599000,12224000,4631000,31000,1951000,3931000
903538,Connecticut,3,3,Regional School District 16,2068,41375000,8054000,5204000,1529000,0,900000,1380000
903539,Connecticut,3,3,Regional School District 17,1940,42723000,9340000,6652000,1090000,11000,899000,2165000
903540,Connecticut,3,3,Regional School District 18,1287,33876000,6911000,5070000,1149000,3000,164000,1886000
903570,Connecticut,2,3,Regional School District 11,203,5962000,937000,853000,14000,0,69000,274000
903600,Connecticut,2,3,Regional School District 01,356,11169000,2233000,2041000,127000,2000,63000,804000
903630,Connecticut,2,3,Regional School District 04,840,20410000,3777000,3451000,0,0,327000,1084000
903660,Connecticut,2,3,Regional School District 05,2160,46486000,7945000,4763000,2014000,0,1071000,1885000
903720,Connecticut,2,3,Regional School District 07,945,22681000,4542000,3730000,356000,1000,447000,1033000
903750,Connecticut,2,3,Regional School District 08,1391,29232000,6454000,4230000,980000,4000,798000,1453000
903780,Connecticut,2,3,Regional School District 09,855,22723000,4619000,3784000,218000,0,618000,1197000
903810,Connecticut,3,3,Ridgefield School District,4630,111490000,18567000,16523000,716000,34000,1293000,6444000
903840,Connecticut,3,3,Rocky Hill School District,2693,52895000,8709000,6165000,1722000,0,822000,2957000
903900,Connecticut,1,3,Salem School District,415,8622000,2084000,978000,887000,3000,211000,475000
903930,Connecticut,1,3,Salisbury School District,284,8246000,1381000,1210000,114000,2000,56000,620000
903960,Connecticut,1,3,Scotland School District,106,2839000,506000,337000,166000,0,0,129000
903990,Connecticut,3,3,Seymour School District,2160,38721000,7706000,5781000,1092000,0,584000,2076000
904020,Connecticut,1,3,Sharon School District,103,5577000,547000,477000,13000,37000,20000,248000
904050,Connecticut,3,3,Shelton School District,4578,85712000,16925000,10634000,4930000,15000,1121000,5883000
904080,Connecticut,1,3,Sherman School District,274,8321000,1388000,1210000,0,0,38000,398000
904110,Connecticut,3,3,Simsbury School District,4031,84534000,17445000,12726000,3009000,179000,1122000,4386000
904140,Connecticut,3,3,Somers School District,1349,27097000,4623000,3610000,550000,0,462000,1428000
904170,Connecticut,3,3,South Windsor School District,4420,86871000,16819000,10757000,3610000,10000,1495000,3763000
904230,Connecticut,3,3,Southington School District,6145,113296000,27689000,19448000,5054000,65000,1846000,6535000
904260,Connecticut,1,3,Sprague School District,272,5018000,1347000,1233000,0,0,115000,286000
904290,Connecticut,3,3,Stafford School District,1448,32697000,6361000,4310000,1290000,31000,603000,1425000
904320,Connecticut,3,3,Stamford School District,16113,345357000,73725000,55425000,12239000,1015000,5045000,16359000
904350,Connecticut,1,3,Sterling School District,360,6529000,1870000,1733000,28000,0,109000,600000
904380,Connecticut,3,3,Stonington School District,1948,42434000,10422000,8237000,1552000,16000,616000,3161000
904440,Connecticut,3,3,Stratford School District,6632,133608000,30343000,20279000,6877000,8000,2142000,0
904470,Connecticut,3,3,Suffield School District,2109,41119000,7954000,5870000,1594000,0,489000,1976000
904500,Connecticut,3,3,Thomaston School District,831,17123000,3404000,2527000,484000,19000,235000,615000
904530,Connecticut,3,3,Thompson School District,974,21663000,5072000,3463000,982000,50000,569000,840000
904560,Connecticut,3,3,Tolland School District,2323,46063000,10539000,7681000,1969000,0,889000,2527000
904590,Connecticut,3,3,Torrington School District,3723,79790000,21574000,14370000,2616000,245000,1648000,3273000
904620,Connecticut,3,3,Trumbull School District,6514,132252000,25273000,12853000,9000000,1353000,2062000,6642000
904680,Connecticut,3,3,Vernon School District,3096,63826000,11635000,4895000,4623000,143000,1425000,2930000
904710,Connecticut,1,3,Voluntown School District,261,6254000,1261000,803000,362000,0,96000,244000
904740,Connecticut,3,3,Wallingford School District,5526,121290000,25500000,17250000,5027000,1000,2287000,6511000
904830,Connecticut,3,3,Waterbury School District,17157,326840000,65126000,49220000,4297000,5501000,6109000,13493000
904860,Connecticut,3,3,Waterford School District,2385,55800000,13006000,8580000,1955000,1699000,770000,3678000
904890,Connecticut,3,3,Watertown School District,2701,52538000,13713000,12025000,297000,0,987000,3673000
904920,Connecticut,3,3,West Hartford School District,9282,196762000,43421000,29132000,8447000,303000,3873000,9374000
904950,Connecticut,3,3,West Haven School District,5684,110322000,27403000,23642000,1566000,0,1808000,7083000
904980,Connecticut,3,3,Westbrook School District,664,20127000,4413000,4189000,0,0,224000,1832000
905010,Connecticut,3,3,Weston School District,2281,58105000,11961000,7902000,2986000,368000,704000,2738000
905040,Connecticut,3,3,Westport School District,5226,136347000,23642000,17677000,4393000,3000,1526000,7265000
905070,Connecticut,3,3,Wethersfield School District,3550,70308000,13400000,11242000,162000,0,1992000,3016000
905100,Connecticut,1,3,Willington School District,438,10001000,2473000,1825000,423000,0,207000,483000
905130,Connecticut,3,3,Wilton School District,3826,93204000,22310000,15889000,4347000,150000,876000,4619000
905160,Connecticut,1,3,Winchester School District,557,14854000,5049000,3827000,421000,6000,763000,953000
905190,Connecticut,3,3,Windham School District,3045,68621000,11681000,9359000,1526000,0,795000,3043000
905220,Connecticut,3,3,Windsor School District,3269,77935000,19473000,12496000,4556000,28000,2333000,4442000
905250,Connecticut,3,3,Windsor Locks School District,1528,39968000,7858000,6051000,1096000,26000,404000,2547000
905280,Connecticut,3,3,Wolcott School District,2174,40790000,6829000,4836000,520000,840000,359000,2006000
905310,Connecticut,1,3,Woodbridge School District,838,17203000,3474000,2880000,60000,0,257000,1190000
905370,Connecticut,1,3,Woodstock School District,816,14167000,3137000,2294000,518000,65000,189000,694000
1100030,District of Columbia,3,3,District of Columbia Public Schools,50488,1164989000,162799000,112043000,45864000,4892000,0,74268000
1300001,Georgia,3,3,Troup County,12127,138855000,11031000,10285000,283000,125000,249000,5056000
1300060,Georgia,3,3,Appling County,3567,41600000,5886000,5479000,230000,158000,2000,2615000
1300090,Georgia,3,3,Atkinson County,1707,19700000,2124000,1909000,39000,149000,20000,1027000
1300120,Georgia,3,2,Atlanta Public Schools,52416,906225000,79437000,77581000,694000,0,1068000,45274000
1300150,Georgia,3,3,Bacon County,2110,24816000,3477000,3297000,9000,87000,81000,1822000
1300180,Georgia,3,3,Baker County,268,5107000,714000,605000,10000,95000,0,349000
1300210,Georgia,3,3,Baldwin County,5027,60711000,7142000,6765000,230000,12000,22000,3837000
1300240,Georgia,3,3,Banks County,2750,33256000,5279000,4992000,10000,106000,101000,2555000
1300290,Georgia,3,3,Barrow County,14272,154511000,17833000,16309000,1220000,233000,0,8478000
1300330,Georgia,3,3,Bartow County,13421,151190000,21442000,20115000,1052000,12000,181000,10422000
1300360,Georgia,3,3,Ben Hill County,3065,36781000,4730000,4683000,16000,18000,0,2296000
1300390,Georgia,3,2,Berrien County,3180,32358000,3103000,3072000,8000,0,2000,1724000
1300420,Georgia,3,2,Bibb County,21812,273774000,27733000,26500000,577000,359000,0,14269000
1300440,Georgia,3,3,Bleckley County,2550,28627000,3602000,3273000,47000,12000,97000,1976000
1300480,Georgia,3,3,Brantley County,3455,38570000,3893000,3709000,22000,66000,92000,2188000
1300510,Georgia,3,3,Bremen City,2307,24588000,2378000,2295000,2000,0,0,1269000
1300540,Georgia,3,3,Brooks County,2184,28577000,2261000,1727000,86000,104000,81000,983000
1300570,Georgia,3,3,Bryan County,9750,95010000,11272000,10857000,267000,24000,1000,5685000
1300600,Georgia,3,3,Buford City,5177,61858000,4227000,4160000,67000,0,1000,2660000
1300630,Georgia,3,3,Bulloch County,10902,120080000,14476000,11994000,2330000,11000,94000,6996000
1300660,Georgia,3,3,Burke County,4255,64733000,5128000,4799000,107000,23000,32000,3153000
1300690,Georgia,3,3,Butts County,3516,38446000,3161000,2926000,206000,0,13000,1673000
1300720,Georgia,3,3,Calhoun City,4212,39937000,4117000,3952000,65000,69000,20000,1882000
1300750,Georgia,3,3,Calhoun County,535,7598000,795000,616000,2000,131000,42000,268000
1300780,Georgia,3,3,Camden County,9277,95846000,10739000,10039000,504000,74000,110000,6034000
1300810,Georgia,3,3,Candler County,2227,22841000,2554000,2369000,12000,1000,49000,1380000
1300840,Georgia,3,3,Carroll County,15005,160270000,20831000,17676000,844000,959000,1002000,9339000
1300870,Georgia,3,3,Carrollton City,5441,55653000,5596000,5132000,167000,223000,74000,2846000
1300900,Georgia,3,3,Cartersville City,4671,48094000,5106000,4642000,313000,112000,0,2828000
1300930,Georgia,3,3,Catoosa County,10770,124854000,19742000,19317000,319000,39000,64000,10119000
1300990,Georgia,3,3,Charlton County,1689,19169000,1852000,1656000,66000,2000,23000,871000
1301020,Georgia,3,2,Savannah-Chatham County,37456,455591000,57645000,52371000,4831000,104000,0,26806000
1301050,Georgia,3,3,Chattahoochee County,930,10552000,1154000,975000,3000,162000,10000,558000
1301080,Georgia,3,3,Chattooga County,2696,31590000,4818000,4423000,176000,2000,214000,2355000
1301110,Georgia,3,3,Cherokee County,42766,465238000,67839000,56578000,9266000,1505000,345000,32422000
1301140,Georgia,3,3,Chickamauga City,1283,13164000,987000,903000,79000,1000,0,365000
1301170,Georgia,3,3,Clarke County,13298,190988000,26199000,24687000,1219000,225000,3000,12295000
1301200,Georgia,1,3,Clay County,223,4629000,246000,213000,0,5000,0,97000
1301230,Georgia,3,2,Clayton County,54424,572611000,60743000,58593000,1618000,532000,0,30123000
1301260,Georgia,3,3,Clinch County,1336,16106000,1651000,1584000,15000,4000,40000,758000
1301290,Georgia,3,2,Cobb County,112097,1288397000,178653000,167210000,1591000,6576000,1808000,100383000
1301350,Georgia,3,3,Coffee County,7769,86320000,8492000,7760000,378000,36000,254000,4282000
1301380,Georgia,3,3,Colquitt County,9447,105945000,13282000,12402000,606000,23000,235000,6240000
1301410,Georgia,3,3,Columbia County,28248,283294000,28628000,23589000,943000,2779000,1258000,13952000
1301440,Georgia,3,3,Commerce City,1699,18899000,1830000,1671000,132000,2000,17000,798000
1301470,Georgia,3,3,Cook County,3170,33562000,3088000,3018000,41000,1000,17000,1901000
1301500,Georgia,3,3,Coweta County,22855,247323000,28343000,24384000,2392000,473000,826000,13965000
1301530,Georgia,3,3,Crawford County,1693,18901000,2482000,2209000,183000,2000,43000,1115000
1301560,Georgia,3,3,Crisp County,3922,46559000,4920000,4742000,110000,16000,50000,2995000
1301590,Georgia,3,3,Dade County,2199,23579000,3300000,3029000,82000,134000,52000,1282000
1301620,Georgia,3,3,Dalton Public Schools,7883,91559000,9989000,9767000,136000,83000,3000,4767000
1301650,Georgia,3,3,Dawson County,3640,51039000,6608000,6427000,128000,32000,2000,3312000
1301680,Georgia,3,3,City Schools of Decatur,5874,80730000,8300000,8140000,141000,19000,0,4541000
1301710,Georgia,3,3,Decatur County,4732,53062000,4882000,4629000,4000,114000,112000,2211000
1301740,Georgia,3,2,DeKalb County,98800,1293075000,180214000,179107000,627000,63000,0,94440000
1301770,Georgia,3,3,Dodge County,3060,34276000,4811000,4707000,88000,14000,1000,2541000
1301800,Georgia,3,3,Dooly County,1225,15739000,936000,776000,57000,1000,27000,453000
1301830,Georgia,3,3,Dougherty County,13882,180564000,14327000,12787000,587000,745000,203000,7294000
1301860,Georgia,3,2,Douglas County,26663,285533000,37032000,36478000,179000,247000,0,19993000
1301870,Georgia,3,3,Dublin City,2296,27998000,2670000,2416000,249000,3000,0,1109000
1301890,Georgia,3,3,Laurens County,6598,73268000,8159000,8102000,44000,11000,0,4572000
1301920,Georgia,3,3,Early County,1945,25264000,2660000,2477000,137000,0,0,1494000
1301950,Georgia,3,3,Echols County,861,9726000,858000,767000,44000,8000,5000,403000
1301980,Georgia,3,3,Effingham County,12966,134357000,16340000,16339000,1000,0,0,9320000
1302010,Georgia,3,3,Elbert County,3068,36287000,3840000,3776000,59000,2000,0,2020000
1302040,Georgia,3,3,Emanuel County,4181,48310000,5353000,4798000,108000,163000,205000,2955000
1302070,Georgia,3,3,Evans County,1933,22152000,1895000,1400000,191000,111000,50000,656000
1302100,Georgia,3,3,Fannin County,2919,40001000,5844000,5002000,412000,256000,173000,2418000
1302130,Georgia,3,3,Fayette County,20538,238992000,29786000,27556000,1457000,645000,10000,15895000
1302190,Georgia,3,3,Floyd County,9539,113847000,15324000,14823000,20000,375000,33000,8221000
1302220,Georgia,3,3,Forsyth County,50544,519723000,77312000,73848000,3341000,83000,40000,39530000
1302250,Georgia,3,3,Franklin County,3604,43846000,5498000,4954000,141000,77000,188000,2621000
1302280,Georgia,3,2,Fulton County,93897,1164710000,151424000,107749000,38508000,4278000,0,63941000
1302310,Georgia,3,3,Gainesville City,8079,85719000,6201000,5999000,36000,107000,33000,2707000
1302340,Georgia,3,3,Gilmer County,4189,48804000,5359000,4709000,90000,270000,284000,2282000
1302370,Georgia,3,3,Glascock County,557,7544000,723000,652000,55000,6000,8000,350000
1302400,Georgia,3,3,Glynn County,13287,152752000,22172000,19997000,182000,1076000,916000,10300000
1302430,Georgia,3,3,Gordon County,6612,73711000,8935000,8459000,360000,11000,74000,4882000
1302460,Georgia,3,2,Grady County,4676,48827000,4380000,4274000,85000,15000,4000,2470000
1302490,Georgia,3,2,Greene County,2650,37891000,4392000,4299000,0,16000,0,2602000
1302520,Georgia,3,3,Griffin-Spalding County,10207,118164000,10637000,10193000,137000,308000,0,6339000
1302550,Georgia,3,2,Gwinnett County,180589,2045461000,289902000,262118000,0,6348000,21436000,157053000
1302580,Georgia,3,3,Habersham County,7006,87230000,11575000,10113000,812000,621000,0,4704000
1302610,Georgia,3,3,Hall County,27135,301680000,38186000,31568000,3796000,2292000,382000,15157000
1302640,Georgia,3,3,Hancock County,783,15347000,1171000,1041000,58000,3000,0,609000
1302670,Georgia,3,3,Haralson County,3345,41290000,5306000,4973000,145000,12000,106000,2549000
1302700,Georgia,3,3,Harris County,5552,61873000,5775000,5366000,239000,76000,0,2505000
1302730,Georgia,3,3,Hart County,3559,40887000,4462000,4210000,113000,11000,54000,2298000
1302790,Georgia,3,3,Heard County,2111,24930000,2702000,2692000,9000,0,0,1571000
1302820,Georgia,3,3,Henry County,43009,452181000,59754000,56007000,2257000,69000,0,30391000
1302880,Georgia,3,3,Houston County,30221,335303000,42437000,37382000,4678000,86000,131000,19167000
1302910,Georgia,3,3,Irwin County,1695,20677000,2350000,2208000,14000,76000,47000,1284000
1302940,Georgia,3,3,Jackson County,8305,92659000,12582000,12205000,62000,48000,236000,6475000
1302970,Georgia,3,3,Jasper County,2412,28152000,2297000,2001000,208000,46000,41000,1063000
1303000,Georgia,3,3,Jeff Davis County,3084,31767000,3050000,2824000,21000,83000,6000,1280000
1303030,Georgia,3,3,Jefferson City,4003,38527000,4563000,4238000,217000,23000,39000,2301000
1303060,Georgia,3,3,Jefferson County,2382,29282000,3389000,3170000,70000,3000,83000,1541000
1303090,Georgia,3,3,Jenkins County,1133,14853000,1325000,1039000,94000,135000,40000,589000
1303120,Georgia,3,3,Johnson County,1096,13190000,1121000,1120000,0,0,0,529000
1303150,Georgia,3,3,Jones County,5291,57213000,6681000,5825000,577000,135000,127000,3392000
1303210,Georgia,3,3,Lamar County,2687,28870000,2945000,2852000,8000,41000,37000,1260000
1303240,Georgia,3,3,Lanier County,1710,19578000,2221000,2201000,13000,6000,0,1166000
1303270,Georgia,3,3,Lee County,6632,63810000,8026000,6563000,1152000,248000,58000,3739000
1303300,Georgia,3,3,Liberty County,10092,117432000,13567000,13006000,520000,39000,0,6552000
1303330,Georgia,3,3,Lincoln County,1117,14694000,1447000,1432000,2000,0,8000,768000
1303360,Georgia,3,3,Long County,3876,36683000,4559000,4153000,163000,176000,59000,2053000
1303390,Georgia,3,3,Lowndes County,10848,107736000,12897000,12081000,0,487000,326000,6856000
1303420,Georgia,3,3,Lumpkin County,3854,45584000,6391000,5921000,355000,113000,0,2806000
1303450,Georgia,3,3,Macon County,1190,16959000,1104000,1027000,42000,0,28000,469000
1303480,Georgia,3,3,Madison County,4996,60999000,8392000,7553000,111000,293000,396000,3880000
1303510,Georgia,3,3,Marietta City,8877,125070000,12334000,12120000,90000,5000,80000,7093000
1303540,Georgia,3,3,Marion County,1367,15337000,1264000,1072000,56000,121000,12000,550000
1303570,Georgia,3,3,McDuffie County,3635,40531000,4982000,4835000,14000,5000,9000,2799000
1303600,Georgia,3,3,McIntosh County,1328,16945000,1828000,1507000,129000,129000,13000,902000
1303630,Georgia,3,3,Meriwether County,2480,31388000,3844000,3564000,165000,63000,1000,2086000
1303660,Georgia,3,3,Miller County,868,11546000,990000,865000,80000,3000,0,480000
1303690,Georgia,3,2,Mitchell County,1332,22639000,1839000,1520000,159000,124000,33000,877000
1303720,Georgia,3,3,Monroe County,4152,51497000,5751000,5743000,0,7000,0,3050000
1303750,Georgia,3,3,Montgomery County,882,11581000,1039000,978000,0,22000,0,400000
1303780,Georgia,3,3,Morgan County,3196,39767000,5016000,4804000,119000,10000,60000,2290000
1303840,Georgia,3,3,Murray County,7216,72414000,8992000,8580000,134000,12000,201000,4679000
1303870,Georgia,3,2,Muscogee County,31733,361882000,53812000,52414000,102000,109000,828000,23959000
1303930,Georgia,3,3,Newton County,19579,222513000,31643000,28879000,1547000,1201000,17000,13280000
1303960,Georgia,3,3,Oconee County,8140,88440000,8605000,8239000,225000,74000,67000,5070000
1303990,Georgia,3,3,Oglethorpe County,2131,25482000,3387000,3175000,54000,10000,133000,1469000
1304020,Georgia,3,3,Paulding County,30496,317976000,38445000,36980000,605000,18000,766000,20246000
1304050,Georgia,3,3,Peach County,3693,39196000,4325000,3845000,202000,216000,0,2066000
1304080,Georgia,3,3,Pelham City,1429,17045000,2217000,2137000,23000,41000,0,1358000
1304110,Georgia,3,3,Pickens County,4333,54489000,7511000,7235000,168000,86000,12000,4018000
1304140,Georgia,3,3,Pierce County,3610,41815000,4165000,3504000,264000,148000,178000,2007000
1304170,Georgia,3,3,Pike County,3370,31842000,3314000,3255000,28000,2000,22000,1754000
1304200,Georgia,3,3,Polk County,8054,82185000,9693000,9207000,401000,26000,56000,5375000
1304220,Georgia,3,3,Pulaski County,1348,15129000,1580000,1513000,8000,10000,24000,836000
1304260,Georgia,3,3,Putnam County,3006,40066000,5011000,4753000,177000,11000,0,2712000
1304290,Georgia,3,3,Quitman County,300,5579000,507000,469000,0,7000,8000,253000
1304320,Georgia,3,3,Rabun County,2293,32947000,3879000,3878000,0,0,0,2030000
1304350,Georgia,3,3,Randolph County,819,12584000,1250000,908000,182000,4000,38000,341000
1304380,Georgia,3,3,Richmond County,30666,338441000,28431000,25286000,47000,2827000,97000,13343000
1304410,Georgia,3,3,Rockdale County,16565,201000000,19931000,19444000,145000,224000,2000,11272000
1304440,Georgia,3,3,Rome City,6452,74365000,7955000,7566000,162000,113000,94000,3789000
1304470,Georgia,3,3,Schley County,1291,13444000,1271000,1126000,132000,0,10000,675000
1304500,Georgia,3,3,Screven County,2285,25767000,3033000,2859000,173000,0,0,1585000
1304530,Georgia,3,3,Seminole County,1350,17929000,1894000,1821000,5000,22000,13000,1015000
1304540,Georgia,3,3,Social Circle City,1798,21353000,2401000,2137000,2000,160000,75000,1186000
1304560,Georgia,3,3,Stephens County,3984,42945000,7653000,6820000,623000,14000,190000,3157000
1304590,Georgia,3,3,Stewart County,430,8379000,857000,696000,156000,3000,1000,388000
1304620,Georgia,3,2,Sumter County,4416,49589000,5505000,4848000,397000,133000,6000,2697000
1304650,Georgia,3,3,Talbot County,463,7771000,828000,761000,19000,7000,14000,353000
1304770,Georgia,3,3,Tattnall County,3783,39743000,4211000,3433000,394000,193000,188000,1584000
1304800,Georgia,3,3,Taylor County,1395,18032000,1864000,1819000,15000,6000,24000,716000
1304830,Georgia,3,3,Telfair County,1694,20347000,2196000,2153000,1000,10000,32000,1164000
1304860,Georgia,3,3,Terrell County,1218,16062000,1602000,1417000,50000,2000,39000,650000
1304890,Georgia,3,2,Thomas County,5832,70480000,10124000,9877000,74000,24000,120000,5166000
1304950,Georgia,3,3,Thomasville City,2796,34414000,3666000,3424000,219000,9000,0,1843000
1304980,Georgia,3,3,Tift County,7891,87396000,7989000,7403000,146000,301000,63000,4311000
1305040,Georgia,3,3,Toombs County,2992,32190000,4204000,3734000,374000,34000,37000,1617000
1305070,Georgia,3,3,Towns County,935,15644000,1761000,1760000,0,0,0,744000
1305100,Georgia,3,3,Treutlen County,1112,12721000,1468000,1308000,1000,5000,6000,769000
1305130,Georgia,3,3,Trion City,1376,14832000,1433000,1331000,34000,0,0,813000
1305190,Georgia,3,3,Turner County,1198,16175000,1886000,1648000,11000,133000,85000,899000
1305220,Georgia,3,3,Twiggs County,785,11228000,1020000,829000,97000,3000,0,373000
1305250,Georgia,3,3,Union County,2868,37214000,5514000,5327000,56000,5000,125000,2681000
1305280,Georgia,3,3,Thomaston-Upson County,4144,46783000,6162000,5862000,105000,11000,0,3168000
1305310,Georgia,3,3,Valdosta City,8427,89627000,9844000,8662000,611000,48000,322000,4786000
1305340,Georgia,3,3,Vidalia City,2566,26516000,2969000,2626000,215000,85000,35000,1454000
1305370,Georgia,3,3,Walker County,8680,105513000,20089000,19591000,318000,20000,0,11182000
1305390,Georgia,3,3,Walton County,14208,151449000,18150000,16911000,291000,317000,368000,8888000
1305430,Georgia,3,3,Ware County,6206,73857000,10773000,10132000,226000,256000,35000,5132000
1305460,Georgia,3,3,Warren County,626,9611000,1021000,945000,72000,0,0,532000
1305490,Georgia,3,3,Washington County,3084,34499000,3437000,3048000,344000,45000,0,1670000
1305550,Georgia,3,3,Wayne County,5373,57532000,6772000,6319000,39000,329000,0,3326000
1305580,Georgia,3,3,Webster County,292,4511000,388000,367000,21000,0,0,210000
1305640,Georgia,3,3,Wheeler County,1000,13534000,1346000,1089000,63000,5000,14000,495000
1305670,Georgia,3,3,White County,3855,45758000,5281000,4906000,268000,5000,51000,2564000
1305700,Georgia,3,3,Whitfield County,12873,146553000,16724000,13749000,2233000,632000,34000,7480000
1305730,Georgia,3,3,Wilcox County,1217,15087000,1104000,1038000,1000,8000,28000,587000
1305760,Georgia,3,3,Wilkes County,1430,18318000,1859000,1518000,326000,1000,13000,764000
1305790,Georgia,3,3,Wilkinson County,1235,16049000,1637000,1439000,0,137000,0,738000
1305850,Georgia,3,3,Worth County,3181,31877000,2763000,2680000,1000,3000,23000,1467000
1500030,Hawaii,3,2,Hawaii Department of Education,181088,2999582000,453473000,300788000,123325000,3209000,24950000,213711000
1600001,Idaho,3,3,WEST BONNER COUNTY DISTRICT,1034,11588000,1466000,1019000,447000,0,0,701000
1600002,Idaho,3,3,LAKE PEND OREILLE SCHOOL DISTRICT,3654,37670000,4680000,3004000,1676000,0,0,2072000
1600009,Idaho,3,3,TROY SCHOOL DISTRICT,286,3622000,377000,210000,167000,0,0,138000
1600010,Idaho,3,3,WHITEPINE JOINT SCHOOL DISTRICT,236,3343000,357000,308000,49000,0,0,213000
1600030,Idaho,3,3,ABERDEEN DISTRICT,705,6912000,610000,459000,151000,0,0,312000
1600060,Idaho,3,3,AMERICAN FALLS JOINT DISTRICT,1552,15200000,1476000,1145000,331000,0,0,822000
1600138,Idaho,3,3,SALMON RIVER JOINT SCHOOL DISTRICT,134,2327000,213000,187000,26000,0,0,128000
1600139,Idaho,3,3,MOUNTAIN VIEW SCHOOL DISTRICT,1221,13816000,1649000,1261000,388000,0,0,815000
1600180,Idaho,3,3,BASIN SCHOOL DISTRICT,326,3907000,370000,303000,67000,0,0,230000
1600240,Idaho,3,3,BEAR LAKE COUNTY DISTRICT,1172,9391000,789000,288000,502000,0,0,154000
1600270,Idaho,3,3,BLACKFOOT DISTRICT,3813,31417000,3670000,3390000,279000,0,0,2192000
1600300,Idaho,3,3,BLAINE COUNTY DISTRICT,3389,55859000,6772000,4911000,1860000,0,0,3301000
1600330,Idaho,3,3,BLISS JOINT DISTRICT,127,1908000,116000,96000,21000,0,0,61000
1600360,Idaho,3,2,BOISE INDEPENDENT DISTRICT,25673,259395000,35771000,26109000,9662000,0,0,17860000
1600420,Idaho,3,3,BOUNDARY COUNTY DISTRICT,1446,12780000,1807000,1495000,312000,0,0,980000
1600450,Idaho,3,3,BRUNEAU-GRAND VIEW JOINT SCHOOL DISTRICT,310,4634000,182000,181000,1000,0,0,126000
1600480,Idaho,3,3,BUHL JOINT DISTRICT,1301,10549000,1317000,741000,576000,0,0,498000
1600490,Idaho,3,3,BUTTE COUNTY JOINT DISTRICT,404,3980000,324000,324000,0,0,0,211000
1600510,Idaho,3,3,CALDWELL DISTRICT,6118,51683000,6548000,4692000,1856000,0,0,3255000
1600540,Idaho,3,3,CAMAS COUNTY DISTRICT,177,2329000,244000,244000,0,0,0,123000
1600570,Idaho,3,3,CAMBRIDGE JOINT DISTRICT,129,2280000,324000,295000,29000,0,0,124000
1600600,Idaho,3,2,VALLIVUE SCHOOL DISTRICT,9901,74568000,10052000,8236000,1816000,0,0,4683000
1600630,Idaho,3,3,CASCADE DISTRICT,198,2962000,305000,222000,84000,0,0,140000
1600660,Idaho,3,3,CASSIA COUNTY JOINT DISTRICT,5525,43059000,3708000,2576000,1133000,0,0,1859000
1600690,Idaho,3,3,CASTLEFORD DISTRICT,334,3399000,221000,221000,0,0,0,92000
1600720,Idaho,3,3,CHALLIS JOINT DISTRICT,322,3787000,238000,221000,18000,0,0,163000
1600750,Idaho,3,3,CLARK COUNTY DISTRICT,121,2484000,167000,163000,5000,0,0,99000
1600780,Idaho,3,3,COEUR D'ALENE DISTRICT,11016,93189000,12464000,9957000,2508000,0,0,6067000
1600810,Idaho,3,3,COTTONWOOD JOINT DISTRICT,390,4061000,280000,252000,28000,0,0,158000
1600815,Idaho,3,3,PLUMMER-WORLEY JOINT DISTRICT,380,6226000,718000,561000,157000,0,0,361000
1600840,Idaho,3,3,COUNCIL DISTRICT,268,3074000,212000,191000,21000,0,0,145000
1600870,Idaho,3,3,CULDESAC JOINT DISTRICT,106,1957000,81000,20000,61000,0,0,13000
1600900,Idaho,3,3,DIETRICH DISTRICT,209,2284000,99000,72000,26000,0,0,49000
1600930,Idaho,3,3,BONNEVILLE JOINT DISTRICT,13382,96371000,15973000,7172000,8801000,0,0,4592000
1600960,Idaho,3,2,PRESTON JOINT DISTRICT,2448,17230000,1543000,1188000,355000,0,0,696000
1601020,Idaho,3,2,EMMETT INDEPENDENT DISTRICT,2668,22456000,2071000,1640000,430000,0,0,936000
1601050,Idaho,3,3,FILER DISTRICT,1645,12435000,1704000,1524000,180000,0,0,887000
1601080,Idaho,3,3,FIRTH DISTRICT,837,6067000,530000,444000,86000,0,0,206000
1601110,Idaho,3,3,FREMONT COUNTY JOINT DISTRICT,2196,18407000,1614000,1276000,338000,0,0,911000
1601140,Idaho,3,3,FRUITLAND DISTRICT,1661,12433000,1443000,1353000,90000,0,0,765000
1601170,Idaho,3,3,GARDEN VALLEY DISTRICT,278,3382000,414000,294000,121000,0,0,219000
1601200,Idaho,3,3,GENESEE JOINT DISTRICT,318,3962000,311000,261000,50000,0,0,187000
1601230,Idaho,3,3,GLENNS FERRY JOINT DISTRICT,421,4215000,536000,420000,115000,0,0,314000
1601260,Idaho,3,3,GOODING JOINT DISTRICT,1379,11242000,1311000,779000,532000,0,0,516000
1601290,Idaho,3,3,GRACE JOINT DISTRICT,545,4587000,342000,342000,0,0,0,241000
1601380,Idaho,3,3,HAGERMAN JOINT DISTRICT,317,3439000,471000,471000,0,0,0,207000
1601410,Idaho,3,3,HANSEN DISTRICT,339,3587000,352000,283000,69000,0,0,192000
1601440,Idaho,3,3,HIGHLAND JOINT DISTRICT,171,2677000,167000,121000,46000,0,0,84000
1601470,Idaho,3,3,HOMEDALE JOINT DISTRICT,1223,8771000,714000,714000,0,0,0,0
1601500,Idaho,3,3,HORSESHOE BEND SCHOOL DISTRICT,243,2716000,206000,173000,34000,0,0,76000
1601530,Idaho,3,3,IDAHO FALLS DISTRICT,10286,73787000,8210000,7360000,850000,0,0,4788000
1601570,Idaho,3,2,JEFFERSON COUNTY JOINT DISTRICT,6280,41448000,3418000,2525000,893000,0,0,1681000
1601590,Idaho,3,3,JEROME JOINT DISTRICT,4184,30155000,3201000,2111000,1090000,0,0,1394000
1601620,Idaho,3,3,KAMIAH JOINT DISTRICT,406,4607000,487000,424000,63000,0,0,205000
1601650,Idaho,3,3,KELLOGG JOINT DISTRICT,1090,11600000,2220000,1388000,832000,0,0,847000
1601680,Idaho,3,3,KENDRICK JOINT DISTRICT,248,3234000,375000,308000,66000,0,0,180000
1601710,Idaho,3,3,KIMBERLY DISTRICT,2101,14246000,1669000,927000,742000,0,0,530000
1601740,Idaho,3,3,KOOTENAI DISTRICT,142,3229000,283000,210000,73000,0,0,135000
1601770,Idaho,3,3,KUNA JOINT DISTRICT,5604,41399000,3819000,3657000,162000,0,0,2389000
1601800,Idaho,3,3,LAKELAND DISTRICT,4533,40179000,4191000,3285000,905000,0,0,2340000
1601830,Idaho,3,3,LAPWAI DISTRICT,514,8230000,1590000,680000,910000,0,0,466000
1601860,Idaho,3,3,LEWISTON INDEPENDENT DISTRICT,4749,47993000,5997000,4919000,1079000,0,0,3387000
1601900,Idaho,3,3,MACKAY JOINT DISTRICT,224,2300000,146000,145000,1000,0,0,92000
1601920,Idaho,3,3,MADISON DISTRICT,5406,38044000,3153000,2532000,621000,0,0,1914000
1601950,Idaho,3,3,MARSH VALLEY JOINT DISTRICT,1277,9336000,912000,820000,93000,0,0,515000
1601980,Idaho,3,3,MARSING JOINT DISTRICT,847,7181000,538000,516000,21000,0,0,0
1602030,Idaho,3,3,MCCALL-DONNELLY JOINT SCHOOL DISTRICT,1305,15136000,1652000,1398000,253000,0,0,847000
1602060,Idaho,3,3,MEADOWS VALLEY DISTRICT,160,2165000,194000,177000,17000,0,0,106000
1602070,Idaho,3,3,MELBA JOINT DISTRICT,868,6285000,491000,370000,121000,0,0,206000
1602100,Idaho,3,2,JOINT SCHOOL DISTRICT NO. 2,40600,281799000,34294000,27690000,6604000,0,0,18460000
1602130,Idaho,3,3,MIDDLETON DISTRICT,4039,27528000,2980000,2869000,112000,0,0,1634000
1602160,Idaho,3,3,MIDVALE DISTRICT,118,1812000,114000,114000,0,0,0,77000
1602190,Idaho,3,2,MINIDOKA COUNTY JOINT DISTRICT,4370,36466000,2712000,2010000,702000,0,0,1413000
1602220,Idaho,3,2,MOSCOW DISTRICT,2470,28042000,4058000,2871000,1186000,0,0,1841000
1602250,Idaho,3,3,MOUNTAIN HOME DISTRICT,3915,29082000,3616000,2224000,1393000,0,0,1493000
1602280,Idaho,3,3,MULLAN DISTRICT,102,2554000,276000,276000,0,0,0,171000
1602310,Idaho,3,3,MURTAUGH JOINT DISTRICT,368,3553000,253000,234000,18000,0,0,131000
1602340,Idaho,3,2,NAMPA SCHOOL DISTRICT,15699,121858000,14425000,11699000,2726000,0,0,6070000
1602370,Idaho,3,3,NEW PLYMOUTH DISTRICT,969,7969000,841000,667000,174000,0,0,431000
1602400,Idaho,3,3,NEZPERCE JOINT DISTRICT,156,2438000,108000,90000,18000,0,0,64000
1602430,Idaho,3,3,NORTH GEM DISTRICT,168,2087000,143000,140000,4000,0,0,103000
1602460,Idaho,3,3,NOTUS DISTRICT,409,4252000,280000,280000,0,0,0,279000
1602490,Idaho,3,3,ONEIDA COUNTY DISTRICT,3367,16759000,846000,496000,351000,0,0,319000
1602520,Idaho,3,3,OROFINO JOINT DISTRICT,1129,14635000,1243000,652000,591000,0,0,398000
1602550,Idaho,3,3,PARMA DISTRICT,1046,8459000,691000,691000,0,0,0,0
1602580,Idaho,3,3,PAYETTE JOINT DISTRICT,1390,12069000,1124000,945000,179000,0,0,572000
1602640,Idaho,3,3,POCATELLO DISTRICT,12502,93738000,11315000,8984000,2332000,0,0,5125000
1602670,Idaho,3,3,POST FALLS DISTRICT,6150,45816000,5097000,3690000,1408000,0,0,2685000
1602700,Idaho,3,3,POTLATCH DISTRICT,477,5376000,728000,639000,88000,0,0,424000
1602760,Idaho,3,3,RICHFIELD DISTRICT,208,2465000,251000,133000,118000,0,0,67000
1602790,Idaho,3,3,RIRIE JOINT DISTRICT,746,5639000,552000,464000,88000,0,0,302000
1602820,Idaho,3,3,ROCKLAND DISTRICT,172,2109000,112000,98000,14000,0,0,77000
1602850,Idaho,3,3,SALMON DISTRICT,777,7013000,1193000,1159000,34000,0,0,442000
1602910,Idaho,3,3,SHELLEY JOINT DISTRICT,2323,15040000,1445000,1117000,329000,0,0,786000
1602940,Idaho,3,3,SHOSHONE JOINT DISTRICT,489,4810000,433000,411000,21000,0,0,235000
1602970,Idaho,3,3,SNAKE RIVER DISTRICT,1817,13835000,1569000,1082000,487000,0,0,746000
1603000,Idaho,3,3,SODA SPRINGS JOINT DISTRICT,945,7828000,636000,549000,87000,0,0,376000
1603030,Idaho,3,3,SOUTH LEMHI DISTRICT,103,1749000,125000,125000,0,0,0,35000
1603060,Idaho,3,3,ST MARIES JOINT DISTRICT,974,9788000,1362000,1089000,273000,0,0,661000
1603090,Idaho,3,3,SUGAR-SALEM JOINT DISTRICT,1591,11392000,1134000,1124000,9000,0,0,771000
1603120,Idaho,1,3,SWAN VALLEY ELEMENTARY DISTRICT,60,933000,40000,25000,15000,0,0,17000
1603180,Idaho,3,3,TETON COUNTY DISTRICT,1876,17404000,2094000,1850000,243000,0,0,1065000
1603240,Idaho,3,3,TWIN FALLS DISTRICT,9652,75078000,8655000,5280000,3375000,0,0,3640000
1603270,Idaho,3,3,VALLEY DISTRICT,596,5371000,583000,469000,114000,0,0,312000
1603300,Idaho,3,3,WALLACE DISTRICT,494,5999000,731000,593000,138000,0,0,419000
1603330,Idaho,3,3,WEISER DISTRICT,1558,11938000,1301000,1196000,105000,0,0,728000
1603360,Idaho,3,3,WENDELL DISTRICT,1143,8826000,838000,839000,0,0,0,435000
1603400,Idaho,3,3,WEST JEFFERSON DISTRICT,558,5999000,423000,340000,83000,0,0,242000
1603420,Idaho,3,3,WEST SIDE JOINT DISTRICT,791,5516000,220000,216000,4000,0,0,169000
1603480,Idaho,3,3,WILDER DISTRICT,516,4710000,335000,335000,0,0,0,0
1700001,Illinois,3,3,River Ridge CUSD 210,493,10724000,826000,826000,0,0,0,0
1700002,Illinois,3,3,Casey-Westfield CUSD 4C,895,11451000,942000,942000,0,0,0,0
1700003,Illinois,3,3,Blue Ridge CUSD 18,692,12389000,1469000,1469000,0,0,0,0
1700004,Illinois,3,3,Norris City-Omaha-Enfield CUSD 3,697,8051000,563000,563000,0,0,0,0
1700005,Illinois,3,3,Prairie Central CUSD 8,1784,27174000,2914000,2914000,0,0,0,0
1700007,Illinois,3,3,Eastland CUSD 308,664,10158000,529000,529000,0,0,0,0
1700009,Illinois,1,3,Pinckneyville SD 50,513,6456000,282000,282000,0,0,0,0
1700010,Illinois,1,3,Beach Park CCSD 3,2093,38040000,3693000,3693000,0,0,0,0
1700014,Illinois,3,3,Goreville CUD 1,632,8255000,418000,418000,0,0,0,0
1700015,Illinois,3,3,Joppa-Maple Grove UD 38,243,4280000,299000,299000,0,0,0,0
1700041,Illinois,3,3,Gibson City-Melvin-Sibley CUSD 5,1002,15612000,1424000,1424000,0,0,0,0
1700044,Illinois,3,3,Farmington Central CUSD 265,1322,16586000,943000,943000,0,0,0,0
1700045,Illinois,3,3,Gallatin CUSD 7,707,10398000,1044000,1044000,0,0,0,0
1700065,Illinois,1,3,Saunemin CCSD 438,112,2254000,156000,156000,0,0,0,0
1700077,Illinois,1,3,Marengo-Union E Cons D 165,1037,14445000,1167000,1167000,0,0,0,0
1700092,Illinois,3,3,Georgetown-Ridge Farm CUD 4,930,12606000,1172000,1172000,0,0,0,0
1700102,Illinois,3,3,Brussels CUSD 42,106,2209000,111000,111000,0,0,0,0
1700103,Illinois,1,3,New Holland-Middletown ED 88,87,1766000,59000,59000,0,0,0,0
1700106,Illinois,3,3,Heritage CUSD 8,389,7095000,248000,248000,0,0,0,0
1700109,Illinois,3,3,Ridgeview CUSD 19,590,8939000,742000,742000,0,0,0,0
1700110,Illinois,3,2,North Chicago SD 187,3319,57065000,6231000,6231000,0,0,0,0
1700112,Illinois,1,3,Streator ESD 44,1618,21628000,3095000,3095000,0,0,0,0
1700113,Illinois,3,3,Illini Central CUSD 189,680,11438000,1453000,1453000,0,0,0,0
1700114,Illinois,3,3,South Central CUD 401,666,8438000,626000,626000,0,0,0,0
1700115,Illinois,3,3,Henry-Senachwine CUSD 5,556,8670000,602000,602000,0,0,0,0
1700119,Illinois,1,3,North Shore SD 112,3881,82272000,6879000,6879000,0,0,0,0
1700120,Illinois,1,3,Lostant CUSD 425,56,1546000,59000,59000,0,0,0,0
1700122,Illinois,3,3,Shiloh CUSD 1,356,5760000,241000,241000,0,0,0,0
1700123,Illinois,3,3,Meridian CUSD 15,1020,11869000,372000,372000,0,0,0,0
1700125,Illinois,3,3,Bureau Valley CUSD 340,1053,16624000,1851000,1851000,0,0,0,0
1700126,Illinois,3,3,Midland CUSD 7,712,8617000,565000,565000,0,0,0,0
1700153,Illinois,3,3,Lewistown CUSD 97,627,8922000,573000,573000,0,0,0,0
1700176,Illinois,3,3,Cowden-Herrick CUSD 3A,326,5032000,219000,219000,0,0,0,0
1700217,Illinois,3,3,Christopher USD 99,753,10662000,999000,999000,0,0,0,0
1700222,Illinois,1,3,Nippersink SD 2,1144,21761000,1871000,1871000,0,0,0,0
1700223,Illinois,3,3,Okaw Valley CUSD 302,501,7212000,363000,363000,0,0,0,0
1700310,Illinois,3,3,West Carroll CUSD 314,1034,14275000,1597000,1597000,0,0,0,0
1700314,Illinois,3,3,West Prairie CUSD 103,622,9679000,1226000,1226000,0,0,0,0
1700319,Illinois,3,3,West Central CUSD 235,754,11487000,791000,791000,0,0,0,0
1700320,Illinois,3,3,Monmouth-Roseville CUSD 238,1605,19879000,1080000,1080000,0,0,0,0
1700321,Illinois,3,3,United CUSD 304,917,16432000,528000,528000,0,0,0,0
1700324,Illinois,3,3,Sangamon Valley CUSD 9,673,9977000,344000,344000,0,0,0,0
1700326,Illinois,3,3,El Paso-Gridley CUSD 11,1203,17777000,1711000,1711000,0,0,0,0
1700330,Illinois,1,3,Prairieview-Ogden CCSD 197,247,3778000,104000,104000,0,0,0,0
1700332,Illinois,3,3,Schuyler-Industry CUSD 5,1005,13263000,1187000,1187000,0,0,0,0
1701381,Illinois,1,3,La Harpe CSD 347,213,3257000,231000,231000,0,0,0,0
1701382,Illinois,3,3,Thompsonville CUSD 174,325,3921000,231000,231000,0,0,0,0
1701384,Illinois,2,3,Illini West H S Dist 307,301,5198000,293000,293000,0,0,0,0
1701385,Illinois,1,3,Carthage ESD 317,456,4694000,429000,429000,0,0,0,0
1701387,Illinois,3,3,Western CUSD 12,540,7443000,402000,402000,0,0,0,0
1701388,Illinois,1,3,Dallas ESD 327,193,2918000,163000,163000,0,0,0,0
1701390,Illinois,3,3,Flanagan-Cornell Dist 74,345,6152000,479000,479000,0,0,0,0
1701395,Illinois,3,3,Mercer County School District 404,1283,17856000,1383000,1383000,0,0,0,0
1701397,Illinois,2,3,Paris Cooperative High School,552,6015000,318000,318000,0,0,0,0
1701404,Illinois,3,3,Odin PSD 722,216,3262000,225000,225000,0,0,0,0
1701411,Illinois,1,3,East Coloma - Nelson CESD 20,232,3923000,223000,223000,0,0,0,0
1701413,Illinois,3,3,Abingdon-Avon CUSD 276,964,11655000,546000,546000,0,0,0,0
1701417,Illinois,3,3,Bluford Unit School District 318,382,3879000,350000,350000,0,0,0,0
1701418,Illinois,3,3,Salt Fork CUSD 512,901,14539000,914000,914000,0,0,0,0
1701419,Illinois,1,3,Spring Garden CCSD 178,249,3065000,305000,305000,0,0,0,0
1701422,Illinois,3,3,Woodlawn Unit School District 209,511,7247000,622000,622000,0,0,0,0
1701433,Illinois,2,3,B H R A Cooperative HS,334,2568000,212000,212000,0,0,0,0
1701439,Illinois,3,3,S Will Co Coop for Spec Ed,294,14495000,494000,494000,0,0,0,0
1703150,Illinois,1,3,Addison SD 4,3843,58638000,6181000,6181000,0,0,0,0
1703210,Illinois,1,3,Akin CCSD 91,106,2033000,129000,129000,0,0,0,0
1703270,Illinois,1,3,Albers SD 63,198,1741000,70000,70000,0,0,0,0
1703300,Illinois,3,3,Alden Hebron SD 19,410,7743000,832000,832000,0,0,0,0
1703420,Illinois,1,3,Allen-Otter Creek CCSD 65,68,1616000,183000,183000,0,0,0,0
1703450,Illinois,1,3,Allendale CCSD 17,149,1612000,104000,104000,0,0,0,0
1703480,Illinois,1,3,Alsip-Hazlgrn-Oaklwn SD 126,1599,23522000,1657000,1657000,0,0,0,0
1703510,Illinois,3,3,Altamont CUSD 10,661,7552000,537000,537000,0,0,0,0
1703600,Illinois,3,3,Alton CUSD 11,6084,87464000,15521000,15521000,0,0,0,0
1703660,Illinois,3,3,AlWood CUSD 225,377,6905000,432000,432000,0,0,0,0
1703690,Illinois,3,3,Amboy CUSD 272,718,11653000,721000,721000,0,0,0,0
1703750,Illinois,1,3,Anna CCSD 37,649,8549000,1033000,1033000,0,0,0,0
1703780,Illinois,2,3,Anna Jonesboro CHSD 81,499,7949000,433000,433000,0,0,0,0
1703810,Illinois,3,3,Annawan CUSD 226,354,5185000,237000,237000,0,0,0,0
1703840,Illinois,1,3,Antioch CCSD 34,2783,44817000,4483000,4483000,0,0,0,0
1703870,Illinois,2,3,CHSD 117,2652,57772000,6941000,6941000,0,0,0,0
1703900,Illinois,1,3,Aptakisic-Tripp CCSD 102,2550,46589000,5927000,5927000,0,0,0,0
1703930,Illinois,1,3,Arbor Park SD 145,1250,18547000,1564000,1564000,0,0,0,0
1703960,Illinois,3,3,Arcola CUSD 306,699,11077000,635000,635000,0,0,0,0
1703990,Illinois,3,3,Argenta-Oreana CUSD 1,927,11742000,493000,493000,0,0,0,0
1704020,Illinois,2,3,Argo CHSD 217,1934,40369000,4577000,4577000,0,0,0,0
1704050,Illinois,1,3,Summit SD 104,1687,31742000,2423000,2423000,0,0,0,0
1704140,Illinois,1,3,Arlington Heights SD 25,5527,85829000,9615000,9615000,0,0,0,0
1704170,Illinois,2,3,Township HSD 214,11774,278605000,21620000,21620000,0,0,0,0
1704200,Illinois,1,3,Armstrong-Ellis Cons SD 61,75,1813000,75000,75000,0,0,0,0
1704230,Illinois,2,3,Armstrong Twp HSD 225,139,2251000,100000,100000,0,0,0,0
1704260,Illinois,3,3,Arthur CUSD 305,1147,17170000,1001000,1001000,0,0,0,0
1704340,Illinois,1,3,Ashley CCSD 15,137,1567000,110000,110000,0,0,0,0
1704380,Illinois,3,3,Ashton-Franklin Center CUSD 275,501,7210000,462000,462000,0,0,0,0
1704440,Illinois,3,3,Astoria CUSD 1,314,5013000,270000,270000,0,0,0,0
1704470,Illinois,3,3,Athens CUSD 213,1082,12201000,342000,342000,0,0,0,0
1704560,Illinois,1,3,Atwood Heights SD 125,610,10043000,918000,918000,0,0,0,0
1704620,Illinois,3,3,Auburn CUSD 10,1259,14384000,1092000,1092000,0,0,0,0
1704680,Illinois,3,3,Aurora East USD 131,13571,171611000,20204000,20204000,0,0,0,0
1704710,Illinois,3,3,Aurora West USD 129,11841,160815000,24293000,24293000,0,0,0,0
1704740,Illinois,1,3,Aviston SD 21,387,3486000,128000,128000,0,0,0,0
1704770,Illinois,2,3,Central CHSD 71,619,9411000,473000,473000,0,0,0,0
1704800,Illinois,1,3,Avoca SD 37,740,21769000,553000,553000,0,0,0,0
1704920,Illinois,3,3,Ball Chatham CUSD 5,4760,40928000,5598000,5598000,0,0,0,0
1704950,Illinois,1,3,Bannockburn SD 106,145,6492000,151000,151000,0,0,0,0
1705050,Illinois,3,3,Barrington CUSD 220,8557,188496000,16664000,16664000,0,0,0,0
1705160,Illinois,1,3,Bartelso SD 57,177,1666000,41000,41000,0,0,0,0
1705190,Illinois,1,3,Bartonville SD 66,324,3015000,156000,156000,0,0,0,0
1705220,Illinois,3,3,Batavia USD 101,5527,94811000,11313000,11313000,0,0,0,0
1705310,Illinois,3,3,Beardstown CUSD 15,1527,17057000,1483000,1483000,0,0,0,0
1705430,Illinois,3,3,Beecher CUSD 200U,1077,14471000,1190000,1190000,0,0,0,0
1705460,Illinois,3,3,Beecher City CUSD 20,325,7733000,220000,220000,0,0,0,0
1705466,Illinois,1,3,Marseilles ESD 150,523,8184000,676000,676000,0,0,0,0
1705570,Illinois,1,3,Opdyke-Belle-Rive CCSD 5,125,2380000,199000,199000,0,0,0,0
1705580,Illinois,1,3,Belle Valley SD 119,1053,13761000,1543000,1543000,0,0,0,0
1705610,Illinois,1,3,Belleville SD 118,3669,58643000,7250000,7250000,0,0,0,0
1705640,Illinois,2,3,Belleville Twp HSD 201,4677,81822000,7904000,7904000,0,0,0,0
1705760,Illinois,1,3,Bellwood SD 88,2392,34972000,1750000,1750000,0,0,0,0
1705790,Illinois,3,3,Belvidere CUSD 100,7685,135169000,15222000,15222000,0,0,0,0
1705820,Illinois,3,3,Bement CUSD 5,292,4902000,64000,64000,0,0,0,0
1705880,Illinois,1,3,Benjamin SD 25,625,12823000,1504000,1504000,0,0,0,0
1705910,Illinois,1,3,Bensenville SD 2,2184,42205000,3341000,3341000,0,0,0,0
1705950,Illinois,1,3,Benton CCSD 47,1178,13990000,1748000,1748000,0,0,0,0
1705970,Illinois,2,3,Benton Cons HSD 103,552,9929000,650000,650000,0,0,0,0
1706000,Illinois,1,3,Berkeley SD 87,2505,38129000,2840000,2840000,0,0,0,0
1706060,Illinois,1,3,Berwyn North SD 98,2812,52050000,6567000,6567000,0,0,0,0
1706090,Illinois,1,3,Berwyn South SD 100,3520,59303000,7842000,7842000,0,0,0,0
1706120,Illinois,3,3,Bethalto CUSD 8,2422,31669000,3259000,3259000,0,0,0,0
1706180,Illinois,1,3,Bethel SD 82,189,2429000,199000,199000,0,0,0,0
1706270,Illinois,1,3,Big Hollow SD 38,1787,24571000,2237000,2237000,0,0,0,0
1706390,Illinois,1,3,Bismarck Henning CUSD,586,7146000,305000,305000,0,0,0,0
1706420,Illinois,2,3,Bloom Twp HSD 206,2788,60542000,5547000,5547000,0,0,0,0
1706450,Illinois,1,3,Bloomingdale SD 13,1364,19974000,1211000,1211000,0,0,0,0
1706480,Illinois,3,3,Bloomington SD 87,5208,82275000,8128000,8128000,0,0,0,0
1706510,Illinois,3,3,Cook County SD 130,3435,53010000,5667000,5667000,0,0,0,0
1706540,Illinois,2,3,CHSD 218,5342,121057000,18341000,18341000,0,0,0,0
1706600,Illinois,3,3,Scott-Morgan CUSD 2,220,3895000,186000,186000,0,0,0,0
1706750,Illinois,1,3,Bourbonnais SD 53,2466,30644000,3365000,3365000,0,0,0,0
1706840,Illinois,1,3,Braceville SD 75,106,1127000,101000,101000,0,0,0,0
1706880,Illinois,1,3,Bradford CUSD 1,147,2242000,212000,212000,0,0,0,0
1706930,Illinois,1,3,Bradley SD 61,1403,21297000,2705000,2705000,0,0,0,0
1706960,Illinois,2,3,Bradley Bourbonnais CHSD 307,1944,29291000,3877000,3877000,0,0,0,0
1707010,Illinois,1,3,Breese ESD 12,663,5842000,288000,288000,0,0,0,0
1707050,Illinois,2,3,Bremen CHSD 228,4970,95087000,9788000,9788000,0,0,0,0
1707170,Illinois,1,3,Indian Springs SD 109,2670,39353000,4591000,4591000,0,0,0,0
1707200,Illinois,3,3,Brimfield CUSD 309,669,8611000,505000,505000,0,0,0,0
1707290,Illinois,1,3,Lemont-Bromberek CSD 113A,2346,30607000,2855000,2855000,0,0,0,0
1707320,Illinois,1,3,Brookfield Lagrange Park SD 95,1309,15563000,1545000,1545000,0,0,0,0
1707440,Illinois,3,3,Brownstown CUSD 201,362,4851000,293000,293000,0,0,0,0
1707650,Illinois,3,3,Paxton-Buckley-Loda CUD 10,1308,19573000,2225000,2225000,0,0,0,0
1707740,Illinois,1,3,Buncombe Cons SD 43,66,748000,37000,37000,0,0,0,0
1707770,Illinois,3,3,Bunker Hill CUSD 8,592,7725000,383000,383000,0,0,0,0
1707830,Illinois,3,3,Central CUSD 301,4413,67729000,3842000,3842000,0,0,0,0
1707860,Illinois,1,3,Burnham SD 154-5,182,2316000,48000,48000,0,0,0,0
1707950,Illinois,3,3,Bushnell Prairie City CUSD 170,616,9358000,946000,946000,0,0,0,0
1707980,Illinois,1,3,Butler SD 53,494,12211000,906000,906000,0,0,0,0
1708010,Illinois,3,3,Byron CUSD 226,1512,27322000,2283000,2283000,0,0,0,0
1708040,Illinois,3,3,Cahokia CUSD 187,3262,65570000,7756000,7756000,0,0,0,0
1708070,Illinois,3,3,Cairo USD 1,304,6744000,673000,673000,0,0,0,0
1708100,Illinois,1,3,Lincoln ESD 156,918,11166000,919000,919000,0,0,0,0
1708130,Illinois,1,3,Calumet Public SD 132,1034,15705000,845000,845000,0,0,0,0
1708160,Illinois,3,3,Cambridge CUSD 227,470,7306000,239000,239000,0,0,0,0
1708220,Illinois,3,3,Central CUSD 3,851,10743000,1302000,1302000,0,0,0,0
1708250,Illinois,3,3,Trico CUSD 176,893,11581000,792000,792000,0,0,0,0
1708280,Illinois,3,3,Canton Union SD 66,2348,25446000,4109000,4109000,0,0,0,0
1708310,Illinois,1,3,Carbon Cliff-Barstow SD 36,268,4940000,495000,495000,0,0,0,0
1708340,Illinois,3,3,Carbondale ESD 95,1534,32935000,2386000,2386000,0,0,0,0
1708370,Illinois,2,3,Carbondale CHSD 165,989,19835000,1128000,1128000,0,0,0,0
1708400,Illinois,2,3,Cons HSD 230,7441,176849000,15850000,15850000,0,0,0,0
1708430,Illinois,3,3,Carlinville CUSD 1,1381,16530000,1467000,1467000,0,0,0,0
1708460,Illinois,3,3,Carlyle CUSD 1,974,14274000,1441000,1441000,0,0,0,0
1708500,Illinois,3,3,Carmi-White County CUSD 5,1399,18001000,2347000,2347000,0,0,0,0
1708550,Illinois,3,2,CUSD 300,20613,287273000,36134000,36134000,0,0,0,0
1708580,Illinois,3,3,Carrier Mills-Stonefort CUSD 2,448,5726000,520000,520000,0,0,0,0
1708610,Illinois,3,3,Carrollton CUSD 1,537,8563000,525000,525000,0,0,0,0
1708730,Illinois,1,3,Cary CCSD 26,2470,35337000,4192000,4192000,0,0,0,0
1708790,Illinois,1,3,Cass SD 63,799,13155000,1089000,1089000,0,0,0,0
1708970,Illinois,1,3,Center Cass SD 66,1084,19771000,1685000,1685000,0,0,0,0
1709100,Illinois,3,3,Central A & M CUD 21,720,11667000,1108000,1108000,0,0,0,0
1709150,Illinois,1,3,Central SD 51,1425,14261000,1277000,1277000,0,0,0,0
1709170,Illinois,1,3,Central SD 104,598,7658000,798000,798000,0,0,0,0
1709180,Illinois,3,3,Central City SD 133,370,3377000,311000,311000,0,0,0,0
1709210,Illinois,1,3,Lockport SD 91,605,8420000,564000,564000,0,0,0,0
1709270,Illinois,1,3,Centralia SD 135,1234,15729000,2539000,2539000,0,0,0,0
1709300,Illinois,2,3,Centralia HSD 200,874,16453000,1829000,1829000,0,0,0,0
1709330,Illinois,3,3,Cerro Gordo CUSD 100,467,7178000,103000,103000,0,0,0,0
1709400,Illinois,3,3,Chadwick-Milledgeville CUSD 399,436,7095000,255000,255000,0,0,0,0
1709420,Illinois,3,3,Champaign CUSD 4,10172,164047000,20413000,20413000,0,0,0,0
1709510,Illinois,1,3,Chaney-Monge SD 88,425,7803000,1160000,1160000,0,0,0,0
1709540,Illinois,1,3,Channahon SD 17,1218,17143000,915000,915000,0,0,0,0
1709600,Illinois,3,3,Charleston CUSD 1,2684,31167000,3090000,3090000,0,0,0,0
1709810,Illinois,3,3,Chester CUSD 139,1012,11772000,1172000,1172000,0,0,0,0
1709850,Illinois,1,3,Chester-East Lincoln CCSD 61,289,3512000,322000,322000,0,0,0,0
1709930,Illinois,3,2,City of Chicago SD 299,347313,5921411000,788641000,788641000,0,0,0,0
1709960,Illinois,1,3,Chicago Heights SD 170,2891,57109000,3293000,3293000,0,0,0,0
1709990,Illinois,1,3,Chicago Ridge SD 127-5,1414,18937000,1499000,1499000,0,0,0,0
1710200,Illinois,1,3,Cicero SD 99,10689,203447000,17661000,17661000,0,0,0,0
1710240,Illinois,3,3,North Wayne CUSD 200,381,6039000,293000,293000,0,0,0,0
1710340,Illinois,3,3,Clay City CUSD 10,328,3541000,203000,203000,0,0,0,0
1710380,Illinois,1,3,Skokie SD 73-5,1098,24603000,1545000,1545000,0,0,0,0
1710410,Illinois,3,3,Central CUSD 4,1006,14513000,1337000,1337000,0,0,0,0
1710440,Illinois,3,3,Clinton CUSD 15,1768,25344000,3633000,3633000,0,0,0,0
1710470,Illinois,1,3,CCSD 93,3515,76485000,7374000,7374000,0,0,0,0
1710530,Illinois,3,3,Coal City CUSD 1,2174,28861000,3514000,3514000,0,0,0,0
1710570,Illinois,3,3,Cobden SUD 17,528,7770000,448000,448000,0,0,0,0
1710650,Illinois,3,3,Collinsville CUSD 10,6183,63978000,10481000,10481000,0,0,0,0
1710690,Illinois,1,3,Colona SD 190,437,4800000,388000,388000,0,0,0,0
1710740,Illinois,3,3,Columbia CUSD 4,1965,24498000,1280000,1280000,0,0,0,0
1710790,Illinois,3,3,Hamilton Co CUSD 10,1148,14753000,1166000,1166000,0,0,0,0
1710800,Illinois,3,3,Oakwood CUSD 76,964,11162000,774000,774000,0,0,0,0
1710820,Illinois,3,3,Westville CUSD 2,1265,15284000,1903000,1903000,0,0,0,0
1710830,Illinois,3,3,Triopia CUSD 27,389,5147000,261000,261000,0,0,0,0
1710860,Illinois,1,3,Cornell CCSD 426,103,1330000,99000,99000,0,0,0,0
1710950,Illinois,1,3,Ford Heights SD 169,437,9705000,98000,98000,0,0,0,0
1710980,Illinois,3,3,Coulterville USD 1,205,3181000,185000,185000,0,0,0,0
1711010,Illinois,1,3,Country Club Hills SD 160,1321,16313000,3042000,3042000,0,0,0,0
1711220,Illinois,1,3,Creston CCSD 161,92,1739000,40000,40000,0,0,0,0
1711250,Illinois,3,3,Crete Monee CUSD 201U,4496,76845000,11952000,11952000,0,0,0,0
1711290,Illinois,1,3,Creve Coeur SD 76,527,7753000,1123000,1123000,0,0,0,0
1711350,Illinois,1,3,Crystal Lake CCSD 47,7340,111977000,11948000,11948000,0,0,0,0
1711370,Illinois,2,3,CHSD 155,5777,129410000,11187000,11187000,0,0,0,0
1711400,Illinois,3,3,CUSD 3 Fulton County,414,6299000,597000,597000,0,0,0,0
1711520,Illinois,1,3,Cypress SD 64,120,1619000,52000,52000,0,0,0,0
1711610,Illinois,3,3,Dakota CUSD 201,821,12747000,553000,553000,0,0,0,0
1711700,Illinois,1,3,Dalzell SD 98,60,775000,43000,43000,0,0,0,0
1711730,Illinois,1,3,Damiansville SD 62,106,1027000,4000,4000,0,0,0,0
1711790,Illinois,3,3,Danville CCSD 118,5351,94145000,6918000,6918000,0,0,0,0
1711850,Illinois,3,2,Decatur SD 61,8756,110847000,6755000,6755000,0,0,0,0
1711880,Illinois,3,3,Deer Creek-Mackinaw CUSD 701,1031,13754000,1647000,1647000,0,0,0,0
1711910,Illinois,1,3,Deer Park CCSD 82,79,1639000,55000,55000,0,0,0,0
1711980,Illinois,1,3,Deerfield SD 109,2889,68987000,7180000,7180000,0,0,0,0
1712000,Illinois,3,3,DeKalb CUSD 428,6579,100948000,11788000,11788000,0,0,0,0
1712030,Illinois,3,3,Deland-Weldon CUSD 57,199,3644000,112000,112000,0,0,0,0
1712060,Illinois,3,3,Delavan CUSD 703,479,6967000,717000,717000,0,0,0,0
1712090,Illinois,3,3,DePue USD 103,358,5306000,406000,406000,0,0,0,0
1712120,Illinois,1,3,CCSD 62,4448,94448000,13534000,13534000,0,0,0,0
1712150,Illinois,1,3,DeSoto Cons SD 86,215,3101000,249000,249000,0,0,0,0
1712210,Illinois,1,3,Diamond Lake SD 76,918,21825000,1355000,1355000,0,0,0,0
1712240,Illinois,3,3,Dieterich CUSD 30,558,6125000,495000,495000,0,0,0,0
1712330,Illinois,3,3,Dixon USD 170,2603,36465000,2256000,2256000,0,0,0,0
1712420,Illinois,1,3,Dolton SD 149,2562,39510000,1616000,1616000,0,0,0,0
1712450,Illinois,1,3,Dolton SD 148,2089,47310000,1508000,1508000,0,0,0,0
1712480,Illinois,3,3,Dongola USD 66,271,3366000,181000,181000,0,0,0,0
1712540,Illinois,1,3,Downers Grove GSD 58,5026,80159000,8035000,8035000,0,0,0,0
1712570,Illinois,2,3,CHSD 99,4890,110458000,15697000,15697000,0,0,0,0
1712700,Illinois,3,3,Dunlap CUSD 323,4592,56654000,5061000,5061000,0,0,0,0
1712720,Illinois,3,3,Dupo CUSD 196,1003,14405000,1405000,1405000,0,0,0,0
1712760,Illinois,3,3,Du Quoin CUSD 300,1489,20118000,1147000,1147000,0,0,0,0
1712810,Illinois,3,3,Durand CUSD 322,626,11470000,1144000,1144000,0,0,0,0
1712840,Illinois,1,3,Dwight Common SD 232,527,6533000,875000,875000,0,0,0,0
1712870,Illinois,2,3,Dwight Twp HSD 230,228,5862000,350000,350000,0,0,0,0
1712930,Illinois,3,3,Earlville CUSD 9,401,5047000,564000,564000,0,0,0,0
1712960,Illinois,1,3,East Alton SD 13,770,12303000,1202000,1202000,0,0,0,0
1712990,Illinois,2,3,East Alton-Wood River CHSD 14,570,9570000,1427000,1427000,0,0,0,0
1713050,Illinois,3,3,East Dubuque USD 119,648,9367000,369000,369000,0,0,0,0
1713140,Illinois,1,3,East Maine SD 63,3489,55145000,5890000,5890000,0,0,0,0
1713170,Illinois,1,3,East Moline SD 37,2719,45831000,3501000,3501000,0,0,0,0
1713230,Illinois,2,3,East Peoria CHSD 309,997,16836000,2090000,2090000,0,0,0,0
1713240,Illinois,1,3,East Peoria SD 86,1543,23555000,2934000,2934000,0,0,0,0
1713260,Illinois,1,3,East Prairie SD 73,528,11283000,745000,745000,0,0,0,0
1713290,Illinois,3,3,Richland County CUSD 1,2371,27230000,1652000,1652000,0,0,0,0
1713320,Illinois,3,2,East St Louis SD 189,5209,104141000,13842000,13842000,0,0,0,0
1713370,Illinois,3,3,Edgar County CUD 6,306,4445000,310000,310000,0,0,0,0
1713410,Illinois,3,3,Edinburg CUSD 4,252,3371000,235000,235000,0,0,0,0
1713440,Illinois,1,3,Lindop SD 92,411,6762000,431000,431000,0,0,0,0
1713500,Illinois,3,3,Edwards County CUSD 1,904,11305000,957000,957000,0,0,0,0
1713530,Illinois,3,3,Edwardsville CUSD 7,7560,90204000,7371000,7371000,0,0,0,0
1713560,Illinois,3,3,Effingham CUSD 40,2417,34267000,3719000,3719000,0,0,0,0
1713590,Illinois,3,3,Egyptian CUSD 5,387,5730000,377000,377000,0,0,0,0
1713660,Illinois,3,3,Eldorado CUSD 4,1173,16761000,1325000,1325000,0,0,0,0
1713710,Illinois,3,3,SD U-46,37266,580180000,54615000,54615000,0,0,0,0
1713770,Illinois,1,3,Comm Cons SD 59,6426,124685000,10462000,10462000,0,0,0,0
1713860,Illinois,3,3,Elverado CUSD 196,392,4541000,369000,369000,0,0,0,0
1713920,Illinois,3,3,Tri Valley CUSD 3,1070,16150000,1875000,1875000,0,0,0,0
1713940,Illinois,2,3,DuPage HSD 88,3923,89042000,8577000,8577000,0,0,0,0
1713970,Illinois,3,3,Elmhurst SD 205,8596,148806000,20556000,20556000,0,0,0,0
1714050,Illinois,3,3,Elmwood CUSD 322,670,8801000,365000,365000,0,0,0,0
1714100,Illinois,3,3,Elmwood Park CUSD 401,2784,45570000,5755000,5755000,0,0,0,0
1714220,Illinois,1,3,Harmony Emge SD 175,809,11747000,1119000,1119000,0,0,0,0
1714250,Illinois,1,3,Emmons SD 33,302,5554000,340000,340000,0,0,0,0
1714350,Illinois,3,3,Erie CUSD 1,648,16998000,1391000,1391000,0,0,0,0
1714410,Illinois,1,3,Eswood CCSD 269,74,1480000,31000,31000,0,0,0,0
1714430,Illinois,3,3,Eureka CUD 140,1560,19984000,1438000,1438000,0,0,0,0
1714460,Illinois,1,3,Evanston CCSD 65,7681,152479000,17501000,17501000,0,0,0,0
1714490,Illinois,2,3,Evanston Twp HSD 202,3620,91763000,7330000,7330000,0,0,0,0
1714550,Illinois,1,3,Evergreen Park ESD 124,1896,31183000,3079000,3079000,0,0,0,0
1714580,Illinois,2,3,Evergreen Park CHSD 231,819,18567000,1894000,1894000,0,0,0,0
1714640,Illinois,1,3,Ewing Northern CCSD 115,215,2936000,236000,236000,0,0,0,0
1714710,Illinois,1,3,Fairfield PSD 112,684,6444000,779000,779000,0,0,0,0
1714760,Illinois,1,3,Fairmont SD 89,322,8687000,276000,276000,0,0,0,0
1714820,Illinois,1,3,Fairview SD 72,716,17109000,1307000,1307000,0,0,0,0
1714940,Illinois,1,3,Farrington CCSD 99,58,539000,48000,48000,0,0,0,0
1715030,Illinois,2,3,Fenton CHSD 100,1430,38158000,3066000,3066000,0,0,0,0
1715090,Illinois,1,3,Field CCSD 3,283,2949000,218000,218000,0,0,0,0
1715100,Illinois,3,3,Fieldcrest CUSD 6,942,46706000,1628000,1628000,0,0,0,0
1715180,Illinois,3,3,Fisher CUSD 1,596,8323000,640000,640000,0,0,0,0
1715400,Illinois,3,3,Flora CUSD 35,1348,12236000,910000,910000,0,0,0,0
1715420,Illinois,1,3,Flossmoor SD 161,2318,36915000,3971000,3971000,0,0,0,0
1715450,Illinois,1,3,Forest Park SD 91,774,23373000,3190000,3190000,0,0,0,0
1715480,Illinois,1,3,Forest Ridge SD 142,1651,19838000,1401000,1401000,0,0,0,0
1715490,Illinois,3,3,Forrestville Valley CUSD 221,794,10725000,659000,659000,0,0,0,0
1715630,Illinois,1,3,Fox Lake GSD 114,707,13414000,729000,729000,0,0,0,0
1715660,Illinois,1,3,Fox River Grove Cons SD 3,397,7921000,513000,513000,0,0,0,0
1715700,Illinois,1,3,Frankfort CCSD 157C,2563,34223000,3870000,3870000,0,0,0,0
1715750,Illinois,3,3,Franklin CUSD 1,306,5027000,210000,210000,0,0,0,0
1715780,Illinois,3,3,Franklin Park SD 84,1390,23568000,2185000,2185000,0,0,0,0
1715820,Illinois,1,3,Freeburg CCSD 70,797,10060000,404000,404000,0,0,0,0
1715840,Illinois,2,3,Freeburg CHSD 77,653,9755000,429000,429000,0,0,0,0
1715880,Illinois,3,3,Serena CUSD 2,629,12728000,983000,983000,0,0,0,0
1715900,Illinois,3,3,Freeport SD 145,3715,73475000,5389000,5389000,0,0,0,0
1715930,Illinois,1,3,Fremont SD 79,2207,36642000,3215000,3215000,0,0,0,0
1716020,Illinois,3,3,Galatia CUSD 1,439,5463000,392000,392000,0,0,0,0
1716050,Illinois,3,3,Galena USD 120,817,14662000,1315000,1315000,0,0,0,0
1716080,Illinois,3,3,Galesburg CUSD 205,4209,59234000,5638000,5638000,0,0,0,0
1716140,Illinois,3,3,Galva CUSD 224,488,7271000,123000,123000,0,0,0,0
1716230,Illinois,1,3,Gardner CCSD 72C,173,2664000,111000,111000,0,0,0,0
1716260,Illinois,2,3,Gardner S Wilmington Twp HSD 73,201,3105000,365000,365000,0,0,0,0
1716290,Illinois,1,3,Gavin SD 37,821,12676000,1063000,1063000,0,0,0,0
1716320,Illinois,1,3,Geff CCSD 14,84,1428000,115000,115000,0,0,0,0
1716350,Illinois,3,3,Geneseo CUSD 228,2579,29457000,943000,943000,0,0,0,0
1716380,Illinois,3,3,Geneva CUSD 304,5537,93250000,10140000,10140000,0,0,0,0
1716410,Illinois,3,3,Genoa Kingston CUSD 424,1584,21112000,2327000,2327000,0,0,0,0
1716530,Illinois,1,3,Germantown SD 60,256,2554000,113000,113000,0,0,0,0
1716560,Illinois,1,3,Germantown Hills SD 69,827,9443000,838000,838000,0,0,0,0
1716590,Illinois,1,3,Giant City CCSD 130,238,2276000,330000,330000,0,0,0,0
1716650,Illinois,1,3,Gifford CCSD 188,167,2634000,77000,77000,0,0,0,0
1716680,Illinois,3,3,Gillespie CUSD 7,1297,17452000,930000,930000,0,0,0,0
1716800,Illinois,1,3,Glen Ellyn SD 41,3622,69535000,5075000,5075000,0,0,0,0
1716830,Illinois,2,3,Glenbard Twp HSD 87,8032,166938000,20210000,20210000,0,0,0,0
1716860,Illinois,1,3,Glencoe SD 35,1186,30150000,2275000,2275000,0,0,0,0
1716920,Illinois,1,3,Glenview CCSD 34,4565,92497000,9236000,9236000,0,0,0,0
1716950,Illinois,3,3,Brookwood SD 167,1167,19527000,1182000,1182000,0,0,0,0
1717040,Illinois,1,3,Woodridge SD 68,2957,60377000,5136000,5136000,0,0,0,0
1717160,Illinois,1,3,Gower SD 62,869,19837000,2249000,2249000,0,0,0,0
1717190,Illinois,1,3,Grand Prairie CCSD 6,76,1092000,7000,7000,0,0,0,0
1717220,Illinois,1,3,Grand Ridge CCSD 95,189,3663000,276000,276000,0,0,0,0
1717280,Illinois,3,3,Granite City CUSD 9,5990,65012000,11395000,11395000,0,0,0,0
1717310,Illinois,1,3,Grant CCSD 110,618,9365000,989000,989000,0,0,0,0
1717340,Illinois,2,3,Grant CHSD 124,1759,35957000,2546000,2546000,0,0,0,0
1717370,Illinois,3,3,Grant Park CUSD 6,460,6578000,361000,361000,0,0,0,0
1717490,Illinois,1,3,Grass Lake SD 36,165,4446000,221000,221000,0,0,0,0
1717520,Illinois,1,3,Grayslake CCSD 46,3695,93973000,7651000,7651000,0,0,0,0
1717550,Illinois,2,3,Grayslake CHSD 127,2764,66226000,6043000,6043000,0,0,0,0
1717580,Illinois,3,3,Grayville CUSD 1,278,4208000,371000,371000,0,0,0,0
1717670,Illinois,3,3,Greenfield CUSD 10,431,6217000,400000,400000,0,0,0,0
1717700,Illinois,3,3,Greenview CUSD 200,213,4105000,62000,62000,0,0,0,0
1717730,Illinois,3,3,Bond County CUSD 2,1720,24677000,3108000,3108000,0,0,0,0
1717790,Illinois,3,3,Griggsville-Perry CUSD 4,353,5909000,506000,506000,0,0,0,0
1717800,Illinois,1,3,Gurnee SD 56,1966,35416000,2594000,2594000,0,0,0,0
1717850,Illinois,1,3,Northbrook ESD 27,1279,32618000,1400000,1400000,0,0,0,0
1718030,Illinois,2,3,Hall HSD 502,419,6954000,579000,579000,0,0,0,0
1718060,Illinois,3,3,Hamilton CCSD 328,587,8259000,537000,537000,0,0,0,0
1718090,Illinois,1,3,Hampton SD 29,228,2862000,81000,81000,0,0,0,0
1718180,Illinois,3,3,Calhoun CUSD 40,481,7215000,548000,548000,0,0,0,0
1718200,Illinois,3,3,Hardin County CUSD 1,521,6380000,481000,481000,0,0,0,0
1718240,Illinois,3,3,Harlem UD 122,6366,101508000,14278000,14278000,0,0,0,0
1718270,Illinois,3,3,Harrisburg CUSD 3,1866,26745000,2461000,2461000,0,0,0,0
1718360,Illinois,1,3,Harrison SD 36,375,6894000,647000,647000,0,0,0,0
1718390,Illinois,3,3,Hartsburg Emden CUSD 21,202,3706000,97000,97000,0,0,0,0
1718420,Illinois,3,3,Harvard CUSD 50,2683,45820000,3914000,3914000,0,0,0,0
1718450,Illinois,1,3,Harvey SD 152,1809,26956000,1663000,1663000,0,0,0,0
1718480,Illinois,1,3,W Harvey-Dixmoor PSD 147,888,14752000,1365000,1365000,0,0,0,0
1718510,Illinois,3,3,Havana CUSD 126,904,12536000,1167000,1167000,0,0,0,0
1718570,Illinois,1,3,Hawthorn CCSD 73,3941,65720000,5540000,5540000,0,0,0,0
1718600,Illinois,1,3,Hazel Crest SD 152-5,891,16837000,628000,628000,0,0,0,0
1718840,Illinois,3,3,Herscher CUSD 2,1680,30860000,2405000,2405000,0,0,0,0
1718870,Illinois,3,3,Heyworth CUSD 4,938,13561000,1166000,1166000,0,0,0,0
1718960,Illinois,1,3,High Mount SD 116,375,5583000,576000,576000,0,0,0,0
1718990,Illinois,3,3,Highland CUSD 5,2862,35735000,4593000,4593000,0,0,0,0
1719080,Illinois,2,3,Twp HSD 113,3467,104641000,10066000,10066000,0,0,0,0
1719110,Illinois,1,3,LaGrange Highlands SD 106,926,16385000,2309000,2309000,0,0,0,0
1719200,Illinois,3,3,Hillsboro CUSD 3,1574,21616000,1939000,1939000,0,0,0,0
1719230,Illinois,1,3,Hillside SD 93,435,9172000,524000,524000,0,0,0,0
1719260,Illinois,3,3,Hinckley Big Rock CUSD 429,717,12611000,1385000,1385000,0,0,0,0
1719290,Illinois,1,3,Hinsdale CCSD 181,3749,75453000,7796000,7796000,0,0,0,0
1719320,Illinois,2,3,Hinsdale Twp HSD 86,4146,115029000,14361000,14361000,0,0,0,0
1719420,Illinois,1,3,Hollis Cons SD 328,138,2171000,75000,75000,0,0,0,0
1719500,Illinois,1,3,Homer CCSD 33C,3832,64807000,7260000,7260000,0,0,0,0
1719530,Illinois,1,3,Homewood SD 153,1969,28803000,3344000,3344000,0,0,0,0
1719560,Illinois,2,3,Homewood Flossmoor CHSD 233,2796,66601000,6263000,6263000,0,0,0,0
1719620,Illinois,2,3,Hononegah CHD 207,1926,32547000,2790000,2790000,0,0,0,0
1719660,Illinois,3,3,Hoopeston Area CUSD 11,1136,18563000,2569000,2569000,0,0,0,0
1719680,Illinois,1,3,Hoover-Schrum Memorial SD 157,858,12464000,755000,755000,0,0,0,0
1719830,Illinois,3,3,Huntley Comm Sch Dist 158,9110,141288000,10626000,10626000,0,0,0,0
1719920,Illinois,3,3,Hutsonville CUSD 1,307,4535000,175000,175000,0,0,0,0
1719960,Illinois,3,3,Illini Bluffs CUSD 327,914,10646000,336000,336000,0,0,0,0
1719970,Illinois,3,3,Il Valley Central USD 321,2082,26720000,2467000,2467000,0,0,0,0
1720180,Illinois,3,3,Iroquois West CUSD 10,926,13736000,1654000,1654000,0,0,0,0
1720190,Illinois,1,3,Irvington CCSD 11,53,988000,23000,23000,0,0,0,0
1720220,Illinois,1,3,Itasca SD 10,1021,15322000,1364000,1364000,0,0,0,0
1720250,Illinois,1,3,Iuka CCSD 7,221,2975000,254000,254000,0,0,0,0
1720280,Illinois,3,3,Jacksonville SD 117,3244,48090000,6892000,6892000,0,0,0,0
1720370,Illinois,1,3,Jasper CCSD 17,185,1539000,188000,188000,0,0,0,0
1720380,Illinois,3,3,Jasper County CUD 1,1225,16286000,791000,791000,0,0,0,0
1720430,Illinois,3,3,Jersey CUSD 100,2564,32446000,3041000,3041000,0,0,0,0
1720490,Illinois,3,3,Johnsburg CUSD 12,1807,32420000,3240000,3240000,0,0,0,0
1720580,Illinois,1,3,Joliet PSD 86,10798,181214000,20235000,20235000,0,0,0,0
1720610,Illinois,2,3,Joliet Twp HSD 204,6636,123949000,12437000,12437000,0,0,0,0
1720640,Illinois,1,3,County of Union Sch Dist No43,403,4381000,295000,295000,0,0,0,0
1720760,Illinois,3,3,Kankakee SD 111,5051,84597000,7405000,7405000,0,0,0,0
1720790,Illinois,3,3,Kansas CUSD 3,190,3005000,121000,121000,0,0,0,0
1720880,Illinois,1,3,Keeneyville SD 20,1413,21323000,2643000,2643000,0,0,0,0
1720910,Illinois,1,3,Kell Cons SD 2,100,1358000,92000,92000,0,0,0,0
1720970,Illinois,1,3,Kenilworth SD 38,471,19107000,1588000,1588000,0,0,0,0
1721000,Illinois,3,3,Kewanee CUSD 229,1976,23864000,1360000,1360000,0,0,0,0
1721030,Illinois,1,3,Kildeer Countryside CCSD 96,3273,70757000,7137000,7137000,0,0,0,0
1721130,Illinois,1,3,Kings Cons SD 144,88,1637000,89000,89000,0,0,0,0
1721180,Illinois,1,3,Kinnikinnick CCSD 131,1804,23046000,1993000,1993000,0,0,0,0
1721270,Illinois,3,3,Kirby SD 140,3612,60388000,5541000,5541000,0,0,0,0
1721300,Illinois,3,3,Hiawatha CUSD 426,443,7364000,465000,465000,0,0,0,0
1721390,Illinois,3,3,Knoxville CUSD 202,1022,13070000,625000,625000,0,0,0,0
1721420,Illinois,1,3,Komarek SD 94,497,9425000,820000,820000,0,0,0,0
1721450,Illinois,1,3,Darien SD 61,1388,26688000,818000,818000,0,0,0,0
1721510,Illinois,1,3,Ladd CCSD 94,195,2626000,122000,122000,0,0,0,0
1721600,Illinois,1,3,La Grange SD 102,3128,54088000,4997000,4997000,0,0,0,0
1721630,Illinois,1,3,La Grange SD 105 South,1322,26373000,2640000,2640000,0,0,0,0
1721680,Illinois,3,3,La Moille CUSD 303,211,4470000,364000,364000,0,0,0,0
1721720,Illinois,1,3,Lake Bluff ESD 65,893,20126000,2021000,2021000,0,0,0,0
1721750,Illinois,1,3,Lake Forest SD 67,1673,40905000,3285000,3285000,0,0,0,0
1721780,Illinois,2,3,Lake Forest CHSD 115,1537,48525000,3493000,3493000,0,0,0,0
1721840,Illinois,2,3,Lake Park CHSD 108,2499,59833000,4432000,4432000,0,0,0,0
1721870,Illinois,1,3,Lake Villa CCSD 41,2518,34216000,3771000,3771000,0,0,0,0
1721900,Illinois,3,3,Lake Zurich CUSD 95,5565,113631000,10467000,10467000,0,0,0,0
1722020,Illinois,1,3,Lansing SD 158,2703,28834000,2196000,2196000,0,0,0,0
1722050,Illinois,1,3,Laraway CCSD 70C,435,12369000,442000,442000,0,0,0,0
1722080,Illinois,1,3,La Salle ESD 122,1004,14031000,1648000,1648000,0,0,0,0
1722110,Illinois,2,3,La Salle-Peru Twp HSD 120,1174,24712000,1958000,1958000,0,0,0,0
1722130,Illinois,3,3,Red Hill CUSD 10,982,10883000,676000,676000,0,0,0,0
1722150,Illinois,3,3,Lawrence County CUD 20,1164,14126000,874000,874000,0,0,0,0
1722300,Illinois,3,3,Lebanon CUSD 9,567,9442000,888000,888000,0,0,0,0
1722350,Illinois,1,3,Paw Paw CUSD 271,123,3311000,163000,163000,0,0,0,0
1722500,Illinois,2,3,Lemont Twp HSD 210,1380,30954000,2651000,2651000,0,0,0,0
1722530,Illinois,3,3,Lena Winslow CUSD 202,864,10876000,720000,720000,0,0,0,0
1722620,Illinois,3,3,LeRoy CUSD 2,782,11694000,1221000,1221000,0,0,0,0
1722710,Illinois,3,3,Lexington CUSD 7,499,7667000,1063000,1063000,0,0,0,0
1722740,Illinois,2,3,Leyden CHSD 212,3396,89487000,11037000,11037000,0,0,0,0
1722770,Illinois,3,3,Liberty CUSD 2,651,7868000,1079000,1079000,0,0,0,0
1722800,Illinois,1,3,Libertyville SD 70,2247,49361000,3180000,3180000,0,0,0,0
1722830,Illinois,2,3,CHSD 128,3287,93670000,8716000,8716000,0,0,0,0
1722860,Illinois,1,3,Lick Creek CCSD 16,154,1523000,77000,77000,0,0,0,0
1722870,Illinois,3,3,Leland CUSD 1,260,4378000,424000,424000,0,0,0,0
1722920,Illinois,1,3,Limestone Walters CCSD 316,192,2321000,82000,82000,0,0,0,0
1722950,Illinois,2,3,Limestone CHSD 310,950,14796000,1016000,1016000,0,0,0,0
1722980,Illinois,3,3,Lincoln ESD 27,1117,17487000,2358000,2358000,0,0,0,0
1723050,Illinois,2,3,Lincoln CHSD 404,809,13001000,927000,927000,0,0,0,0
1723070,Illinois,2,3,Lincoln Way CHSD 210,6677,113010000,9978000,9978000,0,0,0,0
1723090,Illinois,1,3,Lincolnshire-Prairieview SD 103,1866,41776000,3683000,3683000,0,0,0,0
1723100,Illinois,1,3,Lincolnwood SD 74,1252,30516000,1304000,1304000,0,0,0,0
1723160,Illinois,1,3,Lisbon CCSD 90,121,1537000,38000,38000,0,0,0,0
1723200,Illinois,3,3,Lisle CUSD 202,1410,40498000,3790000,3790000,0,0,0,0
1723250,Illinois,3,3,Litchfield CUSD 12,1382,18665000,1320000,1320000,0,0,0,0
1723350,Illinois,2,3,Lockport Twp HSD 205,3836,68764000,7347000,7347000,0,0,0,0
1723460,Illinois,1,3,Lombard SD 44,3143,64096000,8342000,8342000,0,0,0,0
1723640,Illinois,3,3,Brooklyn UD 188,159,2890000,44000,44000,0,0,0,0
1723700,Illinois,1,3,Ludlow CCSD 142,54,1252000,50000,50000,0,0,0,0
1723730,Illinois,1,3,Will County SD 92,1480,32468000,3409000,3409000,0,0,0,0
1723850,Illinois,1,3,Lyons SD 103,2398,38247000,4404000,4404000,0,0,0,0
1723880,Illinois,2,3,Lyons Twp HSD 204,3989,102453000,9703000,9703000,0,0,0,0
1723920,Illinois,3,3,Macomb CUSD 185,2034,31994000,2436000,2436000,0,0,0,0
1723970,Illinois,3,3,Madison CUSD 12,631,9908000,1480000,1480000,0,0,0,0
1724000,Illinois,1,3,Maercker SD 60,1416,25412000,1891000,1891000,0,0,0,0
1724060,Illinois,3,3,Mahomet-Seymour CUSD 3,3228,28397000,6059000,6059000,0,0,0,0
1724090,Illinois,2,3,Maine Township HSD 207,6275,180210000,15393000,15393000,0,0,0,0
1724120,Illinois,1,3,Malden CCSD 84,92,1416000,41000,41000,0,0,0,0
1724270,Illinois,1,3,Manhattan SD 114,1628,17033000,2049000,2049000,0,0,0,0
1724330,Illinois,1,3,Mannheim SD 83,2652,56428000,6428000,6428000,0,0,0,0
1724390,Illinois,3,3,Manteno CUSD 5,1970,27140000,3180000,3180000,0,0,0,0
1724420,Illinois,1,3,Northbrook/Glenview SD 30,1218,27944000,2125000,2125000,0,0,0,0
1724480,Illinois,3,3,Kaneland CUSD 302,4256,76462000,6725000,6725000,0,0,0,0
1724570,Illinois,2,3,Marengo CHSD 154,659,14154000,1319000,1319000,0,0,0,0
1724650,Illinois,3,3,Marissa CUSD 40,523,8266000,623000,623000,0,0,0,0
1724720,Illinois,1,3,Prairie-Hills ESD 144,2869,37178000,2979000,2979000,0,0,0,0
1724750,Illinois,3,3,Maroa Forsyth CUSD 2,1198,13933000,61000,61000,0,0,0,0
1724780,Illinois,1,3,Marquardt SD 15,2419,53657000,2304000,2304000,0,0,0,0
1724870,Illinois,3,3,Marshall CUSD 2C,1267,14717000,1477000,1477000,0,0,0,0
1724900,Illinois,3,3,Martinsville CUSD 3C,392,5675000,279000,279000,0,0,0,0
1724940,Illinois,3,3,Mascoutah CUD 19,4153,50421000,5527000,5527000,0,0,0,0
1725000,Illinois,3,3,Massac UD 1,2036,29187000,2787000,2787000,0,0,0,0
1725020,Illinois,1,3,Matteson ESD 162,2561,40927000,4764000,4764000,0,0,0,0
1725050,Illinois,3,3,Mattoon CUSD 2,3142,46967000,2380000,2380000,0,0,0,0
1725110,Illinois,1,3,Maywood-Melrose Park-Broadview 89,4690,70844000,6019000,6019000,0,0,0,0
1725190,Illinois,1,3,Mazon-Verona-Kinsman ESD 2C,308,3888000,211000,211000,0,0,0,0
1725260,Illinois,1,3,McClellan CCSD 12,56,889000,91000,91000,0,0,0,0
1725290,Illinois,3,3,McHenry CCSD 15,4334,83354000,9798000,9798000,0,0,0,0
1725320,Illinois,2,3,McHenry CHSD 156,2146,41925000,4757000,4757000,0,0,0,0
1725500,Illinois,1,3,Medinah SD 11,692,12463000,665000,665000,0,0,0,0
1725590,Illinois,3,3,CUSD 4,654,7746000,916000,916000,0,0,0,0
1725620,Illinois,1,3,Mendota CCSD 289,1081,13566000,1547000,1547000,0,0,0,0
1725650,Illinois,2,3,Mendota Twp HSD 280,522,10630000,976000,976000,0,0,0,0
1725680,Illinois,3,3,Meredosia-Chambersburg CUSD 11,200,4183000,298000,298000,0,0,0,0
1725690,Illinois,3,3,Meridian CUSD 223,1586,22556000,1577000,1577000,0,0,0,0
1725740,Illinois,3,3,Metamora CCSD 1,909,9235000,688000,688000,0,0,0,0
1725770,Illinois,2,3,County of Woodford School,952,15444000,1311000,1311000,0,0,0,0
1725920,Illinois,1,3,Midlothian SD 143,1732,18638000,1828000,1828000,0,0,0,0
1726100,Illinois,1,3,Millburn CCSD 24,1203,21338000,2624000,2624000,0,0,0,0
1726180,Illinois,2,3,Fairfield Comm H S Dist 225,419,5864000,313000,313000,0,0,0,0
1726190,Illinois,1,3,Millstadt CCSD 160,759,10629000,1174000,1174000,0,0,0,0
1726250,Illinois,1,3,Miller Twp CCSD 210,168,1985000,165000,165000,0,0,0,0
1726310,Illinois,3,3,Minooka CCSD 201,4825,59514000,4748000,4748000,0,0,0,0
1726340,Illinois,3,3,Minooka CHSD 111,2638,37540000,4033000,4033000,0,0,0,0
1726370,Illinois,1,3,Mokena SD 159,1556,24163000,2468000,2468000,0,0,0,0
1726400,Illinois,3,3,Moline-Coal Valley CUSD 40,7243,79074000,7510000,7510000,0,0,0,0
1726430,Illinois,3,3,Momence CUSD 1,1041,14889000,1601000,1601000,0,0,0,0
1726490,Illinois,1,3,Monroe SD 70,303,3438000,106000,106000,0,0,0,0
1726550,Illinois,3,3,Monticello CUSD 25,1613,23250000,1760000,1760000,0,0,0,0
1726590,Illinois,1,3,Montmorency CCSD 145,225,3450000,227000,227000,0,0,0,0
1726610,Illinois,3,3,Morris SD 54,1173,11344000,965000,965000,0,0,0,0
1726640,Illinois,2,3,Morris CHSD 101,858,11137000,1192000,1192000,0,0,0,0
1726710,Illinois,3,3,Morrison CUSD 6,1007,13824000,1178000,1178000,0,0,0,0
1726760,Illinois,3,3,Morrisonville CUSD 1,293,4212000,265000,265000,0,0,0,0
1726800,Illinois,3,3,Morton CUSD 709,3132,52976000,4659000,4659000,0,0,0,0
1726820,Illinois,1,3,Golf ESD 67,748,12860000,740000,740000,0,0,0,0
1726850,Illinois,1,3,Morton Grove SD 70,896,17976000,984000,984000,0,0,0,0
1726880,Illinois,2,3,J S Morton HSD 201,8054,121395000,14606000,14606000,0,0,0,0
1726970,Illinois,3,3,Meridian CUSD 101,444,7553000,380000,380000,0,0,0,0
1727180,Illinois,3,3,Mount Olive CUSD 5,447,6730000,338000,338000,0,0,0,0
1727210,Illinois,1,3,Mount Prospect SD 57,2320,31235000,3570000,3570000,0,0,0,0
1727290,Illinois,3,3,Mt Pulaski CUSD 23,511,8602000,600000,600000,0,0,0,0
1727300,Illinois,3,3,Brown County CUSD 1,737,10960000,679000,679000,0,0,0,0
1727340,Illinois,1,3,Mount Vernon SD 80,1691,27494000,2892000,2892000,0,0,0,0
1727360,Illinois,2,3,Mt Vernon Twp HSD 201,1157,20754000,2668000,2668000,0,0,0,0
1727390,Illinois,3,3,Mt Zion CUSD 3,2439,29381000,1320000,1320000,0,0,0,0
1727450,Illinois,3,3,Mulberry Grove CUSD 1,385,5078000,429000,429000,0,0,0,0
1727540,Illinois,1,3,Mundelein ESD 75,1748,27270000,2308000,2308000,0,0,0,0
1727570,Illinois,2,3,Mundelein Cons HSD 120,2069,43931000,5170000,5170000,0,0,0,0
1727610,Illinois,3,3,Murphysboro CUSD 186,1948,28776000,2706000,2706000,0,0,0,0
1727710,Illinois,3,3,Naperville CUSD 203,16586,310386000,36527000,36527000,0,0,0,0
1727720,Illinois,1,3,Nashville CCSD 49,599,6949000,426000,426000,0,0,0,0
1727740,Illinois,2,3,Nashville CHSD 99,421,5912000,286000,286000,0,0,0,0
1727780,Illinois,1,3,Nauvoo-Colusa CUSD 325,243,3786000,139000,139000,0,0,0,0
1727840,Illinois,3,3,Neoga CUSD 3,534,7306000,499000,499000,0,0,0,0
1727930,Illinois,1,3,Nettle Creek CCSD 24C,81,1656000,6000,6000,0,0,0,0
1727960,Illinois,3,3,New Athens CUSD 60,487,7066000,315000,315000,0,0,0,0
1727990,Illinois,3,3,New Berlin CUSD 16,935,12322000,724000,724000,0,0,0,0
1728110,Illinois,1,3,New Hope CCSD 6,192,2169000,69000,69000,0,0,0,0
1728140,Illinois,1,3,New Lenox SD 122,5274,71263000,6613000,6613000,0,0,0,0
1728160,Illinois,1,3,New Simpson Hill SD 32,250,3187000,277000,277000,0,0,0,0
1728200,Illinois,2,3,New Trier Twp HSD 203,4040,123022000,13507000,13507000,0,0,0,0
1728260,Illinois,2,3,Newark CHSD 18,154,3140000,109000,109000,0,0,0,0
1728270,Illinois,3,3,Newark CCSD 66,235,2176000,170000,170000,0,0,0,0
1728500,Illinois,1,3,Niles ESD 71,642,13343000,905000,905000,0,0,0,0
1728530,Illinois,2,3,Niles Twp HSD 219,4592,167828000,12064000,12064000,0,0,0,0
1728560,Illinois,3,3,Nokomis CUSD 22,627,7503000,585000,585000,0,0,0,0
1728620,Illinois,3,2,McLean County USD 5,13042,198165000,31060000,31060000,0,0,0,0
1728650,Illinois,1,3,Norridge SD 80,1035,12958000,1233000,1233000,0,0,0,0
1728700,Illinois,3,3,North Boone CUSD 200,1587,23702000,1891000,1891000,0,0,0,0
1728810,Illinois,3,3,North Clay CUSD 25,591,7172000,1019000,1019000,0,0,0,0
1728890,Illinois,1,3,North Palos SD 117,3410,53938000,5705000,5705000,0,0,0,0
1728920,Illinois,1,3,N Pekin & Marquette Hght SD 102,496,6904000,502000,502000,0,0,0,0
1728980,Illinois,1,3,Northbrook SD 28,1833,55555000,4057000,4057000,0,0,0,0
1729010,Illinois,2,3,Northfield Twp HSD 225,5201,253054000,16379000,16379000,0,0,0,0
1729040,Illinois,3,3,Norwood ESD 63,457,5199000,643000,643000,0,0,0,0
1729100,Illinois,1,3,Oak Grove SD 68  Bartonville,269,3961000,146000,146000,0,0,0,0
1729130,Illinois,1,3,Oak Grove SD 68 Green Oaks,929,21592000,1268000,1268000,0,0,0,0
1729190,Illinois,1,3,Oak Lawn-Hometown SD 123,3287,49637000,5476000,5476000,0,0,0,0
1729220,Illinois,2,3,Oak Lawn CHSD 229,1842,33487000,3219000,3219000,0,0,0,0
1729250,Illinois,1,3,Oak Park ESD 97,6043,113425000,10852000,10852000,0,0,0,0
1729280,Illinois,2,3,Oak Park - River Forest SD 200,3396,85268000,12313000,12313000,0,0,0,0
1729310,Illinois,1,3,Oakdale CCSD 1,67,1134000,89000,89000,0,0,0,0
1729340,Illinois,3,3,Oakland CUSD 5,255,4366000,157000,157000,0,0,0,0
1729420,Illinois,3,3,Oblong CUSD 4,594,7151000,459000,459000,0,0,0,0
1729520,Illinois,1,3,Odell CCSD 435,166,2069000,177000,177000,0,0,0,0
1729670,Illinois,1,3,Oglesby ESD 125,529,7310000,568000,568000,0,0,0,0
1729700,Illinois,1,3,Ohio CCSD 17,70,2054000,108000,108000,0,0,0,0
1729760,Illinois,1,3,O Fallon CCSD 90,3767,42676000,4245000,4245000,0,0,0,0
1729790,Illinois,2,3,O Fallon Twp HSD 203,2471,29259000,3153000,3153000,0,0,0,0
1729890,Illinois,3,3,Olympia CUSD 16,1786,26859000,3160000,3160000,0,0,0,0
1729940,Illinois,3,3,R O W V A CUSD 208,565,7975000,152000,152000,0,0,0,0
1730060,Illinois,3,3,Orangeville CUSD 203,306,5113000,448000,448000,0,0,0,0
1730160,Illinois,3,3,Oregon CUSD 220,1495,21907000,907000,907000,0,0,0,0
1730200,Illinois,3,3,Orion CUSD 223,976,12365000,735000,735000,0,0,0,0
1730220,Illinois,1,3,Orland SD 135,5223,109480000,14533000,14533000,0,0,0,0
1730270,Illinois,3,3,CUSD 308,17650,250048000,31777000,31777000,0,0,0,0
1730300,Illinois,1,3,Ottawa ESD 141,1904,29119000,3124000,3124000,0,0,0,0
1730330,Illinois,2,3,Ottawa Twp HSD 140,1190,22236000,2820000,2820000,0,0,0,0
1730420,Illinois,1,3,Palatine CCSD 15,11912,189545000,19304000,19304000,0,0,0,0
1730450,Illinois,2,3,Township HSD 211,11855,284414000,28352000,28352000,0,0,0,0
1730480,Illinois,3,3,Palestine CUSD 3,297,4308000,251000,251000,0,0,0,0
1730510,Illinois,1,3,CCSD 180,547,15092000,2075000,2075000,0,0,0,0
1730540,Illinois,3,3,Northwestern CUSD 2,362,5687000,458000,458000,0,0,0,0
1730570,Illinois,1,3,Palos Heights SD 128,724,10635000,1357000,1357000,0,0,0,0
1730600,Illinois,1,3,Palos CCSD 118,2012,37407000,4038000,4038000,0,0,0,0
1730630,Illinois,3,3,Pana CUSD 8,1244,15963000,1563000,1563000,0,0,0,0
1730660,Illinois,3,3,Panhandle CUSD 2,481,7339000,427000,427000,0,0,0,0
1730750,Illinois,1,3,Paris-Union SD 95,927,14041000,1563000,1563000,0,0,0,0
1730780,Illinois,1,3,Paris CUSD 4,474,3781000,200000,200000,0,0,0,0
1730810,Illinois,1,3,Park Forest SD 163,1711,35682000,2659000,2659000,0,0,0,0
1730840,Illinois,1,3,Park Ridge CCSD 64,4754,92961000,8769000,8769000,0,0,0,0
1730870,Illinois,3,3,Patoka CUSD 100,246,3644000,249000,249000,0,0,0,0
1730900,Illinois,1,3,Gen George Patton SD 133,263,6466000,258000,258000,0,0,0,0
1730930,Illinois,3,3,Pawnee CUSD 11,601,8080000,308000,308000,0,0,0,0
1730990,Illinois,3,3,Payson CUSD 1,530,6138000,556000,556000,0,0,0,0
1731020,Illinois,3,3,Pearl City CUSD 200,429,6248000,443000,443000,0,0,0,0
1731050,Illinois,3,3,Pecatonica CUSD 321,900,13589000,1162000,1162000,0,0,0,0
1731080,Illinois,3,3,Pekin PSD 108,3487,50540000,5887000,5887000,0,0,0,0
1731110,Illinois,2,3,Pekin CSD 303,1780,27759000,2822000,2822000,0,0,0,0
1731140,Illinois,1,3,Pembroke CCSD 259,178,8166000,233000,233000,0,0,0,0
1731200,Illinois,1,3,Pennoyer SD 79,434,5495000,589000,589000,0,0,0,0
1731230,Illinois,3,2,Peoria SD 150,12924,213997000,21342000,21342000,0,0,0,0
1731270,Illinois,3,3,Peoria Heights CUSD 325,725,9806000,233000,233000,0,0,0,0
1731290,Illinois,3,3,Peotone CUSD 207U,1424,22386000,2703000,2703000,0,0,0,0
1731380,Illinois,1,3,Peru ESD 124,962,13363000,1257000,1257000,0,0,0,0
1731410,Illinois,3,3,Porta CUSD 202,1128,13094000,4000,4000,0,0,0,0
1731500,Illinois,3,3,Southwestern CUSD 9,1360,18023000,1553000,1553000,0,0,0,0
1731560,Illinois,1,3,CCSD 204,145,1574000,67000,67000,0,0,0,0
1731620,Illinois,3,3,Pinckneyville CHSD 101,448,6046000,382000,382000,0,0,0,0
1731710,Illinois,3,3,Pikeland CUSD 10,1185,15591000,1448000,1448000,0,0,0,0
1731740,Illinois,3,3,Plainfield SD 202,26033,334131000,46818000,46818000,0,0,0,0
1731770,Illinois,3,3,Plano CUSD 88,2353,35258000,1572000,1572000,0,0,0,0
1731860,Illinois,1,3,Pleasant Hill SD 69,230,3112000,138000,138000,0,0,0,0
1731890,Illinois,3,3,Pleasant Hill CUSD 3,315,4501000,383000,383000,0,0,0,0
1731920,Illinois,3,3,Pleasant Plains CUSD 8,1261,17908000,782000,782000,0,0,0,0
1731950,Illinois,1,3,Pleasant Valley SD 62,517,6600000,252000,252000,0,0,0,0
1732040,Illinois,1,3,Pleasantdale SD 107,837,15719000,1863000,1863000,0,0,0,0
1732090,Illinois,1,3,Potomac CUSD 10,144,2137000,127000,127000,0,0,0,0
1732100,Illinois,3,3,Polo CUSD 222,555,8661000,401000,401000,0,0,0,0
1732160,Illinois,1,3,Pontiac CCSD 429,1216,20319000,3507000,3507000,0,0,0,0
1732190,Illinois,1,3,Pontiac-W Holliday SD 105,688,10337000,681000,681000,0,0,0,0
1732220,Illinois,2,3,Pontiac Twp HSD 90,662,12694000,1238000,1238000,0,0,0,0
1732280,Illinois,3,3,Pope Co CUD 1,502,6597000,452000,452000,0,0,0,0
1732370,Illinois,3,3,Posen-Robbins ESD 143-5,1398,24860000,1318000,1318000,0,0,0,0
1732490,Illinois,1,3,Prairie Du Rocher CCSD 134,131,2367000,133000,133000,0,0,0,0
1732520,Illinois,1,3,Prairie Grove CSD 46,713,14608000,1606000,1606000,0,0,0,0
1732550,Illinois,1,3,Prairie Hill CCSD 133,735,9171000,718000,718000,0,0,0,0
1732580,Illinois,2,3,Adlai E Stevenson HSD 125,4271,125325000,9218000,9218000,0,0,0,0
1732670,Illinois,3,3,Princeton ESD 115,1158,15513000,2060000,2060000,0,0,0,0
1732700,Illinois,2,3,Princeton HSD 500,535,8669000,693000,693000,0,0,0,0
1732770,Illinois,3,3,Princeville CUSD 326,732,10315000,596000,596000,0,0,0,0
1732830,Illinois,3,3,Prophetstown-Lyndon-Tampico CUSD3,757,10495000,932000,932000,0,0,0,0
1732850,Illinois,1,3,Prospect Heights SD 23,1480,31414000,3280000,3280000,0,0,0,0
1732910,Illinois,2,3,Proviso Twp HSD 209,4244,82145000,8794000,8794000,0,0,0,0
1732960,Illinois,3,3,Putnam County CUSD 535,844,14035000,1493000,1493000,0,0,0,0
1732970,Illinois,1,3,Queen Bee SD 16,1753,31655000,2032000,2032000,0,0,0,0
1733000,Illinois,3,3,Quincy SD 172,6502,82506000,11519000,11519000,0,0,0,0
1733030,Illinois,1,3,Raccoon Cons SD 1,247,2271000,320000,320000,0,0,0,0
1733090,Illinois,3,3,Ramsey CUSD 204,432,5501000,353000,353000,0,0,0,0
1733120,Illinois,1,3,Rankin CSD 98,195,3449000,280000,280000,0,0,0,0
1733210,Illinois,1,3,Rantoul City SD 137,1819,29832000,2571000,2571000,0,0,0,0
1733240,Illinois,2,3,Rantoul Township HSD 193,784,12952000,1304000,1304000,0,0,0,0
1733270,Illinois,3,3,Reavis Twp HSD 220,1908,36971000,1959000,1959000,0,0,0,0
1733300,Illinois,3,3,Red Bud CUSD 132,1044,13394000,839000,839000,0,0,0,0
1733380,Illinois,3,3,Reed Custer CUSD 255U,1341,21829000,1351000,1351000,0,0,0,0
1733390,Illinois,1,3,Rhodes SD 84-5,587,13490000,1555000,1555000,0,0,0,0
1733420,Illinois,2,3,Rich Twp HSD 227,2667,71489000,9195000,9195000,0,0,0,0
1733450,Illinois,1,3,Richland GSD 88A,883,13020000,1307000,1307000,0,0,0,0
1733510,Illinois,2,3,Richmond-Burton CHSD 157,612,14542000,1095000,1095000,0,0,0,0
1733690,Illinois,1,3,Ridgeland SD 122,2449,31644000,3028000,3028000,0,0,0,0
1733720,Illinois,2,3,Ridgewood CHSD 234,848,17183000,2563000,2563000,0,0,0,0
1733750,Illinois,1,3,Riley CCSD 18,278,5178000,249000,249000,0,0,0,0
1733810,Illinois,1,3,River Forest SD 90,1469,28257000,3963000,3963000,0,0,0,0
1733840,Illinois,1,3,River Grove SD 85-5,748,8687000,761000,761000,0,0,0,0
1733870,Illinois,1,3,River Trails SD 26,1610,28927000,2070000,2070000,0,0,0,0
1733930,Illinois,3,3,Riverdale CUSD 100,1156,14511000,1208000,1208000,0,0,0,0
1733950,Illinois,3,3,River Bend CUSD 2,928,12414000,849000,849000,0,0,0,0
1733990,Illinois,1,3,Riverside SD 96,1725,34763000,3413000,3413000,0,0,0,0
1734020,Illinois,2,3,Riverside-Brookfield Twp SD 208,1639,33837000,4618000,4618000,0,0,0,0
1734100,Illinois,3,3,Riverton CUSD 14,1434,17082000,1813000,1813000,0,0,0,0
1734110,Illinois,1,3,Riverview CCSD 2,226,2685000,119000,119000,0,0,0,0
1734140,Illinois,3,3,Roanoke Benson CUSD 60,489,7487000,392000,392000,0,0,0,0
1734170,Illinois,1,3,Robein SD 85,170,2606000,151000,151000,0,0,0,0
1734230,Illinois,3,3,Robinson CUSD 2,1606,20063000,1170000,1170000,0,0,0,0
1734260,Illinois,1,3,Rochelle CCSD 231,1625,22230000,1808000,1808000,0,0,0,0
1734290,Illinois,2,3,Rochelle Twp HSD 212,814,16283000,873000,873000,0,0,0,0
1734320,Illinois,3,3,Rochester CUSD 3A,2204,26178000,1732000,1732000,0,0,0,0
1734350,Illinois,1,3,Rock Falls ESD 13,956,14323000,988000,988000,0,0,0,0
1734380,Illinois,2,3,Rock Falls Twp HSD 301,641,11625000,976000,976000,0,0,0,0
1734410,Illinois,3,3,Rock Island SD 41,6277,101809000,10377000,10377000,0,0,0,0
1734440,Illinois,3,3,Rockridge CUSD 300,1066,12785000,937000,937000,0,0,0,0
1734470,Illinois,1,3,Rockdale SD 84,247,4082000,187000,187000,0,0,0,0
1734510,Illinois,3,2,Rockford SD 205,28206,440710000,45549000,45549000,0,0,0,0
1734540,Illinois,1,3,Rockton SD 140,1599,19652000,1325000,1325000,0,0,0,0
1734590,Illinois,1,3,Rome CCSD 2,408,4334000,381000,381000,0,0,0,0
1734620,Illinois,1,3,Rondout SD 72,137,6568000,344000,344000,0,0,0,0
1734650,Illinois,1,3,Rooks Creek CCSD 425,53,930000,77000,77000,0,0,0,0
1734710,Illinois,1,3,Roselle SD 12,694,10768000,1344000,1344000,0,0,0,0
1734740,Illinois,1,3,Schaumburg CCSD 54,15610,262236000,36279000,36279000,0,0,0,0
1734770,Illinois,1,3,Rosemont ESD 78,217,5299000,105000,105000,0,0,0,0
1734870,Illinois,1,3,Rossville-Alvin CUSD 7,279,3494000,229000,229000,0,0,0,0
1734990,Illinois,3,3,Round Lake CUSD 116,6635,127951000,12774000,12774000,0,0,0,0
1735010,Illinois,3,3,Roxana CUSD 1,1815,31558000,2523000,2523000,0,0,0,0
1735100,Illinois,1,3,Rutland CCSD 230,69,1840000,157000,157000,0,0,0,0
1735160,Illinois,1,3,Salem SD 111,1058,9034000,1157000,1157000,0,0,0,0
1735190,Illinois,2,3,Salem CHSD 600,647,7197000,639000,639000,0,0,0,0
1735220,Illinois,1,3,Salt Creek SD 48,504,13128000,739000,739000,0,0,0,0
1735310,Illinois,3,3,Sandoval CUSD 501,477,7344000,407000,407000,0,0,0,0
1735340,Illinois,1,3,Sandridge SD 172,325,5280000,231000,231000,0,0,0,0
1735370,Illinois,3,3,Sandwich CUSD 430,1936,26606000,4049000,4049000,0,0,0,0
1735400,Illinois,1,3,Saratoga CCSD 60C,797,8848000,657000,657000,0,0,0,0
1735460,Illinois,1,3,CCSD 168,1301,23913000,1592000,1592000,0,0,0,0
1735610,Illinois,3,3,Scales Mound CUSD 211,267,6050000,521000,521000,0,0,0,0
1735640,Illinois,1,3,Schiller Park SD 81,1414,18870000,1996000,1996000,0,0,0,0
1735770,Illinois,1,3,Selmaville CCSD 10,267,3185000,207000,207000,0,0,0,0
1735820,Illinois,1,3,Seneca CCSD 170,505,11508000,1057000,1057000,0,0,0,0
1735850,Illinois,2,3,Seneca Twp HSD 160,429,14323000,603000,603000,0,0,0,0
1735940,Illinois,3,3,Sesser-Valier CUSD 196,629,8013000,439000,439000,0,0,0,0
1735970,Illinois,3,3,Indian Creek CUSD 425,725,12262000,944000,944000,0,0,0,0
1736090,Illinois,3,3,Shelbyville CUSD 4,1079,14922000,1266000,1266000,0,0,0,0
1736180,Illinois,3,3,Sherrard CUSD 200,1422,19266000,1214000,1214000,0,0,0,0
1736210,Illinois,1,3,Shiloh Village SD 85,570,6943000,568000,568000,0,0,0,0
1736240,Illinois,1,3,Shirland CCSD 134,99,2017000,99000,99000,0,0,0,0
1736300,Illinois,1,3,ESD 159,1827,37527000,2539000,2539000,0,0,0,0
1736330,Illinois,1,3,Signal Hill SD 181,325,5972000,214000,214000,0,0,0,0
1736360,Illinois,1,3,Silvis SD 34,639,8988000,505000,505000,0,0,0,0
1736450,Illinois,1,3,Skokie SD 68,1773,44248000,2817000,2817000,0,0,0,0
1736480,Illinois,1,3,Skokie SD 69,1756,34080000,1722000,1722000,0,0,0,0
1736510,Illinois,1,3,Smithton CCSD 130,556,6632000,323000,323000,0,0,0,0
1736570,Illinois,3,3,Somonauk CUSD 432,806,12174000,1275000,1275000,0,0,0,0
1736600,Illinois,3,3,County of Winnebago SD 320,938,13736000,1187000,1187000,0,0,0,0
1736610,Illinois,3,3,Southeastern CUSD 337,450,7154000,466000,466000,0,0,0,0
1736640,Illinois,3,3,South Fork SD 14,310,3766000,333000,333000,0,0,0,0
1736720,Illinois,1,3,South Holland SD 150,952,13806000,590000,590000,0,0,0,0
1736750,Illinois,1,3,South Holland SD 151,1660,26896000,2566000,2566000,0,0,0,0
1736780,Illinois,1,3,South Pekin SD 137,200,2823000,306000,306000,0,0,0,0
1736810,Illinois,1,3,Burbank SD 111,3517,45932000,2695000,2695000,0,0,0,0
1736840,Illinois,1,3,South Wilmington CCSD 74,78,1190000,20000,20000,0,0,0,0
1736900,Illinois,3,3,Sparta CUSD 140,1176,15688000,1302000,1302000,0,0,0,0
1736960,Illinois,3,3,Spoon River Valley CUSD 4,299,5361000,290000,290000,0,0,0,0
1737050,Illinois,1,3,Spring Valley CCSD 99,648,8780000,785000,785000,0,0,0,0
1737080,Illinois,3,2,Springfield SD 186,13392,229428000,32145000,32145000,0,0,0,0
1737120,Illinois,3,3,St Anne CCSD 256,329,4842000,223000,223000,0,0,0,0
1737140,Illinois,2,3,St Anne CHSD 302,186,5002000,247000,247000,0,0,0,0
1737170,Illinois,3,3,St Charles CUSD 303,12248,200687000,19789000,19789000,0,0,0,0
1737230,Illinois,3,3,St Elmo CUSD 202,428,5824000,266000,266000,0,0,0,0
1737320,Illinois,1,3,St George CCSD 258,422,5371000,496000,496000,0,0,0,0
1737350,Illinois,3,3,Triad CUSD 2,3929,47686000,4704000,4704000,0,0,0,0
1737380,Illinois,1,3,St Joseph CCSD 169,858,9822000,637000,637000,0,0,0,0
1737410,Illinois,2,3,St Joseph Ogden CHSD 305,446,6195000,327000,327000,0,0,0,0
1737440,Illinois,1,3,St Libory Cons SD 30,58,995000,44000,44000,0,0,0,0
1737470,Illinois,1,3,St Rose SD 14-15,200,2239000,88000,88000,0,0,0,0
1737490,Illinois,3,3,Stark County CUSD 100,697,9426000,281000,281000,0,0,0,0
1737590,Illinois,3,3,Staunton CUSD 6,1294,13794000,654000,654000,0,0,0,0
1737650,Illinois,3,3,Steeleville CUSD 138,441,5212000,351000,351000,0,0,0,0
1737680,Illinois,1,3,Steger SD 194,1474,21512000,1582000,1582000,0,0,0,0
1737830,Illinois,3,3,Stewardson-Strasburg CUD 5A,387,4253000,326000,326000,0,0,0,0
1737860,Illinois,1,3,Central Stickney SD 110,370,6469000,93000,93000,0,0,0,0
1737980,Illinois,3,3,Stockton CUSD 206,590,9082000,498000,498000,0,0,0,0
1738070,Illinois,3,3,Woodland CUSD 5,485,7931000,1139000,1139000,0,0,0,0
1738100,Illinois,2,3,Streator Twp HSD 40,835,15148000,1678000,1678000,0,0,0,0
1738130,Illinois,3,3,Sullivan CUSD 300,1184,12688000,1093000,1093000,0,0,0,0
1738190,Illinois,1,3,Summersville SD 79,305,3138000,284000,284000,0,0,0,0
1738220,Illinois,1,3,Summit Hill SD 161,2755,42572000,4723000,4723000,0,0,0,0
1738370,Illinois,1,3,Sunnybrook SD 171,979,13809000,1071000,1071000,0,0,0,0
1738400,Illinois,1,3,Sunset Ridge SD 29,474,16189000,1517000,1517000,0,0,0,0
1738460,Illinois,3,3,Sycamore CUSD 427,3731,54494000,5510000,5510000,0,0,0,0
1738490,Illinois,3,3,V I T CUSD 2,328,5412000,360000,360000,0,0,0,0
1738520,Illinois,1,3,Taft SD 90,273,2932000,38000,38000,0,0,0,0
1738550,Illinois,1,3,Tamaroa School Dist 5,85,1573000,36000,36000,0,0,0,0
1738700,Illinois,3,3,Taylorville CUSD 3,2399,28124000,2103000,2103000,0,0,0,0
1738760,Illinois,3,3,Teutopolis CUSD 50,1048,10229000,546000,546000,0,0,0,0
1738790,Illinois,1,3,Thomasboro CCSD 130,169,2627000,266000,266000,0,0,0,0
1738910,Illinois,1,3,Thornton SD 154,229,2902000,463000,463000,0,0,0,0
1738940,Illinois,2,3,Thornton Fractional Twp HSD 215,3356,57925000,7394000,7394000,0,0,0,0
1738970,Illinois,2,3,Thornton Twp HSD 205,4722,117207000,11844000,11844000,0,0,0,0
1739030,Illinois,3,3,CCSD 146,2401,50693000,4794000,4794000,0,0,0,0
1739090,Illinois,3,3,Cumberland CUSD 77,1038,11968000,1061000,1061000,0,0,0,0
1739120,Illinois,3,3,Tolono CUSD 7,1590,21291000,1326000,1326000,0,0,0,0
1739180,Illinois,1,3,Tonica CCSD 79,138,2168000,243000,243000,0,0,0,0
1739390,Illinois,3,3,Tremont CUSD 702,1008,13269000,1583000,1583000,0,0,0,0
1739420,Illinois,3,3,Wesclin CUSD 3,1375,16947000,1432000,1432000,0,0,0,0
1739450,Illinois,3,3,Tri City CUSD 1,547,7349000,284000,284000,0,0,0,0
1739480,Illinois,3,3,Tri Point CUSD 6-J,354,9251000,846000,846000,0,0,0,0
1739510,Illinois,1,3,Troy CCSD 30C,4195,64716000,6210000,6210000,0,0,0,0
1739600,Illinois,3,3,Tuscola CUSD 301,987,13138000,786000,786000,0,0,0,0
1739630,Illinois,3,3,Century CUSD 100,371,4402000,148000,148000,0,0,0,0
1739660,Illinois,1,3,Union SD 81,105,3804000,59000,59000,0,0,0,0
1739780,Illinois,1,3,Union Ridge SD 86,661,8900000,570000,570000,0,0,0,0
1739870,Illinois,2,3,United Twp HSD 30,1705,24449000,2005000,2005000,0,0,0,0
1739930,Illinois,1,3,Unity Point CCSD 140,650,7229000,493000,493000,0,0,0,0
1739960,Illinois,3,3,Urbana SD 116,4424,84428000,10811000,10811000,0,0,0,0
1740070,Illinois,3,3,Valley View CUSD 365U,15979,332509000,46768000,46768000,0,0,0,0
1740080,Illinois,3,3,Valmeyer CUSD 3,403,4453000,315000,315000,0,0,0,0
1740140,Illinois,3,3,Vandalia CUSD 203,1457,20877000,1896000,1896000,0,0,0,0
1740200,Illinois,1,3,Venice CUSD 3,88,2724000,249000,249000,0,0,0,0
1740260,Illinois,3,3,Vienna SD 55,386,5207000,446000,446000,0,0,0,0
1740290,Illinois,2,3,Vienna HSD 133,362,5408000,397000,397000,0,0,0,0
1740320,Illinois,3,3,Villa Grove CUSD 302,635,8274000,720000,720000,0,0,0,0
1740350,Illinois,1,3,SD 45 DuPage County,3306,61470000,6202000,6202000,0,0,0,0
1740410,Illinois,3,3,Virginia CUSD 64,301,4569000,135000,135000,0,0,0,0
1740440,Illinois,2,3,CHSD 94,1952,32586000,4581000,4581000,0,0,0,0
1740470,Illinois,3,3,Wabash CUSD 348,1513,18391000,1351000,1351000,0,0,0,0
1740500,Illinois,1,3,CCSD 89,2304,36354000,3852000,3852000,0,0,0,0
1740530,Illinois,3,3,Wallace CCSD 195,366,6126000,731000,731000,0,0,0,0
1740620,Illinois,1,3,Waltham CCSD 185,200,3458000,153000,153000,0,0,0,0
1740650,Illinois,3,3,Waltonville CUSD 1,370,4015000,428000,428000,0,0,0,0
1740680,Illinois,1,3,North Wamac SD 186,123,1704000,121000,121000,0,0,0,0
1740740,Illinois,3,3,Warren CUSD 205,391,6188000,373000,373000,0,0,0,0
1740800,Illinois,2,3,Warren Twp HSD 121,3876,64349000,10453000,10453000,0,0,0,0
1740830,Illinois,3,3,Warrensburg-Latham CUSD 11,956,12370000,337000,337000,0,0,0,0
1740890,Illinois,3,3,Warsaw CUSD 316,380,5109000,413000,413000,0,0,0,0
1740920,Illinois,3,3,Lowpoint-Washburn CUSD 21,340,5381000,334000,334000,0,0,0,0
1740980,Illinois,2,3,Washington CHSD 308,1370,23686000,3117000,3117000,0,0,0,0
1741010,Illinois,1,3,District 50 Schools,695,10254000,1218000,1218000,0,0,0,0
1741040,Illinois,3,3,Washington SD 52,918,9484000,1095000,1095000,0,0,0,0
1741070,Illinois,3,3,Waterloo CUSD 5,2727,32348000,3032000,3032000,0,0,0,0
1741190,Illinois,3,3,Wauconda CUSD 118,4501,83145000,7613000,7613000,0,0,0,0
1741250,Illinois,3,3,Waukegan CUSD 60,15336,315883000,33647000,33647000,0,0,0,0
1741280,Illinois,3,3,Waverly CUSD 6,362,4147000,411000,411000,0,0,0,0
1741360,Illinois,3,3,Wayne City CUSD 100,534,4953000,541000,541000,0,0,0,0
1741520,Illinois,1,3,Calumet City SD 155,1090,14823000,1935000,1935000,0,0,0,0
1741550,Illinois,1,3,West Chicago ESD 33,3918,75187000,7732000,7732000,0,0,0,0
1741580,Illinois,3,3,Frankfort CUSD 168,1642,24124000,2965000,2965000,0,0,0,0
1741600,Illinois,1,3,West Lincoln-Broadwell ESD 92,225,3252000,258000,258000,0,0,0,0
1741690,Illinois,3,3,Indian Prairie CUSD 204,26906,409056000,50179000,50179000,0,0,0,0
1741700,Illinois,1,3,West Northfield SD 31,870,19315000,1243000,1243000,0,0,0,0
1741750,Illinois,3,3,West Washington Co CUD 10,543,6859000,521000,521000,0,0,0,0
1741790,Illinois,1,3,Westchester SD 92-5,1116,16074000,1717000,1717000,0,0,0,0
1741820,Illinois,1,3,Western Springs SD 101,1461,23115000,2613000,2613000,0,0,0,0
1741980,Illinois,3,3,CUSD 201,1343,30879000,3611000,3611000,0,0,0,0
1742060,Illinois,3,3,Wethersfield CUSD 230,569,7508000,178000,178000,0,0,0,0
1742180,Illinois,3,3,CUSD 200,12319,200671000,27130000,27130000,0,0,0,0
1742210,Illinois,1,3,Wheeling CCSD 21,6123,122481000,12705000,12705000,0,0,0,0
1742240,Illinois,3,3,North Greene CUSD 3,821,10793000,1358000,1358000,0,0,0,0
1742300,Illinois,1,3,Whiteside SD 115,1285,13976000,1853000,1853000,0,0,0,0
1742310,Illinois,3,3,Sterling CUSD 5,3295,42636000,3811000,3811000,0,0,0,0
1742450,Illinois,3,3,Williamsfield CUSD 210,300,7181000,236000,236000,0,0,0,0
1742480,Illinois,3,3,Williamsville CUSD 15,1544,17339000,340000,340000,0,0,0,0
1742510,Illinois,1,3,Willow Grove SD 46,171,1867000,222000,222000,0,0,0,0
1742570,Illinois,1,3,Willow Springs SD 108,354,5972000,590000,590000,0,0,0,0
1742600,Illinois,1,3,Wilmette SD 39,3526,70816000,8859000,8859000,0,0,0,0
1742630,Illinois,3,3,Wilmington CUSD 209U,1225,14149000,450000,450000,0,0,0,0
1742660,Illinois,3,3,Winchester CUSD 1,611,7942000,842000,842000,0,0,0,0
1742690,Illinois,3,3,Windsor CUSD 1,371,4888000,139000,139000,0,0,0,0
1742720,Illinois,1,3,Winfield SD 34,311,6865000,592000,592000,0,0,0,0
1742790,Illinois,3,3,Winnebago CUSD 323,1340,21346000,1801000,1801000,0,0,0,0
1742840,Illinois,1,3,Winnetka SD 36,1658,46426000,5939000,5939000,0,0,0,0
1742900,Illinois,1,3,Winthrop Harbor SD 1,543,8414000,723000,723000,0,0,0,0
1742960,Illinois,1,3,Wolf Branch SD 113,720,9922000,458000,458000,0,0,0,0
1742990,Illinois,3,3,Shawnee CUSD 84,291,3799000,323000,323000,0,0,0,0
1743020,Illinois,1,3,Wood Dale SD 7,1058,20755000,1623000,1623000,0,0,0,0
1743050,Illinois,1,3,Wood River-Hartford ESD 15,705,10054000,1112000,1112000,0,0,0,0
1743110,Illinois,1,3,Woodland CCSD 50,5279,104191000,9335000,9335000,0,0,0,0
1743330,Illinois,3,3,Woodstock CUSD 200,6332,113538000,10875000,10875000,0,0,0,0
1743380,Illinois,1,3,Worth SD 127,1089,15178000,1616000,1616000,0,0,0,0
1743800,Illinois,3,3,Zeigler-Royalton CUSD 188,560,8013000,721000,721000,0,0,0,0
1743860,Illinois,1,3,Zion ESD 6,2483,42945000,3927000,3927000,0,0,0,0
1743890,Illinois,2,3,Zion-Benton Twp HSD 126,2489,50471000,5394000,5394000,0,0,0,0
1743960,Illinois,3,3,Yorkville CUSD 115,6255,97928000,12343000,12343000,0,0,0,0
1743962,Illinois,3,3,Midwest Central CUSD 191,928,12900000,1292000,1292000,0,0,0,0
1900006,Iowa,3,3,North Fayette Valley Comm School District,1119,14753000,2323000,2237000,17000,0,62000,853000
1900009,Iowa,3,3,Colfax-Mingo Comm School District,751,8215000,1294000,1151000,0,0,138000,890000
1900015,Iowa,3,3,Sibley-Ocheyedan Comm School District,769,8682000,820000,813000,3000,0,3000,275000
1900021,Iowa,3,3,Okoboji Comm School District,1177,12100000,2045000,1980000,5000,0,53000,593000
1900022,Iowa,3,3,Union Comm School District,1071,12481000,1818000,1575000,71000,1000,154000,608000
1900023,Iowa,3,3,Sioux Central Comm School District,682,7219000,1121000,1116000,1000,0,2000,456000
1900024,Iowa,3,3,South Central Calhoun Comm School District,937,10342000,1125000,1100000,0,0,19000,535000
1900025,Iowa,3,3,Panorama Comm School District,730,8211000,1094000,1039000,0,0,55000,441000
1900026,Iowa,3,3,South O'Brien Comm School District,609,7330000,1141000,1033000,43000,1000,62000,378000
1900027,Iowa,3,3,Riverside Comm School District,641,7855000,1024000,936000,0,0,61000,307000
1900028,Iowa,3,3,Prairie Valley Comm School District,551,6953000,615000,555000,0,0,60000,154000
1900031,Iowa,1,3,Albert City-Truesdale Comm School District,114,1655000,184000,166000,10000,0,6000,69000
1900032,Iowa,1,3,Alden Comm School District,173,2445000,257000,256000,1000,0,0,102000
1900040,Iowa,3,3,East Marshall Comm School District,824,8228000,1035000,912000,77000,0,45000,463000
1900060,Iowa,3,3,GMG Comm School District,509,5341000,574000,542000,1000,0,29000,162000
1903060,Iowa,3,3,AGWSR Comm School District,670,7416000,1136000,1071000,1000,0,60000,521000
1903090,Iowa,1,3,Adair-Casey Comm School District,259,3221000,327000,321000,0,2000,4000,119000
1903150,Iowa,3,3,Adel DeSoto Minburn Comm School District,2046,18840000,2784000,2630000,24000,0,116000,871000
1903220,Iowa,3,3,Akron Westfield Comm School District,604,7099000,861000,834000,0,0,25000,352000
1903270,Iowa,3,3,Albia Comm School District,1198,12603000,1606000,1431000,30000,0,131000,504000
1903300,Iowa,3,3,Alburnett Comm School District,695,6897000,583000,514000,24000,13000,30000,265000
1903360,Iowa,3,3,Algona Comm School District,1507,16926000,3302000,3233000,0,0,65000,1017000
1903390,Iowa,3,3,Allamakee Comm School District,1112,12890000,1694000,1524000,78000,2000,78000,629000
1903450,Iowa,3,3,North Butler Comm School District,569,7181000,1026000,905000,5000,0,108000,351000
1903480,Iowa,3,3,Alta-Aurelia Comm School District,818,9227000,857000,832000,0,0,24000,238000
1903540,Iowa,3,3,Ames Comm School District,4940,57755000,8815000,8275000,71000,0,440000,3711000
1903570,Iowa,3,3,Anamosa Comm School District,1254,13052000,1578000,1501000,0,2000,66000,561000
1903630,Iowa,1,3,Andrew Comm School District,166,2674000,316000,316000,0,0,0,133000
1903690,Iowa,3,3,Ankeny Comm School District,12394,133507000,20265000,17960000,125000,342000,1838000,6677000
1903750,Iowa,3,3,Aplington-Parkersburg Comm School District,829,9442000,1184000,1078000,28000,0,73000,532000
1903780,Iowa,3,3,Ar-We-Va Comm School District,240,2482000,203000,196000,0,0,7000,97000
1903850,Iowa,3,3,North Union Comm School District,343,4460000,427000,420000,0,0,5000,101000
1903930,Iowa,3,3,Atlantic Comm School District,1442,16855000,3027000,2724000,123000,0,173000,898000
1903960,Iowa,3,3,Audubon Comm School District,552,6296000,690000,678000,0,0,9000,295000
1904080,Iowa,3,3,AHSTW Comm School District,736,8359000,961000,886000,0,0,72000,221000
1904200,Iowa,3,3,Ballard Comm School District,1735,18379000,2088000,2050000,0,2000,33000,921000
1904380,Iowa,3,3,Baxter Comm School District,451,4744000,464000,450000,0,0,6000,210000
1904440,Iowa,3,3,BCLUW Comm School District,557,6782000,958000,845000,0,0,108000,333000
1904560,Iowa,3,3,Bedford Comm School District,518,5955000,726000,717000,0,0,2000,336000
1904620,Iowa,3,3,Belle Plaine Comm School District,518,5893000,563000,563000,0,0,0,220000
1904650,Iowa,3,3,Bellevue Comm School District,766,7270000,895000,860000,16000,5000,7000,446000
1904680,Iowa,3,3,Belmond-Klemme Comm School District,739,8822000,1435000,1387000,0,1000,41000,469000
1904740,Iowa,1,3,Bennett Comm School District,81,1264000,143000,129000,0,0,14000,52000
1904830,Iowa,3,3,Benton Comm School District,1613,16614000,2068000,1709000,180000,0,174000,866000
1904860,Iowa,3,3,Bettendorf Comm School District,4638,51116000,7324000,6750000,37000,1000,530000,2871000
1904950,Iowa,3,3,Eddyville-Blakesburg- Fremont CSD,1014,11712000,1300000,1233000,25000,0,39000,632000
1905070,Iowa,3,3,Bondurant-Farrar Comm School District,2484,22788000,2951000,2834000,3000,0,104000,1043000
1905130,Iowa,3,3,Boone Comm School District,1993,23270000,4620000,4433000,62000,0,102000,1728000
1905190,Iowa,3,3,Boyden-Hull Comm School District,635,7273000,848000,807000,0,1000,36000,306000
1905430,Iowa,3,3,West Hancock Comm School District,620,6675000,622000,619000,0,0,1000,262000
1905490,Iowa,3,3,Brooklyn-Guernsey-Malcom Comm School District,580,7131000,666000,660000,0,0,6000,251000
1905750,Iowa,3,3,North Iowa Comm School District,483,6014000,759000,758000,0,0,0,247000
1905790,Iowa,3,3,Burlington Comm School District,3571,45055000,8110000,7587000,126000,7000,335000,3401000
1905940,Iowa,3,3,CAM Comm School District,1039,9677000,1118000,1103000,0,0,14000,219000
1905970,Iowa,1,3,CAL Comm School District,139,2092000,210000,205000,0,0,6000,71000
1906000,Iowa,3,3,Calamus-Wheatland Comm School District,457,5691000,667000,633000,0,0,34000,243000
1906060,Iowa,3,3,Camanche Comm School District,979,10618000,1709000,1636000,0,0,73000,729000
1906240,Iowa,3,3,Cardinal Comm School District,1051,10015000,1516000,1484000,0,0,28000,545000
1906270,Iowa,3,3,Carlisle Comm School District,2242,21371000,2775000,2603000,37000,9000,115000,1078000
1906330,Iowa,3,3,Carroll Comm School District,1788,20496000,3429000,3356000,3000,0,58000,1142000
1906510,Iowa,3,3,Cedar Falls Comm School District,5703,60111000,9189000,8595000,232000,1000,308000,3691000
1906540,Iowa,3,3,Cedar Rapids Comm School District,16348,213880000,39732000,33258000,911000,2169000,3252000,16455000
1906660,Iowa,3,3,Center Point-Urbana Comm School District,1588,15162000,2104000,2019000,0,1000,75000,989000
1906750,Iowa,3,3,Centerville Comm School District,1388,15638000,1723000,1637000,27000,0,53000,695000
1906780,Iowa,3,3,Central City Comm School District,424,4683000,387000,385000,0,0,0,160000
1906810,Iowa,3,3,Central DeWitt School District,1563,18309000,2779000,2675000,0,0,92000,1025000
1906840,Iowa,3,3,Central Comm School District,431,5052000,539000,487000,17000,0,35000,173000
1906900,Iowa,3,3,Central Decatur Comm School District,705,8198000,1082000,1065000,0,1000,14000,430000
1906930,Iowa,3,3,Central Lee Comm School District,1180,11397000,1413000,1392000,0,0,19000,539000
1906960,Iowa,3,3,Central Lyon Comm School District,789,9291000,1183000,1108000,0,0,70000,352000
1907050,Iowa,3,3,Chariton Comm School District,1198,14001000,1837000,1758000,0,0,73000,891000
1907080,Iowa,3,3,Charles City Comm School District,1581,18722000,3386000,3213000,14000,0,118000,1197000
1907110,Iowa,1,3,Charter Oak-Ute Comm School District,196,2645000,251000,251000,0,0,0,200000
1907170,Iowa,3,3,Cherokee Comm School District,1170,11563000,1433000,1383000,42000,2000,4000,520000
1907350,Iowa,3,3,Clarinda Comm School District,1185,12895000,1857000,1834000,0,0,19000,481000
1907380,Iowa,3,3,Clarion-Goldfield-Dows Comm School District,1020,12404000,1551000,1534000,0,0,10000,492000
1907410,Iowa,3,3,Clarke Comm School District,1372,16267000,2561000,2379000,11000,0,63000,1066000
1907440,Iowa,3,3,Clarksville Comm School District,320,3266000,319000,319000,0,0,0,133000
1907470,Iowa,1,3,Clay Central-Everly Comm School District,83,1695000,139000,137000,0,0,0,51000
1907590,Iowa,3,3,Clear Creek Amana Comm School District,2695,33023000,4428000,4032000,0,0,368000,1606000
1907620,Iowa,3,3,Clear Lake Comm School District,1463,15032000,2377000,2310000,0,0,58000,823000
1907710,Iowa,3,3,Clinton Comm School District,3342,42807000,7966000,7657000,174000,3000,114000,3957000
1907860,Iowa,3,3,College Comm School District,5775,64918000,10371000,9251000,0,12000,886000,3920000
1907900,Iowa,3,3,Collins-Maxwell Comm School District,398,4921000,572000,571000,0,0,0,225000
1907920,Iowa,3,3,Colo-NESCO Comm School District,436,5219000,487000,471000,9000,0,0,181000
1907980,Iowa,3,3,Columbus Comm School District,700,8001000,879000,842000,0,0,37000,401000
1908070,Iowa,3,3,Coon Rapids-Bayard Comm School District,435,4941000,614000,578000,17000,0,17000,280000
1908130,Iowa,3,3,Corning Comm School District,399,6064000,783000,750000,0,0,28000,309000
1908220,Iowa,3,3,Council Bluffs Comm School District,9180,115090000,24812000,20556000,308000,109000,3105000,8672000
1908310,Iowa,3,3,Creston Comm School District,1383,17024000,2681000,2603000,0,0,64000,1169000
1908520,Iowa,3,3,Dallas Center-Grimes Comm School District,3405,34096000,4851000,4235000,252000,0,356000,1412000
1908550,Iowa,3,3,Danville Comm School District,736,7083000,594000,581000,0,0,13000,260000
1908580,Iowa,3,3,Davenport Comm School District,14821,182152000,36125000,31072000,2125000,64000,2037000,15756000
1908610,Iowa,3,3,Davis County Comm School District,1299,14685000,1746000,1521000,36000,0,174000,700000
1908730,Iowa,3,3,Decorah Community School District,1696,20631000,3846000,3673000,35000,0,126000,1113000
1908880,Iowa,1,3,Delwood Comm School District,156,2171000,178000,175000,0,0,2000,85000
1908910,Iowa,3,3,Denison Comm School District,2397,25081000,2849000,2785000,3000,0,56000,1218000
1908940,Iowa,3,3,Denver Comm School District,921,8774000,978000,931000,44000,0,0,368000
1908970,Iowa,3,3,Des Moines Independent Comm School District,32898,429628000,81132000,58632000,10576000,4155000,5305000,29226000
1909060,Iowa,3,3,Diagonal Comm School District,138,1752000,194000,189000,0,0,6000,98000
1909120,Iowa,3,3,Dike-New Hartford Comm School District,945,10616000,1464000,1376000,33000,0,47000,469000
1909480,Iowa,3,3,Dubuque Comm School District,10512,135979000,28044000,24892000,2182000,77000,700000,11624000
1909540,Iowa,3,3,Dunkerton Comm School District,428,4908000,626000,584000,1000,0,16000,260000
1909570,Iowa,3,3,Boyer Valley Comm School District,433,5011000,545000,534000,2000,0,4000,232000
1909600,Iowa,3,3,Durant Comm School District,663,7330000,870000,806000,0,1000,58000,328000
1909990,Iowa,3,3,Eagle Grove Comm School District,1008,11175000,2087000,1994000,0,0,88000,687000
1910050,Iowa,3,3,Earlham Comm School District,631,6551000,605000,605000,0,0,0,169000
1910110,Iowa,3,3,East Buchanan Comm School District,612,6414000,724000,686000,1000,0,33000,372000
1910130,Iowa,3,3,Easton Valley Comm School District,478,5636000,850000,798000,0,0,35000,399000
1910340,Iowa,3,3,River Valley Comm School District,391,4983000,506000,492000,0,0,13000,187000
1910350,Iowa,3,3,East Union Comm School District,547,6782000,655000,638000,0,0,16000,312000
1910410,Iowa,3,3,Eastern Allamakee Comm School District,334,4049000,344000,316000,27000,0,0,117000
1910500,Iowa,3,3,Edgewood-Colesburg Comm School District,525,5932000,607000,604000,0,0,1000,198000
1910690,Iowa,3,3,Eldora-New Providence Comm School District,554,7603000,1419000,1136000,2000,0,268000,402000
1910950,Iowa,3,3,Emmetsburg Comm School District,811,9197000,1462000,1435000,0,1000,23000,410000
1910980,Iowa,3,3,English Valleys Comm School District,472,6159000,730000,703000,0,0,23000,218000
1911040,Iowa,3,3,Essex Comm School District,171,2535000,345000,326000,0,0,18000,83000
1911070,Iowa,3,3,Estherville Lincoln Central Com Sch Dist,1255,14955000,1916000,1915000,0,0,1000,844000
1911250,Iowa,3,3,Exira-Elk Horn- Kimballton Comm Sch Dist,400,4813000,579000,564000,0,0,12000,184000
1911340,Iowa,3,3,Fairfield Comm School District,1625,19754000,4321000,4270000,0,2000,0,1125000
1911790,Iowa,3,3,Forest City Comm School District,1159,13063000,2555000,2494000,0,1000,60000,1035000
1911820,Iowa,3,3,Fort Dodge Comm School District,3675,45283000,8829000,8068000,414000,0,254000,3300000
1911850,Iowa,3,3,Fort Madison Comm School District,1809,21738000,3555000,3417000,1000,0,102000,1835000
1912120,Iowa,3,3,Fremont-Mills Comm School District,527,5299000,607000,572000,0,0,27000,293000
1912230,Iowa,3,3,Galva-Holstein Comm School District,450,5266000,544000,522000,0,0,22000,129000
1912330,Iowa,3,3,Garner-Hayfield-Ventura Comm School District,973,11487000,917000,889000,0,0,17000,447000
1912480,Iowa,3,3,George-Little Rock Comm School District,412,4962000,442000,440000,0,0,2000,146000
1912510,Iowa,3,3,Gilbert Comm School District,1591,16863000,2001000,1917000,14000,2000,58000,797000
1912600,Iowa,1,3,Gilmore City-Bradgate Comm School District,89,1931000,248000,240000,3000,0,4000,55000
1912660,Iowa,3,3,Gladbrook-Reinbeck Comm School District,456,5669000,952000,871000,5000,0,61000,332000
1912690,Iowa,3,3,Glenwood Comm School District,2076,21605000,2631000,2370000,0,0,135000,1097000
1912750,Iowa,3,3,Glidden-Ralston Comm School District,345,3959000,460000,407000,44000,0,7000,203000
1912810,Iowa,3,3,Graettinger-Terril Comm School District,348,4645000,429000,417000,0,0,12000,154000
1913110,Iowa,3,3,Nodaway Valley Comm School District,640,7547000,1168000,1120000,11000,0,36000,520000
1913200,Iowa,3,3,Grinnell-Newburg Comm School District,1683,19066000,3166000,2969000,107000,0,76000,1139000
1913230,Iowa,3,3,Griswold Comm School District,460,5552000,1008000,934000,1000,0,72000,348000
1913290,Iowa,3,3,Grundy Center Comm School District,697,8041000,1173000,1089000,0,0,77000,438000
1913320,Iowa,3,3,Guthrie Center Comm School District,523,5778000,566000,562000,0,0,5000,285000
1913350,Iowa,3,3,Clayton Ridge Comm School District,1119,10636000,1062000,1059000,0,0,0,388000
1913380,Iowa,3,3,H-L-V Comm School District,338,4127000,455000,420000,0,0,31000,204000
1913440,Iowa,1,3,Hamburg Comm School District,154,2637000,254000,221000,0,0,33000,55000
1913470,Iowa,3,3,Hampton-Dumont Comm School District,1332,16119000,2103000,2024000,0,0,67000,825000
1913500,Iowa,3,3,Harlan Comm School District,1533,17062000,2321000,2218000,0,0,101000,912000
1913660,Iowa,3,3,Hartley-Melvin-Sanborn Comm School District,600,8393000,1289000,1289000,0,0,0,603000
1914010,Iowa,3,3,Highland Comm School District,614,6978000,905000,876000,0,0,28000,361000
1914160,Iowa,3,3,Hinton Comm School District,801,8042000,716000,684000,0,0,31000,251000
1914280,Iowa,3,3,Howard-Winneshiek Comm School District,1068,14391000,2129000,1983000,0,7000,132000,742000
1914310,Iowa,1,3,Hubbard-Radcliffe Comm School District,398,4558000,726000,700000,8000,0,13000,261000
1914340,Iowa,3,3,Hudson Comm School District,786,8347000,1149000,1078000,24000,3000,38000,464000
1914370,Iowa,3,3,Humboldt Comm School District,1504,15775000,2027000,1983000,0,0,41000,805000
1914580,Iowa,3,3,Independence Comm School District,1414,16775000,2511000,2268000,5000,0,216000,941000
1914640,Iowa,3,3,Indianola Comm School District,3663,38204000,4627000,4306000,88000,3000,216000,2172000
1914670,Iowa,3,3,Interstate 35 Comm School District,848,9650000,1020000,994000,0,0,23000,416000
1914700,Iowa,3,3,Iowa City Comm School District,14771,179814000,26140000,22914000,0,51000,3023000,10249000
1914730,Iowa,3,3,Iowa Falls Comm School District,1310,13491000,1753000,1683000,2000,0,59000,756000
1914850,Iowa,3,3,Iowa Valley Comm School District,580,5648000,564000,537000,3000,0,22000,250000
1914880,Iowa,3,3,IKM-Manning Comm School District,705,8142000,1319000,1290000,0,0,28000,446000
1915180,Iowa,3,3,Janesville Consolidated School District,457,4405000,475000,450000,23000,0,0,191000
1915210,Iowa,3,3,Greene County Comm School District,1274,15457000,2278000,2191000,0,0,81000,702000
1915330,Iowa,3,3,Jesup Comm School District,1063,9895000,1195000,1160000,4000,0,24000,364000
1915450,Iowa,3,3,Johnston Comm School District,7434,82978000,15222000,13295000,92000,7000,1742000,4078000
1915630,Iowa,3,3,Keokuk Comm School District,1859,21368000,3950000,3741000,39000,0,145000,1547000
1915660,Iowa,3,3,Keota Comm School District,332,3566000,379000,373000,0,0,4000,58000
1915750,Iowa,3,3,Kingsley-Pierson Comm School District,437,5054000,507000,434000,0,0,68000,182000
1915840,Iowa,3,3,Knoxville Comm School District,1691,19200000,2512000,2491000,0,0,15000,825000
1916110,Iowa,3,3,Lake Mills Comm School District,700,7830000,1192000,1158000,0,0,34000,443000
1916140,Iowa,3,3,Harris-Lake Park Comm School District,334,3341000,252000,252000,0,0,0,104000
1916320,Iowa,3,3,Lamoni Comm School District,337,4417000,454000,426000,0,0,24000,188000
1916420,Iowa,1,3,Laurens-Marathon Comm School District,154,2224000,320000,309000,0,0,10000,124000
1916440,Iowa,3,3,Lawton-Bronson Comm School District,700,6936000,682000,637000,0,0,39000,326000
1916530,Iowa,3,3,Le Mars Comm School District,2211,22828000,2964000,2891000,0,0,67000,1277000
1916620,Iowa,3,3,Lenox Comm School District,508,5484000,510000,500000,0,2000,8000,267000
1916680,Iowa,3,3,Lewis Central Comm School District,3017,32042000,4259000,3874000,88000,0,279000,1832000
1917100,Iowa,3,3,North Cedar Comm School District,666,8463000,1132000,1071000,0,0,56000,417000
1917220,Iowa,3,3,Linn-Mar Comm School District,7808,83062000,12513000,10970000,850000,0,623000,5060000
1917250,Iowa,3,3,Lisbon Comm School District,698,6969000,611000,604000,0,0,7000,209000
1917460,Iowa,3,3,Logan-Magnolia Comm School District,699,6946000,883000,838000,0,0,45000,254000
1917550,Iowa,3,3,Lone Tree Comm School District,483,4983000,504000,504000,0,0,0,187000
1917820,Iowa,3,3,Louisa-Muscatine Comm School District,862,9391000,1328000,1205000,28000,14000,79000,506000
1918030,Iowa,3,3,Lynnville-Sully Comm School District,507,5709000,746000,686000,0,0,60000,254000
1918120,Iowa,3,3,MFL MarMac Comm School District,833,9564000,1108000,1037000,0,1000,63000,359000
1918180,Iowa,3,3,Madrid Comm School District,675,7474000,760000,742000,0,0,17000,260000
1918240,Iowa,3,3,East Mills Comm School District,440,5597000,855000,806000,0,0,49000,204000
1918330,Iowa,3,3,Manson Northwest Webster Comm School District,801,8008000,949000,917000,0,0,32000,420000
1918480,Iowa,3,3,Maple Valley-Anthon Oto Comm School District,657,7746000,862000,817000,0,0,43000,357000
1918510,Iowa,3,3,Maquoketa Comm School District,1358,17332000,3836000,3601000,99000,7000,98000,1534000
1918540,Iowa,3,3,Maquoketa Valley Comm School District,732,7934000,701000,683000,4000,0,10000,233000
1918630,Iowa,3,3,Marcus-Meriden-Cleghorn Comm School District,349,4441000,577000,564000,0,0,13000,130000
1918690,Iowa,3,3,Marion Independent School District,2184,24597000,3039000,2968000,52000,2000,3000,1026000
1918720,Iowa,3,3,Marshalltown Comm School District,5143,60910000,8979000,8533000,1000,22000,184000,3796000
1918750,Iowa,3,3,Martensdale-St Marys Comm School District,562,6155000,592000,507000,70000,0,13000,359000
1918780,Iowa,3,3,Mason City Comm School District,3848,53414000,14492000,12680000,199000,12000,1473000,5190000
1918840,Iowa,3,3,MOC-Floyd Valley Comm School District,1457,16558000,2119000,2011000,14000,2000,71000,873000
1918930,Iowa,3,3,Mediapolis Comm School District,899,9211000,1026000,994000,0,0,32000,456000
1918960,Iowa,3,3,Melcher-Dallas Comm School District,347,3661000,452000,440000,2000,0,6000,166000
1919140,Iowa,3,3,Mid-Prairie Comm School District,1474,17034000,2502000,2351000,0,0,144000,761000
1919200,Iowa,3,3,Midland Comm School District,479,5838000,947000,923000,0,0,21000,285000
1919440,Iowa,3,3,Missouri Valley Comm School District,761,9153000,1272000,1264000,0,0,8000,482000
1919590,Iowa,3,3,Montezuma Comm School District,490,5379000,539000,524000,7000,0,5000,205000
1919650,Iowa,3,3,Monticello Comm School District,1018,12261000,1875000,1827000,0,3000,36000,684000
1919710,Iowa,3,3,Moravia Comm School District,383,4325000,437000,415000,14000,0,7000,138000
1919740,Iowa,3,3,Mormon Trail Comm School District,215,2990000,342000,316000,0,0,25000,154000
1919770,Iowa,1,3,Morning Sun Comm School District,130,1474000,232000,228000,0,0,4000,72000
1919800,Iowa,3,3,Moulton-Udell Comm School District,182,2384000,199000,199000,0,0,0,65000
1919860,Iowa,3,3,Mount Ayr Comm School District,600,7952000,1349000,1331000,0,0,16000,596000
1919890,Iowa,3,3,Mount Pleasant Comm School District,1985,22302000,3210000,3112000,0,0,83000,1160000
1920040,Iowa,3,3,Mount Vernon Comm School District,1415,15289000,1618000,1609000,0,0,2000,506000
1920100,Iowa,3,3,Murray Comm School District,298,3422000,274000,259000,0,0,15000,158000
1920130,Iowa,3,3,Muscatine Comm School District,4784,55915000,8608000,7902000,68000,2000,492000,3700000
1920190,Iowa,3,3,Nashua-Plainfield Comm School District,600,6495000,703000,666000,19000,1000,12000,276000
1920250,Iowa,3,3,Nevada Comm School District,1592,17410000,2152000,2053000,0,0,89000,932000
1920340,Iowa,3,3,New Hampton Comm School District,1021,11687000,1726000,1694000,0,0,26000,623000
1920460,Iowa,3,3,New London Comm School District,556,5687000,774000,754000,0,0,19000,386000
1920580,Iowa,3,3,Newell-Fonda Comm School District,526,6449000,499000,464000,15000,0,19000,209000
1920610,Iowa,3,3,Newton Comm School District,2931,33979000,4929000,4526000,133000,0,250000,1928000
1920760,Iowa,3,3,Central Springs Comm School District,784,9471000,1075000,1020000,3000,0,48000,301000
1920820,Iowa,3,3,North Linn Comm School District,609,5898000,462000,461000,0,0,0,213000
1920830,Iowa,1,3,North Kossuth Comm School District,318,3831000,594000,592000,0,0,2000,221000
1920850,Iowa,3,3,North Mahaska Comm School District,604,6179000,712000,700000,0,0,12000,271000
1920910,Iowa,3,3,North Polk Comm School District,1908,19257000,1862000,1787000,0,2000,68000,571000
1920940,Iowa,3,3,North Scott Comm School District,3208,33576000,3971000,3827000,34000,5000,84000,1676000
1921000,Iowa,3,3,North Tama County Comm School District,480,5384000,685000,677000,0,5000,3000,317000
1921090,Iowa,3,3,Northeast Comm School District,908,9662000,1732000,1705000,0,0,23000,619000
1921210,Iowa,3,3,Northwood-Kensett Comm School District,599,6108000,574000,572000,0,0,1000,230000
1921240,Iowa,3,3,Norwalk Comm School District,3235,32309000,4348000,4076000,191000,30000,34000,1940000
1921600,Iowa,3,3,Odebolt Arthur Battle Creek Ida Grove Comm School District,1010,10964000,1166000,1162000,0,0,0,472000
1921630,Iowa,3,3,Oelwein Comm School District,1313,15871000,2820000,2726000,4000,0,69000,981000
1921660,Iowa,3,3,Ogden Comm School District,738,7324000,767000,740000,0,1000,23000,332000
1921720,Iowa,1,3,Olin Consolidated School District,88,1359000,168000,168000,0,0,0,40000
1921810,Iowa,3,3,Orient-Macksburg Comm School District,161,2121000,246000,241000,4000,0,0,108000
1921840,Iowa,3,3,Osage Comm School District,974,10823000,1143000,1140000,0,2000,1000,393000
1921870,Iowa,3,3,Oskaloosa Comm School District,2156,24667000,3027000,2664000,221000,0,131000,1250000
1922110,Iowa,3,3,Ottumwa Comm School District,4632,46766000,6008000,4955000,426000,3000,591000,2417000
1922380,Iowa,3,3,Paton-Churdan Comm School District,238,2197000,211000,174000,0,0,37000,94000
1922440,Iowa,3,3,Pekin Comm School District,719,8219000,1089000,1032000,35000,0,15000,364000
1922470,Iowa,3,3,Pella Comm School District,2471,25682000,3645000,3588000,0,0,43000,1133000
1922530,Iowa,3,3,Perry Comm School District,1711,20989000,3069000,2951000,0,0,104000,1048000
1923110,Iowa,3,3,Pleasant Valley Comm School District,5094,49974000,4686000,4351000,75000,3000,257000,2125000
1923160,Iowa,3,3,Pleasantville Comm School District,738,7857000,1319000,1296000,12000,0,8000,591000
1923190,Iowa,3,3,Pocahontas Area Comm School District,672,9656000,1179000,1165000,0,0,14000,430000
1923340,Iowa,3,3,Postville Comm School District,767,9417000,919000,891000,0,0,27000,341000
1924000,Iowa,3,3,Red Oak Comm School District,1075,12028000,1321000,1212000,10000,0,96000,470000
1924120,Iowa,1,3,Remsen-Union Comm School District,336,4021000,570000,570000,0,0,0,196000
1924150,Iowa,3,3,Riceville Comm School District,377,4152000,432000,398000,0,0,29000,124000
1924660,Iowa,3,3,Rock Valley Comm School District,946,10317000,1330000,1305000,0,0,20000,446000
1924870,Iowa,3,3,Roland-Story Comm School District,1139,11704000,1307000,1264000,0,0,39000,505000
1924960,Iowa,3,3,Rudd-Rockford-Marble Rk Comm School District,439,5506000,780000,739000,1000,0,33000,214000
1925050,Iowa,3,3,Ruthven-Ayrshire Comm School District,194,2523000,273000,271000,0,0,0,133000
1925200,Iowa,3,3,St Ansgar Comm School District,603,6993000,789000,786000,0,0,0,304000
1925320,Iowa,3,3,Saydel Comm School District,1413,16950000,2699000,2416000,0,0,277000,877000
1925380,Iowa,1,3,Schaller-Crestland Comm School District,401,3955000,375000,330000,22000,0,21000,146000
1925410,Iowa,1,3,Schleswig Comm School District,169,2440000,278000,228000,0,0,44000,82000
1925590,Iowa,3,3,Sergeant Bluff-Luton Comm School District,1609,18711000,2672000,2634000,0,0,28000,1301000
1925620,Iowa,3,3,Seymour Comm School District,251,3072000,320000,288000,0,0,31000,123000
1925920,Iowa,3,3,West Fork Comm School District,738,8372000,1231000,1192000,0,0,36000,357000
1925980,Iowa,3,3,Sheldon Comm School District,1115,12335000,1829000,1668000,7000,6000,144000,648000
1926070,Iowa,3,3,Shenandoah Comm School District,1136,12612000,1550000,1515000,0,0,34000,580000
1926250,Iowa,3,3,Sidney Comm School District,514,5865000,743000,699000,9000,0,33000,283000
1926280,Iowa,3,3,Sigourney Comm School District,585,6392000,619000,606000,8000,0,3000,206000
1926370,Iowa,3,3,Sioux Center Comm School District,1470,17751000,2737000,2693000,0,0,43000,815000
1926400,Iowa,3,3,Sioux City Comm School District,14707,160822000,25040000,22421000,819000,98000,1654000,10640000
1926580,Iowa,3,3,Solon Comm School District,1522,15500000,1657000,1549000,0,0,101000,592000
1926640,Iowa,3,3,South Hamilton Comm School District,721,8127000,840000,794000,0,0,44000,304000
1926670,Iowa,3,3,South Page Comm School District,118,1871000,341000,305000,0,0,37000,95000
1926730,Iowa,3,3,South Tama County,1557,18217000,2452000,2147000,115000,0,147000,876000
1926790,Iowa,3,3,South Winneshiek Comm School District,509,6633000,888000,865000,0,0,20000,394000
1926820,Iowa,3,3,Southeast Polk Comm School District,7297,79467000,14154000,12181000,165000,0,1541000,4426000
1926850,Iowa,3,3,Southeast Warren Comm School District,517,6275000,906000,904000,0,1000,0,326000
1926910,Iowa,3,3,Spencer Comm School District,2148,24872000,4630000,4440000,3000,4000,157000,1684000
1927000,Iowa,3,3,Spirit Lake Comm School District,1299,13718000,1487000,1483000,0,0,0,532000
1927060,Iowa,3,3,Springville Comm School District,433,4133000,454000,445000,0,0,9000,217000
1927240,Iowa,3,3,Stanton Comm School District,239,2673000,174000,174000,0,0,0,79000
1927270,Iowa,3,3,Starmont Comm School District,622,6841000,1012000,979000,18000,0,15000,387000
1927390,Iowa,3,2,Storm Lake Comm School District,2706,30221000,4860000,4588000,187000,2000,78000,1529000
1927480,Iowa,1,3,Stratford Comm School District,65,1550000,212000,208000,0,0,4000,106000
1927500,Iowa,3,3,West Central Valley Comm School District,876,9805000,1653000,1504000,0,12000,137000,469000
1927600,Iowa,3,3,Sumner-Fredericksburg Comm School District,839,9589000,1047000,999000,23000,0,22000,502000
1927870,Iowa,3,3,Tipton Comm School District,1007,10394000,1413000,1408000,0,0,0,485000
1927960,Iowa,3,3,Treynor Comm School District,822,7648000,563000,528000,0,0,35000,187000
1927990,Iowa,3,3,Tri-Center Comm School District,714,7639000,826000,714000,0,0,108000,217000
1928020,Iowa,3,3,Tri-County Comm School District,243,2841000,228000,223000,0,0,5000,89000
1928050,Iowa,3,3,Tripoli Comm School District,404,4877000,730000,684000,30000,0,13000,297000
1928110,Iowa,3,3,Turkey Valley Comm School District,348,4524000,544000,524000,0,0,17000,198000
1928170,Iowa,3,3,Twin Cedars Comm School District,339,4080000,393000,375000,0,0,16000,156000
1928200,Iowa,1,3,Twin Rivers Comm School District,56,1294000,121000,121000,0,0,0,43000
1928230,Iowa,3,3,Underwood Comm School District,798,8349000,844000,817000,0,0,22000,251000
1928560,Iowa,1,3,United Comm School District,376,3840000,438000,426000,0,0,11000,129000
1928680,Iowa,3,3,Urbandale Comm School District,4219,46691000,6629000,6270000,85000,2000,253000,2576000
1928980,Iowa,3,3,Van Buren County Comm School District,842,10161000,1109000,1033000,0,0,71000,383000
1929010,Iowa,3,3,Van Meter Comm School District,895,8392000,675000,665000,0,0,10000,272000
1929280,Iowa,1,3,Villisca Comm School District,305,3463000,334000,334000,0,0,0,183000
1929310,Iowa,3,3,Vinton-Shellsburg Comm School District,1513,18222000,2856000,2542000,47000,0,251000,1186000
1929490,Iowa,3,3,Waco Comm School District,505,5736000,827000,784000,28000,0,10000,290000
1929580,Iowa,3,3,East Sac County Comm School District,850,10192000,987000,984000,0,0,0,370000
1929730,Iowa,3,3,Wapello Comm School District,565,7031000,1121000,1005000,0,0,111000,348000
1929760,Iowa,3,3,Wapsie Valley Comm School District,739,7491000,880000,773000,41000,0,63000,310000
1930240,Iowa,3,3,Washington Comm School District,1736,20314000,3570000,3078000,168000,77000,236000,1311000
1930480,Iowa,3,3,Waterloo Comm School District,10889,133895000,25097000,23684000,133000,0,1071000,9750000
1930510,Iowa,3,3,Waukee Comm School District,11518,121326000,19489000,16026000,0,344000,3084000,6622000
1930540,Iowa,3,3,Waverly-Shell Rock Comm School District,2260,26907000,6135000,5694000,61000,1000,219000,2379000
1930560,Iowa,3,3,Wayne Comm School District,650,6729000,753000,746000,0,0,0,310000
1930630,Iowa,3,3,Webster City Comm School District,1790,21569000,3075000,2955000,40000,0,70000,839000
1930720,Iowa,3,3,West Bend-Mallard Comm School District,351,3605000,342000,342000,0,0,0,129000
1930750,Iowa,3,3,West Branch Comm School District,822,9249000,1141000,1095000,12000,0,30000,387000
1930780,Iowa,3,3,West Burlington Ind School District,974,8930000,804000,770000,0,0,34000,361000
1930870,Iowa,3,2,West Central Comm School District,290,3388000,517000,477000,30000,0,7000,119000
1930900,Iowa,3,3,West Delaware County Comm School District,1421,16229000,2307000,2141000,17000,0,147000,1050000
1930930,Iowa,3,3,West Des Moines Comm School District,9155,110814000,16135000,15282000,184000,0,574000,5488000
1930960,Iowa,3,3,West Harrison Comm School District,297,4085000,618000,537000,52000,0,27000,210000
1930990,Iowa,3,3,West Liberty Comm School District,1372,13885000,1527000,1495000,0,5000,20000,685000
1931020,Iowa,3,3,West Lyon Comm School District,975,9987000,1150000,1148000,0,0,0,368000
1931080,Iowa,3,3,West Marshall Comm School District,1017,9618000,877000,847000,0,0,30000,481000
1931110,Iowa,3,3,West Monona Comm School District,648,7149000,873000,847000,6000,1000,20000,367000
1931290,Iowa,3,3,West Sioux Comm School District,845,10139000,1531000,1401000,70000,0,50000,364000
1931350,Iowa,3,3,Western Dubuque Comm School District,3523,39834000,5833000,5714000,37000,13000,51000,2438000
1931470,Iowa,3,3,Westwood Comm School District,614,6676000,965000,909000,27000,0,24000,381000
1931620,Iowa,3,3,Whiting Comm School District,198,2640000,217000,202000,0,0,14000,97000
1931680,Iowa,3,3,Williamsburg Comm School District,1195,13099000,1312000,1257000,0,0,52000,441000
1931800,Iowa,3,3,Wilton Comm School District,940,9979000,1035000,995000,0,2000,33000,359000
1931830,Iowa,3,3,Winfield-Mt Union Comm School District,429,4347000,318000,318000,0,0,0,140000
1931860,Iowa,3,3,Winterset Comm School District,1745,19224000,2868000,2711000,0,1000,142000,1092000
1931920,Iowa,3,3,Woodbine Comm School District,512,5626000,750000,729000,0,0,20000,337000
1931950,Iowa,3,3,Woodbury Central Comm School District,620,6969000,1046000,1005000,1000,0,38000,408000
1932010,Iowa,3,3,Woodward-Granger Comm School District,1271,14500000,4508000,4136000,274000,2000,88000,1064000
1999017,Iowa,3,3,PCM Comm School District,1131,11901000,1893000,1714000,57000,0,110000,641000
1999019,Iowa,1,3,Southeast Webster Grand Comm School District,569,5766000,647000,548000,0,0,99000,191000
2100030,Kentucky,3,3,Adair County,2763,28200000,2898000,2780000,0,4000,114000,1730000
2100070,Kentucky,3,3,Allen County,3172,31431000,4626000,4003000,298000,142000,183000,1967000
2100081,Kentucky,3,3,Muhlenberg County,4692,52303000,5226000,4939000,32000,0,255000,2993000
2100090,Kentucky,1,3,Anchorage Independent,393,8362000,851000,84000,0,767000,0,21000
2100120,Kentucky,3,3,Anderson County,3808,36762000,2905000,2905000,0,0,0,2219000
2100150,Kentucky,3,3,Ashland Independent,3411,38403000,7563000,4718000,57000,2639000,148000,2242000
2100180,Kentucky,3,3,Augusta Independent,299,3676000,326000,178000,148000,0,0,124000
2100210,Kentucky,3,3,Ballard County,1189,13496000,863000,764000,99000,0,0,453000
2100240,Kentucky,3,3,Barbourville Independent,692,6862000,648000,512000,76000,60000,0,324000
2100270,Kentucky,3,3,Bardstown Independent,2782,32301000,6273000,4746000,1150000,264000,113000,2142000
2100300,Kentucky,3,3,Barren County,5406,56348000,6969000,6772000,0,0,188000,3727000
2100330,Kentucky,3,3,Bath County,2058,20903000,2064000,1597000,0,424000,43000,1050000
2100360,Kentucky,3,3,Beechwood Independent,1502,15683000,1388000,1381000,2000,0,6000,688000
2100390,Kentucky,3,3,Bell County,2672,31863000,3359000,2518000,367000,439000,29000,1501000
2100420,Kentucky,3,3,Bellevue Independent,664,9365000,689000,434000,56000,190000,10000,218000
2100480,Kentucky,3,3,Berea Independent,1160,14671000,2466000,1903000,26000,536000,0,1139000
2100510,Kentucky,3,3,Boone County,21351,240325000,28846000,21104000,4330000,919000,2494000,12288000
2100540,Kentucky,3,3,Bourbon County,2965,30624000,3233000,2987000,0,132000,114000,1832000
2100570,Kentucky,3,3,Bowling Green Independent,4416,51580000,4304000,3846000,282000,97000,78000,2520000
2100620,Kentucky,3,3,Boyd County,3322,40340000,7981000,6743000,679000,305000,254000,3665000
2100630,Kentucky,3,3,Boyle County,2817,31735000,4269000,3035000,317000,827000,90000,2405000
2100660,Kentucky,3,3,Bracken County,1275,13319000,1351000,1031000,186000,109000,25000,693000
2100690,Kentucky,3,3,Breathitt County,1939,21726000,2255000,1618000,348000,194000,95000,1276000
2100720,Kentucky,3,3,Breckinridge County,2783,30173000,3449000,3292000,157000,0,0,1568000
2100750,Kentucky,3,3,Bullitt County,13330,134340000,16388000,15691000,0,34000,661000,9693000
2100780,Kentucky,3,3,Burgin Independent,511,5875000,652000,572000,0,79000,0,350000
2100810,Kentucky,3,3,Butler County,2359,23274000,3018000,2806000,102000,111000,0,1507000
2100840,Kentucky,3,3,Caldwell County,1990,19790000,2001000,1912000,0,0,62000,1016000
2100870,Kentucky,3,3,Calloway County,3079,31462000,4335000,4112000,0,151000,72000,2148000
2100900,Kentucky,3,3,Campbell County,5203,58569000,9051000,7573000,1113000,71000,295000,4186000
2100930,Kentucky,3,3,Campbellsville Independent,1249,14296000,1819000,1688000,0,65000,66000,1036000
2100960,Kentucky,3,3,Carlisle County,773,8884000,577000,555000,0,0,21000,289000
2100990,Kentucky,3,3,Carroll County,2173,28329000,3031000,2614000,103000,168000,31000,1046000
2101020,Kentucky,3,3,Carter County,4342,46060000,6846000,6028000,338000,13000,467000,2753000
2101050,Kentucky,3,3,Casey County,2406,26176000,3409000,2976000,223000,40000,170000,1303000
2101110,Kentucky,3,3,Caverna Independent,704,8974000,1345000,932000,265000,122000,25000,500000
2101150,Kentucky,3,3,Christian County,8918,89317000,14235000,10570000,2822000,530000,284000,4739000
2101200,Kentucky,3,3,Clark County,5633,61255000,9131000,7797000,690000,320000,324000,4078000
2101230,Kentucky,3,3,Clay County,3235,35921000,5669000,3891000,1071000,344000,363000,2102000
2101260,Kentucky,3,3,Clinton County,1765,20605000,1809000,1455000,255000,76000,23000,974000
2101290,Kentucky,3,3,Cloverport Independent,340,4017000,309000,175000,44000,90000,0,93000
2101320,Kentucky,3,3,Corbin Independent,3093,31076000,2184000,1916000,155000,114000,0,1785000
2101350,Kentucky,3,3,Covington Independent,4119,55884000,6173000,5193000,943000,0,37000,3158000
2101380,Kentucky,3,3,Crittenden County,1443,14679000,1495000,1072000,325000,93000,1000,537000
2101410,Kentucky,3,3,Cumberland County,980,11526000,1745000,1078000,132000,482000,53000,506000
2101440,Kentucky,3,3,Danville Independent,1971,26093000,4026000,3485000,117000,243000,182000,1815000
2101470,Kentucky,3,3,Daviess County,12048,129474000,16457000,16097000,0,15000,345000,8142000
2101500,Kentucky,3,3,Dawson Springs Independent,605,7069000,1110000,1043000,0,66000,0,508000
2101530,Kentucky,3,3,Dayton Independent,1003,11900000,1713000,1267000,299000,121000,26000,696000
2101590,Kentucky,1,3,East Bernstadt Independent,549,4916000,685000,435000,137000,114000,0,237000
2101620,Kentucky,3,3,Edmonson County,1927,20065000,1783000,1518000,0,203000,62000,1018000
2101650,Kentucky,3,3,Elizabethtown Independent,2520,27208000,3103000,2591000,243000,217000,52000,1394000
2101680,Kentucky,3,3,Elliott County,1036,11169000,1016000,906000,0,110000,0,643000
2101710,Kentucky,3,3,Eminence Independent,989,10143000,1080000,907000,121000,52000,0,469000
2101740,Kentucky,3,3,Erlanger-Elsmere Independent,2605,28707000,3157000,2689000,248000,219000,0,1359000
2101760,Kentucky,3,3,Estill County,2417,24557000,2400000,1302000,503000,283000,312000,858000
2101800,Kentucky,3,3,Fairview Independent,701,7114000,487000,380000,13000,84000,10000,262000
2101860,Kentucky,3,3,Fayette County,43342,569417000,57343000,43790000,9493000,3844000,0,25793000
2101920,Kentucky,3,3,Fleming County,2194,23590000,2647000,2424000,0,81000,142000,1222000
2101950,Kentucky,3,3,Floyd County,5865,68566000,10445000,8711000,0,1402000,332000,3722000
2101980,Kentucky,3,3,Frankfort Independent,961,12062000,1405000,1174000,126000,105000,0,509000
2102010,Kentucky,3,3,Franklin County,6534,72712000,11183000,9622000,1309000,252000,0,4255000
2102040,Kentucky,3,3,Fort Thomas Independent,3177,34941000,2366000,1866000,269000,84000,147000,1060000
2102070,Kentucky,3,3,Fulton Independent,320,5191000,433000,433000,0,0,0,316000
2102100,Kentucky,3,3,Fulton County,653,7348000,816000,816000,0,0,0,400000
2102130,Kentucky,3,3,Gallatin County,1634,17670000,1861000,1570000,107000,131000,53000,786000
2102160,Kentucky,3,3,Garrard County,2645,27992000,3649000,3574000,0,42000,33000,1735000
2102220,Kentucky,3,3,Glasgow Independent,2485,25972000,3372000,2666000,489000,198000,0,1278000
2102250,Kentucky,3,3,Grant County,3666,38552000,5341000,4216000,551000,186000,387000,1981000
2102280,Kentucky,3,3,Graves County,4259,44657000,6263000,4466000,1175000,568000,55000,2158000
2102300,Kentucky,3,3,Grayson County,4292,43241000,6760000,5792000,458000,196000,291000,2568000
2102340,Kentucky,3,3,Green County,1663,18167000,1659000,1339000,36000,154000,129000,963000
2102400,Kentucky,3,3,Greenup County,2875,30429000,2820000,2046000,503000,173000,99000,1334000
2102460,Kentucky,3,3,Hancock County,1674,19105000,2064000,1358000,316000,165000,225000,817000
2102490,Kentucky,3,3,Hardin County,15288,155250000,20754000,15864000,2755000,541000,1562000,12270000
2102520,Kentucky,3,3,Harlan Independent,731,7937000,611000,443000,150000,18000,0,262000
2102540,Kentucky,3,3,Harlan County,3968,41634000,7505000,5878000,992000,275000,360000,2491000
2102580,Kentucky,3,3,Harrison County,2998,31420000,4282000,3552000,494000,117000,112000,1781000
2102640,Kentucky,3,3,Hart County,2466,27281000,2813000,1914000,509000,206000,185000,1286000
2102670,Kentucky,3,3,Hazard Independent,991,11256000,1280000,1222000,24000,34000,0,565000
2102710,Kentucky,3,3,Henderson County,7496,80510000,7792000,6814000,681000,81000,216000,4910000
2102760,Kentucky,3,3,Henry County,2159,24198000,3414000,3105000,0,222000,87000,1264000
2102790,Kentucky,3,3,Hickman County,793,9228000,1077000,861000,120000,96000,0,427000
2102860,Kentucky,3,3,Hopkins County,6850,69480000,11352000,10444000,81000,0,827000,5468000
2102910,Kentucky,3,3,Jackson Independent,332,3748000,106000,104000,2000,0,0,53000
2102940,Kentucky,3,3,Jackson County,2159,25203000,4685000,3741000,547000,209000,187000,1994000
2102990,Kentucky,3,3,Jefferson County,100348,1427789000,143142000,85842000,11904000,33614000,11210000,59022000
2103000,Kentucky,3,3,Jenkins Independent,436,5630000,574000,437000,71000,53000,14000,280000
2103030,Kentucky,3,3,Jessamine County,8675,90991000,10583000,8281000,1755000,547000,0,6001000
2103060,Kentucky,3,3,Johnson County,3590,40601000,5553000,5424000,0,0,130000,2951000
2103090,Kentucky,3,3,Kenton County,14602,145371000,18634000,14550000,2653000,3000,1429000,8869000
2103120,Kentucky,3,3,Knott County,2284,28413000,3535000,2973000,0,239000,324000,1921000
2103150,Kentucky,3,3,Knox County,4360,52018000,8393000,6498000,1151000,133000,609000,3239000
2103180,Kentucky,3,3,LaRue County,2426,26812000,3824000,2977000,482000,200000,165000,1501000
2103210,Kentucky,3,3,Laurel County,9388,89357000,13908000,10602000,2383000,317000,606000,5530000
2103240,Kentucky,3,3,Lawrence County,2571,28704000,3178000,2835000,0,344000,0,1898000
2103270,Kentucky,3,3,Lee County,890,9922000,991000,815000,40000,115000,20000,372000
2103330,Kentucky,3,3,Leslie County,1767,19808000,2819000,2106000,431000,137000,145000,947000
2103360,Kentucky,3,3,Letcher County,2993,35927000,4697000,3586000,714000,269000,128000,2587000
2103390,Kentucky,3,3,Lewis County,2259,23587000,2614000,1855000,592000,0,166000,897000
2103480,Kentucky,3,3,Lincoln County,3701,41326000,3500000,3081000,0,177000,242000,2253000
2103510,Kentucky,3,3,Livingston County,1198,15878000,1540000,1422000,0,25000,65000,735000
2103540,Kentucky,3,3,Logan County,3547,36684000,3873000,3324000,347000,149000,53000,2433000
2103630,Kentucky,3,3,Ludlow Independent,855,9784000,1480000,1102000,280000,4000,34000,633000
2103690,Kentucky,3,3,Lyon County,970,10164000,1178000,959000,77000,143000,0,414000
2103720,Kentucky,3,3,Madison County,12017,115597000,17378000,11826000,3783000,749000,1020000,5581000
2103750,Kentucky,3,3,Magoffin County,2075,23479000,3343000,2557000,409000,183000,194000,1202000
2103780,Kentucky,3,3,Marion County,3309,36593000,4635000,4011000,280000,177000,167000,1850000
2103810,Kentucky,3,3,Marshall County,4807,50785000,4639000,4147000,251000,155000,86000,2670000
2103840,Kentucky,3,3,Martin County,1911,21301000,3100000,2418000,529000,153000,0,921000
2103870,Kentucky,3,3,Mason County,2777,29550000,4921000,4562000,115000,154000,91000,2081000
2103900,Kentucky,3,3,Mayfield Independent,2031,21094000,1998000,1903000,0,84000,0,943000
2103960,Kentucky,3,3,McCracken County,7223,74412000,8651000,8277000,0,13000,305000,3499000
2103990,Kentucky,3,3,McCreary County,2955,31691000,4397000,3334000,723000,161000,178000,1718000
2104020,Kentucky,3,3,McLean County,1558,16229000,2247000,1963000,120000,119000,45000,1008000
2104050,Kentucky,3,3,Meade County,5020,47126000,4953000,3475000,1120000,39000,319000,2315000
2104080,Kentucky,3,3,Menifee County,978,12392000,1613000,948000,453000,163000,49000,596000
2104110,Kentucky,3,3,Mercer County,2822,31625000,9398000,9052000,0,257000,90000,2595000
2104140,Kentucky,3,3,Metcalfe County,1558,16686000,2045000,1962000,0,0,31000,1112000
2104170,Kentucky,3,3,Middlesboro Independent,1201,14205000,2390000,1451000,733000,172000,34000,891000
2104200,Kentucky,3,3,Monroe County,1894,23091000,2750000,2242000,0,488000,20000,980000
2104250,Kentucky,3,3,Montgomery County,4704,47184000,6005000,3847000,1274000,159000,348000,2188000
2104290,Kentucky,3,3,Morgan County,2007,22158000,3578000,2541000,526000,187000,307000,1429000
2104380,Kentucky,3,3,Murray Independent,1834,22951000,1982000,1629000,245000,89000,19000,853000
2104410,Kentucky,3,3,Nelson County,4734,50428000,6159000,5855000,0,138000,165000,3194000
2104440,Kentucky,3,3,Newport Independent,1528,24947000,2675000,2229000,0,446000,0,973000
2104470,Kentucky,3,3,Nicholas County,1124,10956000,791000,556000,0,176000,15000,373000
2104500,Kentucky,3,3,Ohio County,4299,41427000,5059000,3961000,706000,248000,144000,1829000
2104530,Kentucky,3,3,Oldham County,12941,136947000,12748000,8473000,3040000,1041000,194000,6054000
2104560,Kentucky,3,3,Owen County,1923,19488000,1873000,1746000,107000,0,19000,885000
2104590,Kentucky,3,3,Owensboro Independent,5176,64872000,8347000,6180000,1395000,497000,275000,3048000
2104620,Kentucky,3,3,Owsley County,772,10283000,1291000,1004000,0,287000,0,381000
2104650,Kentucky,3,3,Paducah Independent,3308,37989000,2594000,2084000,247000,216000,47000,1326000
2104680,Kentucky,3,3,Paintsville Independent,749,9491000,718000,517000,19000,166000,16000,336000
2104710,Kentucky,3,3,Paris Independent,743,8372000,679000,548000,72000,30000,28000,310000
2104740,Kentucky,3,3,Pendleton County,2417,23747000,3210000,2648000,323000,31000,208000,1098000
2104770,Kentucky,3,3,Perry County,4052,44953000,6843000,5664000,810000,179000,190000,2750000
2104800,Kentucky,3,3,Pike County,8492,94863000,8199000,6320000,1616000,200000,62000,4536000
2104830,Kentucky,3,3,Pikeville Independent,1161,14592000,1627000,1244000,156000,176000,50000,564000
2104860,Kentucky,3,3,Pineville Independent,616,6425000,368000,262000,83000,24000,0,158000
2104890,Kentucky,3,3,Powell County,2297,25087000,4670000,4052000,37000,418000,163000,1819000
2104950,Kentucky,3,3,Pulaski County,8710,88039000,9300000,7102000,1739000,205000,254000,4434000
2104980,Kentucky,3,3,Raceland-Worthington Independent,1102,10605000,844000,731000,0,113000,0,790000
2105040,Kentucky,3,3,Robertson County,448,5425000,478000,388000,90000,0,0,200000
2105070,Kentucky,3,3,Rockcastle County,2812,30154000,4996000,3925000,821000,250000,0,1956000
2105100,Kentucky,3,3,Rowan County,3548,35165000,3318000,2890000,7000,90000,331000,1834000
2105130,Kentucky,3,3,Russell Independent,2297,23974000,1889000,1586000,0,262000,41000,867000
2105160,Kentucky,3,3,Russell County,3114,31973000,4379000,3469000,457000,308000,144000,1491000
2105190,Kentucky,3,3,Russellville Independent,1023,13903000,1201000,798000,205000,170000,26000,494000
2105220,Kentucky,1,3,Science Hill Independent,428,4569000,460000,406000,54000,0,0,282000
2105260,Kentucky,3,3,Scott County,9925,99939000,17523000,13463000,3202000,454000,404000,6210000
2105320,Kentucky,3,3,Shelby County,7304,80599000,11361000,10905000,25000,88000,342000,4756000
2105400,Kentucky,3,3,Simpson County,3158,34383000,3953000,3539000,270000,144000,0,1595000
2105430,Kentucky,3,3,Somerset Independent,1695,18480000,1963000,1941000,0,0,22000,874000
2105460,Kentucky,1,3,Southgate Independent,212,3369000,477000,477000,0,0,0,124000
2105490,Kentucky,3,3,Spencer County,3169,30970000,4119000,2905000,810000,279000,95000,1564000
2105520,Kentucky,3,3,Taylor County,2783,28342000,3508000,3326000,0,99000,52000,1433000
2105550,Kentucky,3,3,Todd County,2061,20449000,2867000,2068000,409000,216000,175000,989000
2105580,Kentucky,3,3,Trigg County,2044,23295000,1700000,1448000,0,177000,75000,1002000
2105610,Kentucky,3,3,Trimble County,1219,12964000,1222000,1092000,0,74000,56000,569000
2105640,Kentucky,3,3,Union County,2174,24300000,3450000,2658000,424000,220000,148000,1287000
2105700,Kentucky,3,3,Walton-Verona Independent,1868,19084000,1089000,973000,0,95000,21000,609000
2105730,Kentucky,3,3,Warren County,17508,163577000,17981000,12511000,4800000,152000,415000,5793000
2105760,Kentucky,3,3,Washington County,1774,20062000,2404000,1924000,373000,55000,52000,1052000
2105790,Kentucky,3,3,Wayne County,3314,35169000,5252000,4100000,681000,202000,269000,2214000
2105820,Kentucky,3,3,Webster County,2258,24236000,2669000,1821000,495000,210000,143000,1121000
2105850,Kentucky,1,3,West Point Independent,149,2172000,133000,133000,0,0,0,63000
2105880,Kentucky,3,3,Whitley County,4373,50466000,6588000,5533000,631000,191000,228000,2876000
2105910,Kentucky,3,3,Williamsburg Independent,882,10177000,1111000,973000,57000,82000,0,653000
2105940,Kentucky,3,3,Williamstown Independent,960,9709000,929000,729000,134000,66000,0,350000
2105970,Kentucky,3,3,Wolfe County,1234,15921000,1630000,1549000,0,0,80000,1243000
2106000,Kentucky,3,3,Woodford County,4253,45329000,4431000,3152000,940000,251000,87000,1471000
2200030,Louisiana,3,3,Acadia Parish,9739,95108000,9236000,7010000,1334000,206000,686000,2608000
2200036,Louisiana,2,3,New Orleans Center for Creative Arts,234,8212000,3000,3000,0,0,0,3000
2200039,Louisiana,3,3,Zachary Community School District,5550,62181000,6635000,5112000,451000,358000,714000,2484000
2200040,Louisiana,3,3,City of Baker School District,1313,15775000,1396000,967000,145000,147000,136000,484000
2200047,Louisiana,2,3,Office of Juvenile Justice,172,26764000,424000,0,0,424000,0,0
2200054,Louisiana,1,3,Recovery School District-LDE,1010,11185000,496000,496000,0,0,0,136000
2200060,Louisiana,3,3,Allen Parish,4205,47405000,3841000,3047000,315000,160000,319000,1324000
2200090,Louisiana,3,3,Ascension Parish,23066,262459000,31019000,24122000,2969000,2349000,1581000,9671000
2200120,Louisiana,3,3,Assumption Parish,3283,38550000,5351000,3462000,1268000,224000,397000,1594000
2200125,Louisiana,3,3,Central Community School District,4793,49094000,5318000,3921000,506000,262000,630000,1460000
2200150,Louisiana,3,2,Avoyelles Parish,5054,54892000,7436000,6124000,353000,323000,636000,2162000
2200180,Louisiana,3,3,Beauregard Parish,5866,63721000,8968000,6871000,1292000,248000,556000,3329000
2200210,Louisiana,3,3,Bienville Parish,2171,33954000,3315000,2742000,278000,93000,203000,1093000
2200240,Louisiana,3,2,City of Bogalusa School District,1904,28985000,3754000,2390000,849000,324000,191000,1254000
2200270,Louisiana,3,3,Bossier Parish,22633,253529000,37603000,28458000,3158000,2966000,3021000,11985000
2200290,Louisiana,3,3,Thrive Academy,173,6942000,238000,236000,0,0,2000,107000
2200300,Louisiana,3,2,Caddo Parish,37466,447101000,63333000,52065000,4180000,3229000,3860000,20124000
2200315,Louisiana,2,3,RSD-Capitol Education Foundation,354,4143000,198000,192000,6000,0,0,124000
2200330,Louisiana,3,3,Calcasieu Parish,31444,402755000,58180000,45786000,5910000,1469000,5015000,24015000
2200360,Louisiana,3,3,Caldwell Parish,1520,21347000,3000000,2554000,321000,103000,22000,925000
2200390,Louisiana,3,3,Cameron Parish,1339,24974000,2243000,1749000,201000,124000,169000,789000
2200420,Louisiana,3,3,Catahoula Parish,1143,14461000,1632000,1105000,339000,134000,54000,441000
2200450,Louisiana,3,3,Claiborne Parish,1643,22713000,2886000,2108000,388000,283000,107000,839000
2200480,Louisiana,3,3,Concordia Parish,3309,41972000,4246000,3331000,635000,239000,41000,1368000
2200510,Louisiana,3,3,DeSoto Parish,4946,79679000,10859000,8217000,1455000,498000,689000,2560000
2200540,Louisiana,3,2,East Baton Rouge Parish,41291,560489000,63640000,45297000,9824000,2923000,5596000,20792000
2200570,Louisiana,3,3,East Carroll Parish,932,13000000,1015000,782000,94000,122000,16000,351000
2200600,Louisiana,3,2,East Feliciana Parish,1795,22134000,1552000,1009000,205000,119000,219000,340000
2200630,Louisiana,3,3,Evangeline Parish,5711,60475000,8666000,7096000,605000,362000,603000,2904000
2200660,Louisiana,3,3,Franklin Parish,2968,34115000,4106000,2873000,365000,394000,473000,1203000
2200690,Louisiana,3,3,Grant Parish,2937,30865000,4148000,3265000,302000,135000,447000,1659000
2200720,Louisiana,3,3,Iberia Parish,11989,127159000,20727000,15322000,1987000,1036000,2382000,6892000
2200750,Louisiana,3,3,Iberville Parish,4539,76522000,6278000,4787000,356000,652000,484000,2239000
2200780,Louisiana,3,3,Jackson Parish,2263,25193000,2315000,1825000,145000,245000,101000,674000
2200810,Louisiana,3,3,Jefferson Davis Parish,5705,62673000,7259000,5852000,677000,188000,542000,2630000
2200840,Louisiana,3,2,Jefferson Parish,49862,595291000,95464000,74289000,13189000,1326000,6661000,33734000
2200870,Louisiana,3,3,Lafayette Parish,31430,330384000,46013000,36678000,3927000,1458000,3950000,16689000
2200900,Louisiana,3,2,Lafourche Parish,14652,142521000,19856000,15700000,2591000,576000,989000,5446000
2200960,Louisiana,3,3,LaSalle Parish,2656,30086000,4091000,3263000,307000,235000,285000,1003000
2200990,Louisiana,3,3,Lincoln Parish,5467,72588000,10234000,8743000,739000,503000,249000,3550000
2201020,Louisiana,3,3,Livingston Parish,25781,256018000,39821000,32833000,2261000,1941000,2786000,13036000
2201050,Louisiana,3,3,Madison Parish,1183,16480000,630000,355000,19000,100000,156000,101000
2201080,Louisiana,3,3,City of Monroe School District,8178,101128000,13973000,11159000,1738000,816000,261000,5255000
2201110,Louisiana,3,2,Morehouse Parish,3566,41799000,5567000,3793000,712000,543000,519000,1607000
2201140,Louisiana,3,3,Natchitoches Parish,5836,66081000,9617000,6999000,1267000,279000,1072000,3147000
2201170,Louisiana,3,2,Orleans Parish,4612,108089000,7538000,4847000,1544000,1148000,0,1992000
2201200,Louisiana,3,3,Ouachita Parish,19058,200748000,20458000,14143000,1758000,3131000,1426000,5834000
2201230,Louisiana,3,3,Plaquemines Parish,4045,64944000,10649000,8084000,1439000,443000,682000,3491000
2201260,Louisiana,3,3,Pointe Coupee Parish,2841,31456000,3636000,2292000,491000,139000,714000,929000
2201290,Louisiana,3,3,Rapides Parish,22855,251344000,37912000,30038000,3128000,2121000,2624000,14077000
2201320,Louisiana,3,3,Red River Parish,1453,25051000,2727000,1920000,465000,191000,151000,781000
2201350,Louisiana,3,3,Richland Parish,2738,31608000,3162000,2660000,337000,158000,6000,1200000
2201380,Louisiana,3,3,Sabine Parish,4327,50354000,6560000,5328000,492000,449000,291000,2388000
2201410,Louisiana,3,3,St. Bernard Parish,7941,90295000,8512000,6579000,1278000,333000,321000,2955000
2201440,Louisiana,3,3,St. Charles Parish,9440,158404000,20960000,19285000,388000,281000,1006000,6991000
2201470,Louisiana,3,3,St. Helena Parish,1214,14768000,1709000,1065000,251000,219000,174000,492000
2201500,Louisiana,3,3,St. James Parish,3684,64582000,6635000,4586000,1517000,100000,431000,2289000
2201530,Louisiana,3,3,St. John the Baptist Parish,5918,85609000,13418000,11248000,1162000,444000,563000,4701000
2201560,Louisiana,3,3,St. Landry Parish,12965,145521000,20236000,16877000,1235000,1381000,743000,6959000
2201590,Louisiana,3,3,St. Martin Parish,7695,79405000,9672000,6719000,1907000,339000,706000,2905000
2201620,Louisiana,3,3,St. Mary Parish,8407,95263000,11952000,9269000,1132000,977000,575000,3327000
2201650,Louisiana,3,3,St. Tammany Parish,38229,462262000,88663000,63172000,11143000,2873000,11475000,25383000
2201680,Louisiana,3,3,Tangipahoa Parish,19835,201674000,32214000,24730000,4511000,1102000,1871000,11238000
2201710,Louisiana,3,3,Tensas Parish,391,7061000,1079000,772000,84000,195000,28000,259000
2201740,Louisiana,3,3,Terrebonne Parish,16970,180034000,23134000,17422000,2575000,1310000,1828000,8078000
2201770,Louisiana,3,2,Union Parish,2001,23744000,2568000,1725000,478000,184000,181000,722000
2201800,Louisiana,3,3,Vermilion Parish,9568,92126000,12972000,9774000,1576000,656000,965000,4595000
2201830,Louisiana,3,3,Vernon Parish,8541,92860000,10220000,9067000,524000,300000,330000,3467000
2201860,Louisiana,3,3,Washington Parish,5090,53508000,6991000,5133000,795000,435000,628000,2192000
2201890,Louisiana,3,3,Webster Parish,5941,64129000,9487000,8278000,363000,250000,595000,2503000
2201920,Louisiana,3,3,West Baton Rouge Parish,3443,59889000,9510000,8012000,432000,545000,521000,3641000
2201950,Louisiana,3,3,West Carroll Parish,1952,21481000,1671000,1160000,209000,226000,77000,395000
2201980,Louisiana,3,3,West Feliciana Parish,2217,33799000,4117000,3431000,228000,281000,177000,1936000
2202010,Louisiana,3,3,Winn Parish,2120,24844000,2726000,2199000,241000,174000,113000,1012000
2300008,Maine,1,3,Fayette Public Schools,78,1282000,163000,107000,39000,0,0,41000
2300053,Maine,2,3,Five Town CSD,712,12179000,1575000,1148000,120000,0,0,382000
2300062,Maine,1,3,East Machias Public Schools,182,2169000,544000,446000,40000,0,0,129000
2300065,Maine,1,3,Cutler Public Schools,67,829000,153000,112000,23000,0,0,42000
2300067,Maine,1,3,Machiasport Public Schools,55,988000,277000,235000,24000,0,0,33000
2302220,Maine,1,3,Acton Public Schools,232,4498000,996000,738000,96000,0,102000,136000
2302510,Maine,1,3,Appleton Public Schools,148,2257000,469000,429000,0,0,0,68000
2302610,Maine,3,3,Auburn Public Schools,3532,44913000,12196000,9651000,1085000,0,0,3489000
2302640,Maine,3,3,Augusta Public Schools,2268,31368000,5306000,4242000,699000,0,9000,1143000
2302730,Maine,3,3,Baileyville Public Schools,336,6442000,660000,489000,78000,0,0,169000
2302820,Maine,3,3,Bangor Public Schools,3685,51069000,9259000,6716000,2176000,0,0,2499000
2302850,Maine,1,3,Bar Harbor Public Schools,337,6829000,1378000,988000,296000,0,0,264000
2302950,Maine,1,3,Beals Public Schools,67,898000,123000,90000,4000,0,0,54000
2303150,Maine,3,3,Biddeford Public Schools,2464,36270000,6787000,4607000,1368000,0,5000,1703000
2303210,Maine,1,3,Blue Hill Public Schools,259,4621000,955000,719000,145000,0,2000,165000
2303290,Maine,3,3,Boothbay-Boothbay Hbr CSD,475,9505000,1522000,1105000,318000,0,0,376000
2303510,Maine,3,3,Brewer Public Schools,1654,21103000,4092000,3190000,683000,0,0,1066000
2303600,Maine,1,3,Bristol Public Schools,198,3665000,844000,565000,228000,0,0,65000
2303610,Maine,1,3,Brooklin Public Schools,59,1595000,180000,103000,52000,0,0,2000
2303640,Maine,1,3,Brooksville Public Schools,59,1411000,167000,122000,21000,0,0,38000
2303780,Maine,3,3,Brunswick Public Schools,2422,38065000,6209000,4621000,1022000,0,0,1903000
2303870,Maine,3,3,Calais Public Schools,595,9034000,1232000,1089000,44000,0,0,363000
2303930,Maine,3,3,Cape Elizabeth Public Schools,1576,26869000,3733000,2406000,1090000,0,0,998000
2304080,Maine,1,3,Castine Public Schools,51,1113000,123000,89000,14000,0,0,45000
2304860,Maine,1,3,Dayton Public Schools,132,2374000,898000,725000,138000,0,0,95000
2304890,Maine,1,3,Dedham Public Schools,178,2523000,347000,187000,106000,0,1000,124000
2304895,Maine,3,3,Deer Isle-Stonington CSD,328,6858000,1188000,889000,194000,0,0,272000
2305280,Maine,3,3,East Millinocket Public Schools,263,4194000,554000,440000,41000,0,0,147000
2305310,Maine,3,3,Easton Public Schools,243,4110000,373000,262000,99000,0,0,150000
2305360,Maine,3,3,Eastport Public Schools,171,2593000,340000,295000,22000,0,0,78000
2305400,Maine,1,3,Edgecomb Public Schools,104,1811000,362000,277000,49000,0,0,75000
2305500,Maine,3,3,Ellsworth Public Schools,1375,19255000,3677000,2826000,521000,0,0,797000
2305670,Maine,3,3,Falmouth Public Schools,2091,36560000,6125000,4610000,1144000,0,0,1722000
2306000,Maine,1,3,Glenburn Public Schools,437,6533000,1244000,822000,243000,0,0,211000
2306060,Maine,3,3,Gorham Public Schools,2800,40030000,6675000,4540000,1725000,0,0,1518000
2306160,Maine,1,3,Great Salt Bay CSD,429,5912000,1205000,835000,310000,0,0,341000
2306180,Maine,1,3,Greenbush Public Schools,147,2174000,577000,540000,0,0,0,114000
2306250,Maine,3,3,Greenville Public Schools,192,3831000,631000,480000,111000,0,0,142000
2306260,Maine,1,3,Hancock Public Schools,205,3149000,702000,467000,145000,0,0,123000
2306330,Maine,1,3,Harmony Public Schools,51,1190000,291000,255000,11000,0,0,56000
2306510,Maine,3,3,Hermon Public Schools,1334,14539000,2094000,1485000,421000,0,0,555000
2306610,Maine,1,3,Hope Public Schools,191,2921000,570000,390000,131000,0,0,104000
2306810,Maine,3,3,Islesboro Public Schools,85,2474000,261000,260000,0,0,1000,116000
2306870,Maine,1,3,Jefferson Public Schools,198,3049000,799000,568000,197000,0,0,126000
2306900,Maine,1,3,Jonesboro Public Schools,55,783000,187000,147000,22000,0,0,40000
2307100,Maine,1,3,Jonesport Public Schools,103,1701000,253000,222000,12000,0,0,91000
2307140,Maine,3,3,Kittery Public Schools,1002,18178000,3757000,2917000,352000,0,0,1083000
2307250,Maine,1,3,Lamoine Public Schools,119,1936000,485000,303000,62000,0,0,59000
2307320,Maine,3,3,Lewiston Public Schools,5444,81485000,22114000,18337000,2709000,0,0,5835000
2307450,Maine,1,3,Lincolnville Public Schools,224,3001000,571000,480000,64000,0,0,86000
2307530,Maine,3,3,Lisbon Public Schools,1296,16448000,2866000,2112000,563000,0,0,597000
2307710,Maine,3,3,Machias Public Schools,485,5732000,714000,588000,64000,0,0,237000
2307800,Maine,3,3,Madawaska Public Schools,442,7228000,1298000,869000,313000,0,0,402000
2308160,Maine,1,3,Medway Public Schools,106,2036000,378000,286000,28000,0,0,88000
2308250,Maine,1,3,Milford Public Schools,310,4171000,1138000,763000,230000,0,0,223000
2308280,Maine,3,3,Millinocket Public Schools,490,7290000,1250000,978000,182000,0,0,323000
2308400,Maine,2,3,Moosabec CSD,81,1354000,90000,69000,0,0,0,51000
2308490,Maine,1,3,Mount Desert Public Schools,162,3928000,802000,540000,209000,0,0,172000
2308500,Maine,2,3,Mt Desert CSD,533,10105000,1549000,1158000,210000,0,0,439000
2308940,Maine,1,3,Nobleboro Public Schools,132,2399000,557000,430000,96000,0,0,43000
2309330,Maine,1,3,Orrington Public Schools,381,5304000,889000,545000,210000,0,15000,135000
2309560,Maine,1,3,Pembroke Public Schools,77,1286000,202000,167000,13000,0,0,45000
2309630,Maine,1,3,Penobscot Public Schools,69,1410000,159000,118000,14000,0,0,42000
2309650,Maine,1,3,Perry Public Schools,89,1278000,235000,178000,24000,0,7000,57000
2309930,Maine,3,3,Portland Public Schools,6779,113886000,19155000,15129000,2715000,0,0,5328000
2309990,Maine,1,3,Princeton Public Schools,134,1747000,245000,225000,0,0,0,55000
2310380,Maine,1,3,Saco Public Schools,1871,31604000,10215000,7747000,1558000,0,0,1779000
2310500,Maine,3,3,Sanford Public Schools,3231,45173000,9414000,6678000,2149000,0,5000,2449000
2310530,Maine,3,3,Scarborough Public Schools,2997,50144000,9722000,8718000,598000,0,0,3839000
2310590,Maine,3,3,RSU 11/MSAD 11,2002,26759000,3975000,3009000,554000,0,0,1039000
2310620,Maine,3,3,RSU 82/MSAD 12,149,2758000,325000,234000,71000,0,0,60000
2310650,Maine,3,3,RSU 83/MSAD 13,181,3446000,554000,319000,141000,0,0,54000
2310680,Maine,3,3,RSU 84/MSAD 14,133,2864000,650000,512000,72000,0,0,154000
2310710,Maine,3,3,RSU 15/MSAD 15,1903,27550000,5393000,3772000,1334000,0,6000,1361000
2310770,Maine,3,3,RSU 17/MSAD 17,3428,43293000,7817000,6422000,950000,0,0,1924000
2310830,Maine,1,3,RSU 85/MSAD 19,76,1719000,222000,167000,22000,0,11000,42000
2310860,Maine,3,3,RSU 79/MSAD 01,1756,24278000,3245000,2425000,623000,0,0,710000
2310890,Maine,3,3,RSU 86/MSAD 20,513,6810000,998000,729000,160000,0,0,359000
2310980,Maine,1,3,RSU 87/MSAD 23,628,7973000,1318000,848000,247000,0,0,228000
2311010,Maine,3,3,RSU 88/MSAD 24,276,4441000,713000,472000,100000,0,0,121000
2311100,Maine,3,3,MSAD 27,869,11265000,2342000,1749000,415000,0,0,627000
2311130,Maine,1,3,RSU 28/MSAD 28,732,13068000,2279000,1680000,396000,0,9000,637000
2311160,Maine,3,3,RSU 29/MSAD 29,1394,15441000,2447000,2003000,221000,0,5000,921000
2311220,Maine,1,3,RSU 30/MSAD 30,166,2925000,742000,528000,71000,0,4000,79000
2311250,Maine,3,3,RSU 31/MSAD 31,445,7862000,1607000,1271000,169000,0,0,453000
2311280,Maine,3,3,RSU 32/MSAD 32,260,4582000,554000,293000,124000,0,0,173000
2311310,Maine,3,3,RSU 33/MSAD 33,243,3932000,200000,174000,27000,0,0,81000
2311370,Maine,3,3,RSU 35/MSAD 35,2238,32923000,5194000,3760000,927000,0,0,1000000
2311430,Maine,3,3,RSU 37/MSAD 37,703,9602000,1679000,1295000,222000,0,0,446000
2311520,Maine,3,3,RSU 03/MSAD 03,1222,17456000,3246000,2329000,606000,0,5000,693000
2311550,Maine,3,3,RSU 40/MSAD 40,1889,27923000,6383000,4457000,1341000,0,3000,1465000
2311580,Maine,3,3,RSU 41/MSAD 41,612,11822000,2335000,1745000,388000,0,0,350000
2311610,Maine,3,3,RSU 42/MSAD 42,391,5442000,745000,520000,142000,0,1000,254000
2311670,Maine,3,3,RSU 44/MSAD 44,710,11367000,1401000,1135000,187000,0,2000,257000
2311700,Maine,3,3,RSU 45/MSAD 45,288,4514000,713000,509000,125000,0,0,191000
2311730,Maine,3,3,RSU 80/MSAD 04,537,7462000,1308000,996000,175000,0,0,251000
2311790,Maine,3,3,RSU 06/MSAD 06,3548,46508000,8798000,6032000,2366000,0,0,2540000
2311820,Maine,3,3,RSU 07/MSAD 07,55,2022000,165000,148000,0,0,0,65000
2311850,Maine,3,3,RSU 08/MSAD 08,174,3665000,736000,497000,106000,0,32000,168000
2312140,Maine,1,3,Sedgwick Public Schools,86,2070000,445000,319000,86000,0,0,47000
2312300,Maine,1,3,South Bristol Public Schools,55,1412000,258000,216000,33000,0,0,58000
2312330,Maine,3,3,South Portland Public Schools,2963,52145000,10345000,7245000,2469000,0,0,2472000
2312390,Maine,1,3,Southwest Harbor Public Schools,140,3513000,777000,630000,103000,0,0,138000
2312750,Maine,1,3,Surry Public Schools,152,2059000,393000,318000,43000,0,0,98000
2312960,Maine,1,3,Tremont Public Schools,125,2985000,554000,419000,95000,0,0,127000
2312980,Maine,1,3,Trenton Public Schools,153,3143000,791000,533000,204000,0,0,94000
2313110,Maine,1,3,Vassalboro Public Schools,418,6238000,1592000,1037000,410000,0,6000,351000
2313140,Maine,1,3,Veazie Public Schools,144,2974000,636000,447000,103000,0,0,110000
2313350,Maine,3,3,Waterville Public Schools,1705,27436000,5495000,4170000,863000,0,9000,1274000
2313490,Maine,3,3,Wells-Ogunquit CSD,1393,24790000,3956000,3219000,539000,0,0,1174000
2313530,Maine,1,3,West Bath Public Schools,112,2488000,558000,372000,73000,0,0,136000
2313560,Maine,3,3,Westbrook Public Schools,2443,39728000,5972000,3918000,1679000,0,0,1526000
2313860,Maine,3,3,Winslow Schools,1152,17003000,3042000,2056000,543000,0,4000,707000
2313970,Maine,3,3,Winthrop Public Schools,867,11383000,2203000,1644000,344000,0,0,321000
2313980,Maine,3,3,Wiscasset Public Schools,516,9786000,2271000,1840000,292000,0,0,592000
2314010,Maine,1,3,Woodland Public Schools,152,1862000,265000,141000,29000,0,0,46000
2314100,Maine,3,3,Yarmouth Schools,1698,25803000,4272000,3054000,962000,0,3000,1288000
2314130,Maine,3,3,York Public Schools,1641,33288000,6307000,4395000,1281000,0,0,1202000
2314160,Maine,3,3,RSU 52/MSAD 52,2017,27379000,5535000,4198000,799000,0,0,1197000
2314190,Maine,3,3,RSU 55/MSAD 55,981,14253000,2568000,1891000,510000,0,0,743000
2314210,Maine,3,3,RSU 61/MSAD 61,1694,29168000,5626000,3961000,1110000,0,2000,1505000
2314240,Maine,3,3,RSU 51/MSAD 51,2129,37103000,6698000,4500000,1883000,0,0,1885000
2314300,Maine,3,3,RSU 58/MSAD 58,618,10090000,2133000,1599000,434000,0,0,527000
2314330,Maine,3,3,RSU 49/MSAD 49,2091,27868000,4815000,3676000,740000,0,0,1127000
2314440,Maine,3,3,RSU 64/MSAD 64,1059,13722000,1976000,1464000,356000,0,0,511000
2314470,Maine,1,3,RSU 63/MSAD 63,464,7284000,1170000,806000,201000,0,0,411000
2314530,Maine,3,3,MSAD 46,924,13994000,2247000,1825000,265000,0,4000,703000
2314560,Maine,3,3,RSU 59/MSAD 59,617,10461000,1606000,1217000,254000,0,0,437000
2314590,Maine,3,3,RSU 54/MSAD 54,2375,37174000,8579000,6651000,1372000,0,22000,1941000
2314610,Maine,3,3,RSU 53/MSAD 53,655,10072000,2063000,1711000,54000,0,0,626000
2314670,Maine,3,3,RSU 57/MSAD 57,2987,43759000,7621000,5114000,1844000,0,0,1855000
2314700,Maine,3,3,RSU 60/MSAD 60,3036,42791000,8203000,5694000,1847000,0,0,1971000
2314761,Maine,1,3,RSU 68/MSAD 68,698,7855000,1596000,1163000,262000,0,1000,217000
2314762,Maine,3,3,RSU 70/MSAD 70,497,6949000,1189000,887000,181000,0,0,217000
2314765,Maine,1,3,RSU 72/MSAD 72,770,13336000,4056000,3090000,667000,0,5000,534000
2314767,Maine,3,3,RSU 74/MSAD 74,625,10587000,1799000,1432000,224000,0,0,301000
2314768,Maine,3,3,RSU 75/MSAD 75,2452,39958000,8795000,6238000,1879000,0,0,2149000
2314772,Maine,3,3,RSU 01 - LKRSU,1849,30748000,6178000,4608000,1036000,0,0,1485000
2314773,Maine,3,3,RSU 21,2450,40919000,7668000,5603000,1524000,0,0,1917000
2314775,Maine,3,3,RSU 16,1763,22564000,5171000,3880000,1004000,0,111000,1061000
2314776,Maine,3,3,RSU 02,1999,29238000,5020000,3951000,803000,0,0,1470000
2314777,Maine,3,3,RSU 67,935,13254000,1969000,1437000,321000,0,47000,350000
2314778,Maine,3,3,RSU 26,791,13951000,2912000,2290000,386000,0,0,720000
2314779,Maine,3,3,RSU 18,2635,37422000,6046000,4632000,1042000,0,0,1274000
2314780,Maine,1,3,RSU 12,973,16192000,4131000,2397000,1386000,0,0,625000
2314782,Maine,3,3,RSU 34,1522,20527000,3838000,2968000,581000,0,0,1159000
2314783,Maine,3,3,RSU 04,1413,19484000,3847000,2968000,409000,0,0,964000
2314784,Maine,3,3,RSU 23,667,15815000,3338000,2310000,815000,0,0,1004000
2314785,Maine,3,3,RSU 19,1895,25561000,4869000,3376000,835000,0,0,995000
2314787,Maine,3,3,RSU 13,1630,31393000,7503000,5546000,1431000,0,0,1719000
2314788,Maine,3,3,RSU 38,1201,19208000,2653000,1798000,680000,0,0,465000
2314789,Maine,3,3,RSU 05,2013,31454000,4695000,3123000,1183000,0,0,1339000
2314790,Maine,3,3,RSU 24,840,14892000,2457000,1709000,508000,0,0,495000
2314791,Maine,3,3,RSU 20,469,9573000,2288000,1680000,439000,0,0,487000
2314793,Maine,3,3,RSU 14,3163,47951000,9064000,6553000,2048000,0,0,2483000
2314794,Maine,3,3,RSU 39,1187,16823000,2053000,1422000,413000,0,1000,716000
2314795,Maine,3,3,RSU 10,1795,31132000,6269000,4727000,707000,0,0,1352000
2314796,Maine,3,3,RSU 25,1097,15233000,3107000,2380000,490000,0,0,791000
2314803,Maine,3,3,RSU 78,209,4318000,822000,668000,143000,0,0,121000
2314805,Maine,3,3,RSU 73,1425,20181000,3748000,2989000,429000,0,2000,913000
2314806,Maine,3,3,RSU 50,352,5065000,961000,805000,76000,0,0,189000
2314809,Maine,3,3,RSU 09,2423,31565000,6080000,4360000,1154000,0,0,1360000
2314814,Maine,1,3,Cherryfield Public Schools,94,1514000,155000,127000,15000,0,0,38000
2314815,Maine,3,3,RSU 22,2439,31283000,6208000,4727000,1154000,0,0,1405000
2314817,Maine,1,3,Athens Public Schools,115,1812000,241000,186000,31000,0,0,58000
2314818,Maine,1,3,Eustis Public Schools,88,1898000,186000,150000,12000,0,0,60000
2314820,Maine,1,3,St George Public Schools,203,4369000,772000,501000,213000,0,1000,164000
2314822,Maine,3,3,RSU 71,1557,25565000,5397000,3964000,1052000,0,1000,1317000
2314824,Maine,1,3,Northport Public Schools,114,2400000,397000,277000,73000,0,0,110000
2314833,Maine,3,3,RSU 56,780,11503000,2397000,1712000,351000,0,0,492000
2314837,Maine,1,3,Sebago Public Schools,113,2353000,565000,408000,74000,0,25000,66000
2314838,Maine,3,3,RSU 89,307,4679000,648000,508000,92000,0,0,71000
2400030,Maryland,3,3,Allegany County Public Schools,8437,127959000,20249000,19596000,0,653000,0,1445000
2400060,Maryland,3,2,Anne Arundel County Public Schools,84984,1236959000,157372000,146991000,4039000,6342000,0,74462000
2400090,Maryland,3,2,Baltimore City Public Schools,79187,1273709000,205807000,188530000,2427000,14849000,0,66881000
2400120,Maryland,3,2,Baltimore County Public Schools,115038,1725097000,242327000,222977000,3004000,16346000,0,95618000
2400150,Maryland,3,3,Calvert County Public Schools,16022,240692000,34691000,32244000,286000,2161000,0,14531000
2400180,Maryland,3,3,Caroline County Public Schools,5874,86772000,9190000,8083000,243000,864000,0,4272000
2400210,Maryland,3,3,Carroll County Public Schools,25345,366619000,49094000,46127000,460000,2507000,0,21638000
2400240,Maryland,3,3,Cecil County Public Schools,15256,224867000,35622000,34281000,232000,1109000,0,16135000
2400270,Maryland,3,3,Charles County Public Schools,27521,420510000,48159000,42577000,124000,5458000,0,19548000
2400300,Maryland,3,3,Dorchester County Public Schools,4710,79102000,8542000,7916000,0,627000,0,2631000
2400330,Maryland,3,2,Frederick County Public Schools,43828,597711000,75573000,66342000,1099000,8131000,0,23907000
2400360,Maryland,3,3,Garrett County Public Schools,3834,59972000,6205000,5807000,0,398000,0,2902000
2400390,Maryland,3,3,Harford County Public Schools,38429,532885000,79528000,76892000,490000,2145000,0,34299000
2400420,Maryland,3,3,Howard County Public Schools,58868,978109000,157378000,157378000,0,0,0,59462000
2400450,Maryland,3,3,Kent County Public Schools,1918,31980000,4368000,3983000,0,386000,0,1870000
2400480,Maryland,3,3,Montgomery County Public Schools,165267,2759484000,421273000,323810000,7899000,89564000,0,155186000
2400510,Maryland,3,2,Prince George's County Public Schools,135952,2163377000,300091000,289424000,1077000,9590000,0,130127000
2400540,Maryland,3,3,Queen Anne's County Public Schools,7764,108371000,13321000,12936000,0,385000,0,5265000
2400570,Maryland,3,3,Somerset County Public Schools,2905,53924000,7035000,6695000,0,339000,0,2433000
2400600,Maryland,3,2,St. Mary's County Public Schools,18083,252558000,29586000,27564000,124000,1897000,0,12216000
2400630,Maryland,3,3,Talbot County Public Schools,4703,64858000,7808000,7546000,0,262000,0,2878000
2400660,Maryland,3,3,Washingtion County Public Schools,22993,331981000,35309000,32881000,282000,2147000,0,14907000
2400690,Maryland,3,3,Wicomico County Public Schools,15203,233792000,27950000,26233000,512000,1205000,0,11166000
2400720,Maryland,3,3,Worcester County Public Schools,6882,127875000,17261000,16268000,235000,759000,0,6621000
2800185,Mississippi,3,3,WEST BOLIVAR CONS SCHOOL DIST,1110,14177000,1058000,1030000,0,19000,8000,595000
2800186,Mississippi,3,3,NORTH BOLIVAR CONS SCHOOL DIST,920,11360000,681000,672000,0,9000,0,374000
2800187,Mississippi,3,3,SUNFLOWER CTY CONS SCHOOL DISTRICT,3455,36835000,2320000,2254000,2000,42000,22000,1441000
2800189,Mississippi,3,3,STARKVILLE- OKTIBBEHA CONS DIST,5061,52367000,4410000,3747000,58000,35000,569000,2310000
2800191,Mississippi,3,3,WEST POINT CONSOLIDATED SCHOOL DIST,2944,28426000,2345000,2305000,13000,25000,2000,1394000
2800198,Mississippi,3,3,GREENWOOD-LEFLORE CONS SCH DISTRICT,4717,47513000,2693000,2577000,43000,23000,50000,1292000
2800360,Mississippi,3,3,ABERDEEN SCHOOL DIST,1114,13572000,1164000,1076000,83000,5000,0,735000
2800390,Mississippi,3,3,ALCORN SCHOOL DIST,3203,29395000,2741000,2720000,14000,7000,0,1751000
2800420,Mississippi,3,3,AMITE COUNTY SCHOOL DISTRICT,929,13012000,1384000,1354000,13000,7000,9000,915000
2800450,Mississippi,3,3,AMORY SCHOOL DIST,1605,14861000,1303000,1197000,18000,18000,71000,780000
2800510,Mississippi,3,3,ATTALA CO SCHOOL DIST,1046,13278000,862000,800000,0,60000,0,562000
2800540,Mississippi,3,3,BALDWYN SCHOOL DISTRICT,761,8638000,486000,484000,0,1000,0,311000
2800570,Mississippi,3,3,BAY ST LOUIS WAVELAND SCHOOL DIST,1767,20830000,1944000,1904000,15000,25000,0,1134000
2800600,Mississippi,3,3,BENTON CO SCHOOL DIST,1019,10923000,1291000,1252000,2000,35000,2000,796000
2800630,Mississippi,3,3,BILOXI PUBLIC SCHOOL DIST,6309,63101000,3929000,3775000,2000,14000,139000,2211000
2800750,Mississippi,3,3,CLEVELAND SCHOOL DIST,3352,32212000,2318000,2235000,40000,9000,34000,1280000
2800820,Mississippi,3,3,BOONEVILLE SCHOOL DIST,1290,11255000,863000,777000,36000,3000,46000,505000
2800840,Mississippi,3,3,BROOKHAVEN SCHOOL DIST,2822,25855000,1733000,1661000,20000,28000,24000,1068000
2800870,Mississippi,3,3,CALHOUN CO SCHOOL DIST,2381,22071000,1733000,1715000,0,17000,1000,1038000
2800900,Mississippi,3,3,CANTON PUBLIC SCHOOL DIST,3350,30617000,2205000,2081000,11000,11000,102000,1334000
2800930,Mississippi,3,3,CARROLL COUNTY SCHOOL DIST,923,9128000,919000,807000,0,11000,102000,537000
2800960,Mississippi,3,3,CHICKASAW CO SCHOOL DIST,512,4412000,501000,493000,0,8000,0,315000
2800990,Mississippi,3,3,CHOCTAW CO SCHOOL DIST,1278,16368000,1567000,1530000,1000,8000,29000,1016000
2801020,Mississippi,3,3,CLAIBORNE CO SCHOOL DIST,1374,16323000,1030000,977000,46000,4000,4000,630000
2801050,Mississippi,3,3,CLARKSDALE MUNICIPAL SCHOOL DIST,2294,24032000,1620000,1567000,13000,35000,6000,967000
2801090,Mississippi,3,3,CLINTON PUBLIC SCHOOL DIST,5306,42729000,3132000,2924000,111000,16000,80000,1704000
2801100,Mississippi,2,3,COAHOMA EARLY COLLEGE,267,2394000,143000,132000,0,1000,1000,96000
2801110,Mississippi,3,3,COAHOMA COUNTY SCHOOL DISTRICT,1173,15858000,1272000,1259000,1000,9000,2000,721000
2801140,Mississippi,3,3,COFFEEVILLE SCHOOL DIST,464,5558000,275000,240000,13000,3000,19000,157000
2801170,Mississippi,3,3,COLUMBIA SCHOOL DISTRICT,1651,16629000,1603000,1380000,156000,5000,59000,896000
2801200,Mississippi,3,3,COLUMBUS MUNICIPAL SCHOOL DIST,3452,38704000,3330000,2953000,123000,95000,159000,1893000
2801220,Mississippi,3,3,COPIAH CO SCHOOL DIST,2462,22829000,1133000,1094000,12000,21000,1000,703000
2801260,Mississippi,3,3,CORINTH SCHOOL DIST,2678,22239000,2263000,1958000,301000,3000,0,1167000
2801290,Mississippi,3,3,COVINGTON COUNTY SCHOOL DISTRICT,2724,27927000,3171000,2885000,0,37000,248000,1932000
2801320,Mississippi,3,3,DESOTO CO SCHOOL DIST,34752,280852000,28891000,28304000,153000,129000,305000,16551000
2801380,Mississippi,3,3,EAST JASPER CONSOLIDATED SCH DIST,847,10834000,683000,670000,0,10000,3000,437000
2801410,Mississippi,3,3,EAST TALLAHATCHIE CONSOL SCH DIST,1010,11019000,991000,793000,6000,2000,190000,528000
2801440,Mississippi,3,3,ENTERPRISE SCHOOL DIST,937,8593000,892000,887000,0,5000,0,603000
2801470,Mississippi,3,3,FOREST MUNICIPAL SCHOOL DIST,1747,14287000,1153000,1027000,7000,26000,93000,670000
2801490,Mississippi,3,3,FORREST COUNTY SCHOOL DISTRICT,2226,25234000,2489000,2283000,36000,0,170000,1543000
2801510,Mississippi,2,3,FORREST COUNTY AG HIGH SCHOOL,569,6146000,637000,546000,37000,2000,0,359000
2801530,Mississippi,3,3,FRANKLIN CO SCHOOL DIST,1289,13789000,1405000,1398000,0,7000,0,907000
2801560,Mississippi,3,3,GEORGE CO SCHOOL DIST,4152,34905000,3275000,3203000,14000,22000,37000,1895000
2801590,Mississippi,3,3,GREENE COUNTY SCHOOL DISTRICT,1755,17323000,1638000,1598000,10000,28000,1000,1076000
2801620,Mississippi,3,3,GREENVILLE PUBLIC SCHOOLS,4244,42645000,3008000,2693000,4000,26000,276000,1356000
2801680,Mississippi,3,3,GRENADA SCHOOL DIST,4012,36939000,3352000,3297000,6000,41000,7000,2144000
2801710,Mississippi,3,3,GULFPORT SCHOOL DIST,6576,59879000,5076000,4870000,135000,11000,60000,3076000
2801740,Mississippi,3,3,HANCOCK CO SCHOOL DIST,4437,42460000,3643000,3348000,60000,13000,222000,2168000
2801770,Mississippi,3,3,HARRISON CO SCHOOL DIST,14780,138724000,13962000,13461000,91000,115000,292000,8294000
2801800,Mississippi,3,3,HATTIESBURG PUBLIC SCHOOL DIST,3852,41846000,4038000,3553000,110000,8000,350000,2206000
2801830,Mississippi,3,3,HAZLEHURST CITY SCHOOL DISTRICT,1502,14344000,909000,852000,2000,16000,40000,558000
2801860,Mississippi,3,3,HINDS CO SCHOOL DIST,5578,51571000,2858000,2635000,88000,29000,105000,1818000
2801890,Mississippi,3,3,HOLLANDALE SCHOOL DIST,570,7450000,592000,522000,46000,9000,15000,336000
2801950,Mississippi,3,3,HOLLY SPRINGS SCHOOL DIST,1184,13392000,1249000,1215000,26000,6000,1000,842000
2802010,Mississippi,3,3,HOUSTON  SCHOOL DIST,1764,15999000,1430000,1418000,0,12000,0,947000
2802100,Mississippi,3,3,ITAWAMBA COUNTY SCHOOL DIST,3468,29567000,2964000,2937000,0,26000,1000,1879000
2802160,Mississippi,3,3,JACKSON CO SCHOOL DIST,9204,82168000,6165000,5905000,13000,8000,238000,3608000
2802190,Mississippi,3,3,JACKSON PUBLIC SCHOOL DISTRICT,22510,236594000,15072000,14089000,279000,40000,356000,8846000
2802220,Mississippi,3,3,JEFFERSON CO SCHOOL DIST,1102,11674000,1111000,1102000,0,6000,0,722000
2802250,Mississippi,3,3,JEFFERSON DAVIS CO SCHOOL DIST,1362,15586000,1277000,1179000,18000,5000,75000,787000
2802280,Mississippi,3,3,JONES CO SCHOOL DIST,8837,69078000,6559000,6155000,38000,41000,325000,3899000
2802310,Mississippi,3,3,KEMPER CO SCHOOL DIST,929,13561000,759000,653000,85000,19000,2000,426000
2802340,Mississippi,3,3,KOSCIUSKO SCHOOL DISTRICT,2292,20451000,1870000,1789000,15000,30000,35000,1246000
2802370,Mississippi,3,3,LAFAYETTE CO SCHOOL DIST,2912,27424000,1816000,1739000,8000,12000,57000,988000
2802400,Mississippi,3,3,LAMAR COUNTY SCHOOL DISTRICT,10718,94088000,10040000,9752000,55000,6000,227000,5811000
2802430,Mississippi,3,3,LAUDERDALE CO SCHOOL DIST,6179,60302000,5273000,4783000,29000,3000,458000,2952000
2802460,Mississippi,3,3,LAUREL SCHOOL DISTRICT,3091,32421000,1954000,1829000,0,23000,102000,1214000
2802490,Mississippi,3,3,LAWRENCE CO SCHOOL DIST,2027,18553000,1168000,1166000,0,2000,1000,746000
2802520,Mississippi,3,3,LEAKE CO SCHOOL DIST,2775,23758000,1906000,1875000,9000,21000,1000,1215000
2802550,Mississippi,3,3,LEE COUNTY SCHOOL DISTRICT,6720,60361000,4659000,4598000,17000,41000,3000,2970000
2802610,Mississippi,3,3,LELAND SCHOOL DIST,785,11558000,650000,636000,0,14000,0,339000
2802640,Mississippi,3,3,LINCOLN COUNTY SCHOOL DISTRICT,2950,23415000,1871000,1723000,0,26000,122000,1044000
2802670,Mississippi,3,3,LONG BEACH SCHOOL DIST,3115,27493000,2517000,2454000,31000,9000,22000,1500000
2802700,Mississippi,3,3,LOUISVILLE MUNICIPAL SCHOOL DIST,2728,25664000,1848000,1817000,0,21000,6000,1153000
2802730,Mississippi,3,3,LOWNDES CO SCHOOL DIST,5528,50617000,4123000,4092000,12000,15000,3000,2629000
2802790,Mississippi,3,3,MADISON CO SCHOOL DIST,13310,132860000,10593000,10051000,51000,35000,455000,5737000
2802820,Mississippi,3,3,MARION CO SCHOOL DIST,2041,20749000,1791000,1647000,30000,16000,98000,1095000
2802850,Mississippi,3,3,MARSHALL CO SCHOOL DIST,2856,31134000,2290000,2082000,3000,2000,203000,1285000
2802880,Mississippi,3,3,MCCOMB SCHOOL DISTRICT,2411,27165000,1762000,1735000,1000,23000,2000,1152000
2802910,Mississippi,3,3,MERIDIAN PUBLIC SCHOOLS,5143,57313000,4338000,3549000,33000,19000,737000,2318000
2802940,Mississippi,3,3,MONROE CO SCHOOL DIST,2224,19447000,2044000,2023000,0,10000,6000,1326000
2803000,Mississippi,3,3,MOSS POINT SEPARATE SCHOOL DIST,1684,26655000,1279000,1251000,2000,23000,3000,784000
2803030,Mississippi,3,3,NATCHEZ-ADAMS SCHOOL DISTRICT,3104,38079000,3932000,3232000,123000,12000,565000,1785000
2803060,Mississippi,3,3,NESHOBA COUNTY SCHOOL DISTRICT,3261,24799000,363000,331000,5000,18000,9000,64000
2803090,Mississippi,3,3,NETTLETON SCHOOL DIST,1269,10739000,1096000,1000000,4000,14000,77000,679000
2803120,Mississippi,3,3,NEW ALBANY PUBLIC SCHOOLS,2187,20525000,1689000,1639000,9000,1000,40000,920000
2803150,Mississippi,3,3,NEWTON COUNTY SCHOOL DISTRICT,1738,16478000,1183000,1165000,0,12000,3000,773000
2803180,Mississippi,3,3,NEWTON MUNICIPAL SCHOOL DISTRICT,899,9823000,923000,914000,1000,6000,2000,597000
2803210,Mississippi,3,3,NORTH PANOLA SCHOOL DISTRICT,1405,14811000,1273000,1223000,36000,2000,12000,734000
2803240,Mississippi,3,3,NORTH PIKE SCHOOL DIST,2355,21094000,1581000,1565000,0,7000,3000,1014000
2803270,Mississippi,3,3,NORTH TIPPAH SCHOOL DIST,1274,11113000,985000,960000,0,19000,5000,629000
2803300,Mississippi,3,3,NOXUBEE COUNTY SCHOOL DISTRICT,1458,14951000,1422000,1343000,56000,18000,5000,901000
2803360,Mississippi,3,3,OCEAN SPRINGS SCHOOL DIST,6041,52131000,5227000,5173000,16000,12000,26000,3009000
2803390,Mississippi,3,3,OKOLONA SEPARATE SCHOOL DIST,570,6580000,562000,536000,8000,8000,10000,356000
2803450,Mississippi,3,3,OXFORD SCHOOL DISTRICT,4492,45096000,3496000,3065000,319000,33000,80000,1897000
2803480,Mississippi,3,3,PASCAGOULA-GAUTIER SCHOOL DISTRICT,6787,89461000,7542000,7379000,39000,40000,84000,4099000
2803510,Mississippi,3,3,PASS CHRISTIAN PUBLIC SCHOOL DIST,2067,22180000,1638000,1540000,24000,8000,66000,806000
2803520,Mississippi,3,3,PEARL PUBLIC SCHOOL DISTRICT,4366,36836000,3045000,2912000,21000,23000,89000,1844000
2803530,Mississippi,3,3,PETAL SCHOOL DIST,4169,37503000,3669000,3518000,10000,12000,129000,2307000
2803540,Mississippi,3,3,PEARL RIVER CO SCHOOL DIST,3321,27626000,2918000,2703000,161000,13000,40000,1618000
2803570,Mississippi,3,3,PERRY CO SCHOOL DIST,994,12075000,748000,740000,0,0,9000,496000
2803600,Mississippi,3,3,PHILADELPHIA PUBLIC SCHOOL DIST,919,9653000,857000,850000,0,4000,2000,557000
2803630,Mississippi,3,3,PICAYUNE SCHOOL DISTRICT,3482,36521000,3346000,3213000,35000,6000,91000,1978000
2803660,Mississippi,3,3,PONTOTOC CO SCHOOL DIST,3632,29402000,2800000,2556000,2000,14000,218000,1716000
2803690,Mississippi,3,3,PONTOTOC CITY SCHOOLS,2330,21076000,1846000,1655000,0,16000,176000,1112000
2803720,Mississippi,3,3,POPLARVILLE SEPARATE SCHOOL DIST,1839,17759000,1433000,1341000,3000,2000,87000,913000
2803750,Mississippi,3,3,PRENTISS CO SCHOOL DIST,2376,22795000,2692000,2340000,13000,35000,304000,1536000
2803780,Mississippi,3,3,QUITMAN SCHOOL DIST,1744,17609000,1408000,1333000,0,10000,65000,854000
2803810,Mississippi,3,3,QUITMAN CO SCHOOL DIST,973,12320000,902000,881000,11000,10000,0,576000
2803830,Mississippi,3,3,RANKIN CO SCHOOL DIST,19160,178369000,11018000,10076000,119000,141000,682000,6432000
2803870,Mississippi,3,3,RICHTON SCHOOL DIST,641,5718000,425000,351000,20000,2000,52000,216000
2803900,Mississippi,3,3,SCOTT CO SCHOOL DIST,4012,35165000,3493000,3155000,1000,85000,251000,2151000
2803930,Mississippi,3,3,SENATOBIA MUNICIPAL SCHOOL DIST,1649,16285000,1569000,1493000,32000,10000,34000,982000
2803960,Mississippi,3,3,SOUTH DELTA SCHOOL DISTRICT,759,9714000,373000,362000,7000,3000,1000,196000
2803990,Mississippi,3,3,SIMPSON CO SCHOOL DIST,3540,34092000,3257000,2607000,5000,11000,626000,1697000
2804020,Mississippi,3,3,SMITH CO SCHOOL DIST,2616,22451000,2169000,2079000,0,6000,83000,1292000
2804050,Mississippi,3,3,SOUTH PANOLA SCHOOL DISTRICT,4337,40879000,3454000,3069000,64000,29000,292000,1822000
2804080,Mississippi,3,3,SOUTH PIKE SCHOOL DIST,1726,17105000,1075000,1071000,0,3000,1000,667000
2804110,Mississippi,3,3,SOUTH TIPPAH SCHOOL DIST,2660,25904000,2647000,2634000,0,9000,3000,1757000
2804170,Mississippi,3,3,STONE CO SCHOOL DIST,2544,22228000,1993000,1970000,8000,11000,4000,1255000
2804230,Mississippi,3,3,TATE CO SCHOOL DIST,2264,20407000,1417000,1335000,0,8000,73000,903000
2804260,Mississippi,3,3,TISHOMINGO CO SP MUN SCH DIST,2984,29107000,2250000,2233000,8000,8000,1000,1292000
2804290,Mississippi,3,3,TUNICA COUNTY SCHOOL DISTRICT,1883,24300000,1737000,1565000,33000,18000,119000,980000
2804320,Mississippi,3,3,TUPELO PUBLIC SCHOOL DIST,7002,70726000,6316000,5958000,39000,41000,276000,3466000
2804350,Mississippi,3,3,UNION CO SCHOOL DIST,2931,24772000,2118000,1954000,0,9000,150000,1187000
2804380,Mississippi,3,3,UNION PUBLIC SCHOOL DIST,987,8705000,947000,945000,0,2000,0,631000
2804440,Mississippi,3,3,WALTHALL CO SCHOOL DIST,1812,17682000,1316000,1199000,1000,7000,87000,764000
2804470,Mississippi,3,3,VICKSBURG WARREN SCHOOL DIST,7556,78206000,4710000,4549000,22000,30000,108000,2722000
2804500,Mississippi,3,3,WATER VALLEY SCHOOL DISTRICT,1040,9903000,591000,579000,3000,7000,1000,328000
2804530,Mississippi,3,3,WAYNE CO SCHOOL DIST,3340,33691000,2722000,2549000,6000,54000,113000,1631000
2804560,Mississippi,3,3,WEBSTER CO SCHOOL DIST,1797,16114000,1309000,1258000,1000,24000,25000,768000
2804590,Mississippi,3,3,WEST JASPER CONSOLIDATED SCHOOLS,1395,13568000,1060000,1029000,25000,5000,1000,696000
2804650,Mississippi,3,3,WEST TALLAHATCHIE SCHOOL DISTRICT,652,8676000,654000,633000,0,18000,1000,385000
2804680,Mississippi,3,3,WESTERN LINE SCHOOL DISTRICT,1928,20248000,1375000,1245000,80000,10000,40000,746000
2804710,Mississippi,3,3,WILKINSON CO SCHOOL DIST,1083,12094000,991000,979000,0,11000,2000,640000
2804800,Mississippi,3,3,YAZOO CO SCHOOL DIST,1500,16432000,862000,838000,0,15000,4000,521000
2900001,Missouri,3,3,MARIES CO. R-II,723,6591000,785000,748000,37000,0,1000,347000
2900002,Missouri,3,3,SOUTH HARRISON CO. R-II,859,8869000,968000,646000,171000,3000,28000,293000
2900003,Missouri,3,3,PORTAGEVILLE,727,6454000,533000,496000,15000,2000,9000,271000
2900004,Missouri,3,3,NEW MADRID CO. R-I,1361,17001000,2062000,1249000,235000,3000,85000,493000
2901000,Missouri,3,3,COLUMBIA 93,18892,226421000,34137000,19705000,9557000,587000,2614000,9736000
2902850,Missouri,3,3,ADRIAN R-III,719,6653000,546000,379000,73000,0,11000,162000
2902880,Missouri,3,3,ADVANCE R-IV,468,3810000,266000,190000,64000,1000,0,76000
2902970,Missouri,3,3,ALBANY R-III,442,4908000,325000,242000,20000,0,0,76000
2903000,Missouri,3,3,SANTA FE R-X,306,4320000,309000,221000,44000,0,27000,82000
2903040,Missouri,1,3,ALTENBURG 48,98,1022000,86000,80000,5000,0,0,36000
2903060,Missouri,3,3,ALTON R-IV,681,6859000,703000,607000,93000,0,4000,249000
2903120,Missouri,3,3,APPLETON CITY R-II,326,3574000,353000,323000,30000,0,0,169000
2903150,Missouri,3,3,ARCADIA VALLEY R-II,912,10589000,1429000,1002000,292000,0,31000,585000
2903200,Missouri,3,3,ARCHIE R-V,505,4981000,476000,384000,0,0,39000,190000
2903270,Missouri,3,3,ASH GROVE R-IV,713,6433000,753000,645000,77000,0,32000,372000
2903480,Missouri,3,3,ATLANTA C-3,210,2306000,167000,167000,0,0,0,72000
2904020,Missouri,3,3,AURORA R-VIII,1799,17424000,2664000,1861000,484000,0,84000,944000
2904050,Missouri,3,3,AVA R-I,1376,11612000,1094000,610000,308000,0,24000,323000
2904080,Missouri,1,3,AVENUE CITY R-IX,184,1823000,154000,129000,25000,0,0,78000
2904110,Missouri,1,3,AVILLA R-XIII,138,1583000,97000,40000,54000,0,2000,33000
2904140,Missouri,3,3,BAKERSFIELD R-IV,376,3841000,458000,407000,50000,0,0,162000
2904170,Missouri,3,3,BALLARD R-II,113,1579000,62000,47000,15000,0,0,29000
2904500,Missouri,3,3,BAYLESS,1785,18290000,10000,0,0,10000,0,0
2904530,Missouri,3,3,BELL CITY R-II,224,2712000,140000,106000,29000,1000,0,83000
2904590,Missouri,1,3,BELLEVIEW R-III,111,1362000,72000,66000,6000,0,0,43000
2904620,Missouri,3,3,BELTON 124,4680,49036000,8703000,5273000,1277000,16000,1270000,2845000
2904890,Missouri,3,3,SCOTT CO. R-IV,973,8354000,1128000,1009000,36000,0,13000,516000
2904950,Missouri,3,3,BERNIE R-XIII,544,4759000,549000,419000,48000,2000,26000,203000
2904980,Missouri,3,3,BEVIER C-4,197,2267000,220000,180000,40000,0,0,78000
2905070,Missouri,3,3,BILLINGS R-IV,408,3822000,184000,184000,0,0,0,83000
2905130,Missouri,3,3,BISMARCK R-V,492,4948000,528000,412000,0,0,51000,213000
2905190,Missouri,1,3,BLACKWATER R-II,93,1226000,156000,156000,0,0,0,80000
2905250,Missouri,3,3,BLOOMFIELD R-XIV,658,5512000,451000,337000,67000,0,17000,159000
2905280,Missouri,3,3,BLUE EYE R-V,514,7003000,887000,824000,0,0,4000,363000
2905310,Missouri,3,3,BLUE SPRINGS R-IV,14512,152035000,21354000,12335000,4109000,14000,2780000,6528000
2905370,Missouri,3,3,BOLIVAR R-I,2850,25728000,3047000,2402000,265000,0,140000,1295000
2905400,Missouri,1,3,BONCL R-X,68,810000,125000,125000,0,0,0,34000
2905430,Missouri,3,3,NORTH ST. FRANCOIS CO. R-I,2901,26933000,3459000,2557000,324000,15000,138000,1494000
2905580,Missouri,3,3,BOONVILLE R-I,1591,16511000,2279000,1688000,264000,0,150000,761000
2905610,Missouri,3,3,BOSWORTH R-V,54,1377000,86000,66000,9000,0,0,35000
2905640,Missouri,3,3,CRAWFORD CO. R-I,960,8550000,1111000,819000,97000,0,74000,406000
2905660,Missouri,3,3,BOWLING GREEN R-I,1410,13259000,2067000,1707000,172000,0,60000,527000
2905700,Missouri,3,3,BRADLEYVILLE R-I,227,2499000,196000,196000,0,0,0,67000
2905760,Missouri,3,3,BRANSON R-IV,4788,44019000,7396000,4973000,1156000,0,610000,2304000
2905790,Missouri,3,3,ADAIR CO. R-II,144,2235000,178000,154000,18000,0,1000,74000
2905820,Missouri,3,3,BRAYMER C-4,277,3252000,265000,200000,65000,0,0,80000
2905850,Missouri,3,3,BRECKENRIDGE R-I,69,1155000,80000,80000,0,0,0,28000
2905910,Missouri,3,3,BRONAUGH R-VII,192,1889000,145000,76000,62000,0,8000,41000
2905940,Missouri,3,3,BROOKFIELD R-III,919,9584000,1287000,1256000,0,0,30000,634000
2906000,Missouri,3,3,LINN CO. R-I,202,2588000,250000,206000,44000,0,0,76000
2906030,Missouri,3,3,BRUNSWICK R-II,270,3172000,413000,325000,60000,3000,15000,179000
2906090,Missouri,3,3,BUCKLIN R-II,124,1969000,173000,150000,23000,0,0,36000
2906120,Missouri,3,3,DALLAS CO. R-I,1780,16897000,2252000,1795000,220000,0,138000,792000
2906150,Missouri,3,3,COOPER CO. R-IV,103,1925000,162000,140000,15000,0,0,43000
2906170,Missouri,3,3,BUNKER R-III,225,2613000,162000,162000,0,0,0,81000
2906360,Missouri,3,3,BUTLER R-V,971,9399000,1299000,821000,203000,0,93000,384000
2906430,Missouri,3,3,CABOOL R-IV,724,7356000,1056000,899000,40000,0,23000,424000
2906450,Missouri,3,3,CAINSVILLE R-I,81,1483000,339000,255000,13000,0,71000,97000
2906480,Missouri,3,3,CALHOUN R-VIII,123,1593000,102000,99000,3000,0,0,33000
2906510,Missouri,3,3,MONITEAU CO. R-I,1401,13271000,1322000,891000,191000,1000,44000,463000
2906540,Missouri,1,3,CALLAO C-8,58,713000,89000,89000,0,0,0,35000
2906990,Missouri,3,3,CAMDENTON R-III,4230,47028000,6803000,4706000,1021000,128000,109000,2324000
2907020,Missouri,3,3,CAMERON R-I,1742,17373000,2614000,1668000,481000,11000,214000,965000
2907050,Missouri,3,3,CAMPBELL R-II,562,5423000,330000,278000,49000,0,3000,136000
2907080,Missouri,3,3,CANTON R-V,510,5176000,602000,509000,76000,0,17000,206000
2907120,Missouri,3,3,CAPE GIRARDEAU 63,4384,44034000,6453000,4691000,1225000,13000,310000,2314000
2907320,Missouri,1,3,NELL HOLCOMB R-IV,267,3125000,214000,214000,0,0,0,181000
2907350,Missouri,3,3,CARL JUNCTION R-I,3367,26532000,2929000,2344000,289000,5000,124000,1286000
2907380,Missouri,3,3,CARROLLTON R-VII,883,9839000,920000,624000,174000,1000,5000,257000
2907460,Missouri,3,3,CARTHAGE R-IX,5152,49393000,6380000,5368000,367000,31000,491000,3004000
2907470,Missouri,3,3,CARUTHERSVILLE 18,1048,9734000,5000,5000,0,0,0,0
2908170,Missouri,3,3,CASSVILLE R-IV,1903,17728000,1649000,1496000,142000,0,6000,697000
2908250,Missouri,3,3,CENTER 58,2644,37751000,6137000,4261000,894000,7000,546000,1667000
2908320,Missouri,3,3,JOHNSON CO. R-VII,539,5066000,596000,318000,79000,0,122000,120000
2908340,Missouri,1,3,CENTERVILLE R-I,60,827000,41000,35000,6000,0,0,26000
2908370,Missouri,3,3,FT. ZUMWALT R-II,17765,216668000,51946000,34379000,11474000,54000,4761000,13773000
2908400,Missouri,3,3,CENTRALIA R-VI,1381,12258000,1316000,1174000,116000,0,19000,566000
2908430,Missouri,3,3,CHADWICK R-I,244,2883000,171000,170000,0,0,1000,72000
2908460,Missouri,3,3,CHAFFEE R-II,672,5473000,670000,539000,109000,0,0,245000
2908490,Missouri,3,3,OSAGE CO. R-I,161,2309000,165000,123000,26000,0,0,70000
2908670,Missouri,3,3,CHARLESTON R-I,880,9476000,668000,411000,84000,1000,10000,259000
2908730,Missouri,3,3,CHILHOWEE R-IV,176,1852000,168000,89000,56000,0,0,30000
2908760,Missouri,3,3,CHILLICOTHE R-II,1861,18372000,2041000,1559000,208000,0,40000,744000
2908790,Missouri,1,3,LIVINGSTON CO. R-III,61,932000,34000,22000,12000,0,0,16000
2909090,Missouri,1,3,CLARKSBURG C-2,61,914000,109000,82000,0,0,0,37000
2909120,Missouri,3,3,CLARKTON C-4,357,3393000,248000,170000,12000,0,0,74000
2909720,Missouri,3,3,CLAYTON,2609,50433000,505000,305000,173000,0,3000,193000
2909750,Missouri,3,3,CLEARWATER R-I,955,8677000,1310000,1102000,131000,0,26000,469000
2909780,Missouri,3,3,CLEVER R-V,1260,10485000,1184000,1062000,109000,0,13000,508000
2909810,Missouri,3,3,CLIMAX SPRINGS R-IV,194,2884000,256000,164000,0,0,61000,58000
2909860,Missouri,3,3,CLINTON,1733,17668000,2505000,1483000,506000,0,241000,746000
2909900,Missouri,3,3,COLE CAMP R-I,714,6090000,506000,408000,22000,0,0,212000
2909930,Missouri,3,3,BLAIR OAKS R-II,864,10834000,1504000,994000,288000,0,71000,416000
2910020,Missouri,3,3,COMMUNITY R-VI,315,3733000,347000,312000,20000,1000,11000,142000
2910080,Missouri,3,3,CONCORDIA R-II,427,4899000,379000,332000,25000,0,22000,115000
2910110,Missouri,3,3,LACLEDE CO. R-I,786,6681000,720000,520000,110000,0,24000,214000
2910200,Missouri,3,3,COUCH R-I,185,2250000,157000,110000,38000,3000,0,53000
2910230,Missouri,1,3,COWGILL R-VI,51,847000,68000,63000,5000,0,0,38000
2910290,Missouri,3,3,CRANE R-III,570,5313000,574000,381000,88000,1000,0,195000
2910320,Missouri,3,3,SHERWOOD CASS R-VIII,815,7664000,949000,686000,96000,3000,58000,249000
2910350,Missouri,3,3,CROCKER R-II,575,5111000,529000,418000,109000,1000,2000,238000
2910380,Missouri,3,3,CRYSTAL CITY 47,530,5338000,566000,408000,62000,0,19000,189000
2910410,Missouri,3,3,CRAWFORD CO. R-II,1319,13318000,1819000,1352000,127000,0,116000,479000
2910440,Missouri,3,3,DADEVILLE R-II,171,1687000,68000,45000,11000,0,11000,34000
2910500,Missouri,3,3,DESOTO 73,2770,26600000,4612000,3950000,321000,0,181000,2129000
2910520,Missouri,3,3,LAKELAND R-III,430,3906000,352000,284000,17000,0,11000,89000
2910590,Missouri,3,3,BUCHANAN CO. R-IV,323,3790000,305000,224000,76000,1000,3000,80000
2910620,Missouri,3,3,DELTA R-V,218,2644000,163000,139000,22000,0,0,81000
2910650,Missouri,1,3,NORTH WOOD R-IV,201,1956000,176000,149000,19000,0,0,70000
2910710,Missouri,1,3,DENT-PHELPS R-III,251,2375000,193000,165000,28000,0,0,77000
2910770,Missouri,3,3,DEXTER R-XI,2088,18077000,2533000,1914000,519000,0,101000,888000
2910800,Missouri,3,3,DIAMOND R-IV,705,7353000,807000,575000,115000,0,0,271000
2910830,Missouri,3,3,DIXON R-I,894,8283000,657000,456000,108000,0,30000,261000
2910920,Missouri,3,3,DONIPHAN R-I,1642,14167000,1552000,1198000,121000,0,42000,571000
2910950,Missouri,3,3,DORA R-III,295,3374000,285000,264000,18000,0,3000,137000
2911010,Missouri,1,3,SKYLINE R-II,103,991000,94000,86000,8000,0,0,43000
2911040,Missouri,1,3,PLAINVIEW R-VIII,97,997000,47000,44000,3000,0,0,33000
2911070,Missouri,3,3,DREXEL R-IV,291,3436000,296000,261000,25000,0,10000,74000
2911100,Missouri,3,3,EAST CARTER CO. R-II,660,6817000,776000,594000,92000,1000,41000,263000
2911160,Missouri,1,3,EAST LYNNE 40,103,1693000,192000,160000,31000,0,0,61000
2911220,Missouri,3,3,EAST PRAIRIE R-II,1063,10479000,1006000,938000,53000,0,16000,468000
2911250,Missouri,3,3,EAST BUCHANAN CO. C-1,712,7201000,605000,489000,75000,0,40000,169000
2911280,Missouri,3,3,KNOX CO. R-I,451,5353000,529000,447000,38000,0,4000,148000
2911310,Missouri,3,3,EL DORADO SPRINGS R-II,1137,11067000,1084000,887000,55000,0,17000,440000
2911340,Missouri,3,3,ELDON R-I,1911,18317000,1877000,1369000,290000,0,90000,812000
2911400,Missouri,3,3,ELSBERRY R-II,825,7456000,903000,539000,123000,2000,172000,251000
2911450,Missouri,3,3,EMINENCE R-I,286,2932000,208000,184000,24000,0,0,49000
2911550,Missouri,3,3,COLE CO. R-V,643,5223000,337000,281000,0,0,16000,116000
2911580,Missouri,3,3,EVERTON R-III,162,1700000,105000,105000,0,0,0,45000
2911650,Missouri,3,3,EXCELSIOR SPRINGS 40,2526,27997000,3435000,1957000,459000,12000,513000,861000
2911670,Missouri,3,3,EXETER R-VI,289,2917000,158000,158000,0,0,0,57000
2911700,Missouri,3,3,FAIR GROVE R-X,1207,9550000,988000,658000,208000,0,28000,312000
2911730,Missouri,3,3,FAIR PLAY R-II,354,3694000,268000,170000,29000,2000,38000,100000
2911760,Missouri,3,3,FAIRFAX R-III,158,1939000,194000,194000,0,0,0,116000
2911850,Missouri,1,3,FAIRVIEW R-XI,494,4511000,481000,419000,62000,0,0,204000
2911910,Missouri,3,3,FARMINGTON R-VII,4072,34754000,5175000,3676000,747000,49000,49000,2145000
2911940,Missouri,3,3,MID-BUCHANAN CO. R-V,738,7097000,512000,316000,99000,4000,21000,145000
2911990,Missouri,3,3,FAYETTE R-III,615,5284000,489000,352000,48000,0,0,216000
2912010,Missouri,3,3,FERGUSON-FLORISSANT R-II,9259,124873000,2371000,2149000,0,0,222000,830000
2912030,Missouri,3,3,FESTUS R-VI,3093,29445000,2755000,2416000,113000,0,226000,1423000
2912180,Missouri,3,3,FORDLAND R-III,557,5361000,575000,575000,0,0,0,304000
2912240,Missouri,3,3,FORSYTH R-III,1129,11502000,1277000,1051000,107000,0,25000,494000
2912290,Missouri,3,3,FORT OSAGE R-I,5042,52270000,7498000,4512000,1163000,42000,755000,2184000
2912300,Missouri,3,3,FOX C-6,11326,111572000,22867000,18550000,3174000,38000,1105000,10002000
2912450,Missouri,1,3,SPRING BLUFF R-XV,196,2149000,128000,68000,26000,0,35000,52000
2912480,Missouri,1,3,STRAIN-JAPAN R-XVI,58,761000,60000,60000,0,0,0,30000
2912510,Missouri,1,3,FRANKLIN CO. R-II,119,1701000,184000,143000,36000,2000,3000,44000
2912540,Missouri,3,3,FREDERICKTOWN R-I,1921,17947000,2035000,1411000,350000,0,6000,599000
2912550,Missouri,3,3,FULTON 58,2355,21889000,1803000,1309000,77000,0,64000,882000
2912600,Missouri,3,3,GAINESVILLE R-V,628,6224000,636000,443000,119000,0,0,163000
2912630,Missouri,3,3,GALENA R-II,502,5235000,594000,370000,98000,0,29000,221000
2912660,Missouri,3,3,GALLATIN R-V,598,5992000,750000,518000,135000,1000,18000,214000
2912690,Missouri,3,3,GRUNDY CO. R-V,118,2245000,234000,209000,21000,0,4000,91000
2912720,Missouri,1,3,GASCONADE C-4,76,923000,35000,35000,0,0,0,26000
2912780,Missouri,3,3,GIDEON 37,230,2859000,197000,132000,65000,0,0,62000
2912870,Missouri,3,3,GILMAN CITY R-IV,138,1618000,77000,73000,4000,0,0,20000
2912900,Missouri,3,3,GLASGOW,368,3431000,530000,386000,75000,0,13000,149000
2912930,Missouri,3,3,GOLDEN CITY R-III,195,2228000,130000,104000,14000,0,0,51000
2913080,Missouri,3,3,GRAIN VALLEY R-V,4416,42766000,7641000,4587000,1329000,32000,642000,2144000
2913140,Missouri,3,3,GRANDVIEW C-4,4256,52472000,6659000,4191000,1176000,0,740000,2209000
2913170,Missouri,3,3,GRANDVIEW R-II,735,7575000,760000,573000,64000,0,19000,267000
2913230,Missouri,3,3,GREEN CITY R-I,286,3663000,386000,330000,39000,0,17000,104000
2913260,Missouri,1,3,GREEN FOREST R-II,183,1883000,167000,167000,0,0,0,42000
2913290,Missouri,3,3,GREEN RIDGE R-VIII,396,3649000,416000,367000,44000,0,5000,140000
2913320,Missouri,3,3,GREENFIELD R-IV,412,3844000,397000,383000,11000,0,3000,157000
2913380,Missouri,3,3,GREENVILLE R-II,738,6928000,611000,542000,17000,0,0,296000
2913440,Missouri,1,3,PLEASANT VIEW R-VI,160,1448000,507000,395000,0,0,112000,165000
2913500,Missouri,3,3,HALE R-I,134,1743000,105000,105000,0,0,0,69000
2913530,Missouri,3,3,HALFWAY R-III,262,2725000,175000,134000,16000,0,23000,65000
2913560,Missouri,3,3,HALLSVILLE R-IV,1456,12268000,1532000,999000,225000,0,109000,437000
2913590,Missouri,3,3,HAMILTON R-II,694,6841000,717000,567000,115000,0,11000,263000
2913650,Missouri,3,3,HANNIBAL 60,3621,35088000,5752000,4501000,815000,0,250000,2002000
2913680,Missouri,3,3,HARDIN-CENTRAL C-2,230,2450000,217000,203000,5000,0,9000,86000
2913710,Missouri,3,3,HARRISBURG R-VIII,590,5699000,403000,367000,35000,0,2000,255000
2913760,Missouri,3,3,HARRISONVILLE R-IX,2395,24554000,2975000,2063000,16000,0,482000,1009000
2913770,Missouri,3,3,HARTVILLE R-II,718,6685000,434000,396000,29000,0,0,268000
2913800,Missouri,3,3,HAYTI R-II,634,6749000,513000,500000,0,13000,0,0
2913830,Missouri,3,3,HAZELWOOD,17202,198212000,7329000,6665000,0,0,664000,2905000
2914250,Missouri,3,3,DUNKLIN R-V,1478,17106000,3793000,2315000,748000,7000,212000,1099000
2914280,Missouri,3,3,GASCONADE CO. R-I,929,8882000,1278000,969000,255000,0,54000,464000
2914310,Missouri,3,3,HERMITAGE R-IV,258,3183000,144000,78000,22000,0,21000,36000
2914320,Missouri,3,3,HICKORY CO. R-I,734,6655000,394000,290000,69000,0,36000,189000
2914340,Missouri,3,3,HICKMAN MILLS C-1,5543,66420000,11090000,6456000,2200000,67000,1143000,3145000
2914370,Missouri,3,3,HIGBEE R-VIII,155,2366000,211000,147000,38000,0,0,73000
2914400,Missouri,3,3,LAFAYETTE CO. C-1,1010,10458000,1714000,1187000,230000,0,129000,549000
2914430,Missouri,3,3,HILLSBORO R-III,3423,33039000,4408000,2897000,794000,0,260000,1505000
2914460,Missouri,3,3,HOLCOMB R-III,480,4698000,323000,323000,0,0,0,221000
2914490,Missouri,3,3,HOLDEN R-III,1202,12202000,1528000,910000,176000,8000,335000,504000
2914550,Missouri,3,3,HOLLISTER R-V,1407,15605000,1993000,1562000,198000,0,95000,607000
2914840,Missouri,3,3,HOUSTON R-I,1080,9563000,1590000,972000,409000,23000,11000,459000
2915060,Missouri,1,3,JUNCTION HILL C-12,217,2289000,242000,211000,30000,1000,0,105000
2915180,Missouri,1,3,GLENWOOD R-VIII,221,2500000,171000,137000,34000,0,0,92000
2915210,Missouri,1,3,HOWELL VALLEY R-I,225,2401000,219000,180000,39000,0,0,106000
2915270,Missouri,3,3,PETTIS CO. R-V,312,3378000,234000,226000,0,0,0,70000
2915300,Missouri,3,3,HUMANSVILLE R-IV,349,3659000,222000,182000,0,0,41000,112000
2915330,Missouri,3,3,HUME R-VIII,151,1667000,94000,73000,11000,0,0,33000
2915390,Missouri,3,3,HURLEY R-I,209,2345000,107000,107000,0,0,0,41000
2915420,Missouri,3,3,IBERIA R-V,701,6285000,664000,431000,120000,1000,22000,272000
2915450,Missouri,3,3,SCOTT CITY R-I,847,7786000,740000,739000,0,1000,0,360000
2915480,Missouri,3,3,INDEPENDENCE 30,14369,156388000,16775000,9258000,3785000,56000,1833000,5105000
2915510,Missouri,3,3,IRON CO. C-4,350,3664000,366000,294000,53000,0,4000,131000
2915600,Missouri,3,3,JACKSON R-II,5430,50581000,6889000,4515000,1799000,16000,323000,2089000
2915630,Missouri,3,3,NORTH DAVIESS R-III,62,1331000,152000,152000,0,0,0,102000
2915660,Missouri,3,3,JAMESTOWN C-1,198,2203000,214000,180000,24000,0,4000,78000
2916140,Missouri,3,3,JASPER CO. R-V,471,4508000,420000,275000,58000,0,19000,141000
2916190,Missouri,3,3,JEFFERSON CITY,8253,97815000,14431000,9633000,3354000,3000,1006000,4243000
2916200,Missouri,3,3,JEFFERSON C-123,139,2106000,101000,80000,0,0,0,32000
2916230,Missouri,3,3,JEFFERSON CO. R-VII,1111,11998000,1114000,1047000,0,0,67000,453000
2916350,Missouri,3,3,JOPLIN SCHOOLS,7817,66459000,12290000,8636000,2112000,3000,852000,4598000
2916380,Missouri,3,3,CLARK CO. R-I,1118,10344000,1926000,1690000,85000,0,151000,735000
2916400,Missouri,3,2,KANSAS CITY 33,15147,225839000,28568000,16166000,4621000,0,4802000,6567000
2916450,Missouri,3,3,KEARNEY R-I,3536,36202000,4644000,3199000,704000,13000,427000,1467000
2916470,Missouri,1,3,KELSO C-7,151,1488000,143000,121000,23000,0,0,67000
2916500,Missouri,3,3,KENNETT 39,1941,17677000,1894000,1864000,24000,0,7000,968000
2916530,Missouri,3,3,KEYTESVILLE R-III,134,2302000,117000,67000,17000,0,12000,38000
2916590,Missouri,3,3,KING CITY R-I,334,4149000,271000,268000,0,0,0,132000
2916660,Missouri,3,3,KINGSVILLE R-I,249,2639000,321000,243000,72000,0,5000,118000
2916710,Missouri,1,3,KIRBYVILLE R-VI,220,2997000,227000,164000,25000,2000,29000,90000
2916740,Missouri,3,3,KIRKSVILLE R-III,2559,25836000,6299000,4887000,800000,33000,386000,2449000
2916770,Missouri,3,3,KIRKWOOD R-VII,6215,71244000,1852000,1794000,0,0,58000,812000
2916830,Missouri,3,3,KNOB NOSTER R-VIII,1652,17449000,2292000,1534000,359000,0,161000,790000
2916860,Missouri,3,3,OREGON-HOWELL R-III,245,2597000,177000,154000,23000,0,0,107000
2916920,Missouri,3,3,LA MONTE R-IV,339,3179000,131000,97000,5000,0,8000,35000
2916950,Missouri,3,3,LA PLATA R-II,331,3732000,229000,179000,51000,0,0,86000
2917000,Missouri,1,3,LACLEDE CO. C-5,437,3851000,472000,419000,23000,0,30000,212000
2917850,Missouri,3,3,LAMAR R-I,1267,12749000,2253000,1454000,553000,0,11000,501000
2917880,Missouri,3,3,LAQUEY R-V,638,6737000,834000,649000,83000,0,3000,308000
2917970,Missouri,3,3,LATHROP R-II,963,9321000,1277000,923000,176000,3000,61000,393000
2918220,Missouri,3,3,LAWSON R-XIV,1126,9537000,897000,551000,88000,3000,127000,288000
2918240,Missouri,3,3,WEST ST. FRANCOIS CO. R-IV,986,9500000,1004000,802000,54000,0,28000,460000
2918270,Missouri,3,3,LEBANON R-III,4575,42739000,6657000,5168000,924000,3000,124000,2289000
2918300,Missouri,3,3,LEE'S SUMMIT R-VII,18220,215390000,29242000,21227000,4575000,122000,1779000,10469000
2918330,Missouri,1,3,LEESVILLE R-IX,101,1148000,57000,30000,23000,0,3000,20000
2918360,Missouri,3,3,LEETON R-X,343,3281000,293000,248000,28000,0,17000,117000
2918420,Missouri,3,3,LEOPOLD R-III,191,1724000,171000,171000,0,0,0,78000
2918450,Missouri,3,3,LESTERVILLE R-IV,236,4392000,446000,287000,54000,0,0,178000
2918460,Missouri,3,3,LEWIS CO. C-1,877,8631000,1199000,977000,125000,9000,6000,407000
2918480,Missouri,3,3,LEXINGTON R-V,1010,11263000,1360000,1082000,166000,0,112000,607000
2918510,Missouri,3,3,LIBERAL R-II,363,3410000,151000,95000,27000,0,12000,63000
2918540,Missouri,3,3,LIBERTY 53,12542,142735000,21586000,13887000,3969000,58000,2575000,6618000
2918600,Missouri,3,3,LICKING R-VIII,856,6918000,625000,625000,0,0,0,221000
2918670,Missouri,3,3,LINCOLN R-II,486,4957000,406000,357000,47000,0,1000,157000
2919080,Missouri,3,3,OSAGE CO. R-II,589,6020000,692000,512000,70000,0,42000,248000
2919140,Missouri,3,3,LOCKWOOD R-I,301,3205000,225000,200000,13000,0,5000,73000
2919170,Missouri,3,3,LOGAN-ROGERSVILLE R-VIII,2340,22272000,2768000,1566000,650000,0,177000,550000
2919200,Missouri,1,3,LONEDELL R-14,303,3650000,408000,235000,91000,8000,33000,81000
2919230,Missouri,3,3,LONE JACK C-6,730,6738000,626000,446000,88000,1000,12000,163000
2919260,Missouri,3,3,LOUISIANA R-II,716,7316000,737000,516000,123000,0,11000,259000
2919350,Missouri,3,3,WOODLAND R-IV,879,8053000,844000,575000,134000,0,33000,265000
2919380,Missouri,3,3,MACKS CREEK R-V,327,3301000,123000,95000,10000,0,11000,37000
2919410,Missouri,3,3,MACON CO. R-I,1258,12655000,1211000,954000,130000,0,43000,507000
2919840,Missouri,3,3,MADISON C-3,189,2215000,106000,91000,0,0,15000,95000
2919890,Missouri,3,3,MALDEN R-I,968,8530000,1201000,1182000,0,0,20000,641000
2919920,Missouri,3,3,MALTA BEND R-V,71,1526000,80000,80000,0,0,0,38000
2919950,Missouri,1,3,MANES R-V,55,839000,39000,39000,0,0,0,7000
2919980,Missouri,3,3,MANSFIELD R-IV,640,6090000,470000,420000,50000,0,0,262000
2920050,Missouri,3,3,MARCELINE R-V,642,6291000,726000,600000,28000,0,1000,360000
2920160,Missouri,3,3,MARION C. EARLY R-V,549,4592000,517000,457000,0,0,60000,338000
2920280,Missouri,3,3,MARION CO. R-II,204,2383000,157000,143000,9000,0,4000,42000
2920310,Missouri,3,3,MARIONVILLE R-IX,701,6774000,711000,693000,18000,0,0,328000
2920340,Missouri,1,3,MARK TWAIN R-VIII,60,716000,54000,54000,0,0,0,27000
2920370,Missouri,3,3,MARQUAND-ZION R-VI,132,1883000,121000,89000,31000,0,0,64000
2920410,Missouri,3,3,MARSHALL,2645,24656000,3540000,2515000,514000,14000,121000,1304000
2920430,Missouri,3,3,MARSHFIELD R-I,3072,27008000,3741000,3097000,420000,10000,70000,1631000
2920490,Missouri,3,3,MARYVILLE R-II,1464,16082000,2339000,1719000,450000,2000,48000,761000
2920550,Missouri,3,3,MAYSVILLE R-I,552,5914000,449000,373000,70000,0,6000,159000
2920610,Missouri,3,3,MCDONALD CO. R-I,3735,33929000,4681000,4143000,142000,6000,389000,2441000
2920640,Missouri,3,3,MEADVILLE R-IV,242,2226000,173000,173000,0,0,0,27000
2920670,Missouri,3,3,MEHLVILLE R-IX,10281,103144000,4057000,3515000,0,0,542000,2108000
2920700,Missouri,3,3,SCOTLAND CO. R-I,568,6292000,1012000,818000,157000,0,38000,361000
2920750,Missouri,3,3,NORTH MERCER CO. R-III,182,2478000,226000,216000,10000,0,0,77000
2920810,Missouri,3,3,MEXICO 59,2486,22937000,2599000,2397000,71000,3000,72000,1202000
2920820,Missouri,3,3,MIAMI R-I,194,2366000,131000,78000,43000,0,0,26000
2920840,Missouri,1,3,MIAMI R-I,71,1124000,62000,47000,15000,0,0,32000
2920940,Missouri,3,3,MILAN C-2,649,6974000,433000,305000,83000,0,0,110000
2921000,Missouri,3,3,MILLER R-II,600,5180000,472000,390000,81000,0,0,161000
2921100,Missouri,3,3,MOBERLY,2317,23062000,3541000,2570000,409000,0,275000,1261000
2921120,Missouri,3,3,MONETT R-I,1509,26517000,2960000,2058000,371000,1000,154000,1102000
2921150,Missouri,1,3,HIGH POINT R-III,88,1121000,109000,96000,13000,0,0,38000
2921210,Missouri,3,3,MONROE CITY R-I,729,7644000,1085000,942000,95000,2000,46000,391000
2921330,Missouri,3,3,MONTGOMERY CO. R-II,1220,12082000,1653000,1117000,245000,0,89000,395000
2921360,Missouri,3,3,MONTROSE R-XIV,104,1379000,56000,42000,13000,1000,0,27000
2921420,Missouri,3,3,SCOTT CO. CENTRAL,269,3467000,529000,314000,140000,1000,45000,178000
2921480,Missouri,3,3,MOUND CITY R-II,275,3715000,502000,432000,70000,0,0,284000
2921510,Missouri,3,3,MOUNTAIN GROVE R-III,1544,13196000,1447000,1011000,278000,0,32000,529000
2921540,Missouri,3,3,MOUNTAIN VIEW-BIRCH TREE R-III,1217,10494000,1000000,638000,177000,0,32000,434000
2921600,Missouri,3,3,MT. VERNON R-V,1474,12977000,1520000,1203000,228000,0,89000,693000
2921660,Missouri,3,3,NORTHEAST NODAWAY CO. R-V,217,2774000,189000,165000,24000,0,0,101000
2921690,Missouri,3,3,NORTH NODAWAY CO. R-VI,229,2745000,324000,320000,0,0,4000,132000
2921720,Missouri,3,3,NAYLOR R-II,408,3454000,188000,185000,0,3000,0,67000
2921750,Missouri,3,3,NEELYVILLE R-IV,638,5788000,886000,846000,13000,0,28000,417000
2921810,Missouri,3,3,NEOSHO SCHOOL DISTRICT,4727,41511000,6406000,4532000,1294000,2000,215000,1647000
2921840,Missouri,3,3,NEVADA R-V,2390,22793000,3095000,2303000,509000,6000,55000,1008000
2921875,Missouri,3,3,NEW BLOOMFIELD R-III,699,5956000,732000,613000,39000,0,17000,233000
2921880,Missouri,3,3,MACON CO. R-IV,109,1741000,88000,70000,13000,0,0,39000
2921940,Missouri,3,3,NEW FRANKLIN R-I,461,4262000,335000,246000,14000,0,17000,109000
2921960,Missouri,3,3,NEW HAVEN,498,5130000,707000,549000,65000,0,28000,278000
2922140,Missouri,3,3,NEWBURG R-II,402,4451000,576000,419000,101000,0,18000,174000
2922470,Missouri,3,3,NEWTOWN-HARRIS R-III,73,1636000,67000,67000,0,0,0,77000
2922500,Missouri,3,3,NIANGUA R-V,364,3143000,235000,207000,17000,0,0,101000
2922530,Missouri,3,3,Nixa Public Schools,6476,58476000,9669000,5950000,2215000,42000,368000,2275000
2922560,Missouri,3,3,NODAWAY-HOLT R-VII,210,2552000,230000,228000,0,0,0,104000
2922620,Missouri,3,3,NORBORNE R-VIII,177,2631000,208000,165000,39000,0,4000,82000
2922710,Missouri,3,3,NORTH ANDREW CO. R-VI,348,4172000,261000,230000,0,0,31000,111000
2922740,Missouri,3,3,NORTH CALLAWAY CO. R-I,1067,10589000,880000,861000,0,0,19000,325000
2922770,Missouri,3,3,NORTH HARRISON R-III,240,2412000,194000,175000,19000,0,0,59000
2922800,Missouri,3,3,NORTH KANSAS CITY 74,20342,237141000,32657000,26118000,1178000,43000,4808000,14732000
2922830,Missouri,3,3,NORTH PLATTE CO. R-I,588,6681000,822000,663000,136000,0,23000,284000
2922860,Missouri,3,3,NORTHEAST RANDOLPH CO. R-IV,381,3991000,443000,313000,57000,0,2000,116000
2922890,Missouri,3,3,NORTHWEST R-I,6216,63448000,10602000,7123000,1818000,0,1315000,3838000
2922920,Missouri,3,3,NORTHWESTERN R-I,166,2483000,213000,213000,0,0,0,81000
2922950,Missouri,3,3,NORWOOD R-I,355,4030000,310000,232000,42000,0,1000,103000
2922980,Missouri,3,3,ADAIR CO. R-I,225,2591000,179000,137000,42000,0,0,35000
2923010,Missouri,3,3,OAK GROVE R-VI,2022,17999000,2235000,1973000,100000,1000,160000,1068000
2923040,Missouri,1,3,OAK HILL R-I,127,1436000,156000,132000,25000,0,0,46000
2923070,Missouri,3,3,OAK RIDGE R-VI,383,3692000,291000,291000,0,0,0,128000
2923100,Missouri,3,3,ODESSA R-VII,2030,18806000,2503000,1632000,349000,5000,321000,882000
2923130,Missouri,3,3,ORAN R-III,350,3049000,228000,165000,57000,0,0,121000
2923160,Missouri,3,3,ORCHARD FARM R-V,2132,26590000,5545000,3523000,1159000,0,626000,1526000
2923190,Missouri,3,3,SOUTH HOLT CO. R-I,269,3436000,313000,254000,60000,0,0,133000
2923220,Missouri,3,3,ORRICK R-XI,280,3536000,358000,213000,52000,0,15000,83000
2923250,Missouri,3,3,OSBORN R-O,111,1937000,118000,77000,29000,0,12000,35000
2923270,Missouri,3,3,OSCEOLA,529,4768000,573000,500000,56000,0,0,225000
2923310,Missouri,3,3,OTTERVILLE R-VI,220,2667000,195000,142000,45000,0,0,36000
2923340,Missouri,3,3,GASCONADE CO. R-II,1852,16194000,2154000,1509000,286000,0,152000,721000
2923400,Missouri,3,3,LUTIE R-VI,127,2080000,56000,56000,0,0,0,106000
2923430,Missouri,3,3,OZARK R-VI,5913,53134000,9243000,5554000,2215000,4000,394000,2790000
2923460,Missouri,3,3,MERAMEC VALLEY R-III,3079,34007000,5757000,3804000,1127000,70000,383000,2033000
2923490,Missouri,3,3,PALMYRA R-I,1123,10419000,1675000,1288000,266000,3000,16000,681000
2923530,Missouri,3,3,PARIS R-II,462,4913000,466000,334000,74000,0,23000,152000
2923550,Missouri,3,3,PARK HILL,10972,152454000,21456000,13707000,4155000,31000,2593000,7418000
2923640,Missouri,3,3,MEADOW HEIGHTS R-II,527,4524000,501000,322000,119000,0,0,120000
2923670,Missouri,3,3,PATTONSBURG R-II,215,2157000,208000,177000,1000,0,2000,85000
2923700,Missouri,3,3,PATTONVILLE R-III,6213,89157000,4220000,3538000,0,0,682000,1474000
2923730,Missouri,3,3,RAYMORE-PECULIAR R-II,6460,64698000,8046000,5261000,1214000,1000,893000,2614000
2924530,Missouri,3,3,PERRY CO. 32,1726,21269000,3163000,2360000,510000,46000,99000,1252000
2924690,Missouri,1,3,PETTIS CO. R-XII,155,2301000,243000,201000,27000,0,3000,45000
2925080,Missouri,1,3,PHELPS CO. R-III,170,2107000,285000,265000,0,0,20000,90000
2925110,Missouri,3,3,PIERCE CITY R-VI,730,6085000,768000,586000,102000,3000,33000,312000
2925140,Missouri,3,3,PIKE CO. R-III,431,5260000,386000,283000,81000,0,5000,130000
2925170,Missouri,3,3,PILOT GROVE C-4,233,2961000,316000,208000,65000,0,5000,79000
2925210,Missouri,3,3,PLATO R-V,554,4430000,363000,299000,48000,0,13000,94000
2925230,Missouri,3,3,PLATTE CO. R-III,4338,44401000,5117000,3367000,1237000,6000,508000,1685000
2925290,Missouri,3,3,CLINTON CO. R-III,647,7411000,1215000,1017000,2000,0,196000,477000
2925330,Missouri,3,3,PLEASANT HILL R-III,2248,19566000,2348000,1532000,317000,0,123000,893000
2925350,Missouri,3,3,PLEASANT HOPE R-VI,791,7776000,998000,751000,154000,0,21000,468000
2925410,Missouri,3,3,POLO R-VII,438,4337000,388000,310000,77000,0,0,183000
2925450,Missouri,3,3,POPLAR BLUFF R-I,5244,48157000,8493000,7657000,16000,80000,243000,3791000
2925500,Missouri,3,3,POTOSI R-III,2033,21351000,2616000,2243000,36000,23000,82000,1329000
2925530,Missouri,3,3,PRAIRIE HOME R-V,147,1599000,109000,72000,36000,2000,0,31000
2925590,Missouri,3,3,PRINCETON R-V,345,4384000,533000,457000,6000,0,1000,211000
2925620,Missouri,3,3,PURDY R-II,644,5978000,799000,673000,99000,0,27000,233000
2925640,Missouri,3,3,PUTNAM CO. R-I,685,7013000,922000,895000,14000,0,13000,437000
2925650,Missouri,3,3,PUXICO R-VIII,788,6922000,831000,598000,105000,11000,5000,252000
2925710,Missouri,3,3,RALLS CO. R-II,753,6880000,739000,569000,81000,0,33000,295000
2926040,Missouri,1,3,RAYMONDVILLE R-VII,152,1524000,195000,195000,0,0,0,65000
2926070,Missouri,3,3,RAYTOWN C-2,8552,101709000,16483000,11142000,2288000,21000,1263000,5867000
2926160,Missouri,3,3,REEDS SPRING R-IV,1818,20681000,2581000,2223000,125000,0,84000,1086000
2926190,Missouri,1,3,RENICK R-V,97,1619000,170000,117000,54000,0,0,43000
2926220,Missouri,3,3,REPUBLIC R-III,5062,46117000,7177000,5303000,1161000,0,381000,2740000
2926310,Missouri,3,3,RICH HILL R-IV,356,3505000,258000,254000,0,0,4000,145000
2926370,Missouri,1,3,RICHARDS R-V,398,3429000,323000,251000,72000,0,0,137000
2926400,Missouri,3,3,RICHLAND R-I,294,3612000,361000,227000,61000,0,0,92000
2926430,Missouri,3,3,RICHLAND R-IV,523,5022000,751000,564000,96000,0,32000,227000
2926480,Missouri,3,3,RICHMOND R-XVI,1483,14014000,1535000,1180000,133000,0,70000,590000
2926490,Missouri,3,3,RIDGEWAY R-V,86,1273000,81000,76000,5000,0,0,51000
2926550,Missouri,1,3,RIPLEY CO. R-III,98,963000,71000,71000,0,0,0,33000
2926580,Missouri,1,3,RIPLEY CO. R-IV,120,1373000,91000,84000,6000,0,0,30000
2926610,Missouri,3,3,RISCO R-II,206,2321000,106000,94000,12000,0,0,46000
2926790,Missouri,3,3,ROCK PORT R-II,346,4065000,281000,280000,0,0,0,108000
2926850,Missouri,3,3,ROCKWOOD R-VI,21216,233471000,6676000,5920000,13000,0,722000,2759000
2926890,Missouri,3,3,ROLLA 31,4189,40631000,4751000,3288000,680000,2000,267000,1724000
2926940,Missouri,1,3,ROSCOE C-1,70,686000,22000,22000,0,0,0,14000
2926970,Missouri,3,3,COLE CO. R-I,620,5208000,576000,380000,113000,0,6000,150000
2927060,Missouri,3,3,ST. JOSEPH,10946,114573000,16417000,10756000,2787000,0,1651000,5416000
2927090,Missouri,3,3,SALEM R-80,1465,13167000,1846000,1650000,0,0,196000,927000
2927330,Missouri,1,3,HARDEMAN R-X,64,833000,77000,37000,21000,0,0,25000
2927450,Missouri,1,3,OREARVILLE R-IV,71,792000,89000,70000,19000,0,0,37000
2927520,Missouri,3,3,SALISBURY R-IV,480,5615000,539000,384000,66000,0,7000,170000
2927540,Missouri,3,3,SARCOXIE R-II,747,7902000,870000,670000,60000,74000,67000,289000
2927570,Missouri,3,3,SAVANNAH R-III,2360,19971000,2786000,2085000,267000,0,246000,1060000
2927600,Missouri,3,3,NORTHEAST VERNON CO. R-I,210,2366000,205000,201000,3000,0,0,103000
2927630,Missouri,3,3,SCHOOL OF THE OSAGE,2069,20990000,2890000,2704000,99000,0,67000,1470000
2927660,Missouri,3,3,SCHUYLER CO. R-I,582,6126000,961000,806000,114000,0,41000,338000
2927830,Missouri,3,3,SEDALIA 200,5141,47563000,8959000,6351000,1338000,42000,300000,3040000
2927870,Missouri,3,3,SENATH-HORNERSVILLE C-8,756,7184000,607000,392000,119000,2000,1000,245000
2927900,Missouri,3,3,SENECA R-VII,1523,12931000,2558000,1676000,439000,4000,251000,737000
2927930,Missouri,3,3,SEYMOUR R-II,705,7085000,662000,521000,94000,0,0,239000
2928110,Missouri,3,3,SHELBY CO. R-IV,726,7384000,647000,538000,77000,0,32000,294000
2928140,Missouri,3,3,NORTH SHELBY,292,3654000,261000,228000,22000,0,4000,118000
2928170,Missouri,3,3,SHELDON R-VIII,181,2096000,161000,161000,0,0,0,88000
2928200,Missouri,1,3,SHELL KNOB 78,143,4731000,1825000,1372000,297000,0,7000,587000
2928260,Missouri,3,3,SIKESTON R-6,3438,32609000,2970000,2469000,437000,0,65000,1257000
2928290,Missouri,3,3,SILEX R-I,443,3869000,305000,239000,44000,0,14000,99000
2928360,Missouri,3,3,SLATER,370,3635000,377000,296000,36000,1000,2000,120000
2928380,Missouri,3,3,SMITHTON R-VI,552,5052000,509000,460000,0,0,2000,224000
2928410,Missouri,3,3,SMITHVILLE R-II,2675,26816000,3514000,1989000,629000,0,470000,750000
2928430,Missouri,3,3,SOUTH CALLAWAY CO. R-II,773,9624000,901000,820000,0,0,82000,304000
2928470,Missouri,3,3,SOUTH IRON CO. R-I,285,3714000,288000,252000,1000,0,0,136000
2928500,Missouri,3,3,SOUTH NODAWAY CO. R-IV,166,2637000,180000,176000,3000,0,0,115000
2928560,Missouri,3,3,SOUTHERN BOONE CO. R-I,1806,16415000,2307000,1418000,459000,15000,124000,639000
2928590,Missouri,3,3,SOUTHERN REYNOLDS CO. R-II,502,4705000,332000,267000,65000,0,0,157000
2928620,Missouri,3,3,SOUTHLAND C-9,244,3018000,161000,142000,15000,4000,0,88000
2928680,Missouri,3,3,SOUTHWEST LIVINGSTON CO. R-I,174,1906000,179000,105000,8000,0,0,67000
2928710,Missouri,3,3,SOUTHWEST R-V,817,6912000,771000,639000,88000,0,0,281000
2928740,Missouri,3,3,SPARTA R-III,722,6511000,595000,434000,82000,0,9000,179000
2928800,Missouri,3,3,SPOKANE R-VII,759,6477000,741000,512000,154000,0,0,287000
2928860,Missouri,3,3,SPRINGFIELD R-XII,25659,270063000,38159000,21925000,8020000,81000,4555000,11018000
2928920,Missouri,3,3,ST. CHARLES R-VI,5039,73833000,12757000,8368000,2793000,65000,976000,4297000
2928950,Missouri,3,3,FRANCIS HOWELL R-III,17519,200579000,36677000,22324000,8922000,90000,3426000,10375000
2929100,Missouri,3,3,ST. CLAIR R-XIII,2293,23262000,6265000,5256000,449000,13000,142000,2326000
2929130,Missouri,3,3,ST. ELIZABETH R-IV,265,2374000,279000,204000,61000,1000,14000,146000
2929170,Missouri,3,3,CENTRAL R-III,2172,19759000,2666000,1842000,369000,0,251000,969000
2929250,Missouri,3,3,ST. JAMES R-I,1862,19006000,2784000,2354000,118000,14000,57000,1147000
2929280,Missouri,3,3,ST. LOUIS CITY,21244,318718000,47763000,31256000,9727000,0,5435000,14184000
2929340,Missouri,3,3,STANBERRY R-II,307,3928000,262000,262000,0,0,0,121000
2929370,Missouri,3,3,STE. GENEVIEVE CO. R-II,1877,24169000,3074000,1999000,443000,11000,245000,1154000
2929430,Missouri,3,3,STEELVILLE R-III,1009,8606000,936000,637000,150000,1000,53000,281000
2929490,Missouri,3,3,STEWARTSVILLE C-2,231,2565000,243000,167000,68000,0,8000,67000
2929520,Missouri,3,3,STOCKTON R-I,961,12200000,1766000,1435000,84000,2000,15000,1635000
2929580,Missouri,3,3,STOUTLAND R-II,461,4336000,451000,336000,54000,0,7000,173000
2929610,Missouri,3,3,MORGAN CO. R-I,768,6537000,653000,577000,77000,0,0,250000
2929640,Missouri,3,3,STRAFFORD R-VI,1268,11958000,1391000,1014000,260000,0,7000,512000
2929670,Missouri,1,3,STRASBURG C-3,120,1334000,59000,36000,23000,0,0,29000
2929700,Missouri,3,3,STURGEON R-V,432,4507000,504000,360000,68000,0,12000,144000
2929730,Missouri,1,3,SUCCESS R-VI,98,1188000,105000,75000,30000,0,0,32000
2929760,Missouri,3,3,SULLIVAN,2140,20384000,2722000,1873000,450000,3000,105000,1077000
2929810,Missouri,3,3,SUMMERSVILLE R-II,436,3938000,296000,193000,40000,0,0,114000
2929820,Missouri,1,3,SUNRISE R-IX,347,3379000,373000,220000,72000,0,40000,83000
2929880,Missouri,3,3,SWEET SPRINGS R-VII,422,4131000,353000,219000,69000,0,0,88000
2929910,Missouri,1,3,TANEYVILLE R-II,153,1906000,145000,145000,0,0,0,77000
2929940,Missouri,3,3,TARKIO R-I,343,4971000,362000,362000,0,0,0,161000
2930270,Missouri,3,3,THAYER R-II,706,6870000,921000,880000,0,3000,38000,431000
2930300,Missouri,3,3,TINA-AVALON R-II,129,1840000,127000,127000,0,0,0,71000
2930330,Missouri,3,3,TIPTON R-VI,628,5601000,742000,486000,101000,2000,73000,155000
2930360,Missouri,3,3,TRENTON R-IX,1189,11382000,1783000,1624000,0,0,158000,682000
2930390,Missouri,3,3,TRI-COUNTY R-VII,188,2631000,336000,314000,21000,1000,0,138000
2930420,Missouri,3,3,EAST NEWTON CO. R-VI,1356,11974000,1655000,1186000,188000,0,76000,569000
2930450,Missouri,3,3,TROY R-III,6565,63999000,11294000,10286000,232000,0,776000,4853000
2930510,Missouri,3,3,MILLER CO. R-III,208,2378000,248000,197000,31000,1000,19000,114000
2930520,Missouri,3,3,TWIN RIVERS R-X,915,9649000,1320000,904000,226000,4000,23000,314000
2930570,Missouri,3,3,UNION R-XI,3273,30884000,4201000,2431000,849000,11000,395000,1341000
2930600,Missouri,3,3,UNION STAR R-II,144,2083000,142000,142000,0,0,0,82000
2930660,Missouri,3,3,UNIVERSITY CITY,2640,41943000,938000,801000,0,0,47000,446000
2930720,Missouri,3,3,VALLEY R-VI,419,4162000,299000,283000,16000,0,0,198000
2930750,Missouri,3,3,VAN BUREN R-I,498,5122000,600000,572000,28000,0,0,264000
2930780,Missouri,3,3,VAN-FAR R-I,601,6090000,924000,628000,170000,0,23000,193000
2930810,Missouri,3,3,VERONA R-VII,377,4094000,291000,260000,30000,0,1000,154000
2930840,Missouri,3,3,MORGAN CO. R-II,1378,14334000,1598000,1096000,224000,1000,76000,488000
2930870,Missouri,3,3,MARIES CO. R-I,447,4377000,391000,222000,77000,0,1000,68000
2930900,Missouri,3,3,WEST NODAWAY CO. R-I,254,3350000,292000,292000,0,0,0,153000
2930990,Missouri,3,3,WALNUT GROVE R-V,276,2708000,100000,81000,0,0,15000,43000
2931020,Missouri,3,3,WARRENSBURG R-VI,3473,34153000,5389000,3263000,1196000,14000,549000,1401000
2931050,Missouri,3,3,WARREN CO. R-III,3014,32349000,6392000,3955000,1167000,4000,821000,1860000
2931070,Missouri,3,3,WARSAW R-IX,1281,11517000,2157000,1413000,257000,5000,235000,634000
2931110,Missouri,3,3,WASHINGTON,4053,44634000,7955000,4534000,1955000,15000,1066000,2495000
2931140,Missouri,3,3,KINGSTON K-14,874,8092000,1126000,840000,50000,0,77000,384000
2931230,Missouri,1,3,RICHWOODS R-VII,158,2305000,316000,280000,0,0,36000,74000
2931440,Missouri,3,3,WAYNESVILLE R-VI,6151,65986000,9979000,8124000,1055000,8000,539000,3477000
2931460,Missouri,3,3,WEAUBLEAU R-III,361,3313000,179000,133000,16000,0,21000,77000
2931500,Missouri,3,3,WEBB CITY R-VII,4613,39150000,5796000,4215000,971000,8000,266000,2005000
2931560,Missouri,3,3,WELLINGTON-NAPOLEON R-IX,424,4222000,487000,296000,100000,0,90000,141000
2931620,Missouri,3,3,WELLSVILLE MIDDLETOWN R-I,366,4300000,696000,533000,79000,0,2000,191000
2931650,Missouri,3,3,WENTZVILLE R-IV,17736,187461000,39581000,22488000,9854000,58000,5189000,10587000
2931680,Missouri,3,3,WEST PLAINS R-VII,2621,26406000,3972000,2679000,753000,5000,35000,1136000
2931710,Missouri,3,3,WEST PLATTE CO. R-II,700,9692000,772000,553000,100000,0,3000,323000
2931800,Missouri,3,3,MIDWAY R-I,441,5274000,831000,547000,107000,0,175000,228000
2931830,Missouri,3,3,OSAGE CO. R-III,790,7848000,885000,640000,131000,0,20000,294000
2931860,Missouri,3,3,WESTRAN R-I,570,8414000,1285000,828000,204000,0,29000,349000
2931890,Missouri,1,3,WESTVIEW C-6,120,1473000,69000,69000,0,0,0,46000
2931920,Missouri,3,3,WHEATLAND R-II,300,3294000,208000,130000,51000,0,20000,43000
2931950,Missouri,3,3,WHEATON R-III,442,3921000,341000,241000,100000,0,0,148000
2932010,Missouri,3,3,WILLARD R-II,4260,43687000,6778000,4973000,862000,0,332000,2434000
2932070,Missouri,3,3,WILLOW SPRINGS R-IV,1318,12293000,1571000,1162000,228000,7000,2000,557000
2932100,Missouri,3,3,WINDSOR C-1,3040,28030000,4725000,3612000,696000,6000,271000,1933000
2932110,Missouri,3,3,HENRY CO. R-I,700,6522000,1013000,802000,88000,0,123000,405000
2932190,Missouri,3,3,WINFIELD R-IV,1558,13765000,2388000,1748000,318000,11000,202000,808000
2932220,Missouri,3,3,WINONA R-III,452,4133000,398000,334000,52000,0,0,186000
2932250,Missouri,3,3,WINSTON R-VI,161,2099000,154000,154000,0,0,0,64000
2932300,Missouri,3,3,WORTH CO. R-III,293,3245000,231000,231000,0,0,0,78000
2932310,Missouri,3,3,WRIGHT CITY R-II OF WARREN CO.,1702,18345000,3630000,2367000,446000,2000,400000,1069000
2932490,Missouri,3,3,ZALMA R-V,225,2335000,165000,124000,36000,0,0,54000
3000002,Montana,1,3,Somers Elem,576,5522000,473000,413000,0,0,59000,145000
3000003,Montana,1,3,Cut Bank Elem,553,6294000,572000,572000,0,0,0,204000
3000005,Montana,1,3,Helena Elem,5338,60672000,8078000,4586000,2109000,0,1113000,2581000
3000006,Montana,1,3,Broadus Elem,127,1947000,84000,84000,0,0,0,45000
3000008,Montana,1,3,Ashland Elem,65,1745000,153000,110000,43000,0,0,45000
3000090,Montana,1,3,Noxon Elem,137,1630000,80000,80000,0,0,0,21000
3000093,Montana,1,3,Liberty Elem,78,604000,21000,21000,0,0,0,6000
3000094,Montana,1,3,West Glacier Elem,65,699000,20000,20000,0,0,0,17000
3000095,Montana,2,3,Lame Deer H S,132,3251000,172000,21000,97000,0,0,36000
3000096,Montana,1,3,North Star Elem,125,1648000,68000,68000,0,0,0,18000
3000097,Montana,2,3,North Star HS,53,1453000,15000,15000,0,0,0,15000
3000098,Montana,1,3,Chester-Joplin-Inverness El,182,1835000,120000,113000,0,0,7000,36000
3000099,Montana,3,3,Heart Butte K-12 Schools,194,5015000,154000,152000,0,1000,0,71000
3000102,Montana,3,3,Dutton/Brady K-12 Schools,133,2336000,64000,64000,0,0,0,22000
3000654,Montana,3,3,Big Sky School K-12,380,5023000,298000,292000,4000,2000,0,101000
3000655,Montana,3,3,East Helena K-12,1387,14294000,519000,519000,0,0,0,404000
3000656,Montana,3,3,Lockwood K-12,1268,13482000,1019000,887000,77000,0,0,492000
3000932,Montana,1,3,Shields Valley Elem,142,1585000,103000,103000,0,0,0,76000
3000933,Montana,2,3,Shields Valley H S,58,1248000,47000,47000,0,0,0,33000
3001710,Montana,1,3,Absarokee Elem,127,1669000,107000,107000,0,0,0,70000
3001740,Montana,2,3,Absarokee H S,80,1608000,56000,56000,0,0,0,18000
3001860,Montana,3,3,Alberton K-12 Schools,149,2217000,99000,99000,0,0,0,41000
3001980,Montana,1,3,Amsterdam Elem,143,1222000,57000,57000,0,0,0,22000
3002010,Montana,1,3,Anaconda Elem,709,9972000,1461000,1143000,202000,0,53000,468000
3002030,Montana,2,3,Anaconda H S,313,3573000,449000,242000,130000,0,0,0
3002070,Montana,1,3,Anderson Elem,197,2275000,107000,107000,0,0,0,54000
3002220,Montana,1,3,Arlee Elem,302,4904000,761000,761000,0,0,0,190000
3002250,Montana,2,3,Arlee H S,110,2143000,145000,145000,0,0,0,44000
3002300,Montana,1,3,Arrowhead Elem,51,844000,54000,54000,0,0,0,34000
3002430,Montana,1,3,Augusta Elem,71,853000,24000,24000,0,0,0,18000
3002640,Montana,3,3,Bainville K-12 Schools,171,3505000,184000,178000,5000,0,0,52000
3002730,Montana,3,3,Baker K-12 Schools,457,9771000,544000,537000,7000,0,0,165000
3002850,Montana,1,3,Smith Valley Elem,210,2018000,221000,220000,0,0,0,67000
3003090,Montana,2,3,Beaverhead County H S,326,4642000,210000,197000,0,0,0,52000
3003270,Montana,3,3,Belfry K-12 Schools,56,1508000,45000,45000,0,0,0,24000
3003290,Montana,1,3,Belgrade Elem,2458,24797000,2423000,1765000,479000,5000,38000,632000
3003330,Montana,2,3,Belgrade H S,1001,10055000,704000,592000,36000,1000,13000,307000
3003420,Montana,1,3,Belt Elem,251,2614000,86000,86000,0,0,0,33000
3003450,Montana,2,3,Belt H S,81,1625000,55000,55000,0,0,0,39000
3003750,Montana,3,3,Big Sandy K-12,199,2814000,112000,112000,0,0,0,44000
3003800,Montana,1,3,Big Timber Elem,310,2889000,135000,135000,0,0,0,33000
3003820,Montana,1,3,Bigfork Elem,594,5703000,505000,342000,128000,0,12000,107000
3003840,Montana,2,3,Bigfork H S,339,3776000,202000,154000,25000,0,0,96000
3003870,Montana,1,3,Billings Elem,11554,120994000,14938000,10823000,2908000,0,993000,6071000
3003900,Montana,2,3,Billings H S,5473,65860000,6151000,4729000,760000,0,368000,2555000
3004230,Montana,1,3,Blue Creek Elem,189,1624000,147000,147000,0,0,0,41000
3004260,Montana,1,3,Bonner Elem,334,3970000,691000,433000,246000,0,6000,142000
3004380,Montana,1,3,Boulder Elem,175,2704000,201000,201000,0,0,0,32000
3004440,Montana,1,3,Box Elder Elem,288,5401000,181000,181000,0,0,0,117000
3004500,Montana,2,3,Box Elder H S,97,2416000,91000,91000,0,0,0,19000
3004560,Montana,1,3,Bozeman Elem,4847,47981000,7207000,3812000,2906000,0,156000,2503000
3004590,Montana,2,3,Bozeman H S,2243,26857000,1993000,1283000,292000,0,146000,579000
3004800,Montana,3,3,Bridger K-12 Schools,200,3156000,204000,199000,0,0,2000,122000
3004860,Montana,2,3,Powder River Co Dist H S,61,1922000,46000,46000,0,0,0,22000
3004890,Montana,1,3,Broadview Elem,90,1222000,30000,30000,0,0,0,12000
3004980,Montana,3,3,Townsend K-12 Schools,647,6937000,257000,255000,0,0,2000,167000
3005010,Montana,1,3,Brockton Elem,95,1914000,144000,139000,0,0,0,50000
3005140,Montana,1,3,Browning Elem,1387,23065000,1737000,1475000,144000,0,39000,472000
3005190,Montana,2,3,Browning H S,595,8014000,608000,568000,0,0,13000,220000
3005280,Montana,1,3,Butte Elem,3078,30985000,4520000,1931000,2235000,3000,171000,1597000
3005310,Montana,2,3,Butte H S,1216,15522000,1061000,812000,70000,0,91000,587000
3005460,Montana,1,3,Canyon Creek Elem,247,2489000,246000,246000,0,0,0,37000
3005850,Montana,1,3,Vaughn Elem,161,1646000,62000,62000,0,0,0,38000
3005880,Montana,1,3,Cascade Elem,203,2134000,139000,139000,0,0,0,59000
3005910,Montana,2,3,Cascade H S,92,1531000,71000,71000,0,0,0,34000
3005990,Montana,1,3,Cayuse Prairie Elem,257,2685000,325000,324000,0,0,0,99000
3006110,Montana,3,3,St Ignatius K-12 Schools,483,6584000,573000,564000,1000,0,8000,239000
3006112,Montana,1,3,Charlo Elem,165,1900000,51000,51000,0,0,0,0
3006115,Montana,2,3,Charlo H S,86,1205000,58000,58000,0,0,0,0
3006260,Montana,1,3,Chinook Elem,239,2849000,336000,336000,0,0,0,91000
3006270,Montana,2,3,Chinook H S,108,2086000,119000,119000,0,0,0,40000
3006320,Montana,1,3,Choteau Elem,238,2495000,137000,137000,0,0,0,42000
3006330,Montana,2,3,Choteau H S,113,1864000,72000,72000,0,0,0,37000
3006790,Montana,1,3,Circle Elem,130,1673000,88000,88000,0,0,0,37000
3006810,Montana,2,3,Circle H S,63,1501000,50000,50000,0,0,0,29000
3006840,Montana,1,3,Clancy Elem,340,2949000,146000,146000,0,0,0,34000
3006870,Montana,1,3,Clinton Elem,196,2551000,204000,184000,0,0,20000,110000
3007050,Montana,1,3,Colstrip Elem,417,6382000,392000,292000,57000,0,6000,125000
3007080,Montana,2,3,Colstrip H S,166,4560000,251000,200000,27000,0,0,126000
3007110,Montana,1,3,Columbia Falls Elem,1491,16494000,2248000,1462000,501000,9000,110000,532000
3007140,Montana,2,3,Columbia Falls H S,658,8427000,714000,553000,58000,0,30000,257000
3007190,Montana,1,3,Columbus Elem,523,4554000,417000,417000,0,0,0,105000
3007200,Montana,2,3,Columbus H S,213,2900000,221000,221000,0,0,0,60000
3007320,Montana,2,3,Conrad H S,124,1942000,55000,55000,0,0,0,32000
3007330,Montana,1,3,Conrad Elem,344,3632000,167000,166000,0,0,0,78000
3007410,Montana,3,3,Corvallis K-12 Schools,1437,13315000,1187000,753000,289000,0,33000,469000
3007710,Montana,1,3,Creston Elem,118,929000,92000,92000,0,0,1000,33000
3007830,Montana,1,3,Culbertson Elem,191,3839000,121000,121000,0,0,0,44000
3007860,Montana,2,3,Culbertson H S,84,1786000,34000,34000,0,0,0,23000
3007930,Montana,2,3,Custer County H S,510,5906000,431000,264000,110000,0,0,150000
3008130,Montana,3,3,Custer K-12 Schools,85,1589000,25000,25000,0,0,0,8000
3008190,Montana,2,3,Cut Bank H S,210,3025000,175000,175000,0,0,0,55000
3008280,Montana,3,3,Darby K-12 Schools,329,7778000,365000,365000,0,0,0,135000
3008340,Montana,2,3,Dawson H S,333,4434000,210000,146000,0,0,5000,19000
3008670,Montana,1,3,Deer Lodge Elem,400,5071000,448000,351000,97000,0,0,280000
3008700,Montana,1,3,Deer Park Elem,173,1257000,68000,68000,0,0,0,45000
3008880,Montana,1,3,DeSmet Elem,99,1792000,240000,227000,0,1000,7000,57000
3008910,Montana,1,3,Dillon Elem,744,7572000,1130000,1002000,128000,0,0,221000
3009030,Montana,1,3,Dixon Elem,63,1275000,61000,61000,0,0,0,48000
3009120,Montana,3,3,Dodson K-12,93,1990000,94000,94000,0,0,0,0
3009180,Montana,1,3,Drummond Elem,98,1186000,75000,75000,1000,0,0,28000
3009210,Montana,2,3,Drummond H S,57,1040000,85000,85000,0,0,0,49000
3009510,Montana,1,3,East Glacier Park Elem,57,1010000,46000,41000,5000,0,0,10000
3009670,Montana,1,3,Ekalaka Elem,96,1268000,43000,43000,0,0,0,15000
3009720,Montana,1,3,Elder Grove Elem,617,4707000,425000,421000,0,4000,0,158000
3009840,Montana,1,3,Elysian Elem,410,3331000,142000,142000,0,0,0,81000
3009930,Montana,3,3,Ennis K-12 Schools,374,4881000,307000,296000,11000,0,0,74000
3010080,Montana,1,3,Eureka Elem,476,5163000,364000,198000,160000,0,0,144000
3010140,Montana,1,3,Fairfield Elem,198,2062000,66000,66000,0,0,0,23000
3010170,Montana,2,3,Fairfield H S,121,2154000,53000,53000,0,0,0,13000
3010210,Montana,1,3,Fairview Elem,190,3062000,209000,209000,0,0,0,54000
3010230,Montana,1,3,Fair-Mont-Egan Elem,169,1549000,92000,92000,0,0,0,36000
3010290,Montana,2,3,Fairview H S,124,2600000,106000,106000,0,0,0,51000
3010530,Montana,2,3,Fergus H S,306,4652000,204000,192000,0,0,12000,121000
3010920,Montana,1,3,Evergreen Elem,699,9139000,2153000,1896000,85000,0,3000,1095000
3010950,Montana,1,3,Olney-Bissell Elem,78,1017000,54000,54000,0,0,0,29000
3011100,Montana,3,3,Florence-Carlton K-12 Schls,835,7803000,706000,635000,0,0,71000,256000
3011160,Montana,1,3,Forsyth Elem,212,2508000,127000,120000,7000,0,0,60000
3011190,Montana,2,3,Forsyth H S,101,1712000,44000,44000,0,0,0,15000
3011240,Montana,1,3,Fort Benton Elem,223,2029000,145000,145000,0,0,0,52000
3011260,Montana,2,3,Fort Benton H S,94,2094000,112000,112000,0,0,0,29000
3011340,Montana,1,3,Fortine Elem,91,897000,46000,46000,0,0,0,32000
3011420,Montana,1,3,Frazer Elem,82,2296000,35000,35000,0,0,0,26000
3011520,Montana,3,3,Frenchtown K-12 Schools,1345,13565000,1569000,1045000,477000,0,36000,454000
3011550,Montana,1,3,Froid Elem,78,1074000,27000,27000,0,0,0,14000
3011650,Montana,3,3,Fromberg K-12,129,2327000,131000,131000,0,0,0,35000
3011670,Montana,1,3,Frontier Elem,133,2150000,72000,72000,0,0,0,40000
3011790,Montana,1,3,Gallatin Gateway Elem,173,1874000,80000,80000,0,0,0,37000
3011820,Montana,1,3,Gardiner Elem,100,1401000,46000,46000,0,0,0,31000
3011850,Montana,2,3,Gardiner H S,58,1328000,38000,38000,0,0,0,20000
3012210,Montana,3,3,Geraldine K-12,58,1571000,36000,33000,0,3000,0,16000
3012420,Montana,3,3,Glasgow K-12 Schools,806,9390000,749000,711000,14000,0,24000,164000
3012510,Montana,1,3,Glendive Elem,835,10225000,1382000,881000,219000,3000,162000,234000
3012840,Montana,3,3,Philipsburg K-12 Schools,162,2572000,141000,141000,0,0,0,95000
3012960,Montana,1,3,Grass Range Elem,56,699000,32000,32000,0,0,0,8000
3013040,Montana,1,3,Great Falls Elem,7271,71328000,8237000,3948000,3387000,9000,776000,2840000
3013050,Montana,2,3,Great Falls H S,2943,30819000,2364000,1648000,301000,0,290000,1061000
3013110,Montana,1,3,Greenfield Elem,105,884000,15000,13000,0,0,2000,0
3013260,Montana,3,3,Hamilton K-12 Schools,1486,15795000,1717000,1354000,222000,0,141000,520000
3013310,Montana,1,3,Hardin Elem,1413,19118000,1195000,1014000,166000,11000,3000,20000
3013340,Montana,2,3,Hardin H S,509,5966000,310000,305000,4000,2000,0,63000
3013360,Montana,2,3,Plenty Coups H S,57,1950000,45000,45000,0,0,0,21000
3013395,Montana,1,3,Harlem Elem,426,6682000,589000,589000,0,0,0,251000
3013400,Montana,2,3,Harlem H S,166,2773000,177000,177000,0,0,0,106000
3013470,Montana,3,3,Harlowton K-12,272,4358000,430000,430000,0,0,0,132000
3013530,Montana,3,3,Harrison K-12 Schools,81,1671000,68000,68000,0,0,0,0
3013560,Montana,1,3,Havre Elem,1226,13208000,1005000,389000,483000,0,0,445000
3013590,Montana,2,3,Havre H S,504,5990000,498000,228000,215000,0,0,178000
3013660,Montana,3,3,Hays-Lodge Pole K-12 Schls,234,5151000,369000,369000,0,0,0,103000
3013800,Montana,1,3,Helena Flats Elem,234,2150000,166000,166000,0,0,0,90000
3013830,Montana,2,3,Helena H S,2693,31501000,2480000,1803000,332000,0,135000,1122000
3013860,Montana,1,3,Hellgate Elem,1540,15490000,2645000,1689000,484000,0,253000,494000
3014070,Montana,3,3,Highwood K-12,112,1778000,82000,82000,0,0,0,36000
3014430,Montana,3,3,Hobson K-12 Schools,119,1965000,43000,43000,0,0,0,25000
3014640,Montana,3,3,Hot Springs K-12,192,2892000,113000,113000,0,0,0,38000
3014700,Montana,3,3,Huntley Project K-12 Schools,764,9801000,998000,936000,0,0,61000,298000
3014760,Montana,3,3,Hysham K-12 Schools,71,1582000,63000,63000,0,0,0,20000
3014820,Montana,1,3,Independent Elem,310,2593000,262000,262000,0,0,0,78000
3015120,Montana,2,3,Jefferson H S,289,3564000,312000,312000,0,0,0,47000
3015200,Montana,1,3,Joliet Elem,250,2526000,122000,122000,0,0,0,42000
3015260,Montana,2,3,Joliet H S,106,1605000,44000,44000,0,0,0,17000
3015340,Montana,1,3,Jordan Elem,98,1033000,18000,18000,0,0,0,0
3015420,Montana,2,3,Flathead H S,2844,29531000,1536000,1188000,164000,0,96000,0
3015450,Montana,1,3,Kalispell Elem,3111,31975000,4265000,1383000,2310000,21000,448000,839000
3015570,Montana,1,3,Kila Elem,200,1634000,141000,141000,0,0,0,42000
3015900,Montana,1,3,Upper West Shore Elem,73,651000,66000,66000,0,0,0,38000
3015990,Montana,1,3,Lambert Elem,93,1689000,56000,56000,0,0,0,15000
3016050,Montana,1,3,Lame Deer Elem,406,6624000,416000,30000,267000,3000,0,245000
3016110,Montana,1,3,LaMotte Elem,67,822000,27000,27000,0,0,0,9000
3016200,Montana,1,3,Laurel Elem,1387,13494000,1970000,1840000,0,0,41000,377000
3016230,Montana,2,3,Laurel H S,641,6708000,527000,471000,0,0,20000,147000
3016290,Montana,3,3,Lavina K-12 Schools,60,1418000,53000,53000,0,0,0,36000
3016490,Montana,1,3,Lewistown Elem,849,8995000,1414000,1351000,0,2000,61000,455000
3016530,Montana,3,3,Libby K-12 Schools,1194,12962000,1087000,725000,279000,6000,6000,239000
3016710,Montana,3,3,Lima K-12 Schools,60,1404000,45000,44000,0,1000,0,12000
3016770,Montana,2,3,Lincoln County H S,275,2775000,105000,74000,28000,0,0,20000
3016810,Montana,3,3,Lincoln K-12 Schools,131,2042000,97000,97000,0,0,0,79000
3016880,Montana,1,3,Livingston Elem,947,11169000,1302000,1253000,0,1000,1000,545000
3017010,Montana,1,3,Lodge Grass Elem,250,4304000,226000,226000,0,0,0,163000
3017040,Montana,2,3,Lodge Grass H S,194,3393000,224000,224000,0,0,0,107000
3017130,Montana,1,3,Lolo Elem,532,5815000,1173000,1108000,0,0,65000,171000
3017190,Montana,1,3,Lone Rock Elem,191,2043000,125000,119000,0,0,6000,38000
3017340,Montana,1,3,Lustre Elem,52,507000,11000,11000,0,0,0,10000
3017580,Montana,3,3,Malta K-12 Schools,466,6238000,378000,335000,43000,0,0,169000
3017610,Montana,1,3,Manhattan School,489,4519000,473000,322000,118000,3000,31000,114000
3017640,Montana,2,3,Manhattan High School,259,3628000,303000,229000,51000,3000,21000,93000
3017700,Montana,1,3,Marion Elem,146,1542000,168000,168000,0,0,0,52000
3018170,Montana,3,3,Medicine Lake K-12 Schools,79,2508000,76000,76000,0,0,0,32000
3018410,Montana,1,3,Miles City Elem,971,10808000,1363000,997000,263000,0,20000,424000
3018540,Montana,2,3,Missoula H S,3620,46718000,6814000,3155000,2989000,0,563000,2761000
3018570,Montana,1,3,Missoula Elem,5637,59272000,11415000,6271000,3055000,0,1928000,2937000
3018750,Montana,1,3,Monforton Elem,622,4961000,140000,140000,0,0,0,114000
3018780,Montana,1,3,Montana City Elem,503,4392000,307000,307000,0,0,0,85000
3018870,Montana,1,3,Moore Elem,58,809000,20000,20000,0,0,0,13000
3019170,Montana,3,3,Nashua K-12 Schools,99,1809000,93000,84000,10000,0,0,3000
3019500,Montana,2,3,Noxon H S,67,1404000,27000,27000,0,0,0,21000
3020040,Montana,1,3,Park City Elem,210,1991000,217000,217000,0,0,0,66000
3020070,Montana,2,3,Park City H S,98,1303000,77000,77000,0,0,0,30000
3020100,Montana,2,3,Park H S,418,6602000,333000,302000,0,0,0,332000
3020790,Montana,1,3,Pioneer Elem,71,719000,84000,80000,0,0,4000,23000
3020850,Montana,3,3,Plains K-12,475,4974000,253000,246000,7000,0,0,106000
3020960,Montana,3,3,Plentywood K-12 Schools,353,4685000,239000,235000,3000,0,0,96000
3021000,Montana,3,3,Plevna K-12 Schools,104,2379000,149000,148000,0,0,2000,61000
3021060,Montana,1,3,Polson Elem,1189,13564000,1894000,1547000,218000,0,65000,699000
3021090,Montana,2,3,Polson H S,481,5935000,584000,402000,110000,0,2000,170000
3021240,Montana,1,3,Poplar Elem,690,11053000,811000,609000,179000,0,0,439000
3021270,Montana,2,3,Poplar H S,248,4802000,278000,234000,25000,0,0,76000
3021330,Montana,1,3,Potomac Elem,84,1308000,68000,62000,0,0,6000,41000
3021450,Montana,2,3,Powell County H S,187,3319000,220000,220000,0,0,0,0
3021510,Montana,1,3,Power Elem,89,1053000,42000,42000,0,0,0,18000
3021720,Montana,1,3,Pryor Elem,73,1684000,84000,84000,0,0,0,14000
3021850,Montana,1,3,Ramsay Elem,152,1753000,72000,72000,0,0,1000,34000
3022080,Montana,1,3,Red Lodge Elem,321,3456000,125000,125000,0,0,0,87000
3022110,Montana,2,3,Red Lodge H S,191,2599000,112000,112000,0,0,0,43000
3022710,Montana,3,3,Roberts K-12 Schools,103,1750000,71000,71000,0,0,0,32000
3022750,Montana,1,3,Rocky Boy Elem,460,9529000,262000,255000,0,0,8000,107000
3022790,Montana,1,3,Ronan Elem,1106,11778000,1366000,840000,338000,14000,30000,421000
3022800,Montana,2,3,Ronan H S,335,4859000,218000,151000,17000,0,10000,48000
3022920,Montana,3,3,Rosebud K-12,50,1252000,23000,23000,0,0,0,0
3023040,Montana,1,3,Roundup Elem,364,3828000,304000,304000,0,0,0,120000
3023070,Montana,2,3,Roundup High School,179,2465000,128000,128000,0,0,0,67000
3023520,Montana,1,3,Savage Elem,91,935000,51000,51000,0,0,0,12000
3023670,Montana,3,3,Scobey K-12 Schools,273,3567000,129000,129000,0,0,0,92000
3023730,Montana,1,3,Seeley Lake Elem,157,2183000,221000,166000,55000,0,0,32000
3023900,Montana,1,3,Shelby Elem,324,3509000,280000,280000,0,0,0,101000
3023910,Montana,2,3,Shelby H S,125,2616000,128000,128000,0,0,0,65000
3023940,Montana,1,3,Shepherd Elem,581,5682000,455000,367000,55000,0,34000,186000
3023970,Montana,2,3,Shepherd H S,259,3173000,143000,117000,26000,0,0,58000
3024150,Montana,1,3,Sheridan Elem,130,1642000,76000,76000,0,0,0,20000
3024180,Montana,2,3,Sheridan H S,63,1328000,53000,53000,0,0,0,20000
3024200,Montana,1,3,Sidney Elem,934,9195000,1052000,785000,230000,0,34000,399000
3024230,Montana,2,3,Sidney H S,403,6140000,293000,206000,73000,0,15000,109000
3024300,Montana,1,3,Sun River Valley Elem,201,2600000,198000,194000,4000,0,0,76000
3024330,Montana,2,3,Simms H S,100,1643000,70000,70000,0,0,0,39000
3024930,Montana,3,3,St Regis K-12 Schools,167,2748000,126000,117000,0,0,0,35000
3024990,Montana,3,3,Stanford K-12 Schools,117,2141000,98000,98000,0,0,0,31000
3025020,Montana,1,3,Stevensville Elem,651,5964000,524000,524000,0,0,0,187000
3025050,Montana,2,3,Stevensville H S,402,4439000,307000,307000,0,0,0,109000
3025130,Montana,1,3,Centerville Elem,240,2211000,155000,155000,0,0,0,64000
3025140,Montana,2,3,Centerville H S,66,1317000,28000,28000,0,0,0,21000
3025320,Montana,3,3,Sunburst K-12 Schools,133,2741000,156000,156000,0,0,0,40000
3025470,Montana,3,3,Superior K-12 Schools,318,3657000,87000,87000,0,0,0,93000
3025500,Montana,1,3,Swan River Elem,190,1450000,88000,88000,0,0,0,41000
3025560,Montana,2,3,Sweet Grass County H S,170,2903000,118000,118000,0,0,0,35000
3025890,Montana,1,3,Target Range Elem,606,5305000,786000,621000,165000,0,0,285000
3025950,Montana,3,3,Terry K-12 Schools,134,2253000,104000,101000,0,0,2000,42000
3026070,Montana,1,3,Thompson Falls Elem,282,3615000,197000,197000,0,0,0,74000
3026100,Montana,2,3,Thompson Falls H S,156,2259000,148000,148000,0,0,0,51000
3026160,Montana,1,3,Three Forks Elem,527,4428000,286000,258000,0,0,0,84000
3026190,Montana,2,3,Three Forks H S,226,2262000,122000,108000,0,0,0,44000
3026520,Montana,1,3,Trout Creek Elem,57,1153000,80000,80000,0,0,0,33000
3026550,Montana,1,3,Troy Elem,250,3640000,232000,232000,0,0,0,123000
3026580,Montana,2,3,Troy H S,141,2184000,283000,283000,0,0,0,57000
3026640,Montana,1,3,Turner Elem,56,822000,20000,20000,0,0,0,0
3026730,Montana,3,3,Twin Bridges K-12 Schools,211,3091000,162000,162000,0,0,0,41000
3026880,Montana,1,3,Ulm Elem,128,1168000,28000,28000,0,0,0,7000
3027060,Montana,1,3,Valier Elem,100,1398000,39000,39000,0,0,0,14000
3027270,Montana,3,3,Victor K-12 Schools,255,3133000,184000,182000,1000,0,2000,101000
3027570,Montana,1,3,West Valley Elem,704,5850000,477000,476000,0,0,1000,138000
3027630,Montana,3,3,West Yellowstone K-12,300,3368000,170000,170000,0,0,0,53000
3027730,Montana,3,3,Westby K-12 Schools,62,1677000,24000,24000,0,0,0,32000
3027740,Montana,1,3,Whitefish Elem,1347,14292000,2188000,1252000,617000,0,213000,610000
3027790,Montana,2,3,Whitefish H S,579,7530000,458000,340000,54000,0,31000,100000
3027810,Montana,1,3,Whitehall Elem,309,2975000,266000,266000,0,0,0,156000
3027840,Montana,2,3,Whitehall H S,132,1751000,159000,78000,80000,0,0,36000
3028020,Montana,3,3,Wibaux K-12 Schools,164,3069000,273000,268000,4000,0,0,83000
3028380,Montana,3,3,Winifred K-12 Schools,110,1761000,94000,94000,0,0,0,37000
3028470,Montana,3,3,Winnett K-12 Schools,65,1432000,70000,70000,0,0,0,45000
3028590,Montana,1,3,Wolf Point Elem,579,7078000,655000,561000,89000,0,0,365000
3028620,Montana,2,3,Wolf Point H S,222,3463000,120000,82000,32000,0,0,9000
3028770,Montana,3,3,White Sulphur Spgs K-12,212,3065000,181000,181000,0,0,0,77000
3028800,Montana,1,3,Wyola Elem,79,2320000,66000,55000,11000,0,0,42000
3028860,Montana,1,3,Yellowstone Academy Elem,50,4528000,3703000,2086000,657000,71000,2000,960000
3028911,Montana,2,3,Rocky Boy H S,140,2253000,66000,58000,0,0,8000,25000
3100002,Nebraska,3,3,DAVID CITY PUBLIC SCHOOLS,683,11736000,1840000,1428000,329000,0,83000,506000
3100003,Nebraska,3,3,EAST BUTLER PUBLIC SCHOOLS,289,6708000,997000,870000,124000,0,2000,230000
3100004,Nebraska,3,3,LAUREL-CONCORD-COLERIDGE SCHOOL,449,7717000,761000,724000,10000,0,27000,204000
3100006,Nebraska,3,3,WEST POINT PUBLIC SCHOOLS,728,10810000,1197000,1158000,15000,0,25000,658000
3100008,Nebraska,3,3,WISNER-PILGER PUBLIC SCHOOLS,440,7332000,656000,623000,30000,0,3000,238000
3100010,Nebraska,3,3,ANSELMO-MERNA PUBLIC SCHOOLS,289,3837000,269000,269000,0,0,0,121000
3100011,Nebraska,3,3,BROKEN BOW PUBLIC SCHOOLS,875,10438000,1677000,1199000,464000,0,14000,519000
3100012,Nebraska,3,3,CALLAWAY PUBLIC SCHOOLS,203,4102000,554000,426000,128000,0,0,207000
3100015,Nebraska,3,3,CAMBRIDGE PUBLIC SCHOOLS,316,4706000,354000,287000,67000,0,0,134000
3100016,Nebraska,3,3,GRAND ISLAND PUBLIC SCHOOLS,10070,118698000,19681000,15667000,3564000,0,450000,8695000
3100018,Nebraska,3,3,WAUNETA-PALISADE PUBLIC SCHS,218,4070000,415000,388000,0,0,27000,123000
3100020,Nebraska,3,3,EWING PUBLIC SCHOOLS,136,2876000,206000,127000,79000,0,0,58000
3100021,Nebraska,3,3,WAVERLY SCHOOL DISTRICT 145,2142,23637000,3858000,3419000,321000,0,118000,1566000
3100022,Nebraska,3,3,NORTH PLATTE PUBLIC SCHOOLS,4117,44792000,6032000,5367000,570000,0,95000,2631000
3100023,Nebraska,3,3,MAXWELL PUBLIC SCHOOLS,292,4102000,366000,365000,0,0,0,184000
3100024,Nebraska,3,3,SUTHERLAND PUBLIC SCHOOLS,327,5101000,376000,376000,0,0,0,122000
3100025,Nebraska,3,3,ELKHORN VALLEY SCHOOLS,428,5969000,542000,506000,20000,0,16000,180000
3100029,Nebraska,3,3,SUPERIOR PUBLIC SCHOOLS,423,7484000,1177000,898000,199000,0,80000,423000
3100034,Nebraska,3,3,ASHLAND-GREENWOOD PUBLIC SCHS,1005,11223000,1788000,1447000,276000,0,64000,644000
3100041,Nebraska,3,3,STANTON COMMUNITY SCHOOLS,405,6356000,391000,357000,25000,0,10000,156000
3100065,Nebraska,3,3,FRANKLIN PUBLIC SCHOOLS,296,4717000,421000,376000,9000,0,36000,150000
3100066,Nebraska,3,3,SILVER LAKE PUBLIC SCHOOLS,260,5057000,801000,478000,272000,0,50000,174000
3100067,Nebraska,3,3,BANNER COUNTY PUBLIC SCHOOLS,130,3639000,239000,235000,4000,0,0,68000
3100070,Nebraska,3,3,AMHERST PUBLIC SCHOOLS,380,4188000,423000,423000,0,0,0,125000
3100071,Nebraska,3,3,TEKAMAH-HERMAN COMMUNITY SCHS,520,7363000,808000,740000,26000,0,42000,377000
3100072,Nebraska,3,3,LEYTON PUBLIC SCHOOLS,167,3740000,159000,122000,19000,0,18000,82000
3100073,Nebraska,3,3,ARNOLD PUBLIC SCHOOLS,179,3109000,201000,201000,0,0,0,95000
3100076,Nebraska,3,3,SCRIBNER-SNYDER COMMUNITY SCHS,206,3761000,225000,211000,8000,0,6000,110000
3100077,Nebraska,3,3,DUNDY CO STRATTON PUBLIC SCHS,334,6117000,597000,433000,132000,0,32000,145000
3100080,Nebraska,3,3,ALMA PUBLIC SCHOOLS,344,5313000,693000,544000,149000,0,0,196000
3100082,Nebraska,3,3,STUART PUBLIC SCHOOLS,186,3066000,185000,179000,6000,0,0,98000
3100085,Nebraska,3,3,ST PAUL PUBLIC SCHOOLS,703,8757000,999000,788000,187000,0,25000,390000
3100088,Nebraska,3,3,NORRIS SCHOOL DIST 160,2480,25398000,3304000,2693000,425000,0,186000,1174000
3100089,Nebraska,3,3,PALMER PUBLIC SCHOOLS,326,4434000,429000,401000,13000,0,15000,112000
3100090,Nebraska,3,3,BAYARD PUBLIC SCHOOLS,383,6205000,424000,409000,0,0,15000,193000
3100091,Nebraska,3,3,FULLERTON PUBLIC SCHOOLS,314,4837000,512000,495000,0,0,17000,217000
3100095,Nebraska,3,3,CRETE PUBLIC SCHOOLS,2130,26286000,3307000,2602000,508000,0,198000,1181000
3100096,Nebraska,3,3,FRIEND PUBLIC SCHOOLS,239,3779000,313000,309000,4000,0,0,169000
3100097,Nebraska,3,3,MORRILL PUBLIC SCHOOLS,394,6192000,410000,410000,0,0,0,179000
3100098,Nebraska,3,3,GERING PUBLIC SCHOOLS,2049,23105000,2708000,2618000,21000,0,69000,1620000
3100099,Nebraska,3,3,CENTENNIAL PUBLIC SCHOOLS,451,8335000,1258000,1061000,140000,0,57000,335000
3100105,Nebraska,3,3,BRIDGEPORT PUBLIC SCHOOLS,450,7577000,729000,662000,0,0,67000,255000
3100109,Nebraska,3,3,SOUTHERN VALLEY SCHOOLS,359,7413000,622000,465000,141000,0,15000,239000
3100110,Nebraska,3,3,SOUTH PLATTE PUBLIC SCHOOLS,199,4131000,275000,274000,1000,0,0,114000
3100111,Nebraska,3,3,EUSTIS-FARNAM PUBLIC SCHOOLS,165,3424000,200000,197000,3000,0,0,90000
3100112,Nebraska,3,3,LAKEVIEW COMMUNITY SCHOOLS,896,10965000,1473000,1220000,228000,0,25000,455000
3100114,Nebraska,3,3,LOGAN VIEW PUBLIC SCHOOLS,550,8007000,1243000,1003000,199000,0,40000,425000
3100115,Nebraska,3,3,NORTH BEND CENTRAL PUBLIC SCHS,618,8972000,758000,603000,143000,0,12000,326000
3100116,Nebraska,3,3,FREEMAN PUBLIC SCHOOLS,435,6241000,655000,601000,45000,0,8000,209000
3100117,Nebraska,3,3,HEARTLAND COMMUNITY SCHOOLS,353,5099000,919000,645000,226000,0,49000,246000
3100118,Nebraska,3,3,FILLMORE CENTRAL PUBLIC SCHS,589,7952000,1510000,1205000,272000,0,34000,300000
3100119,Nebraska,3,3,NEBRASKA UNIFIED DISTRICT 1,430,8439000,773000,707000,17000,0,49000,289000
3100120,Nebraska,3,3,HITCHCOCK CO SCH SYSTEM,297,4246000,384000,349000,0,0,36000,82000
3100121,Nebraska,3,3,DONIPHAN-TRUMBULL PUBLIC SCHS,460,7342000,1123000,977000,122000,0,24000,536000
3100122,Nebraska,3,3,SOUTH CENTRAL NEBRASKA UNIFIED 5,684,12193000,2747000,2399000,305000,0,43000,1145000
3100123,Nebraska,3,3,HIGH PLAINS COMMUNITY SCHOOLS,266,5306000,479000,319000,144000,0,16000,103000
3100124,Nebraska,3,3,BRUNING-DAVENPORT UNIFIED SYS,193,4412000,415000,311000,90000,0,13000,114000
3100125,Nebraska,3,3,DILLER-ODELL PUBLIC SCHOOLS,237,4359000,376000,360000,0,0,16000,176000
3100129,Nebraska,3,3,TWIN RIVER PUBLIC SCHOOLS,432,7891000,795000,673000,112000,0,11000,248000
3100130,Nebraska,3,3,CROSS COUNTY COMMUNITY SCHOOLS,378,6008000,612000,473000,123000,0,17000,179000
3100132,Nebraska,3,3,THAYER CENTRAL COMMUNITY SCHS,454,7131000,960000,775000,166000,0,20000,275000
3100133,Nebraska,3,3,EXETER-MILLIGAN PUBLIC SCHOOLS,174,4362000,1041000,882000,129000,0,31000,173000
3100134,Nebraska,3,3,WILCOX-HILDRETH PUBLIC SCHOOLS,213,4273000,382000,381000,1000,0,0,141000
3100140,Nebraska,3,3,CREEK VALLEY SCHOOLS,192,3859000,628000,491000,137000,0,0,140000
3100141,Nebraska,3,3,EMERSON-HUBBARD PUBLIC SCHOOLS,240,4348000,360000,344000,0,0,15000,127000
3100157,Nebraska,3,3,PERKINS COUNTY SCHOOLS,414,6445000,454000,453000,0,0,0,182000
3100163,Nebraska,3,3,CHASE COUNTY SCHOOLS,623,8648000,510000,494000,3000,0,13000,173000
3100165,Nebraska,3,3,DOUGLAS CO WEST COMMUNITY SCHS,975,12077000,1776000,1414000,272000,0,90000,750000
3100170,Nebraska,3,3,GORDON-RUSHVILLE PUBLIC SCHS,607,9358000,1051000,1022000,20000,0,10000,420000
3100172,Nebraska,3,3,WEST HOLT PUBLIC SCHOOLS,447,6874000,818000,720000,98000,0,0,240000
3100176,Nebraska,3,3,JOHNSON CO CENTRAL PUBLIC SCHS,493,8110000,779000,724000,34000,0,21000,349000
3100178,Nebraska,3,3,SOUTHWEST PUBLIC SCHOOLS,274,5228000,390000,379000,6000,0,5000,97000
3100179,Nebraska,3,3,HUMBOLDT TABLE ROCK STEINAUER,358,7561000,880000,775000,92000,0,14000,403000
3100183,Nebraska,3,3,HOWELLS-DODGE CONSOLIDATED SCHOOLS,277,4216000,283000,271000,12000,0,0,132000
3100184,Nebraska,3,3,RIVERSIDE PUBLIC SCHOOLS,248,4917000,408000,284000,123000,0,1000,114000
3100185,Nebraska,3,3,CENTRAL VALLEY PUBLIC SCHOOLS,309,6814000,669000,495000,166000,0,8000,185000
3100187,Nebraska,3,3,BOYD COUNTY SCHOOLS,357,5592000,516000,512000,5000,0,0,127000
3101992,Nebraska,3,3,ELMWOOD-MURDOCK PUBLIC SCHOOLS,472,6137000,760000,647000,105000,0,8000,308000
3102770,Nebraska,3,3,ADAMS CENTRAL PUBLIC SCHOOLS,970,12838000,2125000,1734000,374000,0,17000,758000
3102790,Nebraska,3,3,AINSWORTH COMMUNITY SCHOOLS,427,6750000,483000,476000,7000,0,0,198000
3102820,Nebraska,3,3,BOONE CENTRAL SCHOOLS,628,9480000,990000,897000,91000,0,3000,418000
3102880,Nebraska,3,3,ALLEN CONSOLIDATED SCHOOLS,149,3272000,303000,268000,0,0,35000,122000
3102910,Nebraska,3,3,ALLIANCE PUBLIC SCHOOLS,1429,15736000,2536000,2386000,105000,0,45000,1267000
3103060,Nebraska,3,3,ANSLEY PUBLIC SCHOOLS,192,3372000,409000,275000,126000,0,8000,84000
3103090,Nebraska,3,3,ARAPAHOE PUBLIC SCHOOLS,351,4549000,510000,467000,44000,0,0,188000
3103120,Nebraska,3,3,ARCADIA PUBLIC SCHOOLS,128,3063000,120000,120000,0,0,0,53000
3103130,Nebraska,3,3,ARLINGTON PUBLIC SCHOOLS,708,8320000,1000000,874000,118000,0,8000,388000
3103210,Nebraska,3,3,ARTHUR COUNTY SCHOOLS,123,2420000,125000,125000,0,0,0,54000
3103330,Nebraska,3,3,AUBURN PUBLIC SCHOOLS,1034,11900000,1590000,1293000,224000,0,73000,519000
3103360,Nebraska,3,3,AURORA PUBLIC SCHOOLS,1283,17124000,2650000,2426000,189000,0,34000,1211000
3103420,Nebraska,3,3,AXTELL COMMUNITY SCHOOLS,299,4400000,460000,446000,7000,0,8000,161000
3103440,Nebraska,3,3,BANCROFT-ROSALIE COMM SCHOOLS,309,4234000,563000,476000,87000,0,0,165000
3103540,Nebraska,3,3,BATTLE CREEK PUBLIC SCHOOLS,474,6418000,575000,485000,83000,0,8000,195000
3103600,Nebraska,3,3,BEATRICE PUBLIC SCHOOLS,2130,24720000,5180000,4052000,867000,0,261000,1669000
3103810,Nebraska,3,3,BELLEVUE PUBLIC SCHOOLS,9689,113225000,20299000,18886000,0,0,1413000,11339000
3103990,Nebraska,3,3,BENNINGTON PUBLIC SCHOOLS,3288,29795000,3381000,2691000,522000,0,168000,1240000
3104020,Nebraska,3,3,BERTRAND PUBLIC SCHOOLS,243,4150000,417000,357000,42000,0,18000,123000
3104100,Nebraska,3,3,BLAIR COMMUNITY SCHOOLS,2305,22703000,3844000,3018000,554000,0,272000,1427000
3104140,Nebraska,3,3,BLOOMFIELD COMMUNITY SCHOOLS,262,4199000,339000,338000,0,0,2000,115000
3104200,Nebraska,3,3,BLUE HILL PUBLIC SCHOOLS,329,5415000,764000,630000,77000,0,57000,302000
3104290,Nebraska,3,3,BRADY PUBLIC SCHOOLS,185,3733000,216000,214000,0,0,1000,90000
3104640,Nebraska,3,3,BURWELL PUBLIC SCHOOLS,310,4896000,343000,341000,0,0,2000,105000
3104870,Nebraska,3,3,CEDAR BLUFFS PUBLIC SCHOOLS,436,6452000,570000,436000,115000,0,20000,131000
3104920,Nebraska,3,3,CENTRAL CITY PUBLIC SCHOOLS,767,11577000,1813000,1505000,283000,0,24000,531000
3104950,Nebraska,3,3,RAYMOND CENTRAL PUBLIC SCHOOLS,683,9324000,1033000,979000,18000,0,36000,391000
3104980,Nebraska,3,3,CHADRON PUBLIC SCHOOLS,976,12760000,1340000,1081000,254000,0,5000,412000
3105010,Nebraska,3,3,CHAMBERS PUBLIC SCHOOLS,135,2601000,107000,106000,1000,0,0,64000
3105160,Nebraska,3,3,CLARKSON PUBLIC SCHOOLS,220,3908000,601000,564000,19000,0,18000,242000
3105280,Nebraska,3,3,CODY-KILGORE PUBLIC SCHS,164,3006000,220000,208000,11000,0,0,109000
3105340,Nebraska,3,3,COLUMBUS PUBLIC SCHOOLS,4204,45753000,7385000,5695000,1255000,0,435000,2398000
3105460,Nebraska,3,3,COZAD COMMUNITY SCHOOLS,951,13063000,1717000,1413000,276000,0,27000,614000
3105520,Nebraska,3,3,CRAWFORD PUBLIC SCHOOLS,186,3305000,130000,106000,24000,0,0,48000
3105550,Nebraska,3,3,CREIGHTON COMMUNITY PUBLIC SCHOOLS,289,4470000,410000,385000,0,0,26000,155000
3105630,Nebraska,3,3,CROFTON COMMUNITY SCHOOLS,324,5649000,414000,410000,0,0,4000,161000
3105910,Nebraska,3,3,DESHLER PUBLIC SCHOOLS,251,4624000,929000,719000,198000,0,12000,218000
3105970,Nebraska,3,3,TRI COUNTY PUBLIC SCHOOLS,433,6828000,787000,770000,0,0,17000,282000
3109120,Nebraska,3,3,HAYES CENTER PUBLIC SCHOOLS,123,3063000,158000,158000,0,0,0,53000
3119560,Nebraska,3,3,UMO N HO N NATION PUBLIC SCHS,582,15073000,1758000,1758000,0,0,0,810000
3162950,Nebraska,3,3,CENTURA PUBLIC SCHOOLS,493,7133000,772000,678000,89000,0,5000,374000
3169840,Nebraska,3,3,DORCHESTER PUBLIC SCHOOL,239,3474000,317000,294000,8000,0,15000,117000
3170020,Nebraska,3,3,ELBA PUBLIC SCHOOLS,120,2489000,208000,208000,0,0,0,95000
3170050,Nebraska,3,3,ELGIN PUBLIC SCHOOLS,170,3198000,178000,163000,5000,0,9000,62000
3170110,Nebraska,3,3,ELKHORN PUBLIC SCHOOLS,10322,100928000,15636000,12013000,3106000,0,517000,5519000
3170140,Nebraska,3,3,ELM CREEK PUBLIC SCHOOLS,366,5133000,609000,584000,12000,0,13000,216000
3170220,Nebraska,3,3,ELWOOD PUBLIC SCHOOLS,209,3585000,226000,182000,43000,0,1000,78000
3170440,Nebraska,3,3,FAIRBURY PUBLIC SCHOOLS,919,12744000,2421000,2145000,235000,0,42000,801000
3170530,Nebraska,3,3,FALLS CITY PUBLIC SCHOOLS,931,12500000,2117000,1975000,99000,0,43000,963000
3170650,Nebraska,3,3,FORT CALHOUN COMMUNITY SCHS,744,8572000,1311000,1069000,205000,0,37000,453000
3170710,Nebraska,3,3,FREMONT PUBLIC SCHOOLS,4869,56230000,8827000,6361000,1582000,0,884000,3432000
3170800,Nebraska,3,3,GARDEN COUNTY SCHOOLS,260,4582000,669000,622000,39000,0,8000,353000
3170980,Nebraska,3,3,GIBBON PUBLIC SCHOOLS,582,7339000,705000,647000,49000,0,9000,310000
3171010,Nebraska,3,3,GILTNER PUBLIC SCHOOLS,222,3418000,451000,446000,6000,0,0,182000
3171100,Nebraska,3,3,GOTHENBURG PUBLIC SCHOOLS,880,10898000,1288000,1058000,230000,0,0,480000
3171220,Nebraska,3,3,GRETNA PUBLIC SCHOOLS,5838,57048000,8080000,6248000,1512000,0,320000,3210000
3171370,Nebraska,3,3,HAMPTON PUBLIC SCHOOL,177,3240000,407000,378000,16000,0,13000,228000
3171520,Nebraska,3,3,HARTINGTON NEWCASTLE PUBLIC SCHOOLS,382,6336000,777000,661000,0,0,116000,258000
3171550,Nebraska,3,3,HARVARD PUBLIC SCHOOLS,271,4845000,1266000,1061000,191000,0,14000,406000
3171580,Nebraska,3,3,HASTINGS PUBLIC SCHOOLS,3638,43054000,8677000,6400000,1680000,0,597000,3256000
3171610,Nebraska,3,3,HAY SPRINGS PUBLIC SCHOOLS,208,3289000,144000,80000,59000,0,6000,43000
3171730,Nebraska,3,3,HEMINGFORD PUBLIC SCHOOLS,433,7053000,762000,737000,2000,0,23000,262000
3171820,Nebraska,3,3,HERSHEY PUBLIC SCHOOLS,516,6944000,442000,439000,0,0,3000,186000
3171940,Nebraska,3,3,HOLDREGE PUBLIC SCHOOLS,1090,13672000,2223000,1701000,485000,0,37000,618000
3172000,Nebraska,3,3,HOMER COMMUNITY SCHOOLS,430,5878000,441000,428000,0,0,13000,190000
3172150,Nebraska,3,3,HUMPHREY PUBLIC SCHOOLS,274,4099000,591000,573000,3000,0,15000,193000
3172210,Nebraska,3,3,HYANNIS AREA SCHOOLS,134,2789000,103000,103000,0,0,0,40000
3172335,Nebraska,3,3,JOHNSON-BROCK PUBLIC SCHOOLS,350,4022000,219000,195000,9000,0,15000,84000
3172390,Nebraska,3,3,KEARNEY PUBLIC SCHOOLS,6121,58909000,7804000,6270000,1291000,0,243000,3647000
3172420,Nebraska,3,3,KENESAW PUBLIC SCHOOLS,263,4170000,392000,373000,13000,0,6000,175000
3172480,Nebraska,3,3,KEYA PAHA COUNTY SCHOOLS,91,2270000,96000,96000,0,0,0,68000
3172570,Nebraska,3,3,KIMBALL PUBLIC SCHOOLS,403,6452000,579000,579000,0,0,0,274000
3172720,Nebraska,3,3,LEIGH COMMUNITY SCHOOLS,246,3493000,141000,129000,8000,0,4000,49000
3172780,Nebraska,3,3,LEWISTON CONSOLIDATED SCHOOLS,179,3493000,261000,261000,0,0,0,133000
3172810,Nebraska,3,3,LEXINGTON PUBLIC SCHOOLS,3169,39436000,4756000,3919000,735000,0,101000,1757000
3172840,Nebraska,3,3,LINCOLN PUBLIC SCHOOLS,42258,508691000,86674000,62456000,15453000,0,8765000,30819000
3172910,Nebraska,3,3,LITCHFIELD PUBLIC SCHOOLS,120,2722000,109000,97000,0,0,11000,56000
3172990,Nebraska,3,3,LOOMIS PUBLIC SCHOOLS,250,3679000,303000,273000,30000,0,0,114000
3173050,Nebraska,3,3,LOUISVILLE PUBLIC SCHOOLS,685,7956000,1003000,822000,121000,0,60000,379000
3173090,Nebraska,3,3,LOUP CITY PUBLIC SCHOOLS,341,5289000,545000,348000,197000,0,0,120000
3173120,Nebraska,3,3,LOUP COUNTY PUBLIC SCHOOLS,74,2327000,123000,123000,0,0,0,63000
3173210,Nebraska,3,3,LYONS-DECATUR NORTHEAST SCHS,290,4780000,499000,448000,5000,0,45000,245000
3173230,Nebraska,3,3,MADISON PUBLIC SCHOOLS,548,7364000,518000,509000,0,0,9000,221000
3173290,Nebraska,3,3,MALCOLM PUBLIC SCHOOLS,619,7300000,856000,730000,105000,0,21000,384000
3173440,Nebraska,3,3,MAYWOOD PUBLIC SCHOOLS,158,3655000,301000,255000,46000,0,0,86000
3173470,Nebraska,3,3,MC COOK PUBLIC SCHOOLS,1426,16205000,2706000,2211000,449000,0,46000,1021000
3173500,Nebraska,3,3,MC COOL JUNCTION PUBLIC SCHS,252,4019000,540000,467000,45000,0,28000,118000
3173560,Nebraska,3,3,MC PHERSON COUNTY SCHOOLS,66,1965000,93000,90000,2000,0,0,49000
3173590,Nebraska,3,3,MEAD PUBLIC SCHOOLS,267,4375000,201000,186000,0,0,15000,104000
3173600,Nebraska,3,3,MEDICINE VALLEY PUBLIC SCHOOLS,236,4108000,448000,341000,106000,0,2000,105000
3173660,Nebraska,3,3,MERIDIAN PUBLIC SCHOOLS,229,3553000,246000,241000,5000,0,0,116000
3173710,Nebraska,3,3,MILFORD PUBLIC SCHOOLS,788,9073000,891000,728000,136000,0,27000,255000
3173740,Nebraska,3,3,MILLARD PUBLIC SCHOOLS,24038,239148000,32840000,23934000,5612000,0,3294000,12863000
3173800,Nebraska,3,3,MINATARE PUBLIC SCHOOLS,186,4003000,517000,375000,141000,0,1000,115000
3173830,Nebraska,3,3,MINDEN PUBLIC SCHOOLS,819,11083000,1436000,1182000,242000,0,12000,490000
3173890,Nebraska,3,3,MITCHELL PUBLIC SCHOOLS,711,7869000,697000,688000,0,0,9000,272000
3174040,Nebraska,3,3,MULLEN PUBLIC SCHOOLS,163,3316000,267000,267000,0,0,0,76000
3174160,Nebraska,3,3,NEBRASKA CITY PUBLIC SCHOOLS,1442,17637000,3289000,2840000,397000,0,51000,1105000
3174200,Nebraska,3,3,CONESTOGA PUBLIC SCHOOLS,677,9644000,1289000,1084000,141000,0,63000,613000
3174220,Nebraska,3,3,NELIGH-OAKDALE SCHOOLS,390,5739000,575000,535000,28000,0,12000,205000
3174340,Nebraska,3,3,NEWMAN GROVE PUBLIC SCHOOLS,185,2973000,221000,201000,4000,0,16000,98000
3174370,Nebraska,3,3,NIOBRARA PUBLIC SCHOOLS,226,5514000,507000,490000,0,0,17000,135000
3174430,Nebraska,3,3,NORFOLK PUBLIC SCHOOLS,4573,51719000,7552000,5959000,1526000,0,67000,3015000
3174580,Nebraska,3,3,NORTHWEST PUBLIC SCHOOLS,1574,18925000,1971000,1587000,384000,0,0,757000
3174640,Nebraska,3,3,OAKLAND CRAIG PUBLIC SCHOOLS,451,6446000,711000,690000,4000,0,17000,297000
3174760,Nebraska,3,3,OGALLALA PUBLIC SCHOOLS,911,11812000,1683000,1555000,116000,0,13000,737000
3174820,Nebraska,3,3,OMAHA PUBLIC SCHOOLS,53483,676047000,93627000,61815000,16943000,0,14869000,28487000
3174850,Nebraska,3,3,O'NEILL PUBLIC SCHOOLS,793,11924000,1795000,1594000,160000,0,40000,762000
3174940,Nebraska,3,3,ORD PUBLIC SCHOOLS,600,8686000,1173000,944000,224000,0,4000,352000
3175000,Nebraska,3,3,OSCEOLA PUBLIC SCHOOLS,214,4243000,571000,483000,84000,0,4000,162000
3175030,Nebraska,3,3,OSMOND COMMUNITY SCHOOLS,197,3513000,355000,305000,25000,0,26000,105000
3175060,Nebraska,3,3,OVERTON PUBLIC SCHOOLS,303,4324000,271000,271000,0,0,0,115000
3175210,Nebraska,3,3,PALMYRA DISTRICT O R 1,626,7216000,1159000,899000,257000,0,3000,401000
3175270,Nebraska,3,3,PAPILLION LA VISTA COMMUNITY SCHOOLS,12190,125939000,20782000,15923000,3485000,0,1374000,8204000
3175330,Nebraska,3,3,PAWNEE CITY PUBLIC SCHOOLS,300,4540000,474000,469000,1000,0,5000,177000
3175360,Nebraska,3,3,PAXTON CONSOLIDATED SCHOOLS,225,3677000,324000,290000,32000,0,1000,108000
3175390,Nebraska,3,3,PENDER PUBLIC SCHOOLS,393,5623000,759000,659000,95000,0,5000,270000
3175510,Nebraska,3,3,PIERCE PUBLIC SCHOOLS,683,8052000,765000,721000,18000,0,26000,266000
3175570,Nebraska,3,3,PLAINVIEW PUBLIC SCHOOLS,324,5068000,325000,257000,24000,0,44000,126000
3175630,Nebraska,3,3,SPRINGFIELD PLATTEVIEW COMMUNITY SCHOOLS,1152,16864000,2103000,1503000,460000,0,139000,734000
3175660,Nebraska,3,3,PLATTSMOUTH COMMUNITY SCHOOLS,1621,20586000,3826000,3005000,584000,0,237000,1365000
3175690,Nebraska,3,3,PLEASANTON PUBLIC SCHOOLS,288,3311000,306000,306000,0,0,0,111000
3175770,Nebraska,3,3,PONCA PUBLIC SCHOOLS,453,6125000,479000,470000,0,0,9000,249000
3175810,Nebraska,3,3,POTTER-DIX PUBLIC SCHOOLS,185,3682000,301000,268000,32000,0,0,54000
3175900,Nebraska,3,3,RALSTON PUBLIC SCHOOLS,3378,37801000,6548000,5136000,890000,0,522000,2258000
3175930,Nebraska,3,3,RANDOLPH PUBLIC SCHOOLS,270,4030000,284000,256000,1000,0,27000,85000
3175960,Nebraska,3,3,RAVENNA PUBLIC SCHOOLS,437,6714000,1155000,1135000,0,0,20000,415000
3175990,Nebraska,3,3,RED CLOUD COMMUNITY SCHOOLS,265,3968000,724000,585000,136000,0,3000,254000
3176170,Nebraska,3,3,ROCK COUNTY PUBLIC SCHOOLS,248,4118000,294000,294000,0,0,0,119000
3176380,Nebraska,3,3,SANDHILLS PUBLIC SCHOOLS,90,2581000,161000,122000,39000,0,0,61000
3176400,Nebraska,3,3,SANTEE COMMUNITY SCHOOLS,205,7181000,1110000,1108000,0,0,2000,310000
3176410,Nebraska,3,3,SARGENT PUBLIC SCHOOLS,173,3181000,155000,155000,0,0,0,61000
3176450,Nebraska,3,3,SCHUYLER COMMUNITY SCHOOLS,2026,22771000,2020000,1908000,106000,0,5000,876000
3176470,Nebraska,3,3,SCOTTSBLUFF PUBLIC SCHOOLS,3527,39601000,6493000,5268000,1021000,0,204000,2668000
3176560,Nebraska,3,3,SEWARD PUBLIC SCHOOLS,1529,17775000,3173000,2718000,419000,0,36000,1064000
3176590,Nebraska,3,3,SHELBY - RISING CITY PUBLIC SCHOOLS,404,6387000,727000,590000,111000,0,26000,125000
3176620,Nebraska,3,3,SHELTON PUBLIC SCHOOLS,285,4405000,398000,392000,0,0,7000,177000
3176650,Nebraska,3,3,SHICKLEY PUBLIC SCHOOLS,173,3713000,343000,287000,44000,0,12000,162000
3176710,Nebraska,3,3,SIDNEY PUBLIC SCHOOLS,1371,15876000,1667000,1435000,201000,0,30000,705000
3176800,Nebraska,3,3,SIOUX COUNTY PUBLIC SCHOOLS,90,2936000,199000,175000,24000,0,1000,48000
3176860,Nebraska,3,3,SO SIOUX CITY COMMUNITY SCHS,3838,46706000,7078000,5881000,859000,0,337000,2731000
3176980,Nebraska,3,3,ST EDWARD PUBLIC SCHOOLS,177,3234000,455000,408000,26000,0,20000,148000
3177100,Nebraska,3,3,STAPLETON PUBLIC SCHOOLS,204,3226000,184000,172000,0,0,12000,96000
3177180,Nebraska,3,3,SOUTHERN SCHOOL DISTRICT 1,390,5852000,914000,819000,88000,0,7000,384000
3177190,Nebraska,3,3,STERLING PUBLIC SCHOOLS,215,3472000,263000,247000,10000,0,7000,91000
3177340,Nebraska,3,3,SUMNER-EDDYVILLE-MILLER SCHS,216,4184000,325000,321000,3000,0,0,61000
3177520,Nebraska,3,3,SUTTON PUBLIC SCHOOLS,401,5953000,818000,655000,141000,0,22000,315000
3177550,Nebraska,3,3,SYRACUSE-DUNBAR-AVOCA SCHOOLS,779,9582000,1547000,1293000,206000,0,48000,599000
3177730,Nebraska,3,3,THEDFORD PUBLIC SCHOOLS,138,2659000,104000,103000,0,0,0,60000
3178020,Nebraska,3,3,VALENTINE COMMUNITY SCHOOLS,616,10722000,1332000,1195000,127000,0,10000,457000
3178210,Nebraska,3,3,WAHOO PUBLIC SCHOOLS,1066,12938000,2384000,1935000,341000,0,108000,856000
3178240,Nebraska,3,3,WAKEFIELD PUBLIC SCHOOLS,550,6866000,815000,805000,0,0,10000,260000
3178260,Nebraska,3,3,WALLACE PUBLIC SCH DIST 65 R,178,3833000,298000,297000,0,0,0,137000
3178300,Nebraska,3,3,WALTHILL PUBLIC SCHOOLS,289,7913000,928000,904000,0,0,24000,430000
3178450,Nebraska,3,3,WAUSA PUBLIC SCHOOLS,246,3511000,255000,255000,0,0,0,100000
3178520,Nebraska,3,3,WAYNE COMMUNITY SCHOOLS,982,11049000,913000,747000,120000,0,46000,308000
3178540,Nebraska,3,3,WEEPING WATER PUBLIC SCHOOLS,306,5750000,506000,474000,6000,0,27000,233000
3178660,Nebraska,3,3,WESTSIDE COMMUNITY SCHOOLS,6094,89919000,13930000,10702000,2839000,0,389000,4505000
3178670,Nebraska,3,3,WHEELER CENTRAL SCHOOLS,105,3129000,106000,106000,0,0,0,58000
3178720,Nebraska,3,3,WILBER-CLATONIA PUBLIC SCHOOLS,628,7608000,1115000,830000,274000,0,11000,330000
3178810,Nebraska,3,3,WINNEBAGO PUBLIC SCHOOLS DISTRICT 17,602,14012000,2637000,2636000,0,0,1000,1233000
3178840,Nebraska,3,3,WINSIDE PUBLIC SCHOOLS,212,3743000,207000,195000,9000,0,3000,95000
3178940,Nebraska,3,3,WOOD RIVER RURAL SCHOOLS,521,8741000,689000,689000,0,0,0,416000
3178990,Nebraska,3,3,WYNOT PUBLIC SCHOOLS,187,3126000,188000,188000,0,0,1000,44000
3179050,Nebraska,3,3,YORK PUBLIC SCHOOLS,1484,17631000,2941000,2219000,573000,0,149000,882000
3179080,Nebraska,3,3,YUTAN PUBLIC SCHOOLS,480,6376000,718000,607000,74000,0,37000,315000
3200022,Nevada,3,3,ACHIEVEMENT SCHOOL DISTRICT,1796,16824000,745000,642000,73000,1000,0,133000
3200030,Nevada,3,3,CHURCHILL COUNTY SCHOOL DISTRICT,3361,37342000,4346000,4092000,0,0,254000,1624000
3200060,Nevada,3,2,CLARK COUNTY SCHOOL DISTRICT,328991,3125154000,482110000,401777000,48596000,12589000,2513000,217776000
3200090,Nevada,3,3,DOUGLAS COUNTY SCHOOL DISTRICT,5786,62200000,9025000,6560000,1967000,28000,470000,4317000
3200120,Nevada,3,3,ELKO COUNTY SCHOOL DISTRICT,10247,117834000,12860000,12244000,561000,53000,0,4777000
3200150,Nevada,1,3,ESMERALDA COUNTY SCHOOL DISTRICT,81,2815000,124000,0,0,4000,0,59000
3200180,Nevada,3,3,EUREKA COUNTY SCHOOL DISTRICT,349,8589000,622000,622000,0,0,0,306000
3200210,Nevada,3,3,HUMBOLDT COUNTY SCHOOL DISTRICT,3484,44031000,5592000,3989000,1088000,227000,199000,1746000
3200240,Nevada,3,3,LANDER COUNTY SCHOOL DISTRICT,1034,13296000,1252000,1018000,106000,71000,0,470000
3200270,Nevada,3,3,LINCOLN COUNTY SCHOOL DISTRICT,951,15200000,1442000,674000,100000,452000,0,887000
3200330,Nevada,3,3,MINERAL COUNTY SCHOOL DISTRICT,562,8812000,799000,652000,137000,10000,0,280000
3200360,Nevada,3,3,NYE COUNTY SCHOOL DISTRICT,5582,67127000,12274000,9009000,1537000,844000,878000,3144000
3200390,Nevada,3,2,CARSON CITY SCHOOL DISTRICT,8133,91522000,14486000,9411000,3789000,328000,764000,3234000
3200420,Nevada,3,3,PERSHING COUNTY SCHOOL DISTRICT,674,12040000,1563000,1491000,0,0,30000,776000
3200450,Nevada,3,3,STOREY COUNTY SCHOOL DISTRICT,449,7299000,820000,716000,93000,0,8000,455000
3200480,Nevada,3,2,WASHOE COUNTY SCHOOL DISTRICT,67301,659382000,94477000,61495000,17396000,4456000,7794000,33529000
3200510,Nevada,3,3,WHITE PINE COUNTY SCHOOL DISTRICT,1274,18772000,2049000,1493000,440000,7000,0,440000
3300003,New Hampshire,2,3,John Stark Regional School District,610,12503000,2597000,1917000,0,0,251000,873000
3300017,New Hampshire,3,3,Exeter Region Coop School District,2759,55472000,14603000,8614000,0,0,634000,5101000
3300035,New Hampshire,3,3,Gorham Randolph Shelburne Coop School District,383,7374000,2068000,1590000,0,0,21000,828000
3300616,New Hampshire,3,3,Milton School District,500,19467000,5552000,3998000,0,0,183000,2056000
3301380,New Hampshire,1,3,Allenstown School District,351,6795000,3482000,2585000,0,0,250000,888000
3301440,New Hampshire,1,3,Alton School District,438,10111000,2655000,2338000,0,0,190000,1000000
3301470,New Hampshire,1,3,Amherst School District,1308,26306000,8201000,5558000,0,0,220000,3145000
3301500,New Hampshire,1,3,Andover School District,247,4027000,1229000,889000,0,0,58000,325000
3301560,New Hampshire,1,3,Ashland School District,169,3309000,563000,402000,0,0,0,233000
3301590,New Hampshire,1,3,Auburn School District,645,9034000,3216000,2400000,0,0,301000,500000
3301620,New Hampshire,1,3,Barnstead School District,473,9644000,3092000,2410000,0,0,143000,1141000
3301650,New Hampshire,1,3,Barrington School District,958,15963000,6027000,3456000,0,0,349000,1571000
3301680,New Hampshire,1,3,Bartlett School District,208,5470000,1745000,1185000,0,0,0,537000
3301710,New Hampshire,1,3,Bath School District,78,1733000,356000,264000,0,0,2000,74000
3301740,New Hampshire,3,3,Bedford School District,4430,67066000,16021000,12513000,0,0,823000,7526000
3301860,New Hampshire,3,3,Berlin School District,1101,20020000,4735000,3462000,0,0,3000,2356000
3301890,New Hampshire,1,3,Bethlehem School District,153,3188000,638000,544000,0,0,0,339000
3301950,New Hampshire,3,3,Bow School District,1680,28129000,7423000,5634000,0,0,238000,2926000
3302010,New Hampshire,1,3,Brentwood School District,303,5288000,1182000,809000,0,0,22000,626000
3302070,New Hampshire,1,3,Brookline School District,574,8952000,1775000,1249000,0,0,146000,950000
3302100,New Hampshire,1,3,Campton School District,302,6257000,1467000,1012000,0,0,47000,546000
3302130,New Hampshire,1,3,Candia School District,284,6281000,2381000,2061000,0,0,142000,405000
3302250,New Hampshire,1,3,Chester School District,499,7570000,2344000,1529000,0,0,65000,650000
3302280,New Hampshire,1,3,Chesterfield School District,290,5863000,1824000,1459000,0,0,52000,632000
3302310,New Hampshire,1,3,Chichester School District,214,4316000,605000,346000,0,0,99000,450000
3302340,New Hampshire,3,3,Claremont School District,1753,32557000,8649000,7594000,0,0,114000,3864000
3302400,New Hampshire,3,3,Colebrook School District,336,5723000,997000,811000,0,0,16000,540000
3302460,New Hampshire,3,3,Concord School District,4308,78181000,20882000,15659000,0,0,1125000,9027000
3302480,New Hampshire,3,3,Contoocook Valley School District,2145,45623000,14183000,12153000,0,0,722000,5805000
3302490,New Hampshire,3,3,Conway School District,1661,33791000,6216000,5207000,0,0,112000,2469000
3302520,New Hampshire,1,3,Cornish School District,104,2659000,486000,409000,0,0,10000,163000
3302580,New Hampshire,1,3,Deerfield School District,531,9936000,3792000,3341000,0,0,197000,1392000
3302610,New Hampshire,1,3,Derry School District,3295,57758000,22786000,19773000,0,0,1030000,6799000
3302640,New Hampshire,3,3,Dover School District,3944,58729000,16076000,13150000,0,0,1000000,6780000
3302670,New Hampshire,3,3,Dresden School District,1101,23030000,2668000,2493000,0,0,5000,2115000
3302760,New Hampshire,1,3,Dunbarton School District,236,4305000,1371000,1011000,0,0,82000,385000
3302790,New Hampshire,1,3,East Kingston School District,133,3047000,525000,403000,0,0,12000,298000
3302880,New Hampshire,3,3,Epping School District,923,17660000,4174000,2782000,0,0,224000,1456000
3302910,New Hampshire,1,3,Epsom School District,405,8426000,2981000,2308000,0,0,150000,1019000
3302970,New Hampshire,1,3,Exeter School District,960,19870000,6410000,4114000,0,0,185000,2896000
3302990,New Hampshire,3,3,Fall Mountain Regional School District,1514,30241000,7611000,5587000,0,0,155000,4339000
3303000,New Hampshire,3,3,Farmington School District,806,15686000,3798000,3096000,0,0,43000,1857000
3303090,New Hampshire,3,3,Franklin School District,940,15861000,4943000,3089000,0,0,247000,1504000
3303120,New Hampshire,1,3,Freedom School District,54,2215000,599000,467000,0,0,35000,161000
3303150,New Hampshire,1,3,Fremont School District,392,7059000,2622000,1819000,0,0,169000,574000
3303180,New Hampshire,3,3,Gilford School District,1157,22839000,4317000,3798000,0,0,107000,1829000
3303210,New Hampshire,1,3,Gilmanton School District,412,7202000,1353000,836000,0,0,32000,351000
3303240,New Hampshire,3,3,Goffstown School District,2855,41884000,11200000,9622000,0,0,744000,5418000
3303276,New Hampshire,1,3,Mason School District,83,1601000,324000,166000,0,0,0,135000
3303303,New Hampshire,1,3,Lempster School District,104,2441000,887000,638000,0,0,19000,306000
3303330,New Hampshire,3,3,Governor Wentworth Reg School District,2300,45775000,9281000,5730000,0,0,312000,4831000
3303360,New Hampshire,1,3,Grantham School District,244,5553000,1708000,1062000,0,0,36000,676000
3303420,New Hampshire,1,3,Greenland School District,419,7445000,1665000,1137000,0,0,116000,573000
3303480,New Hampshire,1,3,Hampstead School District,861,19121000,7095000,5415000,0,0,320000,2358000
3303510,New Hampshire,1,3,Hampton School District,1067,21549000,4948000,3761000,0,0,258000,1921000
3303540,New Hampshire,1,3,Hampton Falls School District,211,6176000,1904000,1153000,0,0,56000,870000
3303600,New Hampshire,1,3,Hanover School District,490,11875000,4039000,3958000,0,0,59000,1995000
3303630,New Hampshire,1,3,Harrisville School District,65,1458000,353000,283000,0,0,0,94000
3303660,New Hampshire,3,3,Haverhill Cooperative School District,682,12854000,2733000,2161000,0,0,78000,1143000
3303690,New Hampshire,1,3,Henniker School District,422,7760000,2163000,1478000,0,0,175000,719000
3303720,New Hampshire,1,3,Hill School District,52,1068000,192000,152000,0,0,0,75000
3303750,New Hampshire,3,3,Hillsboro Deering Coop School District,1123,22746000,5612000,3893000,0,0,169000,2535000
3303780,New Hampshire,3,3,Hinsdale School District,531,12459000,3097000,2141000,0,0,165000,1143000
3303810,New Hampshire,1,3,Holderness School District,143,3739000,626000,464000,0,0,1000,236000
3303840,New Hampshire,1,3,Hollis School District,640,12039000,2545000,1764000,0,0,98000,1418000
3303850,New Hampshire,2,3,Hollis/Brookline Coop School District,1238,21044000,5353000,4151000,0,0,230000,2092000
3303870,New Hampshire,1,3,Hooksett School District,1255,22338000,8337000,5083000,0,0,693000,1743000
3303900,New Hampshire,3,3,Hopkinton School District,993,18953000,5515000,3889000,0,0,213000,2227000
3303930,New Hampshire,3,3,Hudson School District,3194,51325000,11321000,8206000,0,0,587000,4738000
3303960,New Hampshire,3,3,Inter-lakes School District,1012,25307000,5572000,3980000,0,0,316000,2608000
3304030,New Hampshire,3,3,Jaffrey-Rindge Coop School District,1401,22760000,6705000,4970000,0,0,418000,3014000
3304040,New Hampshire,3,3,Kearsarge Regional School District,1695,38787000,8437000,7371000,0,0,240000,4097000
3304050,New Hampshire,3,3,Keene School District,3283,56801000,15836000,11271000,0,0,980000,5727000
3304080,New Hampshire,1,3,Kensington School District,131,3082000,675000,408000,0,0,0,232000
3304140,New Hampshire,3,3,Laconia School District,1962,35198000,9018000,5968000,0,0,245000,3775000
3304150,New Hampshire,1,3,Lafayette Regional School District,108,2690000,419000,301000,0,0,0,198000
3304230,New Hampshire,3,3,Lebanon School District,1648,38879000,8635000,6386000,0,0,127000,3893000
3304260,New Hampshire,3,3,Lincoln-Woodstock School District,274,7543000,1415000,1029000,0,0,30000,459000
3304290,New Hampshire,3,3,Lisbon Regional School District,342,6145000,1332000,1148000,0,0,3000,575000
3304350,New Hampshire,3,3,Litchfield School District,1294,21355000,4616000,3327000,0,0,343000,2146000
3304380,New Hampshire,3,3,Littleton School District,660,14825000,3645000,3039000,0,0,96000,1638000
3304410,New Hampshire,3,3,Londonderry School District,4227,76129000,20293000,14920000,0,0,1365000,9248000
3304500,New Hampshire,1,3,Lyme School District,198,4782000,1197000,1093000,0,0,0,645000
3304560,New Hampshire,1,3,Madison School District,139,4271000,1193000,1022000,0,0,36000,120000
3304590,New Hampshire,3,3,Manchester School District,13212,173908000,47391000,36703000,0,0,3442000,24264000
3304620,New Hampshire,1,3,Marlborough School District,172,3921000,1340000,1047000,0,0,118000,336000
3304670,New Hampshire,3,3,Mascenic Regional School District,1021,15438000,2860000,1803000,0,0,161000,937000
3304680,New Hampshire,3,3,Mascoma Valley Reg School District,1121,25128000,7844000,5116000,0,0,605000,2980000
3304740,New Hampshire,3,3,Merrimack School District,3784,69619000,22336000,18195000,0,0,1150000,7818000
3304760,New Hampshire,3,3,Merrimack Valley School District,2356,38983000,11620000,8637000,0,0,477000,4748000
3304800,New Hampshire,1,3,Milan School District,134,2016000,483000,300000,0,0,26000,149000
3304830,New Hampshire,3,3,Milford School District,2313,40076000,11213000,7143000,0,0,323000,3900000
3304890,New Hampshire,3,3,Monadnock Regional School District,1644,32142000,8599000,7043000,0,0,373000,2988000
3304920,New Hampshire,1,3,Monroe School District,90,2398000,602000,500000,0,0,24000,170000
3304950,New Hampshire,1,3,Mont Vernon School District,201,3840000,899000,625000,0,0,80000,263000
3304960,New Hampshire,3,3,Moultonborough School District,494,13158000,2945000,2510000,0,0,92000,1540000
3304980,New Hampshire,3,3,Nashua School District,11004,164282000,40164000,28649000,0,0,3703000,18498000
3305010,New Hampshire,1,3,Nelson School District,82,1337000,337000,291000,0,0,0,165000
3305040,New Hampshire,1,3,New Boston School District,570,8296000,2899000,2087000,0,0,241000,957000
3305190,New Hampshire,1,3,Newfields School District,101,2666000,773000,562000,0,0,34000,299000
3305220,New Hampshire,3,3,Newfound Area School District,1204,21612000,5313000,3560000,0,0,214000,2070000
3305250,New Hampshire,1,3,Newington School District,50,1546000,192000,162000,0,0,10000,92000
3305280,New Hampshire,3,3,Newmarket School District,1088,17700000,4766000,3617000,0,0,217000,2108000
3305310,New Hampshire,3,3,Newport School District,927,18029000,6743000,4084000,0,0,176000,1784000
3305370,New Hampshire,1,3,North Hampton School District,341,8832000,2448000,1846000,0,0,41000,1461000
3305400,New Hampshire,3,3,Northumberland School District,340,5731000,1153000,809000,0,0,14000,480000
3305430,New Hampshire,1,3,Northwood School District,394,7704000,2673000,2333000,0,0,127000,979000
3305460,New Hampshire,1,3,Nottingham School District,526,8936000,2517000,1958000,0,0,134000,904000
3305520,New Hampshire,3,3,Oyster River Coop School District,2202,42615000,9894000,6810000,0,0,301000,4039000
3305550,New Hampshire,3,3,Pelham School District,1810,28291000,10886000,8710000,0,0,398000,3072000
3305580,New Hampshire,3,3,Pembroke School District,1436,23300000,4915000,3658000,0,0,222000,2028000
3305670,New Hampshire,1,3,Piermont School District,68,1406000,313000,224000,0,0,33000,73000
3305700,New Hampshire,3,3,Pittsburg School District,80,2744000,231000,125000,0,0,0,101000
3305730,New Hampshire,3,3,Pittsfield School District,575,10688000,3334000,2420000,0,0,197000,1149000
3305760,New Hampshire,1,3,Plainfield School District,223,4656000,1145000,1041000,0,0,0,358000
3305790,New Hampshire,1,3,Plymouth School District,431,7821000,2341000,1792000,0,0,52000,916000
3305820,New Hampshire,3,3,Portsmouth School District,2628,53116000,11475000,9097000,0,0,280000,5548000
3305830,New Hampshire,2,3,Profile School District,212,5186000,715000,599000,0,0,21000,386000
3305880,New Hampshire,3,3,Raymond School District,1226,22673000,6813000,6018000,0,0,546000,2051000
3305940,New Hampshire,3,3,Rochester School District,4205,63730000,19259000,14173000,0,0,965000,8215000
3305970,New Hampshire,1,3,Rollinsford School District,154,3615000,1286000,984000,0,0,105000,313000
3306000,New Hampshire,1,3,Rumney School District,89,2866000,687000,527000,0,0,9000,233000
3306030,New Hampshire,1,3,Rye School District,400,10536000,1860000,1258000,0,0,29000,956000
3306060,New Hampshire,3,3,Salem School District,3548,63197000,12710000,8962000,0,0,617000,6406000
3306080,New Hampshire,3,3,Sanborn Regional School District,1576,30990000,6934000,5326000,0,0,197000,3018000
3306150,New Hampshire,1,3,Seabrook School District,707,14480000,3404000,2111000,0,0,200000,1563000
3306180,New Hampshire,3,3,Shaker Regional School District,1265,21271000,4788000,3074000,0,0,181000,1860000
3306240,New Hampshire,3,3,Somersworth School District,1494,25647000,7605000,5880000,0,0,519000,2538000
3306260,New Hampshire,2,3,Souhegan Cooperative School District,750,17019000,3506000,2528000,0,0,106000,1423000
3306270,New Hampshire,1,3,South Hampton School District,84,1928000,542000,281000,0,0,4000,294000
3306360,New Hampshire,1,3,Stewartstown School District,66,1605000,225000,183000,0,0,0,134000
3306390,New Hampshire,1,3,Stoddard School District,68,1511000,820000,686000,0,0,28000,147000
3306420,New Hampshire,1,3,Strafford School District,412,6775000,1959000,1555000,0,0,56000,722000
3306450,New Hampshire,1,3,Stratford School District,57,1824000,353000,275000,0,0,0,88000
3306480,New Hampshire,1,3,Stratham School District,551,11508000,3347000,2185000,0,0,76000,1567000
3306540,New Hampshire,3,3,Sunapee School District,411,11863000,3013000,2093000,0,0,78000,865000
3306600,New Hampshire,1,3,Tamworth School District,197,5202000,1255000,1041000,0,0,73000,523000
3306660,New Hampshire,1,3,Thornton School District,210,4441000,1005000,836000,0,0,0,450000
3306720,New Hampshire,3,3,Timberlane Regional School District,3456,66818000,17404000,13941000,0,0,1035000,7220000
3306750,New Hampshire,1,3,Unity School District,91,1840000,315000,269000,0,0,24000,134000
3306780,New Hampshire,1,3,Wakefield School District,496,7838000,2602000,2496000,0,0,87000,1002000
3306870,New Hampshire,1,3,Warren School District,73,1718000,303000,218000,0,0,4000,125000
3306930,New Hampshire,1,3,Weare School District,956,13831000,3377000,2447000,0,0,175000,1674000
3306990,New Hampshire,1,3,Wentworth School District,64,1446000,352000,260000,0,0,18000,130000
3307020,New Hampshire,1,3,Westmoreland School District,135,2558000,709000,550000,0,0,1000,189000
3307050,New Hampshire,3,3,White Mountain Regional School District,1052,21280000,4439000,2995000,0,0,195000,1295000
3307115,New Hampshire,3,3,Wilton-Lyndeboro School District,564,11034000,2861000,1360000,0,0,100000,706000
3307140,New Hampshire,1,3,Winchester School District,402,8785000,4409000,3585000,0,0,316000,1185000
3307170,New Hampshire,3,3,Windham School District,3003,49943000,12287000,8494000,0,0,788000,4590000
3307230,New Hampshire,2,3,Winnacunnet Coop School District,1052,23306000,4748000,3765000,0,0,158000,1817000
3307300,New Hampshire,3,3,Winnisquam Regional School District,1419,24975000,5430000,4267000,0,0,301000,2178000
3399965,New Hampshire,2,3,Pemi-baker Regional School District,635,13355000,2580000,2079000,0,0,132000,1066000
3400004,New Jersey,3,3,School District of the Chathams,4043,75225000,10301000,6662000,3639000,0,0,4513000
3400008,New Jersey,1,3,Great Meadows Regional School District,635,14616000,2684000,1772000,912000,0,0,1217000
3400009,New Jersey,3,3,Somerset Hills Regional School District,1917,41829000,5653000,2896000,2518000,0,0,2045000
3400660,New Jersey,1,3,Absecon Public Schools District,907,15484000,2100000,1437000,661000,0,0,1060000
3400690,New Jersey,1,3,Alexandria Township School District,478,11263000,1880000,1136000,743000,0,0,1005000
3400720,New Jersey,1,3,Allamuchy Township School District,426,8527000,1084000,543000,480000,0,0,299000
3400750,New Jersey,1,3,Allendale Public School District,862,17143000,1799000,603000,1196000,0,0,600000
3400769,New Jersey,3,3,South Hunterdon Regional School District,934,23348000,3351000,2364000,775000,0,0,1684000
3400772,New Jersey,3,3,Mastery Schools of Camden Inc.,2632,49561000,7417000,6924000,493000,0,0,2236000
3400776,New Jersey,1,3,Camden Prep Inc.,891,17970000,143000,85000,23000,0,0,0
3400777,New Jersey,1,3,KIPP: Cooper Norcross A New Jersey Nonprofit Corporation,1513,29742000,276000,0,276000,0,0,0
3400810,New Jersey,1,3,Alloway Twp School District,325,5859000,803000,437000,334000,0,0,274000
3400840,New Jersey,1,3,Alpha Borough School District,207,4549000,1023000,630000,185000,0,0,329000
3400870,New Jersey,1,3,Alpine School District,153,5421000,519000,173000,346000,0,0,122000
3400900,New Jersey,1,3,Andover Regional School District,451,11672000,2643000,1564000,697000,0,0,1109000
3400930,New Jersey,3,3,Asbury Park School District,1750,65498000,7604000,5397000,2158000,0,0,4028000
3400960,New Jersey,3,3,Atlantic City School District,6779,152274000,16594000,13383000,3162000,0,0,10477000
3401020,New Jersey,1,3,Atlantic Highlands School District,301,6520000,1141000,719000,422000,0,0,577000
3401050,New Jersey,3,3,Audubon Public School Disrict,1472,27199000,3712000,2512000,1201000,0,0,1851000
3401110,New Jersey,1,3,Avalon School District,86,4895000,231000,132000,98000,0,0,2000
3401140,New Jersey,1,3,Avon Boro School District,125,3549000,711000,401000,311000,0,0,339000
3401170,New Jersey,1,3,Barrington School District,597,11593000,2471000,1702000,770000,0,0,1200000
3401230,New Jersey,1,3,Bay Head Borough School District,122,3190000,155000,98000,52000,0,0,73000
3401260,New Jersey,3,3,Bayonne School District,9932,169142000,26725000,18364000,6082000,0,0,11706000
3401290,New Jersey,1,3,Beach Haven School District,58,2173000,204000,151000,53000,0,0,135000
3401320,New Jersey,1,3,Bedminster Township Public School District,519,13251000,2455000,1327000,1021000,0,0,1032000
3401350,New Jersey,3,3,Belleville Public School District,4495,80672000,12236000,7420000,4106000,0,0,4646000
3401380,New Jersey,1,3,Bellmawr Public School District,1208,20819000,3043000,1995000,1045000,0,0,1274000
3401410,New Jersey,1,3,Belmar Elementary School District,486,9805000,1218000,660000,558000,0,0,468000
3401440,New Jersey,3,3,Belvidere School District,649,14455000,1572000,996000,467000,0,0,821000
3401500,New Jersey,3,3,Bergenfield Borough School District,3627,72908000,13038000,8354000,3224000,0,0,2511000
3401530,New Jersey,3,3,Berkeley Heights School District,2552,56822000,8285000,5309000,2951000,0,0,3825000
3401560,New Jersey,1,3,Berkeley Township School District,2473,42192000,6313000,3927000,2107000,0,0,2695000
3401590,New Jersey,1,3,Berlin Borough School District,810,13927000,2538000,1472000,930000,0,0,1078000
3401620,New Jersey,1,3,Berlin Township School District,650,13699000,2561000,1772000,789000,0,0,1459000
3401650,New Jersey,3,3,Bernards Township School District,5136,107472000,18972000,13966000,4988000,0,0,8006000
3401710,New Jersey,1,3,Bethlehem Township School District,345,8832000,1536000,980000,556000,0,0,824000
3401740,New Jersey,1,3,Beverly City School,312,6645000,1106000,639000,428000,0,0,383000
3401770,New Jersey,2,3,Black Horse Pike Regional School District,3561,67361000,8024000,5719000,2190000,0,0,4156000
3401800,New Jersey,1,3,Blairstown Elementary Township School District,463,9238000,2133000,1005000,911000,0,0,918000
3401830,New Jersey,3,3,Bloomfield Township School District,6505,111272000,21178000,13718000,6446000,0,0,9361000
3401860,New Jersey,1,3,Bloomingdale School District,556,12373000,2127000,950000,1169000,0,0,781000
3401890,New Jersey,1,3,Bloomsbury Borough School District,91,2452000,499000,249000,231000,0,0,186000
3401920,New Jersey,3,3,Bogota Public School District,1107,22559000,4365000,2822000,1543000,0,0,1408000
3401950,New Jersey,3,3,Boonton Town School District,1457,32285000,6055000,3079000,2526000,0,0,1909000
3401980,New Jersey,1,3,Boonton Township School District,400,9407000,1354000,778000,573000,0,0,402000
3402030,New Jersey,3,3,Bordentown Regional School District,2433,45987000,8046000,3446000,4248000,0,0,2386000
3402100,New Jersey,3,3,Bound Brook School District,2002,34942000,4753000,2873000,1766000,0,0,2011000
3402130,New Jersey,1,3,Bradley Beach School District,274,7019000,648000,124000,524000,0,0,0
3402160,New Jersey,1,3,Branchburg Township School District,1389,32873000,4785000,2915000,1653000,0,0,2569000
3402220,New Jersey,3,3,Brick Township Public School District,8545,159816000,26473000,15966000,9581000,0,0,12013000
3402250,New Jersey,3,3,Bridgeton City School District,5655,117537000,9821000,7175000,2501000,0,0,4589000
3402280,New Jersey,3,3,Bridgewater-Raritan Regional School District,8476,171311000,27109000,16054000,9451000,0,0,12321000
3402310,New Jersey,1,3,Brielle Boro School District,516,9908000,1467000,666000,801000,0,0,595000
3402340,New Jersey,1,3,Brigantine Public School District,521,16891000,2055000,1359000,625000,0,0,955000
3402370,New Jersey,1,3,Brooklawn Public School District,289,5477000,950000,618000,331000,0,0,441000
3402400,New Jersey,3,3,Buena Regional School District,1674,36813000,5682000,3724000,1957000,0,0,2734000
3402430,New Jersey,3,3,Burlington City Public School District,1732,37999000,4479000,2707000,1633000,0,0,2436000
3402460,New Jersey,3,3,Burlington Township School District,3690,71190000,12165000,6326000,4906000,0,0,4522000
3402520,New Jersey,3,3,Butler Public School District,1157,24420000,3940000,2201000,1593000,0,0,1881000
3402550,New Jersey,1,3,Byram Township School District,816,15897000,2978000,1887000,1052000,0,0,1457000
3402580,New Jersey,3,3,CALDWELL-WEST CALDWELL SCHOOL DISTRICT,2670,51197000,9330000,5338000,3632000,0,0,3372000
3402610,New Jersey,1,3,Califon Borough School District,78,2877000,556000,273000,253000,0,0,219000
3402640,New Jersey,3,3,Camden City School District,6925,209486000,25259000,14954000,10305000,0,0,11396000
3402700,New Jersey,1,3,Cape May City School District,149,4446000,355000,172000,163000,0,0,120000
3402790,New Jersey,1,3,Carlstadt PublicSchool District,537,11704000,1329000,704000,625000,0,0,444000
3402800,New Jersey,2,3,Carlstadt-East Rutherford Regional High School District,525,13136000,1479000,476000,949000,0,0,321000
3402820,New Jersey,3,3,Carteret Public School District,3789,67957000,10029000,7010000,2711000,0,0,4352000
3402850,New Jersey,3,3,Cedar Grove Township School District,1581,31554000,4266000,2420000,1846000,0,0,1790000
3402880,New Jersey,2,3,Sterling Regional School District,921,17596000,1861000,1108000,753000,0,0,760000
3402910,New Jersey,2,3,Central Regional School District,2355,42517000,6765000,4993000,1674000,0,0,3322000
3403000,New Jersey,3,3,Cherry Hill School District,10849,213310000,36012000,20389000,10348000,0,0,14217000
3403060,New Jersey,1,3,Chester School District,1080,23201000,2700000,1639000,1010000,0,0,1118000
3403090,New Jersey,1,3,Chesterfield Township School District,760,12669000,2664000,1201000,1408000,0,0,1036000
3403120,New Jersey,3,3,Cinnaminson Township School District,2643,51068000,7159000,3799000,2851000,0,0,2689000
3403150,New Jersey,3,3,Clark Township Public School District,2232,38030000,5296000,2933000,1559000,0,0,2141000
3403180,New Jersey,3,3,Clayton Public School District,1470,24873000,2675000,1431000,1170000,0,0,843000
3403210,New Jersey,2,3,Clearview Regional High School District,2254,37381000,4353000,2839000,1271000,0,0,2074000
3403240,New Jersey,1,3,Clementon Elementary School District,491,9162000,1630000,1019000,606000,0,0,736000
3403270,New Jersey,3,3,Cliffside Park School District,3192,57048000,9685000,5825000,3069000,0,0,3438000
3403300,New Jersey,3,3,Clifton Public School District,10629,188892000,26988000,14585000,11634000,0,0,11248000
3403330,New Jersey,1,3,Clinton-Glen Gardner School District,440,9673000,1865000,996000,869000,0,0,758000
3403360,New Jersey,1,3,Clinton Township School District,1221,29271000,5571000,3418000,1941000,0,0,2355000
3403390,New Jersey,1,3,Closter Public School District,1195,22401000,3440000,2180000,1260000,0,0,1675000
3403420,New Jersey,3,3,Collingswood Public School District,2151,41668000,5544000,3554000,1990000,0,0,2152000
3403450,New Jersey,1,3,Colts Neck Township School District,988,27431000,4732000,2922000,1737000,0,0,2290000
3403480,New Jersey,1,3,Commercial Township School District,515,10358000,1359000,798000,561000,0,0,626000
3403540,New Jersey,1,3,Cranbury Township School District,479,13603000,2200000,1057000,688000,0,0,747000
3403570,New Jersey,3,3,Cranford Public School District,3781,71246000,12117000,8222000,3876000,0,0,6129000
3403600,New Jersey,3,3,Cresskill Public School District,1795,34234000,6241000,4721000,1521000,0,0,3004000
3403620,New Jersey,2,3,CUMBERLAND REGIONAL SCHOOL DISTRICT,998,22109000,1164000,739000,387000,0,0,480000
3403630,New Jersey,1,3,Deal Boro School District,161,4441000,502000,145000,304000,0,0,145000
3403660,New Jersey,1,3,Deerfield Township School District,268,6097000,826000,557000,268000,0,0,285000
3403690,New Jersey,1,3,Delanco Township School District,408,7665000,994000,558000,419000,0,0,329000
3403720,New Jersey,1,3,Delaware Township School District,378,9402000,1352000,706000,604000,0,0,522000
3403750,New Jersey,2,3,Delaware Valley Regional High School District,719,22749000,2114000,1070000,1044000,0,0,902000
3403780,New Jersey,3,3,Delran Township School District,2993,51666000,8445000,4508000,3261000,0,0,3983000
3403810,New Jersey,1,3,Demarest School District,701,15512000,2323000,1107000,1216000,0,0,852000
3403840,New Jersey,1,3,Dennis Township School District,585,13636000,2027000,1377000,569000,0,0,892000
3403870,New Jersey,1,3,Denville Township K-8 School District,1664,34698000,6492000,4089000,2403000,0,0,2505000
3403900,New Jersey,3,3,Deptford Township Public School District,4064,72937000,10593000,6499000,3717000,0,0,3133000
3403930,New Jersey,3,3,Dover Public School District,3216,50621000,4422000,3236000,1186000,0,0,1130000
3403960,New Jersey,1,3,Downe Township School District,174,3824000,501000,216000,217000,0,0,214000
3403990,New Jersey,3,3,Dumont Public School District,2521,48001000,5047000,3257000,1506000,0,0,1863000
3404020,New Jersey,3,3,Dunellen Public School District,1250,20586000,2447000,1452000,956000,0,0,848000
3404050,New Jersey,1,3,Eagleswood Township School District,126,3326000,508000,241000,182000,0,0,161000
3404080,New Jersey,1,3,East Amwell Township School District,354,8752000,1226000,736000,490000,0,0,483000
3404110,New Jersey,3,3,East Brunswick Township School District,8213,167540000,24194000,15013000,7834000,0,0,10437000
3404140,New Jersey,1,3,East Greenwich Township School District,1318,19739000,3106000,1727000,1380000,0,0,1298000
3404170,New Jersey,1,3,East Hanover Township School District,922,22479000,3377000,2109000,1268000,0,0,1787000
3404200,New Jersey,1,3,East Newark School District,227,3573000,344000,107000,226000,0,0,93000
3404230,New Jersey,3,3,East Orange School District,9293,228566000,23561000,13123000,10438000,0,0,7459000
3404290,New Jersey,1,3,East Rutherford School District,772,18247000,2887000,1848000,1005000,0,0,1230000
3404320,New Jersey,3,3,East Windsor Regional School District,5206,97565000,12660000,8382000,4149000,0,0,6021000
3404350,New Jersey,1,3,Eastampton Township School District,561,10622000,1886000,1338000,548000,0,0,824000
3404380,New Jersey,2,3,Eastern Camden County Regional School District,1928,36737000,4675000,3065000,1556000,0,0,2070000
3404410,New Jersey,1,3,Eatontown Public School District,959,22138000,3868000,2760000,1106000,0,0,2022000
3404440,New Jersey,1,3,Edgewater School District,946,15107000,1992000,826000,1166000,0,0,611000
3404470,New Jersey,1,3,Edgewater Park Township School District,940,17488000,2875000,2038000,800000,0,0,1022000
3404500,New Jersey,3,3,Edison Township School District,16539,273376000,41460000,21741000,14434000,0,0,18411000
3404530,New Jersey,1,3,Egg Harbor City School District,477,10406000,1302000,863000,439000,0,0,721000
3404560,New Jersey,3,3,Egg Harbor Township School District,7302,142280000,22632000,12391000,9856000,0,0,9796000
3404590,New Jersey,3,3,Elizabeth Public Schools,27769,577752000,64152000,30529000,30885000,0,0,20996000
3404620,New Jersey,1,3,Elk Township School District,323,6131000,563000,182000,380000,0,0,77000
3404660,New Jersey,3,3,Elmwood Park School District,2594,38442000,6765000,3271000,3479000,0,0,2828000
3404680,New Jersey,1,3,Elsinboro Township School District,117,2469000,255000,149000,106000,0,0,114000
3404710,New Jersey,3,3,Emerson Public School District,1100,23271000,3171000,2121000,941000,0,0,1331000
3404740,New Jersey,3,3,Englewood Public School District,2990,66338000,9812000,5579000,3911000,0,0,4087000
3404770,New Jersey,1,3,Englewood Cliffs School District,483,12729000,2054000,968000,1086000,0,0,770000
3404830,New Jersey,1,3,Essex Fells School District,250,6002000,1102000,685000,417000,0,0,685000
3404860,New Jersey,1,3,Estell Manor School District,195,3594000,429000,213000,197000,0,0,99000
3404890,New Jersey,1,3,Evesham Township School District,4461,86561000,16251000,9759000,5828000,0,0,7363000
3404920,New Jersey,3,3,Ewing Township School District,3458,76318000,11627000,7432000,3412000,0,0,5569000
3404950,New Jersey,1,3,Fair Haven School District,989,17655000,3184000,2183000,1001000,0,0,1614000
3404980,New Jersey,3,3,Fair Lawn Public School District,5218,103289000,18514000,10578000,6964000,0,0,6291000
3405010,New Jersey,1,3,Fairfield Public Schools School District,687,13708000,1871000,1039000,832000,0,0,1025000
3405040,New Jersey,1,3,Fairfield Township School District,552,10645000,903000,517000,258000,0,0,452000
3405070,New Jersey,1,3,Fairview Public School District,1536,21433000,3137000,2114000,866000,0,0,1503000
3405130,New Jersey,1,3,Farmingdale Public School District,162,3486000,684000,507000,177000,0,0,507000
3405190,New Jersey,1,3,Flemington-Raritan Regional School District,3075,69022000,11188000,8953000,2235000,0,0,5257000
3405220,New Jersey,3,3,Florence Township School District,1553,28715000,6008000,3784000,2087000,0,0,2058000
3405250,New Jersey,1,3,Florham Park School District,989,21356000,3737000,2381000,1185000,0,0,1553000
3405280,New Jersey,1,3,Folsom Borough School District,386,7326000,950000,537000,412000,0,0,533000
3405310,New Jersey,3,3,Fort Lee School District,4142,73543000,12449000,5776000,5503000,0,0,4042000
3405340,New Jersey,1,3,Frankford Township Consolidated School District,504,12402000,1615000,1076000,530000,0,0,733000
3405370,New Jersey,1,3,Franklin Lakes School District,1148,34742000,6505000,4053000,2012000,0,0,2829000
3405400,New Jersey,1,3,Franklin Borough School District,454,10493000,1693000,1068000,624000,0,0,880000
3405430,New Jersey,1,3,Township of Franklin School District,1421,25211000,3589000,2304000,1103000,0,0,1560000
3405460,New Jersey,1,3,Franklin Township School District,272,6244000,1155000,427000,703000,0,0,353000
3405490,New Jersey,3,3,Franklin Township School District,7078,155142000,23858000,12156000,8905000,0,0,8425000
3405520,New Jersey,1,3,Franklin Township School District,208,5222000,943000,476000,467000,0,0,368000
3405550,New Jersey,1,3,Fredon Township School District,193,4683000,464000,172000,283000,0,0,122000
3405580,New Jersey,1,3,Freehold Borough School District,1644,31409000,5298000,3922000,1371000,0,0,2448000
3405610,New Jersey,2,3,Freehold Regional High School District,10568,190084000,25081000,15528000,8793000,0,0,11711000
3405640,New Jersey,1,3,Freehold Township School District,3687,78446000,15009000,9799000,4671000,0,0,6223000
3405670,New Jersey,1,3,Frelinghuysen Township School District,137,2654000,338000,168000,169000,0,0,168000
3405700,New Jersey,1,3,Frenchtown Borough School District,121,3096000,700000,395000,304000,0,0,232000
3405730,New Jersey,1,3,GALLOWAY TOWNSHIP PUBLIC SCHOOLS,3301,69364000,12550000,9143000,3407000,0,0,5868000
3405760,New Jersey,3,3,Garfield Public School District,4948,105313000,15691000,11308000,3376000,0,0,6883000
3405790,New Jersey,1,3,Garwood Boro,358,6509000,1366000,786000,580000,0,0,641000
3405820,New Jersey,2,3,Gateway Regional High School District,900,23242000,2975000,1819000,651000,0,0,1388000
3405850,New Jersey,1,3,Gibbsboro Elementary School District,266,5376000,927000,586000,342000,0,0,402000
3405880,New Jersey,3,3,Glassboro School District,1925,41054000,5574000,3792000,1589000,0,0,2798000
3405940,New Jersey,3,3,Glen Ridge Public School District,1861,35456000,3901000,2105000,1740000,0,0,1913000
3405970,New Jersey,3,3,Glen Rock Public School District,2530,53168000,7420000,3245000,4125000,0,0,3024000
3406000,New Jersey,3,3,Gloucester City Public School District,2212,43963000,5677000,4364000,1312000,0,0,2833000
3406030,New Jersey,1,3,Gloucester Township Public Schools,6361,114836000,16244000,11946000,3724000,0,0,8682000
3406060,New Jersey,2,3,Greater Egg Harbor Regional High School District,3031,69338000,7407000,5252000,1226000,0,0,3680000
3406090,New Jersey,1,3,Green Township School District,400,9720000,1196000,523000,471000,0,0,334000
3406120,New Jersey,1,3,Green Brook Township Public School District,767,17128000,3126000,1597000,1529000,0,0,1387000
3406150,New Jersey,1,3,Greenwich Township School District,84,1640000,66000,39000,26000,0,0,39000
3406180,New Jersey,1,3,Greenwich Township School District,442,11313000,1708000,936000,471000,0,0,614000
3406210,New Jersey,1,3,Greenwich Township School District,698,12723000,3099000,2016000,582000,0,0,1238000
3406240,New Jersey,1,3,Guttenberg School District,971,16523000,2685000,1512000,1172000,0,0,659000
3406270,New Jersey,3,3,Hackensack School District,5651,119690000,21095000,12904000,8191000,0,0,7905000
3406300,New Jersey,3,3,Hackettstown Public School District,1948,35687000,6464000,4307000,1432000,0,0,3068000
3406330,New Jersey,3,3,HADDON HEIGHTS School District,1501,26107000,3617000,2620000,967000,0,0,1766000
3406360,New Jersey,3,3,Haddon Township School District,2060,37722000,5631000,3229000,2185000,0,0,1642000
3406390,New Jersey,3,3,Haddonfield School District,2710,43034000,6483000,3355000,2971000,0,0,2582000
3406420,New Jersey,1,3,Hainesport Township School District,559,10458000,1720000,1099000,621000,0,0,1047000
3406450,New Jersey,1,3,Haledon Public School District,1038,18616000,2479000,1600000,879000,0,0,1159000
3406480,New Jersey,1,3,Hamburg School District,253,6254000,998000,619000,358000,0,0,486000
3406510,New Jersey,1,3,Hamilton Township School District,3022,52772000,8457000,5754000,2703000,0,0,4098000
3406540,New Jersey,3,3,Hamilton Township Public School District,11697,212628000,39075000,22098000,11779000,0,0,13545000
3406570,New Jersey,3,3,Hammonton School District,3495,55691000,6509000,3951000,2392000,0,0,2346000
3406600,New Jersey,1,3,Hampton Borough School District,89,3017000,757000,436000,305000,0,0,293000
3406630,New Jersey,1,3,Hampton Township School District,318,7196000,1309000,814000,495000,0,0,439000
3406660,New Jersey,2,3,Hanover Park Regional High School District,1450,33407000,3270000,1324000,1679000,0,0,1055000
3406690,New Jersey,1,3,Hanover Township School District,1350,31806000,4954000,2777000,2104000,0,0,1702000
3406720,New Jersey,1,3,Harding Township School District,270,9145000,1447000,807000,640000,0,0,514000
3406780,New Jersey,1,3,Hardyston Township School District,662,12865000,2544000,1473000,834000,0,0,1037000
3406810,New Jersey,1,3,HARMONY TOWNSHIP SCHOOL DISTRICT,240,5798000,683000,317000,365000,0,0,298000
3406840,New Jersey,1,3,Harrington Park School District,596,13669000,2771000,1771000,1001000,0,0,672000
3406870,New Jersey,3,3,Harrison Public Schools,1977,44101000,4244000,2605000,1100000,0,0,1826000
3406900,New Jersey,1,3,Harrison Township School District,1420,22198000,2979000,1941000,937000,0,0,1275000
3406930,New Jersey,3,3,Hasbrouck Heights School District,1759,34583000,5528000,3456000,2072000,0,0,2488000
3406960,New Jersey,1,3,Haworth Public School District,387,9712000,1172000,560000,581000,0,0,560000
3406990,New Jersey,3,3,Hawthorne Public School District,2332,44573000,9939000,6125000,3581000,0,0,3572000
3407050,New Jersey,2,3,Henry Hudson Regional School District,334,9099000,963000,557000,364000,0,0,507000
3407110,New Jersey,1,3,High Bridge Borough School District,363,8836000,1657000,951000,707000,0,0,935000
3407140,New Jersey,2,3,High Point Regional High School District,866,23341000,2415000,1576000,838000,0,0,1277000
3407170,New Jersey,3,3,Highland Park Boro School District,1574,34550000,5926000,3789000,2054000,0,0,2447000
3407200,New Jersey,1,3,Highlands Borough School District,179,5060000,1097000,459000,638000,0,0,362000
3407230,New Jersey,3,3,Hillsborough Township Public School District,7442,140183000,22775000,13085000,8846000,0,0,9975000
3407260,New Jersey,1,3,Hillsdale School District,1109,25432000,4152000,2212000,1940000,0,0,1985000
3407290,New Jersey,3,3,Hillside Public School District,3104,59383000,6730000,4093000,2499000,0,0,3624000
3407320,New Jersey,1,3,Ho-Ho-Kus School District,596,11475000,1726000,887000,839000,0,0,570000
3407350,New Jersey,3,3,Hoboken Public School District,2233,89863000,11910000,7105000,3520000,0,0,6128000
3407380,New Jersey,1,3,Holland Township School District,525,11406000,2044000,1413000,631000,0,0,946000
3407410,New Jersey,3,3,Holmdel Township School District,2988,65613000,10849000,6438000,3742000,0,0,4760000
3407440,New Jersey,3,3,Hopatcong Borough School District,1497,37383000,5805000,4167000,1638000,0,0,2866000
3407470,New Jersey,1,3,Hope Township School District,125,3835000,550000,261000,289000,0,0,207000
3407500,New Jersey,1,3,Hopewell Township School District,496,8466000,1125000,667000,458000,0,0,475000
3407530,New Jersey,3,3,Hopewell Valley Regional School District,3431,89619000,13341000,8076000,4168000,0,0,5768000
3407560,New Jersey,1,3,Howell Township Public School District,5595,117040000,20791000,13501000,6506000,0,0,9942000
3407590,New Jersey,2,3,Hunterdon Central Regional High School District,2727,67599000,6788000,4362000,2243000,0,0,3066000
3407680,New Jersey,3,3,Irvington Public School District,7212,141335000,15955000,6371000,3821000,0,0,5715000
3407710,New Jersey,1,3,Island Heights School District,112,2647000,442000,301000,131000,0,0,224000
3407740,New Jersey,3,3,Jackson Township School District,8009,160553000,27835000,19224000,7891000,0,0,11934000
3407770,New Jersey,1,3,Jamesburg Public School District,705,12030000,1929000,1270000,659000,0,0,636000
3407800,New Jersey,3,3,Jefferson Township Public School District,2775,62366000,8437000,4974000,3463000,0,0,3480000
3407830,New Jersey,3,3,Jersey City Public Schools,26150,603282000,100911000,62608000,27603000,0,0,43891000
3407860,New Jersey,3,3,Keansburg School District,1657,51743000,10920000,9270000,1649000,0,0,7425000
3407890,New Jersey,3,3,Kearny,5322,101046000,10290000,7230000,2676000,0,0,5798000
3407920,New Jersey,3,3,Kenilworth School District,1436,28882000,3665000,2489000,1177000,0,0,1869000
3407950,New Jersey,3,3,Keyport School District,1032,20976000,2197000,1675000,488000,0,0,1244000
3407980,New Jersey,2,3,Kingsway Regional School District,2808,40365000,4409000,2917000,1364000,0,0,2477000
3408040,New Jersey,3,3,Kinnelon School District,1712,43639000,6679000,3918000,2762000,0,0,3006000
3408060,New Jersey,2,3,Kittatinny Regional School District,908,24315000,2191000,1615000,549000,0,0,1420000
3408070,New Jersey,1,3,Knowlton Township School District,155,4746000,751000,341000,407000,0,0,317000
3408100,New Jersey,3,3,Lacey Township School District,3957,76854000,11114000,8731000,2384000,0,0,6112000
3408130,New Jersey,1,3,Lafayette Township School District,196,4715000,672000,358000,314000,0,0,293000
3408160,New Jersey,1,3,Lakehurst School District,385,7334000,1213000,950000,262000,0,0,636000
3408190,New Jersey,2,3,Lakeland Regional High School District,934,25674000,4097000,2316000,1053000,0,0,1449000
3408220,New Jersey,3,3,Lakewood Township School District,5630,168639000,32382000,11595000,16274000,0,0,8231000
3408280,New Jersey,1,3,Laurel Springs School District,179,3159000,712000,333000,379000,0,0,201000
3408310,New Jersey,1,3,Lavallette Borough School District,150,3645000,383000,261000,121000,0,0,259000
3408340,New Jersey,1,3,Lawnside School Distric,306,6273000,898000,436000,462000,0,0,246000
3408370,New Jersey,1,3,Lawrence Township School District,512,9769000,1523000,1018000,505000,0,0,466000
3408400,New Jersey,3,3,Lawrence Township Public School District,3811,81284000,12356000,7564000,3912000,0,0,5468000
3408430,New Jersey,1,3,Lebanon Borough School District,97,2739000,503000,247000,255000,0,0,145000
3408460,New Jersey,1,3,Lebanon Township School District,630,14192000,2586000,1800000,781000,0,0,1262000
3408490,New Jersey,2,3,Lenape Regional High School District,6807,161780000,21125000,11918000,5943000,0,0,9006000
3408500,New Jersey,2,3,Lenape Valley Regional High School District,649,15632000,1563000,750000,632000,0,0,549000
3408520,New Jersey,3,3,Leonia Public School District,2034,37568000,5143000,3113000,1978000,0,0,2167000
3408580,New Jersey,1,3,Lincoln Park School District,913,17680000,3703000,1973000,1422000,0,0,1195000
3408610,New Jersey,3,3,Linden Public School District,6231,129669000,16812000,9881000,6119000,0,0,7492000
3408640,New Jersey,3,3,Lindenwold Public School District,2967,52328000,6923000,4157000,2252000,0,0,2890000
3408670,New Jersey,1,3,Linwood City School District,821,15974000,2427000,1241000,1186000,0,0,988000
3408700,New Jersey,1,3,Little Egg Harbor Township School District,1614,32343000,4451000,3107000,1222000,0,0,2273000
3408730,New Jersey,1,3,Little Falls Township Public School District,890,17873000,3241000,2094000,1087000,0,0,1145000
3408760,New Jersey,1,3,Little Ferry Public School District,864,17055000,2082000,761000,1320000,0,0,755000
3408790,New Jersey,1,3,Little Silver Boro School District,831,15944000,2320000,1216000,1099000,0,0,972000
3408820,New Jersey,3,3,Livingston Board of Education School District,6090,124864000,20154000,12495000,6169000,0,0,6604000
3408850,New Jersey,3,3,Lodi School District,3026,49466000,6004000,3197000,2808000,0,0,2002000
3408880,New Jersey,1,3,Logan Township School District,836,17415000,2147000,1383000,764000,0,0,949000
3408910,New Jersey,1,3,Long Beach Island Consolidated School District,223,7194000,880000,398000,424000,0,0,329000
3408940,New Jersey,3,3,LONG BRANCH PUBLIC SCHOOL District,5810,120813000,13956000,9197000,4547000,0,0,5982000
3409000,New Jersey,1,3,Lopatcong Township School District,732,11719000,2167000,1395000,486000,0,0,905000
3409030,New Jersey,1,3,The Lower Alloways Creek School District,160,3776000,546000,305000,233000,0,0,279000
3409090,New Jersey,2,3,Lower Cape May Regional School District,1290,30267000,2988000,2084000,634000,0,0,2039000
3409120,New Jersey,3,3,PENNSVILLE PUBLIC SCHOOL DISTRICT,1810,36369000,4225000,2637000,1588000,0,0,1962000
3409150,New Jersey,1,3,Lower Township Elementary School District,1609,31244000,2867000,1558000,1277000,0,0,1510000
3409180,New Jersey,1,3,Lumberton Township Board of Education,1177,24393000,3828000,2350000,1427000,0,0,1851000
3409210,New Jersey,3,3,Lyndhurst School District,2554,44027000,6320000,4420000,1849000,0,0,3144000
3409240,New Jersey,3,3,Madison Public School District,2599,52533000,8400000,4128000,3590000,0,0,3555000
3409270,New Jersey,3,3,Old Bridge Township School District,8352,163248000,23217000,15103000,6268000,0,0,10627000
3409300,New Jersey,1,3,Magnolia School District,403,8428000,1662000,1051000,595000,0,0,698000
3409330,New Jersey,3,3,Mahwah Township Public School District,2847,68549000,11864000,6196000,5658000,0,0,5073000
3409360,New Jersey,2,3,Mainland Regional High School,1239,29243000,3464000,2417000,919000,0,0,1476000
3409390,New Jersey,1,3,Manalapan-Englishtown Regional Schools School District,4884,92439000,13645000,8691000,4503000,0,0,6481000
3409420,New Jersey,3,3,Manasquan School District,1484,30951000,3752000,2468000,1284000,0,0,2159000
3409450,New Jersey,3,3,Manchester Township School District,2987,59938000,9489000,6574000,1849000,0,0,3541000
3409480,New Jersey,1,3,Mannington Township School District,194,6768000,1804000,1447000,356000,0,0,951000
3409510,New Jersey,1,3,Mansfield Township School District,544,12697000,2600000,1301000,1232000,0,0,1104000
3409540,New Jersey,1,3,Mansfield Township Elementary School District,586,11639000,2071000,1362000,645000,0,0,1007000
3409550,New Jersey,2,3,North Warren Regional School District,752,17263000,2037000,1333000,679000,0,0,1154000
3409600,New Jersey,1,3,Mantua Township School District,1263,24148000,3968000,2585000,1301000,0,0,2057000
3409630,New Jersey,3,3,Manville School District,1580,26828000,3982000,2744000,1238000,0,0,1927000
3409660,New Jersey,3,3,Maple Shade School District,2346,46221000,8051000,5178000,2723000,0,0,3817000
3409690,New Jersey,1,3,Margate City School District,360,11817000,1981000,1210000,698000,0,0,917000
3409720,New Jersey,1,3,Marlboro Township School District,4739,95234000,12031000,6825000,4787000,0,0,5195000
3409750,New Jersey,3,3,Matawan-Aberdeen Regional School District,3831,76865000,13741000,7036000,5194000,0,0,5484000
3409780,New Jersey,1,3,Maurice River Township School District,419,7290000,671000,354000,267000,0,0,245000
3409810,New Jersey,1,3,Maywood School District,975,16464000,3428000,2361000,1049000,0,0,1511000
3409840,New Jersey,1,3,Medford Lakes School District,527,8642000,1422000,930000,492000,0,0,656000
3409870,New Jersey,1,3,Medford Township School District,2655,54993000,9829000,7274000,2169000,0,0,4443000
3409900,New Jersey,1,3,Mendham Borough School District,488,10684000,1231000,682000,550000,0,0,612000
3409930,New Jersey,1,3,Mendham Township School District,723,19203000,2509000,1688000,663000,0,0,1129000
3409960,New Jersey,1,3,Merchantville School District,430,6837000,947000,616000,331000,0,0,337000
3409990,New Jersey,3,3,Metuchen Public School District,2275,41928000,6926000,4651000,1386000,0,0,2763000
3410020,New Jersey,3,3,Middle Township Public School District,2544,47689000,6763000,4090000,2182000,0,0,3259000
3410050,New Jersey,3,3,Middlesex Borough School District,2077,39629000,5901000,3959000,1825000,0,0,2653000
3410110,New Jersey,3,3,MIDDLETOWN TOWNSHIP PUBLIC SCHOOL DISTRICT,9542,183896000,36651000,20921000,9834000,0,0,14543000
3410140,New Jersey,3,3,Midland Park School District,889,23843000,4110000,2588000,1408000,0,0,1571000
3410170,New Jersey,1,3,Milford Borough School District,60,1951000,321000,157000,140000,0,0,97000
3410200,New Jersey,3,3,Millburn Township School District,4762,100998000,14472000,7156000,7154000,0,0,5803000
3410230,New Jersey,1,3,Millstone Township School District,1095,28009000,5644000,3043000,1846000,0,0,1429000
3410290,New Jersey,1,3,Milltown School District,796,13454000,1854000,1216000,638000,0,0,682000
3410320,New Jersey,3,3,Millville School District,5192,107486000,11957000,6833000,4261000,0,0,4849000
3410350,New Jersey,1,3,Mine Hill Township School District,335,6910000,1028000,530000,499000,0,0,271000
3410380,New Jersey,1,3,Monmouth Beach School District,232,5338000,700000,334000,366000,0,0,297000
3410440,New Jersey,2,3,Monmouth Regional High School,933,25947000,2011000,485000,1431000,0,0,161000
3410470,New Jersey,3,3,Monroe Township Public School District,5665,96932000,16595000,9355000,3867000,0,0,7337000
3410500,New Jersey,3,3,Monroe Township School District,6851,131951000,20259000,14427000,5833000,0,0,9838000
3410530,New Jersey,1,3,Montague Township School District,242,6384000,810000,272000,486000,0,0,166000
3410560,New Jersey,3,3,Montclair Public School District,6597,139827000,27157000,10643000,16442000,0,0,10293000
3410590,New Jersey,3,3,Montgomery Township School District,4665,95310000,14196000,9536000,4442000,0,0,7219000
3410620,New Jersey,1,3,Montvale Board of Education School District,988,19317000,2965000,1708000,1257000,0,0,1305000
3410650,New Jersey,3,3,Montville Township School District,3522,83398000,15288000,8692000,4948000,0,0,6528000
3410680,New Jersey,1,3,Moonachie School District,337,7159000,1270000,606000,665000,0,0,414000
3410710,New Jersey,3,3,Moorestown Township Public School District,3955,81795000,12622000,6951000,5237000,0,0,5965000
3410740,New Jersey,2,3,Morris Hills Regional School District,2670,72744000,8889000,5281000,3210000,0,0,3044000
3410770,New Jersey,1,3,Morris Plains School District,592,12776000,1633000,937000,696000,0,0,539000
3410810,New Jersey,3,3,Morris School District,5259,119369000,17381000,9593000,6955000,0,0,5287000
3410860,New Jersey,1,3,Mount Arlington Public School District,364,8272000,1436000,812000,624000,0,0,672000
3410890,New Jersey,1,3,Mt. Ephraim School District,421,7775000,1445000,1019000,426000,0,0,709000
3410920,New Jersey,1,3,Mount Holly Township Public School District,1047,20887000,3257000,2305000,952000,0,0,1786000
3410950,New Jersey,1,3,Mount Laurel Township School District,4243,81023000,14313000,9733000,3618000,0,0,5695000
3410980,New Jersey,3,3,Mount Olive Township School District,4662,93470000,13186000,7456000,5199000,0,0,5657000
3411010,New Jersey,3,3,Mountain Lakes Public School District,1456,42088000,7394000,6159000,1208000,0,0,5605000
3411040,New Jersey,1,3,Mountainside School District,747,13785000,2112000,1083000,730000,0,0,837000
3411070,New Jersey,1,3,Mullica Township School District,705,12817000,1783000,954000,806000,0,0,662000
3411100,New Jersey,1,3,National Park Boro School District,289,5094000,739000,413000,326000,0,0,308000
3411130,New Jersey,1,3,Neptune City School District,246,5622000,1064000,513000,544000,0,0,334000
3411160,New Jersey,3,3,Neptune Township School District,3878,85986000,12674000,8249000,2906000,0,0,6176000
3411190,New Jersey,1,3,Netcong School District,288,5724000,1040000,661000,380000,0,0,531000
3411220,New Jersey,3,3,New Brunswick School District,9249,204801000,24371000,16892000,4386000,0,0,11250000
3411250,New Jersey,1,3,New Hanover Township,177,5054000,688000,332000,156000,0,0,259000
3411280,New Jersey,3,3,New Milford Public School District,2014,41535000,6764000,3636000,3047000,0,0,2017000
3411310,New Jersey,3,3,New Providence School District,2410,42827000,5250000,3288000,1818000,0,0,2307000
3411340,New Jersey,3,3,Newark Public School District,36678,884662000,112923000,50728000,49278000,0,0,40950000
3411400,New Jersey,3,3,NEWTON PUBLIC SCHOOL DISTRICT,1576,32747000,4493000,2450000,1646000,0,0,1701000
3411430,New Jersey,3,3,North Arlington School District,1848,27673000,4016000,2999000,1018000,0,0,1539000
3411460,New Jersey,3,3,North Bergen School District,7549,137563000,18510000,12757000,5041000,0,0,9033000
3411490,New Jersey,3,3,North Brunswick Township School District,5890,118832000,19196000,11427000,5998000,0,0,7900000
3411520,New Jersey,1,3,North Caldwell School District,689,14000000,2974000,1718000,1256000,0,0,1190000
3411550,New Jersey,1,3,North Haledon School District,616,11551000,2011000,1265000,740000,0,0,915000
3411580,New Jersey,1,3,North Hanover Township School District,1199,26835000,4020000,2413000,1418000,0,0,1811000
3411610,New Jersey,2,3,North Hunterdon-Voorhees Regional High School District,2402,53103000,5070000,3707000,1363000,0,0,2634000
3411640,New Jersey,3,3,North Plainfield School District,3292,67320000,7416000,5170000,2062000,0,0,4521000
3411670,New Jersey,1,3,North Wildwood School District,211,7935000,988000,599000,389000,0,0,433000
3411700,New Jersey,2,3,Northern Burlington County Regional School District,2167,40342000,5277000,2698000,2142000,0,0,2089000
3411730,New Jersey,2,3,Northern Highlands Regional High School District,1400,30812000,2601000,1348000,1253000,0,0,1113000
3411760,New Jersey,2,3,Northern Valley Regional High School District,2260,83736000,7119000,4221000,2255000,0,0,2826000
3411790,New Jersey,1,3,Northfield City School District,935,17724000,2950000,2352000,598000,0,0,1428000
3411820,New Jersey,1,3,Northvale Public School District,528,10547000,2004000,998000,996000,0,0,785000
3411850,New Jersey,1,3,Norwood Public School District,597,10407000,1699000,977000,721000,0,0,582000
3411880,New Jersey,3,3,Nutley Public School District,4069,75253000,13612000,7271000,4617000,0,0,5009000
3411910,New Jersey,1,3,Oakland Public School District,1329,33817000,4620000,2380000,1803000,0,0,1573000
3411940,New Jersey,1,3,Oaklyn Public School District,282,5710000,839000,297000,542000,0,0,241000
3411970,New Jersey,3,3,Ocean City School District,2112,46226000,4854000,2987000,1610000,0,0,2350000
3412030,New Jersey,1,3,Ocean Gate School District,132,3246000,423000,247000,175000,0,0,120000
3412060,New Jersey,3,3,Township of Ocean School District,3290,80811000,12364000,7844000,4071000,0,0,5549000
3412090,New Jersey,1,3,Ocean Township School District,525,11731000,1964000,1253000,646000,0,0,895000
3412120,New Jersey,1,3,Oceanport School District,598,13082000,2498000,1490000,1008000,0,0,1243000
3412150,New Jersey,1,3,Ogdensburg Borough School District,256,5236000,940000,510000,368000,0,0,310000
3412180,New Jersey,1,3,Old Tappan Public School District,660,13607000,1955000,1280000,675000,0,0,745000
3412210,New Jersey,1,3,Oldmans Township School District,286,5111000,503000,262000,240000,0,0,216000
3412240,New Jersey,1,3,Oradell Public School District,758,13541000,2737000,1513000,1153000,0,0,925000
3412260,New Jersey,2,3,River Dell Regional School District,1603,35267000,4306000,2703000,1208000,0,0,2294000
3412270,New Jersey,3,3,ORANGE BOARD OF EDUCATION School District,5260,109691000,11909000,7287000,4000000,0,0,5300000
3412300,New Jersey,1,3,Oxford Township School District,267,5495000,1156000,683000,435000,0,0,552000
3412360,New Jersey,3,3,Palisades Park School District,1828,29733000,4219000,2895000,1211000,0,0,2072000
3412390,New Jersey,3,3,Palmyra Public School District,917,18380000,2451000,1425000,725000,0,0,938000
3412420,New Jersey,3,3,Paramus Public School District,3721,95295000,19009000,10530000,7777000,0,0,6333000
3412450,New Jersey,3,3,Park Ridge School District,1224,32022000,5085000,2077000,2969000,0,0,1718000
3412480,New Jersey,3,3,Parsippany-Troy Hills Township School District,7217,153610000,22531000,11096000,10529000,0,0,9536000
3412510,New Jersey,2,3,Pascack Valley Regional High School District,1964,55540000,5576000,3840000,1736000,0,0,2715000
3412540,New Jersey,3,3,Passaic City School District,13589,305249000,48216000,23642000,19757000,0,0,18473000
3412570,New Jersey,2,3,Passaic Valley Regional High School District #1,1113,27552000,3879000,3200000,680000,0,0,740000
3412600,New Jersey,2,3,Passaic County Manchester Regional High School District,796,16744000,2380000,1775000,605000,0,0,585000
3412660,New Jersey,1,3,Long Hill Township School District,889,17486000,3178000,1391000,1787000,0,0,1312000
3412690,New Jersey,3,3,Paterson Public School District,24588,526306000,99271000,42907000,46058000,0,0,28689000
3412720,New Jersey,3,3,Paulsboro School District,1164,22652000,2529000,1730000,749000,0,0,1098000
3412810,New Jersey,3,3,Pemberton Township School District,4576,118070000,16207000,10451000,4918000,0,0,6819000
3412840,New Jersey,3,3,Penns Grove-Carneys Point Regional School District,2181,40037000,4985000,3502000,1012000,0,0,3003000
3412870,New Jersey,3,3,Pennsauken Township Board of Education School District,4714,95580000,11025000,6161000,4286000,0,0,5486000
3412900,New Jersey,3,3,Pequannock Township School District,2055,39542000,5350000,3507000,1718000,0,0,2635000
3412930,New Jersey,3,3,Perth Amboy Public School District,10758,246609000,23353000,15015000,7703000,0,0,8174000
3412960,New Jersey,3,3,Phillipsburg School District,3876,80821000,10940000,7122000,3443000,0,0,5822000
3412990,New Jersey,3,3,Pine Hill School District,1880,38104000,4648000,3288000,1265000,0,0,2755000
3413000,New Jersey,2,3,Pinelands Regional School District,1548,35056000,5209000,3679000,1234000,0,0,2694000
3413050,New Jersey,3,3,Piscataway Township School District,7118,132638000,19916000,13054000,6831000,0,0,8543000
3413080,New Jersey,3,3,Pitman Boro School District,1235,26419000,3797000,2801000,887000,0,0,1944000
3413110,New Jersey,3,3,Pittsgrove Township School District,1670,33249000,4435000,2596000,1505000,0,0,2080000
3413140,New Jersey,3,3,Plainfield Public School District,8241,248508000,24653000,18591000,5433000,0,0,14255000
3413200,New Jersey,3,3,Pleasantville Public School District,3492,81143000,10123000,7152000,2971000,0,0,5387000
3413230,New Jersey,3,3,Plumsted Township School District,1207,28265000,4748000,3246000,973000,0,0,2542000
3413260,New Jersey,1,3,Pohatcong Township School District,305,6623000,1108000,622000,397000,0,0,403000
3413290,New Jersey,3,3,Point Pleasant Borough School District,2812,47471000,6754000,3796000,2673000,0,0,2895000
3413320,New Jersey,3,3,Point Pleasant Beach School District,736,17408000,2042000,1285000,645000,0,0,1080000
3413350,New Jersey,3,3,Pompton Lakes School District,1716,36657000,6089000,4996000,1093000,0,0,2516000
3413380,New Jersey,1,3,Port Republic School District,104,2436000,285000,223000,63000,0,0,191000
3413410,New Jersey,3,3,Princeton Public Schools,3829,93592000,14516000,9013000,5003000,0,0,4832000
3413470,New Jersey,1,3,Prospect Park Public School District,859,14846000,2577000,1384000,1193000,0,0,783000
3413500,New Jersey,1,3,Quinton Township School District,292,5657000,599000,231000,368000,0,0,216000
3413530,New Jersey,3,3,Rahway Public School District,3956,76109000,12579000,7527000,4475000,0,0,5280000
3413560,New Jersey,2,3,Ramapo Indian Hills Regional High School District,2232,55320000,5291000,2387000,2052000,0,0,1513000
3413590,New Jersey,3,3,Ramsey School District,2671,63587000,10093000,5470000,3231000,0,0,3191000
3413620,New Jersey,2,3,Rancocas Valley Regional High School District,2043,34492000,3257000,2323000,906000,0,0,2007000
3413650,New Jersey,3,3,Randolph Township School District,4525,97313000,13326000,8005000,5321000,0,0,5671000
3413680,New Jersey,3,3,Hazlet Township Public School District,2783,57688000,7217000,4570000,2647000,0,0,3054000
3413710,New Jersey,1,3,Readington Township School District,1477,34551000,5857000,3804000,1943000,0,0,2564000
3413740,New Jersey,1,3,Red Bank Borough Public School District,1306,26400000,3156000,2085000,914000,0,0,1480000
3413750,New Jersey,2,3,Red Bank Regional School District,1275,27990000,2571000,1446000,1017000,0,0,766000
3413770,New Jersey,3,3,Ridgefield School District,1657,42757000,12387000,7419000,4962000,0,0,4713000
3413800,New Jersey,3,3,Ridgefield Park Public School District,2206,45374000,6895000,4408000,1849000,0,0,2711000
3413830,New Jersey,3,3,Ridgewood Public School District,5710,113688000,17268000,9163000,8057000,0,0,6889000
3413860,New Jersey,1,3,Ringwood School District,1097,26268000,5062000,3634000,1342000,0,0,2415000
3413890,New Jersey,1,3,River Edge School District,1253,21466000,4040000,2733000,1279000,0,0,989000
3413950,New Jersey,1,3,River Vale Public School District,1091,24141000,2962000,1368000,1594000,0,0,1158000
3413980,New Jersey,1,3,Riverdale School District,322,6369000,893000,548000,345000,0,0,474000
3414010,New Jersey,3,3,Riverside Township School District,1423,25815000,3028000,2127000,900000,0,0,1701000
3414040,New Jersey,1,3,Riverton School District,303,5333000,763000,425000,338000,0,0,241000
3414070,New Jersey,1,3,Rochelle Park School District,508,10302000,2008000,1216000,792000,0,0,843000
3414100,New Jersey,1,3,Rockaway Borough School District,545,10999000,2223000,1052000,1135000,0,0,762000
3414130,New Jersey,1,3,Rockaway Township School District,2348,53303000,11119000,5641000,5162000,0,0,4503000
3414220,New Jersey,1,3,Roosevelt Borough Public School District,78,2045000,259000,83000,91000,0,0,56000
3414250,New Jersey,1,3,Roseland School District,468,8966000,1602000,1009000,593000,0,0,598000
3414280,New Jersey,3,3,Roselle Public Schools,2885,61853000,8707000,4756000,3951000,0,0,3107000
3414310,New Jersey,3,3,Roselle Park Public School District,2056,39854000,4524000,2605000,1902000,0,0,2155000
3414340,New Jersey,3,3,Roxbury Township School District,3468,78165000,11525000,7585000,3707000,0,0,4665000
3414370,New Jersey,1,3,Rumson Borough School District,1007,19739000,2596000,1485000,1112000,0,0,1156000
3414400,New Jersey,2,3,Rumson-Fair Haven Regional High School District,986,21318000,2571000,1473000,1098000,0,0,1166000
3414430,New Jersey,1,3,RUNNEMEDE PUBLIC SCHOOL DISTRICT,853,16086000,2394000,1229000,1165000,0,0,881000
3414460,New Jersey,3,3,Rutherford School District,2597,48389000,5532000,1800000,2524000,0,0,549000
3414490,New Jersey,3,3,Saddle Brook School District,1759,34213000,6082000,3324000,2740000,0,0,2309000
3414520,New Jersey,1,3,Saddle River School District,149,5096000,683000,171000,513000,0,0,119000
3414550,New Jersey,3,3,Salem City School District,1238,26730000,2743000,1689000,1054000,0,0,1283000
3414610,New Jersey,1,3,Sandyston-Walpack Consolidated School District,115,3204000,691000,413000,223000,0,0,292000
3414640,New Jersey,3,3,Sayreville School District,6242,105392000,16944000,10341000,5485000,0,0,9077000
3414670,New Jersey,3,3,Scotch Plains-Fanwood School District,5556,99921000,14431000,8629000,5508000,0,0,5806000
3414730,New Jersey,1,3,Sea Girt Borough School District,154,4310000,722000,312000,410000,0,0,293000
3414790,New Jersey,1,3,Seaside Heights School District,213,5349000,793000,403000,358000,0,0,222000
3414850,New Jersey,3,3,Secaucus School District,2285,42519000,5782000,3908000,1501000,0,0,2360000
3414880,New Jersey,1,3,Shamong Township School District,730,14900000,1851000,1178000,673000,0,0,1164000
3414940,New Jersey,2,3,Shore Regional High School District,633,17186000,988000,638000,342000,0,0,438000
3414970,New Jersey,1,3,Shrewsbury Borough School District,490,9940000,1766000,966000,701000,0,0,931000
3415000,New Jersey,1,3,Somerdale School District,487,9137000,1060000,664000,396000,0,0,401000
3415030,New Jersey,1,3,Somers Point School District,854,19419000,2904000,1885000,1019000,0,0,1345000
3415090,New Jersey,3,3,Somerville Public School District,2306,46579000,7512000,5509000,1863000,0,0,3401000
3415120,New Jersey,3,3,South Amboy School District,1097,18176000,2463000,1753000,705000,0,0,1262000
3415180,New Jersey,1,3,South Bound Brook Public Schools,431,9080000,2050000,1200000,525000,0,0,437000
3415210,New Jersey,3,3,South Brunswick School District,8432,153162000,20261000,11787000,5192000,0,0,8014000
3415240,New Jersey,1,3,South Hackensack School District,286,6295000,897000,342000,555000,0,0,308000
3415270,New Jersey,1,3,South Harrison Township School District,330,5504000,672000,337000,335000,0,0,334000
3415330,New Jersey,3,3,South Orange-Maplewood School District,7157,130299000,21741000,16484000,4984000,0,0,9814000
3415360,New Jersey,3,3,South Plainfield School District,3359,66374000,8695000,6028000,2310000,0,0,4252000
3415390,New Jersey,3,3,South River Public School District,2312,36963000,6184000,4229000,1956000,0,0,2972000
3415420,New Jersey,1,3,Southampton Township School District,690,14523000,2620000,1599000,1021000,0,0,1300000
3415450,New Jersey,2,3,DELSEA REGIONAL HIGH SCHOOL DISTRICT,1618,34399000,3792000,2066000,872000,0,0,1219000
3415480,New Jersey,2,3,Southern Regional School District,2892,61069000,10852000,7931000,2921000,0,0,4714000
3415510,New Jersey,3,3,SPARTA TOWNSHIP PUBLIC SCHOOL DISTRICT,3123,71017000,9844000,5752000,3797000,0,0,4159000
3415540,New Jersey,3,3,Spotswood Public School District,1651,29724000,3565000,1649000,1451000,0,0,1371000
3415570,New Jersey,1,3,Spring Lake Borough,147,6072000,920000,526000,388000,0,0,384000
3415600,New Jersey,1,3,Spring Lake Heights School District,340,6641000,978000,676000,302000,0,0,584000
3415630,New Jersey,3,3,Springfield Public School District,2218,41337000,4983000,3907000,1076000,0,0,1949000
3415660,New Jersey,1,3,Springfield Township School District,243,4693000,884000,520000,353000,0,0,387000
3415690,New Jersey,1,3,Stafford Township School District,2162,42561000,6874000,4035000,2839000,0,0,3182000
3415720,New Jersey,1,3,Stanhope School District,316,6701000,1419000,897000,521000,0,0,623000
3415750,New Jersey,1,3,Stillwater Township School District,252,6833000,973000,551000,422000,0,0,501000
3415810,New Jersey,1,3,Stone Harbor School District,89,3056000,174000,107000,67000,0,0,104000
3415840,New Jersey,1,3,Stow Creek Township School District,124,2594000,159000,108000,51000,0,0,104000
3415870,New Jersey,1,3,Stratford School District,894,15593000,3122000,1989000,1033000,0,0,1255000
3415900,New Jersey,3,3,Summit Public School District,3984,78482000,10649000,7716000,2864000,0,0,4446000
3415960,New Jersey,1,3,Sussex-Wantage Regional School District,1044,24819000,5141000,3624000,1518000,0,0,2504000
3415990,New Jersey,1,3,Swedesboro-Woolwich School District,1581,27690000,5246000,3749000,1497000,0,0,2987000
3416020,New Jersey,1,3,Tabernacle Township School District,667,14152000,1751000,1085000,657000,0,0,774000
3416080,New Jersey,3,3,Teaneck School District,3629,95415000,20085000,12454000,6506000,0,0,7533000
3416110,New Jersey,3,3,Tenafly Public School District,3660,74376000,10052000,5164000,4887000,0,0,3475000
3416170,New Jersey,1,3,Tewksbury Township School District,513,14389000,2338000,1709000,625000,0,0,1076000
3416200,New Jersey,1,3,Tinton Falls School District,1409,31550000,6753000,3853000,2321000,0,0,2878000
3416230,New Jersey,3,3,Toms River Regional School District,15205,255651000,38097000,26237000,7753000,0,0,15192000
3416260,New Jersey,1,3,Totowa Public School District,977,16735000,1887000,1027000,860000,0,0,524000
3416290,New Jersey,3,3,TRENTON PUBLIC SCHOOL DISTRICT,12658,249098000,33176000,19500000,11263000,0,0,12689000
3416320,New Jersey,1,3,Tuckerton Borough School District,328,6070000,1093000,744000,345000,0,0,463000
3416350,New Jersey,1,3,Union Beach Public School District,627,11494000,2282000,1613000,646000,0,0,1049000
3416380,New Jersey,3,3,Union City School District,12251,269356000,21391000,12547000,8844000,0,0,11447000
3416440,New Jersey,1,3,Union Township School District,437,9616000,1976000,1314000,662000,0,0,764000
3416470,New Jersey,3,3,Barnegat Township School District,3481,62250000,8213000,5940000,2085000,0,0,3711000
3416500,New Jersey,3,3,Township of Union School District,7190,137922000,20658000,11736000,8922000,0,0,9623000
3416530,New Jersey,1,3,Upper Deerfield Township School District,837,17335000,2473000,1372000,1101000,0,0,904000
3416560,New Jersey,3,3,Upper Freehold Regional School District,2167,42398000,7074000,4077000,2298000,0,0,3515000
3416590,New Jersey,1,3,UPPER PITTSGROVE TWP School District,305,6324000,551000,211000,311000,0,0,157000
3416620,New Jersey,1,3,Upper Saddle River School District,1099,25778000,3092000,1645000,1447000,0,0,1057000
3416650,New Jersey,1,3,Upper Township School District,1442,26597000,4196000,2247000,1437000,0,0,1414000
3416680,New Jersey,1,3,Ventnor City School District,641,17804000,2287000,1439000,848000,0,0,981000
3416710,New Jersey,3,3,Vernon Township School District,2949,70644000,12529000,5911000,5045000,0,0,5120000
3416740,New Jersey,3,3,Verona Public School District,2262,38989000,5582000,3214000,2312000,0,0,2136000
3416800,New Jersey,3,3,Vineland Public School District,9733,182663000,23255000,18142000,4302000,0,0,12732000
3416830,New Jersey,1,3,Voorhees Township School District,2953,56464000,10132000,7292000,2146000,0,0,4045000
3416860,New Jersey,3,3,Waldwick School District,1617,31426000,4454000,3233000,1183000,0,0,2316000
3416870,New Jersey,2,3,Wallkill Valley Regional High School,566,14651000,1627000,846000,781000,0,0,698000
3416890,New Jersey,3,3,Wall Township Public School District,3383,78557000,13414000,8953000,3972000,0,0,6815000
3416920,New Jersey,3,3,Wallington Boro School District,1231,19182000,2125000,1628000,497000,0,0,975000
3416950,New Jersey,1,3,Wanaque School District,897,19223000,4180000,3182000,998000,0,0,2290000
3416970,New Jersey,2,3,Warren Hills Regional School District,1746,37796000,5226000,2844000,2163000,0,0,2380000
3416980,New Jersey,1,3,Warren Township School District,1590,47274000,8317000,5120000,2704000,0,0,3861000
3417010,New Jersey,1,3,Washington Borough School District,494,9741000,2147000,1369000,682000,0,0,424000
3417070,New Jersey,3,3,Washington Township School District,7205,151088000,23496000,13152000,8666000,0,0,11392000
3417100,New Jersey,3,3,Robbinsville Public Schools,3156,50044000,7808000,5007000,2351000,0,0,3756000
3417130,New Jersey,1,3,Washington Township School District,2015,44743000,8945000,5511000,3434000,0,0,4119000
3417160,New Jersey,1,3,Washington Township School District,414,9823000,1691000,630000,961000,0,0,557000
3417190,New Jersey,1,3,Watchung Borough Public School District,597,13752000,1934000,891000,985000,0,0,660000
3417220,New Jersey,2,3,Watchung Hills Regional High School District,1948,42012000,4269000,2511000,1758000,0,0,1979000
3417250,New Jersey,1,3,Waterford Township School District,877,20426000,3546000,2138000,1225000,0,0,1180000
3417280,New Jersey,3,3,Wayne Township Public School District,7715,179881000,28137000,16531000,8813000,0,0,11068000
3417310,New Jersey,3,3,Weehawken Public School District,1381,26898000,2583000,1304000,1243000,0,0,1068000
3417340,New Jersey,1,3,Wenonah  Boro School District,166,3518000,506000,187000,319000,0,0,133000
3417400,New Jersey,1,3,WEST CAPE MAY ELEMENTARY SCHOOL DISTRICT,93,1977000,135000,83000,53000,0,0,56000
3417430,New Jersey,3,3,West Deptford Township School District,2958,53456000,8979000,4364000,3284000,0,0,3740000
3417460,New Jersey,2,3,West Essex Regional School District,1651,41275000,4534000,2621000,1044000,0,0,1851000
3417490,New Jersey,1,3,West Long Branch School District,584,11898000,2082000,979000,1103000,0,0,849000
3417520,New Jersey,3,3,West Milford Township Public School District,3116,75845000,12319000,7700000,3746000,0,0,4979000
3417550,New Jersey,2,3,West Morris Regional High School District,2384,47896000,5171000,3462000,1658000,0,0,2343000
3417580,New Jersey,3,3,West New York Board of Education,7882,144515000,18299000,11378000,6307000,0,0,6677000
3417610,New Jersey,3,3,West Orange Public Schools,6612,166954000,21369000,14446000,6308000,0,0,9765000
3417640,New Jersey,1,3,Woodland Park School District,1126,21548000,3165000,2026000,1139000,0,0,1333000
3417700,New Jersey,3,3,West Windsor-Plainsboro Regional School District,9516,181383000,25799000,16275000,6501000,0,0,10677000
3417730,New Jersey,1,3,Westampton Township Public School District,1024,16518000,3405000,2139000,915000,0,0,1582000
3417760,New Jersey,3,3,Westfield Public School District,6220,112660000,18062000,9964000,7622000,0,0,7838000
3417790,New Jersey,1,3,Westville Boro Public School District,359,5965000,1131000,670000,462000,0,0,534000
3417820,New Jersey,3,3,Westwood Regional School District,2790,58811000,9063000,4263000,4161000,0,0,3745000
3417850,New Jersey,1,3,Weymouth Township School District,154,3644000,356000,147000,210000,0,0,77000
3417880,New Jersey,1,3,Wharton Borough School District,748,15504000,2860000,2008000,852000,0,0,1522000
3417910,New Jersey,1,3,White Township Consolidated School District,274,6922000,1086000,415000,429000,0,0,379000
3417940,New Jersey,3,3,Wildwood City School District,901,22241000,2838000,1752000,1073000,0,0,1354000
3417970,New Jersey,1,3,Wildwood Crest Borough School District,267,8409000,920000,448000,472000,0,0,447000
3418000,New Jersey,3,3,Willingboro Public School District,3414,72542000,10755000,4625000,3756000,0,0,3974000
3418030,New Jersey,1,3,Winfield Township,143,3587000,483000,252000,190000,0,0,210000
3418060,New Jersey,3,3,Winslow Township School District,4766,98589000,17530000,10013000,7220000,0,0,8048000
3418090,New Jersey,1,3,Woodbine School District,221,4819000,551000,379000,172000,0,0,206000
3418120,New Jersey,3,3,Woodbridge Township School District,13765,258676000,37896000,19138000,14358000,0,0,16359000
3418150,New Jersey,3,3,Woodbury City Public School District,1609,30061000,3504000,2230000,1129000,0,0,1528000
3418180,New Jersey,1,3,Woodbury Heights Public School District,248,4224000,729000,408000,321000,0,0,255000
3418210,New Jersey,1,3,Woodcliff Lake School District,705,16555000,2945000,1740000,1206000,0,0,1201000
3418240,New Jersey,1,3,Woodland Township School District,135,3229000,694000,398000,262000,0,0,295000
3418270,New Jersey,1,3,Woodlynne School District,396,7393000,1140000,517000,619000,0,0,236000
3418300,New Jersey,3,3,Wood-Ridge School District,1216,20257000,2995000,1772000,1223000,0,0,1299000
3418330,New Jersey,3,3,Woodstown-Pilesgrove Regional School District,1515,25022000,2932000,2241000,664000,0,0,1643000
3418360,New Jersey,1,3,Wyckoff Township Public School District,1880,41490000,5600000,2870000,2718000,0,0,2126000
3500001,New Mexico,3,3,VAUGHN MUNICIPAL SCHOOLS,58,2058000,173000,81000,91000,0,0,56000
3500010,New Mexico,3,3,RIO RANCHO PUBLIC SCHOOLS,17524,171085000,27661000,17837000,9824000,0,0,13432000
3500030,New Mexico,3,3,ALAMOGORDO PUBLIC SCHOOLS,5901,61632000,6734000,4122000,2611000,0,0,2920000
3500060,New Mexico,3,2,ALBUQUERQUE PUBLIC SCHOOLS,88312,984535000,155308000,117995000,37313000,0,0,89118000
3500090,New Mexico,3,3,ANIMAS PUBLIC SCHOOLS,157,3112000,158000,69000,89000,0,0,64000
3500120,New Mexico,3,3,ARTESIA PUBLIC SCHOOLS,3835,39255000,4225000,2653000,1572000,0,0,2028000
3500150,New Mexico,3,2,AZTEC MUNICIPAL SCHOOLS,2873,29210000,2679000,1801000,879000,0,0,1469000
3500180,New Mexico,3,3,BELEN CONSOLIDATED SCHOOLS,3865,40846000,5334000,3018000,2316000,0,0,2306000
3500210,New Mexico,3,3,BERNALILLO PUBLIC SCHOOLS,2838,40024000,4520000,3021000,1499000,0,0,1864000
3500240,New Mexico,3,3,BLOOMFIELD SCHOOLS,2748,31383000,3589000,2178000,1411000,0,0,1459000
3500270,New Mexico,3,3,CAPITAN MUNICIPAL SCHOOLS,486,6566000,657000,353000,304000,0,0,266000
3500300,New Mexico,3,2,CARLSBAD MUNICIPAL SCHOOLS,8660,82154000,9303000,5598000,3705000,0,0,4094000
3500330,New Mexico,3,3,CARRIZOZO MUNICIPAL SCHOOLS,133,2876000,327000,163000,164000,0,0,108000
3500390,New Mexico,3,2,CENTRAL CONSOLIDATED SCHOOLS,5635,77474000,7487000,4097000,3390000,0,0,2739000
3500420,New Mexico,3,3,CHAMA VALLEY INDEP. SCHOOLS,425,6286000,557000,325000,232000,0,0,202000
3500480,New Mexico,3,2,CIMARRON MUNICIPAL SCHOOLS,431,7023000,614000,349000,266000,0,0,277000
3500510,New Mexico,3,3,CLAYTON MUNICIPAL SCHOOLS,439,6917000,756000,393000,363000,0,0,305000
3500540,New Mexico,3,3,CLOUDCROFT MUNICIPAL SCHOOLS,419,5380000,465000,198000,267000,0,0,147000
3500570,New Mexico,3,3,CLOVIS MUNICIPAL SCHOOLS,8115,81242000,9468000,4873000,4595000,0,0,3841000
3500600,New Mexico,3,3,COBRE CONSOLIDATED SCHOOLS,1226,18584000,1344000,1115000,229000,0,0,821000
3500630,New Mexico,3,3,CORONA MUNICIPAL SCHOOLS,60,2288000,147000,80000,67000,0,0,60000
3500660,New Mexico,3,3,CUBA INDEPENDENT SCHOOLS,563,11805000,1068000,720000,348000,0,0,607000
3500690,New Mexico,3,2,DEMING PUBLIC SCHOOLS,5468,64284000,6872000,4329000,2543000,0,0,2467000
3500720,New Mexico,3,3,DES MOINES MUNICIPAL SCHOOLS,95,2181000,123000,52000,71000,0,0,41000
3500750,New Mexico,3,3,DEXTER CONSOLIDATED SCHOOLS,887,11702000,907000,383000,524000,0,0,189000
3500790,New Mexico,3,3,DORA MUNICIPAL SCHOOLS,243,3629000,201000,173000,29000,0,0,120000
3500810,New Mexico,3,3,DULCE INDEPENDENT SCHOOLS,584,11028000,1083000,669000,414000,0,0,456000
3500840,New Mexico,3,3,ELIDA MUNICIPAL SCHOOLS,163,3030000,134000,86000,47000,0,0,65000
3500900,New Mexico,3,3,ESPANOLA PUBLIC SCHOOLS,3315,43009000,4434000,2087000,2347000,0,0,1475000
3500930,New Mexico,3,3,ESTANCIA MUNICIPAL SCHOOLS,596,9226000,1170000,662000,508000,0,0,491000
3500960,New Mexico,3,3,EUNICE MUNICIPAL SCHOOLS,863,9271000,923000,672000,251000,0,0,386000
3500990,New Mexico,3,2,FARMINGTON MUNICIPAL SCHOOLS,11381,109799000,10727000,7643000,3083000,0,0,5496000
3501020,New Mexico,3,3,FLOYD MUNICIPAL SCHOOLS,220,3244000,196000,159000,37000,0,0,120000
3501050,New Mexico,3,3,FORT SUMNER MUNICIPAL SCHOOLS,279,4865000,356000,198000,159000,0,0,155000
3501080,New Mexico,3,3,GADSDEN INDEPENDENT SCHOOLS,13142,153001000,17327000,12217000,5111000,0,0,8697000
3501110,New Mexico,3,3,GALLUP-MCKINLEY CTY SCHOOLS,11129,155956000,18163000,13342000,4821000,0,0,8694000
3501140,New Mexico,3,3,GRADY MUNICIPAL SCHOOLS,182,2735000,126000,67000,59000,0,0,60000
3501170,New Mexico,3,3,GRANTS-CIBOLA COUNTY SCHOOLS,3408,46028000,3816000,2184000,1632000,0,0,1890000
3501200,New Mexico,3,3,HAGERMAN MUNICIPAL SCHOOLS,425,6938000,865000,379000,486000,0,0,265000
3501230,New Mexico,3,3,HATCH VALLEY PUBLIC SCHOOLS,1254,15134000,946000,618000,328000,0,0,414000
3501260,New Mexico,3,3,HOBBS MUNICIPAL SCHOOLS,10613,99227000,12410000,7504000,4905000,0,0,4614000
3501290,New Mexico,3,3,HONDO VALLEY PUBLIC SCHOOLS,147,3087000,254000,108000,146000,0,0,63000
3501320,New Mexico,3,3,HOUSE MUNICIPAL SCHOOLS,61,2074000,154000,112000,42000,0,0,55000
3501350,New Mexico,3,3,JAL PUBLIC SCHOOLS,547,5706000,380000,218000,162000,0,0,128000
3501380,New Mexico,3,2,JEMEZ MOUNTAIN PUBLIC SCHOOLS,212,4338000,175000,65000,110000,0,0,2000
3501410,New Mexico,3,2,JEMEZ VALLEY PUBLIC SCHOOLS,362,6593000,427000,249000,178000,0,0,194000
3501470,New Mexico,3,3,LAKE ARTHUR MUNICIPAL SCHOOLS,103,2541000,203000,88000,116000,0,0,63000
3501500,New Mexico,3,3,LAS CRUCES PUBLIC SCHOOLS,24517,260526000,33436000,23143000,10293000,0,0,18010000
3501530,New Mexico,3,3,LAS VEGAS CITY PUBLIC SCHOOLS,1462,18367000,1612000,745000,867000,0,0,577000
3501560,New Mexico,3,2,WEST LAS VEGAS PUBLIC SCHOOLS,1512,21659000,1842000,966000,876000,0,0,665000
3501590,New Mexico,3,3,LOGAN MUNICIPAL SCHOOLS,343,4140000,198000,193000,4000,0,0,167000
3501620,New Mexico,3,3,LORDSBURG MUNICIPAL SCHOOLS,487,7427000,608000,300000,307000,0,0,142000
3501650,New Mexico,3,3,LOS ALAMOS PUBLIC SCHOOLS,3752,43188000,6333000,4550000,1783000,0,0,2929000
3501680,New Mexico,3,3,LOS LUNAS PUBLIC SCHOOLS,8540,83772000,9182000,5123000,4059000,0,0,3757000
3501710,New Mexico,3,3,LOVING MUNICIPAL SCHOOLS,638,7155000,557000,332000,225000,0,0,254000
3501740,New Mexico,3,3,LOVINGTON MUNICIPAL SCHOOLS,3810,38530000,6628000,3380000,3248000,0,0,2454000
3501770,New Mexico,3,3,MAGDALENA MUNICIPAL SCHOOLS,329,6748000,609000,309000,300000,0,0,227000
3501800,New Mexico,3,3,MAXWELL MUNICIPAL SCHOOLS,138,2574000,137000,80000,57000,0,0,44000
3501830,New Mexico,3,3,MELROSE PUBLIC SCHOOLS,292,3736000,161000,104000,58000,0,0,73000
3501860,New Mexico,3,3,MORA INDEPENDENT SCHOOLS,410,7773000,423000,299000,125000,0,0,173000
3501890,New Mexico,3,3,MORIARTY-EDGEWOOD SCHOOL DISTRICT,2345,25569000,2979000,1635000,1343000,0,0,1192000
3501920,New Mexico,3,3,MOSQUERO MUNICIPAL SCHOOLS,82,1887000,102000,69000,33000,0,0,50000
3501950,New Mexico,3,3,MOUNTAINAIR PUBLIC SCHOOLS,224,4577000,527000,202000,326000,0,0,129000
3501980,New Mexico,3,3,MESA VISTA CONSOLIDATED SCHOOLS,253,4513000,320000,119000,200000,0,0,42000
3502010,New Mexico,3,3,PECOS INDEPENDENT SCHOOLS,583,7847000,719000,385000,334000,0,0,224000
3502040,New Mexico,3,3,PENASCO INDEPENDENT SCHOOLS,353,5637000,459000,277000,182000,0,0,163000
3502070,New Mexico,3,3,POJOAQUE VALLEY PUBLIC SCHOOLS,1897,20052000,1516000,850000,666000,0,0,556000
3502100,New Mexico,3,3,PORTALES MUNICIPAL SCHOOLS,2750,31782000,3573000,2004000,1569000,0,0,1508000
3502130,New Mexico,3,3,QUEMADO INDEPENDENT SCHOOLS,157,3614000,269000,140000,130000,0,0,84000
3502160,New Mexico,3,3,QUESTA INDEPENDENT SCHOOLS,276,5668000,936000,397000,539000,0,0,215000
3502190,New Mexico,3,3,RATON PUBLIC SCHOOLS,938,9539000,1283000,741000,543000,0,0,426000
3502220,New Mexico,3,3,RESERVE PUBLIC SCHOOLS,122,2893000,316000,158000,158000,0,0,100000
3502250,New Mexico,3,2,ROSWELL INDEPENDENT SCHOOLS,10693,111597000,11978000,5983000,5995000,0,0,4421000
3502280,New Mexico,3,3,ROY MUNICIPAL SCHOOLS,60,1744000,125000,55000,69000,0,0,47000
3502310,New Mexico,3,3,RUIDOSO MUNICIPAL SCHOOLS,2051,21766000,2237000,1386000,851000,0,0,1039000
3502340,New Mexico,3,3,SAN JON MUNICIPAL SCHOOLS,130,2523000,122000,68000,54000,0,0,41000
3502370,New Mexico,3,2,SANTA FE PUBLIC SCHOOLS,12979,147733000,19477000,10845000,8632000,0,0,7866000
3502400,New Mexico,3,3,SANTA ROSA CONSOLIDATED SCHOOLS,634,9335000,703000,463000,240000,0,0,348000
3502430,New Mexico,3,3,SILVER CONSOLIDATED SCHOOLS,2521,28894000,3716000,2215000,1501000,0,0,1573000
3502460,New Mexico,3,2,SOCORRO CONSOLIDATED SCHOOLS,1613,21112000,2333000,1127000,1205000,0,0,792000
3502490,New Mexico,3,3,SPRINGER MUNICIPAL SCHOOLS,134,2724000,374000,129000,245000,0,0,104000
3502520,New Mexico,3,2,TAOS MUNICIPAL SCHOOLS,2635,32554000,3474000,1976000,1499000,0,0,1346000
3502550,New Mexico,3,3,TATUM MUNICIPAL SCHOOLS,355,4861000,370000,267000,103000,0,0,172000
3502580,New Mexico,3,3,TEXICO MUNICIPAL SCHOOLS,580,6899000,443000,362000,82000,0,0,262000
3502610,New Mexico,3,3,T OR C MUNICIPAL SCHOOLS,1285,15964000,1999000,1357000,642000,0,0,957000
3502640,New Mexico,3,3,TUCUMCARI PUBLIC SCHOOLS,949,11446000,1051000,624000,428000,0,0,384000
3502670,New Mexico,3,3,TULAROSA MUNICIPAL SCHOOLS,859,11703000,1490000,774000,715000,0,0,566000
3502730,New Mexico,3,3,WAGON MOUND PUBLIC SCHOOLS,68,2479000,79000,55000,24000,0,0,53000
3502800,New Mexico,3,3,ZUNI PUBLIC SCHOOLS,1234,20808000,1666000,1219000,446000,0,0,842000
3700011,North Carolina,3,3,Cumberland County Schools,50750,491114000,52984000,46226000,2379000,0,0,21051000
3700012,North Carolina,3,3,Pitt County Schools,23975,234024000,26934000,24014000,583000,0,0,9205000
3700030,North Carolina,3,3,Alamance-Burlington Schools,23148,216058000,26612000,21959000,688000,0,0,7985000
3700090,North Carolina,3,3,Alexander County Schools,4826,49140000,4860000,3766000,441000,0,0,1473000
3700120,North Carolina,3,3,Alleghany County Schools,1452,17239000,1572000,1285000,154000,0,0,548000
3700180,North Carolina,3,3,Anson County Schools,3147,34646000,3643000,2861000,318000,0,0,963000
3700210,North Carolina,3,3,Ashe County Schools,3005,33871000,2979000,2417000,276000,0,0,1067000
3700240,North Carolina,3,3,Asheboro City Schools,4558,47478000,4859000,4015000,209000,0,0,1652000
3700270,North Carolina,3,3,Asheville City Schools,4443,60174000,5698000,5009000,334000,0,0,1803000
3700300,North Carolina,3,3,Avery County Schools,1958,24488000,2639000,2144000,197000,0,0,863000
3700321,North Carolina,2,3,Northeast Regional School - Biotech/Agri,194,1783000,48000,48000,0,0,0,33000
3700330,North Carolina,3,3,Beaufort County Schools,6467,67739000,6062000,5110000,427000,0,0,2267000
3700360,North Carolina,3,3,Bertie County Schools,2080,26570000,1809000,1456000,179000,0,0,569000
3700390,North Carolina,3,3,Bladen County Schools,4249,48130000,4306000,3797000,261000,0,0,1411000
3700419,North Carolina,1,3,East Carolina Community School,117,1539000,197000,46000,97000,0,0,32000
3700420,North Carolina,3,3,Brunswick County Schools,12610,133160000,15107000,13609000,419000,0,0,4980000
3700421,North Carolina,1,3,Catamount School,59,637000,47000,47000,0,0,0,33000
3700427,North Carolina,1,3,Appalachian State U Academy Middle Fork,280,3824000,267000,165000,7000,0,0,70000
3700429,North Carolina,1,3,D.C. Virgo Preparatory Academy,216,2636000,140000,125000,0,0,0,89000
3700431,North Carolina,1,3,Moss Street Partnership School,383,3923000,263000,263000,0,0,0,173000
3700442,North Carolina,1,3,Innovative School District,216,2272000,133000,103000,0,0,0,62000
3700450,North Carolina,3,3,Buncombe County Schools,23669,252387000,31303000,27351000,720000,0,0,10551000
3700480,North Carolina,3,3,Burke County Schools,12334,116009000,14101000,12169000,632000,0,0,4847000
3700530,North Carolina,3,3,Cabarrus County Schools,33658,306134000,33283000,28146000,709000,0,0,9796000
3700580,North Carolina,3,3,Caldwell County Schools,11444,111788000,11601000,9706000,428000,0,0,3887000
3700600,North Carolina,3,3,Camden County Schools,1875,19381000,2176000,1812000,114000,0,0,882000
3700630,North Carolina,3,3,Carteret County Public Schools,8190,89043000,9892000,8381000,384000,0,0,3566000
3700660,North Carolina,3,3,Caswell County Schools,2398,26970000,2853000,2449000,143000,0,0,1065000
3700690,North Carolina,3,3,Catawba County Schools,15942,146417000,14427000,12472000,257000,0,0,4283000
3700720,North Carolina,3,3,Chapel Hill-Carrboro City Schools,12426,162508000,18975000,16289000,798000,0,0,5484000
3700750,North Carolina,3,3,Chatham County Schools,9196,98478000,8644000,7513000,225000,0,0,2995000
3700780,North Carolina,3,3,Cherokee County Schools,3206,38695000,3403000,2953000,135000,0,0,1372000
3700840,North Carolina,3,3,Edenton-Chowan Schools,1941,24624000,1972000,1790000,121000,0,0,761000
3700870,North Carolina,3,3,Clay County Schools,1344,15274000,1692000,1437000,105000,0,0,617000
3700900,North Carolina,3,3,Cleveland County Schools,14584,148471000,15413000,12640000,1183000,0,0,4811000
3700930,North Carolina,3,3,Clinton City Schools,3063,29860000,2383000,2023000,181000,0,0,799000
3700960,North Carolina,3,3,Columbus County Schools,5612,57147000,4850000,4378000,219000,0,0,1892000
3701080,North Carolina,3,3,Currituck County Schools,4226,43033000,4433000,3913000,131000,0,0,1442000
3701110,North Carolina,3,3,Dare County Schools,5388,61787000,7127000,6113000,218000,0,0,2352000
3701140,North Carolina,3,3,Davidson County Schools,18723,160516000,16525000,13701000,556000,0,0,6208000
3701170,North Carolina,3,3,Davie County Schools,6202,58724000,6874000,5722000,312000,0,0,2515000
3701200,North Carolina,3,3,Duplin County Schools,9969,89155000,6716000,6024000,225000,0,0,2253000
3701260,North Carolina,3,3,Durham Public Schools,33435,392583000,53235000,45979000,1615000,0,0,14026000
3701320,North Carolina,3,3,Edgecombe County Public Schools,5773,64278000,6106000,4981000,334000,0,0,1887000
3701380,North Carolina,3,3,Elkin City Schools,1219,12580000,1551000,1250000,145000,0,0,526000
3701500,North Carolina,3,3,Winston Salem / Forsyth County Schools,54566,536701000,70284000,60816000,2157000,0,0,24092000
3701530,North Carolina,3,3,Franklin County Schools,8125,81057000,7056000,5847000,552000,0,0,2386000
3701620,North Carolina,3,3,Gaston County Schools,31193,287741000,29087000,24304000,857000,0,0,9184000
3701680,North Carolina,3,3,Gates County Schools,1637,19580000,1997000,1601000,136000,0,0,706000
3701770,North Carolina,3,3,Graham County Schools,1187,15287000,1253000,1036000,82000,0,0,346000
3701800,North Carolina,3,3,Granville County Schools,7369,72495000,7092000,5898000,406000,0,0,2770000
3701830,North Carolina,3,3,Greene County Schools,2874,34334000,2784000,1870000,659000,0,0,912000
3701920,North Carolina,3,3,Guilford County Schools,72682,747424000,86721000,70422000,5648000,0,0,29122000
3701950,North Carolina,3,3,Halifax County Schools,2333,32591000,3368000,3243000,124000,0,0,1112000
3702010,North Carolina,3,3,Harnett County Schools,20416,182396000,16164000,12999000,1024000,0,0,5548000
3702040,North Carolina,3,3,Haywood County Schools,7208,73746000,8603000,7350000,190000,0,0,3155000
3702100,North Carolina,3,3,Henderson County Schools,13396,126789000,15647000,13928000,624000,0,0,5515000
3702160,North Carolina,3,3,Hertford County Schools,2758,31763000,2959000,2683000,72000,0,0,1252000
3702190,North Carolina,3,3,Hickory City Schools,4218,39122000,3993000,3235000,326000,0,0,1431000
3702250,North Carolina,3,3,Hoke County Schools,9051,85942000,8722000,7243000,583000,0,0,3271000
3702280,North Carolina,3,3,Hyde County Schools,561,11705000,715000,544000,170000,0,0,293000
3702310,North Carolina,3,3,Iredell-Statesville Schools,20606,182879000,14659000,11583000,950000,0,0,4257000
3702340,North Carolina,3,3,Jackson County Public Schools,3636,40365000,3982000,3316000,178000,0,0,1200000
3702370,North Carolina,3,3,Johnston County Public Schools,37295,341483000,43859000,39079000,626000,0,0,16728000
3702400,North Carolina,3,3,Jones County Schools,1101,15050000,1435000,1243000,159000,0,0,553000
3702430,North Carolina,3,3,Kannapolis City Schools,5459,59677000,6022000,5258000,286000,0,0,1973000
3702560,North Carolina,3,3,Lee County Schools,10119,94748000,9683000,7938000,682000,0,0,2868000
3702610,North Carolina,3,3,Lenoir County Public Schools,8612,83414000,9503000,7682000,1134000,0,0,2987000
3702640,North Carolina,3,3,Lexington City Schools,3131,32108000,3318000,2598000,365000,0,0,979000
3702680,North Carolina,3,3,Lincoln County Schools,11571,99875000,10995000,9399000,568000,0,0,4035000
3702760,North Carolina,3,3,Macon County Schools,4529,46916000,5203000,4397000,118000,0,0,1614000
3702820,North Carolina,3,3,Madison County Schools,2244,25526000,2691000,2284000,167000,0,0,893000
3702880,North Carolina,3,3,Martin County Schools,2906,35039000,4474000,3864000,127000,0,0,1340000
3702940,North Carolina,3,3,McDowell County Schools,5905,64335000,6212000,5531000,203000,0,0,2464000
3702970,North Carolina,3,3,Charlotte-Mecklenburg Schools,149845,1470263000,131951000,111244000,4440000,0,0,39942000
3703000,North Carolina,3,3,Mitchell County Schools,1837,20879000,2309000,1958000,152000,0,0,917000
3703060,North Carolina,3,3,Montgomery County Schools,3851,42958000,3744000,3146000,274000,0,0,1304000
3703090,North Carolina,3,3,Moore County Schools,12897,124820000,15849000,14029000,305000,0,0,4923000
3703120,North Carolina,3,3,Mooresville Graded School District,6080,59133000,6007000,5536000,0,0,0,2521000
3703210,North Carolina,3,3,Mount Airy City Schools,1640,17933000,2125000,1647000,337000,0,0,573000
3703270,North Carolina,3,3,Nash-Rocky Mount Schools,15237,146187000,14469000,12727000,815000,0,0,4911000
3703310,North Carolina,3,3,Craven County Schools,13410,128889000,13040000,11077000,677000,0,0,4448000
3703330,North Carolina,3,3,New Hanover County Schools,25938,275802000,32465000,28915000,686000,0,0,10402000
3703360,North Carolina,3,3,Newton Conover City Schools,3001,29456000,4167000,3657000,116000,0,0,1286000
3703420,North Carolina,3,3,Northampton County Schools,1485,23605000,2206000,1849000,230000,0,0,570000
3703450,North Carolina,3,3,Onslow County Schools,26946,252607000,29670000,26279000,205000,0,0,10331000
3703480,North Carolina,3,3,Orange County Schools,7456,86998000,9283000,8014000,419000,0,0,2749000
3703510,North Carolina,3,3,Pamlico County Schools,1285,17707000,1916000,1636000,153000,0,0,758000
3703540,North Carolina,3,3,Elizabeth City-Pasquotank Public Schools,5372,57383000,5849000,4467000,431000,0,0,1868000
3703570,North Carolina,3,3,Pender County Schools,9810,93765000,9801000,8846000,382000,0,0,3278000
3703600,North Carolina,3,3,Perquimans County Schools,1663,18773000,1801000,1430000,122000,0,0,760000
3703630,North Carolina,3,3,Person County Schools,4362,46618000,5075000,4216000,312000,0,0,1790000
3703720,North Carolina,3,3,Polk County Schools,2201,25958000,2744000,2247000,218000,0,0,1074000
3703780,North Carolina,3,3,Randolph County School System,15971,145853000,15903000,12513000,1409000,0,0,6005000
3703870,North Carolina,3,3,Richmond County Schools,7180,72368000,7343000,6186000,97000,0,0,2209000
3703900,North Carolina,3,3,Roanoke Rapids City Schools,2888,27645000,2903000,2505000,151000,0,0,1111000
3703930,North Carolina,3,3,Public Schools of Robeson County,21783,206168000,24689000,20866000,1888000,0,0,7638000
3703990,North Carolina,3,3,Rockingham County Schools,11669,112154000,13912000,11247000,721000,0,0,4443000
3704050,North Carolina,3,3,Rowan-Salisbury Schools,18972,191215000,18045000,14634000,1459000,0,0,5898000
3704080,North Carolina,3,3,Rutherford County Schools,7825,86074000,10165000,8410000,614000,0,0,3349000
3704140,North Carolina,3,3,Sampson County Schools,8179,78043000,6451000,5684000,252000,0,0,2356000
3704200,North Carolina,3,3,Scotland County Schools,5743,67509000,7374000,5547000,1009000,0,0,2516000
3704320,North Carolina,3,3,Stanly County Schools,8352,81095000,9677000,8261000,551000,0,0,3805000
3704380,North Carolina,3,3,Stokes County Schools,5890,61107000,7196000,5600000,530000,0,0,2707000
3704410,North Carolina,3,3,Surry County Schools,7589,78045000,7618000,6327000,223000,0,0,2983000
3704440,North Carolina,3,3,Swain County Schools,1925,23180000,2618000,2135000,309000,0,0,656000
3704500,North Carolina,3,3,Thomasville City Schools,2323,28470000,2662000,1922000,504000,0,0,802000
3704530,North Carolina,3,3,Transylvania County Schools,3399,39442000,4214000,3576000,150000,0,0,1838000
3704590,North Carolina,3,3,Tyrrell County Schools,604,9436000,951000,761000,111000,0,0,295000
3704620,North Carolina,3,3,Union County Public Schools,41707,388228000,34770000,30325000,539000,0,0,11953000
3704650,North Carolina,3,3,Vance County Schools,5555,60959000,5271000,4476000,291000,0,0,1692000
3704720,North Carolina,3,3,Wake County Schools,163404,1570345000,215080000,189930000,6706000,0,0,67734000
3704740,North Carolina,3,3,Warren County Schools,1872,24143000,2470000,2049000,253000,0,0,719000
3704800,North Carolina,3,3,Washington County Schools,1235,17134000,1269000,1110000,117000,0,0,470000
3704830,North Carolina,3,3,Watauga County Schools,4756,50667000,6292000,5010000,425000,0,0,2173000
3704880,North Carolina,3,3,Wayne County Public Schools,18240,175565000,18261000,16481000,383000,0,0,6598000
3704890,North Carolina,3,3,Weldon City Schools,798,11928000,1227000,999000,147000,0,0,389000
3704920,North Carolina,3,3,Whiteville City Schools,2257,23538000,2744000,2239000,365000,0,0,957000
3704950,North Carolina,3,3,Wilkes County Schools,9355,91760000,9582000,8079000,321000,0,0,3105000
3705020,North Carolina,3,3,Wilson County Schools,11012,104998000,8466000,7100000,526000,0,0,2645000
3705040,North Carolina,3,3,Yadkin County Schools,5259,52849000,6487000,5260000,603000,0,0,1789000
3705070,North Carolina,3,3,Yancey County Schools,2124,23728000,2214000,1964000,94000,0,0,954000
3800014,North Dakota,3,3,BISMARCK 1,13656,168655000,31061000,27054000,2997000,120000,177000,19034000
3800016,North Dakota,3,3,STRASBURG 15,136,2133000,127000,85000,0,42000,0,48000
3800017,North Dakota,3,3,LINTON 36,264,3975000,376000,223000,153000,0,0,162000
3800018,North Dakota,3,3,CAVALIER 6,448,4964000,113000,93000,0,16000,0,66000
3800021,North Dakota,3,3,JAMESTOWN 1,2199,28332000,4965000,3784000,533000,2000,70000,2813000
3800023,North Dakota,3,3,SCRANTON 33,133,2474000,149000,149000,0,0,0,100000
3800024,North Dakota,3,3,POWERS LAKE 27,210,3510000,433000,433000,0,0,0,155000
3800025,North Dakota,3,3,KINDRED 2,806,8164000,9000,9000,0,0,0,0
3800027,North Dakota,3,3,NEW ENGLAND 9,309,3580000,304000,293000,0,0,0,219000
3800029,North Dakota,2,3,DRAKE 57,70,1572000,97000,26000,72000,0,0,22000
3800031,North Dakota,3,3,HAZEN 3,578,6508000,6000,0,0,0,6000,0
3800036,North Dakota,3,3,RICHLAND 44,273,3609000,290000,241000,49000,0,0,185000
3800038,North Dakota,3,3,DICKINSON 1,4072,51202000,9034000,7412000,436000,29000,109000,4688000
3800039,North Dakota,3,3,TIOGA 15,491,8107000,570000,570000,0,0,0,428000
3800040,North Dakota,3,3,DAKOTA PRAIRIE 1,296,5133000,283000,283000,0,0,0,219000
3800042,North Dakota,3,3,MIDKOTA 7,186,3229000,147000,3000,144000,0,0,0
3800043,North Dakota,3,3,GACKLE-STREETER 56,105,2026000,163000,163000,0,0,0,78000
3800045,North Dakota,3,3,ELGIN-NEW LEIPZIG 49,168,2793000,1000,1000,0,0,0,0
3800047,North Dakota,3,3,TGU 60,339,5764000,484000,476000,0,0,8000,320000
3800048,North Dakota,3,3,RICHARDTON-TAYLOR 34,348,4835000,644000,644000,0,0,0,428000
3800050,North Dakota,3,3,MOHALL-LANSFORD-SHERWOOD 1,345,4705000,456000,456000,0,0,0,209000
3800054,North Dakota,3,3,NORTH BORDER 100,345,6052000,772000,772000,0,0,0,607000
3800057,North Dakota,3,3,LITCHVILLE-MARION 46,134,2706000,123000,0,123000,0,0,0
3800058,North Dakota,3,3,LEWIS AND CLARK 161,420,5980000,297000,297000,0,0,0,183000
3800061,North Dakota,3,3,ENDERLIN AREA 24,301,4471000,423000,423000,0,0,0,288000
3800389,North Dakota,3,3,KIDDER COUNTY 1,389,5512000,571000,571000,0,0,0,303000
3800390,North Dakota,3,3,NORTH STAR 10,306,3768000,188000,186000,2000,0,0,170000
3800392,North Dakota,3,3,NEW SALEM-ALMONT 49,336,5338000,246000,246000,0,0,0,124000
3800397,North Dakota,3,3,VALLEY-EDINBURG 118,195,3322000,380000,380000,0,0,0,299000
3800401,North Dakota,3,3,PARK RIVER AREA 8,448,4763000,231000,195000,37000,0,0,140000
3800825,North Dakota,3,3,NEWBURG-UNITED 54,94,2075000,139000,139000,0,0,0,66000
3801760,North Dakota,3,3,ALEXANDER 2,281,4041000,65000,0,65000,0,0,0
3801950,North Dakota,1,3,ANAMOOSE 14,81,1604000,66000,21000,15000,30000,0,0
3802170,North Dakota,3,3,ASHLEY 9,140,2259000,144000,144000,0,0,0,105000
3802380,North Dakota,3,3,BEACH 3,269,4964000,567000,567000,0,0,0,337000
3802530,North Dakota,3,3,BELCOURT 7,1648,28664000,3910000,2968000,230000,312000,316000,1910000
3802840,North Dakota,1,3,BILLINGS CO 1,96,2524000,153000,147000,6000,0,0,77000
3803060,North Dakota,3,3,BOTTINEAU 1,647,8743000,726000,722000,0,0,4000,466000
3803090,North Dakota,3,3,BOWBELLS 14,77,1688000,136000,136000,0,0,0,122000
3803200,North Dakota,3,3,BOWMAN CO 1,530,7279000,893000,893000,0,0,0,561000
3803590,North Dakota,3,3,BURKE CENTRAL 36,95,2081000,187000,187000,0,0,0,141000
3804090,North Dakota,3,3,CENTRAL CASS 17,958,10446000,416000,0,0,416000,0,0
3804140,North Dakota,3,3,CENTRAL VALLEY 3,203,2861000,91000,0,91000,0,0,0
3804560,North Dakota,3,3,GRIGGS COUNTY CENTRAL 18,257,3626000,22000,0,0,0,0,0
3805040,North Dakota,3,3,DEVILS LAKE 1,1652,23409000,1998000,1662000,336000,0,0,1078000
3805160,North Dakota,3,3,DIVIDE COUNTY 1,384,6390000,731000,709000,22000,0,0,471000
3805340,North Dakota,3,3,DRAYTON 19,188,3149000,421000,301000,120000,0,0,224000
3805460,North Dakota,3,3,DUNSEITH 1,530,9180000,833000,619000,213000,0,0,402000
3805850,North Dakota,3,3,EDGELEY 3,252,3518000,83000,0,0,83000,0,0
3806010,North Dakota,3,3,EIGHT MILE 6,306,4288000,132000,132000,0,0,0,27000
3806090,North Dakota,3,3,ELLENDALE 40,341,4150000,99000,99000,0,0,0,75000
3806210,North Dakota,3,3,BELFIELD 13,284,3845000,395000,383000,0,0,0,264000
3806690,North Dakota,3,3,FAIRMOUNT 18,95,1894000,128000,128000,0,0,0,90000
3806780,North Dakota,3,3,FARGO 1,11518,169153000,30092000,23867000,2081000,917000,2773000,17337000
3806930,North Dakota,3,3,FLASHER 39,246,3494000,45000,0,0,0,0,0
3807170,North Dakota,3,3,FT TOTTEN 30,195,3755000,467000,467000,0,0,0,298000
3807200,North Dakota,1,3,FT YATES 4,149,4511000,405000,208000,164000,7000,0,38000
3807590,North Dakota,3,3,GARRISON 51,401,5670000,269000,269000,0,0,0,215000
3807830,North Dakota,3,3,GLEN ULLIN 48,151,2707000,119000,119000,0,0,0,79000
3807850,North Dakota,3,3,GLENBURN 26,252,4154000,258000,258000,0,0,0,184000
3808060,North Dakota,3,3,GRAFTON 3,895,10288000,679000,653000,0,0,27000,540000
3808130,North Dakota,3,3,GRAND FORKS 1,7638,105645000,21123000,17897000,1442000,95000,821000,13927000
3808710,North Dakota,3,3,HANKINSON 8,264,3834000,282000,282000,0,0,0,188000
3808890,North Dakota,3,3,HARVEY 38,381,5367000,519000,519000,0,0,0,341000
3809000,North Dakota,3,3,HATTON EIELSON 7,190,2864000,75000,75000,0,0,0,66000
3809130,North Dakota,3,3,HAZELTON-MOFFIT-BRADDOCK 6,137,2213000,125000,125000,0,0,0,93000
3809180,North Dakota,3,3,HEBRON 13,163,2674000,129000,129000,0,0,0,73000
3809410,North Dakota,3,3,HETTINGER 13,293,4244000,448000,448000,0,0,0,292000
3810180,North Dakota,3,3,KENMARE 28,293,4811000,182000,182000,0,0,0,145000
3810270,North Dakota,3,3,KILLDEER 16,648,8720000,628000,628000,0,0,0,424000
3810600,North Dakota,3,3,LAKOTA 66,171,2673000,41000,41000,0,0,0,35000
3810740,North Dakota,3,3,LAMOURE 8,285,4271000,38000,0,38000,0,0,0
3810810,North Dakota,3,3,LANGDON AREA 23,418,5824000,544000,544000,0,0,0,395000
3810860,North Dakota,3,3,LARIMORE 44,400,4912000,335000,84000,0,246000,4000,64000
3811140,North Dakota,3,3,LIDGERWOOD 28,178,2837000,275000,0,0,275000,0,0
3811430,North Dakota,3,3,LISBON 19,604,7061000,578000,578000,0,0,0,422000
3811700,North Dakota,3,3,MADDOCK 9,128,2450000,95000,58000,0,0,37000,37000
3811820,North Dakota,3,3,MANDAN 1,4030,50211000,7633000,6669000,454000,0,387000,5014000
3811850,North Dakota,3,3,MANDAREE 36,220,6030000,548000,42000,506000,0,0,35000
3812000,North Dakota,1,3,MANVEL 125,188,2091000,83000,38000,0,0,0,33000
3812030,North Dakota,1,3,MAPLETON 7,168,1868000,94000,94000,0,0,0,66000
3812350,North Dakota,3,3,MAX 50,198,2754000,313000,251000,62000,0,0,132000
3812430,North Dakota,3,3,MCCLUSKY 19,90,1722000,145000,145000,0,0,0,82000
3812540,North Dakota,3,3,MCKENZIE CO 1,1911,23879000,2251000,1993000,128000,0,0,1472000
3812660,North Dakota,3,3,MEDINA 3,173,2589000,218000,218000,0,0,0,137000
3812920,North Dakota,3,3,MIDWAY 128,184,3131000,144000,144000,0,0,0,125000
3812930,North Dakota,3,3,MILNOR 2,223,3560000,211000,211000,0,0,0,80000
3813030,North Dakota,3,3,MINOT 1,7714,105259000,20736000,17733000,1523000,0,734000,13302000
3813050,North Dakota,3,3,MINTO 20,303,3511000,161000,0,0,161000,0,0
3813200,North Dakota,3,3,WILTON 1,246,3276000,271000,158000,112000,0,0,120000
3813230,North Dakota,3,3,MONTPELIER 14,113,1695000,2000,2000,0,0,0,1000
3813400,North Dakota,3,3,MT PLEASANT 4,276,4287000,404000,404000,0,0,0,286000
3813440,North Dakota,3,3,MUNICH 19,91,2263000,98000,98000,0,0,0,38000
3813510,North Dakota,3,3,NAPOLEON 2,226,3330000,345000,345000,0,0,0,252000
3813660,North Dakota,3,3,NEDROSE 4,581,6444000,467000,467000,0,0,0,347000
3813710,North Dakota,3,3,NESSON 2,374,5291000,269000,269000,0,0,0,77000
3813920,North Dakota,3,3,NEW TOWN 1,1017,16198000,1787000,1321000,466000,0,0,967000
3814290,North Dakota,3,3,NORTH SARGENT 3,213,3317000,276000,276000,0,0,0,182000
3814340,North Dakota,3,3,NORTHWOOD 129,318,4040000,128000,128000,0,0,0,93000
3814500,North Dakota,3,3,OAKES 41,507,5498000,20000,20000,0,0,0,18000
3814940,North Dakota,3,3,PARSHALL 3,275,5675000,532000,531000,0,1000,0,244000
3816050,North Dakota,3,3,ROLETTE 29,151,2873000,20000,20000,0,0,0,8000
3816130,North Dakota,3,3,RUGBY 5,621,8373000,847000,567000,281000,0,0,362000
3816510,North Dakota,3,3,SELFRIDGE 8,65,2198000,104000,104000,0,0,0,50000
3816980,North Dakota,3,3,SOLEN 3,211,4046000,234000,234000,0,0,0,114000
3817040,North Dakota,3,3,VELVA 1,474,5835000,420000,420000,0,0,0,214000
3817130,North Dakota,3,3,SOUTH HEART 9,392,5145000,483000,483000,0,0,0,336000
3817170,North Dakota,3,3,SOUTH PRAIRIE 70,484,5809000,546000,546000,0,0,0,400000
3817460,North Dakota,3,3,ST JOHN 3,387,6920000,375000,375000,0,0,0,199000
3817520,North Dakota,3,3,ST THOMAS 43,50,1340000,77000,77000,0,0,0,67000
3817570,North Dakota,3,3,STANLEY 2,721,9488000,1226000,1226000,0,0,0,868000
3817910,North Dakota,3,3,SURREY 41,413,5157000,158000,121000,0,0,0,89000
3818280,North Dakota,3,3,THOMPSON 61,571,4988000,215000,0,215000,0,0,0
3818500,North Dakota,3,3,TURTLE LAKE-MERCER 72,184,3128000,199000,199000,0,0,0,109000
3818660,North Dakota,3,3,UNDERWOOD 8,222,3273000,280000,280000,0,0,0,192000
3818730,North Dakota,3,3,UNITED 7,685,8235000,616000,616000,0,0,0,438000
3818850,North Dakota,3,3,VALLEY CITY 2,1098,12796000,5000,0,0,0,5000,0
3819020,North Dakota,3,3,WAHPETON 37,1244,15113000,2100000,1749000,166000,13000,33000,1162000
3819260,North Dakota,3,3,WARWICK 29,250,5457000,112000,112000,0,0,0,70000
3819290,North Dakota,3,3,WASHBURN 4,326,4236000,381000,381000,0,0,0,215000
3819410,North Dakota,3,3,WEST FARGO 6,11422,142455000,27922000,22153000,3151000,599000,1162000,14175000
3819470,North Dakota,3,3,WESTHOPE 17,145,2585000,120000,120000,0,0,0,87000
3819680,North Dakota,3,3,WHITE SHIELD 85,145,1870000,8000,8000,0,0,0,8000
3819880,North Dakota,3,3,WILLISTON 1,4403,54277000,753000,733000,0,0,20000,509000
3820190,North Dakota,3,3,WISHEK 19,221,3225000,316000,316000,0,0,0,190000
3820310,North Dakota,3,3,WYNDMERE 42,258,3458000,237000,0,0,237000,0,0
3900094,Ohio,3,3,Monroe Local,2874,26103000,492000,482000,0,0,0,1839000
3900537,Ohio,3,3,Manchester Local,812,10306000,209000,209000,0,0,0,1056000
3901374,Ohio,3,3,Dayton Regional STEM School,728,5325000,128000,128000,0,0,0,0
3901490,Ohio,3,3,Metro Early College High School,988,8662000,170000,170000,0,0,0,0
3901512,Ohio,3,3,Bio-Med Science Academy STEM School,821,6086000,161000,161000,0,0,0,0
3901535,Ohio,2,3,Global Impact STEM Academy,665,5032000,157000,157000,0,0,0,0
3901565,Ohio,2,3,Valley STEM+ME2 Academy,203,1748000,44000,44000,0,0,0,0
3901577,Ohio,2,3,Tri-State STEM+M Early College High School,72,802000,24000,24000,0,0,0,0
3904348,Ohio,3,3,Akron City,20675,333728000,4612000,2666000,796000,645000,0,29675000
3904349,Ohio,3,3,Alliance City,3084,38712000,713000,588000,0,1000,0,2747000
3904350,Ohio,3,3,Ashland City,3191,31753000,544000,394000,1000,3000,0,2196000
3904351,Ohio,3,3,Ashtabula Area City,3365,46431000,1124000,919000,100000,31000,0,4042000
3904352,Ohio,3,3,Athens City,2526,33571000,551000,510000,31000,10000,0,3282000
3904353,Ohio,3,3,Barberton City,3871,51192000,890000,520000,97000,273000,0,4633000
3904354,Ohio,3,3,Bay Village City,2506,35925000,455000,394000,60000,0,0,2419000
3904355,Ohio,3,3,Beachwood City,1682,34504000,539000,254000,205000,0,0,2498000
3904357,Ohio,3,3,Bellaire Local,1162,14885000,336000,333000,3000,0,0,1219000
3904358,Ohio,3,3,Bellefontaine City,2346,25698000,557000,554000,0,3000,0,2251000
3904359,Ohio,3,3,Bellevue City,1931,22527000,420000,374000,46000,0,0,2035000
3904360,Ohio,3,3,Berea City,5916,81698000,1248000,550000,364000,9000,0,7608000
3904361,Ohio,3,3,Belpre City,982,10708000,252000,252000,0,0,0,884000
3904362,Ohio,3,3,Bexley City,2482,39598000,630000,298000,263000,16000,0,2655000
3904363,Ohio,3,3,Bowling Green City School District,2908,32463000,667000,667000,0,0,0,2100000
3904364,Ohio,3,3,Brecksville-Broadview Heights City,3781,52176000,470000,62000,351000,0,0,3642000
3904365,Ohio,3,3,Brooklyn City,1290,16033000,339000,339000,0,0,0,1552000
3904366,Ohio,3,3,Brunswick City,6844,76195000,1699000,1043000,553000,0,0,5070000
3904367,Ohio,3,3,Bryan City,1960,23941000,557000,470000,87000,0,0,2218000
3904368,Ohio,3,3,Bucyrus City,1230,16205000,360000,358000,2000,0,0,1241000
3904369,Ohio,3,3,Cambridge City,1921,21729000,539000,214000,113000,3000,0,1644000
3904370,Ohio,3,3,Campbell City,1038,17184000,265000,155000,1000,0,0,1781000
3904371,Ohio,3,3,Canton City,8039,130970000,2199000,955000,337000,214000,0,12128000
3904373,Ohio,3,3,Centerville City,8405,114379000,1786000,1511000,275000,0,0,9417000
3904374,Ohio,3,3,Chillicothe City,2775,33184000,668000,597000,71000,0,0,2336000
3904375,Ohio,3,3,Cincinnati Public Schools,36031,539241000,9338000,5483000,1210000,300000,0,43565000
3904376,Ohio,3,3,Circleville City,2272,25650000,541000,541000,0,0,0,2352000
3904377,Ohio,3,3,Claymont City,1794,23544000,470000,470000,0,0,0,1843000
3904378,Ohio,3,3,Cleveland Municipal,36778,685009000,11836000,7013000,2152000,970000,0,83911000
3904379,Ohio,3,3,Cleveland Heights-University Heights City,5169,109666000,1521000,823000,248000,0,0,10185000
3904380,Ohio,3,3,Columbus City School District,48757,812140000,13621000,13170000,105000,116000,0,66708000
3904381,Ohio,3,3,Conneaut Area City,1598,18668000,389000,324000,6000,1000,0,1636000
3904382,Ohio,3,3,Coshocton City,1546,19886000,435000,435000,0,0,0,1928000
3904383,Ohio,3,3,Cuyahoga Falls City,4476,51528000,996000,869000,0,0,0,3813000
3904384,Ohio,3,3,Dayton City,12446,227107000,2419000,1380000,287000,630000,0,15365000
3904385,Ohio,3,3,Deer Park Community City,1238,16639000,314000,262000,18000,1000,0,1091000
3904386,Ohio,3,3,Defiance City,2390,29021000,554000,554000,0,0,0,2237000
3904387,Ohio,3,3,Delaware City,5688,63885000,1299000,1051000,47000,9000,0,4694000
3904388,Ohio,3,3,Delphos City,936,9798000,241000,229000,12000,0,0,542000
3904389,Ohio,3,3,Dover City,2614,26807000,564000,564000,0,0,0,1742000
3904390,Ohio,3,3,East Cleveland City School District,1839,41750000,561000,197000,154000,29000,0,4164000
3904391,Ohio,3,3,East Liverpool City,2151,29546000,516000,232000,140000,15000,0,1909000
3904392,Ohio,3,3,East Palestine City,1051,12128000,241000,188000,0,0,0,785000
3904394,Ohio,3,3,Elyria City Schools,6041,80217000,1565000,1073000,97000,0,0,7072000
3904395,Ohio,3,3,Euclid City,4983,71791000,115000,0,25000,88000,0,6905000
3904396,Ohio,3,3,Fairborn City,4181,45428000,927000,846000,0,0,0,4241000
3904397,Ohio,3,3,Fairview Park City,1699,22066000,331000,222000,109000,0,0,2061000
3904399,Ohio,3,3,Fostoria City,1820,21321000,493000,473000,0,20000,0,1557000
3904400,Ohio,3,3,Franklin City,2761,36463000,773000,474000,153000,0,0,2348000
3904401,Ohio,3,3,Fremont City,3548,45422000,766000,687000,7000,0,0,2807000
3904402,Ohio,3,3,Galion City,1685,20330000,455000,455000,0,0,0,1699000
3904403,Ohio,3,3,Gallipolis City,2070,20846000,553000,459000,2000,1000,0,2250000
3904404,Ohio,3,3,Garfield Heights City Schools,3604,46427000,1102000,683000,237000,174000,0,1377000
3904405,Ohio,3,3,Geneva Area City,2259,23461000,512000,404000,0,0,0,1779000
3904406,Ohio,3,3,Girard City School District,1693,20134000,365000,303000,61000,0,0,1803000
3904407,Ohio,3,3,Grandview Heights Schools,1133,19244000,187000,187000,0,0,0,1213000
3904408,Ohio,3,3,Winton Woods City,3855,52627000,900000,702000,0,102000,0,5553000
3904409,Ohio,3,3,Greenville City,2518,29227000,668000,585000,0,27000,0,2253000
3904410,Ohio,3,3,Hamilton City,9938,108540000,2723000,1538000,727000,0,0,12712000
3904411,Ohio,3,3,Heath City,1714,18279000,358000,207000,128000,1000,0,1091000
3904412,Ohio,3,3,Hillsboro City,2305,28631000,594000,556000,0,0,0,2859000
3904413,Ohio,3,3,Huron City Schools,1369,16675000,286000,156000,130000,0,0,818000
3904414,Ohio,3,3,Ironton City School District,1425,15970000,222000,150000,64000,0,0,1138000
3904415,Ohio,3,3,Jackson City,2381,27358000,533000,521000,10000,0,0,2889000
3904416,Ohio,3,3,Kent City,3355,47352000,756000,580000,146000,29000,0,4262000
3904418,Ohio,3,3,Kettering City School District,7987,110191000,2095000,1147000,393000,247000,0,7950000
3904419,Ohio,3,3,Lakewood City,4814,75833000,1141000,1141000,0,0,0,8746000
3904420,Ohio,3,3,Lancaster City,6474,73238000,1968000,1438000,276000,41000,0,6480000
3904421,Ohio,3,3,Lebanon City,5526,54353000,1110000,992000,0,12000,0,4043000
3904422,Ohio,3,3,Lima City,3616,51543000,911000,0,129000,570000,0,4849000
3904423,Ohio,3,3,Lockland Local,543,7833000,141000,141000,0,0,0,661000
3904424,Ohio,3,3,Logan-Hocking Local,3699,46403000,1147000,1022000,16000,12000,0,3468000
3904425,Ohio,3,3,London City,2165,21085000,389000,385000,0,4000,0,2003000
3904426,Ohio,3,3,Lorain City,6084,94697000,46000,36000,0,6000,0,8680000
3904427,Ohio,3,3,Loveland City,4583,55565000,843000,550000,150000,143000,0,3926000
3904428,Ohio,3,3,Madeira City,1636,20834000,318000,318000,0,0,0,1185000
3904429,Ohio,3,3,Mansfield City,3322,54642000,1110000,956000,42000,0,0,4973000
3904430,Ohio,3,3,Maple Heights City,3569,43452000,850000,703000,0,0,0,2250000
3904431,Ohio,3,3,Mariemont City,1640,24304000,280000,120000,160000,0,0,990000
3904433,Ohio,3,3,Marion City,4504,55325000,1281000,100000,121000,962000,0,6341000
3904434,Ohio,3,3,Martins Ferry City,1456,17319000,366000,366000,0,0,0,1320000
3904435,Ohio,3,3,Massillon City,3985,48102000,776000,704000,72000,0,0,3546000
3904436,Ohio,3,3,Maumee City,2140,32295000,542000,508000,0,0,0,2011000
3904437,Ohio,3,3,Mayfield City,4524,70963000,1002000,284000,493000,225000,0,4228000
3904438,Ohio,3,3,Medina City SD,6621,80764000,1449000,1052000,292000,0,0,7574000
3904439,Ohio,3,3,Miamisburg City,5242,60595000,1571000,1360000,56000,9000,0,5954000
3904440,Ohio,3,3,Middletown City,6364,71234000,1888000,1229000,137000,77000,0,6121000
3904441,Ohio,3,3,Mt Healthy City,3065,45495000,817000,554000,0,6000,0,4683000
3904443,Ohio,3,3,Napoleon Area City,1871,22926000,448000,448000,0,0,0,1772000
3904444,Ohio,3,3,Nelsonville-York City,1162,15659000,231000,135000,0,36000,0,955000
3904445,Ohio,3,3,Newark City,6481,75075000,1218000,247000,585000,8000,0,7314000
3904446,Ohio,3,3,New Boston Local,420,5345000,101000,100000,0,2000,0,428000
3904447,Ohio,3,3,New Lexington School District,1682,24862000,391000,294000,0,0,0,1634000
3904448,Ohio,3,3,New Philadelphia City,3119,32087000,673000,568000,0,0,0,3154000
3904449,Ohio,3,3,Niles City,2178,25898000,536000,265000,58000,34000,0,1091000
3904450,Ohio,3,3,North Canton City,4300,47200000,855000,855000,0,0,0,3653000
3904451,Ohio,3,3,North College Hill City,1473,19013000,426000,426000,0,0,0,2551000
3904452,Ohio,3,3,North Olmsted City,3759,58252000,776000,0,736000,0,0,4847000
3904453,Ohio,3,3,North Ridgeville City,4477,44180000,926000,926000,0,0,0,3629000
3904454,Ohio,3,3,North Royalton City,4080,53218000,878000,878000,0,0,0,3552000
3904455,Ohio,3,3,Norton City,2524,24752000,517000,150000,367000,0,0,1554000
3904456,Ohio,3,3,Norwalk City,2749,29777000,650000,650000,0,0,0,2517000
3904457,Ohio,3,3,Norwood City,1815,29135000,572000,138000,430000,5000,0,2887000
3904458,Ohio,3,3,Oakwood City,2110,28786000,393000,323000,65000,0,0,1740000
3904459,Ohio,3,3,Oberlin City Schools,966,14844000,198000,198000,0,0,0,850000
3904460,Ohio,3,3,Oregon City,3522,45259000,573000,226000,0,0,0,3446000
3904461,Ohio,3,3,Orrville City,1674,17968000,298000,215000,40000,1000,0,1384000
3904463,Ohio,3,3,Parma City,9686,138389000,2385000,1695000,357000,68000,0,14039000
3904464,Ohio,3,3,Piqua City,3261,40135000,610000,578000,0,31000,0,1891000
3904465,Ohio,3,3,Port Clinton City,1643,21935000,286000,128000,77000,0,0,1417000
3904467,Ohio,3,3,Princeton City,6089,83331000,1386000,785000,58000,23000,0,5504000
3904468,Ohio,3,3,Ravenna City,2228,30586000,630000,630000,0,0,0,3442000
3904469,Ohio,3,3,Reading Community City,1656,17589000,389000,260000,129000,0,0,1452000
3904470,Ohio,3,3,Rocky River City,2723,40610000,294000,77000,218000,0,0,3507000
3904471,Ohio,3,3,St Bernard-Elmwood Place City,904,12163000,295000,295000,0,0,0,857000
3904472,Ohio,3,3,St Marys City,2018,22571000,441000,441000,0,0,0,1482000
3904474,Ohio,3,3,Sandusky City,3224,46114000,734000,530000,201000,3000,0,3969000
3904475,Ohio,3,3,Shaker Heights City,4901,94723000,1234000,1234000,0,0,0,5798000
3904476,Ohio,3,3,Sheffield-Sheffield Lake City,1647,22013000,340000,321000,10000,9000,0,1684000
3904479,Ohio,3,3,South Euclid-Lyndhurst City,3367,60489000,860000,746000,78000,35000,0,4409000
3904480,Ohio,3,3,South-Western City,22648,269358000,6063000,5260000,406000,89000,0,25328000
3904481,Ohio,3,3,Springfield City School District,7732,101997000,1890000,970000,550000,91000,0,8469000
3904482,Ohio,3,3,Steubenville City,2637,26306000,653000,653000,0,0,0,1517000
3904483,Ohio,3,3,Stow-Munroe Falls City School District,5382,62119000,1389000,907000,363000,0,0,3608000
3904484,Ohio,3,3,Strongsville City,5581,71647000,1055000,616000,0,171000,0,5025000
3904485,Ohio,3,3,Struthers City,1725,20605000,476000,475000,1000,0,0,1613000
3904486,Ohio,3,3,Sycamore Community City,5567,79819000,1268000,1143000,117000,8000,0,6220000
3904487,Ohio,3,3,Sylvania Schools,7780,92560000,1432000,1410000,22000,0,0,7316000
3904488,Ohio,3,3,Tallmadge City,2467,29986000,449000,443000,4000,2000,0,1986000
3904489,Ohio,3,3,Tiffin City,2673,28899000,589000,560000,24000,5000,0,2606000
3904490,Ohio,3,3,Toledo City,22852,343197000,6442000,4647000,617000,138000,0,34981000
3904491,Ohio,3,3,Toronto City,894,8978000,187000,166000,18000,0,0,738000
3904492,Ohio,3,3,Troy City,4183,49667000,955000,955000,0,0,0,2437000
3904493,Ohio,3,3,Upper Arlington City,6179,100631000,1746000,1746000,0,0,0,6676000
3904494,Ohio,3,3,Urbana City,1983,25556000,497000,497000,0,0,0,1420000
3904495,Ohio,3,3,Vandalia-Butler City,2935,37464000,635000,268000,367000,0,0,3351000
3904498,Ohio,3,3,Wapakoneta City,3067,31085000,632000,632000,0,0,0,1511000
3904499,Ohio,3,3,Warren City,4748,70274000,1376000,1158000,11000,8000,0,6750000
3904500,Ohio,3,3,Warrensville Heights City,1673,32156000,486000,198000,0,151000,0,1816000
3904502,Ohio,3,3,Wellston City,1302,19033000,380000,304000,24000,25000,0,1411000
3904503,Ohio,3,3,Wellsville Local,706,11383000,174000,174000,0,0,0,765000
3904504,Ohio,3,3,Westerville City,15174,180397000,3726000,2667000,697000,93000,0,15608000
3904505,Ohio,3,3,West Carrollton City,3525,44778000,904000,894000,9000,0,0,4582000
3904506,Ohio,3,3,Westlake City,3403,50808000,803000,689000,93000,15000,0,3696000
3904507,Ohio,3,3,Whitehall City,3492,40346000,857000,791000,65000,0,0,3862000
3904508,Ohio,3,3,Wickliffe City,1345,18673000,331000,4000,191000,0,0,1409000
3904509,Ohio,3,3,Willard City,1449,17559000,353000,335000,0,0,0,1509000
3904510,Ohio,3,3,Willoughby-Eastlake City,7735,102936000,1265000,561000,13000,62000,0,8188000
3904511,Ohio,3,3,Wilmington City,2579,28955000,642000,634000,8000,0,0,2346000
3904513,Ohio,3,3,Worthington City,10645,142948000,2465000,1860000,407000,199000,0,11583000
3904514,Ohio,3,3,Wyoming City,1975,26921000,306000,119000,183000,5000,0,1624000
3904515,Ohio,3,3,Xenia Community City,4089,51710000,992000,610000,270000,25000,0,5358000
3904516,Ohio,3,3,Youngstown City,5246,97533000,1183000,0,506000,0,0,6425000
3904517,Ohio,3,3,Zanesville City,3165,42352000,977000,974000,0,0,0,4395000
3904518,Ohio,3,3,Ada Exempted Village,863,10481000,210000,210000,0,0,0,525000
3904519,Ohio,3,3,Amherst Exempted Village,3534,36241000,723000,723000,0,0,0,2369000
3904520,Ohio,3,3,Barnesville Exempted Village,1404,15079000,293000,293000,0,0,0,915000
3904521,Ohio,3,3,Bluffton Exempted Village,1213,11139000,214000,192000,0,22000,0,507000
3904522,Ohio,3,3,Bradford Exempted Village,460,6794000,118000,0,34000,0,0,494000
3904523,Ohio,3,3,Bridgeport Exempted Village,809,9420000,208000,208000,0,0,0,874000
3904524,Ohio,3,3,Harrison Hills City,1499,18980000,400000,376000,0,0,0,1269000
3904525,Ohio,3,3,Caldwell Exempted Village,766,10832000,237000,143000,0,39000,0,557000
3904526,Ohio,3,3,Carey Exempted Village Schools,869,10249000,186000,137000,2000,0,0,593000
3904527,Ohio,3,3,Carrollton Exempted Village,1845,26088000,489000,456000,0,0,0,1720000
3904528,Ohio,3,3,Chagrin Falls Exempted Village,1844,30417000,339000,339000,0,0,0,1481000
3904529,Ohio,3,3,Chesapeake Union Exempted Village,1319,14948000,303000,138000,164000,0,0,1124000
3904531,Ohio,3,3,Coldwater Exempted Village,1347,15238000,268000,191000,0,0,0,791000
3904532,Ohio,3,3,Columbiana Exempted Village,1101,11407000,311000,311000,0,0,0,814000
3904533,Ohio,3,3,Covington Exempted Village,772,10214000,155000,155000,0,0,0,671000
3904535,Ohio,3,3,Crooksville Exempted Village,1122,14459000,240000,240000,0,0,0,795000
3904536,Ohio,3,3,Fairport Harbor Exempted Village,674,7639000,181000,181000,0,0,0,401000
3904537,Ohio,3,3,Georgetown Exempted Village,1036,11329000,269000,269000,0,0,0,721000
3904538,Ohio,3,3,Gibsonburg Exempted Village,899,9296000,175000,175000,0,0,0,813000
3904539,Ohio,3,3,Granville Exempted Village,2547,31306000,610000,534000,46000,11000,0,1771000
3904540,Ohio,3,3,Greenfield Exempted Village,1941,25003000,409000,409000,0,0,0,1215000
3904541,Ohio,3,3,Hicksville Exempted Village,911,11459000,236000,224000,0,12000,0,600000
3904542,Ohio,3,3,Hubbard Exempted Village,1895,20024000,327000,286000,0,0,0,805000
3904543,Ohio,3,3,Indian Hill Exempted Village,2140,36327000,471000,406000,63000,2000,0,1688000
3904545,Ohio,3,3,Lisbon Exempted Village,848,10502000,199000,199000,0,0,0,619000
3904546,Ohio,3,3,Loudonville-Perrysville Exempted Village,1022,13624000,244000,244000,0,0,0,926000
3904547,Ohio,3,3,Marysville Exempted Village,5210,57232000,1155000,724000,100000,44000,0,5003000
3904548,Ohio,3,3,Mechanicsburg Exempted Village,858,10550000,187000,187000,0,0,0,636000
3904549,Ohio,3,3,Mentor Exempted Village,7738,100006000,1410000,982000,10000,7000,0,6799000
3904550,Ohio,3,3,Milford Exempted Village,6668,74524000,1311000,1217000,67000,20000,0,4374000
3904551,Ohio,3,3,Milton-Union Exempted Village,1378,16159000,284000,276000,6000,2000,0,1059000
3904552,Ohio,3,3,Montpelier Exempted Village,869,11954000,210000,140000,0,0,0,746000
3904553,Ohio,3,3,Mount Gilead Exempted Village,1096,12470000,327000,327000,0,0,0,978000
3904554,Ohio,3,3,Newcomerstown Exempted Village,935,13373000,220000,220000,0,0,0,958000
3904555,Ohio,3,3,New Richmond Exempted Village,2111,27649000,488000,0,488000,0,0,1302000
3904556,Ohio,3,3,Newton Falls Exempted Village,938,10518000,274000,237000,0,0,0,711000
3904557,Ohio,3,3,Paulding Exempted Village,1369,18022000,379000,289000,0,2000,0,1448000
3904558,Ohio,3,3,Perrysburg Exempted Village,5445,61312000,991000,959000,10000,22000,0,4071000
3904560,Ohio,3,3,Rossford Exempted Village,1598,23045000,397000,239000,88000,0,0,1486000
3904561,Ohio,3,3,Tipp City Exempted Village,2537,28144000,661000,661000,0,0,0,1674000
3904563,Ohio,3,3,Versailles Exempted Village,1321,15219000,227000,227000,0,0,0,737000
3904564,Ohio,3,3,Wauseon Exempted Village,1770,20385000,415000,415000,0,0,0,1136000
3904565,Ohio,3,3,Wellington Exempted Village,977,13713000,330000,233000,92000,5000,0,846000
3904566,Ohio,3,3,Windham Exempted Village,484,8370000,123000,123000,0,0,0,745000
3904567,Ohio,3,3,Yellow Springs Exempted Village,680,9754000,116000,104000,12000,0,0,664000
3904575,Ohio,3,3,Allen East Local,1127,10769000,223000,0,223000,0,0,529000
3904576,Ohio,3,3,Bath Local,1721,17939000,352000,281000,0,0,0,779000
3904577,Ohio,3,3,Elida Local,2280,24186000,474000,331000,56000,1000,0,1293000
3904578,Ohio,3,3,Perry Local,712,9135000,146000,110000,36000,0,0,553000
3904579,Ohio,3,3,Shawnee Local,2363,25514000,475000,343000,2000,1000,0,1198000
3904580,Ohio,3,3,Spencerville Local,954,11284000,213000,213000,0,0,0,504000
3904582,Ohio,3,3,Hillsdale Local,760,10637000,7000,1000,0,0,0,501000
3904583,Ohio,3,3,Mapleton Local,876,10239000,240000,240000,0,0,0,647000
3904585,Ohio,3,3,Buckeye Local,1754,17800000,28000,0,28000,0,0,1023000
3904587,Ohio,3,3,Jefferson Area Local,1668,16520000,3000,0,0,3000,0,1158000
3904590,Ohio,3,3,Alexander Local,1456,18118000,264000,264000,0,0,0,1444000
3904591,Ohio,3,3,Federal Hocking Local,1001,14378000,261000,261000,0,0,0,1111000
3904592,Ohio,3,3,Trimble Local,752,13237000,236000,236000,0,0,0,1510000
3904594,Ohio,3,3,Minster Local,859,9787000,178000,168000,0,0,0,536000
3904595,Ohio,3,3,New Bremen Local,765,9375000,113000,113000,0,0,0,459000
3904596,Ohio,3,3,New Knoxville Local,382,5313000,67000,67000,0,0,0,205000
3904597,Ohio,3,3,Waynesfield-Goshen Local,499,7186000,93000,93000,0,0,0,287000
3904599,Ohio,3,3,St Clairsville-Richland City,1737,18381000,346000,344000,0,0,0,1041000
3904600,Ohio,3,3,Shadyside Local,764,7760000,151000,151000,0,0,0,371000
3904601,Ohio,3,3,Union Local,1453,17353000,298000,197000,13000,2000,0,1304000
3904603,Ohio,3,3,Eastern Local School District,1223,14159000,300000,300000,0,0,0,817000
3904604,Ohio,3,3,Fayetteville-Perry Local,808,9015000,254000,152000,19000,0,0,389000
3904606,Ohio,3,3,Western Brown Local,2784,33001000,618000,613000,0,5000,0,1288000
3904607,Ohio,3,3,Ripley-Union-Lewis-Huntington Local,769,11138000,217000,66000,37000,0,0,932000
3904609,Ohio,3,3,Edgewood City,3816,40001000,820000,618000,198000,0,0,3025000
3904610,Ohio,3,3,Fairfield City,9966,96252000,2515000,2182000,90000,20000,0,8714000
3904611,Ohio,3,3,Lakota Local,16453,184012000,3106000,2408000,539000,0,0,12092000
3904612,Ohio,3,3,Madison Local,1467,16958000,319000,319000,0,0,0,1197000
3904613,Ohio,3,3,New Miami Local,680,9489000,140000,140000,0,0,0,622000
3904614,Ohio,3,3,Ross Local,2786,28905000,511000,511000,0,0,0,1614000
3904615,Ohio,3,3,Talawanda City,2962,38189000,583000,504000,0,78000,0,2225000
3904617,Ohio,3,3,Brown Local,616,8022000,151000,151000,0,0,0,314000
3904619,Ohio,3,3,Graham Local,1762,18025000,175000,66000,109000,0,0,1692000
3904620,Ohio,3,3,Triad Local,832,11313000,188000,188000,0,0,0,502000
3904621,Ohio,3,3,West Liberty-Salem Local,1197,13445000,202000,0,202000,0,0,617000
3904623,Ohio,3,3,Greenon Local,1536,17028000,374000,374000,0,0,0,1162000
3904624,Ohio,3,3,Tecumseh Local,2810,33886000,671000,215000,267000,0,0,2537000
3904625,Ohio,3,3,Northeastern Local,3097,32940000,778000,561000,217000,0,0,2191000
3904626,Ohio,3,3,Northwestern Local,1681,17965000,389000,389000,0,0,0,1212000
3904627,Ohio,3,3,Southeastern Local,744,10024000,167000,167000,0,0,0,586000
3904628,Ohio,3,3,Clark-Shawnee Local,1761,20839000,439000,439000,0,0,0,1679000
3904630,Ohio,3,3,Batavia Local,2343,23730000,769000,769000,0,0,0,1921000
3904631,Ohio,3,3,Bethel-Tate Local,1516,15978000,350000,340000,10000,0,0,1089000
3904632,Ohio,3,3,Clermont Northeastern Local,1391,17729000,345000,341000,0,0,0,1169000
3904633,Ohio,3,3,Felicity-Franklin Local,754,10182000,210000,210000,0,0,0,760000
3904634,Ohio,3,3,Goshen Local,2885,32967000,578000,577000,1000,0,0,3799000
3904635,Ohio,3,3,West Clermont Local,8317,83003000,1719000,1719000,0,0,0,4867000
3904636,Ohio,3,3,Williamsburg Local,962,10564000,166000,100000,66000,0,0,749000
3904638,Ohio,3,3,Blanchester Local,1426,16492000,368000,368000,0,0,0,902000
3904639,Ohio,3,3,Clinton-Massie Local,1770,17271000,295000,295000,0,0,0,1089000
3904640,Ohio,3,3,East Clinton Local,1260,14925000,435000,336000,0,0,0,1388000
3904642,Ohio,3,3,Beaver Local,1746,18477000,471000,372000,94000,0,0,1217000
3904644,Ohio,3,3,Southern Local,814,12210000,117000,41000,0,0,0,818000
3904647,Ohio,3,3,Ridgewood Local,1297,14015000,270000,251000,0,0,0,1021000
3904648,Ohio,3,3,River View Local,1909,21065000,429000,259000,0,3000,0,1722000
3904650,Ohio,3,3,Buckeye Central Local,594,9986000,189000,179000,0,10000,0,601000
3904651,Ohio,3,3,Colonel Crawford Local,993,10730000,184000,184000,0,0,0,717000
3904652,Ohio,3,3,Wynford Local,1154,11922000,240000,232000,8000,0,0,1031000
3904657,Ohio,3,3,Olmsted Falls City,3655,46461000,25000,25000,0,0,0,2530000
3904659,Ohio,3,3,Richmond Heights Local,741,12677000,197000,88000,10000,1000,0,795000
3904660,Ohio,3,3,Solon City,4643,72213000,854000,0,854000,0,0,4719000
3904662,Ohio,3,3,Ansonia Local,789,9556000,132000,0,132000,0,0,438000
3904663,Ohio,3,3,Arcanum-Butler Local,1196,12071000,199000,0,199000,0,0,592000
3904664,Ohio,3,3,Franklin Monroe Local,626,7025000,100000,0,100000,0,0,340000
3904667,Ohio,3,3,Mississinawa Valley Local,699,8359000,134000,0,134000,0,0,468000
3904668,Ohio,3,3,Tri-Village Local,832,8666000,147000,0,147000,0,0,444000
3904670,Ohio,3,3,Ayersville Local,765,9420000,123000,123000,0,0,0,343000
3904671,Ohio,3,3,Central Local,946,12862000,228000,228000,0,0,0,748000
3904672,Ohio,3,3,Northeastern Local,1065,12430000,218000,200000,7000,11000,0,526000
3904674,Ohio,3,3,Big Walnut Local,3912,45213000,736000,732000,4000,0,0,2624000
3904675,Ohio,3,3,Buckeye Valley Local,2262,26691000,397000,251000,125000,0,0,1739000
3904676,Ohio,3,3,Olentangy Local,22124,258323000,6140000,143000,5989000,8000,0,18925000
3904678,Ohio,3,3,Edison Local (formerly Berlin-Milan),1476,16983000,273000,185000,0,0,0,1139000
3904680,Ohio,3,3,Margaretta Local,1144,14902000,266000,266000,0,0,0,1028000
3904681,Ohio,3,3,Perkins Local,1858,23970000,351000,351000,0,0,0,1730000
3904682,Ohio,3,3,Vermilion Local,1775,22552000,542000,493000,0,0,0,1404000
3904684,Ohio,3,3,Amanda-Clearcreek Local,1412,17474000,311000,311000,0,0,0,823000
3904685,Ohio,3,3,Berne Union Local,844,11225000,204000,197000,0,7000,0,836000
3904686,Ohio,3,3,Bloom-Carroll Local,2103,21591000,366000,218000,149000,0,0,980000
3904687,Ohio,3,3,Fairfield Union Local,1927,22253000,463000,391000,72000,0,0,1017000
3904688,Ohio,3,3,Liberty Union-Thurston Local,1225,15801000,324000,324000,0,0,0,1212000
3904689,Ohio,3,3,Pickerington Local,10736,132392000,2647000,2227000,170000,158000,0,10432000
3904690,Ohio,3,3,Walnut Township Local,484,8264000,124000,124000,0,0,0,425000
3904694,Ohio,3,3,Canal Winchester Local,3916,44449000,1070000,737000,166000,0,0,3977000
3904695,Ohio,3,3,Hamilton Local,3130,29985000,677000,272000,272000,0,0,2245000
3904696,Ohio,3,3,Gahanna-Jefferson City,7825,93325000,1260000,1112000,147000,0,0,8169000
3904697,Ohio,3,3,Groveport Madison Local,5875,77909000,1662000,471000,181000,0,0,7502000
3904699,Ohio,3,3,New Albany-Plain Local,5085,63971000,1336000,1277000,15000,30000,0,5067000
3904700,Ohio,3,3,Reynoldsburg City,7438,80270000,2083000,1905000,125000,53000,0,7241000
3904701,Ohio,3,3,Hilliard City,16519,208873000,3545000,3418000,89000,37000,0,9804000
3904702,Ohio,3,3,Dublin City,16624,220690000,4267000,3401000,56000,80000,0,22783000
3904704,Ohio,3,3,Archbold-Area Local,1229,13909000,231000,0,231000,0,0,666000
3904705,Ohio,3,3,Evergreen Local,1148,16335000,241000,241000,0,0,0,1038000
3904706,Ohio,3,3,Fayette Local,386,6238000,79000,79000,0,0,0,459000
3904707,Ohio,3,3,Pettisville Local,532,6439000,90000,90000,0,0,0,216000
3904708,Ohio,3,3,Pike-Delta-York Local,1193,14981000,277000,277000,0,0,0,936000
3904709,Ohio,3,3,Swanton Local,1152,14463000,297000,297000,0,0,0,908000
3904716,Ohio,3,3,Berkshire Local,1345,15382000,279000,279000,0,0,0,890000
3904717,Ohio,3,3,Cardinal Local,893,13570000,185000,185000,0,0,0,608000
3904718,Ohio,3,3,Chardon Local,2772,32719000,1024000,688000,39000,0,0,1850000
3904719,Ohio,3,3,Kenston Local,2621,38585000,432000,169000,138000,0,0,2196000
3904721,Ohio,3,3,Newbury Local,265,6855000,73000,73000,0,0,0,86000
3904722,Ohio,3,3,West Geauga Local,1855,25718000,323000,186000,130000,6000,0,1072000
3904724,Ohio,3,3,Beavercreek City,8028,96344000,1963000,1449000,456000,58000,0,8511000
3904725,Ohio,3,3,Cedar Cliff Local,618,6786000,133000,133000,0,0,0,354000
3904726,Ohio,3,3,Greeneview Local,1344,14334000,309000,215000,0,0,0,794000
3904727,Ohio,3,3,Bellbrook-Sugarcreek Local,2756,30616000,61000,57000,0,4000,0,2332000
3904730,Ohio,3,3,Rolling Hills Local,1524,18958000,404000,404000,0,0,0,1017000
3904733,Ohio,3,3,Finneytown Local,1305,17201000,583000,324000,108000,75000,0,1310000
3904734,Ohio,3,3,Forest Hills Local,7327,86270000,1541000,1414000,126000,0,0,5879000
3904736,Ohio,3,3,Northwest Local,8903,97717000,2217000,1053000,453000,38000,0,9631000
3904737,Ohio,3,3,Oak Hills Local,7690,81995000,2113000,1190000,204000,611000,0,7136000
3904738,Ohio,3,3,Southwest Local,4003,40039000,848000,838000,9000,0,0,2450000
3904739,Ohio,3,3,Three Rivers Local,2233,24001000,482000,482000,0,0,0,1622000
3904742,Ohio,3,3,Arlington Local,575,7002000,128000,125000,3000,0,0,362000
3904743,Ohio,3,3,Cory-Rawson Local,536,8077000,130000,0,130000,0,0,427000
3904744,Ohio,3,3,Liberty-Benton Local,1553,14806000,297000,297000,0,0,0,788000
3904745,Ohio,3,3,McComb Local,684,8201000,131000,0,131000,0,0,362000
3904747,Ohio,3,3,Vanlue Local,180,2871000,40000,40000,0,0,0,124000
3904749,Ohio,3,3,Hardin Northern Local,393,5818000,109000,103000,6000,0,0,236000
3904750,Ohio,3,3,Ridgemont Local,524,6856000,104000,3000,101000,0,0,275000
3904751,Ohio,3,3,Riverdale Local,1071,12317000,224000,219000,5000,0,0,483000
3904752,Ohio,3,3,Upper Scioto Valley Local,451,6236000,125000,125000,0,0,0,206000
3904754,Ohio,3,3,Conotton Valley Union Local,471,8917000,101000,99000,0,0,0,650000
3904757,Ohio,3,3,Holgate Local,426,6307000,92000,92000,0,0,0,184000
3904758,Ohio,3,3,Liberty Center Local,1024,13743000,229000,229000,0,0,0,836000
3904759,Ohio,3,3,Patrick Henry Local,856,12323000,189000,150000,39000,0,0,854000
3904761,Ohio,3,3,Bright Local,726,8758000,172000,94000,51000,8000,1000,559000
3904762,Ohio,3,3,Fairfield Local,908,10738000,244000,221000,0,23000,0,515000
3904763,Ohio,3,3,Lynchburg-Clay Local,1143,13403000,255000,129000,85000,0,0,1039000
3904768,Ohio,3,3,East Holmes Local,1614,19021000,368000,349000,19000,0,0,1661000
3904769,Ohio,3,3,West Holmes Local,2003,24583000,537000,347000,4000,0,0,2298000
3904771,Ohio,3,3,Monroeville Local,580,7658000,161000,152000,0,8000,0,424000
3904772,Ohio,3,3,New London Local,871,11079000,209000,209000,0,0,0,830000
3904773,Ohio,3,3,South Central Local,747,9747000,182000,182000,0,0,0,591000
3904774,Ohio,3,3,Western Reserve Local,974,12299000,230000,230000,0,0,0,732000
3904776,Ohio,3,3,Oak Hill Union Local,1166,14347000,274000,271000,3000,0,0,1362000
3904779,Ohio,3,3,Edison Local,1433,18163000,365000,365000,0,0,0,1222000
3904780,Ohio,3,3,Indian Creek Local,2035,20196000,439000,328000,15000,0,0,1367000
3904782,Ohio,3,3,Centerburg Local,1080,12715000,215000,215000,0,0,0,569000
3904783,Ohio,3,3,Danville Local,637,7932000,138000,138000,0,0,0,665000
3904785,Ohio,3,3,Fredericktown Local,1169,12408000,302000,302000,0,0,0,920000
3904787,Ohio,3,3,Kirtland Local,1174,14430000,149000,137000,0,12000,0,819000
3904788,Ohio,3,3,Madison Local,2989,29749000,692000,338000,136000,0,0,2046000
3904790,Ohio,3,3,Perry Local,1581,24870000,328000,328000,0,0,0,243000
3904792,Ohio,3,3,Dawson-Bryant Local,1135,14659000,290000,290000,0,0,0,671000
3904793,Ohio,3,3,Fairland Local,1524,14475000,339000,339000,0,0,0,774000
3904794,Ohio,3,3,Rock Hill Local,1436,23447000,282000,282000,0,0,0,1672000
3904795,Ohio,3,3,South Point Local,1441,18937000,360000,359000,0,0,0,1371000
3904796,Ohio,3,3,Symmes Valley Local,808,11671000,176000,169000,0,0,0,843000
3904798,Ohio,3,3,Johnstown-Monroe Local,1686,16867000,306000,213000,0,0,0,747000
3904799,Ohio,3,3,Lakewood Local,1818,23807000,410000,252000,153000,2000,0,1434000
3904800,Ohio,3,3,Licking Heights Local,4687,42936000,1317000,1317000,0,0,0,3079000
3904801,Ohio,3,3,Licking Valley Local,1971,20529000,386000,304000,0,0,0,1069000
3904802,Ohio,3,3,North Fork Local,1535,17979000,393000,373000,20000,0,0,1268000
3904803,Ohio,3,3,Northridge Local,1150,14180000,207000,191000,8000,5000,0,834000
3904804,Ohio,3,3,Southwest Licking Local,4423,42564000,1024000,839000,63000,118000,0,3233000
3904807,Ohio,3,3,Benjamin Logan Local,1678,19308000,293000,293000,0,0,0,1150000
3904808,Ohio,3,3,Indian Lake Local,1479,18334000,177000,97000,0,3000,0,802000
3904809,Ohio,3,3,Riverside Local,643,7379000,135000,116000,0,19000,0,427000
3904811,Ohio,3,3,Avon Local,4443,45492000,900000,435000,221000,49000,0,2414000
3904812,Ohio,3,3,Avon Lake City,3788,44565000,714000,548000,166000,0,0,2410000
3904813,Ohio,3,3,Clearview Local,1595,16857000,320000,213000,0,5000,0,1343000
3904814,Ohio,3,3,Columbia Local,869,11254000,206000,57000,72000,0,0,770000
3904815,Ohio,3,3,Firelands Local,1635,18175000,265000,261000,4000,0,0,1012000
3904816,Ohio,3,3,Keystone Local,1449,15863000,253000,253000,0,0,0,899000
3904817,Ohio,3,3,Midview Local,2810,31933000,719000,704000,0,15000,0,1638000
3904820,Ohio,3,3,Anthony Wayne Local,4298,45729000,972000,757000,61000,0,0,2264000
3904821,Ohio,3,3,Ottawa Hills Local,1017,16147000,214000,90000,124000,0,0,22000
3904822,Ohio,3,3,Springfield Local,3586,40064000,900000,672000,38000,5000,0,2937000
3904823,Ohio,3,3,Washington Local,7006,88378000,1654000,1654000,0,0,0,6813000
3904825,Ohio,3,3,Jefferson Local,1140,16326000,268000,0,206000,0,0,1238000
3904826,Ohio,3,3,Jonathan Alder Local,2244,23182000,440000,391000,0,0,0,1231000
3904827,Ohio,3,3,Madison-Plains Local,1163,14822000,282000,193000,0,0,0,831000
3904829,Ohio,3,3,Austintown Local Schools,4292,45676000,994000,751000,0,148000,0,2435000
3904830,Ohio,3,3,Boardman Local,3938,45652000,1028000,640000,120000,26000,0,2829000
3904831,Ohio,3,3,Canfield Local,2558,28328000,491000,337000,51000,1000,0,1435000
3904832,Ohio,3,3,Jackson-Milton Local,756,9679000,182000,182000,0,0,0,657000
3904833,Ohio,3,3,Lowellville Local,467,5772000,79000,58000,11000,0,0,255000
3904834,Ohio,3,3,Poland Local,1774,19365000,323000,323000,0,0,0,706000
3904835,Ohio,3,3,Sebring Local,382,7084000,86000,86000,0,0,0,515000
3904836,Ohio,3,3,South Range Local,1202,13272000,251000,174000,0,9000,0,653000
3904837,Ohio,3,3,Springfield Local,943,12173000,218000,179000,39000,0,0,425000
3904838,Ohio,3,3,West Branch Local,1910,20736000,373000,348000,7000,14000,0,1349000
3904839,Ohio,3,3,Western Reserve Local,661,7842000,122000,122000,0,0,0,439000
3904841,Ohio,3,3,Elgin Local,1048,12480000,236000,98000,121000,0,0,706000
3904842,Ohio,3,3,Pleasant Local,1314,12371000,224000,0,193000,0,0,504000
3904843,Ohio,3,3,Ridgedale Local,625,8695000,136000,18000,118000,0,0,440000
3904844,Ohio,3,3,River Valley Local,1947,20112000,349000,232000,0,0,0,835000
3904846,Ohio,3,3,Black River Local,1097,14621000,247000,220000,0,0,0,1033000
3904847,Ohio,3,3,Buckeye Local,2365,23368000,433000,410000,0,23000,0,1687000
3904848,Ohio,3,3,Cloverleaf Local,2315,29986000,465000,371000,95000,0,0,2405000
3904849,Ohio,3,3,Highland Local,3261,34942000,645000,501000,2000,0,0,3864000
3904851,Ohio,3,3,Eastern Local,785,9350000,172000,172000,0,0,0,620000
3904852,Ohio,3,3,Meigs Local,1647,23835000,405000,272000,0,0,0,2181000
3904853,Ohio,3,3,Southern Local,727,8293000,162000,137000,24000,0,0,611000
3904857,Ohio,3,3,Parkway Local,1057,11808000,213000,213000,0,0,0,793000
3904858,Ohio,3,3,St Henry Consolidated Local,1003,10031000,201000,201000,0,0,0,564000
3904859,Ohio,3,3,Fort Recovery Local,1028,11227000,182000,182000,0,0,0,525000
3904861,Ohio,3,3,Bethel Local,1576,13375000,373000,192000,177000,5000,0,273000
3904862,Ohio,3,3,Miami East Local,1304,14308000,275000,264000,10000,0,0,483000
3904863,Ohio,3,3,Newton Local,602,8998000,122000,122000,0,0,0,312000
3904865,Ohio,3,3,Switzerland of Ohio Local,2029,40096000,481000,476000,0,5000,0,2433000
3904867,Ohio,3,3,Brookville Local,1468,15218000,311000,234000,78000,0,0,975000
3904868,Ohio,3,3,Jefferson Township Local,259,7080000,82000,82000,0,0,0,336000
3904869,Ohio,3,3,Trotwood-Madison City,2619,41102000,688000,672000,10000,7000,0,1554000
3904870,Ohio,3,3,Mad River Local,3887,48917000,878000,878000,0,0,0,4298000
3904871,Ohio,3,3,New Lebanon Local School District,1111,12824000,288000,288000,0,0,0,1010000
3904872,Ohio,3,3,Northmont City,4937,62214000,1230000,1181000,0,0,0,5342000
3904873,Ohio,3,3,Northridge Local,1601,24939000,403000,403000,0,0,0,1700000
3904874,Ohio,3,3,Valley View Local,1823,19953000,407000,401000,0,5000,0,1402000
3904875,Ohio,3,3,Huber Heights City,5967,69603000,1592000,1453000,139000,0,0,6724000
3904877,Ohio,3,3,Morgan Local,1753,24613000,444000,431000,0,0,0,1999000
3904879,Ohio,3,3,Cardington-Lincoln Local,1052,12493000,207000,207000,0,0,0,899000
3904880,Ohio,3,3,Highland Local,1802,17395000,383000,383000,0,0,0,1303000
3904881,Ohio,3,3,Northmor Local,1045,12138000,255000,255000,0,0,0,929000
3904883,Ohio,3,3,East Muskingum Local,2123,21449000,488000,488000,0,0,0,1192000
3904884,Ohio,3,3,Franklin Local,1959,24523000,447000,447000,0,0,0,1245000
3904885,Ohio,3,3,Maysville Local,2016,22638000,540000,540000,0,0,0,1401000
3904887,Ohio,3,3,Tri-Valley Local,3001,29621000,776000,591000,84000,0,0,1778000
3904888,Ohio,3,3,West Muskingum Local,1432,13927000,300000,300000,0,0,0,776000
3904890,Ohio,3,3,Noble Local,891,14505000,188000,67000,0,0,0,534000
3904892,Ohio,3,3,Benton Carroll Salem Local,1491,17947000,407000,328000,0,0,0,1046000
3904893,Ohio,3,3,Danbury Local,528,10195000,129000,129000,0,0,0,600000
3904894,Ohio,3,3,Genoa Area Local,1354,13287000,248000,187000,0,0,0,702000
3904897,Ohio,3,3,Put-In-Bay Local,70,2641000,13000,13000,0,0,0,69000
3904899,Ohio,3,3,Antwerp Local,728,9234000,155000,155000,0,0,0,453000
3904900,Ohio,3,3,Twin Valley Community Local,793,10213000,158000,84000,74000,0,0,752000
3904903,Ohio,3,3,Wayne Trace Local,905,12544000,235000,235000,0,0,0,570000
3904905,Ohio,3,3,Northern Local,2210,25898000,612000,586000,26000,0,0,1236000
3904906,Ohio,3,3,Southern Local,649,10316000,186000,84000,0,0,0,630000
3904908,Ohio,3,3,Logan Elm Local,1784,20959000,417000,417000,0,0,0,1670000
3904909,Ohio,3,3,Teays Valley Local,4124,45450000,912000,698000,0,0,0,3620000
3904910,Ohio,3,3,Westfall Local,1437,18130000,233000,233000,0,0,0,1371000
3904912,Ohio,3,3,Eastern Local School District,806,12605000,213000,213000,0,0,0,519000
3904913,Ohio,3,3,Scioto Valley Local,1179,16956000,380000,380000,0,0,0,1162000
3904914,Ohio,3,3,Waverly City,1792,20425000,497000,342000,15000,0,0,1697000
3904915,Ohio,3,3,Western Local,727,12067000,164000,75000,1000,18000,0,814000
3904917,Ohio,3,3,Aurora City,3027,39894000,520000,296000,187000,9000,0,2433000
3904918,Ohio,3,3,Crestwood Local,1578,19675000,309000,309000,0,0,0,1259000
3904919,Ohio,3,3,Field Local,1902,19593000,382000,235000,0,146000,0,1216000
3904920,Ohio,3,3,James A Garfield Local,1345,14579000,265000,225000,2000,0,0,700000
3904921,Ohio,3,3,Rootstown Local,1092,13647000,283000,283000,0,0,0,585000
3904922,Ohio,3,3,Southeast Local,1459,19394000,316000,289000,0,0,0,1192000
3904923,Ohio,3,3,Streetsboro City,2144,25354000,302000,177000,29000,13000,0,1746000
3904924,Ohio,3,3,Waterloo Local,963,10284000,148000,148000,0,0,0,514000
3904926,Ohio,3,3,Tri-County North Local,743,10210000,141000,0,141000,0,0,430000
3904927,Ohio,3,3,National Trail Local,982,12878000,209000,87000,123000,0,0,773000
3904928,Ohio,3,3,Preble Shawnee Local,1397,16203000,305000,209000,0,0,0,1049000
3904931,Ohio,3,3,Columbus Grove Local,832,10761000,186000,186000,0,0,0,637000
3904932,Ohio,3,3,Continental Local,439,6767000,113000,113000,0,0,0,333000
3904933,Ohio,3,3,Jennings Local,366,4532000,66000,66000,0,0,0,145000
3904934,Ohio,3,3,Kalida Local,607,6912000,111000,61000,18000,0,0,193000
3904936,Ohio,3,3,Miller City-New Cleveland Local,497,5903000,92000,89000,0,0,0,167000
3904937,Ohio,3,3,Ottawa-Glandorf Local,1488,16089000,290000,290000,0,0,0,685000
3904938,Ohio,3,3,Ottoville Local,469,5854000,89000,73000,16000,0,0,221000
3904939,Ohio,3,3,Pandora-Gilboa Local,521,7401000,112000,112000,0,0,0,243000
3904941,Ohio,3,3,Clear Fork Valley Local,1651,17782000,262000,247000,0,0,0,1255000
3904942,Ohio,3,3,Crestview Local,1007,12087000,233000,225000,5000,2000,0,704000
3904943,Ohio,3,3,Lexington Local,2452,24939000,476000,257000,208000,0,0,1603000
3904944,Ohio,3,3,Lucas Local,492,5919000,108000,26000,39000,0,0,399000
3904945,Ohio,3,3,Madison Local,2964,34188000,730000,697000,0,0,0,2197000
3904946,Ohio,3,3,Plymouth-Shiloh Local,675,9954000,161000,161000,0,0,0,718000
3904947,Ohio,3,3,Ontario Local,1987,18520000,478000,472000,3000,3000,0,986000
3904949,Ohio,3,3,Adena Local,1244,11867000,218000,205000,0,0,0,647000
3904950,Ohio,3,3,Huntington Local,1042,15377000,266000,266000,0,0,0,839000
3904951,Ohio,3,3,Paint Valley Local,838,10732000,338000,337000,0,1000,0,557000
3904952,Ohio,3,3,Southeastern Local,982,13017000,234000,234000,0,0,0,689000
3904953,Ohio,3,3,Union-Scioto Local,2155,23039000,488000,416000,73000,0,0,1233000
3904954,Ohio,3,3,Zane Trace Local,1300,16296000,213000,208000,5000,0,0,710000
3904956,Ohio,3,3,Lakota Local,1036,12187000,215000,145000,70000,0,0,804000
3904957,Ohio,3,3,Woodmore Local,978,11844000,188000,188000,0,0,0,747000
3904959,Ohio,3,3,Bloom-Vernon Local,840,10718000,184000,184000,0,0,0,426000
3904961,Ohio,3,3,Green Local,557,8343000,154000,154000,0,0,0,511000
3904962,Ohio,3,3,Minford Local,1300,16081000,304000,304000,0,0,0,636000
3904963,Ohio,3,3,Northwest Local,1352,18051000,371000,0,0,371000,0,767000
3904964,Ohio,3,3,Valley Local,1070,11591000,220000,220000,0,0,0,728000
3904965,Ohio,3,3,Washington-Nile Local,1412,17234000,361000,182000,51000,0,0,898000
3904966,Ohio,3,3,Wheelersburg Local,1608,14917000,307000,307000,0,0,0,951000
3904968,Ohio,3,3,Seneca East Local,860,11229000,155000,155000,0,0,0,656000
3904970,Ohio,3,3,Hopewell-Loudon Local,865,9242000,159000,100000,59000,0,0,377000
3904971,Ohio,3,3,New Riegel Local,462,4957000,76000,68000,8000,0,0,153000
3904976,Ohio,3,3,Botkins Local,633,7725000,105000,59000,46000,0,0,388000
3904977,Ohio,3,3,Fairlawn Local,594,6956000,114000,114000,0,0,0,309000
3904978,Ohio,3,3,Fort Loramie Local,767,9284000,145000,74000,71000,0,0,457000
3904979,Ohio,3,3,Hardin-Houston Local,810,9891000,172000,0,172000,0,0,432000
3904981,Ohio,3,3,Russia Local,416,4713000,70000,70000,0,0,0,183000
3904983,Ohio,3,3,Canton Local,1982,26671000,448000,147000,80000,4000,0,2089000
3904984,Ohio,3,3,Fairless Local,1406,17455000,386000,382000,0,4000,0,1041000
3904985,Ohio,3,3,Jackson Local,5809,58109000,1246000,914000,257000,14000,0,2276000
3904986,Ohio,3,3,Lake Local,3419,35853000,439000,439000,0,0,0,1982000
3904987,Ohio,3,3,Louisville City,2781,28595000,675000,473000,0,4000,0,2030000
3904988,Ohio,3,3,Marlington Local,2095,24047000,525000,489000,36000,0,0,1748000
3904989,Ohio,3,3,Minerva Local,1857,20481000,432000,432000,0,0,0,1317000
3904990,Ohio,3,3,Northwest Local,1789,20141000,364000,363000,0,0,0,1050000
3904991,Ohio,3,3,Osnaburg Local,911,9837000,200000,200000,0,0,0,585000
3904992,Ohio,3,3,Perry Local,4557,52079000,913000,913000,0,0,0,3804000
3904993,Ohio,3,3,Plain Local,6245,61564000,1302000,1055000,74000,0,0,2540000
3904994,Ohio,3,3,Sandy Valley Local,1325,18047000,308000,259000,0,0,0,1145000
3904995,Ohio,3,3,Tuslaw Local,1282,13569000,288000,165000,81000,0,0,982000
3904997,Ohio,3,3,Woodridge Local,1918,26859000,429000,326000,0,0,0,1812000
3904998,Ohio,3,3,Copley-Fairlawn City,2818,38637000,629000,615000,0,13000,0,2854000
3904999,Ohio,3,3,Coventry Local,1757,21020000,416000,387000,22000,4000,0,1460000
3905000,Ohio,3,3,Manchester Local,1279,15111000,265000,265000,0,0,0,862000
3905001,Ohio,3,3,Green Local,4209,44696000,816000,697000,119000,0,0,2856000
3905002,Ohio,3,3,Hudson City,4649,68623000,1254000,626000,494000,63000,0,4918000
3905003,Ohio,3,3,Mogadore Local,843,11026000,124000,124000,0,0,0,726000
3905004,Ohio,3,3,Nordonia Hills City,3605,49238000,97000,3000,91000,4000,0,2939000
3905005,Ohio,3,3,Revere Local,2770,38169000,533000,305000,183000,0,0,1936000
3905006,Ohio,3,3,Springfield Local,2202,28721000,431000,431000,0,0,0,2312000
3905007,Ohio,3,3,Twinsburg City,4191,51042000,827000,298000,332000,0,0,2914000
3905009,Ohio,3,3,Bloomfield-Mespo Local,229,3648000,72000,52000,20000,0,0,295000
3905011,Ohio,3,3,Bristol Local,504,6130000,123000,80000,0,0,0,451000
3905012,Ohio,3,3,Brookfield Local,966,10139000,223000,223000,0,0,0,640000
3905013,Ohio,3,3,Champion Local,1330,15545000,298000,220000,12000,0,0,1134000
3905015,Ohio,3,3,Mathews Local,611,8320000,124000,124000,0,0,0,310000
3905016,Ohio,3,3,Howland Local,2533,31846000,586000,512000,0,0,0,1686000
3905017,Ohio,3,3,Joseph Badger Local,670,8673000,157000,157000,0,0,0,579000
3905018,Ohio,3,3,Lakeview Local,1646,17811000,366000,363000,0,3000,0,1176000
3905019,Ohio,3,3,Liberty Local,1275,16777000,303000,303000,0,0,0,731000
3905020,Ohio,3,3,Lordstown Local,447,7598000,124000,124000,0,0,0,319000
3905021,Ohio,3,3,Maplewood Local,647,9572000,143000,143000,0,0,0,414000
3905022,Ohio,3,3,McDonald Local,784,8422000,154000,154000,0,0,0,433000
3905023,Ohio,3,3,Southington Local,495,6064000,82000,81000,0,0,0,221000
3905024,Ohio,3,3,LaBrae Local,1076,13644000,234000,195000,12000,0,0,738000
3905025,Ohio,3,3,Weathersfield Local,965,10535000,273000,54000,78000,24000,0,514000
3905027,Ohio,3,3,Garaway Local,1228,12866000,274000,274000,0,0,0,883000
3905028,Ohio,3,3,Indian Valley Local,1746,19955000,381000,381000,0,0,0,1110000
3905029,Ohio,3,3,Strasburg-Franklin Local,540,6252000,125000,125000,0,0,0,258000
3905030,Ohio,3,3,Tuscarawas Valley Local,1334,14857000,259000,220000,0,0,0,758000
3905032,Ohio,3,3,Fairbanks Local,1101,12798000,250000,249000,0,1000,0,652000
3905033,Ohio,3,3,North Union Local School District,1476,18298000,384000,109000,275000,0,0,1346000
3905035,Ohio,3,3,Crestview Local,822,11070000,192000,182000,9000,0,0,736000
3905039,Ohio,3,3,Vinton County Local,1924,27082000,451000,409000,1000,0,0,1676000
3905041,Ohio,3,3,Carlisle Local,1590,20291000,330000,330000,0,0,0,974000
3905042,Ohio,3,3,Springboro Community City,6325,53786000,1321000,883000,81000,39000,0,3770000
3905043,Ohio,3,3,Kings Local,4942,54782000,1162000,1051000,67000,0,0,4130000
3905044,Ohio,3,3,Little Miami Local,4946,52490000,1075000,825000,0,0,0,3282000
3905045,Ohio,3,3,Mason City,10445,126008000,2251000,1610000,632000,10000,0,8930000
3905046,Ohio,3,3,Wayne Local,1497,15610000,294000,275000,19000,0,0,1030000
3905048,Ohio,3,3,Fort Frye Local,935,11858000,236000,236000,0,1000,0,708000
3905049,Ohio,3,3,Frontier Local,536,7898000,141000,42000,40000,0,0,432000
3905051,Ohio,3,3,Wolf Creek Local,597,8621000,88000,87000,1000,0,0,359000
3905053,Ohio,3,3,Chippewa Local,1306,13149000,281000,281000,0,0,0,632000
3905054,Ohio,3,3,Dalton Local,901,9962000,179000,178000,0,0,0,589000
3905055,Ohio,3,3,Green Local,1128,12011000,219000,178000,2000,39000,0,741000
3905056,Ohio,3,3,Norwayne Local,1436,14458000,300000,272000,23000,0,0,1024000
3905058,Ohio,3,3,Southeast Local,1331,18093000,3000,3000,0,0,0,1314000
3905059,Ohio,3,3,Triway Local,1552,20611000,370000,308000,62000,0,0,1377000
3905061,Ohio,3,3,Edgerton Local,559,7423000,121000,121000,0,0,0,444000
3905062,Ohio,3,3,Edon Northwest Local,493,7283000,131000,131000,0,0,0,385000
3905063,Ohio,3,3,Millcreek-West Unity Local,491,7231000,124000,124000,0,0,0,353000
3905064,Ohio,3,3,North Central Local,611,8083000,122000,122000,0,0,0,575000
3905065,Ohio,3,3,Stryker Local,406,5890000,80000,80000,0,0,0,347000
3905067,Ohio,3,3,Eastwood Local,1464,18285000,294000,294000,0,0,0,950000
3905068,Ohio,3,3,Elmwood Local,1243,15362000,265000,172000,6000,0,0,1204000
3905069,Ohio,3,3,Lake Local,1649,17218000,6000,6000,0,0,0,956000
3905070,Ohio,3,3,North Baltimore Local,613,9685000,155000,155000,0,0,0,587000
3905071,Ohio,3,3,Northwood Local Schools,906,12061000,192000,192000,0,0,0,620000
3905072,Ohio,3,3,Otsego Local,1647,16654000,210000,147000,0,0,0,1388000
3905074,Ohio,3,3,Mohawk Local,929,11070000,157000,157000,0,0,0,727000
3906190,Ohio,3,3,Adams County Ohio Valley Local,3752,45349000,648000,622000,0,25000,0,4419000
3906496,Ohio,3,3,College Corner Local,90,1290000,16000,16000,0,0,0,0
3906568,Ohio,3,3,Gallia County Local,2219,28175000,561000,313000,70000,166000,0,2288000
3906968,Ohio,3,3,East Guernsey Local,1071,15652000,156000,109000,0,0,0,596000
3910000,Ohio,3,3,Findlay City,5802,63518000,1204000,1029000,65000,110000,0,6972000
3910001,Ohio,3,3,Van Buren Local,1083,13040000,201000,26000,174000,0,0,556000
3910002,Ohio,3,3,Arcadia Local,597,7638000,110000,0,110000,0,0,316000
3910003,Ohio,3,3,Sidney City,3381,37395000,896000,826000,0,0,0,4132000
3910004,Ohio,3,3,Anna Local,1133,12952000,268000,268000,0,0,0,477000
3910005,Ohio,3,3,Jackson Center Local,598,6314000,116000,64000,53000,0,0,335000
3910006,Ohio,3,3,Salem City,1994,21524000,485000,485000,0,1000,0,1793000
3910007,Ohio,3,3,Leetonia Exempted Village,587,8548000,180000,180000,0,0,0,568000
3910008,Ohio,3,3,Crestline Exempted Village,590,8124000,148000,148000,0,0,0,661000
3910009,Ohio,3,3,Shelby City,1944,21572000,389000,389000,0,0,0,1333000
3910010,Ohio,3,3,Miami Trace Local,2646,30008000,543000,192000,184000,0,0,1958000
3910011,Ohio,3,3,Washington Court House City,2191,22402000,539000,383000,0,53000,0,2228000
3910012,Ohio,3,3,Mount Vernon City,3744,42508000,968000,954000,14000,0,0,3104000
3910013,Ohio,3,3,East Knox Local,894,10488000,245000,165000,0,0,0,721000
3910014,Ohio,3,3,Riverside Local,4270,45476000,683000,571000,16000,14000,0,3125000
3910015,Ohio,3,3,Painesville City Local,2876,38814000,712000,680000,0,0,0,3580000
3910016,Ohio,3,3,Orange City,2049,50605000,514000,333000,155000,26000,0,4137000
3910017,Ohio,3,3,Bedford City,3168,48411000,538000,4000,377000,2000,0,3650000
3910018,Ohio,3,3,Warren Local,2008,22766000,399000,399000,0,0,0,1361000
3910019,Ohio,3,3,Marietta City,2441,26910000,609000,171000,0,377000,0,2551000
3910020,Ohio,3,3,Clyde-Green Springs Exempted Village,2173,25440000,464000,434000,0,0,0,1672000
3910021,Ohio,3,3,Old Fort Local,633,7958000,122000,122000,0,0,0,451000
3910022,Ohio,3,3,Lincolnview Local,824,10488000,188000,173000,15000,0,0,732000
3910023,Ohio,3,3,Van Wert City,2069,24073000,424000,424000,0,0,0,2204000
3910024,Ohio,3,3,Upper Sandusky Exempted Village,1609,19405000,352000,352000,0,0,0,1208000
3910025,Ohio,3,3,Kenton City,1896,22687000,419000,383000,0,35000,0,1951000
3910026,Ohio,3,3,Clay Local,659,7214000,168000,168000,0,0,0,467000
3910027,Ohio,3,3,Portsmouth City,1663,24471000,682000,442000,38000,0,0,3469000
3910028,Ohio,3,3,Rittman Exempted Village,968,11215000,247000,247000,0,0,0,904000
3910029,Ohio,3,3,Wadsworth City,4715,49966000,989000,817000,2000,0,0,3398000
3910030,Ohio,3,3,Celina City,2966,35577000,564000,424000,124000,10000,2000,2484000
3910031,Ohio,3,3,Marion Local,880,9225000,154000,154000,0,0,0,420000
3910032,Ohio,3,3,Wooster City,3427,45320000,853000,728000,48000,29000,0,3627000
3910033,Ohio,3,3,Northwestern Local,1351,15726000,273000,273000,0,0,0,739000
4000013,Oklahoma,3,3,TIMBERLAKE,292,4432000,269000,175000,89000,4000,0,113000
4000014,Oklahoma,3,3,BURNS FLAT-DILL CITY,602,5728000,607000,317000,285000,0,0,205000
4000015,Oklahoma,3,3,THOMAS-FAY-CUSTER UNIFIED DIST,482,5168000,311000,218000,93000,0,0,88000
4000020,Oklahoma,3,3,FRONTIER,368,6991000,422000,323000,89000,1000,0,145000
4000021,Oklahoma,3,3,OKLAHOMA UNION,612,6476000,370000,303000,62000,6000,0,157000
4000032,Oklahoma,3,3,HYDRO-EAKLY,468,4630000,389000,233000,156000,1000,0,106000
4000033,Oklahoma,3,3,KEYS,679,7999000,489000,415000,71000,3000,0,317000
4000782,Oklahoma,3,3,GRAHAM-DUSTIN,169,2299000,213000,159000,47000,0,0,104000
4000797,Oklahoma,3,3,OLUSTEE-ELDORADO,204,2397000,198000,169000,27000,0,2000,43000
4000802,Oklahoma,3,3,NORTH ROCK CREEK,908,8017000,394000,311000,42000,3000,0,113000
4002370,Oklahoma,3,3,ACHILLE,339,3908000,327000,253000,71000,1000,0,116000
4002430,Oklahoma,3,3,ADA,2564,25261000,3392000,2637000,492000,4000,32000,1176000
4002460,Oklahoma,3,3,ADAIR,1069,9358000,623000,534000,82000,5000,0,225000
4002520,Oklahoma,3,3,AFTON,478,5147000,498000,430000,52000,0,0,195000
4002550,Oklahoma,3,3,AGRA,296,3328000,197000,161000,34000,1000,1000,69000
4002580,Oklahoma,1,3,ALBION,61,709000,67000,43000,24000,0,0,0
4002670,Oklahoma,3,3,ALEX,318,5630000,292000,178000,114000,0,0,80000
4002720,Oklahoma,3,3,ALINE-CLEO,128,2121000,96000,77000,18000,1000,0,41000
4002760,Oklahoma,3,3,ALLEN,500,5764000,382000,310000,69000,2000,0,143000
4002790,Oklahoma,1,3,ALLEN-BOWDEN,325,3136000,257000,182000,67000,1000,7000,89000
4002850,Oklahoma,3,3,ALTUS,3366,30431000,2831000,2137000,594000,52000,48000,1069000
4002880,Oklahoma,3,3,ALVA,1031,13987000,1782000,1451000,293000,1000,0,437000
4002910,Oklahoma,3,3,AMBER-POCASSET,496,5304000,279000,180000,87000,11000,0,80000
4003000,Oklahoma,3,3,ANADARKO,1600,15842000,994000,745000,204000,1000,5000,357000
4003010,Oklahoma,1,3,ANDERSON,353,3086000,279000,225000,42000,2000,11000,91000
4003060,Oklahoma,3,3,ANTLERS,965,8832000,684000,532000,149000,0,0,346000
4003120,Oklahoma,3,3,ARAPAHO-BUTLER,480,5027000,315000,245000,68000,1000,0,99000
4003180,Oklahoma,3,3,ARDMORE,2858,28974000,3177000,2076000,840000,68000,150000,808000
4003210,Oklahoma,3,3,ARKOMA,383,3698000,239000,132000,105000,0,0,101000
4003240,Oklahoma,3,3,ARNETT,171,3630000,152000,123000,29000,1000,0,43000
4003300,Oklahoma,3,3,ASHER,281,2755000,76000,72000,0,0,3000,56000
4003360,Oklahoma,3,3,ATOKA,943,10042000,1029000,772000,180000,0,0,274000
4003450,Oklahoma,1,3,AVANT,84,940000,70000,55000,15000,0,0,41000
4003510,Oklahoma,3,3,BALKO,149,3280000,107000,106000,1000,0,0,51000
4003540,Oklahoma,1,3,BANNER,298,2676000,211000,169000,41000,0,0,81000
4003570,Oklahoma,3,3,BARNSDALL,392,4346000,229000,192000,31000,6000,0,94000
4003630,Oklahoma,3,3,BARTLESVILLE,5963,50858000,5199000,4037000,821000,68000,205000,1560000
4003660,Oklahoma,3,3,BATTIEST,239,3230000,165000,125000,38000,0,0,88000
4003690,Oklahoma,1,3,BEARDEN,149,1297000,29000,2000,13000,14000,0,0
4003750,Oklahoma,3,3,BEAVER,302,3930000,156000,154000,3000,0,0,72000
4003810,Oklahoma,3,3,BEGGS,1011,9471000,623000,382000,153000,2000,23000,222000
4003840,Oklahoma,1,3,BELFONTE,170,2354000,87000,33000,53000,0,1000,12000
4003930,Oklahoma,3,3,BENNINGTON,316,3626000,329000,216000,55000,8000,26000,95000
4004020,Oklahoma,3,3,BERRYHILL,1181,9067000,714000,465000,118000,5000,0,282000
4004110,Oklahoma,3,3,BETHANY,1730,14651000,2301000,1873000,340000,6000,20000,673000
4004230,Oklahoma,3,3,BETHEL,1177,10710000,1126000,930000,166000,0,19000,352000
4004350,Oklahoma,3,3,BIG PASTURE,194,2140000,304000,204000,44000,0,13000,122000
4004360,Oklahoma,3,3,BILLINGS,74,1340000,84000,72000,4000,0,6000,51000
4004470,Oklahoma,1,3,BISHOP,576,4106000,228000,170000,58000,0,0,101000
4004500,Oklahoma,3,3,BIXBY,6726,53766000,7318000,4938000,1969000,21000,87000,2490000
4004630,Oklahoma,3,3,BLACKWELL,1129,11309000,1059000,794000,213000,21000,7000,360000
4004650,Oklahoma,3,3,BLAIR,243,2474000,173000,149000,24000,0,0,58000
4004680,Oklahoma,3,3,BLANCHARD,2053,16546000,1946000,1555000,285000,3000,40000,654000
4004830,Oklahoma,3,3,BLUEJACKET,207,2346000,110000,91000,17000,0,2000,49000
4004860,Oklahoma,3,3,BOISE CITY,308,3499000,342000,230000,110000,1000,0,56000
4004950,Oklahoma,3,3,BOKOSHE,164,2796000,122000,104000,17000,0,0,84000
4005010,Oklahoma,3,3,BOONE-APACHE,554,5667000,354000,276000,67000,5000,0,146000
4005040,Oklahoma,3,3,BOSWELL,346,3537000,248000,135000,107000,6000,0,85000
4005130,Oklahoma,3,3,BOWLEGS,212,2660000,123000,121000,0,0,0,51000
4005160,Oklahoma,1,3,BOWRING,62,1052000,35000,35000,0,0,0,23000
4005280,Oklahoma,3,3,BRAGGS,160,1648000,74000,56000,17000,0,0,44000
4005340,Oklahoma,3,3,BRAY-DOYLE,308,5140000,116000,116000,0,0,0,83000
4005400,Oklahoma,3,3,BRIDGE CREEK,1674,13386000,1290000,894000,271000,7000,0,515000
4005430,Oklahoma,1,3,BRIGGS,494,4496000,273000,167000,104000,2000,0,100000
4005460,Oklahoma,3,3,BRISTOW,1750,15783000,996000,642000,180000,3000,56000,334000
4005490,Oklahoma,3,3,BROKEN ARROW,19412,154773000,17687000,13391000,3205000,443000,298000,6365000
4005520,Oklahoma,3,3,BROKEN BOW,1592,14538000,1169000,1007000,143000,3000,13000,614000
4005580,Oklahoma,1,3,BRUSHY,399,3372000,171000,86000,83000,0,1000,43000
4005760,Oklahoma,3,3,BUFFALO,295,3417000,160000,90000,54000,0,16000,40000
4005820,Oklahoma,3,3,BUFFALO VALLEY,134,1761000,64000,58000,0,0,0,52000
4005910,Oklahoma,3,3,BURLINGTON,134,2968000,159000,109000,50000,0,0,21000
4006000,Oklahoma,3,3,BUTNER,234,2665000,179000,82000,2000,94000,0,42000
4006060,Oklahoma,3,3,BYNG,1780,16460000,2224000,1455000,566000,12000,49000,738000
4006120,Oklahoma,3,3,CACHE,2048,20990000,1951000,1693000,156000,0,6000,697000
4006150,Oklahoma,3,3,CADDO,504,5012000,380000,268000,87000,3000,14000,144000
4006180,Oklahoma,3,3,CALERA,787,7683000,602000,456000,144000,0,0,239000
4006240,Oklahoma,3,3,CALUMET,288,5704000,207000,166000,41000,1000,0,96000
4006270,Oklahoma,3,3,CALVIN,156,2512000,110000,71000,38000,1000,0,49000
4006330,Oklahoma,3,3,CAMERON,273,2646000,182000,126000,16000,0,7000,78000
4006390,Oklahoma,3,3,CANADIAN,432,4503000,511000,441000,57000,0,14000,217000
4006420,Oklahoma,3,3,CANEY,268,3269000,130000,93000,36000,0,0,47000
4006480,Oklahoma,3,3,CANTON,349,5534000,392000,277000,111000,4000,0,106000
4006510,Oklahoma,3,3,CANUTE,354,3990000,200000,140000,58000,1000,0,92000
4006630,Oklahoma,3,3,CARNEGIE,547,5767000,275000,128000,121000,0,0,89000
4006690,Oklahoma,3,3,CARNEY,233,2255000,125000,79000,46000,0,0,50000
4006810,Oklahoma,3,3,CASHION,631,7840000,637000,470000,146000,3000,4000,167000
4006850,Oklahoma,3,3,OKEMAH,785,8515000,954000,696000,182000,0,9000,334000
4006870,Oklahoma,3,3,CATOOSA,1881,18473000,1630000,1235000,177000,4000,64000,754000
4006930,Oklahoma,3,3,CAVE SPRINGS,158,2545000,131000,112000,1000,1000,0,64000
4006960,Oklahoma,3,3,CEMENT,210,2517000,143000,118000,25000,0,0,48000
4007140,Oklahoma,3,3,CENTRAL,497,4503000,276000,213000,54000,0,0,97000
4007170,Oklahoma,3,3,CENTRAL HIGH,409,4165000,149000,91000,56000,0,0,42000
4007290,Oklahoma,3,3,CHANDLER,1184,9891000,676000,486000,171000,15000,0,251000
4007320,Oklahoma,3,3,CHATTANOOGA,235,2818000,85000,67000,17000,0,0,50000
4007350,Oklahoma,3,3,CHECOTAH,1398,13411000,1062000,823000,173000,11000,34000,464000
4007380,Oklahoma,3,3,CHELSEA,794,8077000,1089000,894000,145000,2000,25000,424000
4007410,Oklahoma,3,3,CHEROKEE,422,6625000,375000,249000,125000,0,0,147000
4007500,Oklahoma,3,3,CHEYENNE,351,4714000,316000,206000,105000,0,0,89000
4007560,Oklahoma,3,3,CHICKASHA,2195,20809000,2100000,1535000,495000,10000,0,632000
4007620,Oklahoma,3,3,CHOCTAW-NICOMA PARK,5735,44404000,6158000,4685000,933000,4000,496000,2052000
4007670,Oklahoma,3,3,CHOUTEAU-MAZIE,837,11540000,1112000,932000,130000,2000,47000,418000
4007710,Oklahoma,3,3,CIMARRON,262,2735000,121000,79000,42000,0,0,37000
4007740,Oklahoma,3,3,CLAREMORE,3746,33090000,5333000,3792000,1137000,10000,90000,1493000
4007800,Oklahoma,3,3,CLAYTON,295,3845000,283000,241000,41000,0,0,149000
4008010,Oklahoma,1,3,CLEORA,132,2159000,138000,108000,26000,0,4000,55000
4008040,Oklahoma,3,3,CLEVELAND,1644,14536000,1238000,995000,160000,5000,22000,576000
4008070,Oklahoma,3,3,CLINTON,2183,23438000,1646000,1179000,355000,109000,0,485000
4008130,Oklahoma,3,3,COALGATE,646,8770000,754000,648000,106000,0,0,250000
4008220,Oklahoma,3,3,COLBERT,802,7615000,669000,493000,151000,4000,0,224000
4008250,Oklahoma,3,3,COLCORD,607,6791000,609000,501000,99000,3000,0,238000
4008310,Oklahoma,3,3,COLEMAN,159,1812000,109000,81000,26000,2000,0,47000
4008370,Oklahoma,3,3,COLLINSVILLE,2872,22306000,2343000,1659000,515000,5000,51000,927000
4008460,Oklahoma,3,3,COMANCHE,919,8490000,653000,445000,117000,90000,0,208000
4008490,Oklahoma,3,3,COMMERCE,853,8360000,777000,644000,121000,10000,0,281000
4008610,Oklahoma,3,3,COPAN,190,2221000,125000,65000,57000,0,0,44000
4008640,Oklahoma,3,3,CORDELL,681,6802000,326000,230000,92000,4000,0,172000
4008730,Oklahoma,1,3,COTTONWOOD,181,2216000,227000,108000,119000,0,0,67000
4008790,Oklahoma,3,3,COVINGTON-DOUGLAS,272,3528000,153000,99000,54000,0,0,54000
4008850,Oklahoma,3,3,COWETA,3364,24777000,3089000,2286000,621000,6000,31000,1459000
4008940,Oklahoma,3,3,COYLE,310,3419000,271000,225000,45000,1000,0,140000
4009000,Oklahoma,3,3,CRESCENT,557,5333000,462000,363000,98000,0,0,203000
4009060,Oklahoma,3,3,CROOKED OAK,1220,11816000,684000,507000,164000,0,0,284000
4009090,Oklahoma,3,3,CROWDER,328,4141000,313000,279000,34000,0,0,215000
4009150,Oklahoma,1,3,CRUTCHO,350,3270000,245000,183000,62000,0,0,91000
4009240,Oklahoma,3,3,CUSHING,1775,17817000,929000,752000,117000,0,48000,561000
4009300,Oklahoma,3,3,CYRIL,334,3533000,160000,136000,24000,0,0,97000
4009360,Oklahoma,1,3,DAHLONEGAH,137,2382000,140000,49000,90000,0,0,36000
4009390,Oklahoma,3,3,DALE,784,7154000,406000,302000,102000,0,2000,145000
4009420,Oklahoma,1,3,DARLINGTON,227,2703000,102000,44000,54000,0,4000,17000
4009450,Oklahoma,3,3,DAVENPORT,414,3801000,192000,108000,64000,0,20000,67000
4009510,Oklahoma,3,3,DAVIS,962,8907000,890000,673000,163000,53000,0,313000
4009570,Oklahoma,3,3,DEER CREEK,6872,50680000,4823000,3649000,916000,148000,23000,1680000
4009720,Oklahoma,1,3,DENISON,323,2528000,138000,117000,21000,0,0,58000
4009750,Oklahoma,3,3,DEPEW,365,3586000,203000,98000,99000,0,5000,54000
4009780,Oklahoma,3,3,DEWAR,454,3720000,187000,156000,4000,0,0,46000
4009810,Oklahoma,3,3,DEWEY,1239,9872000,1029000,654000,182000,1000,0,360000
4009870,Oklahoma,3,3,DIBBLE,694,5951000,433000,231000,203000,0,0,149000
4009910,Oklahoma,3,3,DICKSON,1339,12195000,745000,589000,130000,8000,0,210000
4010050,Oklahoma,3,3,DOVER,153,2519000,78000,58000,17000,0,0,5000
4010170,Oklahoma,3,3,DRUMMOND,354,3445000,192000,154000,36000,2000,0,51000
4010200,Oklahoma,3,3,DRUMRIGHT,474,5169000,165000,142000,22000,0,0,104000
4010260,Oklahoma,3,3,DUKE,163,1792000,137000,106000,31000,0,0,17000
4010290,Oklahoma,3,3,DUNCAN,3484,31120000,2842000,2233000,419000,67000,84000,960000
4010350,Oklahoma,3,3,DURANT,3781,31830000,3576000,2751000,766000,11000,13000,1341000
4010440,Oklahoma,3,3,EAGLETOWN,160,2280000,98000,96000,3000,0,0,65000
4010500,Oklahoma,3,3,EARLSBORO,276,2531000,69000,62000,0,4000,3000,40000
4010560,Oklahoma,1,3,PEAVINE,110,1316000,75000,54000,22000,0,0,28000
4010590,Oklahoma,3,3,EDMOND,25619,211283000,29944000,21356000,7401000,1001000,31000,9304000
4010650,Oklahoma,3,3,EL RENO,2908,27251000,2400000,1660000,696000,22000,1000,935000
4010710,Oklahoma,3,3,ELGIN,2412,19518000,2378000,2032000,322000,9000,0,640000
4010740,Oklahoma,3,3,ELK CITY,2180,18347000,1392000,1095000,291000,0,6000,614000
4010860,Oklahoma,3,3,ELMORE CITY-PERNELL,512,5251000,263000,199000,46000,2000,4000,156000
4010890,Oklahoma,3,3,EMPIRE,526,5113000,185000,133000,41000,10000,0,86000
4010920,Oklahoma,3,3,ENID,7802,68857000,9789000,6722000,2171000,280000,543000,2958000
4011040,Oklahoma,3,3,ERICK,226,2582000,130000,101000,27000,1000,0,79000
4011160,Oklahoma,3,3,EUFAULA,1181,11748000,1422000,1194000,136000,5000,0,482000
4011250,Oklahoma,3,3,FAIRLAND,642,6029000,523000,378000,136000,2000,6000,181000
4011280,Oklahoma,3,3,FAIRVIEW,805,9137000,839000,595000,230000,5000,0,258000
4011400,Oklahoma,1,3,FANSHAWE,102,972000,25000,3000,22000,0,0,0
4011430,Oklahoma,3,3,FARGO,253,3460000,87000,78000,6000,1000,1000,51000
4011580,Oklahoma,3,3,FELT,84,1292000,34000,22000,12000,0,0,0
4011700,Oklahoma,3,3,FLETCHER,480,3917000,234000,171000,54000,0,0,88000
4011760,Oklahoma,1,3,FLOWER MOUND,326,2524000,123000,55000,64000,4000,0,26000
4011850,Oklahoma,1,3,FOREST GROVE,130,1814000,111000,85000,24000,1000,0,47000
4011880,Oklahoma,3,3,FORGAN,131,1961000,100000,100000,0,0,0,29000
4011970,Oklahoma,3,3,FORT GIBSON,1775,16471000,1565000,1233000,318000,0,0,468000
4012000,Oklahoma,3,3,FORT SUPPLY,143,2507000,108000,56000,18000,2000,0,29000
4012060,Oklahoma,3,3,FOX,242,2819000,72000,71000,1000,0,0,60000
4012090,Oklahoma,3,3,FOYIL,471,4555000,440000,389000,44000,4000,3000,225000
4012150,Oklahoma,3,3,FREDERICK,850,8313000,417000,304000,112000,0,0,200000
4012210,Oklahoma,1,3,FRIEND,256,2003000,137000,104000,32000,0,0,72000
4012240,Oklahoma,1,3,FRINK-CHAMBERS,437,3590000,184000,77000,105000,1000,1000,53000
4012300,Oklahoma,3,3,FORT TOWSON,343,4653000,424000,298000,65000,0,1000,169000
4012390,Oklahoma,3,3,GANS,398,3932000,323000,232000,88000,0,0,151000
4012420,Oklahoma,3,3,GARBER,400,4306000,319000,253000,62000,0,0,93000
4012570,Oklahoma,3,3,GEARY,318,5245000,271000,187000,63000,0,14000,93000
4012630,Oklahoma,3,3,GERONIMO,336,3334000,199000,183000,9000,0,0,57000
4012690,Oklahoma,3,3,GLENCOE,347,3398000,261000,216000,44000,0,0,102000
4012720,Oklahoma,3,3,GLENPOOL,2837,23737000,2690000,2141000,420000,28000,15000,1003000
4012750,Oklahoma,1,3,GLOVER,68,740000,58000,42000,10000,1000,0,10000
4012870,Oklahoma,3,3,GOODWELL,224,2453000,86000,60000,25000,0,0,51000
4012900,Oklahoma,3,3,GORE,520,4754000,362000,258000,99000,5000,0,109000
4013080,Oklahoma,3,3,GRACEMONT,120,1850000,72000,45000,27000,0,0,28000
4013200,Oklahoma,3,3,GRANDFIELD,207,2324000,165000,128000,37000,0,0,52000
4013230,Oklahoma,1,3,GRAND VIEW,593,6741000,415000,293000,90000,28000,1000,110000
4013260,Oklahoma,1,3,GRANDVIEW,128,1097000,80000,43000,37000,0,0,27000
4013290,Oklahoma,3,3,GRANITE,225,2653000,160000,86000,30000,0,2000,0
4013380,Oklahoma,1,3,GREENVILLE,101,1254000,115000,112000,2000,1000,0,45000
4013500,Oklahoma,1,3,GROVE,522,4246000,467000,367000,98000,2000,0,148000
4013530,Oklahoma,3,3,GROVE,2529,22332000,2271000,1647000,394000,32000,133000,749000
4013560,Oklahoma,3,3,GUTHRIE,3492,30427000,3638000,2395000,702000,45000,349000,1169000
4013590,Oklahoma,3,3,GUYMON,3070,27528000,1575000,1358000,126000,1000,0,448000
4013620,Oklahoma,3,3,HAILEYVILLE,328,3603000,281000,193000,63000,0,4000,130000
4013650,Oklahoma,3,3,HAMMON,275,3854000,132000,85000,45000,1000,0,65000
4013680,Oklahoma,3,3,HANNA,73,1067000,98000,87000,10000,0,0,49000
4013740,Oklahoma,3,3,HARDESTY,71,1590000,58000,43000,4000,0,0,34000
4013830,Oklahoma,1,3,HARMONY,223,2070000,297000,240000,56000,1000,0,81000
4013890,Oklahoma,3,3,HARRAH,2263,17556000,2004000,1450000,410000,10000,25000,710000
4013920,Oklahoma,3,3,HARTSHORNE,775,8905000,656000,448000,128000,1000,16000,197000
4013950,Oklahoma,3,3,HASKELL,740,7172000,667000,492000,125000,6000,6000,272000
4014080,Oklahoma,3,3,HAWORTH,515,5812000,312000,259000,50000,0,0,85000
4014100,Oklahoma,1,3,HAYWOOD,104,1565000,234000,68000,158000,8000,0,56000
4014130,Oklahoma,3,3,HEALDTON,477,4866000,173000,169000,0,1000,3000,80000
4014160,Oklahoma,3,3,HEAVENER,917,10255000,1637000,1104000,274000,1000,121000,471000
4014340,Oklahoma,3,3,HENNESSEY,883,11366000,543000,363000,166000,4000,0,243000
4014370,Oklahoma,3,3,HENRYETTA,1185,11328000,1481000,1184000,255000,7000,35000,556000
4014520,Oklahoma,3,3,HILLDALE,1960,15492000,1032000,552000,409000,5000,16000,269000
4014610,Oklahoma,3,3,HINTON,735,6320000,314000,233000,67000,1000,0,25000
4014670,Oklahoma,3,3,MIDWAY,224,2341000,186000,139000,36000,2000,0,66000
4014700,Oklahoma,3,3,HOBART,736,7262000,548000,419000,103000,0,0,182000
4014730,Oklahoma,1,3,HODGEN,234,2182000,178000,89000,89000,0,0,56000
4014790,Oklahoma,3,3,HOLDENVILLE,1022,11152000,1260000,762000,433000,1000,25000,358000
4014850,Oklahoma,3,3,HOLLIS,532,5898000,475000,312000,162000,0,0,198000
4014890,Oklahoma,1,3,HOLLY CREEK,241,2556000,209000,156000,53000,0,0,58000
4014970,Oklahoma,3,3,HOMINY,576,5567000,540000,427000,91000,5000,7000,187000
4015090,Oklahoma,3,3,HOOKER,629,5941000,371000,264000,102000,4000,0,97000
4015120,Oklahoma,3,3,HOWE,640,5683000,403000,379000,22000,2000,0,177000
4015210,Oklahoma,3,3,HUGO,1198,11535000,1265000,954000,175000,3000,0,422000
4015240,Oklahoma,3,3,HULBERT,543,5537000,507000,332000,130000,0,0,129000
4015370,Oklahoma,3,3,IDABEL,1258,12922000,850000,690000,107000,3000,3000,406000
4015420,Oklahoma,3,3,INDIAHOMA,191,2403000,193000,109000,79000,0,0,59000
4015450,Oklahoma,3,3,INDIANOLA,274,2963000,173000,136000,31000,4000,0,49000
4015480,Oklahoma,3,3,INOLA,1261,11598000,1098000,709000,339000,1000,17000,302000
4015690,Oklahoma,3,3,JAY,1490,19534000,1863000,1146000,334000,153000,57000,511000
4015720,Oklahoma,3,3,JENKS,12527,113399000,16379000,11993000,4142000,68000,0,5742000
4015750,Oklahoma,1,3,JENNINGS,224,2225000,112000,83000,29000,0,0,49000
4015840,Oklahoma,3,3,JONES,1123,9550000,567000,427000,123000,3000,2000,219000
4015900,Oklahoma,1,3,JUSTICE,182,2433000,138000,126000,3000,9000,0,47000
4015930,Oklahoma,1,3,JUSTUS-TIAWAH,565,4273000,315000,241000,53000,0,1000,146000
4015990,Oklahoma,3,3,KANSAS,839,9093000,1260000,910000,246000,0,1000,515000
4016170,Oklahoma,3,3,KELLYVILLE,852,8125000,336000,215000,87000,0,7000,135000
4016320,Oklahoma,1,3,KENWOOD,93,939000,15000,12000,3000,0,0,7000
4016350,Oklahoma,3,3,KEOTA,420,4275000,274000,138000,75000,0,3000,90000
4016380,Oklahoma,3,3,KETCHUM,598,5928000,426000,295000,127000,1000,3000,171000
4016470,Oklahoma,1,3,KEYSTONE,318,2716000,390000,230000,123000,0,35000,53000
4016500,Oklahoma,3,3,KIEFER,913,7187000,465000,371000,87000,0,0,202000
4016530,Oklahoma,1,3,KILDARE,110,1314000,25000,9000,16000,1000,0,7000
4016560,Oklahoma,3,3,KINGFISHER,1519,15450000,1123000,757000,358000,3000,0,261000
4016590,Oklahoma,3,3,KINGSTON,1243,12278000,1356000,1114000,195000,17000,16000,464000
4016620,Oklahoma,3,3,KINTA,196,2169000,96000,61000,9000,0,0,42000
4016650,Oklahoma,3,3,KIOWA,294,4381000,284000,228000,54000,0,0,150000
4016710,Oklahoma,3,3,KONAWA,601,6133000,323000,293000,0,4000,24000,186000
4016720,Oklahoma,1,3,KREBS,469,3683000,211000,151000,53000,0,0,66000
4016740,Oklahoma,3,3,KREMLIN-HILLSDALE,277,3138000,167000,130000,38000,0,0,82000
4017020,Oklahoma,3,3,DEER CREEK-LAMONT,141,2706000,110000,82000,26000,0,2000,55000
4017040,Oklahoma,1,3,LANE,284,3252000,234000,149000,83000,0,0,70000
4017190,Oklahoma,3,3,LATTA,911,8185000,633000,384000,146000,5000,5000,175000
4017220,Oklahoma,3,3,LAVERNE,476,4804000,161000,106000,24000,1000,0,53000
4017250,Oklahoma,3,3,LAWTON,13679,137031000,23222000,14134000,8374000,29000,17000,8911000
4017280,Oklahoma,3,3,LE FLORE,259,2904000,129000,101000,26000,1000,0,42000
4017310,Oklahoma,1,3,LEACH,148,1327000,57000,39000,18000,0,0,17000
4017370,Oklahoma,3,3,LEEDEY,216,3165000,270000,156000,112000,2000,0,52000
4017580,Oklahoma,3,3,LEXINGTON,1038,9274000,657000,495000,162000,0,0,337000
4017700,Oklahoma,1,3,LIBERTY,335,2837000,189000,115000,69000,3000,0,63000
4017760,Oklahoma,3,3,LIBERTY,504,4894000,325000,225000,99000,1000,1000,128000
4017850,Oklahoma,3,3,LINDSAY,1224,10580000,736000,630000,84000,3000,12000,411000
4017880,Oklahoma,3,3,LITTLE AXE,1293,11292000,1116000,834000,198000,10000,0,452000
4018000,Oklahoma,3,3,LOCUST GROVE,1339,13359000,1520000,1128000,287000,1000,2000,603000
4018090,Oklahoma,3,3,LONE GROVE,1441,11963000,1074000,890000,104000,2000,2000,443000
4018240,Oklahoma,1,3,LONE STAR,931,6124000,262000,196000,62000,0,4000,101000
4018270,Oklahoma,3,3,LONE WOLF,107,1176000,45000,37000,8000,0,0,15000
4018390,Oklahoma,3,3,LOOKEBA SICKLES,235,2382000,130000,113000,16000,0,1000,70000
4018480,Oklahoma,1,3,LOWREY,127,1427000,107000,93000,13000,0,1000,37000
4018570,Oklahoma,1,3,LUKFATA,394,3123000,116000,84000,30000,1000,0,43000
4018630,Oklahoma,3,3,LUTHER,776,6788000,535000,450000,72000,1000,3000,260000
4018660,Oklahoma,3,3,MACOMB,268,2990000,85000,85000,0,0,0,70000
4018700,Oklahoma,3,3,MADILL,1747,15217000,1075000,898000,113000,2000,16000,453000
4018780,Oklahoma,3,3,MANGUM,717,7952000,544000,409000,130000,4000,0,135000
4018840,Oklahoma,3,3,MANNFORD,1475,13535000,1163000,1035000,100000,2000,26000,543000
4018870,Oklahoma,1,3,MANNSVILLE,107,1250000,101000,84000,17000,0,0,48000
4018900,Oklahoma,1,3,MAPLE,186,2621000,66000,38000,27000,0,0,30000
4018960,Oklahoma,1,3,MARBLE CITY,109,1307000,140000,84000,32000,0,2000,42000
4018990,Oklahoma,3,3,MARIETTA,1132,10234000,423000,343000,4000,0,1000,187000
4019080,Oklahoma,3,3,MARLOW,1358,11512000,893000,722000,162000,0,0,333000
4019200,Oklahoma,1,3,MARYETTA,638,7529000,704000,263000,268000,2000,3000,90000
4019260,Oklahoma,3,3,MASON,256,2791000,135000,111000,23000,0,0,45000
4019290,Oklahoma,3,3,MAUD,269,3090000,125000,118000,0,0,7000,85000
4019380,Oklahoma,3,3,MAYSVILLE,325,3019000,179000,132000,43000,0,3000,74000
4019410,Oklahoma,3,3,MCCURTAIN,214,2405000,176000,127000,46000,1000,0,54000
4019440,Oklahoma,3,3,MCALESTER,3100,30586000,3091000,2461000,509000,4000,4000,1094000
4019500,Oklahoma,1,3,MCCORD,337,2557000,152000,85000,67000,1000,0,49000
4019560,Oklahoma,3,3,MCLOUD,1666,14852000,1423000,1034000,286000,1000,27000,409000
4019620,Oklahoma,3,3,MEDFORD,282,6105000,412000,344000,68000,0,0,84000
4019680,Oklahoma,3,3,MEEKER,770,7023000,795000,628000,90000,78000,0,324000
4019800,Oklahoma,3,3,MERRITT,814,6636000,382000,258000,124000,0,0,161000
4019860,Oklahoma,3,3,MIAMI,2185,20940000,1746000,1486000,201000,6000,19000,491000
4019890,Oklahoma,1,3,MIDDLEBERG,210,1842000,133000,93000,40000,0,0,40000
4019950,Oklahoma,3,3,MIDWEST CITY-DEL CITY,14207,122328000,16622000,12147000,3349000,94000,574000,6269000
4019980,Oklahoma,3,3,MILBURN,195,1952000,134000,83000,51000,0,0,0
4020040,Oklahoma,3,3,MILL CREEK,172,1839000,43000,36000,6000,0,0,34000
4020080,Oklahoma,3,3,MILLWOOD,957,9191000,402000,342000,47000,0,0,188000
4020100,Oklahoma,3,3,MINCO,548,5589000,310000,241000,64000,0,0,135000
4020160,Oklahoma,1,3,MOFFETT,355,3547000,330000,233000,96000,1000,0,49000
4020190,Oklahoma,1,3,MONROE,127,1098000,70000,55000,14000,0,0,12000
4020250,Oklahoma,3,3,MOORE,24961,209618000,33124000,25204000,6772000,445000,196000,9900000
4020280,Oklahoma,3,3,MOORELAND,560,5605000,306000,251000,54000,1000,0,77000
4020310,Oklahoma,3,3,MORRIS,998,9232000,781000,632000,131000,1000,9000,295000
4020340,Oklahoma,3,3,MORRISON,585,5935000,400000,306000,92000,2000,0,176000
4020430,Oklahoma,1,3,MOSELEY,162,1752000,97000,71000,26000,0,0,43000
4020460,Oklahoma,3,3,MOSS,265,3340000,170000,132000,37000,0,0,76000
4020550,Oklahoma,3,3,MOUNDS,579,5513000,423000,320000,97000,0,6000,194000
4020640,Oklahoma,3,3,MOYERS,172,2039000,169000,159000,3000,6000,0,100000
4020880,Oklahoma,3,3,MULDROW,1325,12578000,1209000,1026000,179000,0,3000,597000
4020910,Oklahoma,3,3,MULHALL-ORLANDO,228,3177000,246000,194000,52000,0,0,60000
4020970,Oklahoma,3,3,MUSKOGEE,5367,53642000,4543000,3091000,1001000,6000,279000,1464000
4021000,Oklahoma,3,3,MUSTANG,12355,107326000,12845000,9397000,2432000,8000,531000,4301000
4021030,Oklahoma,3,3,SHARON-MUTUAL,238,3481000,191000,129000,62000,1000,0,51000
4021120,Oklahoma,1,3,NASHOBA,58,816000,51000,0,50000,1000,0,0
4021180,Oklahoma,3,3,NAVAJO,479,4117000,248000,150000,93000,0,0,100000
4021360,Oklahoma,3,3,NEW LIMA,260,2881000,187000,168000,1000,0,14000,87000
4021510,Oklahoma,3,3,NEWCASTLE,2336,17726000,1902000,1371000,431000,9000,89000,704000
4021540,Oklahoma,3,3,NEWKIRK,697,8001000,688000,525000,101000,1000,37000,253000
4021600,Oklahoma,3,3,NINNEKAH,531,5842000,196000,130000,58000,8000,0,51000
4021630,Oklahoma,3,3,NOBLE,2802,24374000,2157000,1627000,418000,8000,0,959000
4021720,Oklahoma,3,3,NORMAN,16281,146469000,22285000,16853000,3587000,81000,1199000,6988000
4021780,Oklahoma,3,3,CHISHOLM,1170,9853000,1113000,889000,208000,7000,0,311000
4021870,Oklahoma,1,3,GREASY,67,1131000,87000,63000,13000,0,10000,43000
4021900,Oklahoma,1,3,NORWOOD,150,1607000,191000,109000,75000,1000,6000,56000
4021930,Oklahoma,3,3,NOWATA,796,7509000,660000,529000,125000,6000,0,161000
4022160,Oklahoma,1,3,OAK GROVE,177,1324000,36000,20000,16000,0,0,19000
4022350,Oklahoma,1,3,OAKDALE,684,5842000,548000,387000,159000,1000,0,202000
4022410,Oklahoma,3,3,OAKS-MISSION,160,2939000,100000,83000,16000,1000,0,62000
4022560,Oklahoma,3,3,OILTON,253,2797000,175000,103000,71000,0,0,73000
4022590,Oklahoma,3,3,OKARCHE,393,5276000,312000,259000,53000,0,0,90000
4022620,Oklahoma,3,3,OKAY,365,3458000,320000,241000,79000,0,0,103000
4022650,Oklahoma,3,3,OKEENE,329,3962000,218000,147000,62000,3000,0,93000
4022770,Oklahoma,3,3,OKLAHOMA CITY,35895,373411000,46100000,30886000,10213000,1250000,3465000,17237000
4022800,Oklahoma,3,3,OKMULGEE,1213,14312000,1589000,1049000,285000,81000,41000,563000
4022830,Oklahoma,3,3,OKTAHA,665,6869000,517000,322000,155000,0,25000,178000
4022860,Oklahoma,3,3,OLIVE,255,3323000,230000,180000,50000,0,0,100000
4022950,Oklahoma,3,3,LOMEGA,221,3506000,128000,123000,0,0,5000,50000
4023040,Oklahoma,3,3,OOLOGAH-TALALA,1771,14831000,1181000,847000,260000,1000,24000,396000
4023190,Oklahoma,1,3,OSAGE,145,1646000,210000,145000,36000,1000,2000,47000
4023220,Oklahoma,1,3,OSAGE HILLS,196,1671000,55000,48000,3000,0,0,26000
4023280,Oklahoma,3,3,OWASSO,9782,77593000,7162000,4687000,1750000,246000,305000,2544000
4023340,Oklahoma,3,3,PADEN,241,3012000,109000,109000,0,0,0,54000
4023370,Oklahoma,3,3,PANAMA,736,6578000,279000,199000,77000,3000,0,110000
4023400,Oklahoma,3,3,PANOLA,92,1237000,85000,84000,1000,0,0,40000
4023430,Oklahoma,3,3,PAOLI,214,2494000,184000,142000,42000,0,0,102000
4023550,Oklahoma,3,3,PAULS VALLEY,1293,12529000,1323000,1101000,140000,3000,12000,562000
4023580,Oklahoma,3,3,PAWHUSKA,744,8031000,729000,568000,101000,41000,0,246000
4023610,Oklahoma,3,3,PAWNEE,651,7419000,500000,366000,75000,0,59000,186000
4023700,Oklahoma,1,3,PECKHAM,101,1760000,116000,75000,41000,0,0,50000
4023730,Oklahoma,1,3,PEGGS,210,2758000,257000,129000,128000,0,0,75000
4023800,Oklahoma,3,3,PERKINS-TRYON,1536,12558000,1064000,793000,228000,2000,6000,330000
4023850,Oklahoma,3,3,PERRY,1083,9847000,1157000,886000,170000,7000,0,343000
4023970,Oklahoma,3,3,PIEDMONT,4535,33610000,3393000,2246000,975000,3000,17000,1006000
4024150,Oklahoma,1,3,PIONEER,388,2915000,143000,94000,49000,0,0,48000
4024180,Oklahoma,3,3,PITTSBURG,145,1790000,88000,42000,36000,0,1000,0
4024240,Oklahoma,3,3,PLAINVIEW,1524,12987000,1317000,909000,206000,0,0,450000
4024330,Oklahoma,1,3,PLEASANT GROVE,247,2468000,91000,67000,24000,0,0,43000
4024510,Oklahoma,3,3,PIONEER-PLEASANT VALE,503,7153000,456000,309000,147000,0,0,142000
4024630,Oklahoma,3,3,POCOLA,774,6795000,418000,293000,50000,0,0,195000
4024690,Oklahoma,3,3,PONCA CITY,4741,44388000,4557000,3244000,984000,14000,161000,1504000
4024720,Oklahoma,3,3,POND CREEK-HUNTER,340,5663000,358000,269000,88000,2000,0,181000
4024840,Oklahoma,3,3,PORUM,448,4456000,234000,201000,27000,1000,4000,121000
4024870,Oklahoma,3,3,POTEAU,2277,20861000,2025000,1362000,578000,14000,13000,715000
4024930,Oklahoma,3,3,PRAGUE,1034,8223000,453000,359000,78000,0,11000,225000
4025050,Oklahoma,3,3,PRESTON,577,4491000,168000,145000,20000,0,0,100000
4025080,Oklahoma,1,3,PRETTY WATER,240,2657000,187000,99000,88000,0,0,72000
4025170,Oklahoma,3,3,PRUE,289,2682000,225000,179000,46000,0,0,108000
4025200,Oklahoma,3,3,PRYOR,2757,35960000,2607000,1958000,495000,9000,3000,797000
4025230,Oklahoma,3,3,PURCELL,1425,12281000,1383000,970000,294000,85000,24000,436000
4025290,Oklahoma,3,3,PUTNAM CITY,19652,178773000,21793000,15808000,5191000,154000,190000,8099000
4025320,Oklahoma,3,3,QUAPAW,569,5539000,437000,383000,45000,8000,0,180000
4025410,Oklahoma,3,3,QUINTON,430,4473000,286000,256000,25000,0,5000,180000
4025470,Oklahoma,3,3,CANEY VALLEY,838,6784000,376000,353000,0,4000,14000,177000
4025500,Oklahoma,3,3,RATTAN,466,5457000,267000,215000,13000,0,0,115000
4025530,Oklahoma,1,3,RAVIA,92,1119000,34000,24000,11000,0,0,19000
4025590,Oklahoma,3,3,RED OAK,329,3155000,187000,108000,33000,1000,19000,44000
4025800,Oklahoma,3,3,REYDON,115,2473000,124000,93000,32000,0,0,42000
4025860,Oklahoma,3,3,RINGLING,377,4371000,184000,181000,0,0,0,124000
4025920,Oklahoma,3,3,RINGWOOD,370,4037000,197000,197000,0,0,0,92000
4025950,Oklahoma,3,3,RIPLEY,456,4730000,262000,201000,45000,0,0,133000
4026010,Oklahoma,1,3,RIVERSIDE,161,1871000,71000,35000,33000,0,2000,0
4026100,Oklahoma,1,3,ROBIN HILL,367,2647000,168000,110000,57000,0,0,50000
4026250,Oklahoma,1,3,ROCKY MOUNTAIN,173,2218000,124000,37000,87000,0,0,34000
4026280,Oklahoma,3,3,ROFF,323,3459000,273000,237000,35000,0,0,142000
4026310,Oklahoma,3,3,ROLAND,933,8384000,940000,526000,213000,0,10000,254000
4026550,Oklahoma,3,3,RUSH SPRINGS,510,5311000,431000,305000,122000,2000,2000,162000
4026580,Oklahoma,1,3,RYAL,68,949000,127000,110000,10000,1000,0,47000
4026610,Oklahoma,3,3,RYAN,236,3305000,105000,29000,0,0,0,0
4026640,Oklahoma,3,3,SOUTH COFFEYVILLE,220,2350000,141000,97000,39000,0,0,42000
4026730,Oklahoma,3,3,SALINA,800,7947000,544000,365000,171000,8000,0,244000
4026790,Oklahoma,3,3,SALLISAW,1877,16158000,1378000,1023000,296000,10000,39000,490000
4026880,Oklahoma,3,3,SAND SPRINGS,5064,44935000,3980000,3031000,929000,17000,1000,1607000
4026910,Oklahoma,3,3,SAPULPA,3664,34091000,3638000,2715000,739000,22000,0,1363000
4026940,Oklahoma,3,3,SASAKWA,229,2423000,101000,66000,19000,0,16000,27000
4027000,Oklahoma,3,3,SAVANNA,380,4565000,184000,148000,35000,1000,0,99000
4027060,Oklahoma,3,3,SAYRE,710,7367000,465000,354000,100000,0,2000,167000
4027090,Oklahoma,3,3,SCHULTER,130,1417000,77000,61000,16000,0,0,41000
4027240,Oklahoma,3,3,SEILING,461,5830000,338000,244000,88000,0,1000,140000
4027300,Oklahoma,3,3,SEMINOLE,1508,14866000,1169000,833000,233000,7000,2000,513000
4027330,Oklahoma,3,3,SENTINEL,316,3774000,120000,120000,0,0,0,89000
4027390,Oklahoma,3,3,SEQUOYAH,1284,10876000,698000,497000,186000,3000,11000,241000
4027420,Oklahoma,1,3,SHADY GROVE,153,1747000,87000,87000,0,0,0,51000
4027450,Oklahoma,1,3,SHADY POINT,158,1519000,128000,95000,32000,0,0,66000
4027540,Oklahoma,3,3,SHATTUCK,366,5070000,321000,232000,89000,1000,0,134000
4027570,Oklahoma,3,3,SHAWNEE,3642,36698000,3172000,2309000,778000,15000,0,1340000
4027630,Oklahoma,3,3,SHIDLER,239,2770000,139000,138000,0,1000,0,85000
4027640,Oklahoma,3,3,SILO,988,8967000,911000,751000,145000,1000,0,376000
4027750,Oklahoma,3,3,SKIATOOK,2352,19885000,1891000,1356000,368000,8000,26000,669000
4027840,Oklahoma,3,3,SMITHVILLE,270,3852000,195000,142000,44000,2000,0,98000
4027930,Oklahoma,3,3,SNYDER,480,5201000,385000,273000,109000,3000,0,86000
4027960,Oklahoma,3,3,SOPER,361,3477000,194000,98000,85000,0,0,65000
4027990,Oklahoma,1,3,SOUTH ROCK CREEK,416,3267000,117000,116000,0,0,1000,63000
4028170,Oklahoma,3,3,SPERRY,1046,9904000,736000,558000,160000,4000,0,314000
4028200,Oklahoma,3,3,SPIRO,1051,9229000,342000,259000,81000,1000,0,200000
4028350,Oklahoma,3,3,SPRINGER,206,2610000,169000,159000,0,0,5000,74000
4028590,Oklahoma,3,3,STERLING,349,3538000,254000,204000,38000,9000,0,97000
4028620,Oklahoma,1,3,STIDHAM,87,1059000,87000,70000,15000,1000,0,52000
4028650,Oklahoma,3,3,STIGLER,1253,11636000,1134000,820000,272000,4000,36000,483000
4028680,Oklahoma,3,3,STILLWATER,6312,59874000,6850000,5107000,1729000,7000,1000,2059000
4028710,Oklahoma,3,3,STILWELL,1344,15098000,1392000,941000,201000,11000,6000,529000
4028800,Oklahoma,3,3,STONEWALL,445,5359000,343000,297000,39000,0,0,165000
4028980,Oklahoma,3,3,STRATFORD,644,6254000,390000,298000,92000,0,0,190000
4029010,Oklahoma,3,3,STRINGTOWN,235,3206000,210000,99000,109000,0,0,46000
4029040,Oklahoma,3,3,STROTHER,408,4773000,229000,154000,72000,0,3000,90000
4029070,Oklahoma,3,3,STROUD,791,10431000,374000,253000,89000,0,32000,186000
4029100,Oklahoma,3,3,STUART,260,3170000,182000,159000,23000,0,0,69000
4029160,Oklahoma,3,3,SULPHUR,1558,13077000,1074000,858000,216000,0,0,345000
4029310,Oklahoma,3,3,SWEETWATER,124,3361000,164000,134000,28000,2000,0,63000
4029380,Oklahoma,3,3,TAHLEQUAH,3663,36968000,3534000,2697000,678000,21000,24000,1104000
4029400,Oklahoma,3,3,TALIHINA,565,6370000,496000,328000,123000,15000,1000,146000
4029430,Oklahoma,3,3,TALOGA,91,2550000,150000,42000,108000,0,0,23000
4029520,Oklahoma,1,3,TANNEHILL,138,1628000,150000,125000,25000,0,0,53000
4029610,Oklahoma,3,3,TECUMSEH,2086,18424000,1723000,1102000,570000,1000,40000,582000
4029640,Oklahoma,3,3,TEMPLE,189,2553000,145000,107000,36000,1000,0,44000
4029670,Oklahoma,1,3,TENKILLER,256,3261000,180000,85000,95000,0,0,69000
4029820,Oklahoma,3,3,TEXHOMA,294,2726000,57000,57000,0,0,0,51000
4029850,Oklahoma,3,3,THACKERVILLE,273,3452000,160000,160000,0,0,0,94000
4029886,Oklahoma,3,3,MOUNTAIN VIEW-GOTEBO,247,3112000,87000,62000,24000,0,0,44000
4030030,Oklahoma,3,3,TIPTON,267,2775000,105000,89000,13000,0,0,48000
4030048,Oklahoma,3,3,WOODLAND,398,4788000,220000,220000,0,0,0,110000
4030060,Oklahoma,3,3,TISHOMINGO,899,8347000,643000,392000,198000,4000,0,243000
4030120,Oklahoma,3,3,TONKAWA,798,6901000,689000,564000,113000,0,0,248000
4030197,Oklahoma,3,3,PORTER CONSOLIDATED,587,5427000,337000,252000,75000,4000,6000,162000
4030240,Oklahoma,3,3,TULSA,34847,387970000,46742000,33502000,6610000,3654000,2459000,16024000
4030270,Oklahoma,3,3,TUPELO,237,2943000,221000,173000,38000,9000,0,100000
4030290,Oklahoma,1,3,TURKEY FORD,101,1100000,35000,20000,15000,0,0,13000
4030300,Oklahoma,3,3,TURNER,311,3269000,273000,215000,50000,3000,0,66000
4030330,Oklahoma,3,3,TURPIN,446,5197000,301000,197000,104000,1000,0,103000
4030360,Oklahoma,3,3,TUSHKA,469,4614000,343000,240000,102000,0,1000,105000
4030390,Oklahoma,1,3,TUSKAHOMA,68,895000,89000,68000,21000,0,0,45000
4030420,Oklahoma,3,3,TUTTLE,1964,15155000,1417000,932000,475000,9000,1000,532000
4030450,Oklahoma,1,3,TWIN HILLS,329,3157000,208000,140000,66000,1000,0,66000
4030480,Oklahoma,3,3,TYRONE,227,2357000,149000,74000,60000,0,0,26000
4030600,Oklahoma,3,3,UNION,15815,148524000,12616000,8249000,2958000,119000,930000,4267000
4030630,Oklahoma,3,3,UNION CITY,315,2897000,262000,216000,36000,0,0,90000
4030870,Oklahoma,3,3,VALLIANT,908,8652000,379000,286000,85000,4000,0,180000
4030960,Oklahoma,3,3,VANOSS,553,5694000,406000,298000,95000,0,13000,207000
4030990,Oklahoma,3,3,VARNUM,292,3102000,122000,120000,1000,0,0,57000
4031020,Oklahoma,3,3,VELMA-ALMA,466,4526000,248000,180000,64000,0,0,99000
4031080,Oklahoma,3,3,VERDEN,287,2843000,165000,111000,54000,0,0,77000
4031110,Oklahoma,3,3,VERDIGRIS,1366,11726000,1018000,867000,149000,2000,0,448000
4031140,Oklahoma,3,3,VIAN,854,8591000,552000,364000,124000,0,10000,259000
4031170,Oklahoma,3,3,VICI,313,4092000,222000,207000,15000,0,0,98000
4031290,Oklahoma,3,3,VINITA,1361,13339000,1470000,1156000,250000,2000,16000,521000
4031350,Oklahoma,3,3,WAGONER,2267,19895000,1295000,838000,351000,6000,0,596000
4031380,Oklahoma,1,3,WAINWRIGHT,93,1077000,55000,46000,10000,0,0,13000
4031470,Oklahoma,3,3,WALTERS,643,5355000,138000,132000,0,1000,0,65000
4031500,Oklahoma,3,3,WANETTE,123,1629000,149000,107000,38000,0,1000,49000
4031590,Oklahoma,3,3,WAPANUCKA,242,2515000,128000,78000,39000,0,0,60000
4031650,Oklahoma,3,3,WARNER,810,7287000,455000,334000,98000,11000,0,125000
4031710,Oklahoma,3,3,WASHINGTON,1026,8476000,587000,463000,107000,0,5000,272000
4031770,Oklahoma,3,3,WATONGA,752,8335000,457000,346000,107000,0,0,169000
4031860,Oklahoma,3,3,WATTS,272,2914000,146000,88000,59000,0,0,55000
4031950,Oklahoma,3,3,WAUKOMIS,398,5394000,276000,184000,91000,1000,0,102000
4031980,Oklahoma,3,3,WAURIKA,424,4996000,216000,208000,0,0,8000,94000
4032010,Oklahoma,3,3,WAYNE,485,4798000,238000,193000,44000,0,0,137000
4032040,Oklahoma,3,3,WAYNOKA,223,4082000,190000,135000,55000,0,0,75000
4032070,Oklahoma,3,3,WEATHERFORD,2452,20309000,1509000,1129000,369000,12000,0,441000
4032130,Oklahoma,3,3,WEBBERS FALLS,306,3546000,178000,154000,24000,0,0,87000
4032190,Oklahoma,3,3,WELCH,279,3849000,476000,418000,51000,1000,0,139000
4032220,Oklahoma,3,3,WELEETKA,429,5014000,491000,375000,88000,3000,19000,178000
4032280,Oklahoma,3,3,WELLSTON,565,4800000,281000,194000,87000,0,0,119000
4032370,Oklahoma,3,3,WESTERN HEIGHTS,3419,34708000,3113000,2371000,612000,94000,34000,1191000
4032400,Oklahoma,3,3,WESTVILLE,1133,11594000,1380000,985000,213000,3000,23000,487000
4032430,Oklahoma,3,3,WETUMKA,428,5321000,421000,306000,107000,0,0,94000
4032460,Oklahoma,3,3,WEWOKA,662,9131000,404000,377000,14000,1000,0,217000
4032640,Oklahoma,1,3,WHITE ROCK,97,1307000,70000,49000,19000,1000,0,28000
4032670,Oklahoma,1,3,WHITEBEAD,396,3254000,197000,110000,59000,20000,0,47000
4032700,Oklahoma,1,3,WHITEFIELD,195,1517000,148000,123000,25000,0,0,50000
4032730,Oklahoma,3,3,WHITESBORO,196,2697000,112000,91000,0,1000,0,41000
4032760,Oklahoma,1,3,WICKLIFFE,61,947000,78000,61000,17000,0,0,40000
4032790,Oklahoma,3,3,WILBURTON,860,7731000,841000,556000,183000,8000,6000,275000
4032880,Oklahoma,3,3,WILSON,259,2836000,160000,71000,59000,0,0,42000
4032940,Oklahoma,3,3,WILSON,436,3840000,115000,113000,0,2000,0,49000
4032970,Oklahoma,3,3,WISTER,489,4357000,192000,116000,76000,0,0,85000
4033090,Oklahoma,1,3,WOODALL,446,4139000,335000,280000,54000,0,0,96000
4033180,Oklahoma,3,3,WOODWARD,2671,25169000,2471000,1838000,473000,8000,47000,903000
4033210,Oklahoma,3,3,WRIGHT CITY,492,4944000,337000,182000,132000,0,0,85000
4033240,Oklahoma,3,3,WYANDOTTE,783,7125000,459000,374000,74000,0,2000,178000
4033300,Oklahoma,3,3,WYNNEWOOD,722,7102000,507000,479000,18000,1000,0,254000
4033330,Oklahoma,3,3,WYNONA,89,1670000,71000,69000,0,1000,0,49000
4033360,Oklahoma,3,3,YALE,424,4395000,289000,226000,63000,0,0,91000
4033390,Oklahoma,3,3,YARBROUGH,67,1475000,67000,19000,48000,0,0,0
4033480,Oklahoma,3,3,YUKON,9005,83438000,10103000,7349000,2322000,29000,58000,3370000
4033540,Oklahoma,1,3,ZANEIS,304,2556000,26000,15000,10000,0,0,0
4033600,Oklahoma,1,3,ZION,326,3354000,263000,173000,88000,2000,0,95000
4033601,Oklahoma,3,3,ROCK CREEK,463,5477000,287000,165000,122000,0,0,86000
4033602,Oklahoma,3,3,FORT COBB-BROXTON,337,3570000,174000,124000,44000,0,5000,71000
4033603,Oklahoma,3,3,BINGER-ONEY,338,3724000,291000,193000,99000,0,0,74000
4100003,Oregon,3,3,Falls City SD 57,190,3653000,257000,257000,0,0,0,102000
4100014,Oregon,3,3,Vale SD 84,894,11812000,1110000,1036000,74000,0,0,254000
4100015,Oregon,3,2,Gervais SD 1,1376,14229000,1408000,1223000,174000,7000,0,271000
4100016,Oregon,3,3,Yamhill Carlton SD 1,958,10839000,1658000,1524000,81000,0,53000,341000
4100019,Oregon,3,3,Harrisburg SD 7J,813,9704000,1456000,1336000,80000,24000,16000,325000
4100020,Oregon,3,3,North Santiam SD 29J,2283,25681000,3341000,2605000,552000,0,182000,752000
4100021,Oregon,3,3,South Wasco County SD 1,226,4408000,320000,309000,1000,0,9000,107000
4100023,Oregon,3,2,Hillsboro SD 1J,19924,245663000,39571000,30161000,8689000,137000,0,8566000
4100040,Oregon,3,3,Knappa SD 4,502,6664000,897000,698000,156000,0,42000,148000
4100048,Oregon,3,2,North Wasco County SD 21,2944,35061000,5565000,3717000,1586000,1000,257000,956000
4100640,Oregon,3,3,Myrtle Point SD 41,524,8189000,841000,671000,143000,2000,25000,165000
4101020,Oregon,3,3,Adrian SD 61,292,4490000,298000,298000,0,0,0,0
4101120,Oregon,3,3,Greater Albany Public SD 8J,9370,108945000,16732000,12785000,2523000,26000,1398000,3671000
4101230,Oregon,3,2,Amity SD 4J,824,9560000,965000,964000,0,2000,0,222000
4101560,Oregon,3,3,Ashland SD 5,2646,37487000,3815000,3045000,553000,0,202000,901000
4101620,Oregon,3,3,Astoria SD 1,1891,22206000,3359000,2877000,0,12000,246000,693000
4101660,Oregon,3,3,Athena-Weston SD 29RJ,584,7154000,604000,597000,0,0,7000,180000
4101710,Oregon,3,2,Baker SD 5J,4087,24460000,3398000,2091000,1124000,182000,1000,531000
4101800,Oregon,3,3,Bandon SD 54,676,9730000,891000,774000,0,0,117000,196000
4101830,Oregon,3,3,Banks SD 13,1138,12518000,1675000,1531000,99000,0,45000,328000
4101920,Oregon,3,2,Beaverton SD 48J,40834,494287000,64545000,39500000,16688000,0,8357000,14055000
4101980,Oregon,3,2,Bend-LaPine Administrative SD 1,18320,198690000,25032000,17700000,5764000,41000,1349000,6175000
4102040,Oregon,3,3,Bethel SD 52,5476,66064000,11929000,8321000,1792000,13000,1799000,2467000
4102310,Oregon,3,3,Brookings-Harbor SD 17C,1548,18475000,2642000,2096000,514000,0,32000,444000
4102490,Oregon,3,3,Harney County SD 3,836,10838000,1650000,1232000,365000,15000,9000,228000
4102640,Oregon,3,3,Canby SD 86,4631,56688000,8039000,5090000,2374000,12000,562000,1535000
4102780,Oregon,3,3,Cascade SD 5,2516,31376000,4726000,3235000,1075000,0,416000,867000
4102800,Oregon,3,3,Centennial SD 28J,5843,76465000,7715000,7343000,371000,0,0,2131000
4102840,Oregon,3,3,Central SD 13J,3313,41603000,6891000,5289000,1188000,50000,364000,1210000
4102910,Oregon,3,3,Central Linn SD 552,642,8664000,811000,743000,68000,0,0,126000
4102940,Oregon,3,3,Central Point SD 6,4796,57093000,4213000,3245000,663000,26000,279000,923000
4103260,Oregon,3,3,Clatskanie SD 6J,723,10246000,1799000,1553000,243000,2000,0,250000
4103265,Oregon,3,2,Rainier SD 13,920,11591000,1833000,1314000,387000,5000,127000,450000
4103270,Oregon,3,3,Colton SD 53,591,7584000,908000,595000,234000,0,79000,170000
4103330,Oregon,3,3,Condon SD 25J,138,2410000,4000,4000,0,0,0,2000
4103390,Oregon,3,3,Coquille SD 8,1256,14873000,1564000,1400000,163000,1000,0,436000
4103480,Oregon,3,2,Corvallis SD 509J,6660,90977000,10033000,8620000,1257000,88000,17000,2031000
4103600,Oregon,3,2,Harney County SD 4,602,1780000,55000,55000,0,0,0,21000
4103630,Oregon,3,2,Harney County Union High SD 1J,662,2235000,29000,29000,0,0,0,13000
4103660,Oregon,3,2,Coos Bay SD 9,3238,39198000,6189000,4062000,1376000,0,751000,913000
4103690,Oregon,3,3,Creswell SD 40,1276,15392000,2606000,1704000,507000,0,395000,307000
4103720,Oregon,3,2,Crook County SD,3023,34871000,4734000,3439000,1072000,8000,210000,883000
4103780,Oregon,3,3,Crow-Applegate-Lorane SD 66,259,4194000,351000,314000,6000,0,31000,95000
4103840,Oregon,3,3,Culver SD 4,683,9217000,904000,852000,30000,0,22000,154000
4103860,Oregon,3,2,Dallas SD 2,3159,35884000,6910000,5565000,766000,1000,489000,1313000
4103940,Oregon,3,2,David Douglas SD 40,9573,153665000,37883000,16824000,17741000,176000,1106000,7049000
4103990,Oregon,3,3,Dayton SD 8,1015,12180000,1092000,831000,153000,0,108000,265000
4104020,Oregon,3,3,Dayville SD 16J,55,1367000,6000,6000,0,0,0,0
4104350,Oregon,3,3,North Douglas SD 22,319,4753000,480000,467000,0,0,13000,108000
4104410,Oregon,3,3,Dufur SD 29,342,5628000,240000,240000,0,0,0,45000
4104500,Oregon,3,2,Eagle Point SD 9,4077,45158000,4615000,4131000,481000,0,3000,1212000
4104530,Oregon,3,3,Echo SD 5,280,3962000,262000,262000,0,0,0,111000
4104590,Oregon,3,3,Elgin SD 23,403,5314000,404000,388000,0,0,0,156000
4104700,Oregon,3,2,Estacada SD 108,2910,24358000,3348000,2452000,892000,4000,0,747000
4104740,Oregon,3,2,Eugene SD 4J,17060,206738000,25487000,18176000,4669000,0,2642000,5049000
4104950,Oregon,3,2,Fern Ridge SD 28J,1504,16482000,3426000,2481000,636000,1000,305000,589000
4105080,Oregon,3,3,Enterprise SD 21,406,5546000,328000,328000,0,0,0,19000
4105100,Oregon,3,3,Siuslaw SD 97J,1356,19198000,2251000,1820000,337000,0,95000,470000
4105160,Oregon,3,2,Forest Grove SD 15,5995,76714000,15101000,10985000,2980000,23000,1065000,2804000
4105430,Oregon,3,3,Gaston SD 511J,549,7104000,751000,584000,129000,1000,37000,86000
4105610,Oregon,3,3,Gladstone SD 115,1920,22344000,2722000,1737000,575000,2000,408000,627000
4105640,Oregon,3,2,Glendale SD 77,299,3711000,514000,411000,59000,0,44000,58000
4105670,Oregon,3,3,Glide SD 12,767,9385000,958000,806000,74000,0,79000,212000
4105760,Oregon,3,3,Central Curry SD 1,481,6284000,345000,338000,0,0,7000,89000
4105910,Oregon,3,3,Grants Pass SD 7,6117,72937000,8978000,7900000,1053000,25000,0,1935000
4106000,Oregon,3,2,Gresham-Barlow SD 10J,11790,128641000,18852000,13217000,3518000,97000,1921000,4664000
4106270,Oregon,3,3,Helix SD 1,183,2612000,130000,130000,0,0,0,50000
4106300,Oregon,3,3,Hermiston SD 8,5739,65421000,6522000,4782000,1567000,2000,172000,1605000
4106510,Oregon,3,3,Hood River County SD,4032,57961000,4798000,3679000,1119000,0,0,1131000
4106710,Oregon,3,3,Jefferson SD 14J,826,10942000,1310000,1238000,0,0,72000,250000
4106740,Oregon,3,3,Jefferson County SD 509J,2893,42775000,5407000,4656000,491000,7000,252000,1341000
4106750,Oregon,3,3,Jewell SD 8,162,5044000,349000,311000,13000,0,26000,65000
4106780,Oregon,3,3,John Day SD 3,594,7880000,1077000,895000,133000,0,47000,229000
4106820,Oregon,3,3,Jordan Valley SD 3,59,1666000,50000,50000,0,0,0,0
4106870,Oregon,3,2,Joseph SD 6,264,5626000,210000,210000,0,0,0,36000
4106900,Oregon,3,2,Three Rivers/Josephine County SD,4758,60495000,8430000,6608000,378000,0,1104000,1299000
4106930,Oregon,3,3,Junction City SD 69,1708,20239000,2279000,1635000,254000,0,390000,390000
4107020,Oregon,3,2,Klamath County SD,6693,82485000,9495000,6657000,2003000,0,809000,2195000
4107080,Oregon,3,2,Klamath Falls City Schools,2924,39688000,3320000,1893000,986000,0,438000,519000
4107200,Oregon,3,3,La Grande SD 1,2302,26159000,3735000,3069000,471000,0,195000,709000
4107230,Oregon,3,2,Lake Oswego SD 7J,7037,94102000,15553000,11363000,3288000,0,897000,3148000
4107280,Oregon,3,3,Lake County SD 7,757,10788000,959000,881000,78000,0,0,232000
4107380,Oregon,3,2,Lebanon Community SD 9,4223,45136000,6965000,5812000,912000,0,241000,1242000
4107500,Oregon,3,2,Lincoln County SD,5623,66495000,8919000,6739000,1516000,11000,651000,2119000
4107590,Oregon,3,2,Lowell SD 71,854,6133000,574000,480000,22000,0,72000,91000
4107710,Oregon,3,3,Mapleton SD 32,158,2946000,309000,292000,0,1000,15000,73000
4107740,Oregon,3,2,Marcola SD 79J,649,5513000,641000,544000,75000,0,21000,79000
4108010,Oregon,3,3,McMinnville SD 40,6708,80997000,8771000,6712000,1285000,34000,741000,1625000
4108040,Oregon,3,2,Medford SD 549C,14033,148746000,18459000,11014000,5163000,0,2283000,3236000
4108100,Oregon,3,2,Santiam Canyon SD 129J,4453,9086000,5482000,5198000,283000,0,0,234000
4108160,Oregon,3,3,Milton-Freewater Unified SD 7,1671,21742000,1952000,1864000,74000,1000,13000,301000
4108280,Oregon,3,2,Mitchell SD 55,533,1895000,24000,24000,0,0,0,1000
4108310,Oregon,3,2,Molalla River SD 35,2762,28672000,4459000,3308000,1151000,0,0,855000
4108430,Oregon,3,3,Monroe SD 1J,349,5488000,581000,497000,78000,0,6000,90000
4108460,Oregon,3,3,Monument SD 8,53,1362000,12000,12000,0,0,0,0
4108520,Oregon,3,3,Morrow SD 1,2278,32475000,2060000,1952000,0,0,108000,678000
4108550,Oregon,3,3,Mt Angel SD 91,728,10013000,504000,504000,0,0,0,72000
4108650,Oregon,3,3,Neah-Kah-Nie SD 56,806,14740000,2119000,1915000,103000,14000,87000,384000
4108700,Oregon,3,3,Nestucca Valley SD 101J,490,8345000,1067000,722000,195000,0,149000,181000
4108720,Oregon,3,3,Newberg SD 29J,4824,58578000,7706000,6283000,987000,0,436000,2007000
4108820,Oregon,3,2,North Bend SD 13,4199,28882000,5120000,4529000,155000,0,435000,756000
4108830,Oregon,3,2,North Clackamas SD 12,17151,209739000,30643000,19748000,7602000,67000,3225000,6530000
4108880,Oregon,3,3,North Marion SD 15,1857,23302000,2996000,2527000,142000,3000,324000,843000
4109000,Oregon,3,3,Nyssa SD 26,1212,16852000,947000,947000,0,0,0,348000
4109120,Oregon,3,3,Oakland SD 1,647,7296000,572000,537000,16000,0,18000,159000
4109150,Oregon,3,3,Oakridge SD 76,566,8195000,370000,366000,1000,0,3000,30000
4109270,Oregon,3,3,Ontario SD 8C,2348,32746000,3894000,3464000,430000,0,0,919000
4109330,Oregon,3,2,Oregon City SD 62,7988,88453000,17990000,10767000,5282000,0,1941000,3045000
4109480,Oregon,3,3,Parkrose SD 3,3036,38096000,5782000,3657000,1340000,0,720000,1251000
4109510,Oregon,3,2,Pendleton SD 16,3100,35392000,5370000,4696000,265000,0,409000,1055000
4109530,Oregon,3,3,Perrydale SD 21,316,4329000,512000,495000,0,1000,16000,50000
4109600,Oregon,3,2,Philomath SD 17J,1656,18682000,2495000,1771000,585000,0,139000,490000
4109630,Oregon,3,2,Phoenix-Talent SD 4,2574,29994000,3996000,3076000,631000,0,289000,876000
4109660,Oregon,3,3,Pilot Rock SD 2,303,4324000,334000,334000,0,0,0,70000
4109870,Oregon,3,3,Pleasant Hill SD 1,1019,11964000,1416000,966000,278000,1000,171000,211000
4110020,Oregon,3,3,Port Orford-Langlois SD 2CJ,228,4087000,186000,151000,0,0,35000,39000
4110040,Oregon,3,2,Portland SD 1J,46804,720705000,129399000,74374000,41264000,1251000,12511000,29525000
4110080,Oregon,3,3,Powers SD 31,117,2319000,91000,91000,0,0,0,26000
4110110,Oregon,3,3,Prairie City SD 4,170,4933000,283000,283000,0,0,0,46000
4110350,Oregon,3,2,Redmond SD 2J,7371,78197000,13349000,8974000,3380000,21000,935000,2959000
4110410,Oregon,3,2,Reedsport SD 105,628,6787000,1712000,1339000,178000,0,194000,124000
4110520,Oregon,3,2,Reynolds SD 7,10851,137395000,23604000,16474000,6275000,35000,807000,4376000
4110530,Oregon,3,3,Riddle SD 70,398,5213000,549000,438000,91000,0,21000,93000
4110560,Oregon,3,3,Riverdale SD 51J,647,9974000,511000,511000,0,0,0,196000
4110680,Oregon,3,2,Rogue River SD 35,1099,12137000,1383000,1032000,258000,0,93000,306000
4110710,Oregon,3,2,Douglas County SD 4,6029,68161000,7263000,6107000,334000,36000,785000,1624000
4110820,Oregon,3,2,Salem-Keizer SD 24J,41606,510268000,94259000,73919000,12153000,305000,7882000,17094000
4110890,Oregon,3,2,Oregon Trail SD 46,4434,47839000,6349000,3654000,1869000,5000,818000,1063000
4110980,Oregon,3,2,Scappoose SD 1J,2379,24002000,3966000,3140000,423000,8000,394000,822000
4111040,Oregon,3,2,Scio SD 95,863,8708000,633000,612000,16000,0,5000,62000
4111100,Oregon,3,2,Seaside SD 10,1618,20766000,3007000,2502000,369000,0,136000,592000
4111220,Oregon,3,2,Sheridan SD 48J,899,9551000,1010000,604000,237000,0,169000,203000
4111250,Oregon,3,3,Sherman County SD,267,3867000,74000,74000,0,0,0,2000
4111290,Oregon,3,2,Sherwood SD 88J,5255,56938000,6141000,4473000,1668000,0,0,1277000
4111400,Oregon,3,3,North Lake SD 14,224,4138000,272000,272000,0,0,0,113000
4111450,Oregon,3,2,Silver Falls SD 4J,3974,47506000,6324000,4915000,852000,40000,515000,1255000
4111490,Oregon,3,3,Sisters SD 6,1115,13712000,1106000,918000,170000,0,18000,221000
4111580,Oregon,3,2,South Lane SD 45J3,2794,34467000,4968000,3174000,1098000,1000,694000,1259000
4111610,Oregon,3,3,South Umpqua SD 19,1521,16969000,2282000,1648000,409000,35000,191000,469000
4111640,Oregon,3,3,Spray SD 1,64,1635000,28000,28000,0,0,0,0
4111670,Oregon,3,2,Springfield SD 19,10345,124752000,19794000,14280000,4084000,60000,1369000,4233000
4111720,Oregon,3,2,St Helens SD 502,2762,32337000,5108000,3595000,1143000,3000,367000,1320000
4111760,Oregon,3,3,St Paul SD 45,290,4275000,258000,246000,0,0,11000,98000
4111790,Oregon,3,3,Stanfield SD 61,527,5695000,559000,501000,0,0,58000,124000
4111940,Oregon,3,3,Sutherlin SD 130,1401,15120000,1601000,1300000,198000,1000,102000,457000
4111970,Oregon,3,2,Sweet Home SD 55,2323,25721000,3587000,3049000,531000,6000,0,821000
4112240,Oregon,3,2,Tigard-Tualatin SD 23J,12526,160589000,18797000,14832000,3154000,20000,660000,3616000
4112320,Oregon,3,3,Tillamook SD 9,2259,26964000,4152000,3640000,267000,12000,232000,717000
4112600,Oregon,3,3,Umatilla SD 6R,1425,19177000,1748000,1674000,0,4000,70000,292000
4112690,Oregon,3,3,Union SD 5,373,4349000,402000,362000,0,0,40000,109000
4112930,Oregon,3,3,Vernonia SD 47J,573,8618000,1061000,959000,72000,0,30000,144000
4112990,Oregon,3,3,Wallowa SD 12,191,3549000,230000,230000,0,0,0,0
4113080,Oregon,3,3,Warrenton-Hammond SD 30,1028,12027000,1883000,1478000,383000,0,22000,406000
4113170,Oregon,3,2,West Linn-Wilsonville SD 3J,9795,118497000,13252000,9700000,2624000,0,928000,3683000
4113350,Oregon,3,3,Willamina SD 30J,876,11409000,1293000,1018000,194000,0,81000,269000
4113490,Oregon,3,3,Winston-Dillard SD 116,1393,16043000,1792000,1517000,95000,0,178000,474000
4113530,Oregon,3,2,Woodburn SD 103,5615,76648000,9296000,6177000,2069000,132000,918000,1815000
4113650,Oregon,3,3,Yoncalla SD 32,265,5886000,342000,238000,29000,0,75000,92000
4400001,Rhode Island,3,3,R.I. Sch for the Deaf,76,7351000,4810000,2596000,1799000,6000,24000,1403000
4400003,Rhode Island,2,3,MET Career and Tech,781,16135000,1394000,139000,995000,0,0,119000
4400004,Rhode Island,2,3,Davies Career and Tech,894,16762000,1672000,924000,544000,35000,0,602000
4400030,Rhode Island,3,3,Barrington,3375,51463000,10958000,7192000,2547000,209000,181000,3578000
4400065,Rhode Island,3,3,Bristol Warren,3124,50982000,9327000,4712000,3235000,141000,285000,2492000
4400090,Rhode Island,3,3,Burrillville,2227,34525000,7862000,3929000,2856000,71000,346000,2270000
4400120,Rhode Island,3,3,Central Falls,2877,44547000,11778000,6627000,4572000,14000,0,3688000
4400150,Rhode Island,3,3,Chariho,3235,57053000,10219000,5529000,2955000,176000,714000,2652000
4400210,Rhode Island,3,3,Coventry,4524,74462000,17169000,11629000,3531000,123000,564000,6006000
4400240,Rhode Island,3,2,Cranston,10306,166818000,39916000,17705000,15306000,123000,3264000,12124000
4400270,Rhode Island,3,3,Cumberland,4606,66736000,14542000,9344000,3167000,147000,738000,4697000
4400300,Rhode Island,3,3,East Greenwich,2579,40831000,9066000,5452000,2764000,65000,367000,2667000
4400330,Rhode Island,3,3,East Providence,5127,86147000,22270000,13627000,5243000,105000,1050000,5769000
4400360,Rhode Island,3,3,Exeter-West Greenwich,1648,31438000,6403000,3373000,1868000,68000,272000,1431000
4400390,Rhode Island,1,3,Foster,239,4519000,883000,463000,311000,9000,61000,193000
4400420,Rhode Island,3,3,Foster-Glocester,1354,23761000,2805000,2247000,289000,30000,57000,958000
4400450,Rhode Island,1,3,Glocester,555,9890000,1878000,1025000,649000,7000,48000,310000
4400510,Rhode Island,1,3,Jamestown,483,10016000,2336000,1394000,489000,22000,60000,647000
4400540,Rhode Island,3,3,Johnston,3199,56224000,14249000,5990000,6141000,32000,909000,4321000
4400570,Rhode Island,3,3,Lincoln,3191,55646000,13069000,7747000,3396000,101000,562000,3389000
4400600,Rhode Island,1,3,Little Compton,237,6451000,756000,337000,260000,1000,0,261000
4400630,Rhode Island,3,3,Middletown,2094,36924000,7597000,4120000,1940000,8000,488000,2286000
4400660,Rhode Island,3,3,Narragansett,1267,28097000,5743000,2966000,1603000,115000,210000,1757000
4400690,Rhode Island,3,3,New Shoreham,134,5241000,1019000,670000,290000,9000,0,316000
4400720,Rhode Island,3,3,Newport,2128,40978000,8060000,5513000,1076000,149000,244000,2477000
4400750,Rhode Island,3,3,North Kingstown,3953,66653000,13529000,8427000,2816000,239000,836000,4287000
4400780,Rhode Island,3,3,North Providence,3530,54281000,13606000,6667000,3748000,17000,11000,3413000
4400810,Rhode Island,3,3,North Smithfield,1645,25776000,4943000,2691000,1492000,47000,124000,1507000
4400840,Rhode Island,3,3,Pawtucket,8657,126025000,28856000,16425000,8841000,38000,1020000,9089000
4400870,Rhode Island,3,3,Portsmouth,2403,39407000,6537000,4028000,999000,70000,363000,2008000
4400900,Rhode Island,3,2,Providence,23477,414972000,74196000,43696000,20633000,4847000,19000,26197000
4400960,Rhode Island,3,3,Scituate,1226,24818000,3052000,1868000,923000,23000,0,1290000
4400990,Rhode Island,3,3,Smithfield,2379,40501000,9185000,6001000,2103000,235000,199000,3133000
4401020,Rhode Island,3,3,South Kingstown,2860,56640000,10322000,5141000,3459000,185000,562000,3057000
4401050,Rhode Island,3,3,Tiverton,1717,32194000,6168000,4016000,1512000,93000,111000,1852000
4401110,Rhode Island,3,3,Warwick,8476,167999000,42068000,20271000,17538000,616000,2266000,14323000
4401140,Rhode Island,3,3,West Warwick,3586,59966000,15049000,9816000,4050000,192000,627000,4957000
4401170,Rhode Island,3,3,Westerly,2591,54482000,11381000,4209000,6006000,149000,249000,2972000
4401200,Rhode Island,3,3,Woonsocket,5884,76402000,21533000,11981000,6992000,13000,241000,7016000
4500001,South Carolina,2,3,Dept Of Correction N04,384,9300000,651000,651000,0,0,0,433000
4500002,South Carolina,3,3,Dorchester 04,2268,33397000,3117000,3117000,0,0,0,1963000
4500690,South Carolina,3,3,Abbeville 60,2965,35090000,2295000,2295000,0,0,0,1351000
4500720,South Carolina,3,2,Aiken 01,24183,251412000,21942000,21942000,0,0,0,14846000
4500750,South Carolina,3,3,Allendale 01,1109,17555000,1402000,1402000,0,0,0,796000
4500780,South Carolina,3,3,Anderson 01,10245,92601000,8562000,8562000,0,0,0,5711000
4500810,South Carolina,3,3,Anderson 02,3686,38726000,2915000,2915000,0,0,0,1775000
4500840,South Carolina,3,3,Anderson 03,2615,28839000,2319000,2319000,0,0,0,1487000
4500870,South Carolina,3,3,Anderson 04,2860,35667000,3036000,3036000,0,0,0,1997000
4500900,South Carolina,3,2,Anderson 05,13145,145336000,9962000,9962000,0,0,0,6794000
4500930,South Carolina,3,3,Bamberg 01,1262,17075000,1359000,1359000,0,0,0,894000
4500960,South Carolina,3,3,Bamberg 02,664,9666000,628000,628000,0,0,0,438000
4501020,South Carolina,3,3,Barnwell 19,598,7506000,413000,413000,0,0,0,232000
4501050,South Carolina,3,3,Barnwell 29,831,11182000,745000,745000,0,0,0,424000
4501080,South Carolina,3,3,Barnwell 45,2125,24338000,2446000,2446000,0,0,0,1600000
4501110,South Carolina,3,2,Beaufort 01,22405,281120000,27522000,27522000,0,0,0,17728000
4501170,South Carolina,3,3,Berkeley 01,37218,377436000,30306000,30306000,0,0,0,19720000
4501250,South Carolina,3,3,Calhoun 01,1700,22339000,2042000,2042000,0,0,0,1395000
4501440,South Carolina,3,2,Charleston 01,50297,612999000,59077000,59077000,0,0,0,39887000
4501500,South Carolina,3,3,Cherokee 01,8682,97807000,7864000,7864000,0,0,0,4914000
4501530,South Carolina,3,2,Chester 01,5107,62625000,4253000,4253000,0,0,0,2789000
4501560,South Carolina,3,3,Chesterfield 01,6988,78570000,6055000,6055000,0,0,0,3923000
4501740,South Carolina,3,3,Clarendon 01,696,12811000,762000,762000,0,0,0,472000
4501770,South Carolina,3,2,Clarendon 02,2886,31925000,2960000,2960000,0,0,0,2090000
4501800,South Carolina,3,3,Clarendon 03,1295,12681000,1071000,1071000,0,0,0,694000
4501830,South Carolina,3,3,Colleton 01,5396,64138000,6281000,6281000,0,0,0,4204000
4501860,South Carolina,3,3,Darlington 01,9849,124657000,9729000,9729000,0,0,0,6936000
4501920,South Carolina,3,3,Dillon 04,4006,42399000,1774000,1774000,0,0,0,1116000
4501950,South Carolina,3,3,Dillon 03,1583,14236000,1106000,1106000,0,0,0,753000
4502010,South Carolina,3,3,Dorchester 02,26238,254796000,24050000,24050000,0,0,0,16130000
4502070,South Carolina,3,3,Edgefield 01,3298,39842000,2802000,2802000,0,0,0,1830000
4502100,South Carolina,3,3,Fairfield 01,2590,50081000,4335000,4335000,0,0,0,3097000
4502130,South Carolina,3,2,Florence 01,15933,194835000,19708000,19708000,0,0,0,13167000
4502160,South Carolina,3,3,Florence 02,1083,13721000,1062000,1062000,0,0,0,693000
4502190,South Carolina,3,3,Florence 03,3348,39800000,3191000,3191000,0,0,0,1482000
4502220,South Carolina,3,3,Florence 04,701,10439000,1212000,1212000,0,0,0,424000
4502250,South Carolina,3,3,Florence 05,1197,13419000,1380000,1380000,0,0,0,903000
4502280,South Carolina,3,2,Georgetown 01,9205,110990000,9038000,9038000,0,0,0,5955000
4502310,South Carolina,3,2,Greenville 01,77300,803204000,79174000,79174000,0,0,0,54018000
4502340,South Carolina,3,3,Greenwood 50,8924,93088000,8138000,8138000,0,0,0,4802000
4502370,South Carolina,3,3,Greenwood 51,951,11160000,1064000,1064000,0,0,0,630000
4502400,South Carolina,3,3,Greenwood 52,1568,16960000,1068000,1068000,0,0,0,538000
4502430,South Carolina,3,3,Hampton 01,2142,27150000,1743000,1743000,0,0,0,1076000
4502460,South Carolina,3,3,Hampton 02,670,11101000,817000,817000,0,0,0,542000
4502490,South Carolina,3,2,Horry 01,45759,508427000,65381000,65381000,0,0,0,43949000
4502520,South Carolina,3,3,Jasper 01,2656,36134000,2014000,2014000,0,0,0,1234000
4502550,South Carolina,3,3,Kershaw 01,10928,121971000,10395000,10395000,0,0,0,6742000
4502580,South Carolina,3,2,Lancaster 01,14208,144868000,14943000,14943000,0,0,0,10015000
4502610,South Carolina,3,3,Laurens 55,5677,65248000,5545000,5545000,0,0,0,2992000
4502640,South Carolina,3,3,Laurens 56,2902,35124000,3540000,3540000,0,0,0,2339000
4502670,South Carolina,3,3,Lee 01,1688,24881000,1336000,1336000,0,0,0,845000
4502700,South Carolina,3,3,Lexington 01,27287,324050000,34721000,34721000,0,0,0,23568000
4502730,South Carolina,3,3,Lexington 02,9068,104077000,10678000,10678000,0,0,0,7125000
4502760,South Carolina,3,3,Lexington 03,2089,27915000,2370000,2370000,0,0,0,1513000
4502790,South Carolina,3,3,Lexington 04,3464,38810000,4722000,4722000,0,0,0,3137000
4502820,South Carolina,3,3,Lexington 05,17486,238816000,22319000,22319000,0,0,0,15103000
4502970,South Carolina,3,3,Marlboro 01,3850,44992000,3353000,3353000,0,0,0,2094000
4503000,South Carolina,3,3,McCormick 01,668,12140000,719000,719000,0,0,0,430000
4503030,South Carolina,3,3,Newberry 01,5979,73259000,5385000,5385000,0,0,0,3451000
4503060,South Carolina,3,3,Oconee 01,10532,127591000,15532000,15532000,0,0,0,10278000
4503330,South Carolina,3,3,Pickens 01,16373,155698000,13803000,13803000,0,0,0,9429000
4503360,South Carolina,3,2,Richland 01,23390,367464000,32207000,32207000,0,0,0,22534000
4503390,South Carolina,3,2,Richland 02,28577,354621000,30357000,30357000,0,0,0,21040000
4503420,South Carolina,3,3,Dept of Juvenile Justice,474,10457000,433000,433000,0,0,0,301000
4503460,South Carolina,3,3,Saluda 01,2322,24884000,2261000,2261000,0,0,0,1308000
4503480,South Carolina,3,3,Spartanburg 01,5278,55050000,4158000,4158000,0,0,0,2591000
4503510,South Carolina,3,3,Spartanburg 02,10509,103382000,9031000,9031000,0,0,0,5724000
4503540,South Carolina,3,3,Spartanburg 03,2756,35484000,2381000,2381000,0,0,0,1472000
4503570,South Carolina,3,3,Spartanburg 04,2888,29595000,2466000,2466000,0,0,0,1610000
4503600,South Carolina,3,3,Spartanburg 05,9083,97397000,9221000,9221000,0,0,0,5578000
4503630,South Carolina,3,3,Spartanburg 06,11428,134256000,11842000,11842000,0,0,0,7010000
4503660,South Carolina,3,3,Spartanburg 07,7523,114732000,15242000,15242000,0,0,0,8530000
4503750,South Carolina,3,3,Union 01,4004,40110000,4146000,4146000,0,0,0,2419000
4503780,South Carolina,3,3,Williamsburg 01,3363,44410000,4128000,4128000,0,0,0,2340000
4503810,South Carolina,3,3,York 01,5238,61191000,6700000,6700000,0,0,0,4394000
4503840,South Carolina,3,3,York 02,8295,101721000,9945000,9945000,0,0,0,6569000
4503870,South Carolina,3,2,York 03,17594,201652000,17420000,17420000,0,0,0,11745000
4503900,South Carolina,3,3,York 04,16977,172271000,16671000,16671000,0,0,0,11162000
4503902,South Carolina,3,3,Sumter 01,16336,163024000,15819000,15819000,0,0,0,10727000
4503908,South Carolina,3,3,Marion 10,4364,52769000,3731000,3731000,0,0,0,2286000
4503910,South Carolina,3,2,Orangeburg,12263,166609000,12693000,12693000,0,0,0,8046000
4600002,South Dakota,3,3,Milbank School District 25-4,1016,10408000,1854000,1210000,596000,0,11000,474000
4600003,South Dakota,3,3,Wilmot School District 54-7,239,2611000,482000,308000,173000,0,0,82000
4600025,South Dakota,3,3,Howard School District 48-3,358,4605000,743000,580000,128000,0,17000,197000
4600028,South Dakota,3,3,Alcester-Hudson School District 61-1,388,4088000,680000,516000,164000,0,0,169000
4600036,South Dakota,3,3,Deuel School District 19-4,528,5226000,918000,675000,242000,0,0,180000
4600041,South Dakota,3,3,Britton-Hecla School District 45-4,418,4234000,651000,428000,207000,0,17000,158000
4600042,South Dakota,3,3,Agar-Blunt-Onida School District 58-3,266,4231000,661000,469000,192000,0,0,150000
4600045,South Dakota,3,3,Groton Area School District 06-6,589,6482000,992000,706000,271000,0,15000,287000
4600046,South Dakota,3,3,Hitchcock Tulare School District 56-6,229,3003000,445000,374000,71000,0,0,131000
4600052,South Dakota,3,3,Tea Area School District 41-5,1950,15771000,2646000,1884000,710000,0,52000,594000
4600053,South Dakota,3,3,Sisseton School District 54-2,970,10880000,1684000,1053000,618000,0,13000,459000
4601026,South Dakota,3,3,McCook Central School District 43-7,429,4410000,857000,526000,175000,0,78000,136000
4601027,South Dakota,3,3,Oldham - Ramona School District 39-5,178,2089000,337000,240000,96000,0,1000,85000
4601028,South Dakota,3,3,Selby Area School District 62-5,181,2638000,384000,215000,141000,0,0,0
4602070,South Dakota,3,3,Aberdeen School District 06-1,4483,40386000,8513000,5966000,2218000,16000,312000,2430000
4602640,South Dakota,3,3,Hanson School District 30-1,410,3769000,411000,260000,149000,3000,0,121000
4603720,South Dakota,3,3,Arlington School District 38-1,274,3430000,595000,493000,85000,0,17000,83000
4603780,South Dakota,3,3,Armour School District 21-1,176,2516000,339000,208000,131000,0,0,46000
4603932,South Dakota,3,3,Sanborn Central School District 55-5,193,2614000,217000,131000,86000,0,0,45000
4604270,South Dakota,3,3,Avon School District 04-1,237,2816000,624000,395000,154000,0,1000,129000
4604680,South Dakota,3,3,Baltic School District 49-1,533,5066000,720000,455000,262000,0,3000,140000
4605610,South Dakota,3,3,Belle Fourche School District 09-1,1379,12335000,2351000,1819000,514000,0,19000,591000
4606240,South Dakota,3,3,Bennett County School District 03-1,521,6504000,965000,665000,294000,0,6000,200000
4606360,South Dakota,3,3,Beresford School District 61-2,703,6690000,1008000,804000,203000,1000,0,288000
4606960,South Dakota,1,3,Big Stone City School District 25-1,62,1367000,100000,55000,45000,0,0,44000
4607050,South Dakota,3,3,Bison School District 52-1,140,2205000,264000,204000,60000,0,0,48000
4607400,South Dakota,3,3,Bon Homme School District 04-2,542,5811000,769000,454000,303000,1000,7000,218000
4607800,South Dakota,3,3,Bowdle School District 22-1,117,1781000,206000,133000,57000,0,0,0
4607950,South Dakota,3,3,Brandon Valley School District 49-2,4423,38119000,6380000,4592000,1474000,0,314000,1387000
4608520,South Dakota,3,3,Brookings School District 05-1,3405,32928000,5890000,4423000,1271000,38000,158000,944000
4609300,South Dakota,3,3,Harding County School District 31-1,200,3403000,385000,269000,116000,0,0,50000
4609512,South Dakota,3,3,Burke School District 26-2,292,3825000,383000,221000,162000,0,0,101000
4610320,South Dakota,3,3,Canistota School District 43-1,221,2729000,552000,348000,149000,0,37000,80000
4610560,South Dakota,3,3,Canton School District 41-1,891,8780000,1694000,1267000,367000,0,60000,345000
4611280,South Dakota,3,3,Castlewood School District 28-1,311,2962000,417000,304000,112000,1000,0,80000
4611760,South Dakota,3,3,Centerville School District 60-1,293,2812000,501000,370000,129000,0,3000,145000
4612000,South Dakota,3,3,Chamberlain School District 07-1,868,10634000,1693000,1273000,386000,0,35000,298000
4612300,South Dakota,3,3,Chester Area School District 39-1,598,4962000,742000,384000,357000,1000,0,95000
4612940,South Dakota,3,3,Clark School District 12-2,437,4566000,788000,579000,208000,0,0,145000
4614100,South Dakota,3,3,Colman-Egan School District 50-5,278,2934000,399000,268000,111000,0,20000,92000
4614130,South Dakota,3,3,Colome Consolidated 59-3,229,2687000,282000,170000,112000,0,0,84000
4616950,South Dakota,3,3,Custer School District 16-1,928,11164000,1595000,1124000,450000,0,21000,395000
4617850,South Dakota,3,3,De Smet School District 38-2,298,3507000,574000,407000,146000,0,0,90000
4618120,South Dakota,3,3,Dell Rapids School District 49-3,989,9006000,1511000,961000,447000,1000,102000,275000
4619170,South Dakota,3,3,Doland School District 56-2,157,2142000,290000,205000,75000,0,0,89000
4619410,South Dakota,3,3,Douglas School District 51-1,2856,26416000,3482000,2177000,1109000,0,196000,918000
4619450,South Dakota,3,3,Dupree School District 64-2,395,6374000,1037000,689000,347000,0,1000,147000
4619580,South Dakota,3,3,Jones County School District 37-3,168,2342000,294000,185000,87000,0,0,84000
4620100,South Dakota,3,3,Eagle Butte School District 20-1,339,8043000,1582000,1121000,439000,9000,13000,268000
4620850,South Dakota,3,3,Edgemont School District 23-1,162,2131000,292000,205000,87000,0,0,85000
4621340,South Dakota,3,3,Elk Point-Jefferson School District 61-7,684,6582000,896000,631000,264000,0,1000,90000
4621390,South Dakota,3,3,Elkton School District 05-3,421,4390000,616000,483000,114000,0,18000,121000
4621400,South Dakota,3,3,Frederick Area School District 06-2,158,2282000,261000,196000,65000,0,1000,77000
4621420,South Dakota,3,3,Bridgewater-Emery 30-3,325,3913000,800000,523000,244000,0,15000,123000
4622410,South Dakota,3,3,Estelline School District 28-2,278,3308000,677000,391000,240000,2000,38000,87000
4622500,South Dakota,3,3,Ethan School District 17-1,286,2814000,414000,255000,158000,2000,0,92000
4622560,South Dakota,3,3,Eureka School District 44-1,167,2470000,363000,237000,118000,0,1000,78000
4622940,South Dakota,3,3,Faith School District 46-2,175,1977000,211000,124000,63000,0,0,46000
4624030,South Dakota,3,3,Faulkton Area Schools 24-4,359,3777000,414000,312000,101000,0,0,137000
4624390,South Dakota,3,3,Flandreau School District 50-3,701,7248000,1544000,954000,512000,2000,76000,234000
4624540,South Dakota,3,3,Florence School District 14-1,291,2823000,433000,323000,110000,0,0,126000
4624850,South Dakota,3,3,Stanley County School District 57-1,404,4797000,748000,614000,131000,3000,0,162000
4625500,South Dakota,3,3,Freeman School District 33-1,322,4407000,827000,604000,165000,0,58000,63000
4626370,South Dakota,3,3,Garretson School District 49-4,521,6678000,770000,565000,191000,0,13000,130000
4626490,South Dakota,3,3,Gayville-Volin School District 63-1,321,3110000,517000,389000,105000,0,22000,147000
4626970,South Dakota,3,3,Gettysburg School District 53-1,226,2788000,425000,355000,70000,0,0,139000
4629880,South Dakota,3,3,Gregory School District 26-4,373,3898000,515000,343000,172000,0,0,137000
4630490,South Dakota,3,3,Haakon School District 27-1,316,3202000,584000,321000,151000,0,5000,82000
4630800,South Dakota,3,3,Hamlin School District 28-3,874,6987000,1064000,801000,264000,0,0,176000
4631350,South Dakota,3,3,Harrisburg School District 41-2,5169,48356000,7523000,5098000,2322000,0,103000,1617000
4631710,South Dakota,3,3,West Central School District 49-7,1370,12442000,1838000,1288000,493000,0,57000,387000
4632340,South Dakota,3,3,Henry School District 14-2,171,2396000,335000,235000,100000,0,0,96000
4632430,South Dakota,3,3,Herreid School District 10-1,123,1920000,267000,144000,110000,0,0,0
4633360,South Dakota,3,3,Hill City School District 51-2,462,5305000,739000,511000,227000,0,1000,128000
4634440,South Dakota,3,3,Edmunds Central School District 22-5,144,2408000,380000,209000,131000,0,0,44000
4634480,South Dakota,3,3,Hot Springs School District 23-2,787,6945000,1034000,787000,220000,1000,6000,148000
4634600,South Dakota,3,3,Hoven School District 53-2,110,2457000,370000,284000,83000,0,3000,113000
4635480,South Dakota,3,3,Huron School District 02-2,2799,27713000,4708000,3294000,1277000,8000,128000,1114000
4636060,South Dakota,3,3,Ipswich Public School District 22-6,441,4546000,695000,483000,212000,0,0,206000
4636150,South Dakota,3,3,Iroquois School District 02-3,227,3075000,372000,255000,117000,0,0,99000
4636990,South Dakota,3,3,Dakota Valley School District 61-8,1381,12336000,1579000,1116000,463000,0,0,423000
4638220,South Dakota,3,3,Kimball School District 07-2,330,3517000,413000,264000,149000,0,0,138000
4639540,South Dakota,3,3,Andes Central School District 11-1,346,5462000,453000,288000,165000,0,0,99000
4639600,South Dakota,3,3,Madison Central School District 39-2,1165,10947000,1880000,1331000,462000,0,52000,478000
4639990,South Dakota,3,3,Lake Preston School District 38-3,188,2668000,261000,179000,82000,0,0,76000
4640860,South Dakota,3,3,Langford Area 45-5,229,2798000,362000,308000,41000,0,0,42000
4641300,South Dakota,3,3,Lead-Deadwood School District 40-1,775,13454000,1729000,1347000,343000,0,40000,398000
4641520,South Dakota,3,3,Lemmon School District 52-4,249,3246000,337000,269000,68000,0,0,118000
4641550,South Dakota,3,3,Lennox School District 41-4,1192,10164000,1526000,1021000,467000,0,38000,538000
4641640,South Dakota,3,3,Leola School District 44-2,234,3005000,404000,277000,126000,0,1000,93000
4644770,South Dakota,3,3,Lyman School District 42-1,367,5523000,476000,371000,104000,0,1000,199000
4644940,South Dakota,3,3,Tri-Valley School District 49-6,956,8853000,1451000,1000000,370000,0,82000,328000
4645450,South Dakota,3,3,Marion School District 60-3,186,2823000,678000,470000,188000,0,21000,83000
4646260,South Dakota,3,3,McIntosh School District 15-1,173,3835000,379000,203000,176000,0,0,92000
4646380,South Dakota,3,3,McLaughlin School District 15-2,455,8611000,1260000,770000,468000,8000,13000,152000
4647100,South Dakota,3,3,Menno School District 33-2,277,3710000,399000,304000,96000,0,0,115000
4647942,South Dakota,3,3,Miller 29-4,443,5395000,696000,486000,206000,0,4000,154000
4648390,South Dakota,3,3,Mitchell School District 17-2,2762,25618000,4626000,3198000,1395000,0,32000,823000
4648780,South Dakota,3,3,Montrose School District 43-2,249,2971000,533000,396000,105000,0,11000,89000
4649650,South Dakota,3,3,Mount Vernon School District 17-3,245,2855000,503000,273000,169000,0,3000,59000
4650670,South Dakota,3,3,New Underwood School District 51-3,248,2274000,251000,170000,67000,0,0,70000
4650850,South Dakota,3,3,Newell School District 09-2,276,3287000,593000,433000,87000,0,10000,149000
4651750,South Dakota,3,3,Northwestern Area School District 56-7,307,3161000,357000,282000,75000,0,0,79000
4652770,South Dakota,3,3,Oelrichs School District 23-3,128,2452000,223000,152000,71000,0,0,11000
4654270,South Dakota,3,3,Parker School District 60-4,470,4206000,574000,352000,200000,0,22000,136000
4654300,South Dakota,3,3,Parkston School District 33-3,585,5472000,773000,611000,156000,1000,4000,206000
4655260,South Dakota,3,3,Pierre School District 32-2,2775,23858000,3784000,2497000,1192000,0,95000,1076000
4655710,South Dakota,3,3,Plankinton School District 01-1,336,4436000,1505000,1147000,236000,0,5000,104000
4659820,South Dakota,3,3,Rapid City Area School District 51-4,13609,134775000,21751000,14386000,5720000,42000,1603000,5077000
4660450,South Dakota,3,3,Redfield School District 56-4,625,6121000,1292000,935000,315000,0,42000,346000
4663360,South Dakota,3,3,Rosholt School District 54-4,243,2920000,371000,268000,100000,0,3000,93000
4664140,South Dakota,3,3,Rutland School District 39-4,175,2129000,248000,175000,73000,0,0,57000
4665180,South Dakota,3,3,Scotland School District 04-3,277,3332000,415000,303000,109000,0,3000,46000
4665460,South Dakota,3,3,Oglala Lakota County 65-1,1333,26601000,3422000,2298000,1109000,15000,0,681000
4666270,South Dakota,3,3,Sioux Falls School District 49-5,25155,234713000,43654000,30338000,10902000,0,2415000,11246000
4666300,South Dakota,3,3,Sioux Valley School District 05-5,666,6018000,965000,691000,273000,0,2000,187000
4666930,South Dakota,3,3,Spearfish School District 40-2,2387,19542000,3253000,2478000,750000,0,26000,989000
4669930,South Dakota,3,3,Meade School District 46-1,2948,26424000,4251000,2899000,1299000,11000,41000,1349000
4670140,South Dakota,3,3,Summit School District 54-6,188,2050000,256000,136000,115000,0,0,41000
4671880,South Dakota,3,3,Timber Lake School District 20-3,363,5540000,575000,460000,115000,0,0,138000
4672090,South Dakota,3,3,Todd County School District 66-1,2131,28560000,3996000,2771000,1104000,35000,87000,948000
4672450,South Dakota,3,3,Tripp-Delmont School District 33-5,147,2729000,528000,453000,72000,0,4000,79000
4674370,South Dakota,3,3,Vermillion School District 13-1,1302,12061000,1754000,1022000,683000,0,49000,277000
4674520,South Dakota,3,3,Viborg-Hurley School District 60-6,374,3836000,595000,377000,196000,0,21000,116000
4675420,South Dakota,3,3,Wagner Community School District 11-4,934,11743000,1983000,1270000,713000,0,0,309000
4675600,South Dakota,3,3,Smee School District 15-3,195,4073000,536000,278000,258000,0,0,86000
4675660,South Dakota,3,3,Wall School District 51-5,283,3348000,323000,234000,88000,0,0,127000
4676020,South Dakota,3,3,Warner School District 06-5,312,2875000,300000,188000,112000,0,0,84000
4676620,South Dakota,3,3,Watertown School District 14-4,3910,34928000,6401000,4206000,1964000,123000,109000,1587000
4676680,South Dakota,3,3,Waubay School District 18-3,185,2494000,284000,219000,64000,0,0,82000
4676740,South Dakota,3,3,Waverly School District 14-5,276,3047000,514000,379000,135000,0,0,123000
4676990,South Dakota,3,3,Webster Area 18-5,551,5275000,818000,486000,328000,0,3000,97000
4677460,South Dakota,3,3,Wessington Springs School District 36-2,340,3675000,548000,371000,177000,0,0,45000
4678300,South Dakota,3,3,Deubrook Area School District 05-6,384,4630000,627000,475000,152000,0,0,208000
4678510,South Dakota,3,3,White Lake School District 01-3,136,1904000,199000,121000,68000,0,8000,49000
4678570,South Dakota,3,3,White River School District 47-1,403,6046000,606000,553000,53000,0,0,133000
4679350,South Dakota,3,3,Willow Lake School District 12-3,289,3029000,328000,208000,120000,0,1000,88000
4679710,South Dakota,3,3,Winner School District 59-2,703,7003000,1107000,748000,360000,0,0,227000
4680100,South Dakota,3,3,Wolsey Wessington School District 02-6,383,4161000,902000,527000,362000,0,2000,176000
4680190,South Dakota,3,3,Woonsocket School District 55-4,268,2558000,352000,258000,87000,0,0,81000
4680430,South Dakota,3,3,Yankton School District 63-3,2927,27387000,4261000,2989000,1157000,6000,110000,1068000
4680437,South Dakota,3,3,Kadoka Area School District 35-2,355,4957000,587000,390000,152000,0,11000,133000
4680438,South Dakota,3,3,Platte - Geddes School District 11-5,500,5281000,859000,608000,240000,0,12000,236000
4680439,South Dakota,3,3,Irene - Wakonda School District 13-3,314,3767000,742000,586000,156000,0,0,166000
4680440,South Dakota,3,3,Highmore-Harrold 34-2,241,3096000,534000,336000,131000,1000,9000,120000
4680441,South Dakota,3,3,Mobridge-Pollock 62-6,603,6229000,891000,595000,296000,0,0,191000
4680445,South Dakota,3,3,Corsica-Stickney 21-3,277,3014000,449000,280000,164000,0,6000,81000
4700001,Tennessee,3,3,Hamblen County,10511,93912000,10393000,9280000,0,1113000,0,3890000
4700030,Tennessee,1,3,Alamo,643,5161000,461000,389000,0,72000,0,151000
4700060,Tennessee,3,3,Alcoa,2134,24399000,1920000,1711000,0,209000,0,743000
4700090,Tennessee,3,3,Anderson County,6436,65213000,8587000,6583000,0,2004000,0,3671000
4700120,Tennessee,1,3,Athens,1786,16993000,1140000,897000,0,243000,0,325000
4700147,Tennessee,3,2,Achievement School District,11169,120912000,14170000,9494000,0,4676000,0,5446000
4700148,Tennessee,3,2,Shelby County,113198,1223890000,119102000,100679000,0,18422000,0,56046000
4700149,Tennessee,3,3,Collierville,9188,92637000,10359000,8191000,0,2168000,0,3541000
4700150,Tennessee,3,3,Millington Municipal Schools,2633,26743000,2675000,2124000,0,550000,0,1022000
4700151,Tennessee,3,3,Germantown,6196,56365000,6681000,5010000,0,1671000,0,2187000
4700152,Tennessee,3,3,Arlington,4847,43554000,4107000,3224000,0,883000,0,1379000
4700153,Tennessee,3,3,Bartlett,9134,88953000,9636000,7360000,0,2277000,0,3951000
4700154,Tennessee,1,3,Lakeland,1872,17116000,1959000,1443000,0,517000,0,637000
4700180,Tennessee,3,3,Bedford County,8968,73391000,5323000,4364000,0,959000,0,2356000
4700210,Tennessee,1,3,Bells,422,3594000,200000,183000,0,17000,0,47000
4700240,Tennessee,3,3,Benton County,2142,22421000,1852000,1717000,0,135000,0,749000
4700270,Tennessee,3,3,Bledsoe County,1723,17649000,2440000,1972000,0,469000,0,814000
4700300,Tennessee,3,3,Blount County,10663,104062000,11352000,9645000,0,1706000,0,4794000
4700330,Tennessee,3,3,Bradley County,10263,89903000,7758000,6152000,0,1606000,0,2834000
4700360,Tennessee,3,3,Bristol,4021,42627000,3248000,2936000,0,312000,0,1385000
4700420,Tennessee,3,3,Campbell County,5407,48812000,4125000,3313000,0,812000,0,1949000
4700450,Tennessee,3,3,Cannon County,2023,18889000,1756000,1395000,0,361000,0,655000
4700510,Tennessee,3,3,Carter County,5096,49935000,5894000,4957000,0,937000,0,2043000
4700570,Tennessee,3,3,Cheatham County,6037,51189000,5694000,4812000,0,882000,0,2102000
4700600,Tennessee,3,3,Chester County,2838,24105000,2589000,2223000,0,366000,0,829000
4700630,Tennessee,3,3,Claiborne County,4137,41227000,4961000,4183000,0,778000,0,2081000
4700660,Tennessee,3,3,Clay County,1104,10699000,934000,656000,0,278000,0,401000
4700690,Tennessee,3,3,Cleveland,5814,56658000,5291000,4663000,0,628000,0,2106000
4700720,Tennessee,1,3,Clinton,974,9450000,1026000,810000,0,216000,0,330000
4700750,Tennessee,3,3,Cocke County,4515,42032000,3958000,3188000,0,770000,0,1767000
4700780,Tennessee,3,3,Coffee County,4302,41384000,4853000,4276000,0,577000,0,1913000
4700850,Tennessee,3,3,Crockett County,2012,17329000,1079000,794000,0,285000,0,467000
4700900,Tennessee,3,3,Cumberland County,7303,64934000,5141000,4271000,0,870000,0,2085000
4700930,Tennessee,1,3,Dayton,879,7682000,743000,587000,0,156000,0,219000
4700960,Tennessee,3,3,Decatur County,1601,14342000,1446000,1211000,0,235000,0,574000
4700990,Tennessee,3,3,DeKalb County,2965,25437000,3078000,2598000,0,480000,0,1372000
4701020,Tennessee,3,3,Dickson County,8240,74583000,9198000,8053000,0,1145000,0,3594000
4701050,Tennessee,3,3,Dyer County,3896,36532000,3322000,2817000,0,505000,0,1373000
4701080,Tennessee,3,3,Dyersburg,2595,28495000,2460000,2269000,0,191000,0,1331000
4701110,Tennessee,3,3,Elizabethton,2584,27051000,2856000,2454000,0,401000,0,897000
4701140,Tennessee,1,3,Etowah,387,3432000,317000,254000,0,63000,0,72000
4701170,Tennessee,3,3,Fayette County Public Schools,3498,32874000,3319000,2585000,0,734000,0,1187000
4701200,Tennessee,3,3,Fayetteville,1402,13725000,1283000,1138000,0,145000,0,483000
4701230,Tennessee,3,3,Fentress County,2243,19309000,1855000,1511000,0,344000,0,661000
4701260,Tennessee,1,3,Franklin SSD,3636,55540000,7720000,6350000,0,1370000,0,2792000
4701290,Tennessee,3,3,Franklin County,5311,50513000,5285000,4476000,0,808000,0,2014000
4701390,Tennessee,3,3,Bradford,607,5914000,392000,336000,0,56000,0,118000
4701400,Tennessee,3,3,Gibson Co Sp Dist,4013,33136000,2931000,2650000,0,280000,0,1064000
4701410,Tennessee,3,3,Giles County,3774,36313000,3994000,3569000,0,425000,0,1324000
4701440,Tennessee,3,3,Grainger County,3315,31535000,3422000,2863000,0,558000,0,977000
4701470,Tennessee,3,3,Greene County,6458,58029000,5707000,4694000,0,1014000,0,2301000
4701500,Tennessee,3,3,Greeneville,2940,32550000,2716000,2358000,0,358000,0,1075000
4701530,Tennessee,3,3,Grundy County,1947,18625000,2893000,2500000,0,393000,0,1161000
4701590,Tennessee,3,2,Hamilton County,45342,490308000,54663000,45606000,0,9057000,0,20426000
4701620,Tennessee,3,3,Hancock County,976,10472000,994000,807000,0,187000,0,394000
4701650,Tennessee,3,3,Hardeman County Schools,3503,35487000,4192000,3355000,0,837000,0,1687000
4701680,Tennessee,3,3,Hardin County,3547,33085000,2692000,2083000,0,609000,0,1014000
4701740,Tennessee,3,3,Hawkins County,6519,64630000,6742000,5706000,0,1036000,0,2770000
4701770,Tennessee,3,3,Haywood County,2835,29204000,3177000,2493000,0,684000,0,1305000
4701800,Tennessee,3,3,Henderson County,3992,36022000,3458000,3017000,0,441000,0,1363000
4701830,Tennessee,3,3,Henry County,3046,29245000,2507000,2316000,0,190000,0,1145000
4701860,Tennessee,3,3,Hickman County,3392,32684000,3901000,3433000,0,468000,0,1589000
4701890,Tennessee,3,3,Hollow Rock - Bruceton,651,5815000,513000,468000,0,45000,0,241000
4701920,Tennessee,3,3,Houston County,1360,12836000,1154000,949000,0,205000,0,493000
4701950,Tennessee,3,3,Humboldt City Schools,1192,12452000,1130000,838000,0,293000,0,314000
4701980,Tennessee,3,3,Humphreys County,2970,26515000,2116000,1833000,0,284000,0,760000
4702010,Tennessee,3,3,Huntingdon Special School District,1362,12081000,1143000,1092000,0,51000,0,569000
4702070,Tennessee,3,3,Jackson County,1426,14605000,1468000,1239000,0,229000,0,613000
4702100,Tennessee,3,3,Jefferson County,7221,63503000,5704000,4785000,0,919000,0,2036000
4702130,Tennessee,3,3,Johnson City,8098,81123000,7218000,5962000,0,1256000,0,2726000
4702160,Tennessee,3,3,Johnson County,2102,21062000,2072000,1701000,0,371000,0,707000
4702190,Tennessee,3,3,Kingsport,7599,80745000,8255000,6857000,0,1398000,0,3599000
4702220,Tennessee,3,2,Knox County,61545,575564000,67061000,54907000,0,12154000,0,29789000
4702280,Tennessee,3,3,Lake County,747,8032000,779000,642000,0,138000,0,363000
4702310,Tennessee,3,3,Lauderdale County,3896,38831000,4412000,3715000,0,697000,0,1544000
4702340,Tennessee,3,3,Lawrence County,6970,60683000,5209000,4544000,0,665000,0,1809000
4702370,Tennessee,1,3,Lebanon,3983,37283000,3391000,2873000,0,518000,0,1215000
4702400,Tennessee,3,3,Lenoir City,2435,22111000,1866000,1432000,0,434000,0,643000
4702430,Tennessee,3,3,Lewis County,1716,15953000,1561000,1247000,0,314000,0,719000
4702460,Tennessee,1,3,Lexington,872,8703000,752000,627000,0,125000,0,336000
4702490,Tennessee,3,3,Lincoln County,3945,34350000,3284000,2992000,0,292000,0,1121000
4702520,Tennessee,3,3,Loudon County,4876,44567000,4370000,3581000,0,789000,0,1467000
4702550,Tennessee,3,3,Macon County,4018,35207000,3405000,2872000,0,533000,0,1265000
4702580,Tennessee,3,3,Madison County,12729,120961000,14100000,12327000,0,1774000,0,5961000
4702610,Tennessee,1,3,Manchester,1475,15622000,2138000,1828000,0,310000,0,680000
4702640,Tennessee,3,3,Marion County,4048,36335000,3805000,2968000,0,837000,0,1237000
4702670,Tennessee,3,3,Marshall County,5446,48028000,4062000,3747000,0,315000,0,1426000
4702700,Tennessee,3,3,Maryville,5443,59842000,7493000,6665000,0,828000,0,3038000
4702760,Tennessee,3,3,Maury County,13043,118536000,13947000,11534000,0,2414000,0,5149000
4702790,Tennessee,3,3,McKenzie,1255,10928000,1011000,879000,0,132000,0,416000
4702820,Tennessee,3,3,McMinn County,5493,49369000,4410000,3794000,0,616000,0,1750000
4702880,Tennessee,3,3,McNairy County,4070,37468000,3432000,2862000,0,570000,0,1203000
4702910,Tennessee,3,3,Meigs County,1742,16917000,1595000,1353000,0,243000,0,708000
4702970,Tennessee,3,3,Milan,2013,18854000,1731000,1479000,0,252000,0,700000
4703000,Tennessee,3,3,Monroe County,5262,49582000,5504000,4788000,0,716000,0,1835000
4703030,Tennessee,3,3,Montgomery County,36582,341190000,40514000,35206000,0,5308000,0,16988000
4703060,Tennessee,3,3,Moore County,891,9934000,905000,750000,0,155000,0,380000
4703090,Tennessee,3,3,Morgan County,2806,28476000,2577000,2084000,0,493000,0,947000
4703150,Tennessee,1,3,Murfreesboro,9216,93168000,12143000,9761000,0,2382000,0,3918000
4703180,Tennessee,3,2,Davidson County,85588,1036630000,123177000,111199000,0,11979000,0,49046000
4703210,Tennessee,1,3,Newport,682,6830000,590000,513000,0,77000,0,207000
4703240,Tennessee,3,3,Oak Ridge,4775,60027000,6059000,4952000,0,1107000,0,2413000
4703270,Tennessee,3,3,Obion County,3281,31023000,2621000,2285000,0,336000,0,956000
4703300,Tennessee,3,3,Oneida,1282,11600000,1364000,1189000,0,175000,0,543000
4703330,Tennessee,3,3,Overton County,3206,26967000,2527000,2219000,0,308000,0,930000
4703360,Tennessee,1,3,Paris,1613,15223000,1104000,1047000,0,58000,0,448000
4703390,Tennessee,3,3,Perry County,1058,11270000,1446000,1257000,0,189000,0,585000
4703420,Tennessee,3,3,Pickett County,642,6839000,629000,506000,0,122000,0,267000
4703450,Tennessee,3,3,Polk County,2269,21827000,1784000,1483000,0,301000,0,655000
4703480,Tennessee,3,3,Putnam County,11916,105687000,13757000,11340000,0,2417000,0,4721000
4703510,Tennessee,3,3,Rhea County,4225,40406000,4200000,3486000,0,714000,0,1211000
4703540,Tennessee,3,3,Richard City,270,2259000,152000,86000,0,67000,0,25000
4703590,Tennessee,3,3,Roane County,6514,63730000,7421000,5536000,0,1885000,0,2749000
4703600,Tennessee,3,3,Robertson County,12680,109979000,11165000,9551000,0,1614000,0,4325000
4703660,Tennessee,1,3,Rogersville,653,6530000,510000,370000,0,139000,0,193000
4703690,Tennessee,3,3,Rutherford County,47458,444646000,40057000,36197000,0,3860000,0,14780000
4703720,Tennessee,3,3,Scott County,2945,27168000,2289000,1966000,0,322000,0,1037000
4703750,Tennessee,3,3,Sequatchie County,2189,18564000,2590000,2198000,0,392000,0,1008000
4703780,Tennessee,3,3,Sevier County,14662,153875000,14554000,13098000,0,1455000,0,5383000
4703870,Tennessee,3,3,Smith County,3099,28270000,2535000,2187000,0,348000,0,951000
4703900,Tennessee,3,3,South Carroll,348,3240000,209000,193000,0,16000,0,91000
4703960,Tennessee,3,3,Stewart County,2050,18948000,1539000,1262000,0,277000,0,647000
4703990,Tennessee,3,3,Sullivan County,9247,88385000,8495000,7486000,0,1009000,0,3376000
4704020,Tennessee,3,3,Sumner County,30425,285058000,35209000,29723000,0,5486000,0,12070000
4704050,Tennessee,1,3,Sweetwater,1459,12418000,1214000,1042000,0,171000,0,531000
4704080,Tennessee,3,3,Tipton County,10681,91445000,11189000,10149000,0,1040000,0,4565000
4704100,Tennessee,3,3,Trenton,1331,12621000,882000,745000,0,137000,0,349000
4704170,Tennessee,3,3,Trousdale County,1316,12078000,1273000,1147000,0,126000,0,540000
4704200,Tennessee,3,3,Tullahoma,3633,37376000,4907000,4478000,0,429000,0,1908000
4704230,Tennessee,3,3,Unicoi County,2336,22820000,2450000,2245000,0,205000,0,909000
4704260,Tennessee,3,3,Union City,1635,16026000,1080000,889000,0,191000,0,333000
4704290,Tennessee,3,3,Union County,4832,37902000,3377000,2244000,0,1133000,0,1116000
4704320,Tennessee,3,3,Van Buren County,767,8562000,820000,625000,0,195000,0,292000
4704350,Tennessee,3,3,Warren County,6492,58711000,6091000,5052000,0,1039000,0,2556000
4704380,Tennessee,3,3,Washington County,8503,74544000,6581000,5551000,0,1030000,0,2628000
4704440,Tennessee,3,3,Wayne County,2190,22069000,2118000,1671000,0,447000,0,900000
4704470,Tennessee,3,3,Weakley County,4090,37514000,3014000,2525000,0,489000,0,1105000
4704490,Tennessee,3,3,West Carroll Sp Dist,940,9034000,829000,715000,0,114000,0,389000
4704500,Tennessee,3,3,White County,3947,35275000,3098000,2637000,0,461000,0,1449000
4704530,Tennessee,3,3,Williamson County,41387,406903000,64859000,57854000,0,7005000,0,21511000
4704550,Tennessee,3,3,Wilson County,19015,162413000,16887000,13355000,0,3532000,0,5182000
4800001,Texas,3,3,CROSBYTON CISD,332,5108000,220000,132000,15000,0,43000,0
4800002,Texas,3,3,SPUR ISD,246,3487000,286000,206000,26000,0,0,89000
4800003,Texas,3,3,ROCKSPRINGS ISD,300,4057000,240000,186000,2000,52000,0,142000
4800005,Texas,3,3,BLACKWELL CISD,164,3736000,132000,101000,7000,24000,0,42000
4800006,Texas,3,3,ASPERMONT ISD,220,3153000,139000,117000,0,0,1000,70000
4800007,Texas,3,3,PANTHER CREEK CISD,156,2236000,82000,81000,0,0,0,74000
4800008,Texas,3,3,DRIPPING SPRINGS ISD,7210,66414000,10384000,7410000,1170000,1650000,154000,2823000
4800009,Texas,3,3,WIMBERLEY ISD,2537,25578000,2724000,1696000,534000,398000,96000,1153000
4800010,Texas,3,3,HAYS CISD,20793,199320000,29339000,21860000,3349000,4079000,52000,9513000
4800011,Texas,3,3,ALVARADO ISD,3663,36258000,3738000,2547000,527000,394000,270000,1038000
4800012,Texas,3,3,CHISUM ISD,1074,10915000,416000,335000,25000,56000,0,101000
4807350,Texas,3,3,COLLEGE STATION ISD,13936,132744000,16192000,10798000,2977000,2279000,138000,3645000
4807380,Texas,3,3,ABBOTT ISD,288,3096000,200000,153000,17000,0,2000,94000
4807410,Texas,3,3,ABERNATHY ISD,818,8765000,450000,342000,26000,82000,0,79000
4807440,Texas,3,3,ABILENE ISD,16612,161080000,20165000,12663000,3491000,2532000,1478000,4479000
4807470,Texas,3,3,ACADEMY ISD,1723,14556000,1340000,1098000,54000,146000,42000,173000
4807500,Texas,3,3,ADRIAN ISD,128,2390000,92000,90000,1000,1000,0,0
4807530,Texas,3,3,AGUA DULCE ISD,385,4857000,342000,287000,14000,35000,6000,104000
4807590,Texas,3,3,ALAMO HEIGHTS ISD,4944,50423000,6901000,4948000,626000,977000,350000,1890000
4807650,Texas,3,3,ALBA-GOLDEN ISD,881,10256000,504000,419000,30000,55000,0,194000
4807680,Texas,3,3,ALBANY ISD,522,5861000,362000,274000,30000,58000,0,129000
4807710,Texas,3,3,ALDINE ISD,67259,679079000,73854000,48913000,12711000,8955000,3227000,19869000
4807780,Texas,3,3,ALEDO ISD,6437,60738000,5732000,4191000,734000,420000,388000,1839000
4807800,Texas,3,3,ALICE ISD,4870,49764000,5423000,3517000,828000,1079000,0,693000
4807830,Texas,3,3,ALIEF ISD,45300,519299000,59151000,45610000,6636000,4438000,2468000,9916000
4807890,Texas,3,3,ALLEN ISD,21880,210963000,26693000,15919000,4821000,4575000,1378000,7712000
4807950,Texas,3,3,ALPINE ISD,1025,13227000,2767000,1588000,671000,484000,24000,396000
4807980,Texas,3,3,ALTO ISD,631,7820000,562000,451000,29000,81000,1000,243000
4808090,Texas,3,3,ALVIN ISD,27022,265057000,30818000,23709000,3331000,2153000,1625000,8675000
4808100,Texas,3,3,ALVORD ISD,738,8340000,648000,437000,40000,110000,61000,99000
4808130,Texas,3,3,AMARILLO ISD,32436,301899000,37276000,24646000,6064000,4988000,1578000,13177000
4808160,Texas,3,3,AMHERST ISD,131,2085000,70000,57000,3000,10000,0,0
4808190,Texas,3,3,ANAHUAC ISD,1343,15734000,1379000,807000,225000,343000,4000,314000
4808230,Texas,3,3,ANDERSON-SHIRO CISD,888,8936000,579000,407000,33000,97000,42000,229000
4808280,Texas,3,3,ANDREWS ISD,4359,44462000,4651000,2939000,874000,723000,115000,1064000
4808310,Texas,3,3,ANGLETON ISD,6861,69414000,7550000,5009000,968000,1237000,336000,1322000
4808340,Texas,3,3,ANNA ISD,3828,39458000,5211000,3817000,266000,876000,252000,1399000
4808400,Texas,3,3,ANSON ISD,726,8938000,745000,655000,5000,74000,12000,302000
4808430,Texas,3,3,ANTHONY ISD,843,11229000,1178000,773000,153000,250000,2000,319000
4808460,Texas,3,3,ANTON ISD,200,2668000,124000,104000,3000,0,0,67000
4808490,Texas,3,3,APPLE SPRINGS ISD,198,2374000,143000,82000,31000,0,2000,45000
4808520,Texas,3,3,AQUILLA ISD,337,3843000,210000,192000,17000,0,0,100000
4808550,Texas,3,3,ARANSAS COUNTY ISD,2966,32541000,3609000,2577000,490000,470000,72000,951000
4808580,Texas,3,3,ARANSAS PASS ISD,1620,17432000,1817000,1175000,334000,289000,20000,201000
4808610,Texas,3,3,ARCHER CITY ISD,503,6240000,624000,520000,27000,77000,0,191000
4808670,Texas,3,3,ARGYLE ISD,3483,33401000,2723000,2035000,247000,442000,0,1407000
4808700,Texas,3,3,ARLINGTON ISD,59532,580180000,64078000,44938000,7698000,7040000,4402000,23630000
4808730,Texas,3,3,ARP ISD,889,10759000,1434000,904000,293000,0,17000,450000
4808870,Texas,3,3,ATHENS ISD,3136,30278000,3197000,2493000,280000,322000,102000,557000
4808880,Texas,3,3,ATLANTA ISD,1828,19454000,2673000,1716000,484000,473000,0,591000
4808910,Texas,3,3,AUBREY ISD,2593,23158000,1843000,1656000,0,22000,165000,599000
4808940,Texas,3,2,AUSTIN ISD,80911,866211000,139983000,94015000,11622000,22630000,11716000,40623000
4809000,Texas,3,3,AUSTWELL-TIVOLI ISD,138,2570000,263000,223000,10000,0,0,108000
4809030,Texas,3,3,AVALON ISD,359,4171000,300000,266000,0,34000,0,175000
4809060,Texas,3,3,AVERY ISD,324,4439000,228000,227000,1000,0,0,146000
4809090,Texas,3,3,AVINGER ISD,144,1960000,113000,108000,0,5000,0,0
4809150,Texas,3,3,AXTELL ISD,791,11204000,2011000,1342000,248000,0,28000,250000
4809200,Texas,3,3,AZLE ISD,6815,61328000,8108000,5604000,1391000,1113000,0,3342000
4809280,Texas,3,3,BAIRD ISD,279,4120000,230000,180000,11000,0,0,171000
4809300,Texas,3,3,BALLINGER ISD,906,11235000,1235000,717000,262000,245000,11000,224000
4809330,Texas,3,3,BALMORHEA ISD,159,3294000,123000,100000,8000,16000,0,58000
4809360,Texas,3,3,BANDERA ISD,2291,21818000,2695000,1691000,381000,454000,170000,718000
4809390,Texas,3,3,BANGS ISD,853,8806000,292000,216000,17000,60000,0,132000
4809410,Texas,3,3,BANQUETE ISD,893,12297000,1218000,851000,217000,150000,0,268000
4809450,Texas,3,3,BARBERS HILL ISD,6258,74793000,7456000,5465000,961000,869000,161000,2711000
4809540,Texas,3,3,BARTLETT ISD,377,4028000,237000,160000,12000,34000,31000,0
4809570,Texas,3,3,BASTROP ISD,11434,115375000,16004000,10492000,2790000,1309000,1413000,5424000
4809630,Texas,3,3,BAY CITY ISD,3699,41908000,5602000,3757000,946000,721000,178000,1640000
4809670,Texas,3,2,BEAUMONT ISD,18162,195962000,21830000,15807000,1806000,3100000,1117000,4939000
4809690,Texas,3,3,BECKVILLE ISD,685,7692000,496000,401000,24000,71000,0,269000
4809720,Texas,3,3,BEEVILLE ISD,3253,33260000,3548000,2757000,280000,306000,203000,647000
4809750,Texas,3,3,BELLEVUE ISD,141,1869000,87000,70000,2000,14000,0,46000
4809780,Texas,3,3,BELLS ISD,885,9247000,721000,568000,43000,108000,1000,81000
4809810,Texas,3,3,BELLVILLE ISD,2207,22616000,3073000,2015000,449000,453000,157000,897000
4809860,Texas,3,3,BELTON ISD,12186,118647000,14683000,8765000,2785000,2125000,1008000,3198000
4809870,Texas,3,3,BEN BOLT-PALITO BLANCO ISD,521,5879000,343000,258000,7000,26000,52000,95000
4809980,Texas,3,3,BENJAMIN ISD,124,2107000,89000,85000,1000,3000,0,0
4810140,Texas,3,3,BIG SANDY ISD,672,11931000,3527000,2077000,1057000,0,17000,280000
4810170,Texas,3,3,BIG SANDY ISD,503,6375000,611000,520000,16000,0,21000,182000
4810200,Texas,3,3,BIG SPRING ISD,3984,37538000,4425000,2832000,840000,524000,229000,846000
4810230,Texas,3,3,BIRDVILLE ISD,23576,223528000,31641000,19937000,4834000,4943000,1928000,8637000
4810260,Texas,3,3,BISHOP CISD,1602,17263000,1525000,1011000,214000,281000,18000,531000
4810320,Texas,3,3,BLANCO ISD,1036,11958000,1439000,848000,216000,319000,56000,376000
4810350,Texas,3,3,BLAND ISD,726,8257000,662000,557000,37000,40000,28000,238000
4810380,Texas,3,3,BLANKET ISD,143,2352000,101000,83000,3000,0,4000,55000
4810440,Texas,3,3,BLOOMBURG ISD,276,3399000,129000,123000,3000,2000,0,42000
4810470,Texas,3,3,BLOOMING GROVE ISD,942,9953000,647000,451000,46000,128000,21000,215000
4810500,Texas,3,3,BLOOMINGTON ISD,836,11238000,1080000,668000,191000,183000,38000,170000
4810590,Texas,3,3,BLUE RIDGE ISD,921,9362000,541000,463000,0,7000,71000,279000
4810620,Texas,3,3,BLUFF DALE ISD,232,2488000,98000,69000,3000,26000,0,66000
4810650,Texas,3,3,BLUM ISD,369,3863000,370000,233000,49000,78000,10000,81000
4810710,Texas,3,3,BOERNE ISD,9579,87615000,11958000,8122000,1347000,1977000,512000,5117000
4810740,Texas,3,3,BOLES ISD,534,6492000,616000,458000,47000,0,0,194000
4810780,Texas,3,3,BOLING ISD,1153,10783000,554000,423000,1000,80000,52000,92000
4810800,Texas,3,3,BONHAM ISD,1874,21912000,3915000,2580000,820000,442000,73000,852000
4810830,Texas,3,3,BOOKER ISD,371,4930000,220000,200000,0,19000,0,84000
4810860,Texas,3,3,BORDEN COUNTY ISD,207,5784000,342000,195000,14000,129000,3000,54000
4810890,Texas,3,3,BORGER ISD,2607,25637000,3116000,1985000,768000,321000,42000,722000
4810910,Texas,3,3,BOSQUEVILLE ISD,739,7935000,853000,644000,24000,170000,16000,199000
4810950,Texas,3,3,BOVINA ISD,471,5838000,322000,265000,12000,45000,0,133000
4810990,Texas,3,3,BOWIE ISD,1668,15192000,1638000,1235000,111000,245000,48000,416000
4811010,Texas,3,3,BOYD ISD,1305,12557000,845000,490000,54000,120000,181000,240000
4811040,Texas,3,3,BOYS RANCH ISD,312,7337000,865000,605000,149000,112000,0,383000
4811070,Texas,3,3,BRACKETT ISD,572,7351000,548000,452000,12000,77000,7000,129000
4811110,Texas,3,3,BRADY ISD,1060,14077000,2378000,1432000,590000,355000,0,605000
4811190,Texas,3,3,BRAZOSPORT ISD,12158,133353000,15652000,9965000,2776000,2565000,347000,6010000
4811220,Texas,3,3,BRECKENRIDGE ISD,1456,14190000,1739000,1109000,276000,341000,13000,352000
4811250,Texas,3,3,BREMOND ISD,500,6409000,368000,305000,9000,0,20000,48000
4811280,Texas,3,3,BRENHAM ISD,5100,50277000,7494000,5337000,1240000,180000,738000,3553000
4811310,Texas,3,3,BRIDGE CITY ISD,3072,26936000,3061000,2440000,116000,437000,69000,584000
4811340,Texas,3,3,BRIDGEPORT ISD,2077,23704000,4122000,2428000,909000,0,183000,917000
4811400,Texas,3,3,FORT ELLIOTT CISD,145,2938000,113000,88000,0,0,0,45000
4811430,Texas,3,3,BROADDUS ISD,384,5652000,317000,232000,17000,43000,25000,185000
4811460,Texas,3,3,BROCK ISD,1606,16017000,1298000,1046000,46000,191000,15000,372000
4811490,Texas,3,3,BRONTE ISD,242,3169000,218000,181000,5000,32000,0,151000
4811520,Texas,3,3,BROOKELAND ISD,388,5245000,282000,249000,0,32000,0,87000
4811550,Texas,3,3,BROOKESMITH ISD,155,2578000,275000,157000,23000,0,1000,24000
4811580,Texas,3,2,BROOKS COUNTY ISD,1506,21088000,1977000,1402000,249000,307000,19000,476000
4811610,Texas,3,3,BROWNFIELD ISD,1671,19953000,1853000,1211000,272000,314000,56000,566000
4811640,Texas,3,3,BROWNSBORO ISD,2708,27063000,2910000,1897000,557000,451000,6000,449000
4811680,Texas,3,3,BROWNSVILLE ISD,43028,499625000,73744000,44513000,11762000,15304000,2165000,19954000
4811700,Texas,3,3,BROWNWOOD ISD,3564,36656000,3614000,2722000,456000,437000,0,930000
4811730,Texas,3,3,BRUCEVILLE-EDDY ISD,643,8311000,445000,287000,40000,44000,74000,56000
4811790,Texas,3,2,BRYAN ISD,16167,171103000,24337000,16997000,3668000,3671000,1000,6522000
4811820,Texas,3,3,BRYSON ISD,256,2932000,131000,109000,0,21000,0,41000
4811850,Texas,3,3,BUCKHOLTS ISD,125,1930000,76000,64000,1000,12000,0,0
4811910,Texas,3,3,BUENA VISTA ISD,253,3097000,122000,94000,7000,0,0,0
4811990,Texas,3,3,BUFFALO ISD,951,10289000,656000,498000,45000,114000,0,197000
4812060,Texas,3,3,BULLARD ISD,2666,25752000,2803000,1732000,643000,427000,0,517000
4812090,Texas,3,3,BUNA ISD,1513,16464000,3253000,2204000,633000,343000,73000,660000
4812120,Texas,3,3,BURKBURNETT ISD,3263,34624000,4912000,3092000,898000,721000,201000,1331000
4812150,Texas,3,3,BURKEVILLE ISD,253,4256000,319000,236000,3000,69000,11000,50000
4812180,Texas,3,3,BURLESON ISD,12810,115452000,15516000,9942000,2896000,2678000,0,2502000
4812220,Texas,3,3,BURNET CISD,3248,34957000,4352000,2858000,655000,493000,346000,883000
4812240,Texas,3,3,BURTON ISD,479,5702000,606000,448000,34000,0,0,81000
4812360,Texas,3,3,BYNUM ISD,204,2382000,129000,103000,5000,21000,0,12000
4812390,Texas,3,3,CADDO MILLS ISD,1914,16146000,1492000,1061000,66000,269000,97000,496000
4812420,Texas,3,2,CALALLEN ISD,4090,43407000,5592000,3752000,993000,692000,155000,1330000
4812460,Texas,3,3,CALDWELL ISD,1737,18222000,1534000,1310000,104000,46000,73000,474000
4812480,Texas,3,3,CALHOUN COUNTY ISD,3840,43922000,5119000,3657000,591000,745000,126000,1133000
4812510,Texas,3,3,CALLISBURG ISD,1158,11601000,366000,285000,21000,60000,0,274000
4812540,Texas,3,3,CALVERT ISD,142,2282000,159000,129000,17000,0,1000,0
4812640,Texas,3,3,CAMERON ISD,1725,15973000,961000,723000,50000,161000,27000,233000
4812660,Texas,3,3,CAMPBELL ISD,302,3694000,369000,291000,26000,51000,0,122000
4812700,Texas,3,3,CANADIAN ISD,882,11270000,541000,424000,20000,96000,1000,204000
4812750,Texas,3,3,CANTON ISD,2199,18329000,1602000,1174000,181000,200000,47000,651000
4812780,Texas,3,3,CANUTILLO ISD,6256,68410000,6856000,4827000,870000,692000,467000,1961000
4812810,Texas,3,3,CANYON ISD,10381,81889000,9116000,6294000,1639000,1184000,0,3073000
4812870,Texas,3,3,CARLISLE ISD,624,7200000,608000,473000,27000,100000,8000,98000
4812990,Texas,3,3,CARRIZO SPRINGS CISD,2133,27819000,2461000,1602000,222000,599000,37000,427000
4813020,Texas,3,3,CARROLL ISD,8525,83541000,10270000,7142000,1684000,1444000,0,2184000
4813050,Texas,3,3,CARROLLTON-FARMERS BRANCH ISD,25611,267987000,37652000,24734000,5431000,4675000,2811000,7121000
4813110,Texas,3,3,CARTHAGE ISD,2702,28735000,3666000,3492000,109000,65000,0,1375000
4813170,Texas,3,3,CASTLEBERRY ISD,3649,38256000,4257000,3415000,144000,603000,95000,1092000
4813200,Texas,3,3,CAYUGA ISD,557,8347000,2408000,1157000,965000,270000,16000,278000
4813230,Texas,3,3,CEDAR HILL ISD,7625,72363000,6380000,4680000,914000,634000,152000,2172000
4813260,Texas,3,3,CELESTE ISD,506,6190000,475000,375000,35000,57000,8000,195000
4813290,Texas,3,3,CELINA ISD,2831,28721000,1702000,1481000,75000,145000,0,239000
4813320,Texas,3,3,CENTER ISD,2662,28018000,3142000,1842000,742000,413000,143000,828000
4813350,Texas,3,3,CENTER POINT ISD,591,6913000,915000,584000,200000,0,16000,150000
4813380,Texas,3,3,CENTERVILLE ISD,147,1915000,80000,64000,14000,1000,0,51000
4813410,Texas,3,3,CENTERVILLE ISD,665,8476000,1276000,712000,325000,224000,16000,320000
4813440,Texas,3,3,CENTRAL HEIGHTS ISD,1176,9580000,842000,632000,66000,0,13000,184000
4813500,Texas,3,3,CENTRAL ISD,1469,15569000,2084000,1375000,227000,385000,96000,608000
4813530,Texas,3,3,LUMBERTON ISD,4147,34876000,5378000,3444000,885000,762000,287000,1403000
4813590,Texas,3,3,CHANNELVIEW ISD,9727,99443000,11686000,7649000,1912000,1464000,661000,2764000
4813620,Texas,3,3,CHANNING ISD,162,2242000,105000,97000,2000,6000,0,0
4813650,Texas,3,3,CHAPEL HILL ISD,3528,35054000,3572000,2330000,684000,552000,7000,1340000
4813680,Texas,3,3,CHAPEL HILL ISD,1056,12348000,1076000,775000,39000,210000,52000,260000
4813710,Texas,3,3,CHARLOTTE ISD,452,6285000,406000,272000,41000,64000,29000,0
4813740,Texas,3,3,CHEROKEE ISD,106,2057000,100000,87000,4000,9000,0,27000
4813770,Texas,3,3,CHESTER ISD,203,2555000,133000,96000,0,13000,23000,10000
4813800,Texas,3,3,CHICO ISD,596,7054000,246000,207000,5000,13000,20000,174000
4813860,Texas,3,3,CHILDRESS ISD,1090,11917000,682000,573000,31000,68000,11000,483000
4813890,Texas,3,3,CHILLICOTHE ISD,202,2965000,170000,138000,1000,0,0,89000
4813920,Texas,3,3,CHILTON ISD,537,6122000,208000,128000,7000,73000,0,18000
4813960,Texas,3,3,CHINA SPRING ISD,2929,26068000,3073000,2247000,477000,349000,0,630000
4813980,Texas,3,3,CHIRENO ISD,384,4182000,208000,198000,1000,0,0,84000
4814010,Texas,3,3,CHRISTOVAL ISD,539,5712000,222000,160000,12000,25000,26000,92000
4814070,Texas,3,3,CISCO ISD,845,10451000,780000,597000,61000,0,10000,289000
4814130,Texas,3,3,CITY VIEW ISD,1072,13701000,2494000,1485000,567000,442000,0,370000
4814160,Texas,3,3,CLARENDON ISD,453,5654000,557000,434000,9000,114000,0,156000
4814190,Texas,3,3,CLARKSVILLE ISD,530,6863000,804000,628000,47000,0,0,158000
4814250,Texas,3,3,CLAUDE ISD,331,3688000,198000,173000,4000,20000,0,81000
4814280,Texas,3,3,CLEAR CREEK ISD,42388,386283000,59737000,43872000,6958000,6847000,2059000,21472000
4814310,Texas,3,3,CLEBURNE ISD,6902,69821000,6961000,4793000,1223000,944000,0,2404000
4814370,Texas,3,3,CLEVELAND ISD,7589,73891000,5702000,3472000,1206000,730000,294000,2610000
4814400,Texas,3,3,CLIFTON ISD,1021,10828000,1069000,636000,171000,238000,24000,299000
4814430,Texas,3,3,CLINT ISD,11222,125994000,12424000,8464000,1811000,1862000,287000,3471000
4814450,Texas,3,3,CLYDE CISD,1460,15243000,1115000,828000,79000,186000,22000,472000
4814490,Texas,3,3,COAHOMA ISD,1125,12608000,2796000,2044000,516000,229000,8000,493000
4814520,Texas,3,3,COLDSPRING-OAKHURST CISD,1565,18286000,2076000,1288000,291000,368000,130000,593000
4814550,Texas,3,3,COLEMAN ISD,822,9837000,1000000,673000,197000,113000,18000,122000
4814580,Texas,3,3,COLLINSVILLE ISD,522,6368000,431000,284000,32000,115000,0,78000
4814600,Texas,3,3,COLMESNEIL ISD,490,4917000,355000,288000,9000,0,13000,176000
4814640,Texas,3,3,COLORADO ISD,960,10517000,931000,739000,47000,145000,0,287000
4814670,Texas,3,3,COLUMBIA-BRAZORIA ISD,3000,31390000,3101000,2144000,339000,618000,0,1684000
4814700,Texas,3,3,COLUMBUS ISD,1543,16892000,2399000,1734000,278000,320000,67000,373000
4814730,Texas,3,3,COMAL ISD,25089,218035000,24676000,20056000,2538000,2083000,0,9293000
4814760,Texas,3,3,COMANCHE ISD,1392,13918000,806000,800000,0,0,6000,437000
4814790,Texas,3,3,COMFORT ISD,1088,12900000,1276000,982000,85000,196000,12000,480000
4814820,Texas,3,3,COMMERCE ISD,1524,19073000,3786000,1955000,1299000,532000,0,563000
4814850,Texas,3,3,COMMUNITY ISD,2560,25990000,2632000,1793000,263000,457000,119000,1509000
4814880,Texas,3,3,COMO-PICKTON CISD,732,8566000,623000,609000,0,0,14000,219000
4814920,Texas,3,3,COMSTOCK ISD,205,2624000,170000,163000,2000,6000,0,37000
4814970,Texas,3,3,CONNALLY ISD,2431,25143000,2234000,1425000,363000,361000,86000,598000
4815000,Texas,3,3,CONROE ISD,64799,569678000,79753000,51405000,14136000,9387000,4825000,32670000
4815120,Texas,3,3,COOLIDGE ISD,289,3712000,336000,300000,6000,0,0,154000
4815150,Texas,3,3,COOPER ISD,799,8860000,463000,356000,22000,70000,15000,110000
4815180,Texas,3,3,LUBBOCK-COOPER ISD,6975,60583000,6506000,4465000,1112000,876000,53000,2186000
4815210,Texas,3,3,COPPELL ISD,13218,127976000,15173000,9801000,2377000,1899000,1096000,5325000
4815240,Texas,3,3,COPPERAS COVE ISD,8477,78488000,9181000,4873000,2688000,1245000,375000,2399000
4815270,Texas,3,3,CORPUS CHRISTI ISD,36618,359041000,41397000,30730000,5120000,5546000,0,12768000
4815300,Texas,3,3,CORRIGAN-CAMDEN ISD,820,11792000,2012000,964000,538000,488000,23000,211000
4815330,Texas,3,3,CORSICANA ISD,6047,63997000,7948000,4927000,1240000,1654000,128000,2842000
4815360,Texas,3,3,COTTON CENTER ISD,100,1909000,94000,84000,4000,0,0,16000
4815400,Texas,3,3,COTULLA ISD,1321,19526000,2002000,1617000,118000,243000,24000,406000
4815420,Texas,1,3,COUPLAND ISD,163,1767000,102000,75000,0,10000,17000,72000
4815480,Texas,3,3,COVINGTON ISD,301,6710000,2662000,1786000,692000,0,4000,75000
4815510,Texas,3,3,CRANDALL ISD,4592,44550000,5777000,4005000,778000,994000,0,2190000
4815540,Texas,3,3,CRANE ISD,1174,15586000,1697000,1282000,74000,338000,2000,541000
4815570,Texas,3,3,CRANFILLS GAP ISD,128,1968000,98000,78000,5000,0,0,27000
4815600,Texas,3,3,CRAWFORD ISD,581,6297000,269000,190000,37000,21000,22000,189000
4815690,Texas,3,3,CROCKETT COUNTY CONSOLIDATED CSD,811,9864000,523000,412000,35000,76000,0,307000
4815720,Texas,3,3,CROCKETT ISD,1309,16439000,1987000,1243000,396000,0,55000,470000
4815750,Texas,3,3,CROSBY ISD,6452,56988000,8020000,5417000,1371000,941000,291000,2752000
4815810,Texas,3,3,CROSS PLAINS ISD,359,4518000,193000,154000,4000,34000,0,48000
4815840,Texas,3,3,CROSS ROADS ISD,537,6981000,824000,562000,45000,0,16000,216000
4815870,Texas,3,3,CROWELL ISD,230,3286000,278000,224000,16000,0,0,53000
4815910,Texas,3,3,CROWLEY ISD,15996,170939000,24220000,16136000,2847000,2939000,2298000,7978000
4815930,Texas,3,3,CRYSTAL CITY ISD,1910,21367000,1693000,1412000,37000,244000,0,361000
4815960,Texas,3,3,CUERO ISD,1965,23442000,2806000,1746000,595000,465000,0,772000
4815990,Texas,3,3,CULBERSON COUNTY-ALLAMOORE ISD,386,6456000,363000,332000,9000,22000,0,126000
4816020,Texas,3,3,CUMBY ISD,396,4680000,356000,278000,12000,66000,0,52000
4816080,Texas,3,3,CUSHING ISD,562,5700000,366000,298000,11000,54000,4000,162000
4816110,Texas,3,3,CYPRESS-FAIRBANKS ISD,117446,1081376000,127291000,94744000,13966000,9011000,9569000,65462000
4816140,Texas,3,3,D'HANIS ISD,353,4917000,519000,387000,40000,93000,0,119000
4816180,Texas,3,3,DAINGERFIELD-LONE STAR ISD,1020,12725000,1639000,1024000,355000,231000,29000,491000
4816200,Texas,3,3,DALHART ISD,1691,16503000,1366000,876000,217000,273000,0,363000
4816230,Texas,3,2,DALLAS ISD,153861,1707461000,184133000,116427000,21306000,26903000,19497000,57918000
4816260,Texas,1,3,DAMON ISD,114,1975000,137000,119000,18000,0,0,109000
4816290,Texas,3,3,DANBURY ISD,798,8831000,698000,636000,41000,20000,1000,246000
4816320,Texas,3,3,DARROUZETT ISD,138,2049000,113000,96000,8000,0,0,41000
4816350,Texas,3,3,DAWSON ISD,138,1706000,70000,67000,2000,0,0,17000
4816380,Texas,3,3,DAWSON ISD,563,6489000,407000,296000,27000,77000,6000,97000
4816410,Texas,3,3,DAYTON ISD,5564,51637000,6651000,3891000,1027000,1233000,500000,1799000
4816440,Texas,3,3,DE LEON ISD,745,8447000,1635000,1002000,297000,0,0,78000
4816500,Texas,3,3,DECATUR ISD,3464,35481000,3487000,2279000,598000,609000,0,1168000
4816530,Texas,3,3,DEER PARK ISD,12766,185008000,20045000,12966000,4050000,2351000,678000,6352000
4816570,Texas,3,3,DEKALB ISD,810,9468000,393000,279000,34000,80000,0,106000
4816620,Texas,3,3,DEL VALLE ISD,10968,130954000,15069000,11756000,1897000,1416000,0,5324000
4816650,Texas,3,3,DELL CITY ISD,67,2058000,112000,52000,24000,36000,0,30000
4816710,Texas,3,3,DENISON ISD,4750,50960000,6466000,4948000,750000,675000,93000,2092000
4816740,Texas,3,3,DENTON ISD,30919,313067000,45158000,29606000,8050000,6783000,719000,10124000
4816770,Texas,3,3,DENVER CITY ISD,1676,18892000,1360000,725000,376000,231000,28000,343000
4816860,Texas,3,3,DESOTO ISD,8633,155707000,10744000,6803000,2008000,1704000,229000,2728000
4816890,Texas,3,3,DETROIT ISD,522,8653000,1520000,1229000,24000,252000,15000,269000
4816920,Texas,1,3,DEVERS ISD,198,2117000,63000,63000,0,0,0,56000
4816950,Texas,3,3,DEVINE ISD,1973,20541000,2487000,1527000,331000,629000,0,752000
4816980,Texas,1,3,DEW ISD,179,2304000,109000,103000,6000,0,0,70000
4817010,Texas,3,3,DEWEYVILLE ISD,540,6630000,801000,530000,147000,108000,17000,112000
4817040,Texas,3,3,DIBOLL ISD,1803,20019000,1410000,820000,289000,238000,63000,330000
4817070,Texas,3,3,DICKINSON ISD,11655,114387000,15613000,10804000,1957000,2108000,744000,5229000
4817100,Texas,3,3,DILLEY ISD,982,12461000,1073000,786000,72000,212000,3000,267000
4817130,Texas,3,3,DIME BOX ISD,164,2539000,113000,69000,5000,0,0,0
4817160,Texas,3,3,DIMMITT ISD,1233,16535000,1190000,723000,181000,275000,11000,304000
4817280,Texas,3,3,DODD CITY ISD,354,3980000,148000,129000,4000,13000,2000,148000
4817390,Texas,3,3,DONNA ISD,14400,161137000,12418000,9560000,1530000,1328000,0,4249000
4817460,Texas,3,3,DOUGLASS ISD,460,4383000,260000,205000,12000,26000,16000,130000
4817550,Texas,1,3,DRISCOLL ISD,303,3982000,243000,211000,10000,21000,0,101000
4817580,Texas,3,3,DUBLIN ISD,1126,13531000,1274000,890000,119000,249000,17000,290000
4817610,Texas,3,3,DUMAS ISD,4317,42394000,4630000,3279000,579000,772000,0,1319000
4817640,Texas,3,3,DUNCANVILLE ISD,12426,126746000,15178000,9773000,1871000,2989000,546000,5377000
4817700,Texas,3,3,EAGLE MT-SAGINAW ISD,21024,203262000,25975000,17681000,3943000,3049000,1302000,8897000
4817730,Texas,3,3,EAGLE PASS ISD,14500,150209000,12181000,9097000,1124000,1608000,352000,3084000
4817760,Texas,3,3,EANES ISD,8166,87128000,17307000,12626000,1748000,2607000,326000,5071000
4817790,Texas,3,3,EARLY ISD,1199,13498000,2355000,1648000,422000,284000,1000,681000
4817830,Texas,3,3,EAST BERNARD ISD,941,9569000,426000,329000,66000,1000,30000,126000
4817850,Texas,3,3,EAST CENTRAL ISD,10146,93548000,11695000,8304000,1431000,1509000,451000,4269000
4817880,Texas,3,3,EAST CHAMBERS ISD,1535,17244000,747000,509000,143000,79000,16000,547000
4817960,Texas,3,3,EASTLAND ISD,1120,10861000,822000,617000,47000,149000,9000,328000
4818000,Texas,3,2,ECTOR COUNTY ISD,33822,307268000,23456000,16242000,3295000,3622000,297000,9587000
4818030,Texas,3,3,ECTOR ISD,277,3388000,274000,207000,22000,0,0,111000
4818060,Texas,3,3,EDCOUCH-ELSA ISD,4912,55518000,5513000,4139000,826000,549000,0,1514000
4818070,Texas,3,3,EDEN CISD,223,3044000,187000,157000,6000,0,12000,59000
4818120,Texas,3,3,EDGEWOOD ISD,978,10791000,1331000,761000,304000,240000,26000,176000
4818150,Texas,3,2,EDGEWOOD ISD,9887,117105000,13027000,8694000,1593000,2406000,335000,3532000
4818180,Texas,3,3,EDINBURG CISD,34327,364149000,30694000,22379000,4124000,3492000,699000,6108000
4818210,Texas,3,3,EDNA ISD,1583,18151000,2490000,1739000,449000,253000,48000,299000
4818280,Texas,3,3,EL CAMPO ISD,3612,37122000,5500000,3596000,981000,702000,219000,1435000
4818300,Texas,3,3,EL PASO ISD,55253,595953000,68757000,43100000,12562000,8592000,4503000,11850000
4818330,Texas,3,3,ELECTRA ISD,408,5897000,335000,242000,42000,0,5000,116000
4818360,Texas,3,3,ELGIN ISD,4573,48449000,5541000,3306000,595000,1282000,359000,1705000
4818390,Texas,3,3,ELKHART ISD,1247,12717000,1042000,860000,24000,128000,30000,417000
4818480,Texas,3,3,ELYSIAN FIELDS ISD,898,8982000,636000,506000,34000,76000,20000,262000
4818540,Texas,3,3,ENNIS ISD,5939,57677000,6170000,4046000,1050000,959000,115000,1875000
4818600,Texas,3,3,ERA ISD,479,5093000,200000,158000,13000,29000,0,103000
4818660,Texas,1,3,ETOILE ISD,98,1904000,116000,88000,6000,15000,7000,49000
4818690,Texas,3,3,EULA ISD,426,5336000,354000,280000,27000,44000,4000,120000
4818720,Texas,3,3,EUSTACE ISD,1627,16779000,2028000,1409000,336000,240000,43000,577000
4818750,Texas,3,3,EVADALE ISD,443,5395000,541000,435000,10000,96000,0,195000
4818780,Texas,3,3,EVANT ISD,249,3471000,120000,103000,13000,4000,0,79000
4818810,Texas,3,3,EVERMAN ISD,6024,69007000,5644000,3530000,980000,1044000,89000,1751000
4818840,Texas,1,3,EXCELSIOR ISD,79,1326000,87000,82000,2000,3000,0,41000
4818890,Texas,1,3,EZZELL ISD,82,866000,42000,37000,0,4000,0,0
4818900,Texas,3,3,FABENS ISD,2145,24179000,3115000,2060000,561000,453000,42000,992000
4818940,Texas,3,3,FAIRFIELD ISD,1786,20640000,3558000,1960000,1119000,479000,0,698000
4819020,Texas,3,3,FALLS CITY ISD,384,4799000,352000,197000,34000,0,0,107000
4819050,Texas,3,3,FANNINDEL ISD,123,2383000,141000,86000,6000,23000,26000,58000
4819080,Texas,3,3,FARMERSVILLE ISD,1767,18731000,1807000,1391000,59000,320000,36000,705000
4819110,Texas,3,3,FARWELL ISD,548,6640000,502000,390000,28000,84000,0,129000
4819140,Texas,3,3,FAYETTEVILLE ISD,266,2784000,93000,85000,7000,1000,0,57000
4819170,Texas,3,3,FERRIS ISD,2680,29709000,3292000,2115000,472000,705000,0,735000
4819280,Texas,3,3,FLATONIA ISD,621,7214000,620000,441000,71000,98000,11000,381000
4819320,Texas,3,3,FLORENCE ISD,1102,13135000,1793000,1276000,147000,287000,83000,362000
4819350,Texas,3,3,FLORESVILLE ISD,4132,37935000,3399000,2581000,451000,368000,0,1079000
4819380,Texas,3,3,FLOUR BLUFF ISD,5777,53229000,7683000,5323000,1043000,1216000,101000,2619000
4819440,Texas,3,3,FLOYDADA ISD,709,10161000,1152000,648000,89000,0,25000,170000
4819500,Texas,3,3,FOLLETT ISD,155,2202000,102000,86000,9000,0,0,0
4819530,Texas,3,3,FORESTBURG ISD,161,2412000,198000,178000,0,15000,5000,47000
4819560,Texas,3,3,FORNEY ISD,11977,95693000,10050000,6892000,1835000,1307000,15000,3017000
4819620,Texas,3,3,FORSAN ISD,787,8460000,425000,351000,8000,0,0,70000
4819650,Texas,3,3,FORT BEND ISD,77756,788158000,116794000,74116000,15916000,23803000,2960000,27640000
4819700,Texas,3,2,FORT WORTH ISD,82891,873671000,101351000,72951000,13123000,12498000,2778000,28302000
4819740,Texas,3,3,FRANKLIN ISD,1243,16673000,2455000,1373000,570000,0,0,428000
4819770,Texas,3,3,FRANKSTON ISD,786,9523000,774000,626000,22000,112000,13000,197000
4819820,Texas,3,2,FREER ISD,789,11252000,1112000,667000,182000,259000,4000,72000
4819830,Texas,3,3,FRENSHIP ISD,10269,93244000,9228000,5958000,1406000,1282000,582000,2658000
4819840,Texas,3,3,FREDERICKSBURG ISD,3182,33730000,4159000,2405000,1030000,632000,92000,1342000
4819950,Texas,3,3,FRIENDSWOOD ISD,6227,56021000,7634000,4945000,1393000,1142000,154000,2566000
4819980,Texas,3,3,FRIONA ISD,1136,14116000,1642000,864000,472000,299000,6000,347000
4820010,Texas,3,3,FRISCO ISD,62705,573720000,84944000,56604000,10737000,12192000,5410000,27914000
4820040,Texas,3,3,FROST ISD,430,4701000,283000,220000,11000,0,1000,54000
4820070,Texas,3,3,FRUITVALE ISD,429,5836000,526000,268000,198000,51000,8000,110000
4820100,Texas,3,3,FT DAVIS ISD,224,3138000,267000,214000,13000,0,0,117000
4820130,Texas,3,3,FT HANCOCK ISD,404,6076000,323000,245000,9000,68000,0,176000
4820160,Texas,3,3,FT SAM HOUSTON ISD,1543,24865000,5672000,3769000,748000,1085000,70000,1218000
4820190,Texas,3,3,FORT STOCKTON ISD,2464,28439000,2153000,1513000,197000,351000,92000,385000
4820220,Texas,3,3,GAINESVILLE ISD,3061,31699000,3368000,2626000,376000,316000,50000,797000
4820250,Texas,3,3,GALENA PARK ISD,22428,246065000,28525000,18764000,4273000,5229000,258000,6477000
4820280,Texas,3,2,GALVESTON ISD,7041,78923000,7628000,5485000,1075000,712000,357000,2042000
4820310,Texas,3,3,GANADO ISD,741,8369000,510000,377000,43000,75000,16000,105000
4820340,Texas,3,3,GARLAND ISD,55701,535082000,61938000,40510000,8969000,9273000,3187000,19442000
4820370,Texas,1,3,GARNER ISD,199,2219000,205000,177000,1000,0,15000,83000
4820400,Texas,3,3,GARRISON ISD,732,8621000,1975000,1342000,400000,0,30000,317000
4820460,Texas,3,3,GARY ISD,490,5210000,464000,396000,5000,53000,11000,31000
4820500,Texas,3,3,GATESVILLE ISD,2788,27223000,4029000,2597000,674000,637000,120000,1014000
4820520,Texas,1,3,GAUSE ISD,169,1863000,108000,90000,2000,16000,0,64000
4820550,Texas,3,3,GEORGE WEST ISD,1133,11549000,952000,661000,160000,131000,0,197000
4820600,Texas,3,3,GEORGETOWN ISD,12160,124567000,19233000,13023000,2235000,3198000,776000,5513000
4820610,Texas,3,3,GHOLSON ISD,252,2583000,97000,88000,0,8000,0,58000
4820640,Texas,3,3,GIDDINGS ISD,1917,18912000,2316000,1533000,327000,411000,45000,436000
4820700,Texas,3,3,GILMER ISD,2585,26137000,1678000,1148000,198000,252000,79000,489000
4820760,Texas,3,3,GLADEWATER ISD,1835,18450000,2370000,1692000,126000,430000,123000,541000
4820790,Texas,3,3,GLASSCOCK COUNTY ISD,306,7500000,486000,436000,4000,45000,0,120000
4820850,Texas,3,3,GLEN ROSE ISD,1930,22543000,2292000,1560000,332000,300000,100000,509000
4820960,Texas,3,3,GODLEY ISD,2348,28696000,5320000,3097000,1093000,790000,340000,891000
4820970,Texas,3,3,GOLD BURG ISD,134,1921000,136000,115000,0,0,0,54000
4821000,Texas,3,3,GOLDTHWAITE ISD,565,8603000,2008000,1289000,460000,246000,12000,176000
4821030,Texas,3,3,GOLIAD ISD,1319,15361000,1724000,1024000,187000,498000,15000,224000
4821060,Texas,3,3,GONZALES ISD,2837,27791000,2765000,1850000,484000,346000,85000,957000
4821090,Texas,3,3,GOODRICH ISD,259,3409000,207000,179000,25000,0,3000,90000
4821150,Texas,3,3,GOOSE CREEK CISD,23926,260151000,28323000,20552000,3902000,3869000,0,11814000
4821180,Texas,3,3,GORDON ISD,216,2364000,66000,58000,3000,0,0,48000
4821270,Texas,3,3,GORMAN ISD,304,5033000,1640000,671000,616000,0,2000,164000
4821300,Texas,3,3,GRADY ISD,248,3833000,78000,67000,3000,8000,0,65000
4821330,Texas,3,3,GRAFORD ISD,350,4301000,172000,144000,3000,4000,22000,46000
4821360,Texas,3,3,GRAHAM ISD,2340,22078000,2530000,1742000,325000,356000,108000,550000
4821390,Texas,3,3,GRANBURY ISD,7474,71281000,9133000,6250000,1754000,512000,617000,2965000
4821420,Texas,3,2,GRAND PRAIRIE ISD,29266,291295000,33605000,19559000,6724000,5149000,2172000,10462000
4821450,Texas,3,3,GRAND SALINE ISD,1103,12753000,1759000,1219000,193000,326000,21000,242000
4821480,Texas,3,3,GRANDFALLS-ROYALTY ISD,182,2350000,105000,92000,0,0,0,40000
4821540,Texas,3,3,GRANDVIEW ISD,1354,12015000,829000,685000,40000,0,0,461000
4821590,Texas,3,3,GRANGER ISD,457,5503000,307000,224000,24000,27000,32000,124000
4821600,Texas,3,3,GRAPE CREEK ISD,1188,12185000,1375000,887000,285000,202000,0,441000
4821630,Texas,3,3,GRAPELAND ISD,617,5859000,345000,271000,15000,50000,9000,134000
4821660,Texas,3,3,GRAPEVINE-COLLEYVILLE ISD,14234,137932000,17026000,11960000,2464000,2161000,441000,3392000
4821720,Texas,3,3,GREENVILLE ISD,5364,53233000,6621000,4388000,1163000,986000,84000,2111000
4821750,Texas,3,3,GREENWOOD ISD,2972,27708000,1316000,1146000,10000,160000,0,597000
4821780,Texas,3,3,GREGORY-PORTLAND ISD,4625,50973000,6562000,4314000,907000,1291000,51000,1808000
4821810,Texas,3,3,GROESBECK ISD,1612,18228000,2219000,1271000,557000,344000,47000,507000
4821840,Texas,3,3,GROOM ISD,156,2133000,123000,116000,2000,5000,0,36000
4821900,Texas,3,3,GROVETON ISD,764,9492000,1660000,911000,398000,332000,20000,241000
4821930,Texas,3,3,GRUVER ISD,450,5864000,372000,293000,27000,0,0,148000
4821960,Texas,3,3,GUNTER ISD,1001,17649000,6870000,4640000,1438000,0,359000,1331000
4821990,Texas,3,3,GUSTINE ISD,154,3106000,146000,108000,12000,0,0,52000
4822020,Texas,3,3,GUTHRIE CSD,107,3146000,57000,52000,0,5000,0,0
4822050,Texas,3,3,HALE CENTER ISD,641,7561000,367000,281000,36000,49000,0,143000
4822120,Texas,3,3,HALLETTSVILLE ISD,1135,11381000,592000,421000,29000,94000,47000,109000
4822140,Texas,1,3,HALLSBURG ISD,163,1797000,54000,45000,1000,8000,0,59000
4822170,Texas,3,3,HALLSVILLE ISD,11462,94141000,9529000,7801000,935000,713000,80000,1468000
4822230,Texas,3,3,HAMILTON ISD,817,9438000,319000,203000,47000,63000,6000,431000
4822320,Texas,3,3,HAMSHIRE-FANNETT ISD,1927,25045000,1836000,1106000,346000,300000,85000,364000
4822350,Texas,3,3,HAPPY ISD,270,3354000,198000,164000,7000,27000,0,77000
4822380,Texas,3,3,HARDIN ISD,1400,15365000,845000,577000,63000,0,24000,369000
4822410,Texas,3,3,HARDIN-JEFFERSON ISD,2459,22397000,2835000,1967000,395000,359000,114000,831000
4822470,Texas,3,3,HARLANDALE ISD,13666,154337000,16816000,14061000,2152000,604000,0,7109000
4822500,Texas,3,3,HARLETON ISD,718,7940000,560000,435000,25000,100000,0,128000
4822530,Texas,3,3,HARLINGEN CISD,18365,204557000,20326000,13294000,2695000,3150000,1188000,6590000
4822560,Texas,3,3,HARMONY ISD,1090,11042000,743000,555000,45000,121000,22000,201000
4822590,Texas,3,3,HARPER ISD,568,6395000,398000,336000,12000,50000,0,208000
4822620,Texas,3,3,HARROLD ISD,106,2024000,90000,83000,0,0,0,50000
4822650,Texas,3,3,HART ISD,207,2864000,264000,192000,25000,0,0,90000
4822680,Texas,3,3,HARTLEY ISD,245,2784000,116000,90000,4000,22000,0,4000
4822710,Texas,1,3,HARTS BLUFF ISD,651,6663000,159000,142000,3000,14000,0,68000
4822740,Texas,3,3,HASKELL CISD,579,8731000,741000,620000,13000,108000,0,336000
4822770,Texas,3,3,HAWKINS ISD,729,8616000,255000,197000,8000,50000,0,54000
4822800,Texas,3,3,HAWLEY ISD,810,8525000,741000,571000,53000,117000,0,357000
4822830,Texas,3,2,HEARNE ISD,747,11406000,1099000,849000,52000,183000,14000,547000
4822850,Texas,3,3,HEDLEY ISD,114,1857000,95000,89000,0,0,0,35000
4822890,Texas,3,3,HEMPHILL ISD,912,11350000,1475000,903000,394000,178000,0,117000
4822920,Texas,3,3,HEMPSTEAD ISD,1551,18275000,2380000,1498000,365000,471000,46000,792000
4822970,Texas,3,3,HENDERSON ISD,3418,33790000,3988000,2612000,680000,535000,162000,918000
4822980,Texas,3,3,HENRIETTA ISD,941,11585000,2182000,1126000,681000,370000,6000,255000
4823010,Texas,3,3,HEREFORD ISD,4037,39599000,4107000,2637000,842000,543000,84000,1408000
4823040,Texas,3,3,HERMLEIGH ISD,243,3117000,120000,120000,0,0,0,46000
4823070,Texas,3,3,HICO ISD,568,6823000,311000,248000,22000,37000,3000,201000
4823100,Texas,3,3,HIDALGO ISD,3199,36896000,2916000,1762000,704000,385000,66000,533000
4823140,Texas,3,3,HIGGINS ISD,68,1815000,52000,42000,1000,0,0,40000
4823160,Texas,3,3,HIGH ISLAND ISD,171,2785000,167000,157000,2000,4000,4000,0
4823190,Texas,3,3,HIGHLAND ISD,238,3548000,163000,132000,9000,0,0,63000
4823250,Texas,3,3,HIGHLAND PARK ISD,6864,72042000,10136000,6651000,1613000,1335000,537000,3182000
4823280,Texas,3,3,HILLSBORO ISD,1975,22121000,2468000,2041000,79000,304000,44000,747000
4823310,Texas,3,3,HITCHCOCK ISD,1772,23311000,5010000,3036000,1220000,683000,71000,1053000
4823370,Texas,3,3,HOLLAND ISD,674,9116000,1848000,821000,734000,0,21000,254000
4823400,Texas,3,3,HOLLIDAY ISD,1051,9995000,636000,458000,59000,112000,7000,339000
4823430,Texas,3,3,HONDO ISD,1904,18530000,2330000,1647000,311000,361000,12000,970000
4823460,Texas,3,3,HONEY GROVE ISD,637,6493000,499000,392000,39000,60000,8000,124000
4823490,Texas,3,3,HOOKS ISD,888,9955000,340000,244000,28000,68000,0,133000
4823640,Texas,3,2,HOUSTON ISD,210061,2159989000,194676000,119007000,29832000,35212000,10625000,46512000
4823670,Texas,3,3,HOWE ISD,1267,13097000,791000,495000,88000,208000,0,155000
4823700,Texas,1,3,HUBBARD ISD,117,1101000,64000,54000,0,11000,0,0
4823730,Texas,3,3,HUBBARD ISD,410,4670000,249000,223000,20000,6000,0,95000
4823760,Texas,3,3,HUCKABAY ISD,256,2829000,32000,29000,1000,2000,0,45000
4823790,Texas,3,3,HUDSON ISD,2948,27446000,2636000,1870000,433000,264000,68000,1406000
4823820,Texas,3,3,HUFFMAN ISD,3596,35390000,3719000,2655000,517000,548000,0,1051000
4823850,Texas,3,3,HUGHES SPRINGS ISD,1218,13214000,816000,643000,48000,125000,0,346000
4823880,Texas,3,3,HULL-DAISETTA ISD,518,6993000,752000,587000,2000,137000,26000,149000
4823910,Texas,3,3,HUMBLE ISD,45078,428749000,70760000,43728000,11710000,12303000,3020000,15193000
4823970,Texas,1,3,HUNT ISD,205,2721000,105000,97000,3000,5000,0,105000
4824000,Texas,3,3,HUNTINGTON ISD,1610,16792000,1956000,1284000,273000,336000,63000,784000
4824030,Texas,3,3,HUNTSVILLE ISD,9169,78936000,8090000,6107000,949000,1034000,0,2020000
4824060,Texas,3,3,HURST-EULESS-BEDFORD ISD,23816,207157000,24815000,15848000,3771000,2997000,2199000,8228000
4824100,Texas,3,3,HUTTO ISD,8130,67072000,11120000,7424000,1467000,1762000,467000,2855000
4824120,Texas,3,3,IDALOU ISD,992,10245000,832000,619000,108000,95000,10000,338000
4824150,Texas,3,3,INDUSTRIAL ISD,1177,13677000,378000,261000,34000,82000,0,280000
4824180,Texas,3,3,INGLESIDE ISD,2137,22088000,2914000,2129000,383000,387000,15000,774000
4824210,Texas,3,3,INGRAM ISD,1166,12864000,1213000,938000,72000,203000,0,408000
4824240,Texas,3,3,IOLA ISD,541,5447000,393000,393000,0,0,0,218000
4824260,Texas,3,3,IOWA PARK CISD,1941,18625000,1391000,1044000,104000,166000,77000,406000
4824300,Texas,3,3,IRA ISD,268,2710000,105000,89000,3000,14000,0,64000
4824330,Texas,3,3,IRAAN-SHEFFIELD ISD,384,6008000,274000,203000,19000,53000,0,45000
4824360,Texas,3,3,IREDELL ISD,151,1852000,73000,58000,2000,6000,7000,58000
4824420,Texas,3,3,IRVING ISD,33544,344330000,40061000,26286000,6123000,5278000,2374000,6271000
4824450,Texas,3,3,ITALY ISD,640,8435000,1447000,943000,281000,193000,30000,211000
4824480,Texas,3,3,ITASCA ISD,652,7808000,591000,410000,22000,156000,4000,222000
4824530,Texas,3,3,JACKSBORO ISD,1058,12518000,737000,571000,43000,116000,7000,270000
4824590,Texas,3,3,JACKSONVILLE ISD,4978,49552000,5298000,3737000,796000,610000,154000,1489000
4824600,Texas,3,3,JARRELL ISD,2107,21699000,3047000,2166000,338000,476000,68000,930000
4824630,Texas,3,3,JASPER ISD,2312,25557000,3321000,2287000,360000,596000,78000,730000
4824660,Texas,3,3,JAYTON-GIRARD ISD,169,3321000,187000,159000,8000,0,0,103000
4824730,Texas,3,3,JEFFERSON ISD,1271,14510000,1208000,754000,225000,198000,24000,220000
4824750,Texas,3,3,JIM HOGG COUNTY ISD,1153,15647000,1981000,1416000,124000,437000,4000,314000
4824780,Texas,3,3,JIM NED CISD,1366,14224000,2701000,1933000,502000,246000,21000,619000
4824810,Texas,3,3,JOAQUIN ISD,660,8302000,978000,675000,88000,195000,21000,272000
4824840,Texas,3,3,JOHNSON CITY ISD,642,8007000,1144000,747000,33000,326000,37000,235000
4824900,Texas,3,3,JONESBORO ISD,349,2997000,136000,104000,9000,10000,14000,44000
4824930,Texas,3,3,JOSHUA ISD,5618,58226000,5851000,3684000,893000,878000,396000,1480000
4824960,Texas,3,3,JOURDANTON ISD,1618,16106000,1628000,1057000,96000,0,41000,511000
4824990,Texas,3,3,JUDSON ISD,23680,221550000,35728000,26209000,3351000,4832000,1335000,14530000
4825020,Texas,3,3,JUNCTION ISD,584,7250000,502000,402000,36000,65000,0,132000
4825110,Texas,1,3,KARNACK ISD,144,2105000,188000,165000,9000,14000,0,46000
4825140,Texas,3,3,KARNES CITY ISD,1085,15878000,766000,594000,44000,127000,0,359000
4825170,Texas,3,3,KATY ISD,83423,824750000,129114000,94903000,19307000,12448000,2456000,35489000
4825200,Texas,3,3,KAUFMAN ISD,4057,39820000,3785000,2586000,625000,486000,88000,970000
4825230,Texas,3,3,KEENE ISD,1100,11719000,757000,582000,63000,113000,0,311000
4825260,Texas,3,3,KELLER ISD,35267,342575000,48253000,29169000,7408000,6978000,4698000,12051000
4825290,Texas,3,3,KELTON ISD,84,1924000,54000,50000,0,3000,0,15000
4825320,Texas,3,3,KEMP ISD,1624,18574000,2187000,1360000,337000,393000,97000,417000
4825410,Texas,1,3,KENEDY COUNTY WIDE CSD,73,2259000,69000,54000,7000,8000,0,51000
4825440,Texas,3,3,KENEDY ISD,757,9491000,972000,687000,64000,190000,32000,102000
4825470,Texas,3,3,KENNARD ISD,241,3423000,253000,142000,36000,72000,3000,33000
4825500,Texas,3,3,KENNEDALE ISD,2975,30132000,3038000,1915000,438000,487000,197000,1554000
4825530,Texas,3,3,KERENS ISD,562,7134000,712000,457000,46000,0,40000,112000
4825560,Texas,3,3,KERMIT ISD,1456,18458000,2136000,1233000,675000,212000,15000,269000
4825590,Texas,3,3,KERRVILLE ISD,4818,43220000,4925000,3541000,646000,738000,1000,1364000
4825620,Texas,3,3,KILGORE ISD,4063,36783000,3505000,2252000,721000,474000,58000,1586000
4825660,Texas,3,3,KILLEEN ISD,45336,418989000,54787000,37683000,8132000,8965000,9000,15937000
4825680,Texas,3,3,KINGSVILLE ISD,3102,35785000,4921000,3518000,495000,899000,9000,996000
4825710,Texas,3,3,KIRBYVILLE CISD,1486,14393000,533000,378000,18000,80000,57000,168000
4825740,Texas,3,3,KLEIN ISD,54096,469076000,75862000,47817000,14737000,11277000,2031000,29541000
4825790,Texas,3,3,KLONDIKE ISD,271,4103000,86000,70000,6000,10000,0,45000
4825800,Texas,3,3,KNIPPA ISD,448,4487000,193000,185000,3000,5000,0,54000
4825870,Texas,3,3,KNOX CITY-O'BRIEN CISD,251,3939000,662000,340000,173000,149000,0,61000
4825890,Texas,3,3,KOPPERL ISD,183,2374000,103000,84000,4000,6000,10000,75000
4825920,Texas,3,3,KOUNTZE ISD,1128,13154000,1035000,766000,0,213000,56000,198000
4825950,Texas,3,3,KRESS ISD,283,3053000,115000,94000,1000,0,0,53000
4825980,Texas,3,3,KRUM ISD,2062,21686000,2131000,1502000,159000,407000,63000,842000
4826040,Texas,3,3,LA FERIA ISD,3229,36840000,2506000,1893000,119000,494000,0,1087000
4826070,Texas,1,3,LA GLORIA ISD,129,1431000,78000,57000,0,20000,0,0
4826100,Texas,3,3,LA GRANGE ISD,1931,20799000,3526000,1994000,872000,466000,195000,591000
4826130,Texas,3,3,LA JOYA ISD,27291,326379000,29800000,20108000,4393000,4336000,963000,8000000
4826190,Texas,3,3,LA PORTE ISD,7211,78416000,10630000,6474000,1952000,1880000,324000,1600000
4826220,Texas,3,3,LAPOYNOR ISD,469,5057000,358000,262000,27000,59000,9000,85000
4826250,Texas,3,3,LA PRYOR ISD,509,6700000,630000,433000,75000,121000,0,345000
4826280,Texas,3,3,LA VEGA ISD,3148,35324000,2386000,1545000,253000,477000,111000,472000
4826310,Texas,3,3,LA VERNIA ISD,3373,30890000,5005000,3688000,512000,661000,144000,1259000
4826340,Texas,3,3,LA VILLA ISD,602,7208000,290000,199000,34000,52000,5000,50000
4826370,Texas,3,3,LACKLAND ISD,1072,16644000,2738000,1807000,402000,396000,133000,599000
4826400,Texas,3,3,LAGO VISTA ISD,1588,15673000,2106000,1325000,229000,0,107000,433000
4826430,Texas,3,3,LAKE DALLAS ISD,3986,42722000,5665000,3571000,820000,1040000,234000,2307000
4826470,Texas,3,3,LAKE TRAVIS ISD,11085,98791000,15611000,10357000,2602000,1688000,963000,3140000
4826490,Texas,3,3,LAKE WORTH ISD,3594,39677000,3467000,2418000,519000,530000,0,1336000
4826580,Texas,3,3,LAMAR CISD,35156,346123000,47909000,32385000,6585000,6603000,2337000,10780000
4826610,Texas,3,3,LAMESA ISD,1803,20535000,1606000,1215000,208000,153000,30000,411000
4826640,Texas,3,3,LAMPASAS ISD,3421,34094000,4031000,2718000,555000,758000,0,1090000
4826670,Texas,3,3,LANCASTER ISD,7474,71668000,7736000,4263000,1700000,1460000,313000,2337000
4826700,Texas,3,3,LANEVILLE ISD,160,2332000,127000,117000,2000,0,8000,99000
4826790,Texas,3,3,LAREDO ISD,23706,261007000,27485000,19288000,3694000,3296000,1207000,5119000
4826850,Texas,3,3,LASARA ISD,308,4969000,151000,110000,11000,14000,16000,106000
4826910,Texas,3,3,LATEXO ISD,453,5610000,363000,266000,31000,55000,10000,123000
4826970,Texas,3,3,LAZBUDDIE ISD,161,2448000,127000,102000,0,0,0,0
4827000,Texas,3,3,LEAKEY ISD,284,3741000,282000,255000,1000,21000,5000,45000
4827030,Texas,3,3,LEANDER ISD,41381,327922000,59219000,39812000,9246000,7587000,2573000,17286000
4827060,Texas,1,3,LEARY ISD,135,1091000,109000,81000,0,28000,0,42000
4827090,Texas,3,3,LEFORS ISD,170,2121000,136000,110000,2000,0,10000,0
4827120,Texas,3,3,LEGGETT ISD,196,2131000,103000,99000,0,0,3000,50000
4827180,Texas,3,3,LEON ISD,705,9131000,349000,337000,12000,0,0,206000
4827210,Texas,3,3,LEONARD ISD,861,9561000,444000,323000,28000,50000,43000,153000
4827240,Texas,3,3,LEVELLAND ISD,2898,31144000,5021000,3244000,899000,828000,50000,1348000
4827270,Texas,3,3,LEVERETTS CHAPEL ISD,237,3148000,181000,148000,4000,0,6000,94000
4827300,Texas,3,3,LEWISVILLE ISD,52189,529849000,77670000,56970000,10328000,10373000,0,29640000
4827330,Texas,3,3,LEXINGTON ISD,1054,11224000,1115000,754000,100000,243000,18000,292000
4827390,Texas,3,3,LIBERTY-EYLAU ISD,2436,26012000,3109000,2099000,459000,485000,66000,1174000
4827420,Texas,3,3,LIBERTY HILL ISD,4878,43880000,6694000,3994000,1535000,885000,281000,1438000
4827450,Texas,3,3,LIBERTY ISD,2266,25055000,4122000,2333000,989000,725000,75000,651000
4827510,Texas,3,3,LINDALE ISD,4237,38059000,4039000,2726000,813000,496000,5000,1018000
4827540,Texas,3,3,LINDEN-KILDARE CISD,656,8391000,1231000,810000,115000,221000,85000,354000
4827570,Texas,3,3,LINDSAY ISD,512,5418000,141000,118000,4000,19000,0,91000
4827600,Texas,3,3,LINGLEVILLE ISD,282,3467000,152000,140000,4000,3000,5000,61000
4827630,Texas,3,3,LIPAN ISD,441,4572000,190000,156000,11000,22000,0,138000
4827690,Texas,3,3,LITTLE CYPRESS-MAURICEVILLE CISD,3217,30098000,4403000,2971000,468000,848000,117000,1351000
4827720,Texas,3,3,LITTLE ELM ISD,8065,76146000,8321000,5072000,1322000,1513000,414000,2393000
4827750,Texas,3,3,LITTLEFIELD ISD,1296,15098000,1715000,1193000,338000,177000,8000,377000
4827780,Texas,3,3,LIVINGSTON ISD,3981,40735000,4947000,3252000,758000,650000,287000,1441000
4827810,Texas,3,3,LLANO ISD,1778,21131000,2360000,1601000,337000,356000,66000,791000
4827870,Texas,3,3,LOCKHART ISD,6160,57818000,7557000,5368000,857000,754000,577000,1978000
4827890,Texas,3,3,LOCKNEY ISD,442,6221000,330000,219000,23000,67000,21000,80000
4827930,Texas,3,3,LOHN ISD,74,1778000,59000,52000,0,7000,0,40000
4827960,Texas,3,3,LOMETA ISD,341,3802000,174000,157000,3000,14000,0,52000
4827990,Texas,3,3,LONDON ISD,1201,10397000,827000,598000,27000,184000,18000,151000
4828020,Texas,3,3,LONE OAK ISD,993,11624000,1560000,1213000,100000,233000,14000,237000
4828110,Texas,3,2,LONGVIEW ISD,8575,96500000,8871000,5852000,1628000,1127000,264000,2290000
4828140,Texas,3,3,LOOP ISD,157,2477000,61000,54000,0,0,0,17000
4828170,Texas,3,3,LORAINE ISD,158,2293000,173000,129000,21000,0,0,0
4828200,Texas,3,3,LORENA ISD,1752,17162000,1834000,1218000,164000,378000,74000,434000
4828230,Texas,3,3,LORENZO ISD,243,5160000,1312000,865000,149000,0,2000,139000
4828290,Texas,3,3,LOS FRESNOS CISD,10660,112268000,11616000,7914000,2159000,1543000,0,3212000
4828350,Texas,3,3,LOUISE ISD,530,6298000,270000,209000,14000,47000,0,122000
4828380,Texas,3,3,LOVEJOY ISD,4365,46835000,5797000,3985000,787000,824000,201000,1586000
4828410,Texas,3,3,LOVELADY ISD,507,6045000,265000,205000,23000,38000,0,124000
4828500,Texas,3,2,LUBBOCK ISD,27348,281851000,40616000,25962000,6242000,5830000,2582000,12895000
4828530,Texas,3,3,LUEDERS-AVOCA ISD,105,2086000,98000,91000,0,6000,0,66000
4828550,Texas,3,3,LUFKIN ISD,7869,82965000,9189000,6048000,1291000,1625000,226000,2759000
4828590,Texas,3,3,LULING ISD,1423,13364000,1094000,645000,73000,361000,15000,196000
4828620,Texas,3,3,LYFORD CISD,1449,18722000,1299000,948000,112000,201000,38000,557000
4828650,Texas,3,3,LYTLE ISD,1786,18575000,1500000,990000,162000,232000,117000,569000
4828680,Texas,3,3,MABANK ISD,3682,35053000,2833000,1843000,685000,305000,0,597000
4828710,Texas,3,3,MADISONVILLE CISD,2409,23322000,2514000,1802000,238000,341000,133000,701000
4828740,Texas,3,3,MAGNOLIA ISD,13290,128803000,19106000,12853000,2550000,2517000,1186000,6394000
4828780,Texas,3,3,MALAKOFF ISD,1428,16490000,2291000,1499000,375000,337000,81000,643000
4828800,Texas,1,3,MALONE ISD,169,1891000,173000,128000,1000,0,4000,27000
4828830,Texas,1,3,MALTA ISD,236,1578000,105000,94000,0,10000,0,47000
4828890,Texas,3,3,MANOR ISD,9595,103381000,10480000,6903000,1026000,2551000,0,2231000
4828920,Texas,3,3,MANSFIELD ISD,35669,328082000,41714000,27250000,6278000,5945000,2241000,15874000
4828980,Texas,3,3,MARATHON ISD,57,1696000,103000,91000,1000,12000,0,38000
4829010,Texas,3,3,MARBLE FALLS ISD,4354,45050000,4818000,3330000,580000,638000,270000,1748000
4829040,Texas,3,3,MARFA ISD,329,4101000,207000,154000,10000,43000,0,87000
4829100,Texas,3,3,MARION ISD,1538,15332000,2023000,1408000,258000,357000,0,354000
4829130,Texas,3,3,MARLIN ISD,920,14089000,3218000,2131000,477000,446000,165000,224000
4829160,Texas,3,2,MARSHALL ISD,5336,50184000,4964000,3272000,667000,760000,266000,798000
4829190,Texas,3,3,MART ISD,518,6725000,406000,313000,8000,85000,0,168000
4829220,Texas,3,3,MARTINS MILL ISD,510,5654000,652000,482000,108000,61000,1000,178000
4829250,Texas,3,3,MARTINSVILLE ISD,371,4878000,244000,211000,11000,0,0,102000
4829280,Texas,3,3,MASON ISD,757,9105000,753000,497000,126000,125000,5000,118000
4829370,Texas,1,3,MATAGORDA ISD,112,1850000,123000,100000,0,0,0,0
4829400,Texas,3,3,MATHIS ISD,1599,19566000,1889000,1688000,32000,46000,123000,340000
4829460,Texas,3,3,MAUD ISD,477,5669000,495000,312000,126000,35000,22000,99000
4829520,Texas,3,3,MAY ISD,261,3275000,302000,220000,16000,66000,0,83000
4829580,Texas,3,3,MAYPEARL ISD,1137,10920000,1294000,948000,209000,128000,9000,338000
4829670,Texas,3,3,MCALLEN ISD,22427,254512000,25560000,18104000,3820000,2907000,730000,6793000
4829700,Texas,3,3,MCCAMEY ISD,567,7633000,1270000,596000,293000,373000,8000,162000
4829760,Texas,3,3,MCDADE ISD,366,4301000,379000,285000,11000,82000,0,31000
4829820,Texas,3,3,MCGREGOR ISD,1491,15400000,2485000,1450000,672000,0,39000,416000
4829850,Texas,3,3,MCKINNEY ISD,24621,243003000,36375000,23747000,4000000,5991000,2638000,10900000
4829880,Texas,3,3,MCLEAN ISD,218,2689000,178000,147000,6000,26000,0,0
4829910,Texas,3,3,MCLEOD ISD,391,4083000,252000,223000,8000,21000,0,44000
4829940,Texas,3,3,MCMULLEN COUNTY ISD,288,4893000,216000,143000,19000,48000,6000,51000
4830000,Texas,3,3,MEADOW ISD,285,4018000,104000,87000,13000,4000,0,70000
4830030,Texas,3,3,MEDINA ISD,315,4244000,371000,273000,74000,25000,0,150000
4830060,Texas,3,3,MEDINA VALLEY ISD,5868,55768000,5992000,4050000,712000,1036000,194000,875000
4830120,Texas,3,3,MELISSA ISD,3580,32516000,3082000,2697000,12000,228000,145000,932000
4830180,Texas,3,3,MEMPHIS ISD,465,6550000,461000,354000,23000,76000,8000,77000
4830210,Texas,3,3,MENARD ISD,303,5130000,1581000,165000,997000,0,0,87000
4830250,Texas,3,3,MERCEDES ISD,4941,56582000,4220000,3123000,470000,626000,0,1625000
4830300,Texas,3,3,MERIDIAN ISD,441,6685000,1275000,822000,223000,0,5000,325000
4830340,Texas,3,3,MERKEL ISD,1108,11330000,974000,709000,60000,157000,48000,526000
4830360,Texas,3,3,IRION COUNTY ISD,295,4767000,166000,129000,11000,25000,0,117000
4830390,Texas,3,3,MESQUITE ISD,39856,382469000,49281000,34800000,6177000,6498000,1805000,14412000
4830420,Texas,3,3,MEXIA ISD,1878,20770000,3350000,2292000,507000,459000,92000,1283000
4830450,Texas,1,3,MEYERSVILLE ISD,149,1581000,40000,40000,0,0,0,0
4830480,Texas,3,3,MIAMI ISD,190,2777000,67000,67000,0,0,0,40000
4830570,Texas,3,2,MIDLAND ISD,26432,234320000,21144000,13661000,3884000,2416000,1182000,5752000
4830600,Texas,3,3,MIDLOTHIAN ISD,9783,91733000,10283000,6791000,1843000,1154000,497000,1969000
4830640,Texas,3,3,MIDWAY ISD,8375,77251000,7768000,4693000,858000,1885000,332000,2148000
4830660,Texas,3,3,MIDWAY ISD,127,2082000,160000,144000,0,0,0,110000
4830690,Texas,3,3,MILANO ISD,429,5657000,145000,145000,0,0,0,122000
4830720,Texas,3,3,MILDRED ISD,767,7504000,756000,573000,13000,0,24000,143000
4830750,Texas,3,3,MILES ISD,489,5450000,374000,286000,82000,2000,4000,126000
4830780,Texas,3,3,MILFORD ISD,246,3336000,156000,137000,0,19000,0,32000
4830810,Texas,3,3,MILLER GROVE ISD,354,3675000,163000,153000,1000,9000,0,86000
4830870,Texas,3,3,MILLSAP ISD,1040,11330000,848000,670000,50000,0,1000,334000
4830930,Texas,3,3,MINEOLA ISD,1646,19288000,3415000,2076000,669000,418000,252000,448000
4830950,Texas,3,3,MINERAL WELLS ISD,3237,36337000,5961000,4015000,674000,1047000,225000,1360000
4831040,Texas,3,3,MISSION CISD,15465,166645000,16151000,10798000,2710000,2269000,374000,5162000
4831170,Texas,3,3,MONAHANS-WICKETT-PYOTE ISD,2401,23243000,2560000,1989000,187000,382000,1000,382000
4831200,Texas,1,3,MONTAGUE ISD,174,1480000,85000,74000,0,11000,0,53000
4831230,Texas,3,3,MONTE ALTO ISD,915,11920000,448000,305000,33000,89000,21000,170000
4831260,Texas,3,3,MONTGOMERY ISD,9025,83478000,10009000,6968000,1438000,1062000,540000,4912000
4831290,Texas,3,3,MOODY ISD,694,8046000,431000,258000,67000,79000,27000,130000
4831320,Texas,3,3,MORAN ISD,112,1872000,206000,201000,2000,3000,0,137000
4831380,Texas,3,3,MORGAN ISD,124,1659000,94000,76000,0,14000,4000,59000
4831410,Texas,1,3,MORGAN MILL ISD,111,1434000,20000,11000,0,1000,7000,22000
4831470,Texas,3,3,MORTON ISD,399,6129000,188000,181000,6000,1000,0,66000
4831500,Texas,3,3,MOTLEY COUNTY ISD,150,3213000,768000,447000,143000,0,0,0
4831560,Texas,3,3,MOULTON ISD,273,3509000,167000,115000,4000,11000,38000,162000
4831620,Texas,3,3,MOUNT CALM ISD,203,2387000,138000,111000,0,0,9000,27000
4831650,Texas,3,3,MOUNT ENTERPRISE ISD,425,4708000,349000,281000,15000,53000,0,189000
4831760,Texas,3,3,MOUNT PLEASANT ISD,5327,55425000,5495000,3620000,1103000,763000,9000,1288000
4831770,Texas,3,3,MOUNT VERNON ISD,1578,16036000,1587000,1109000,195000,218000,65000,544000
4831860,Texas,3,3,MUENSTER ISD,535,5532000,440000,361000,26000,52000,0,54000
4831890,Texas,3,3,MULESHOE ISD,1403,16704000,1962000,1387000,256000,319000,0,485000
4831920,Texas,3,3,MULLIN ISD,280,5229000,1167000,608000,266000,0,0,137000
4831950,Texas,3,3,MUMFORD ISD,625,4865000,142000,121000,21000,0,0,97000
4831970,Texas,3,3,MUNDAY CISD,414,4834000,374000,318000,5000,0,0,96000
4832010,Texas,1,3,MURCHISON ISD,173,2108000,300000,271000,6000,19000,3000,58000
4832090,Texas,3,3,NACOGDOCHES ISD,6213,61987000,6295000,4084000,1050000,891000,270000,1369000
4832130,Texas,3,3,NATALIA ISD,1083,12110000,969000,771000,97000,100000,1000,341000
4832160,Texas,3,3,NAVARRO ISD,1944,18110000,1928000,1379000,180000,297000,72000,743000
4832190,Texas,3,3,NAVASOTA ISD,3017,32929000,4253000,2175000,1024000,699000,355000,754000
4832220,Texas,3,3,NAZARETH ISD,248,2598000,148000,118000,4000,27000,0,57000
4832250,Texas,3,3,NECHES ISD,353,4506000,489000,347000,50000,0,0,102000
4832280,Texas,3,3,NEDERLAND ISD,5222,52767000,6228000,4180000,1474000,471000,103000,2186000
4832310,Texas,3,3,NEEDVILLE ISD,3331,32987000,3045000,2554000,344000,16000,131000,1129000
4832340,Texas,3,3,NEW BOSTON ISD,1237,15343000,3356000,2255000,657000,175000,0,752000
4832370,Texas,3,3,NEW BRAUNFELS ISD,9541,77975000,7228000,4685000,1313000,1230000,0,2247000
4832400,Texas,3,3,NEW CANEY ISD,16110,174246000,17079000,10562000,3351000,2596000,571000,5753000
4832430,Texas,3,3,NEW DEAL ISD,767,8260000,529000,469000,25000,35000,0,188000
4832460,Texas,3,3,NEW DIANA ISD,1208,11913000,570000,444000,26000,92000,7000,259000
4832490,Texas,3,3,NEW HOME ISD,532,4792000,179000,171000,8000,0,0,141000
4832610,Texas,3,3,NEW SUMMERFIELD ISD,541,6599000,292000,238000,10000,44000,0,108000
4832640,Texas,3,3,NEW WAVERLY ISD,1021,11799000,1217000,862000,29000,325000,0,431000
4832700,Texas,3,3,NEWCASTLE ISD,199,2534000,152000,147000,2000,3000,0,33000
4832730,Texas,3,3,NEWTON ISD,1047,13185000,1957000,1315000,234000,351000,58000,590000
4832740,Texas,3,3,NIXON-SMILEY CISD,1083,14669000,1554000,1035000,211000,283000,25000,474000
4832790,Texas,3,3,NOCONA ISD,812,9407000,2083000,1172000,584000,0,0,329000
4832880,Texas,3,3,NORDHEIM ISD,153,2218000,82000,73000,2000,7000,0,42000
4832910,Texas,3,3,NORMANGEE ISD,600,6391000,588000,457000,18000,92000,21000,118000
4832940,Texas,3,3,NORTH EAST ISD,64539,619164000,99124000,69659000,10270000,16796000,2399000,23777000
4832970,Texas,3,3,NORTH HOPKINS ISD,541,6512000,318000,251000,5000,62000,0,90000
4833010,Texas,3,3,NORTH LAMAR ISD,2441,25260000,4138000,3106000,174000,777000,81000,928000
4833030,Texas,3,3,NORTH ZULCH ISD,300,4340000,134000,134000,0,0,0,39000
4833090,Texas,3,3,NORTHSIDE ISD,230,2387000,65000,63000,0,2000,0,0
4833120,Texas,3,3,NORTHSIDE ISD,107817,1001572000,146315000,100537000,13535000,22085000,10158000,33131000
4833180,Texas,3,3,NORTHWEST ISD,25040,243206000,31091000,21093000,4537000,3377000,2084000,8690000
4833240,Texas,3,3,NUECES CANYON CISD,283,3837000,192000,156000,5000,31000,0,57000
4833270,Texas,1,3,NURSERY ISD,147,1641000,91000,71000,4000,16000,0,0
4833340,Texas,3,3,OAKWOOD ISD,189,2831000,111000,83000,10000,19000,0,37000
4833360,Texas,3,3,ODEM-EDROY ISD,853,11221000,890000,583000,113000,177000,17000,73000
4833390,Texas,3,3,O'DONNELL ISD,303,4574000,287000,177000,9000,101000,0,134000
4833420,Texas,3,3,OGLESBY ISD,165,2158000,37000,34000,0,4000,0,11000
4833570,Texas,3,3,OLFEN ISD,123,1794000,102000,67000,0,9000,25000,11000
4833630,Texas,3,3,OLNEY ISD,657,9428000,1579000,768000,425000,375000,10000,189000
4833660,Texas,3,3,OLTON ISD,599,7546000,702000,516000,15000,151000,20000,220000
4833690,Texas,3,3,ONALASKA ISD,1143,12291000,1095000,905000,48000,142000,0,451000
4833720,Texas,3,3,ORANGE GROVE ISD,1830,18338000,3024000,1941000,467000,565000,51000,744000
4833780,Texas,3,3,ORANGEFIELD ISD,1822,19335000,1863000,1165000,260000,360000,78000,442000
4833840,Texas,3,3,ORE CITY ISD,976,10816000,1425000,1014000,298000,43000,71000,394000
4833870,Texas,3,3,OVERTON ISD,504,6407000,454000,348000,37000,68000,0,134000
4833900,Texas,3,3,PADUCAH ISD,200,2907000,163000,160000,2000,1000,0,95000
4833960,Texas,3,3,PAINT CREEK ISD,104,2154000,97000,71000,8000,18000,0,26000
4833980,Texas,3,3,PAINT ROCK ISD,234,3317000,156000,124000,3000,10000,19000,107000
4834020,Texas,3,3,PALACIOS ISD,1386,17010000,1035000,863000,22000,150000,0,299000
4834050,Texas,3,3,PALESTINE ISD,3436,39476000,2431000,1120000,943000,346000,22000,1420000
4834110,Texas,3,3,PALMER ISD,1266,13490000,1627000,1008000,389000,218000,12000,280000
4834140,Texas,1,3,PALO PINTO ISD,102,1456000,30000,27000,1000,0,0,0
4834170,Texas,3,3,PAMPA ISD,3558,30228000,3852000,2766000,535000,502000,49000,1132000
4834230,Texas,3,3,PANHANDLE ISD,669,8076000,524000,422000,25000,77000,0,103000
4834260,Texas,3,3,PARADISE ISD,1236,11861000,624000,466000,41000,113000,4000,481000
4834290,Texas,3,3,PARIS ISD,3964,42396000,3602000,2614000,694000,293000,0,1282000
4834320,Texas,3,3,PASADENA ISD,52878,585789000,87863000,55718000,15079000,12667000,4399000,30749000
4834380,Texas,3,3,PATTON SPRINGS ISD,99,2061000,48000,47000,0,2000,0,0
4834410,Texas,1,3,PAWNEE ISD,522,5908000,197000,157000,25000,8000,7000,39000
4834440,Texas,3,3,PEARLAND ISD,21760,192449000,25540000,16485000,3452000,4849000,754000,7550000
4834470,Texas,3,3,PEARSALL ISD,2174,23795000,3130000,2025000,534000,495000,76000,503000
4834500,Texas,3,3,PEASTER ISD,1322,15851000,3045000,1694000,821000,516000,13000,676000
4834550,Texas,3,3,PECOS-BARSTOW-TOYAH ISD,2879,61127000,4710000,3396000,576000,648000,89000,812000
4834560,Texas,3,3,PENELOPE ISD,204,2779000,171000,150000,0,21000,0,118000
4834630,Texas,3,3,PERRIN-WHITT CISD,319,3960000,236000,208000,7000,0,0,75000
4834650,Texas,3,3,PERRYTON ISD,2213,23044000,2300000,1341000,538000,365000,56000,482000
4834680,Texas,3,3,PETERSBURG ISD,291,4046000,443000,352000,14000,0,1000,68000
4834710,Texas,3,3,PETROLIA CISD,450,5810000,220000,220000,0,0,0,51000
4834770,Texas,3,3,PETTUS ISD,397,6034000,781000,584000,25000,0,32000,201000
4834800,Texas,3,3,PEWITT CISD,872,9662000,819000,660000,43000,101000,15000,218000
4834830,Texas,3,3,PFLUGERVILLE ISD,26400,265091000,40901000,27597000,4956000,5834000,2513000,13648000
4834860,Texas,3,3,PHARR-SAN JUAN-ALAMO ISD,32412,376334000,28464000,20154000,3463000,2852000,1995000,8998000
4834920,Texas,3,3,PILOT POINT ISD,1359,14894000,1028000,755000,81000,192000,1000,291000
4834980,Texas,3,3,PINE TREE ISD,4566,45564000,4351000,3222000,659000,469000,0,1571000
4835010,Texas,3,3,PITTSBURG ISD,2441,25114000,2079000,1849000,40000,190000,0,688000
4835040,Texas,3,3,PLAINS ISD,482,6463000,293000,227000,24000,41000,0,120000
4835070,Texas,3,3,PLAINVIEW ISD,5247,54762000,6021000,3695000,983000,1030000,314000,2152000
4835100,Texas,3,3,PLANO ISD,52629,525659000,83517000,60834000,10033000,10336000,2235000,44396000
4835130,Texas,3,3,PLEASANT GROVE ISD,2218,21012000,1966000,1415000,181000,0,19000,410000
4835190,Texas,3,3,PLEASANTON ISD,3572,36060000,5813000,3573000,1207000,941000,92000,1797000
4835250,Texas,3,3,POINT ISABEL ISD,2175,22635000,2183000,1585000,126000,358000,113000,495000
4835310,Texas,3,3,PONDER ISD,1579,15328000,829000,620000,42000,136000,31000,316000
4835340,Texas,3,3,POOLVILLE ISD,540,6764000,440000,361000,15000,64000,0,170000
4835370,Texas,3,3,PORT ARANSAS ISD,508,8179000,612000,426000,47000,140000,0,167000
4835400,Texas,3,3,PORT ARTHUR ISD,8310,99802000,9862000,6600000,1275000,1521000,467000,2950000
4835430,Texas,3,3,PORT NECHES-GROVES ISD,5181,51774000,6057000,4282000,904000,545000,327000,1511000
4835490,Texas,3,3,POST ISD,811,9845000,997000,551000,224000,207000,15000,184000
4835520,Texas,3,3,POTEET ISD,1640,16135000,1623000,1156000,104000,306000,57000,457000
4835550,Texas,3,3,POTH ISD,867,8926000,1195000,848000,119000,0,14000,314000
4835560,Texas,3,3,HIGHLAND PARK ISD,917,8743000,1153000,801000,112000,0,12000,280000
4835570,Texas,3,3,BUSHLAND ISD,1433,14191000,1711000,1089000,332000,256000,35000,556000
4835580,Texas,3,3,POTTSBORO ISD,1446,13928000,882000,632000,67000,154000,29000,340000
4835700,Texas,3,3,PRAIRIE LEA ISD,217,2539000,89000,81000,0,8000,0,0
4835730,Texas,3,3,PRAIRIE VALLEY ISD,150,1932000,117000,97000,1000,0,0,29000
4835740,Texas,3,3,PRAIRILAND ISD,1134,10171000,470000,377000,16000,77000,0,232000
4835760,Texas,3,2,PREMONT ISD,665,10263000,626000,467000,25000,134000,0,93000
4835800,Texas,3,3,PRESIDIO ISD,1171,14386000,1101000,843000,76000,183000,0,127000
4835820,Texas,3,3,PRIDDY ISD,103,1930000,88000,54000,1000,0,0,7000
4835850,Texas,3,3,PRINCETON ISD,5434,51923000,5019000,3380000,752000,722000,165000,1326000
4835890,Texas,1,3,PRINGLE-MORSE CISD,110,1872000,115000,99000,5000,11000,0,56000
4835910,Texas,3,3,PROGRESO ISD,1700,19657000,1323000,1015000,115000,181000,13000,498000
4836000,Texas,3,3,PROSPER ISD,16857,157500000,17765000,14520000,330000,1694000,1221000,5637000
4836180,Texas,3,3,QUANAH ISD,524,8395000,1767000,1189000,335000,0,4000,334000
4836210,Texas,3,3,QUEEN CITY ISD,1028,12148000,1028000,724000,132000,133000,38000,157000
4836240,Texas,3,3,QUINLAN ISD,2645,25599000,3132000,2026000,553000,477000,76000,807000
4836300,Texas,3,3,QUITMAN ISD,1182,12416000,586000,452000,30000,104000,0,317000
4836360,Texas,3,3,RAINS ISD,1727,17352000,2129000,1343000,403000,347000,36000,674000
4836390,Texas,3,3,RALLS ISD,496,6735000,243000,205000,5000,29000,4000,193000
4836450,Texas,3,3,RANDOLPH FIELD ISD,1427,18815000,1907000,1257000,307000,205000,137000,453000
4836480,Texas,3,3,RANGER ISD,368,4288000,480000,383000,34000,0,1000,152000
4836510,Texas,3,3,RANKIN ISD,303,7311000,167000,135000,7000,25000,0,35000
4836540,Texas,3,3,RAYMONDVILLE ISD,2140,28200000,3727000,2314000,567000,759000,87000,950000
4836570,Texas,3,3,REAGAN COUNTY ISD,908,15040000,1335000,939000,93000,303000,0,349000
4836630,Texas,1,3,RED LICK ISD,523,4770000,233000,185000,10000,38000,0,158000
4836660,Texas,3,3,RED OAK ISD,6067,56837000,6392000,4083000,1190000,981000,139000,2180000
4836750,Texas,3,3,REDWATER ISD,1113,11755000,914000,659000,138000,100000,16000,233000
4836780,Texas,3,3,REFUGIO ISD,704,10871000,3189000,1323000,1341000,0,0,67000
4836930,Texas,1,3,RICARDO ISD,672,6839000,538000,460000,10000,9000,60000,98000
4836960,Texas,3,3,RICE ISD,947,9765000,463000,441000,2000,5000,15000,253000
4836970,Texas,3,3,RICE CISD,1341,16744000,1094000,977000,0,94000,23000,513000
4836990,Texas,3,3,RICHARDS ISD,186,2060000,63000,60000,1000,3000,0,52000
4837020,Texas,3,3,RICHARDSON ISD,39619,396908000,54592000,37838000,8578000,8065000,112000,14201000
4837080,Texas,3,3,RICHLAND SPRINGS ISD,118,2367000,129000,125000,0,3000,0,29000
4837110,Texas,3,3,RIESEL ISD,652,6099000,330000,256000,15000,59000,0,161000
4837140,Texas,3,3,RIO GRANDE CITY CISD,10194,120703000,11214000,7877000,1984000,1352000,0,1555000
4837150,Texas,2,3,SOUTH TEXAS ISD,4126,60264000,3072000,2174000,535000,363000,0,451000
4837170,Texas,3,3,RIO HONDO ISD,1825,22012000,1623000,916000,537000,151000,19000,658000
4837200,Texas,3,3,RIO VISTA ISD,755,9862000,275000,242000,11000,22000,0,175000
4837230,Texas,3,3,RISING STAR ISD,167,2030000,59000,52000,1000,6000,0,34000
4837260,Texas,3,3,RIVER ROAD ISD,1326,14726000,1853000,1435000,91000,0,20000,265000
4837320,Texas,3,3,RIVIERA ISD,428,6255000,345000,292000,18000,36000,0,49000
4837380,Texas,3,3,ROBERT LEE ISD,272,4046000,86000,50000,0,4000,32000,0
4837410,Texas,3,3,ROBINSON ISD,2430,23514000,3179000,1932000,528000,582000,137000,567000
4837440,Texas,3,3,ROBSTOWN ISD,2760,31901000,4505000,2766000,734000,904000,101000,1338000
4837470,Texas,3,3,ROBY CISD,304,3577000,183000,154000,7000,0,0,108000
4837500,Texas,3,3,ROCHELLE ISD,203,2674000,184000,157000,7000,19000,0,49000
4837590,Texas,3,3,ROCKDALE ISD,1490,17883000,3060000,1956000,727000,318000,59000,582000
4837650,Texas,3,3,ROCKWALL ISD,17007,147455000,18575000,11655000,3124000,2728000,1067000,2279000
4837710,Texas,3,3,ROGERS ISD,867,8505000,639000,521000,21000,58000,38000,225000
4837740,Texas,3,3,ROMA ISD,6127,71521000,4663000,3655000,343000,518000,148000,1101000
4837800,Texas,3,3,ROOSEVELT ISD,1060,11133000,1153000,893000,64000,164000,32000,420000
4837830,Texas,3,3,ROPES ISD,485,5672000,129000,109000,7000,14000,0,73000
4837860,Texas,3,2,ROSCOE COLLEGIATE ISD,642,8459000,119000,109000,2000,9000,0,50000
4837900,Texas,3,3,ROSEBUD-LOTT ISD,684,7756000,215000,144000,15000,30000,26000,88000
4838040,Texas,3,3,ROTAN ISD,255,3774000,388000,287000,16000,0,4000,101000
4838080,Texas,3,3,ROUND ROCK ISD,50953,474644000,68067000,44621000,6835000,12193000,4418000,19661000
4838100,Texas,3,3,ROUND TOP-CARMINE ISD,266,2998000,154000,116000,11000,27000,0,85000
4838190,Texas,3,3,ROYAL ISD,2497,27040000,2633000,1662000,394000,420000,157000,592000
4838220,Texas,3,3,ROYSE CITY ISD,6600,60804000,7046000,4624000,1173000,1044000,205000,1653000
4838280,Texas,3,3,RULE ISD,132,2048000,207000,152000,29000,0,0,9000
4838310,Texas,3,3,RUNGE ISD,234,3208000,310000,249000,14000,0,0,39000
4838360,Texas,3,3,RUSK ISD,2036,22205000,3069000,2014000,567000,481000,7000,761000
4838400,Texas,3,3,S AND S CISD,932,10530000,485000,322000,98000,65000,0,209000
4838430,Texas,3,3,SABINAL ISD,445,7046000,1507000,683000,533000,291000,0,128000
4838460,Texas,3,3,SABINE ISD,1527,14486000,2538000,1399000,741000,360000,37000,485000
4838490,Texas,3,3,SABINE PASS ISD,375,6904000,227000,222000,2000,4000,0,30000
4838520,Texas,3,3,SAINT JO ISD,320,3584000,280000,215000,1000,0,2000,62000
4838580,Texas,3,3,SALADO ISD,2087,16732000,1301000,966000,87000,185000,62000,429000
4838610,Texas,3,3,SALTILLO ISD,284,3864000,858000,478000,170000,160000,49000,162000
4838640,Texas,3,3,SAM RAYBURN ISD,535,6045000,269000,232000,8000,20000,8000,115000
4838700,Texas,3,3,SAN ANGELO ISD,14574,130677000,14947000,10030000,2284000,1880000,753000,4677000
4838730,Texas,3,2,SAN ANTONIO ISD,48532,610537000,73421000,46087000,9784000,13488000,4063000,20649000
4838760,Texas,3,3,SAN AUGUSTINE ISD,742,11266000,1021000,667000,93000,223000,37000,92000
4838790,Texas,3,3,SAN BENITO CISD,10250,126259000,11321000,7290000,1789000,1681000,533000,3159000
4838820,Texas,3,3,SAN DIEGO ISD,1529,15979000,1260000,585000,363000,313000,0,293000
4838850,Texas,3,3,SAN ELIZARIO ISD,3436,40056000,3995000,2689000,613000,579000,114000,1678000
4838900,Texas,3,3,SAN FELIPE-DEL RIO CISD,10331,103413000,8799000,5726000,1458000,1310000,306000,1940000
4838910,Texas,3,3,SAN ISIDRO ISD,200,3799000,378000,313000,12000,0,0,47000
4838970,Texas,3,3,SAN MARCOS CISD,8224,92355000,12253000,9614000,1101000,1526000,12000,2746000
4839000,Texas,3,3,SAN PERLITA ISD,250,4340000,334000,295000,5000,33000,1000,34000
4839030,Texas,3,3,SAN SABA ISD,771,8359000,558000,467000,16000,75000,0,228000
4839120,Texas,3,3,SANDS CISD,266,3527000,328000,194000,42000,0,0,71000
4839150,Texas,3,3,SANFORD-FRITCH ISD,687,8108000,783000,634000,18000,107000,23000,250000
4839180,Texas,3,3,SANGER ISD,2635,32845000,9139000,6084000,1807000,1056000,192000,1821000
4839210,Texas,3,3,SANTA ANNA ISD,265,3469000,122000,115000,0,0,7000,42000
4839270,Texas,3,3,SANTA FE ISD,4528,46726000,6151000,3899000,505000,1258000,490000,951000
4839300,Texas,3,3,SANTA GERTRUDIS ISD,810,8744000,317000,241000,45000,31000,0,0
4839330,Texas,3,3,SANTA MARIA ISD,649,8919000,381000,372000,8000,0,0,179000
4839360,Texas,3,3,SANTA ROSA ISD,998,11712000,1270000,899000,123000,206000,42000,513000
4839390,Texas,3,3,SANTO ISD,487,5418000,327000,205000,14000,0,57000,134000
4839450,Texas,3,3,SAVOY ISD,329,4053000,224000,154000,10000,53000,7000,140000
4839480,Texas,3,3,SCHERTZ-CIBOLO-U CITY ISD,15972,135134000,21292000,15194000,2708000,2277000,1113000,6135000
4839510,Texas,3,3,SCHLEICHER ISD,505,6597000,123000,123000,0,0,0,155000
4839540,Texas,3,3,SCHULENBURG ISD,723,9052000,1169000,874000,160000,0,4000,469000
4839570,Texas,3,3,SCURRY-ROSSER ISD,1099,12510000,1308000,838000,204000,265000,0,328000
4839600,Texas,3,3,SEAGRAVES ISD,554,8477000,163000,135000,6000,22000,0,158000
4839630,Texas,3,3,SEALY ISD,2812,27670000,3803000,2349000,834000,529000,92000,1301000
4839690,Texas,3,3,SEGUIN ISD,7226,73717000,9402000,6964000,992000,1446000,0,1744000
4839750,Texas,3,3,SEMINOLE ISD,3038,37447000,3339000,2179000,534000,555000,71000,976000
4839780,Texas,3,3,SEYMOUR ISD,579,7189000,317000,281000,10000,26000,0,125000
4839870,Texas,3,3,SHALLOWATER ISD,1688,19169000,2733000,1619000,747000,225000,142000,387000
4839900,Texas,3,3,SHAMROCK ISD,401,5618000,1694000,888000,466000,0,0,132000
4839930,Texas,3,3,SHARYLAND ISD,10180,107107000,9631000,6252000,1268000,1467000,644000,2632000
4839960,Texas,3,3,SHELBYVILLE ISD,772,9119000,788000,575000,16000,197000,0,274000
4839990,Texas,3,3,SHELDON ISD,10133,109477000,10122000,7828000,618000,1176000,500000,2319000
4840020,Texas,3,3,SHEPHERD ISD,2008,20588000,1782000,912000,394000,384000,92000,555000
4840080,Texas,3,3,SHERMAN ISD,7545,79285000,12278000,8187000,2189000,1713000,188000,5353000
4840110,Texas,3,3,SHINER ISD,703,6677000,280000,242000,6000,13000,19000,162000
4840170,Texas,3,3,SIDNEY ISD,147,1678000,93000,84000,0,9000,0,54000
4840200,Texas,3,3,SIERRA BLANCA ISD,105,2114000,116000,105000,0,11000,0,57000
4840230,Texas,3,3,SILSBEE ISD,2909,31268000,4470000,3091000,625000,641000,113000,1407000
4840290,Texas,3,3,SILVERTON ISD,184,2486000,120000,99000,6000,15000,0,0
4840320,Texas,3,3,SIMMS ISD,499,5586000,343000,291000,50000,1000,0,131000
4840350,Texas,3,3,SINTON ISD,2152,21942000,1949000,1459000,222000,239000,29000,663000
4840380,Texas,1,3,SIVELLS BEND ISD,76,934000,73000,64000,0,0,0,12000
4840410,Texas,3,3,SKIDMORE-TYNAN ISD,837,9636000,965000,716000,94000,111000,44000,149000
4840440,Texas,3,3,SLATON ISD,1356,17956000,2957000,1775000,646000,478000,58000,667000
4840470,Texas,3,3,SLIDELL ISD,313,3114000,99000,88000,0,0,11000,0
4840500,Texas,3,3,SLOCUM ISD,382,4330000,400000,329000,32000,36000,3000,79000
4840550,Texas,3,3,SMITHVILLE ISD,1854,19617000,2615000,1875000,108000,496000,137000,846000
4840590,Texas,3,3,SMYER ISD,441,5190000,313000,262000,9000,0,0,119000
4840620,Texas,3,3,SNOOK ISD,486,6783000,396000,351000,12000,32000,0,136000
4840650,Texas,3,3,SNYDER ISD,2669,29399000,3132000,2117000,421000,594000,0,723000
4840680,Texas,3,3,SOUTH SAN ANTONIO ISD,8533,95082000,8958000,6229000,948000,1368000,413000,3703000
4840710,Texas,3,3,SOCORRO ISD,47575,450962000,56157000,37809000,7792000,7690000,2866000,11114000
4840740,Texas,3,3,SOMERSET ISD,4111,42896000,3653000,2202000,557000,814000,81000,1589000
4840770,Texas,3,3,SOMERVILLE ISD,545,6338000,378000,281000,20000,61000,16000,125000
4840800,Texas,3,3,SONORA ISD,779,10049000,681000,467000,78000,136000,0,181000
4840890,Texas,3,3,SOUTHLAND ISD,133,1979000,61000,51000,0,9000,1000,43000
4840920,Texas,3,3,SOUTHSIDE ISD,5781,63644000,9046000,6723000,769000,1302000,252000,2384000
4840950,Texas,3,3,SOUTHWEST ISD,13864,149767000,16237000,12865000,1384000,1989000,0,5727000
4841010,Texas,3,3,SPEARMAN ISD,837,10127000,620000,443000,67000,110000,0,92000
4841070,Texas,3,3,SPLENDORA ISD,4177,43176000,4711000,2707000,1065000,773000,166000,2207000
4841100,Texas,3,2,SPRING BRANCH ISD,35188,369821000,41924000,29693000,6451000,5762000,19000,10124000
4841130,Texas,3,3,SPRING CREEK ISD,105,1390000,78000,70000,0,9000,0,11000
4841190,Texas,3,3,SPRING HILL ISD,2074,18621000,1167000,890000,60000,217000,0,218000
4841220,Texas,3,3,SPRING ISD,35336,362450000,56118000,34147000,9201000,9620000,3151000,12517000
4841250,Texas,3,3,SPRINGLAKE-EARTH ISD,326,5368000,149000,117000,4000,28000,0,106000
4841280,Texas,3,3,SPRINGTOWN ISD,3584,36763000,4495000,3067000,720000,707000,0,1155000
4841340,Texas,3,3,SPURGER ISD,406,4745000,427000,289000,38000,71000,29000,192000
4841350,Texas,3,3,STAFFORD MSD,3512,38723000,2778000,1889000,579000,309000,0,1904000
4841400,Texas,3,3,STAMFORD ISD,640,10016000,2608000,1154000,938000,511000,6000,258000
4841430,Texas,3,3,STANTON ISD,1128,13565000,819000,580000,39000,200000,0,242000
4841520,Texas,3,3,STEPHENVILLE ISD,3841,35738000,3859000,2609000,503000,599000,148000,1092000
4841550,Texas,3,3,STERLING CITY ISD,343,5134000,125000,66000,3000,11000,45000,0
4841580,Texas,3,3,PLEMONS-STINNETT-PHILLIPS CISD,702,8903000,751000,653000,20000,78000,0,352000
4841610,Texas,3,3,STOCKDALE ISD,826,8639000,1169000,828000,108000,194000,39000,361000
4841670,Texas,3,3,STRATFORD ISD,563,7248000,460000,408000,4000,48000,0,270000
4841700,Texas,3,3,STRAWN ISD,161,2229000,82000,69000,0,13000,0,9000
4841760,Texas,3,3,SUDAN ISD,497,6804000,216000,190000,4000,5000,16000,151000
4841790,Texas,3,3,SULPHUR BLUFF ISD,224,2780000,143000,131000,1000,11000,0,34000
4841820,Texas,3,3,SULPHUR SPRINGS ISD,4396,45733000,5137000,4413000,358000,222000,144000,1183000
4841850,Texas,3,3,SUNDOWN ISD,607,9476000,587000,508000,24000,0,0,121000
4841880,Texas,3,3,SUNNYVALE ISD,1979,19590000,1719000,1387000,80000,206000,46000,1256000
4841910,Texas,3,3,SUNRAY ISD,561,8050000,1348000,620000,531000,192000,6000,108000
4841970,Texas,3,3,SWEENY ISD,2029,21864000,2157000,1514000,236000,382000,26000,378000
4842000,Texas,1,3,SWEET HOME ISD,139,1424000,90000,73000,1000,0,0,0
4842030,Texas,3,3,SWEETWATER ISD,2138,25519000,3191000,1767000,1083000,258000,83000,772000
4842060,Texas,3,3,TAFT ISD,988,15069000,1572000,1143000,165000,253000,11000,486000
4842090,Texas,3,3,TAHOKA ISD,612,8827000,1588000,962000,432000,186000,7000,400000
4842120,Texas,3,3,RIVERCREST ISD,717,8010000,319000,258000,11000,49000,1000,176000
4842210,Texas,3,3,TARKINGTON ISD,1872,17877000,2249000,1461000,212000,0,125000,756000
4842240,Texas,3,3,TATUM ISD,1500,16682000,2333000,1192000,611000,483000,46000,307000
4842280,Texas,3,3,TAYLOR ISD,3117,32996000,5162000,3772000,582000,712000,96000,1268000
4842300,Texas,3,3,TEAGUE ISD,1172,13041000,1196000,709000,228000,256000,3000,345000
4842330,Texas,3,3,TEMPLE ISD,8720,88684000,11106000,7673000,1467000,1406000,561000,2664000
4842360,Texas,3,3,TENAHA ISD,513,6930000,731000,546000,14000,162000,9000,249000
4842390,Texas,3,3,TERLINGUA CSD,115,1797000,54000,33000,7000,13000,0,3000
4842420,Texas,3,3,TERRELL COUNTY ISD,125,2572000,174000,131000,16000,27000,0,37000
4842450,Texas,3,3,TERRELL ISD,4804,50975000,5765000,3309000,1228000,887000,341000,1974000
4842480,Texas,3,3,TEXARKANA ISD,8257,87547000,9101000,7138000,771000,1041000,152000,1565000
4842510,Texas,3,3,TEXAS CITY ISD,8451,99242000,13777000,10065000,1674000,1705000,333000,2693000
4842540,Texas,3,3,TEXHOMA ISD,172,1598000,132000,109000,1000,0,0,39000
4842570,Texas,3,3,TEXLINE ISD,191,2391000,114000,95000,6000,13000,0,53000
4842630,Texas,3,3,THORNDALE ISD,558,6581000,625000,475000,36000,81000,32000,117000
4842660,Texas,3,3,THRALL ISD,758,8072000,468000,349000,37000,71000,11000,131000
4842690,Texas,3,3,THREE RIVERS ISD,656,9293000,922000,593000,177000,111000,41000,67000
4842720,Texas,3,3,THREE WAY ISD,186,2239000,57000,56000,0,1000,0,0
4842810,Texas,3,3,TIDEHAVEN ISD,982,11713000,665000,546000,15000,85000,19000,270000
4842840,Texas,3,3,TIMPSON ISD,691,8693000,728000,459000,125000,122000,22000,292000
4842870,Texas,3,3,TIOGA ISD,709,7629000,172000,145000,0,27000,0,109000
4842900,Texas,3,3,TOLAR ISD,801,7922000,665000,552000,34000,0,0,164000
4842930,Texas,3,3,TOM BEAN ISD,624,6670000,202000,169000,18000,15000,0,87000
4842960,Texas,3,3,TOMBALL ISD,18294,153822000,19783000,14179000,2149000,2543000,912000,5541000
4842990,Texas,3,3,TORNILLO ISD,1002,13651000,868000,693000,111000,65000,0,308000
4843110,Texas,3,3,TRENT ISD,158,2540000,150000,101000,21000,0,0,81000
4843140,Texas,3,3,TRENTON ISD,690,7050000,378000,231000,32000,79000,36000,162000
4843170,Texas,3,3,TRINIDAD ISD,172,2442000,123000,47000,67000,7000,1000,50000
4843200,Texas,3,3,TRINITY ISD,1205,14638000,1000000,696000,37000,254000,12000,250000
4843230,Texas,3,3,TROUP ISD,1089,11950000,789000,565000,30000,158000,37000,234000
4843260,Texas,3,3,TROY ISD,1569,15336000,1358000,968000,79000,244000,66000,297000
4843290,Texas,3,3,WESTWOOD ISD,1514,16009000,1183000,758000,59000,197000,169000,296000
4843320,Texas,3,3,TULIA ISD,996,13179000,1508000,988000,234000,220000,65000,420000
4843350,Texas,3,3,TULOSO-MIDWAY ISD,3926,40562000,4582000,3044000,760000,677000,101000,1457000
4843400,Texas,3,3,TURKEY-QUITAQUE ISD,200,2615000,122000,120000,0,0,0,71000
4843470,Texas,3,3,TYLER ISD,18260,177231000,19942000,13194000,3077000,2853000,819000,6641000
4843530,Texas,3,3,UNION GROVE ISD,755,8675000,463000,339000,19000,84000,21000,142000
4843560,Texas,3,3,UNION HILL ISD,331,4509000,183000,182000,2000,0,0,41000
4843650,Texas,3,3,UNITED ISD,43033,435155000,53751000,32919000,7908000,9337000,3588000,14815000
4843680,Texas,3,3,UTOPIA ISD,229,2920000,162000,120000,9000,32000,0,94000
4843720,Texas,3,3,UVALDE CISD,4265,47446000,6746000,4767000,796000,1182000,0,1017000
4843760,Texas,3,3,VALLEY MILLS ISD,644,6924000,317000,227000,16000,40000,34000,160000
4843800,Texas,3,3,VALLEY VIEW ISD,4364,52712000,4229000,3029000,659000,539000,2000,897000
4843860,Texas,3,3,VALLEY VIEW ISD,884,11585000,2826000,1609000,551000,347000,319000,351000
4843890,Texas,3,3,VAN ALSTYNE ISD,1798,16032000,503000,460000,22000,21000,0,218000
4843920,Texas,3,3,VAN ISD,2395,23493000,1706000,1023000,454000,201000,29000,341000
4843950,Texas,3,3,VAN VLECK ISD,1079,14745000,958000,783000,50000,124000,1000,150000
4843980,Texas,3,3,VEGA ISD,383,4971000,232000,179000,13000,40000,0,77000
4844010,Texas,3,3,VENUS ISD,2182,23065000,1978000,1213000,372000,328000,65000,576000
4844040,Texas,3,3,VERIBEST ISD,256,3252000,107000,88000,7000,12000,0,60000
4844110,Texas,3,3,VERNON ISD,1952,20818000,2454000,1695000,342000,367000,50000,1055000
4844150,Texas,3,3,VICTORIA ISD,13846,131282000,18231000,11865000,2937000,3051000,378000,4584000
4844160,Texas,3,3,VIDOR ISD,4391,46315000,7593000,4721000,1502000,1145000,224000,1607000
4844250,Texas,1,3,VYSEHRAD ISD,119,1293000,70000,63000,1000,0,0,39000
4844280,Texas,3,2,WACO ISD,14899,169043000,15256000,9734000,2750000,2182000,590000,4724000
4844310,Texas,3,3,WAELDER ISD,317,3814000,360000,314000,26000,20000,0,172000
4844370,Texas,1,3,WALCOTT ISD,149,1958000,167000,163000,0,4000,0,114000
4844410,Texas,3,3,WALL ISD,1233,14298000,3102000,1865000,749000,413000,75000,732000
4844430,Texas,3,3,WALLER ISD,7729,85606000,13681000,9241000,2488000,1535000,416000,3606000
4844470,Texas,3,3,BRAZOS ISD,851,9011000,953000,654000,129000,0,36000,203000
4844490,Texas,1,3,WALNUT BEND ISD,68,901000,85000,66000,1000,0,0,0
4844520,Texas,3,3,WALNUT SPRINGS ISD,188,2149000,66000,46000,0,19000,0,58000
4844580,Texas,3,3,WARREN ISD,1313,13613000,999000,675000,58000,164000,101000,303000
4844670,Texas,3,3,WASKOM ISD,853,10856000,1641000,991000,385000,263000,1000,284000
4844710,Texas,3,3,WATER VALLEY ISD,322,4010000,252000,202000,6000,0,20000,90000
4844730,Texas,3,3,WAXAHACHIE ISD,9481,97549000,13553000,8819000,2230000,1980000,525000,5133000
4844800,Texas,3,3,WEATHERFORD ISD,8105,79924000,11799000,7752000,1887000,1779000,381000,4009000
4844810,Texas,3,3,WEBB CISD,259,6725000,516000,400000,19000,97000,0,127000
4844820,Texas,3,3,WEIMAR ISD,684,8234000,1168000,790000,244000,0,0,206000
4844890,Texas,3,3,WELLINGTON ISD,570,8226000,504000,409000,20000,75000,0,303000
4844910,Texas,3,3,WELLMAN-UNION CISD,325,3823000,88000,76000,1000,11000,0,44000
4844940,Texas,3,3,WELLS ISD,276,3637000,335000,234000,28000,73000,0,64000
4844960,Texas,3,3,WESLACO ISD,17164,182363000,15469000,11493000,2150000,1480000,345000,5722000
4845000,Texas,3,3,WEST HARDIN COUNTY CISD,590,6332000,504000,351000,23000,100000,31000,58000
4845040,Texas,3,3,WEST ISD,1340,13789000,1060000,617000,86000,327000,31000,167000
4845090,Texas,3,3,WEST ORANGE-COVE CISD,2523,28821000,3071000,2212000,288000,510000,62000,545000
4845120,Texas,3,3,WEST OSO ISD,2080,22879000,3704000,2703000,469000,531000,0,899000
4845150,Texas,3,3,WEST RUSK COUNTY CONSOLIDATED ISD,1032,12272000,1040000,781000,42000,0,58000,239000
4845180,Texas,3,3,WEST SABINE ISD,596,7015000,305000,246000,21000,37000,0,75000
4845210,Texas,3,3,WESTBROOK ISD,246,4204000,260000,189000,22000,46000,2000,63000
4845240,Texas,1,3,WESTHOFF ISD,79,1651000,50000,45000,0,0,0,0
4845330,Texas,1,3,WESTPHALIA ISD,157,1654000,56000,47000,0,9000,0,61000
4845380,Texas,3,3,WHARTON ISD,2001,23638000,3254000,1999000,672000,433000,151000,657000
4845420,Texas,3,3,WHEELER ISD,459,4790000,247000,226000,0,20000,0,156000
4845450,Texas,3,3,WHITE DEER ISD,363,3682000,241000,209000,2000,0,0,29000
4845480,Texas,3,3,WHITE OAK ISD,1501,14672000,1274000,921000,70000,264000,20000,529000
4845540,Texas,3,3,WHITE SETTLEMENT ISD,6979,62749000,7928000,5016000,1305000,1117000,490000,2283000
4845570,Texas,3,3,WHITEFACE CISD,318,5017000,432000,313000,31000,88000,0,88000
4845600,Texas,3,3,WHITEHOUSE ISD,4936,43493000,3821000,2431000,774000,523000,93000,985000
4845630,Texas,3,3,WHITESBORO ISD,1619,16126000,599000,539000,18000,40000,3000,140000
4845670,Texas,3,3,WHITEWRIGHT ISD,832,8955000,430000,301000,31000,93000,5000,263000
4845690,Texas,3,3,WHITHARRAL ISD,180,2308000,65000,64000,0,0,0,37000
4845720,Texas,3,3,WHITNEY ISD,1501,16616000,1942000,1666000,133000,102000,42000,445000
4845780,Texas,3,3,WICHITA FALLS ISD,14091,143208000,20280000,13222000,3557000,2781000,719000,6673000
4845840,Texas,3,3,WILDORADO ISD,183,2009000,109000,87000,11000,0,0,20000
4845900,Texas,3,3,WILLIS ISD,7865,68481000,9256000,6945000,1346000,964000,0,1719000
4845950,Texas,3,3,WILLS POINT ISD,2565,23502000,1809000,1130000,504000,175000,0,517000
4845990,Texas,3,3,WILSON ISD,148,2415000,151000,112000,6000,33000,0,4000
4846080,Texas,3,3,WINDTHORST ISD,407,4712000,265000,227000,11000,27000,1000,91000
4846170,Texas,3,3,WINK-LOVING ISD,445,8451000,205000,202000,2000,2000,0,64000
4846200,Texas,3,3,WINNSBORO ISD,1490,16558000,1922000,1432000,180000,284000,25000,369000
4846230,Texas,3,3,WINONA ISD,1119,14223000,1738000,1067000,290000,350000,31000,333000
4846260,Texas,3,3,WINTERS ISD,571,7734000,670000,488000,92000,90000,0,154000
4846320,Texas,3,3,WODEN ISD,794,8126000,639000,481000,16000,142000,0,213000
4846350,Texas,3,3,WOLFE CITY ISD,665,7665000,969000,699000,35000,232000,3000,168000
4846380,Texas,3,3,WOODSBORO ISD,462,6541000,702000,582000,40000,0,0,236000
4846410,Texas,3,3,WOODSON ISD,154,2059000,157000,124000,5000,0,0,36000
4846440,Texas,3,3,WOODVILLE ISD,1326,16763000,2826000,1906000,566000,297000,57000,658000
4846470,Texas,3,3,WORTHAM ISD,492,5062000,427000,322000,15000,0,3000,123000
4846500,Texas,3,3,WYLIE ISD,4783,37742000,3528000,2161000,653000,712000,2000,955000
4846530,Texas,3,3,WYLIE ISD,17230,158778000,20019000,13982000,2916000,3121000,0,5223000
4846590,Texas,3,3,YANTIS ISD,368,3806000,153000,129000,5000,0,2000,105000
4846620,Texas,3,3,YOAKUM ISD,1574,22631000,5899000,3678000,1480000,0,11000,1308000
4846650,Texas,3,3,YORKTOWN ISD,559,6207000,359000,225000,39000,47000,48000,122000
4846680,Texas,3,3,YSLETA ISD,40428,451621000,61566000,40948000,8262000,7753000,4603000,11829000
4846710,Texas,3,3,ZAPATA COUNTY ISD,3549,36041000,4219000,2570000,752000,758000,139000,597000
4846740,Texas,3,3,ZAVALLA ISD,321,4506000,322000,317000,2000,2000,1000,227000
4846770,Texas,3,3,ZEPHYR ISD,211,2323000,63000,51000,0,5000,6000,55000
4899130,Texas,3,3,BENAVIDES ISD,293,4906000,402000,267000,28000,73000,35000,55000
4900030,Utah,3,3,Alpine District,83540,629164000,56767000,48063000,5119000,1074000,1332000,24597000
4900060,Utah,3,3,Beaver District,1560,16441000,1274000,1011000,155000,8000,0,430000
4900090,Utah,3,3,Box Elder District,12111,103571000,11287000,10278000,700000,244000,0,4725000
4900120,Utah,3,3,Cache District,19260,155582000,15279000,13667000,626000,446000,431000,6522000
4900142,Utah,3,3,Canyons District,35127,313378000,29669000,25447000,2671000,949000,109000,13192000
4900150,Utah,3,3,Carbon District,3628,35530000,4009000,3369000,299000,19000,0,1540000
4900180,Utah,3,3,Daggett District,219,3906000,137000,137000,0,0,0,71000
4900210,Utah,3,3,Davis District,74773,588071000,62870000,54952000,3587000,2455000,1041000,25446000
4900240,Utah,3,3,Duchesne District,5314,47910000,5718000,5169000,162000,193000,3000,2262000
4900270,Utah,3,3,Emery District,2283,26820000,2515000,2064000,284000,168000,0,748000
4900300,Utah,3,3,Garfield District,987,11146000,928000,884000,9000,35000,0,322000
4900330,Utah,3,3,Grand District,1552,18015000,2244000,1767000,259000,218000,0,626000
4900360,Utah,3,3,Granite District,66276,595537000,59934000,38487000,14571000,5590000,54000,20882000
4900390,Utah,3,3,Iron District,9923,80387000,9018000,6352000,1865000,555000,157000,2576000
4900420,Utah,3,3,Jordan District,57771,448722000,44328000,33615000,6916000,2599000,0,17023000
4900450,Utah,3,3,Juab District,2687,22850000,2060000,1730000,194000,135000,0,787000
4900480,Utah,3,3,Kane District,1353,15962000,1563000,1347000,27000,189000,0,512000
4900510,Utah,3,3,Logan City District,5733,50878000,5234000,3384000,1443000,375000,1000,1500000
4900540,Utah,3,3,Millard District,3125,33377000,3116000,2767000,78000,270000,0,1122000
4900570,Utah,3,3,Morgan District,3216,23537000,1995000,1739000,169000,0,0,659000
4900600,Utah,3,3,Murray District,6559,55643000,5326000,4766000,231000,34000,0,2416000
4900630,Utah,3,3,Nebo District,34171,253198000,27723000,18179000,7192000,637000,1238000,7918000
4900660,Utah,3,3,North Sanpete District,2660,24273000,2269000,2119000,0,149000,1000,766000
4900690,Utah,3,3,North Summit District,1040,12330000,712000,712000,0,0,0,322000
4900720,Utah,3,3,Ogden City District,11595,110811000,9737000,6923000,1508000,1012000,220000,4065000
4900750,Utah,3,3,Park City District,4905,69068000,4043000,3086000,815000,142000,0,1494000
4900780,Utah,3,3,Piute District,308,5328000,435000,385000,37000,0,0,152000
4900810,Utah,3,3,Provo District,17005,137482000,11641000,7496000,2423000,1107000,0,4322000
4900840,Utah,3,3,Rich District,506,8267000,645000,638000,0,7000,0,171000
4900870,Utah,3,3,Salt Lake District,22571,232710000,18938000,16089000,1034000,1679000,0,10317000
4900900,Utah,3,3,San Juan District,3083,41972000,3464000,2457000,737000,157000,114000,1115000
4900930,Utah,3,3,Sevier District,4833,41597000,3596000,3063000,359000,6000,0,1485000
4900960,Utah,3,3,South Sanpete District,3419,34272000,3784000,3468000,61000,126000,0,1397000
4900990,Utah,3,3,South Summit District,1723,17535000,1105000,930000,49000,125000,0,392000
4901020,Utah,3,3,Tintic District,222,4260000,252000,252000,0,0,0,141000
4901050,Utah,3,3,Tooele District,17913,141894000,12168000,9218000,2008000,806000,101000,5005000
4901080,Utah,3,3,Uintah District,7149,65603000,6864000,6107000,298000,74000,85000,2160000
4901110,Utah,3,3,Wasatch District,7435,75257000,7165000,7165000,0,0,0,3291000
4901140,Utah,3,3,Washington District,35743,256425000,25252000,20966000,2928000,950000,254000,10048000
4901170,Utah,3,3,Wayne District,473,6493000,504000,424000,0,63000,0,190000
4901200,Utah,3,3,Weber District,32910,261763000,27656000,26793000,131000,0,0,13579000
5100060,Virginia,3,3,ACCOMACK CO PBLC SCHS,5161,57137000,6779000,6159000,65000,521000,0,3006000
5100090,Virginia,3,2,ALBEMARLE CO PBLC SCHS,14404,194699000,31738000,30795000,56000,815000,0,15748000
5100120,Virginia,3,3,ALEXANDRIA CITY PBLC SCHS,16295,294924000,55381000,39869000,1137000,14042000,0,26808000
5100152,Virginia,3,3,ALLEGHANY CO PBLC SCHS,2024,25829000,2685000,2581000,78000,23000,0,1461000
5100180,Virginia,3,3,AMELIA CO PBLC SCHS,1729,18182000,2468000,2266000,52000,66000,0,1272000
5100210,Virginia,3,3,AMHERST CO PBLC SCHS,4115,46334000,7100000,6591000,162000,264000,0,3462000
5100240,Virginia,3,3,APPOMATTOX CO PBLC SCHS,2279,23328000,2644000,2411000,0,186000,0,1230000
5100270,Virginia,3,3,ARLINGTON CO PBLC SCHS,28151,543111000,102604000,65034000,12390000,23681000,0,74505000
5100300,Virginia,3,3,AUGUSTA CO PBLC SCHS,10339,117111000,11053000,10245000,50000,757000,0,6345000
5100330,Virginia,3,3,BATH CO PBLC SCHS,529,9746000,1243000,1110000,121000,11000,0,524000
5100360,Virginia,3,3,BEDFORD CO PBLC SCHS,9555,107656000,13617000,12635000,59000,729000,0,6754000
5100390,Virginia,3,3,BLAND CO PBLC SCHS,693,8082000,662000,662000,0,0,0,342000
5100420,Virginia,3,3,BOTETOURT CO PBLC SCHS,4672,53153000,8157000,7698000,0,457000,0,4006000
5100450,Virginia,3,3,BRISTOL CITY PBLC SCHS,2255,27445000,3933000,3279000,127000,311000,0,1771000
5100480,Virginia,3,3,BRUNSWICK CO PBLC SCHS,1538,22400000,3077000,2508000,0,568000,0,1350000
5100510,Virginia,3,3,BUCHANAN CO PBLC SCHS,2676,33482000,3804000,3632000,0,170000,0,1394000
5100540,Virginia,3,3,BUCKINGHAM CO PBLC SCHS,2113,24198000,2732000,2545000,0,187000,0,1143000
5100560,Virginia,3,3,BUENA VISTA CITY PBLC SCHS,895,11274000,1213000,1213000,0,0,0,752000
5100600,Virginia,3,3,CAMPBELL CO PBLC SCHS,7921,83947000,9520000,8538000,0,904000,0,5094000
5100660,Virginia,3,3,CAROLINE CO PBLC SCHS,4253,44773000,6456000,5239000,181000,1037000,0,2478000
5100690,Virginia,3,3,CARROLL CO PBLC SCHS,3713,44475000,5948000,5355000,112000,266000,0,2781000
5100720,Virginia,3,3,CHARLES CITY CO PBLC SCHS,620,9730000,1005000,894000,0,110000,0,409000
5100750,Virginia,3,3,CHARLOTTE CO PBLC SCHS,1763,20802000,1953000,1898000,0,55000,0,879000
5100780,Virginia,3,3,CHARLOTTESVILLE CTY PBLC SCHS,4542,81616000,12576000,11944000,174000,409000,0,7011000
5100810,Virginia,3,3,CHESAPEAKE CITY PBLC SCHS,41597,499617000,98665000,92776000,1145000,3914000,0,39439000
5100840,Virginia,3,3,CHESTERFIELD CO PBLC SCHS,62614,628224000,92558000,80122000,0,12347000,0,49172000
5100870,Virginia,3,3,CLARKE CO PBLC SCHS,1924,23817000,3140000,2784000,4000,346000,0,1455000
5100930,Virginia,3,3,COLONIAL BEACH PBLC SCHS,652,7531000,1191000,1059000,0,127000,0,497000
5100960,Virginia,3,3,COLONIAL HEIGHTS CITY PBLC SCHS,2899,38573000,5294000,5025000,1000,265000,0,2627000
5100990,Virginia,3,3,COVINGTON CITY PBLC SCHS,1018,10849000,1956000,1935000,0,0,0,980000
5101020,Virginia,3,3,CRAIG CO PBLC SCHS,588,7259000,1085000,1006000,0,78000,0,508000
5101050,Virginia,3,3,CULPEPER CO PBLC SCHS,8516,90011000,16246000,15600000,213000,396000,0,7383000
5101080,Virginia,3,3,CUMBERLAND CO PBLC SCHS,1321,16938000,1736000,1607000,0,129000,0,858000
5101110,Virginia,3,3,DANVILLE CITY PBLC SCHS,5702,79210000,7232000,6235000,64000,932000,0,3327000
5101140,Virginia,3,3,DICKENSON CO PBLC SCHS,2064,25141000,2391000,2073000,6000,236000,0,1173000
5101170,Virginia,3,3,DINWIDDIE CO PBLC SCHS,4347,49305000,6582000,5202000,454000,379000,0,3139000
5101200,Virginia,3,3,ESSEX CO PBLC SCHS,1320,17226000,2403000,2275000,0,128000,0,1149000
5101260,Virginia,3,3,FAIRFAX CO PBLC SCHS,188887,3038206000,624388000,582960000,12188000,22936000,0,445186000
5101290,Virginia,3,3,FALLS CHURCH CITY PBLC SCHS,2648,51006000,6958000,6835000,0,123000,0,4745000
5101320,Virginia,3,3,FAUQUIER CO PBLC SCHS,11181,145128000,24639000,20017000,1405000,1163000,0,10684000
5101350,Virginia,3,3,FLOYD CO PBLC SCHS,1919,22627000,2984000,2811000,162000,11000,0,1408000
5101380,Virginia,3,3,FLUVANNA CO PBLC SCHS,3549,39764000,5944000,5421000,0,502000,0,3248000
5101410,Virginia,3,3,FRANKLIN CITY PBLC SCHS,1078,15472000,1769000,1417000,0,318000,0,786000
5101440,Virginia,3,3,FRANKLIN CO PBLC SCHS,6887,82278000,12438000,11673000,0,731000,0,5661000
5101470,Virginia,3,3,FREDERICK CO PBLC SCHS,13875,176675000,23112000,20413000,721000,1507000,0,11671000
5101510,Virginia,3,3,FREDERICKSBURG CITY PBLC SCHS,3755,50072000,7154000,6860000,68000,0,0,3790000
5101560,Virginia,3,3,GALAX CITY PBLC SCHS,1338,15801000,1568000,1410000,6000,151000,0,869000
5101590,Virginia,3,3,GILES CO PBLC SCHS,2389,26611000,3719000,3442000,62000,214000,0,1525000
5101620,Virginia,3,3,GLOUCESTER CO PBLC SCHS,5306,63015000,7682000,6173000,115000,1393000,0,3754000
5101650,Virginia,3,3,GOOCHLAND CO PBLC SCHS,2619,33336000,4549000,4199000,0,350000,0,2605000
5101690,Virginia,3,3,GRAYSON CO PBLC SCHS,1556,20048000,2989000,2739000,82000,160000,0,1365000
5101710,Virginia,3,3,GREENE CO PBLC SCHS,2976,34657000,6053000,5258000,186000,349000,0,2856000
5101740,Virginia,3,3,GREENSVILLE CO PBLC SCHS,2223,27620000,3186000,2830000,0,357000,0,1917000
5101770,Virginia,3,3,HALIFAX CO PBLC SCHS,4896,54303000,9541000,9188000,168000,183000,0,4317000
5101800,Virginia,3,3,HAMPTON CITY PBLC SCHS,19589,226938000,32992000,28514000,0,4428000,0,17271000
5101830,Virginia,3,3,HANOVER CO PBLC SCHS,17541,189908000,32226000,31804000,3000,365000,0,17855000
5101860,Virginia,3,3,HARRISONBURG CITY PBLC SCHS,6611,85229000,7058000,6269000,3000,784000,0,3421000
5101890,Virginia,3,3,HENRICO CO PBLC SCHS,51786,551131000,73684000,69042000,2270000,2141000,0,39382000
5101920,Virginia,3,3,HENRY CO PBLC SCHS,7381,78241000,9744000,9317000,0,368000,0,4717000
5101950,Virginia,3,3,HIGHLAND CO PBLC SCHS,218,4140000,374000,362000,0,11000,0,267000
5101980,Virginia,3,3,HOPEWELL CITY PBLC SCHS,4283,52306000,6669000,6128000,28000,470000,0,3184000
5102010,Virginia,3,3,ISLE OF WIGHT CO PBLC SCHS,5630,63012000,9149000,7946000,0,1127000,0,4444000
5102070,Virginia,3,3,KING AND QUEEN CO PBLC SCHS,833,11085000,1451000,1338000,0,113000,0,600000
5102100,Virginia,3,3,KING GEO CO PBLC SCHS,4518,47031000,8422000,7189000,26000,1124000,0,4628000
5102120,Virginia,3,3,KING WILLIAM CO PBLC SCHS,2188,25200000,3204000,2904000,0,299000,0,1405000
5102160,Virginia,3,3,LANCASTER CO PBLC SCHS,1079,16620000,1483000,1469000,0,14000,0,703000
5102190,Virginia,3,3,LEE CO PBLC SCHS,3192,39746000,4190000,4099000,0,74000,0,2095000
5102220,Virginia,1,3,LEXINGTON CITY PBLC SCHS,503,5727000,747000,687000,0,60000,0,380000
5102250,Virginia,3,2,LOUDOUN CO PBLC SCHS,83606,1319282000,213161000,195803000,726000,14606000,0,120015000
5102280,Virginia,3,3,LOUISA CO PBLC SCHS,4987,62015000,10303000,7930000,0,2310000,0,4868000
5102310,Virginia,3,3,LUNENBURG CO PBLC SCHS,1590,17655000,2240000,2110000,0,130000,0,1139000
5102340,Virginia,3,3,LYNCHBURG CITY PBLC SCHS,8197,108767000,14489000,13547000,79000,549000,0,7259000
5102360,Virginia,3,3,MANASSAS CITY PBLC SCHS,7789,103884000,12103000,11313000,46000,716000,0,5992000
5102370,Virginia,3,3,MADISON CO PBLC SCHS,1659,21379000,3367000,3150000,0,198000,0,1256000
5102390,Virginia,3,3,MANASSAS PARK CITY PBLC SCHS,3640,42048000,8126000,7609000,99000,406000,0,4593000
5102400,Virginia,3,3,MARTINSVILLE CITY PBLC SCHS,1930,23947000,2804000,2370000,0,390000,0,1267000
5102430,Virginia,3,3,MATHEWS CO PBLC SCHS,1008,15399000,1963000,1791000,52000,121000,0,946000
5102460,Virginia,3,3,MECKLENBURG CO PBLC SCHS,4199,48909000,7216000,5576000,99000,1382000,0,3661000
5102490,Virginia,3,3,MIDDLESEX CO PBLC SCHS,1208,16135000,1606000,1604000,0,2000,0,895000
5102520,Virginia,3,3,MONTGOMERY CO PBLC SCHS,10016,121612000,14897000,13152000,54000,1539000,0,7211000
5102580,Virginia,3,3,NELSON CO PBLC SCHS,1695,25633000,3238000,2952000,0,274000,0,1527000
5102610,Virginia,3,3,NEW KENT CO PBLC SCHS,3354,33881000,4859000,4430000,196000,233000,0,2589000
5102640,Virginia,3,3,NEWPORT NEWS CITY PBLC SCHS,28650,340242000,41241000,38008000,383000,2794000,0,21093000
5102670,Virginia,3,3,NORFOLK CITY PBLC SCHS,29837,368601000,43901000,42684000,0,775000,0,23584000
5102710,Virginia,3,3,NORTHAMPTON CO PBLC SCHS,1520,19182000,2278000,2015000,0,263000,0,1157000
5102730,Virginia,3,3,NORTHUMBERLAND CO PBLC SCHS,1279,18499000,2044000,1888000,0,127000,0,1286000
5102760,Virginia,3,3,NORTON CITY PBLC SCHS,818,7853000,692000,673000,7000,0,0,378000
5102790,Virginia,3,3,NOTTOWAY CO PBLC SCHS,1990,22974000,2308000,2088000,0,220000,0,1238000
5102820,Virginia,3,3,ORANGE CO PBLC SCHS,5089,55632000,7975000,7160000,88000,670000,0,3297000
5102850,Virginia,3,3,PAGE CO PBLC SCHS,3352,37318000,11397000,9893000,483000,1020000,0,5515000
5102880,Virginia,3,3,PATRICK CO PBLC SCHS,2558,26676000,2765000,2611000,0,154000,0,1354000
5102910,Virginia,3,3,PETERSBURG CITY PBLC SCHS,4209,52874000,5419000,4417000,294000,491000,0,2654000
5102940,Virginia,3,3,PITTSYLVANIA CO PBLC SCHS,8723,90541000,9435000,8511000,0,910000,0,5082000
5102980,Virginia,3,3,POQUOSON CITY PBLC SCHS,2114,24134000,2813000,2752000,0,60000,0,1621000
5103000,Virginia,3,3,PORTSMOUTH CITY PBLC SCHS,13991,169143000,24401000,20918000,981000,2176000,0,10990000
5103030,Virginia,3,3,POWHATAN CO PBLC SCHS,4346,47610000,6959000,6603000,10000,347000,0,3769000
5103060,Virginia,3,3,PRINCE EDWARD CO PBLC SCHS,2055,24366000,2113000,2038000,0,76000,0,1030000
5103090,Virginia,3,3,PRINCE GEORGE CO PBLC SCHS,6353,68306000,8608000,7961000,5000,631000,0,3976000
5103130,Virginia,3,3,PRINCE WILLIAM CO PBLC SCHS,92166,1101982000,153339000,120296000,4198000,27236000,0,66028000
5103150,Virginia,3,3,PULASKI CO PBLC SCHS,4096,47214000,6351000,5809000,27000,426000,0,2924000
5103180,Virginia,3,3,RADFORD CITY PBLC SCHS,1642,18306000,1915000,1844000,58000,11000,0,951000
5103210,Virginia,3,3,RAPPAHANNOCK CO PBLC SCHS,791,12737000,921000,921000,0,0,0,521000
5103240,Virginia,3,2,RICHMOND CITY PBLC SCHS,25211,362359000,56887000,51278000,272000,3170000,0,28114000
5103270,Virginia,3,3,RICHMOND CO PBLC SCHS,1301,15584000,1570000,1421000,0,141000,0,1261000
5103300,Virginia,3,3,ROANOKE CITY PBLC SCHS,14039,182124000,28061000,25939000,1042000,998000,0,11936000
5103330,Virginia,3,3,ROANOKE CO PBLC SCHS,13999,152256000,25883000,24714000,0,1169000,0,12205000
5103370,Virginia,3,3,ROCKBRIDGE CO PBLC SCHS,2819,34422000,3829000,3311000,60000,458000,0,1889000
5103390,Virginia,3,3,ROCKINGHAM CO PBLC SCHS,11911,141418000,14914000,13693000,564000,657000,0,7275000
5103420,Virginia,3,3,RUSSELL CO PBLC SCHS,3715,41242000,4676000,4559000,0,117000,0,2890000
5103460,Virginia,3,3,SALEM CITY PBLC SCHS,3926,43983000,4949000,4491000,104000,354000,0,2350000
5103480,Virginia,3,3,SCOTT CO PBLC SCHS,3512,37624000,4360000,4189000,0,153000,0,2711000
5103510,Virginia,3,3,SHENANDOAH CO PBLC SCHS,6002,72417000,8627000,7946000,0,679000,0,4549000
5103520,Virginia,3,3,SMYTH CO PBLC SCHS,4268,48749000,5960000,5798000,0,116000,0,3304000
5103600,Virginia,3,3,SOUTHAMPTON CO PBLC SCHS,2803,33585000,6994000,5952000,0,906000,0,1875000
5103640,Virginia,3,3,SPOTSYLVANIA CO PBLC SCHS,23882,271679000,40146000,35557000,2609000,1855000,0,18513000
5103660,Virginia,3,3,STAFFORD CO PBLC SCHS,30086,319918000,63456000,56924000,2020000,2536000,0,42280000
5103690,Virginia,3,3,STAUNTON CITY PBLC SCHS,2737,36509000,4460000,4150000,0,310000,0,2274000
5103710,Virginia,3,3,SUFFOLK CITY PBLC SCHS,14322,161447000,24747000,22829000,534000,1157000,0,13713000
5103750,Virginia,3,3,SURRY CO PBLC SCHS,738,15298000,1601000,1449000,0,152000,0,684000
5103780,Virginia,3,3,SUSSEX CO PBLC SCHS,1091,18687000,1615000,1331000,9000,255000,0,741000
5103810,Virginia,3,3,TAZEWELL CO PBLC SCHS,5585,54197000,7049000,6483000,0,479000,0,3466000
5103840,Virginia,3,2,VA BEACH CITY PBLC SCHS,68706,826416000,115019000,104175000,2795000,6531000,0,63998000
5103870,Virginia,3,3,WARREN CO PBLC SCHS,5372,59625000,8383000,7904000,0,479000,0,3871000
5103900,Virginia,3,3,WASHINGTON CO PBLC SCHS,7050,77895000,10762000,10204000,99000,458000,0,5185000
5103930,Virginia,3,3,WAYNESBORO CITY PBLC SCHS,2961,36717000,4437000,3958000,138000,209000,0,2093000
5103950,Virginia,3,3,WEST POINT PBLC SCHS,802,10564000,1222000,917000,0,305000,0,667000
5103980,Virginia,3,3,WESTMORELAND CO PBLC SCHS,1603,23263000,2182000,2070000,91000,12000,0,1105000
5104020,Virginia,3,3,WILLIAMSBURG-JAMES CITY PBLC SCHS,11639,146380000,19427000,18769000,0,642000,0,9636000
5104050,Virginia,3,3,WINCHESTER CITY PBLC SCHS,4387,61040000,10640000,9208000,214000,939000,0,5734000
5104080,Virginia,3,3,WISE CO PBLC SCHS,5631,58242000,6884000,6549000,184000,118000,0,3999000
5104110,Virginia,3,3,WYTHE CO PBLC SCHS,3982,43529000,5194000,4908000,0,287000,0,2654000
5104150,Virginia,3,2,YORK CO PBLC SCHS,12978,141862000,18504000,17411000,0,1082000,0,7842000
5300001,Washington,3,3,Enumclaw School District,4327,59510000,9340000,7130000,1616000,585000,0,2361000
5300002,Washington,3,3,Inchelium School District,210,5426000,430000,356000,71000,2000,0,169000
5300003,Washington,3,3,Kelso School District,5110,66721000,10187000,6625000,2127000,395000,0,2237000
5300030,Washington,3,3,Aberdeen School District,3500,49309000,7536000,5461000,1676000,367000,0,2142000
5300060,Washington,3,3,Adna School District,642,8540000,632000,614000,0,0,0,172000
5300090,Washington,1,3,Almira School District,130,2308000,151000,102000,49000,0,0,63000
5300150,Washington,3,3,Anacortes School District,2795,40900000,5131000,3453000,1299000,379000,0,1120000
5300240,Washington,3,3,Arlington School District,5936,80795000,12395000,9064000,2733000,397000,0,3211000
5300280,Washington,3,3,Asotin-Anatone School District,626,8220000,1001000,684000,165000,148000,0,179000
5300300,Washington,3,3,Auburn School District,17950,254968000,34451000,21427000,7976000,3460000,0,7930000
5300328,Washington,3,3,Suquamish Tribal Education Department,86,2308000,198000,198000,0,0,0,67000
5300330,Washington,3,3,Bainbridge Island School District,3835,55792000,9083000,6804000,1790000,451000,0,2139000
5300380,Washington,3,3,Battle Ground School District,13199,177122000,24490000,18007000,5544000,875000,0,6846000
5300390,Washington,3,3,Bellevue School District,21672,333435000,51168000,35600000,11355000,3763000,0,11232000
5300420,Washington,3,3,Bellingham School District,12027,168299000,27100000,21041000,4331000,1575000,0,7258000
5300480,Washington,3,3,Bethel School District,20615,287620000,39255000,26751000,8471000,2860000,0,9739000
5300510,Washington,3,3,Bickleton School District,124,2638000,134000,134000,0,0,0,38000
5300570,Washington,3,3,Blaine School District,2290,34649000,5354000,3690000,1153000,500000,0,1122000
5300630,Washington,1,3,Boistfort School District,106,1616000,281000,248000,33000,0,0,57000
5300660,Washington,3,3,Bremerton School District,4953,80252000,11437000,7963000,2956000,471000,0,3108000
5300690,Washington,3,3,Brewster School District,997,13612000,1570000,1143000,315000,106000,0,345000
5300720,Washington,3,3,Bridgeport School District,841,11288000,785000,690000,0,95000,0,177000
5300750,Washington,1,3,Brinnon School District,83,1291000,122000,78000,24000,20000,0,36000
5300780,Washington,3,3,Burlington-Edison School District,3628,56514000,7904000,5676000,1851000,351000,0,2146000
5300810,Washington,3,3,Camas School District,7616,97284000,12826000,9702000,2507000,616000,0,3431000
5300840,Washington,3,3,Cape Flattery School District,519,11197000,1204000,851000,323000,23000,0,318000
5300870,Washington,1,3,Carbonado School District,202,2485000,351000,270000,0,0,0,71000
5300950,Washington,3,3,Cascade School District,1379,19224000,2441000,1921000,361000,155000,0,562000
5300960,Washington,3,3,CASHMERE SCHOOL DISTRICT,1675,21264000,2430000,1756000,536000,138000,0,560000
5300990,Washington,3,3,Castle Rock School District,1507,19342000,2926000,2137000,623000,154000,0,673000
5301080,Washington,3,3,Central Kitsap School District,11869,171173000,30114000,24286000,4033000,1633000,0,7692000
5301110,Washington,3,3,Central Valley School District,14783,187714000,31239000,23579000,6761000,737000,0,8455000
5301140,Washington,3,3,Centralia School District,3638,52030000,8644000,5529000,2000000,418000,0,2035000
5301170,Washington,3,3,Chehalis School District,3259,43967000,6206000,4571000,1277000,321000,0,1713000
5301200,Washington,3,3,Lake Chelan School District,1454,20631000,1999000,1463000,354000,172000,0,575000
5301230,Washington,3,3,Cheney School District,5268,68100000,12307000,8506000,3079000,663000,0,3123000
5301260,Washington,3,3,Chewelah School District,775,10543000,1301000,934000,261000,100000,0,330000
5301290,Washington,3,3,Chimacum School District,835,13707000,1933000,1354000,449000,123000,0,472000
5301320,Washington,3,3,Clarkston School District,2711,35694000,4687000,3397000,1014000,251000,0,1142000
5301350,Washington,3,3,Cle Elum-Roslyn School District,943,12117000,1477000,1048000,257000,169000,0,277000
5301410,Washington,3,3,Clover Park School District,13761,201207000,34214000,23383000,7145000,2539000,0,8263000
5301440,Washington,3,3,Colfax School District,559,7808000,779000,609000,89000,80000,0,216000
5301470,Washington,3,3,College Place School District,1627,19914000,2888000,2153000,556000,176000,0,732000
5301500,Washington,3,3,Colton School District,189,3194000,244000,196000,37000,11000,0,64000
5301560,Washington,3,3,Columbia (Stevens) School District,107,3074000,208000,207000,0,0,0,72000
5301590,Washington,3,3,Columbia (Walla Walla) School District,785,11509000,1167000,864000,166000,131000,0,295000
5301630,Washington,3,3,Colville School District,1751,24308000,3242000,2204000,752000,271000,0,795000
5301660,Washington,3,3,Concrete School District,534,8921000,1113000,886000,115000,112000,0,213000
5301680,Washington,1,3,Conway School District,489,6293000,826000,587000,132000,29000,0,209000
5301710,Washington,1,3,Cosmopolis School District,188,2743000,330000,274000,56000,0,0,88000
5301800,Washington,3,3,Coupeville School District,1045,15213000,2090000,1488000,317000,142000,0,542000
5301830,Washington,3,3,Crescent School District,366,5112000,360000,330000,6000,15000,0,102000
5301860,Washington,3,3,Creston School District,83,2747000,174000,174000,0,0,0,75000
5301890,Washington,3,3,Curlew School District,220,3846000,365000,257000,107000,0,0,61000
5301920,Washington,3,3,Cusick School District,246,4583000,380000,323000,32000,25000,0,133000
5301980,Washington,3,3,Darrington School District,453,6799000,735000,387000,172000,156000,0,159000
5302010,Washington,3,3,Davenport School District,593,8345000,762000,512000,234000,10000,0,201000
5302040,Washington,3,3,Dayton School District,432,6188000,564000,0,0,0,0,0
5302070,Washington,3,3,Deer Park School District,2660,30888000,3722000,2525000,954000,243000,0,949000
5302130,Washington,1,3,Dieringer School District,1570,23430000,3789000,2381000,1218000,165000,0,571000
5302280,Washington,3,3,East Valley School District (Spokane),4233,56931000,8454000,5461000,2536000,402000,0,2209000
5302310,Washington,3,3,Eastmont School District,6306,82403000,9210000,6051000,2669000,433000,0,2084000
5302340,Washington,3,3,Easton School District,106,2830000,197000,176000,13000,8000,0,88000
5302370,Washington,3,3,Eatonville School District,2059,25342000,3270000,2429000,614000,212000,0,826000
5302400,Washington,3,3,Edmonds School District,21727,324703000,51931000,36783000,12060000,3078000,0,14046000
5302460,Washington,3,3,Ellensburg School District,3451,45125000,6157000,4579000,1179000,369000,0,1608000
5302490,Washington,3,3,Elma School District,1602,23512000,3266000,2458000,586000,220000,0,840000
5302520,Washington,1,3,Endicott School District,103,2546000,173000,173000,0,0,0,77000
5302550,Washington,3,3,Entiat School District,335,5342000,286000,257000,2000,19000,0,47000
5302610,Washington,3,3,Ephrata School District,2738,33751000,3758000,2408000,844000,433000,0,933000
5302640,Washington,1,3,Evaline School District,51,921000,100000,68000,10000,0,0,22000
5302670,Washington,3,3,Everett School District,21162,319526000,48423000,31939000,14188000,1669000,0,13613000
5302700,Washington,3,3,Evergreen School District (Clark),25021,360849000,51452000,37651000,10597000,2527000,0,15512000
5302820,Washington,3,3,Federal Way School District,23289,328934000,50904000,36616000,11890000,2286000,0,12411000
5302850,Washington,3,3,Ferndale School District,4796,71166000,11979000,9372000,1985000,615000,0,2899000
5302880,Washington,3,3,Fife School District,3907,52710000,7499000,5075000,1929000,399000,0,1920000
5302910,Washington,3,3,Finley School District,914,13226000,1501000,1259000,136000,106000,0,427000
5302940,Washington,3,3,Franklin Pierce School District,8090,123612000,20007000,13462000,5151000,1395000,0,4661000
5302970,Washington,3,3,Freeman School District,919,11931000,1192000,808000,221000,123000,0,315000
5303000,Washington,3,3,Garfield School District,141,2734000,279000,228000,51000,0,0,53000
5303030,Washington,3,3,Glenwood School District,69,2066000,130000,0,0,0,0,0
5303090,Washington,3,3,Goldendale School District,940,11554000,1230000,0,0,0,0,0
5303130,Washington,3,3,Grand Coulee Dam School District,763,11659000,1119000,996000,52000,68000,0,225000
5303150,Washington,3,3,Grandview School District,3756,50897000,6179000,4385000,1373000,386000,0,1256000
5303180,Washington,3,3,Granger School District,1580,21576000,2104000,1332000,511000,259000,0,559000
5303210,Washington,3,3,Granite Falls School District,2168,31556000,5801000,3655000,902000,423000,0,1407000
5303240,Washington,1,3,Grapeview School District,206,2950000,362000,253000,0,1000,0,86000
5303300,Washington,1,3,Green Mountain School District,159,2025000,183000,0,0,0,0,0
5303330,Washington,1,3,Griffin School District,644,9210000,1234000,881000,293000,58000,0,258000
5303360,Washington,3,3,Harrington School District,145,3277000,238000,226000,12000,0,0,60000
5303440,Washington,3,3,Coulee-Hartline School District,171,3403000,238000,207000,0,0,0,44000
5303510,Washington,3,3,Highland School District,1181,16269000,1484000,1040000,291000,146000,0,425000
5303540,Washington,3,3,Highline School District,19130,309919000,48377000,33091000,14084000,956000,0,11947000
5303570,Washington,3,3,Hockinson School District,2012,25692000,2791000,1915000,614000,221000,0,619000
5303600,Washington,1,3,Hood Canal School District,335,6519000,925000,566000,16000,36000,0,238000
5303660,Washington,3,3,Hoquiam School District,1674,22568000,3138000,2357000,557000,199000,0,782000
5303750,Washington,3,3,Issaquah School District,21358,297995000,37192000,26468000,8982000,1732000,0,9962000
5303810,Washington,3,3,Kalama School District,1066,11571000,1858000,0,0,0,0,0
5303930,Washington,3,3,Kennewick School District,19187,250800000,29656000,22374000,5801000,1327000,0,9030000
5303960,Washington,3,3,Kent School District,27401,376937000,57310000,39685000,14257000,2201000,0,12456000
5303990,Washington,3,3,Kettle Falls School District,1128,13651000,1428000,1082000,229000,90000,0,333000
5304020,Washington,3,3,Kiona-Benton City School District,1428,20256000,2161000,1484000,443000,222000,0,705000
5304050,Washington,3,3,Kittitas School District,676,9811000,1210000,892000,214000,101000,0,268000
5304080,Washington,3,3,Klickitat School District,74,2516000,66000,0,0,0,0,0
5304110,Washington,3,3,La Conner School District,663,12647000,1429000,1072000,219000,130000,0,375000
5304150,Washington,3,3,LaCrosse School District,88,2731000,160000,150000,10000,0,0,34000
5304170,Washington,3,3,La Center School District,1724,22088000,2965000,2269000,419000,111000,0,866000
5304200,Washington,3,3,Lake Stevens School District,9606,127442000,20081000,13978000,5140000,770000,0,5511000
5304230,Washington,3,3,Lake Washington School District,31851,428401000,64897000,47750000,12203000,4514000,0,14411000
5304260,Washington,3,3,Lakewood School District,2614,35677000,5558000,3813000,995000,206000,0,1265000
5304380,Washington,3,3,Liberty School District,558,7624000,764000,518000,167000,78000,0,150000
5304410,Washington,3,3,Lind School District,211,4715000,332000,278000,54000,0,0,72000
5304470,Washington,3,3,Longview School District,6710,91564000,15027000,10612000,2402000,875000,0,3764000
5304500,Washington,1,3,Loon Lake School District,199,2537000,274000,222000,52000,0,0,52000
5304530,Washington,3,3,Lopez School District,241,5369000,844000,616000,169000,56000,0,145000
5304560,Washington,3,3,Riverview School District,3405,46977000,5604000,4206000,835000,545000,0,1281000
5304590,Washington,3,3,Lyle School District,277,3628000,347000,0,0,0,0,0
5304620,Washington,3,3,Lynden School District,3656,46600000,8129000,5587000,2104000,379000,0,1681000
5304650,Washington,3,3,Mabton School District,869,12579000,1104000,782000,273000,47000,0,243000
5304710,Washington,3,3,Mansfield School District,102,2446000,128000,117000,8000,2000,0,74000
5304740,Washington,3,3,Manson School District,664,9625000,898000,624000,183000,86000,0,199000
5304800,Washington,3,3,Mary M Knight School District,1834,18664000,2290000,2288000,0,2000,0,60000
5304830,Washington,3,3,Mary Walker School District,497,6787000,780000,485000,150000,142000,0,127000
5304860,Washington,3,3,Marysville School District,10990,173428000,24613000,16411000,6839000,988000,0,7062000
5304890,Washington,1,3,McCleary School District,347,4956000,623000,393000,193000,37000,0,107000
5304920,Washington,3,3,Mead School District,10802,136543000,19170000,12261000,5849000,933000,0,4392000
5304950,Washington,3,3,Medical Lake School District,1998,25607000,3552000,2701000,660000,191000,0,843000
5304980,Washington,3,3,Mercer Island School District,4496,66923000,9790000,6412000,2212000,1108000,0,2178000
5305010,Washington,3,3,Meridian School District,1848,24212000,3031000,2130000,656000,234000,0,769000
5305130,Washington,3,3,Monroe School District,6825,92661000,12252000,8187000,3173000,812000,0,2626000
5305160,Washington,3,3,Montesano School District,1467,19155000,2710000,1851000,703000,149000,0,676000
5305190,Washington,3,3,Morton School District,369,5611000,540000,484000,0,7000,0,150000
5305220,Washington,3,3,Moses Lake School District,8882,116702000,13678000,9422000,3726000,508000,0,3907000
5305250,Washington,3,3,Mossyrock School District,567,8287000,608000,568000,0,0,0,187000
5305280,Washington,3,3,Mount Adams School District,911,15997000,1748000,1368000,131000,187000,0,534000
5305310,Washington,3,3,Mount Baker School District,1854,30609000,4748000,3273000,893000,297000,0,1184000
5305370,Washington,3,3,East Valley School District (Yakima),3306,42385000,5127000,2955000,1814000,320000,0,1343000
5305400,Washington,3,3,Mount Vernon School District,6894,105516000,16415000,12933000,2644000,838000,0,3534000
5305430,Washington,3,3,Mukilteo School District,16070,260135000,38952000,26742000,10807000,1199000,0,9494000
5305460,Washington,3,3,Naches Valley School District,1293,17133000,1766000,1195000,339000,188000,0,432000
5305490,Washington,3,3,Napavine School District,852,9879000,1176000,737000,63000,5000,0,207000
5305550,Washington,1,3,Nespelem School District #14,157,3154000,370000,208000,143000,0,0,59000
5305610,Washington,3,3,Newport School District,1136,15079000,1766000,1285000,417000,64000,0,526000
5305640,Washington,3,3,Nine Mile Falls School District,1448,18744000,2218000,1395000,644000,166000,0,669000
5305670,Washington,3,3,Nooksack Valley School District,1969,26612000,3712000,2516000,975000,204000,0,745000
5305700,Washington,3,3,North Beach School District No. 64,738,11509000,1531000,1084000,220000,215000,0,451000
5305730,Washington,3,3,North Franklin School District,2168,28590000,2995000,2025000,692000,253000,0,868000
5305760,Washington,3,3,North Kitsap School District,6070,84652000,13007000,8837000,3498000,583000,0,2857000
5305790,Washington,3,3,North Mason School District,2394,34868000,4299000,2536000,1333000,327000,0,882000
5305820,Washington,3,3,North River School District,70,2251000,109000,104000,5000,0,0,47000
5305850,Washington,3,3,North Thurston Public Schools,15634,218383000,36567000,26405000,7888000,2063000,0,9318000
5305880,Washington,3,3,Northport School District,186,3803000,313000,285000,5000,23000,0,91000
5305910,Washington,3,3,Northshore School District,23915,344273000,64398000,47476000,13169000,3080000,0,14209000
5305940,Washington,3,3,Oak Harbor School District,6128,87217000,15500000,11355000,3040000,1035000,0,4533000
5305970,Washington,3,3,Oakesdale School District,144,3200000,144000,101000,15000,28000,0,47000
5306000,Washington,3,3,Oakville School District,285,4411000,334000,297000,27000,0,0,107000
5306090,Washington,3,3,Ocosta School District,636,10059000,1212000,938000,181000,93000,0,430000
5306120,Washington,3,3,Odessa School District,252,4201000,248000,238000,8000,0,0,58000
5306150,Washington,3,3,Okanogan School District,1158,15783000,1953000,1600000,119000,226000,0,483000
5306180,Washington,3,3,Olympia School District,10057,141989000,25442000,18728000,5453000,1175000,0,5830000
5306220,Washington,3,3,Omak School District,5483,64340000,8483000,7510000,659000,305000,0,3417000
5306240,Washington,3,3,Onalaska School District,860,11266000,841000,815000,0,18000,0,192000
5306300,Washington,3,3,Orcas Island School District,826,11700000,1582000,1173000,329000,81000,0,327000
5306330,Washington,1,3,Orchard Prairie School District,78,1088000,134000,125000,9000,1000,0,69000
5306390,Washington,1,3,Orondo School District,204,3336000,213000,0,0,0,0,0
5306420,Washington,3,3,Oroville School District,582,8516000,929000,700000,141000,80000,0,195000
5306450,Washington,3,3,Orting School District,2772,34720000,5788000,3820000,1421000,352000,0,1474000
5306480,Washington,3,3,Othello School District,4804,62889000,6884000,4209000,2250000,392000,0,1745000
5306540,Washington,3,3,Palouse School District,199,3271000,293000,252000,41000,0,0,87000
5306570,Washington,3,3,Pasco School District,19209,255075000,30700000,22356000,7179000,1165000,0,9451000
5306600,Washington,3,3,Pateros School District,318,5589000,502000,354000,136000,11000,0,90000
5306630,Washington,1,3,Paterson School District,117,2085000,165000,84000,40000,41000,0,39000
5306660,Washington,3,3,Pe Ell School District,293,4990000,470000,384000,0,0,0,82000
5306690,Washington,3,3,Peninsula School District,9545,135818000,21863000,13841000,6904000,938000,0,4498000
5306750,Washington,1,3,Pioneer School District,797,11945000,2049000,1192000,600000,256000,0,366000
5306780,Washington,3,3,Pomeroy School District,357,5310000,613000,491000,88000,34000,0,191000
5306820,Washington,3,3,Port Angeles School District,3762,53693000,8384000,6195000,1925000,236000,0,2078000
5306840,Washington,3,3,Port Townsend School District,1237,18374000,2747000,2031000,500000,215000,0,724000
5306870,Washington,3,3,Prescott School District,255,4450000,302000,281000,20000,1000,0,70000
5306900,Washington,3,3,Prosser School District,2661,37895000,4291000,3066000,867000,346000,0,862000
5306930,Washington,3,3,Pullman School District,2797,35450000,4153000,2745000,935000,424000,0,954000
5306960,Washington,3,3,Puyallup School District,23563,314493000,42603000,30927000,9917000,1754000,0,11875000
5306990,Washington,3,3,Quilcene School District,608,8168000,698000,567000,38000,91000,0,164000
5307020,Washington,3,3,Quillayute Valley School District,3378,40225000,5391000,4821000,255000,310000,0,684000
5307050,Washington,3,3,Lake Quinault School District,213,3306000,344000,0,0,0,0,0
5307080,Washington,3,3,Quincy School District,3034,46026000,4802000,3272000,1072000,458000,0,953000
5307110,Washington,3,3,Rainier School District,922,11604000,1275000,755000,433000,84000,0,289000
5307140,Washington,3,3,Raymond School District,599,8815000,1094000,619000,358000,72000,0,191000
5307210,Washington,3,3,Reardan-Edwall School District,688,8524000,866000,569000,202000,91000,0,221000
5307230,Washington,3,3,Renton School District,16189,259633000,44425000,30711000,9945000,2668000,0,9301000
5307260,Washington,3,3,Republic School District,346,5766000,524000,404000,116000,3000,0,198000
5307320,Washington,3,3,Richland School District,14221,178761000,21690000,15096000,4871000,1693000,0,6399000
5307350,Washington,3,3,Ridgefield School District,3499,41810000,4892000,3009000,1299000,481000,0,1225000
5307380,Washington,3,3,Ritzville School District,378,5335000,364000,355000,8000,0,0,79000
5307440,Washington,3,3,Riverside School District,1554,19925000,2656000,1856000,731000,53000,0,850000
5307470,Washington,3,3,Rochester School District,2238,31149000,4951000,3522000,1269000,160000,0,1365000
5307560,Washington,3,3,Rosalia School District,219,3824000,263000,219000,27000,16000,0,42000
5307620,Washington,3,3,Royal School District,1765,24394000,2126000,1520000,429000,168000,0,408000
5307650,Washington,3,3,San Juan Island School District,816,12448000,2182000,1526000,460000,186000,0,384000
5307680,Washington,1,3,Satsop School District,60,772000,124000,96000,28000,0,0,35000
5307710,Washington,3,3,Seattle School District No. 1,55986,965736000,185488000,147234000,29371000,8153000,0,50182000
5307740,Washington,3,3,Sedro-Woolley School District,4688,73049000,13020000,9195000,2911000,728000,0,3044000
5307770,Washington,3,3,Selah School District,3910,48250000,6041000,4482000,1178000,381000,0,1615000
5307800,Washington,3,3,Selkirk School District,283,4847000,478000,276000,201000,0,0,100000
5307830,Washington,3,3,Sequim School District,2750,39303000,6205000,4300000,1518000,356000,0,1489000
5307900,Washington,3,3,Shelton School District,4728,65402000,9350000,7226000,1598000,526000,0,2479000
5307920,Washington,3,3,Shoreline School District,10223,155235000,24760000,17314000,5673000,1285000,0,5627000
5307950,Washington,1,3,Skamania School District,70,1077000,118000,0,0,0,0,0
5307980,Washington,3,3,Skykomish School District,58,2543000,278000,237000,41000,0,0,110000
5308020,Washington,3,3,Snohomish School District,10079,144072000,21968000,15061000,5188000,1106000,0,5351000
5308040,Washington,3,3,Snoqualmie Valley School District,7354,99015000,13882000,9810000,2984000,953000,0,3341000
5308070,Washington,3,3,Soap Lake School District,576,8039000,747000,605000,53000,82000,0,194000
5308100,Washington,3,3,South Bend School District,639,9814000,1159000,876000,156000,123000,0,205000
5308130,Washington,3,3,Tukwila School District,3022,48368000,6234000,4790000,1176000,268000,0,1521000
5308160,Washington,3,3,South Kitsap School District,9981,149744000,23702000,17399000,5362000,941000,0,6346000
5308190,Washington,3,3,South Whidbey School District,1358,19823000,2933000,2114000,612000,196000,0,700000
5308220,Washington,1,3,Southside School District,201,2828000,307000,178000,0,0,0,77000
5308250,Washington,3,3,Spokane School District,30464,422452000,64561000,47981000,13608000,2630000,0,16672000
5308280,Washington,3,3,Sprague School District,79,2168000,122000,117000,5000,0,0,81000
5308310,Washington,3,3,St. John School District,155,3213000,153000,153000,0,0,0,56000
5308340,Washington,3,3,Stanwood-Camano School District,4883,69157000,11838000,8702000,2465000,601000,0,2593000
5308460,Washington,3,3,Steilacoom Hist. School District,3426,44854000,5866000,4460000,996000,333000,0,1609000
5308490,Washington,1,3,Steptoe School District,69,763000,25000,23000,0,2000,0,17000
5308550,Washington,3,3,Sultan School District,1988,30534000,5239000,4984000,0,215000,0,1242000
5308580,Washington,1,3,Summit Valley School District,84,1028000,111000,64000,27000,20000,0,7000
5308610,Washington,3,3,Sumner School District,10302,128044000,18454000,12905000,4717000,532000,0,4650000
5308670,Washington,3,3,Sunnyside School District,6799,97602000,11553000,7483000,3153000,835000,0,3060000
5308700,Washington,3,3,Tacoma School District,30330,465124000,63633000,42652000,17434000,3054000,0,17149000
5308730,Washington,3,3,Taholah School District,178,4622000,405000,302000,95000,8000,0,152000
5308760,Washington,3,3,Tahoma School District,9292,118987000,17908000,13930000,3338000,590000,0,4400000
5308790,Washington,3,3,Tekoa School District,232,3868000,460000,320000,107000,34000,0,120000
5308820,Washington,3,3,Tenino School District,1348,17490000,2532000,1887000,428000,168000,0,610000
5308850,Washington,3,3,Thorp School District,243,3984000,411000,256000,107000,40000,0,108000
5308910,Washington,3,3,Toledo School District,865,11237000,1590000,1492000,35000,5000,0,519000
5308940,Washington,3,3,Tonasket School District,1160,15326000,1388000,1095000,179000,108000,0,272000
5308970,Washington,3,3,Toppenish School District,4466,61773000,6197000,3904000,1613000,645000,0,1369000
5309000,Washington,3,3,Touchet School District,225,4144000,244000,239000,0,5000,0,104000
5309030,Washington,3,3,Toutle Lake School District,695,8789000,994000,0,0,0,0,0
5309060,Washington,3,3,Trout Lake School District,224,3318000,214000,0,0,0,0,0
5309100,Washington,3,3,Tumwater School District,6495,91584000,11337000,7741000,2706000,748000,0,3402000
5309150,Washington,1,3,Union Gap School District,663,7965000,771000,460000,272000,36000,0,223000
5309180,Washington,3,3,University Place School District,5759,75712000,10331000,6757000,2501000,754000,0,2427000
5309240,Washington,3,3,Valley School District,1118,11501000,1020000,626000,279000,51000,0,221000
5309270,Washington,3,3,Vancouver School District,23355,334002000,45975000,31707000,9292000,2881000,0,11347000
5309300,Washington,3,3,Vashon Island School District,1529,23728000,2938000,1972000,748000,210000,0,677000
5309360,Washington,3,3,Wahluke School District,2583,37165000,3795000,2481000,956000,348000,0,883000
5309390,Washington,3,3,Waitsburg School District,296,4296000,220000,137000,42000,40000,0,59000
5309450,Washington,3,3,Walla Walla Public Schools,5865,80735000,9234000,6430000,2190000,602000,0,2206000
5309480,Washington,3,3,Wapato School District,3443,49190000,4883000,3114000,1452000,308000,0,1127000
5309510,Washington,3,3,Warden School District,961,13567000,1604000,1035000,369000,193000,0,419000
5309540,Washington,3,3,Washougal School District,3225,44726000,6890000,4845000,1506000,496000,0,1549000
5309570,Washington,3,3,Washtucna School District,61,2180000,65000,65000,0,0,0,32000
5309600,Washington,3,3,Waterville School District,270,4422000,443000,0,0,0,0,0
5309630,Washington,3,3,Wellpinit School District #49,425,9971000,878000,674000,168000,19000,0,208000
5309660,Washington,3,3,Wenatchee School District,7805,109687000,13339000,9365000,2955000,913000,0,3410000
5309690,Washington,3,3,West Valley School District (Spokane),3740,46285000,5932000,4340000,1244000,340000,0,1527000
5309720,Washington,3,3,West Valley School District (Yakima),5615,69998000,9248000,5042000,2743000,1427000,0,2212000
5309750,Washington,3,3,White Pass School District,408,6469000,420000,416000,0,1000,0,155000
5309780,Washington,3,3,White River School District,4165,52986000,7822000,5162000,2039000,445000,0,1912000
5309840,Washington,3,3,Wilbur School District,232,3862000,358000,358000,0,0,0,139000
5309870,Washington,3,3,Willapa Valley School District,399,6467000,765000,714000,51000,0,0,193000
5309900,Washington,3,3,Wilson Creek School District,164,3123000,174000,131000,23000,20000,0,72000
5309930,Washington,3,3,Winlock School District,739,9814000,1294000,840000,53000,0,0,257000
5309990,Washington,3,3,Wishkah Valley School District,160,3589000,233000,201000,28000,3000,0,62000
5310020,Washington,3,3,Wishram School District,72,2139000,106000,0,0,0,0,0
5310050,Washington,3,3,Woodland School District,2533,37566000,5005000,3862000,811000,279000,0,981000
5310110,Washington,3,3,Yakima School District,16400,224868000,34425000,23474000,8961000,1770000,0,8737000
5310140,Washington,3,3,Yelm School District,5888,77429000,11859000,8532000,2596000,718000,0,2590000
5310170,Washington,3,3,Zillah School District,1332,16741000,1746000,1471000,200000,72000,0,436000
5400030,West Virginia,3,3,BARBOUR COUNTY BOARD OF EDUCATION,2266,24406000,3005000,2256000,540000,121000,83000,1402000
5400060,West Virginia,3,3,BERKELEY COUNTY SCHOOLS,19700,216942000,40904000,27950000,5357000,1178000,6418000,12841000
5400090,West Virginia,3,3,BOONE COUNTY  SCHOOLS,3674,47635000,7386000,5181000,1677000,27000,287000,2926000
5400120,West Virginia,3,3,BRAXTON COUNTY SCHOOLS,1935,22256000,2583000,1889000,592000,101000,0,1084000
5400150,West Virginia,3,3,BROOKE COUNTY SCHOOLS,2691,38535000,6373000,4073000,1250000,318000,732000,2089000
5400180,West Virginia,3,3,CABELL COUNTY SCHOOLS,12189,152968000,18379000,13366000,2843000,680000,1485000,6755000
5400210,West Virginia,3,3,CALHOUN COUNTY SCHOOLS,937,12199000,850000,624000,146000,80000,0,410000
5400240,West Virginia,3,3,CLAY COUNTY SCHOOLS,1813,22797000,2173000,1550000,513000,111000,0,817000
5400270,West Virginia,3,3,DODDRIDGE COUNTY SCHOOLS,1121,24856000,2862000,2095000,510000,70000,132000,1060000
5400300,West Virginia,3,3,FAYETTE COUNTY SCHOOLS,6064,73566000,9472000,7273000,1360000,2000,518000,3963000
5400330,West Virginia,3,3,GILMER COUNTY SCHOOLS,806,11834000,1331000,1059000,170000,99000,2000,456000
5400360,West Virginia,3,3,GRANT COUNTY SCHOOLS,1619,16981000,1829000,1551000,229000,50000,0,744000
5400390,West Virginia,3,3,GREENBRIER COUNTY SCHOOLS,4807,61027000,7968000,7824000,96000,0,0,3725000
5400420,West Virginia,3,3,HAMPSHIRE COUNTY SCHOOLS,2968,34282000,5424000,4436000,732000,180000,26000,2077000
5400450,West Virginia,3,3,HANCOCK COUNTY SCHOOLS,3985,47734000,7936000,6339000,780000,201000,616000,3698000
5400480,West Virginia,3,3,HARDY COUNTY SCHOOLS,2272,25076000,2484000,1785000,556000,143000,0,790000
5400510,West Virginia,3,3,HARRISON COUNTY SCHOOLS,10593,132510000,20035000,15174000,2938000,630000,1280000,7126000
5400540,West Virginia,3,3,JACKSON COUNTY SCHOOLS,4489,54450000,7734000,5380000,1804000,200000,350000,2964000
5400570,West Virginia,3,3,JEFFERSON COUNTY SCHOOLS,8954,107984000,15180000,10341000,3492000,209000,1138000,4403000
5400600,West Virginia,3,3,KANAWHA COUNTY SCHOOLS,25429,315336000,37666000,33648000,1919000,2025000,0,18960000
5400630,West Virginia,3,3,LEWIS COUNTY SCHOOLS,2578,29830000,3738000,2955000,421000,225000,138000,1508000
5400660,West Virginia,3,3,LINCOLN COUNTY SCHOOLS,3312,42513000,5287000,3692000,1046000,145000,405000,1808000
5400690,West Virginia,3,3,LOGAN COUNTY SCHOOLS,5507,68568000,7744000,6832000,392000,307000,213000,3568000
5400720,West Virginia,3,3,MARION COUNTY SCHOOLS,7965,100210000,12170000,10860000,901000,286000,0,5103000
5400750,West Virginia,3,3,MARSHALL COUNTY SCHOOLS,4460,69040000,6629000,5562000,876000,191000,0,2270000
5400780,West Virginia,3,3,MASON COUNTY SCHOOLS,3935,48203000,5743000,5044000,533000,166000,0,2512000
5400810,West Virginia,3,3,MCDOWELL COUNTY SCHOOLS,2901,39660000,5163000,3835000,618000,280000,423000,2170000
5400840,West Virginia,3,3,MERCER COUNTY SCHOOLS,8785,101884000,13247000,9864000,2068000,595000,691000,5787000
5400870,West Virginia,3,3,MINERAL COUNTY SCHOOLS,4094,49061000,6193000,4481000,1222000,116000,277000,2197000
5400900,West Virginia,3,3,MINGO COUNTY SCHOOLS,4130,48500000,5539000,4305000,877000,168000,172000,2208000
5400930,West Virginia,3,3,MONONGALIA COUNTY SCHOOLS,11739,142250000,22525000,17531000,2848000,362000,1784000,9066000
5400960,West Virginia,3,3,MONROE COUNTY SCHOOLS,1702,21180000,1649000,1172000,384000,51000,0,721000
5400990,West Virginia,3,3,MORGAN COUNTY SCHOOLS,2245,26499000,3124000,2142000,605000,131000,189000,1205000
5401020,West Virginia,3,3,NICHOLAS COUNTY SCHOOLS,3634,43815000,5116000,4345000,505000,266000,0,1922000
5401050,West Virginia,3,3,OHIO COUNTY SCHOOLS,5269,72109000,8547000,6782000,1430000,326000,9000,2970000
5401080,West Virginia,3,3,PENDLETON COUNTY SCHOOLS,864,13824000,1651000,1254000,294000,95000,0,599000
5401110,West Virginia,3,3,PLEASANTS COUNTY SCHOOLS,1094,15657000,1939000,1468000,340000,8000,122000,782000
5401140,West Virginia,3,3,POCAHONTAS COUNTY SCHOOLS,982,15340000,1864000,1471000,228000,165000,0,663000
5401170,West Virginia,3,3,PRESTON COUNTY SCHOOLS,4384,46807000,5836000,4469000,1034000,295000,25000,2790000
5401200,West Virginia,3,3,PUTNAM COUNTY SCHOOLS,9482,112471000,14541000,10779000,2078000,333000,1351000,6499000
5401230,West Virginia,3,3,RALEIGH COUNTY SCHOOLS,11461,137312000,18194000,13278000,2077000,764000,1774000,6901000
5401260,West Virginia,3,3,RANDOLPH COUNTY SCHOOLS,3870,42781000,4743000,3810000,839000,18000,0,2207000
5401290,West Virginia,3,3,RITCHIE COUNTY SCHOOLS,1341,17778000,2199000,1830000,351000,18000,1000,973000
5401320,West Virginia,3,3,ROANE COUNTY SCHOOLS,2013,23204000,2945000,2253000,457000,141000,94000,1226000
5401350,West Virginia,3,3,SUMMERS COUNTY SCHOOLS,1451,16562000,1578000,1324000,132000,122000,0,761000
5401380,West Virginia,3,3,TAYLOR COUNTY SCHOOLS,2414,27751000,3708000,2681000,591000,173000,196000,1452000
5401410,West Virginia,3,3,TUCKER COUNTY SCHOOLS,976,12468000,1599000,1292000,158000,9000,0,733000
5401440,West Virginia,3,3,TYLER COUNTY SCHOOLS,1237,22609000,2867000,1999000,691000,50000,92000,1134000
5401470,West Virginia,3,3,UPSHUR COUNTY SCHOOLS,3825,43997000,4863000,3523000,1008000,232000,100000,2000000
5401500,West Virginia,3,3,WAYNE COUNTY SCHOOLS,6702,79091000,11512000,9045000,820000,1640000,7000,4742000
5401530,West Virginia,3,3,WEBSTER COUNTY SCHOOLS,1276,15661000,1311000,980000,160000,41000,94000,515000
5401560,West Virginia,3,3,WETZEL COUNTY SCHOOLS,2459,44107000,6386000,4460000,1141000,268000,516000,2363000
5401590,West Virginia,3,3,WIRT COUNTY SCHOOLS,997,13214000,1311000,1034000,156000,118000,3000,626000
5401620,West Virginia,3,3,WOOD COUNTY SCHOOLS,12238,146020000,26115000,18147000,4495000,648000,1898000,10691000
5401650,West Virginia,3,3,WYOMING COUNTY SCHOOLS,3852,45874000,6373000,5414000,627000,237000,95000,2967000
5600730,Wyoming,3,2,Albany County School District #1,4067,63244000,11369000,0,0,0,0,3254000
5600960,Wyoming,3,2,Fremont County School District #38,427,14464000,1943000,0,0,0,0,578000
5601030,Wyoming,3,3,Carbon County School District #1,1755,29486000,4099000,0,0,0,0,1375000
5601090,Wyoming,3,3,Big Horn County School District #4,254,6704000,1188000,0,0,0,0,504000
5601260,Wyoming,3,3,Sublette County School District #9,520,9740000,1006000,0,0,0,0,429000
5601420,Wyoming,3,3,Big Horn County School District #1,1120,19188000,2773000,0,0,0,0,1145000
5601460,Wyoming,3,3,Big Horn County School District #2,718,11849000,1565000,0,0,0,0,477000
5601470,Wyoming,3,3,Campbell County School District #1,8877,141542000,19757000,0,0,0,0,5935000
5601700,Wyoming,3,3,Carbon County School District #2,575,15169000,1922000,0,0,0,0,432000
5601980,Wyoming,3,2,Laramie County School District #1,14421,225369000,33572000,0,0,0,0,11998000
5602070,Wyoming,3,3,Park County School District # 6,2034,32750000,5838000,0,0,0,0,2323000
5602140,Wyoming,3,3,Converse County School District #1,1782,29945000,6728000,0,0,0,0,2885000
5602150,Wyoming,3,3,Converse County School District #2,636,11464000,1490000,0,0,0,0,391000
5602370,Wyoming,3,3,Crook County School District #1,1201,22631000,2960000,0,0,0,0,746000
5602670,Wyoming,3,3,Fremont County School District # 2,150,4559000,408000,0,0,0,0,149000
5602760,Wyoming,3,3,Uinta County School District #1,2764,43219000,5920000,0,0,0,0,2799000
5602820,Wyoming,3,3,Fremont County School District #21,457,16772000,1813000,0,0,0,0,1017000
5602830,Wyoming,3,3,Fremont County School District # 6,382,9092000,1114000,0,0,0,0,421000
5602870,Wyoming,3,3,Fremont County School District # 1,1842,30908000,5373000,0,0,0,0,3308000
5602990,Wyoming,3,3,Goshen County School District #1,1660,32967000,4761000,0,0,0,0,1373000
5603170,Wyoming,3,3,Big Horn County School District #3,444,9449000,1677000,0,0,0,0,766000
5603180,Wyoming,3,3,Platte County School District #2,247,6165000,826000,0,0,0,0,160000
5603310,Wyoming,3,3,Hot Springs County School District #1,659,11234000,1734000,0,0,0,0,576000
5603770,Wyoming,3,3,Johnson County School District #1,1269,22990000,2770000,0,0,0,0,1137000
5604030,Wyoming,3,3,Lincoln County School District #1,626,10694000,1788000,0,0,0,0,596000
5604060,Wyoming,3,3,Lincoln County School District #2,2984,44281000,7857000,0,0,0,0,2845000
5604120,Wyoming,3,3,Laramie County School District #2,1059,19200000,2850000,0,0,0,0,703000
5604230,Wyoming,3,3,Niobrara County School District #1,790,12601000,1853000,0,0,0,0,583000
5604260,Wyoming,3,3,Uinta County School District #6,720,12740000,2233000,0,0,0,0,548000
5604380,Wyoming,3,3,Park County School District #16,100,3377000,323000,0,0,0,0,27000
5604450,Wyoming,3,3,Fremont County School District #14,672,18124000,2089000,0,0,0,0,772000
5604500,Wyoming,3,3,Uinta County School District #4,825,13617000,2229000,0,0,0,0,823000
5604510,Wyoming,3,3,Natrona County School District #1,13330,202790000,30595000,0,0,0,0,10644000
5604830,Wyoming,3,3,Weston County School District #1,810,13656000,1928000,0,0,0,0,706000
5604860,Wyoming,3,3,Sublette County School District #1,1120,19365000,2505000,0,0,0,0,814000
5605090,Wyoming,3,3,Platte County School District #1,997,19344000,3171000,0,0,0,0,1274000
5605160,Wyoming,3,3,Park County School District # 1,1821,30186000,4368000,0,0,0,0,1688000
5605220,Wyoming,3,3,Fremont County School District #25,2486,42247000,8826000,0,0,0,0,2559000
5605302,Wyoming,3,3,Sweetwater County School District #1,5479,80556000,13335000,0,0,0,0,5828000
5605680,Wyoming,3,3,Sheridan County School District #3,89,3638000,162000,0,0,0,0,50000
5605690,Wyoming,3,3,Sheridan County School District #1,1093,15964000,1236000,0,0,0,0,587000
5605695,Wyoming,3,3,Sheridan County School District #2,3579,51350000,5231000,0,0,0,0,1947000
5605700,Wyoming,3,3,Fremont County School District #24,392,8162000,954000,0,0,0,0,295000
5605762,Wyoming,3,3,Sweetwater County School District #2,2544,42288000,6334000,0,0,0,0,2580000
5605820,Wyoming,3,3,Washakie County School District #2,109,3206000,196000,0,0,0,0,82000
5605830,Wyoming,3,3,Teton County School District #1,2869,56931000,6509000,0,0,0,0,3925000
5606090,Wyoming,3,3,Weston County School District #7,235,6221000,816000,0,0,0,0,207000
5606240,Wyoming,3,3,Washakie County School District #1,1244,22101000,4164000,0,0,0,0,1328000
